,true_depths,predicted_depths
0,57.83000183105469,56.36784744262695
1,4.679999828338623,2.9912405014038086
2,5.449999809265137,4.509657859802246
3,28.25,28.173236846923828
4,8.579999923706055,7.289448261260986
5,44.54999923706055,43.59059524536133
6,21.1299991607666,19.915122985839844
7,38.52000045776367,37.67820358276367
8,14.010000228881836,13.373453140258789
9,25.950000762939453,25.06389617919922
10,28.469999313354492,26.672561645507812
11,26.719999313354492,25.565914154052734
12,24.799999237060547,23.838573455810547
13,46.400001525878906,43.326988220214844
14,13.850000381469727,13.400264739990234
15,41.060001373291016,40.06437683105469
16,19.200000762939453,18.030935287475586
17,10.029999732971191,9.153780937194824
18,19.06999969482422,18.251541137695312
19,40.91999816894531,39.66718673706055
20,1.0299999713897705,1.4128501415252686
21,53.099998474121094,52.5611457824707
22,34.33000183105469,33.166717529296875
23,30.399999618530273,29.621023178100586
24,42.790000915527344,41.5605354309082
25,14.199999809265137,13.677653312683105
26,45.790000915527344,43.92985916137695
27,50.290000915527344,49.34065628051758
28,30.829999923706055,30.526487350463867
29,51.470001220703125,50.38655471801758
30,34.90999984741211,33.49745178222656
31,37.349998474121094,38.0106315612793
32,13.180000305175781,12.45709228515625
33,13.949999809265137,13.155376434326172
34,11.859999656677246,11.295804023742676
35,32.20000076293945,30.880197525024414
36,9.220000267028809,8.39682388305664
37,29.959999084472656,28.232324600219727
38,27.579999923706055,27.181602478027344
39,39.20000076293945,38.0943489074707
40,52.900001525878906,51.821144104003906
41,2.5899999141693115,1.4283875226974487
42,40.189998626708984,40.85194778442383
43,16.229999542236328,15.148231506347656
44,39.150001525878906,38.42885208129883
45,21.06999969482422,19.533435821533203
46,6.159999847412109,4.8801422119140625
47,12.550000190734863,12.00688362121582
48,11.90999984741211,11.125306129455566
49,35.75,34.40049362182617
50,46.900001525878906,46.90413284301758
51,20.8700008392334,20.317237854003906
52,51.22999954223633,49.076480865478516
53,17.760000228881836,17.856159210205078
54,24.989999771118164,23.637666702270508
55,9.4399995803833,7.935288429260254
56,57.11000061035156,56.411293029785156
57,79.7699966430664,73.10733795166016
58,79.9800033569336,76.40729522705078
59,22.579999923706055,22.61256217956543
60,18.899999618530273,18.012361526489258
61,34.40999984741211,34.21708679199219
62,12.029999732971191,12.140199661254883
63,3.930000066757202,2.498309373855591
64,35.970001220703125,35.54664993286133
65,17.31999969482422,16.497318267822266
66,15.630000114440918,15.301544189453125
67,35.599998474121094,34.51262283325195
68,23.110000610351562,22.011682510375977
69,12.079999923706055,11.024418830871582
70,32.689998626708984,31.663593292236328
71,30.579999923706055,29.996244430541992
72,48.97999954223633,47.80663299560547
73,44.54999923706055,43.101314544677734
74,19.860000610351562,19.231246948242188
75,27.399999618530273,26.11040496826172
76,41.06999969482422,39.34722900390625
77,33.369998931884766,33.7818603515625
78,14.760000228881836,13.980895042419434
79,40.040000915527344,38.51484298706055
80,16.200000762939453,15.324167251586914
81,40.959999084472656,39.450130462646484
82,8.399999618530273,7.32089376449585
83,20.65999984741211,19.831832885742188
84,25.93000030517578,24.814800262451172
85,49.25,49.265838623046875
86,56.959999084472656,57.9653205871582
87,8.760000228881836,8.296123504638672
88,26.799999237060547,25.747114181518555
89,18.889999389648438,18.02547264099121
90,13.489999771118164,12.887946128845215
91,22.329999923706055,21.446884155273438
92,16.709999084472656,16.436899185180664
93,46.439998626708984,43.08875274658203
94,14.640000343322754,13.778962135314941
95,37.220001220703125,36.87540054321289
96,21.59000015258789,21.43045425415039
97,20.93000030517578,20.59494400024414
98,20.229999542236328,19.371458053588867
99,27.6200008392334,25.929931640625
100,49.060001373291016,48.38069152832031
101,16.90999984741211,16.82771873474121
102,18.420000076293945,17.499122619628906
103,56.36000061035156,54.94039535522461
104,25.760000228881836,24.79132080078125
105,39.59000015258789,39.03759002685547
106,67.2699966430664,68.9798355102539
107,21.719999313354492,19.76058006286621
108,13.800000190734863,11.895005226135254
109,38.369998931884766,37.484371185302734
110,42.27000045776367,41.83501052856445
111,28.239999771118164,27.280149459838867
112,20.760000228881836,19.796083450317383
113,20.43000030517578,20.26902198791504
114,9.430000305175781,8.525089263916016
115,71.66999816894531,69.82024383544922
116,42.599998474121094,42.61443328857422
117,42.95000076293945,39.9698600769043
118,33.5,31.927764892578125
119,26.200000762939453,24.513504028320312
120,32.5,32.05677795410156
121,25.649999618530273,23.885051727294922
122,22.299999237060547,21.848731994628906
123,14.020000457763672,13.386117935180664
124,43.97999954223633,42.7966194152832
125,7.21999979019165,6.564830780029297
126,25.520000457763672,24.659400939941406
127,15.010000228881836,14.801502227783203
128,67.5199966430664,67.00727844238281
129,41.529998779296875,40.92949676513672
130,71.0199966430664,71.90839385986328
131,17.75,16.60898780822754
132,15.100000381469727,14.434525489807129
133,44.060001373291016,42.014739990234375
134,7.739999771118164,6.635157108306885
135,5.070000171661377,4.609617233276367
136,6.079999923706055,4.635558605194092
137,11.739999771118164,10.751672744750977
138,16.809999465942383,15.987123489379883
139,7.230000019073486,6.1624555587768555
140,74.5199966430664,71.41146850585938
141,6.980000019073486,6.109493255615234
142,35.9900016784668,35.171817779541016
143,8.869999885559082,7.167534828186035
144,34.060001373291016,32.84196090698242
145,31.549999237060547,31.12972640991211
146,10.5,10.028631210327148
147,31.75,30.730945587158203
148,15.270000457763672,14.602161407470703
149,36.869998931884766,35.65365982055664
150,42.279998779296875,42.48798751831055
151,5.449999809265137,3.8454949855804443
152,36.470001220703125,35.97220993041992
153,11.710000038146973,10.93428897857666
154,6.800000190734863,6.1273932456970215
155,42.040000915527344,39.44569396972656
156,23.420000076293945,22.27242660522461
157,34.56999969482422,34.04435348510742
158,16.989999771118164,16.22677993774414
159,9.960000038146973,8.625003814697266
160,23.0,22.263526916503906
161,32.2599983215332,29.71771240234375
162,27.1299991607666,26.447242736816406
163,31.40999984741211,29.898954391479492
164,29.829999923706055,28.550662994384766
165,25.559999465942383,24.737695693969727
166,12.489999771118164,11.855942726135254
167,6.190000057220459,4.817395210266113
168,18.81999969482422,18.114030838012695
169,54.63999938964844,55.77590560913086
170,33.9900016784668,32.35842514038086
171,17.579999923706055,16.599117279052734
172,26.81999969482422,25.5922908782959
173,6.199999809265137,4.658198356628418
174,35.45000076293945,34.22423553466797
175,8.170000076293945,6.9754509925842285
176,17.940000534057617,17.549774169921875
177,28.559999465942383,28.000898361206055
178,9.869999885559082,9.06110954284668
179,25.700000762939453,24.979522705078125
180,17.149999618530273,16.69148063659668
181,70.11000061035156,67.19319915771484
182,46.7400016784668,42.727386474609375
183,43.310001373291016,41.62090301513672
184,24.510000228881836,23.198026657104492
185,1.409999966621399,1.1063203811645508
186,12.680000305175781,12.097623825073242
187,45.5099983215332,44.08548355102539
188,11.569999694824219,10.677242279052734
189,23.3799991607666,22.05923843383789
190,33.119998931884766,31.769622802734375
191,8.279999732971191,7.307492256164551
192,41.83000183105469,40.37853240966797
193,46.189998626708984,44.90378189086914
194,34.290000915527344,33.2457389831543
195,21.299999237060547,20.703123092651367
196,11.050000190734863,10.25554370880127
197,7.110000133514404,6.035202503204346
198,39.720001220703125,38.476417541503906
199,71.87999725341797,70.64073181152344
200,37.9900016784668,37.034393310546875
201,30.09000015258789,28.970129013061523
202,23.520000457763672,22.475238800048828
203,63.61000061035156,62.34794998168945
204,24.31999969482422,23.54096031188965
205,39.630001068115234,37.90161895751953
206,43.54999923706055,43.5114631652832
207,50.59000015258789,49.54341125488281
208,17.940000534057617,16.65746307373047
209,9.289999961853027,7.910557270050049
210,8.800000190734863,7.702732086181641
211,1.9800000190734863,2.4785242080688477
212,58.150001525878906,57.424556732177734
213,39.66999816894531,39.528690338134766
214,28.940000534057617,27.72671127319336
215,54.119998931884766,54.14058303833008
216,47.5099983215332,45.767757415771484
217,37.29999923706055,36.43403625488281
218,74.47000122070312,72.62210083007812
219,3.25,1.814489722251892
220,34.9900016784668,33.97248458862305
221,16.329999923706055,15.815988540649414
222,13.1899995803833,12.368048667907715
223,8.649999618530273,7.307364463806152
224,2.5999999046325684,2.400099992752075
225,33.65999984741211,33.691890716552734
226,24.829999923706055,23.819759368896484
227,4.320000171661377,2.6806631088256836
228,6.739999771118164,5.821996212005615
229,8.369999885559082,7.053983688354492
230,42.060001373291016,40.22854995727539
231,47.02000045776367,46.39982986450195
232,34.060001373291016,32.68192672729492
233,21.440000534057617,20.481840133666992
234,12.989999771118164,12.000112533569336
235,38.7599983215332,37.52717590332031
236,13.350000381469727,12.226910591125488
237,12.109999656677246,12.012712478637695
238,27.549999237060547,26.78186798095703
239,5.0,4.05631685256958
240,27.790000915527344,26.043352127075195
241,30.100000381469727,29.011798858642578
242,38.2599983215332,38.09602737426758
243,15.25,14.294835090637207
244,19.350000381469727,18.500125885009766
245,45.93000030517578,42.364280700683594
246,63.08000183105469,61.105682373046875
247,25.1299991607666,24.378618240356445
248,45.43000030517578,42.79165267944336
249,46.04999923706055,47.4187126159668
250,6.900000095367432,5.924989700317383
251,51.15999984741211,51.1484260559082
252,15.369999885559082,14.65926742553711
253,16.5,16.07625961303711
254,51.70000076293945,51.523128509521484
255,39.720001220703125,39.40568161010742
256,27.610000610351562,26.405479431152344
257,42.58000183105469,41.09502410888672
258,2.1600000858306885,2.3769919872283936
259,25.850000381469727,25.6624698638916
260,31.40999984741211,30.784887313842773
261,20.520000457763672,19.374370574951172
262,6.559999942779541,4.992763519287109
263,11.930000305175781,10.884870529174805
264,3.2699999809265137,2.354031801223755
265,19.780000686645508,19.051025390625
266,16.649999618530273,15.955575942993164
267,35.0,34.10014724731445
268,32.119998931884766,31.5399169921875
269,27.540000915527344,26.25322723388672
270,34.47999954223633,34.47809982299805
271,32.81999969482422,31.389122009277344
272,27.6200008392334,25.81873321533203
273,9.279999732971191,8.618152618408203
274,21.6299991607666,20.254901885986328
275,3.690000057220459,5.630037784576416
276,46.27000045776367,45.902530670166016
277,33.279998779296875,32.173274993896484
278,17.56999969482422,16.836484909057617
279,17.31999969482422,17.133020401000977
280,49.56999969482422,47.58916473388672
281,10.569999694824219,10.280447006225586
282,6.900000095367432,5.668943405151367
283,34.56999969482422,33.75089645385742
284,32.470001220703125,32.182220458984375
285,39.43000030517578,37.75995635986328
286,29.559999465942383,28.93115234375
287,8.609999656677246,7.673161029815674
288,30.489999771118164,30.242862701416016
289,53.650001525878906,52.36293411254883
290,53.029998779296875,52.32375717163086
291,28.520000457763672,27.493896484375
292,23.8700008392334,22.893909454345703
293,15.279999732971191,14.52007007598877
294,21.329999923706055,20.053178787231445
295,28.770000457763672,27.990108489990234
296,43.58000183105469,42.57701873779297
297,43.0099983215332,43.009952545166016
298,14.449999809265137,14.295369148254395
299,25.329999923706055,24.618749618530273
300,31.3799991607666,31.13250732421875
301,32.310001373291016,31.997711181640625
302,28.610000610351562,27.673967361450195
303,23.989999771118164,23.193391799926758
304,19.75,18.54572296142578
305,25.149999618530273,23.813203811645508
306,20.959999084472656,20.5053768157959
307,38.08000183105469,35.894287109375
308,10.9399995803833,10.598636627197266
309,40.5,39.85966110229492
310,35.20000076293945,34.27032470703125
311,35.45000076293945,34.55198287963867
312,37.310001373291016,37.318416595458984
313,65.68000030517578,67.2099838256836
314,3.0999999046325684,1.8225302696228027
315,43.95000076293945,42.10450744628906
316,3.630000114440918,2.4176766872406006
317,2.5199999809265137,1.5421658754348755
318,25.1299991607666,25.17400360107422
319,24.790000915527344,24.572267532348633
320,30.950000762939453,29.93604278564453
321,70.51000213623047,70.3158187866211
322,9.430000305175781,8.993890762329102
323,60.43000030517578,59.17087936401367
324,55.02000045776367,54.34456253051758
325,71.62000274658203,64.75642395019531
326,27.989999771118164,25.39395523071289
327,10.880000114440918,9.789786338806152
328,6.019999980926514,4.990970611572266
329,59.61000061035156,58.362396240234375
330,4.389999866485596,3.781515121459961
331,7.949999809265137,7.143519401550293
332,31.65999984741211,30.275272369384766
333,6.840000152587891,5.781059265136719
334,30.719999313354492,30.262802124023438
335,2.4600000381469727,1.8995994329452515
336,15.59000015258789,14.663256645202637
337,39.70000076293945,38.69282913208008
338,13.800000190734863,13.253423690795898
339,25.600000381469727,24.520612716674805
340,8.020000457763672,6.829530715942383
341,9.710000038146973,9.050393104553223
342,35.290000915527344,34.78889465332031
343,4.96999979019165,3.6402788162231445
344,48.84000015258789,47.45499038696289
345,24.219999313354492,23.68720054626465
346,27.959999084472656,27.324832916259766
347,15.270000457763672,14.507885932922363
348,8.779999732971191,7.721525192260742
349,13.34000015258789,12.14820671081543
350,36.400001525878906,35.07954788208008
351,18.270000457763672,17.31044578552246
352,34.59000015258789,33.99720764160156
353,20.1200008392334,19.71209716796875
354,53.77000045776367,50.741764068603516
355,61.7599983215332,64.72872924804688
356,36.029998779296875,35.04811477661133
357,2.4000000953674316,1.6275092363357544
358,40.02000045776367,39.48023986816406
359,40.16999816894531,39.138057708740234
360,25.8700008392334,25.719099044799805
361,3.8399999141693115,2.9675557613372803
362,21.170000076293945,20.04210662841797
363,68.0999984741211,67.25965118408203
364,45.400001525878906,43.49200439453125
365,9.4399995803833,7.689908504486084
366,21.56999969482422,21.115585327148438
367,15.279999732971191,14.57705307006836
368,10.829999923706055,9.967122077941895
369,26.110000610351562,25.384286880493164
370,15.699999809265137,14.171738624572754
371,9.3100004196167,8.068473815917969
372,32.599998474121094,32.650447845458984
373,29.010000228881836,27.640230178833008
374,21.270000457763672,20.30910301208496
375,58.18000030517578,55.76625442504883
376,14.59000015258789,14.384842872619629
377,42.599998474121094,40.775691986083984
378,25.700000762939453,24.27837371826172
379,8.84000015258789,7.87977409362793
380,35.9900016784668,35.07930374145508
381,36.84000015258789,36.30792999267578
382,23.0,21.934391021728516
383,3.259999990463257,2.3287606239318848
384,33.4900016784668,33.8654899597168
385,52.189998626708984,50.16188049316406
386,44.2400016784668,43.00261306762695
387,57.41999816894531,54.3941764831543
388,9.739999771118164,8.823101043701172
389,74.1500015258789,71.88410949707031
390,19.510000228881836,17.890636444091797
391,18.940000534057617,18.643291473388672
392,68.9000015258789,68.92452239990234
393,9.149999618530273,8.681827545166016
394,42.869998931884766,40.94463348388672
395,2.380000114440918,1.296648621559143
396,12.729999542236328,12.107154846191406
397,28.969999313354492,27.564804077148438
398,31.209999084472656,30.24690055847168
399,14.460000038146973,13.921746253967285
400,4.420000076293945,2.8930370807647705
401,18.420000076293945,18.519519805908203
402,24.309999465942383,24.06004524230957
403,72.93000030517578,71.9911117553711
404,13.75,12.868853569030762
405,4.900000095367432,3.4270377159118652
406,22.239999771118164,21.371355056762695
407,41.790000915527344,40.02840805053711
408,8.020000457763672,7.671980857849121
409,35.20000076293945,34.25282287597656
410,55.380001068115234,54.678707122802734
411,39.52000045776367,38.143672943115234
412,56.209999084472656,57.8799934387207
413,24.020000457763672,22.658344268798828
414,39.75,39.08267593383789
415,17.969999313354492,17.595176696777344
416,16.360000610351562,15.700471878051758
417,64.77999877929688,64.03673553466797
418,28.059999465942383,26.00651741027832
419,11.649999618530273,10.910113334655762
420,3.6700000762939453,4.7805609703063965
421,10.109999656677246,9.51830005645752
422,18.25,18.843669891357422
423,42.630001068115234,41.8726806640625
424,55.38999938964844,54.0377197265625
425,34.33000183105469,33.40744400024414
426,46.27000045776367,45.9020881652832
427,7.480000019073486,5.564944267272949
428,20.670000076293945,20.180282592773438
429,27.969999313354492,27.037260055541992
430,13.970000267028809,12.95452880859375
431,67.18000030517578,64.7234115600586
432,3.359999895095825,1.998089075088501
433,44.16999816894531,45.507816314697266
434,32.34000015258789,32.8720703125
435,17.739999771118164,17.328632354736328
436,12.729999542236328,11.759275436401367
437,14.449999809265137,13.567368507385254
438,44.349998474121094,42.795772552490234
439,27.959999084472656,27.53274917602539
440,10.199999809265137,9.72896957397461
441,23.860000610351562,21.985546112060547
442,20.219999313354492,19.662805557250977
443,33.709999084472656,33.06057357788086
444,25.760000228881836,25.51690101623535
445,19.3700008392334,18.49835968017578
446,12.529999732971191,11.607603073120117
447,11.600000381469727,11.117034912109375
448,17.889999389648438,17.206180572509766
449,36.119998931884766,33.73850631713867
450,40.720001220703125,41.03841781616211
451,13.0,12.721076011657715
452,46.81999969482422,46.3332405090332
453,10.970000267028809,9.761476516723633
454,17.200000762939453,16.568737030029297
455,43.52000045776367,42.151756286621094
456,28.280000686645508,27.53241539001465
457,19.040000915527344,18.51232147216797
458,38.380001068115234,37.60786819458008
459,45.470001220703125,43.501583099365234
460,18.600000381469727,18.022968292236328
461,33.650001525878906,32.61520767211914
462,35.790000915527344,35.31146240234375
463,23.8700008392334,22.714691162109375
464,10.90999984741211,10.144146919250488
465,10.420000076293945,9.169650077819824
466,44.959999084472656,42.36800765991211
467,44.43000030517578,42.53933334350586
468,21.420000076293945,20.433307647705078
469,20.670000076293945,19.950836181640625
470,40.02000045776367,37.59486770629883
471,60.119998931884766,57.78206253051758
472,8.600000381469727,7.638322353363037
473,20.920000076293945,19.55755615234375
474,27.719999313354492,27.289684295654297
475,17.110000610351562,15.86958122253418
476,5.650000095367432,4.521767616271973
477,33.88999938964844,32.759986877441406
478,79.30999755859375,78.6461181640625
479,29.829999923706055,28.832271575927734
480,20.329999923706055,20.465438842773438
481,23.479999542236328,22.53084945678711
482,20.59000015258789,20.04878044128418
483,35.68000030517578,34.648685455322266
484,5.489999771118164,3.869746685028076
485,12.25,11.548158645629883
486,37.91999816894531,37.29684829711914
487,38.95000076293945,37.92056655883789
488,27.309999465942383,25.706918716430664
489,7.630000114440918,6.59309196472168
490,56.06999969482422,54.067100524902344
491,23.899999618530273,22.400390625
492,9.609999656677246,9.222135543823242
493,7.809999942779541,6.923808574676514
494,50.880001068115234,46.61189270019531
495,36.439998626708984,36.899295806884766
496,20.969999313354492,20.2358455657959
497,39.27000045776367,39.01632308959961
498,42.279998779296875,41.665618896484375
499,18.1299991607666,16.804393768310547
500,8.329999923706055,7.224427700042725
501,46.7400016784668,45.69852828979492
502,20.280000686645508,20.3201961517334
503,10.329999923706055,9.716935157775879
504,33.790000915527344,32.34385681152344
505,21.06999969482422,20.806907653808594
506,24.8700008392334,25.181476593017578
507,2.5199999809265137,1.3049430847167969
508,37.72999954223633,37.43041229248047
509,54.189998626708984,54.896907806396484
510,23.899999618530273,22.997180938720703
511,6.730000019073486,5.706360340118408
512,20.329999923706055,19.460002899169922
513,29.020000457763672,28.88007926940918
514,39.9900016784668,39.6207389831543
515,76.31999969482422,68.16035461425781
516,15.09000015258789,14.568161964416504
517,28.989999771118164,29.57127571105957
518,38.75,37.700157165527344
519,13.260000228881836,12.395591735839844
520,36.84000015258789,36.60803985595703
521,58.0099983215332,59.413978576660156
522,47.939998626708984,45.73704528808594
523,17.15999984741211,16.74153709411621
524,68.97000122070312,68.36347198486328
525,12.390000343322754,11.167006492614746
526,25.030000686645508,24.064706802368164
527,16.139999389648438,14.954519271850586
528,16.799999237060547,16.431188583374023
529,22.040000915527344,20.266199111938477
530,32.369998931884766,30.197120666503906
531,10.640000343322754,10.216775894165039
532,28.329999923706055,27.246036529541016
533,10.65999984741211,9.966601371765137
534,68.69999694824219,66.64855194091797
535,10.149999618530273,9.49552059173584
536,35.5,34.33414840698242
537,32.93000030517578,31.526065826416016
538,23.979999542236328,23.212310791015625
539,33.560001373291016,33.47983932495117
540,20.010000228881836,19.190088272094727
541,29.59000015258789,29.130577087402344
542,21.0,19.772377014160156
543,30.469999313354492,29.157146453857422
544,27.139999389648438,25.96393585205078
545,49.20000076293945,47.310333251953125
546,42.29999923706055,40.264427185058594
547,18.40999984741211,17.975868225097656
548,9.819999694824219,9.214162826538086
549,26.110000610351562,25.3214054107666
550,18.219999313354492,17.065879821777344
551,20.959999084472656,19.41544532775879
552,12.34000015258789,11.775951385498047
553,15.539999961853027,15.272560119628906
554,23.190000534057617,21.400089263916016
555,17.190000534057617,16.560880661010742
556,47.79999923706055,47.640132904052734
557,24.399999618530273,22.863882064819336
558,29.3799991607666,27.914907455444336
559,41.5099983215332,40.652587890625
560,68.73999786376953,68.35755920410156
561,45.11000061035156,44.44565963745117
562,12.880000114440918,13.019468307495117
563,49.52000045776367,51.111412048339844
564,37.52000045776367,35.91773223876953
565,38.84000015258789,37.993988037109375
566,32.52000045776367,31.17816162109375
567,20.760000228881836,19.750049591064453
568,38.119998931884766,36.71196365356445
569,20.010000228881836,18.519153594970703
570,42.06999969482422,40.80330276489258
571,9.149999618530273,7.8822526931762695
572,10.140000343322754,8.763301849365234
573,16.979999542236328,16.28388023376465
574,56.63999938964844,57.00765609741211
575,3.3499999046325684,2.0817596912384033
576,15.699999809265137,15.182830810546875
577,35.150001525878906,34.58649444580078
578,38.619998931884766,38.36897659301758
579,6.409999847412109,5.1613616943359375
580,37.099998474121094,36.021121978759766
581,39.59000015258789,37.79938888549805
582,41.959999084472656,41.73021697998047
583,22.31999969482422,21.17894172668457
584,8.720000267028809,7.943297863006592
585,38.349998474121094,37.45026779174805
586,23.889999389648438,23.22392463684082
587,12.5600004196167,11.494194984436035
588,15.079999923706055,13.91808032989502
589,29.979999542236328,29.590316772460938
590,60.08000183105469,58.242774963378906
591,67.79000091552734,65.11634063720703
592,37.970001220703125,36.842769622802734
593,20.360000610351562,18.915163040161133
594,18.8799991607666,17.935508728027344
595,30.209999084472656,29.282241821289062
596,40.560001373291016,40.89754867553711
597,4.0,2.433546543121338
598,3.0,2.467193603515625
599,40.40999984741211,38.986637115478516
600,59.040000915527344,57.94551086425781
601,22.139999389648438,21.707271575927734
602,9.630000114440918,8.79898452758789
603,8.729999542236328,7.6042070388793945
604,58.91999816894531,54.45226287841797
605,35.04999923706055,34.71584701538086
606,63.06999969482422,62.05538558959961
607,22.8799991607666,21.81968116760254
608,9.479999542236328,8.093379974365234
609,17.440000534057617,17.599079132080078
610,20.190000534057617,19.36829376220703
611,28.610000610351562,28.018524169921875
612,54.33000183105469,53.57883071899414
613,49.04999923706055,48.14635467529297
614,30.31999969482422,29.306821823120117
615,40.380001068115234,39.839595794677734
616,48.52000045776367,46.90328598022461
617,21.889999389648438,21.361711502075195
618,2.9800000190734863,2.0898025035858154
619,56.25,56.5114631652832
620,13.630000114440918,13.511998176574707
621,39.779998779296875,40.23724365234375
622,11.270000457763672,9.76494026184082
623,30.979999542236328,29.746585845947266
624,29.93000030517578,28.311769485473633
625,33.54999923706055,32.5086784362793
626,28.790000915527344,28.6964054107666
627,63.369998931884766,63.717613220214844
628,2.819999933242798,1.7519607543945312
629,41.41999816894531,40.116031646728516
630,20.100000381469727,18.927955627441406
631,11.4399995803833,9.996225357055664
632,15.449999809265137,14.920568466186523
633,27.510000228881836,26.350011825561523
634,53.400001525878906,53.26132583618164
635,29.329999923706055,29.00301170349121
636,34.68000030517578,33.77846908569336
637,5.460000038146973,3.9509096145629883
638,21.860000610351562,21.113710403442383
639,25.829999923706055,24.729883193969727
640,18.420000076293945,16.830543518066406
641,11.369999885559082,10.606111526489258
642,47.84000015258789,47.866390228271484
643,23.799999237060547,22.976634979248047
644,6.75,5.883801460266113
645,53.13999938964844,55.3458366394043
646,37.7400016784668,35.60887908935547
647,9.25,7.677728176116943
648,16.459999084472656,15.350448608398438
649,22.079999923706055,21.964303970336914
650,10.720000267028809,10.314784049987793
651,27.6200008392334,25.382740020751953
652,16.8799991607666,15.38936996459961
653,47.20000076293945,47.42131805419922
654,25.139999389648438,24.14959716796875
655,20.200000762939453,19.653730392456055
656,8.229999542236328,6.804018020629883
657,10.829999923706055,10.179841995239258
658,35.84000015258789,34.86606979370117
659,9.039999961853027,7.877285003662109
660,50.630001068115234,48.85987091064453
661,7.360000133514404,7.043636322021484
662,19.299999237060547,18.46164321899414
663,7.110000133514404,6.1981000900268555
664,29.219999313354492,27.972978591918945
665,54.20000076293945,52.55376052856445
666,2.7699999809265137,1.140152931213379
667,26.489999771118164,25.428455352783203
668,21.649999618530273,19.572750091552734
669,60.939998626708984,61.383941650390625
670,22.40999984741211,21.841772079467773
671,39.15999984741211,38.5652961730957
672,23.81999969482422,22.55068588256836
673,38.0,36.16133499145508
674,40.2599983215332,36.69429397583008
675,30.709999084472656,30.062978744506836
676,43.7400016784668,43.79732894897461
677,38.41999816894531,36.77400207519531
678,47.060001373291016,44.938331604003906
679,12.300000190734863,11.14795207977295
680,71.19000244140625,72.32555389404297
681,10.470000267028809,10.725815773010254
682,12.119999885559082,12.46590805053711
683,54.869998931884766,51.519954681396484
684,32.65999984741211,30.173770904541016
685,41.61000061035156,40.866432189941406
686,32.16999816894531,30.417829513549805
687,47.439998626708984,46.33635711669922
688,10.5600004196167,9.821406364440918
689,10.039999961853027,9.258575439453125
690,53.04999923706055,51.260562896728516
691,38.18000030517578,36.27846145629883
692,25.100000381469727,24.322309494018555
693,8.529999732971191,7.815948009490967
694,38.290000915527344,37.10013198852539
695,29.780000686645508,28.9271183013916
696,13.470000267028809,12.620081901550293
697,7.360000133514404,7.945478439331055
698,26.610000610351562,26.727397918701172
699,47.599998474121094,44.786346435546875
700,33.029998779296875,33.289283752441406
701,36.34000015258789,35.84759521484375
702,23.100000381469727,23.1353816986084
703,13.069999694824219,11.441479682922363
704,23.270000457763672,22.848220825195312
705,55.83000183105469,55.31087875366211
706,45.13999938964844,45.29599380493164
707,40.72999954223633,40.4995002746582
708,29.75,29.10031509399414
709,13.84000015258789,12.845271110534668
710,31.5,31.055395126342773
711,31.389999389648438,30.871742248535156
712,22.6200008392334,21.347013473510742
713,23.389999389648438,22.102014541625977
714,39.400001525878906,38.10793685913086
715,19.610000610351562,19.309568405151367
716,15.649999618530273,15.570768356323242
717,18.170000076293945,17.400365829467773
718,3.5899999141693115,1.9310276508331299
719,58.130001068115234,56.24513626098633
720,23.350000381469727,22.59098243713379
721,22.850000381469727,20.879199981689453
722,11.649999618530273,10.834446907043457
723,28.239999771118164,26.658878326416016
724,12.470000267028809,10.645833015441895
725,15.510000228881836,15.392166137695312
726,42.849998474121094,42.26823806762695
727,9.670000076293945,8.790241241455078
728,24.81999969482422,23.732839584350586
729,43.04999923706055,42.670738220214844
730,18.520000457763672,18.18480682373047
731,34.439998626708984,33.69093704223633
732,37.720001220703125,36.16246795654297
733,7.070000171661377,6.275369167327881
734,38.439998626708984,37.13615036010742
735,3.880000114440918,2.14591121673584
736,31.579999923706055,31.54070281982422
737,50.11000061035156,48.3093376159668
738,21.729999542236328,20.373275756835938
739,29.540000915527344,28.783672332763672
740,23.860000610351562,22.06704330444336
741,38.68000030517578,38.4936637878418
742,49.83000183105469,47.045936584472656
743,21.639999389648438,21.007577896118164
744,33.7599983215332,33.63032150268555
745,25.3799991607666,23.356138229370117
746,25.350000381469727,24.45395278930664
747,30.59000015258789,30.08789825439453
748,8.3100004196167,7.280718803405762
749,14.770000457763672,14.235119819641113
750,25.809999465942383,23.64862060546875
751,28.5,27.49112892150879
752,13.729999542236328,13.625596046447754
753,1.350000023841858,1.5909414291381836
754,59.83000183105469,58.18191146850586
755,17.110000610351562,16.87666893005371
756,23.1299991607666,22.187549591064453
757,24.979999542236328,25.039411544799805
758,39.56999969482422,38.479278564453125
759,48.5099983215332,47.9404296875
760,49.790000915527344,47.78257369995117
761,48.29999923706055,46.55928421020508
762,5.239999771118164,3.531338930130005
763,30.010000228881836,28.848602294921875
764,34.810001373291016,32.73196792602539
765,10.520000457763672,9.473919868469238
766,15.9399995803833,15.394630432128906
767,29.190000534057617,28.83966827392578
768,16.93000030517578,16.34078025817871
769,74.30999755859375,71.21736907958984
770,18.31999969482422,18.497777938842773
771,23.670000076293945,22.29222297668457
772,30.1299991607666,28.362361907958984
773,3.869999885559082,3.6120855808258057
774,41.13999938964844,38.694210052490234
775,53.869998931884766,52.509178161621094
776,27.739999771118164,26.63849639892578
777,38.20000076293945,37.604190826416016
778,5.760000228881836,4.10464334487915
779,5.300000190734863,3.899670362472534
780,12.640000343322754,12.152318954467773
781,10.149999618530273,9.501565933227539
782,61.959999084472656,60.04117965698242
783,15.069999694824219,14.50121784210205
784,18.450000762939453,17.176002502441406
785,27.489999771118164,26.61103057861328
786,8.220000267028809,7.120774745941162
787,34.27000045776367,32.022544860839844
788,39.0099983215332,38.39385223388672
789,36.20000076293945,36.43950271606445
790,5.670000076293945,3.984868288040161
791,52.36000061035156,51.26449966430664
792,52.459999084472656,50.82185745239258
793,30.559999465942383,30.455669403076172
794,46.650001525878906,44.04417037963867
795,40.84000015258789,40.90744400024414
796,13.9399995803833,13.293067932128906
797,34.060001373291016,32.3602180480957
798,33.08000183105469,32.672054290771484
799,35.5099983215332,34.65305709838867
800,47.56999969482422,46.643409729003906
801,8.760000228881836,7.790903091430664
802,36.189998626708984,35.604976654052734
803,45.880001068115234,46.21027374267578
804,58.369998931884766,57.23002243041992
805,15.75,15.281604766845703
806,28.059999465942383,26.813209533691406
807,28.040000915527344,27.194110870361328
808,21.639999389648438,21.31463623046875
809,20.56999969482422,20.007991790771484
810,8.3100004196167,7.615081310272217
811,36.83000183105469,35.715118408203125
812,39.70000076293945,37.6244010925293
813,13.479999542236328,12.17379093170166
814,74.94000244140625,74.92525482177734
815,18.350000381469727,17.877445220947266
816,23.479999542236328,22.774707794189453
817,7.21999979019165,6.594161510467529
818,16.6299991607666,16.537355422973633
819,70.2699966430664,68.98216247558594
820,9.390000343322754,8.943692207336426
821,54.189998626708984,54.04684066772461
822,36.619998931884766,36.15434265136719
823,65.83999633789062,68.2282943725586
824,4.559999942779541,3.602264404296875
825,11.40999984741211,9.90346908569336
826,53.040000915527344,53.427940368652344
827,24.200000762939453,23.56486701965332
828,29.75,28.617948532104492
829,11.130000114440918,10.437382698059082
830,3.9800000190734863,2.551274538040161
831,52.43000030517578,50.75681686401367
832,30.06999969482422,28.98171615600586
833,33.880001068115234,33.11613082885742
834,37.97999954223633,36.32867431640625
835,4.019999980926514,2.7411980628967285
836,31.809999465942383,31.961633682250977
837,12.130000114440918,11.301798820495605
838,15.489999771118164,13.889819145202637
839,28.239999771118164,28.02265739440918
840,3.369999885559082,2.3004541397094727
841,6.579999923706055,6.185297966003418
842,11.3100004196167,10.746272087097168
843,33.540000915527344,32.515926361083984
844,12.770000457763672,12.389093399047852
845,8.100000381469727,7.119589328765869
846,11.949999809265137,11.171820640563965
847,16.270000457763672,16.291728973388672
848,33.04999923706055,32.32764434814453
849,40.95000076293945,39.46652603149414
850,73.87999725341797,71.93804931640625
851,39.72999954223633,39.52310562133789
852,5.050000190734863,3.6544010639190674
853,23.56999969482422,22.0883846282959
854,32.369998931884766,31.593799591064453
855,27.8799991607666,27.11406135559082
856,69.5999984741211,69.07740020751953
857,37.4900016784668,38.11479949951172
858,39.70000076293945,39.52054977416992
859,4.079999923706055,2.950146198272705
860,35.209999084472656,34.6058464050293
861,32.08000183105469,30.838050842285156
862,21.56999969482422,21.329763412475586
863,12.350000381469727,11.325407981872559
864,25.719999313354492,24.241252899169922
865,23.229999542236328,21.994178771972656
866,7.78000020980835,6.9468255043029785
867,34.91999816894531,33.53305435180664
868,6.78000020980835,6.74470853805542
869,9.15999984741211,7.954327583312988
870,33.150001525878906,32.331993103027344
871,26.440000534057617,25.013439178466797
872,47.83000183105469,46.072242736816406
873,33.70000076293945,32.62398147583008
874,33.720001220703125,32.72718811035156
875,14.979999542236328,13.976576805114746
876,18.1200008392334,16.952302932739258
877,34.7599983215332,34.50828552246094
878,7.03000020980835,6.151130676269531
879,47.11000061035156,47.09745788574219
880,25.940000534057617,25.416927337646484
881,4.039999961853027,2.7958428859710693
882,46.16999816894531,45.545841217041016
883,11.619999885559082,10.993097305297852
884,35.279998779296875,34.471004486083984
885,10.789999961853027,9.952882766723633
886,36.88999938964844,35.44468307495117
887,13.619999885559082,13.203920364379883
888,18.530000686645508,17.749866485595703
889,41.33000183105469,39.17378616333008
890,16.440000534057617,16.386287689208984
891,10.869999885559082,10.170721054077148
892,15.859999656677246,15.01176643371582
893,10.239999771118164,8.889822006225586
894,38.91999816894531,38.282962799072266
895,17.920000076293945,17.765087127685547
896,34.709999084472656,33.58811569213867
897,20.020000457763672,18.801462173461914
898,55.52000045776367,55.87815856933594
899,27.110000610351562,25.679834365844727
900,32.36000061035156,31.06058692932129
901,27.959999084472656,26.690608978271484
902,3.9200000762939453,2.5938313007354736
903,29.510000228881836,28.87348175048828
904,15.119999885559082,14.583389282226562
905,22.34000015258789,20.76188087463379
906,33.43000030517578,32.58054733276367
907,42.95000076293945,40.8007926940918
908,7.579999923706055,6.462496280670166
909,41.209999084472656,39.26225662231445
910,34.869998931884766,34.94559860229492
911,21.329999923706055,20.108226776123047
912,23.270000457763672,22.067293167114258
913,36.7400016784668,35.0142707824707
914,1.059999942779541,1.6715892553329468
915,37.36000061035156,37.008419036865234
916,31.06999969482422,30.094797134399414
917,21.450000762939453,20.594364166259766
918,78.19999694824219,75.75511169433594
919,12.75,12.291045188903809
920,51.34000015258789,50.46305847167969
921,13.699999809265137,13.450716972351074
922,31.770000457763672,29.873920440673828
923,28.90999984741211,28.26015853881836
924,50.11000061035156,48.297183990478516
925,50.720001220703125,50.61781311035156
926,8.489999771118164,7.617790222167969
927,46.79999923706055,45.8082160949707
928,37.97999954223633,36.075862884521484
929,33.970001220703125,32.482425689697266
930,5.340000152587891,4.281646728515625
931,55.029998779296875,51.47993469238281
932,17.579999923706055,17.128860473632812
933,5.820000171661377,5.209013938903809
934,15.3100004196167,14.38533878326416
935,20.850000381469727,19.72073745727539
936,32.400001525878906,32.115665435791016
937,45.09000015258789,43.51504898071289
938,20.190000534057617,19.45235252380371
939,22.520000457763672,21.89463996887207
940,7.769999980926514,6.533083915710449
941,27.829999923706055,26.502220153808594
942,22.149999618530273,20.520376205444336
943,53.09000015258789,53.05693435668945
944,38.029998779296875,36.49673080444336
945,11.579999923706055,11.42198371887207
946,37.13999938964844,35.917236328125
947,12.109999656677246,11.186699867248535
948,39.52000045776367,38.766597747802734
949,44.849998474121094,42.92033767700195
950,52.689998626708984,49.432777404785156
951,3.630000114440918,1.983376145362854
952,20.350000381469727,17.275726318359375
953,16.93000030517578,16.6840877532959
954,13.359999656677246,13.07598876953125
955,19.459999084472656,19.42238426208496
956,31.610000610351562,29.96849822998047
957,30.639999389648438,30.297487258911133
958,45.900001525878906,45.4326286315918
959,6.239999771118164,5.167967319488525
960,65.27999877929688,65.91117858886719
961,33.27000045776367,31.524723052978516
962,12.0600004196167,11.749242782592773
963,23.68000030517578,21.669857025146484
964,28.399999618530273,28.232709884643555
965,9.979999542236328,8.818385124206543
966,30.010000228881836,28.60150718688965
967,27.690000534057617,25.290348052978516
968,51.13999938964844,50.276668548583984
969,39.029998779296875,37.621273040771484
970,23.549999237060547,22.031641006469727
971,20.239999771118164,19.306255340576172
972,62.20000076293945,62.49647903442383
973,19.329999923706055,19.202253341674805
974,32.13999938964844,30.789093017578125
975,16.770000457763672,16.725160598754883
976,28.90999984741211,28.597187042236328
977,20.09000015258789,19.235795974731445
978,17.700000762939453,17.137529373168945
979,10.710000038146973,9.691609382629395
980,29.549999237060547,28.247854232788086
981,5.639999866485596,4.838067054748535
982,31.979999542236328,31.008113861083984
983,26.239999771118164,24.893184661865234
984,32.560001373291016,31.145030975341797
985,26.690000534057617,25.643613815307617
986,16.020000457763672,15.921802520751953
987,52.689998626708984,52.37621307373047
988,29.510000228881836,28.193212509155273
989,26.469999313354492,24.991315841674805
990,18.829999923706055,17.549898147583008
991,33.77000045776367,33.71367263793945
992,36.47999954223633,35.224918365478516
993,37.81999969482422,36.50456237792969
994,32.349998474121094,31.45952606201172
995,11.800000190734863,11.067901611328125
996,33.150001525878906,32.357398986816406
997,12.25,11.449437141418457
998,21.190000534057617,20.595338821411133
999,2.299999952316284,1.9520759582519531
1000,18.260000228881836,18.418811798095703
1001,29.030000686645508,28.214107513427734
1002,36.029998779296875,35.297706604003906
1003,31.139999389648438,30.379945755004883
1004,30.450000762939453,30.138240814208984
1005,26.68000030517578,25.640779495239258
1006,15.170000076293945,14.89731216430664
1007,34.34000015258789,33.356773376464844
1008,29.65999984741211,27.943984985351562
1009,46.060001373291016,46.9021110534668
1010,6.900000095367432,5.800687789916992
1011,31.139999389648438,30.377197265625
1012,36.31999969482422,35.361759185791016
1013,69.51000213623047,69.40787506103516
1014,4.510000228881836,3.6677303314208984
1015,19.459999084472656,19.393123626708984
1016,64.08999633789062,62.99747848510742
1017,20.989999771118164,19.28513526916504
1018,20.31999969482422,18.078041076660156
1019,7.829999923706055,5.651278018951416
1020,17.850000381469727,17.59303092956543
1021,34.20000076293945,32.45012283325195
1022,30.719999313354492,29.10491371154785
1023,17.90999984741211,17.314376831054688
1024,12.640000343322754,11.445464134216309
1025,34.380001068115234,33.432037353515625
1026,61.689998626708984,62.01866912841797
1027,27.700000762939453,26.46147918701172
1028,66.43000030517578,66.26713562011719
1029,28.799999237060547,28.306766510009766
1030,30.729999542236328,29.489212036132812
1031,15.479999542236328,14.606029510498047
1032,11.9399995803833,11.140509605407715
1033,23.989999771118164,22.906156539916992
1034,48.90999984741211,47.2403678894043
1035,46.689998626708984,45.05632019042969
1036,34.099998474121094,33.434993743896484
1037,26.0,25.24221420288086
1038,12.460000038146973,11.892180442810059
1039,7.539999961853027,6.8754448890686035
1040,5.150000095367432,4.707141399383545
1041,9.5,8.2174654006958
1042,27.209999084472656,26.59043312072754
1043,30.729999542236328,30.412376403808594
1044,40.970001220703125,40.613426208496094
1045,24.1299991607666,23.671527862548828
1046,17.229999542236328,17.43256187438965
1047,8.0,7.611474514007568
1048,64.81999969482422,63.07807540893555
1049,37.9900016784668,36.564815521240234
1050,43.52000045776367,42.82294464111328
1051,50.16999816894531,50.34195327758789
1052,22.420000076293945,21.340639114379883
1053,60.099998474121094,60.67292404174805
1054,41.130001068115234,39.821449279785156
1055,6.739999771118164,5.782141208648682
1056,55.0099983215332,52.95101547241211
1057,9.609999656677246,8.779200553894043
1058,5.829999923706055,4.987316131591797
1059,52.34000015258789,51.232994079589844
1060,60.060001373291016,59.298805236816406
1061,9.65999984741211,8.402556419372559
1062,13.0600004196167,12.333392143249512
1063,8.75,7.726686477661133
1064,38.63999938964844,37.32637405395508
1065,8.119999885559082,7.390945911407471
1066,27.670000076293945,25.812524795532227
1067,38.439998626708984,38.36020278930664
1068,17.719999313354492,17.027080535888672
1069,12.199999809265137,11.421066284179688
1070,18.760000228881836,17.342697143554688
1071,3.549999952316284,2.641232967376709
1072,9.270000457763672,8.481331825256348
1073,30.18000030517578,29.691606521606445
1074,4.039999961853027,2.523573875427246
1075,35.04999923706055,34.90476608276367
1076,31.860000610351562,30.84784698486328
1077,7.309999942779541,6.072259426116943
1078,8.0,7.0494704246521
1079,47.77000045776367,46.32869338989258
1080,56.650001525878906,57.22174072265625
1081,20.139999389648438,19.028886795043945
1082,59.83000183105469,59.18498611450195
1083,37.189998626708984,35.49193572998047
1084,25.5,24.832456588745117
1085,25.0,24.40614891052246
1086,10.430000305175781,9.947742462158203
1087,15.25,14.32072925567627
1088,23.649999618530273,22.876100540161133
1089,46.900001525878906,47.3048095703125
1090,45.2400016784668,43.666927337646484
1091,11.430000305175781,11.085941314697266
1092,17.770000457763672,16.956954956054688
1093,35.90999984741211,35.06058120727539
1094,41.11000061035156,39.45405960083008
1095,47.66999816894531,44.78377914428711
1096,7.599999904632568,6.758882999420166
1097,26.40999984741211,25.675922393798828
1098,25.3799991607666,24.69344139099121
1099,16.329999923706055,15.937631607055664
1100,44.209999084472656,43.584285736083984
1101,25.170000076293945,24.332853317260742
1102,37.25,36.16421127319336
1103,42.56999969482422,41.16123962402344
1104,24.65999984741211,23.608577728271484
1105,24.40999984741211,23.92091178894043
1106,25.59000015258789,24.485321044921875
1107,53.220001220703125,50.64360046386719
1108,28.530000686645508,27.881885528564453
1109,42.02000045776367,40.971473693847656
1110,4.010000228881836,2.6825129985809326
1111,24.170000076293945,23.314483642578125
1112,20.469999313354492,19.241825103759766
1113,48.900001525878906,48.49840545654297
1114,16.209999084472656,15.645917892456055
1115,27.84000015258789,27.07178497314453
1116,33.459999084472656,32.47090530395508
1117,51.58000183105469,50.430938720703125
1118,17.56999969482422,17.131990432739258
1119,3.3499999046325684,2.0796937942504883
1120,30.649999618530273,28.357057571411133
1121,11.210000038146973,10.290521621704102
1122,38.0099983215332,36.87123489379883
1123,33.709999084472656,32.95516586303711
1124,43.040000915527344,41.929561614990234
1125,7.550000190734863,6.93034029006958
1126,20.709999084472656,19.137224197387695
1127,46.68000030517578,44.69603729248047
1128,43.45000076293945,42.004608154296875
1129,43.66999816894531,42.8099250793457
1130,25.299999237060547,24.525074005126953
1131,6.429999828338623,5.249858856201172
1132,26.559999465942383,25.912267684936523
1133,12.489999771118164,11.830303192138672
1134,48.43000030517578,48.32829284667969
1135,32.04999923706055,30.928970336914062
1136,32.849998474121094,31.437000274658203
1137,22.809999465942383,21.410402297973633
1138,64.95999908447266,61.915225982666016
1139,43.619998931884766,43.4182243347168
1140,23.920000076293945,23.406200408935547
1141,50.77000045776367,48.969669342041016
1142,66.33999633789062,65.02855682373047
1143,8.220000267028809,6.912890434265137
1144,24.40999984741211,22.927894592285156
1145,66.86000061035156,66.29102325439453
1146,44.68000030517578,44.25010299682617
1147,38.34000015258789,36.295955657958984
1148,8.989999771118164,8.28604507446289
1149,47.709999084472656,45.79045867919922
1150,22.850000381469727,21.33881187438965
1151,36.7400016784668,36.16350173950195
1152,12.0600004196167,10.967729568481445
1153,40.790000915527344,41.07905578613281
1154,8.90999984741211,7.790989398956299
1155,4.139999866485596,2.191986083984375
1156,26.489999771118164,24.3328914642334
1157,25.68000030517578,24.018688201904297
1158,18.780000686645508,17.234649658203125
1159,68.5999984741211,71.56195068359375
1160,21.290000915527344,19.66138458251953
1161,27.729999542236328,27.49574851989746
1162,4.079999923706055,2.7918105125427246
1163,15.25,14.481759071350098
1164,46.869998931884766,45.55314636230469
1165,27.809999465942383,26.69028663635254
1166,10.210000038146973,9.494812965393066
1167,7.210000038146973,6.104768753051758
1168,32.06999969482422,30.952220916748047
1169,22.309999465942383,21.66607666015625
1170,14.289999961853027,13.059085845947266
1171,45.63999938964844,45.18379211425781
1172,11.420000076293945,10.782184600830078
1173,40.84000015258789,40.61750793457031
1174,44.599998474121094,44.184913635253906
1175,62.2400016784668,62.25896453857422
1176,40.13999938964844,40.126953125
1177,15.460000038146973,14.569131851196289
1178,17.510000228881836,17.399394989013672
1179,2.299999952316284,1.253279685974121
1180,54.02000045776367,52.554019927978516
1181,10.65999984741211,10.046229362487793
1182,10.960000038146973,10.503453254699707
1183,13.8100004196167,13.020164489746094
1184,11.470000267028809,10.388404846191406
1185,15.289999961853027,14.542488098144531
1186,38.63999938964844,37.6937255859375
1187,20.299999237060547,19.98326301574707
1188,26.110000610351562,24.81163787841797
1189,41.33000183105469,41.51613235473633
1190,16.6200008392334,15.208003997802734
1191,9.520000457763672,7.82936429977417
1192,60.65999984741211,60.29185104370117
1193,25.6200008392334,23.801803588867188
1194,40.4900016784668,39.835201263427734
1195,12.930000305175781,11.299012184143066
1196,9.170000076293945,8.558754920959473
1197,24.459999084472656,23.4617862701416
1198,8.34000015258789,8.390229225158691
1199,49.18000030517578,48.56195068359375
1200,18.09000015258789,17.434375762939453
1201,18.940000534057617,17.867538452148438
1202,31.670000076293945,30.65060806274414
1203,38.099998474121094,36.68777084350586
1204,24.40999984741211,23.318206787109375
1205,28.84000015258789,27.529788970947266
1206,26.219999313354492,24.11145782470703
1207,6.550000190734863,4.854114055633545
1208,29.270000457763672,27.9244384765625
1209,23.75,22.078561782836914
1210,21.780000686645508,20.629589080810547
1211,16.530000686645508,15.6326904296875
1212,47.869998931884766,45.97672653198242
1213,29.43000030517578,28.683706283569336
1214,14.569999694824219,14.063481330871582
1215,12.279999732971191,11.624770164489746
1216,20.639999389648438,20.30325698852539
1217,15.9399995803833,15.119810104370117
1218,62.97999954223633,61.4005126953125
1219,9.140000343322754,7.730768203735352
1220,58.810001373291016,59.12022399902344
1221,24.450000762939453,23.672679901123047
1222,14.0600004196167,12.791583061218262
1223,34.83000183105469,34.316104888916016
1224,4.110000133514404,2.6096506118774414
1225,44.04999923706055,42.76900100708008
1226,8.239999771118164,6.888867378234863
1227,56.41999816894531,49.69955062866211
1228,6.179999828338623,5.294344425201416
1229,13.609999656677246,13.007511138916016
1230,8.710000038146973,7.636687755584717
1231,8.020000457763672,6.945751667022705
1232,45.7599983215332,42.08728790283203
1233,73.4000015258789,74.64278411865234
1234,17.8799991607666,16.61631202697754
1235,16.549999237060547,15.524572372436523
1236,31.389999389648438,30.175268173217773
1237,21.5,21.080900192260742
1238,17.1299991607666,15.805179595947266
1239,38.959999084472656,38.23806381225586
1240,16.6200008392334,15.90054702758789
1241,42.06999969482422,41.15859603881836
1242,12.390000343322754,12.105253219604492
1243,23.100000381469727,22.288684844970703
1244,10.819999694824219,10.3539400100708
1245,29.709999084472656,28.816722869873047
1246,38.41999816894531,37.94167709350586
1247,14.020000457763672,13.176368713378906
1248,25.760000228881836,24.066499710083008
1249,9.640000343322754,8.52029800415039
1250,22.799999237060547,21.852418899536133
1251,16.139999389648438,14.511950492858887
1252,6.039999961853027,4.87482213973999
1253,41.59000015258789,41.1348762512207
1254,24.510000228881836,24.588546752929688
1255,14.5,13.475131034851074
1256,39.720001220703125,37.99808883666992
1257,9.460000038146973,8.122452735900879
1258,15.420000076293945,14.295973777770996
1259,33.939998626708984,33.390689849853516
1260,14.869999885559082,14.311234474182129
1261,20.020000457763672,19.492050170898438
1262,19.940000534057617,19.676694869995117
1263,52.20000076293945,49.86346435546875
1264,38.2400016784668,37.89815139770508
1265,6.119999885559082,3.5023632049560547
1266,9.890000343322754,8.830470085144043
1267,16.079999923706055,16.22877311706543
1268,24.149999618530273,23.30352783203125
1269,77.41999816894531,76.80258178710938
1270,10.779999732971191,10.405616760253906
1271,21.770000457763672,20.929996490478516
1272,31.219999313354492,30.6593017578125
1273,4.730000019073486,3.4578304290771484
1274,6.090000152587891,5.387632369995117
1275,14.649999618530273,13.757098197937012
1276,39.439998626708984,38.887413024902344
1277,21.149999618530273,20.14038848876953
1278,36.97999954223633,35.68143081665039
1279,37.040000915527344,35.46330642700195
1280,12.319999694824219,11.268866539001465
1281,17.690000534057617,16.812698364257812
1282,19.309999465942383,18.809741973876953
1283,28.06999969482422,26.427366256713867
1284,45.72999954223633,43.207088470458984
1285,12.619999885559082,12.841391563415527
1286,14.670000076293945,13.960755348205566
1287,28.1200008392334,27.237106323242188
1288,10.670000076293945,9.95596694946289
1289,37.310001373291016,36.38706588745117
1290,72.2699966430664,73.24009704589844
1291,20.299999237060547,18.917646408081055
1292,20.110000610351562,19.798254013061523
1293,23.760000228881836,22.180782318115234
1294,24.530000686645508,23.18172836303711
1295,3.569999933242798,2.671954393386841
1296,22.049999237060547,21.316862106323242
1297,12.550000190734863,11.372114181518555
1298,9.050000190734863,7.875100135803223
1299,11.529999732971191,10.555853843688965
1300,30.440000534057617,29.040081024169922
1301,26.06999969482422,24.995403289794922
1302,32.83000183105469,30.979991912841797
1303,28.799999237060547,28.090850830078125
1304,24.93000030517578,24.89365577697754
1305,59.560001373291016,57.140419006347656
1306,47.540000915527344,45.80668258666992
1307,35.93000030517578,35.73141098022461
1308,36.4900016784668,36.532230377197266
1309,53.25,53.454376220703125
1310,15.220000267028809,14.452754020690918
1311,8.569999694824219,7.436499118804932
1312,71.87000274658203,73.66168975830078
1313,28.360000610351562,26.772363662719727
1314,8.899999618530273,7.512826919555664
1315,21.700000762939453,20.849414825439453
1316,29.5,29.173002243041992
1317,4.28000020980835,2.5978662967681885
1318,24.469999313354492,23.3936710357666
1319,16.209999084472656,15.64358901977539
1320,16.6299991607666,16.397077560424805
1321,23.549999237060547,22.97411346435547
1322,32.099998474121094,32.09077072143555
1323,22.969999313354492,22.33666229248047
1324,10.020000457763672,9.05624008178711
1325,26.149999618530273,24.873428344726562
1326,9.329999923706055,8.263731002807617
1327,38.150001525878906,36.72788619995117
1328,25.06999969482422,25.28041648864746
1329,50.529998779296875,49.393951416015625
1330,20.959999084472656,20.615015029907227
1331,14.710000038146973,14.531744956970215
1332,37.93000030517578,36.03356170654297
1333,60.75,61.02836608886719
1334,12.020000457763672,11.768287658691406
1335,37.43000030517578,35.21831512451172
1336,21.049999237060547,20.55182456970215
1337,12.15999984741211,11.05661678314209
1338,21.889999389648438,20.90554428100586
1339,66.86000061035156,66.70895385742188
1340,16.889999389648438,16.179534912109375
1341,46.72999954223633,44.02491760253906
1342,29.290000915527344,28.71103858947754
1343,45.619998931884766,44.742366790771484
1344,7.099999904632568,5.461304187774658
1345,23.34000015258789,22.678089141845703
1346,19.649999618530273,18.71323013305664
1347,18.459999084472656,17.394187927246094
1348,60.900001525878906,58.80316925048828
1349,31.329999923706055,30.793981552124023
1350,16.229999542236328,15.284101486206055
1351,61.09000015258789,58.81019973754883
1352,2.2300000190734863,1.8143190145492554
1353,51.459999084472656,51.0373420715332
1354,23.270000457763672,21.93057632446289
1355,60.959999084472656,60.64316177368164
1356,36.38999938964844,35.800479888916016
1357,7.559999942779541,6.761593341827393
1358,39.56999969482422,38.675872802734375
1359,59.689998626708984,58.5012092590332
1360,28.690000534057617,27.97910499572754
1361,63.220001220703125,62.804935455322266
1362,27.280000686645508,26.090625762939453
1363,15.739999771118164,15.398811340332031
1364,20.399999618530273,19.668556213378906
1365,47.47999954223633,44.6424674987793
1366,9.899999618530273,9.15743637084961
1367,13.369999885559082,12.770506858825684
1368,21.149999618530273,19.751150131225586
1369,19.530000686645508,18.62238883972168
1370,58.47999954223633,57.24802780151367
1371,10.25,9.055517196655273
1372,44.310001373291016,39.02033996582031
1373,16.229999542236328,15.198440551757812
1374,34.900001525878906,34.04791259765625
1375,43.77000045776367,42.54193115234375
1376,36.04999923706055,34.073516845703125
1377,13.899999618530273,13.641541481018066
1378,53.11000061035156,51.68354415893555
1379,36.709999084472656,35.83740997314453
1380,14.399999618530273,13.816946983337402
1381,11.369999885559082,10.201001167297363
1382,14.220000267028809,13.907153129577637
1383,13.4399995803833,13.149127960205078
1384,5.179999828338623,3.6649162769317627
1385,48.709999084472656,47.954002380371094
1386,18.59000015258789,17.523550033569336
1387,9.109999656677246,7.935772895812988
1388,61.79999923706055,62.1425666809082
1389,15.369999885559082,14.411982536315918
1390,6.230000019073486,5.349891185760498
1391,11.260000228881836,10.351984024047852
1392,22.239999771118164,21.376615524291992
1393,24.469999313354492,23.166099548339844
1394,30.3700008392334,29.311813354492188
1395,24.989999771118164,24.1802921295166
1396,19.09000015258789,18.87029266357422
1397,2.7899999618530273,2.1044938564300537
1398,23.18000030517578,21.87150001525879
1399,49.7599983215332,46.36357116699219
1400,44.79999923706055,42.07209777832031
1401,52.709999084472656,51.33343505859375
1402,36.40999984741211,35.41252899169922
1403,2.190000057220459,2.3492980003356934
1404,11.100000381469727,10.290098190307617
1405,20.34000015258789,19.16293716430664
1406,35.16999816894531,35.730567932128906
1407,24.610000610351562,23.149837493896484
1408,46.20000076293945,44.47836685180664
1409,42.470001220703125,42.21781539916992
1410,11.260000228881836,10.211149215698242
1411,33.47999954223633,33.81338882446289
1412,32.400001525878906,31.785383224487305
1413,15.75,14.42257022857666
1414,48.150001525878906,46.3525505065918
1415,25.299999237060547,23.861759185791016
1416,13.40999984741211,12.643876075744629
1417,23.149999618530273,23.288835525512695
1418,12.640000343322754,11.744449615478516
1419,7.75,6.741336822509766
1420,46.72999954223633,48.53879165649414
1421,21.739999771118164,21.66973114013672
1422,35.91999816894531,35.37953186035156
1423,15.010000228881836,14.653804779052734
1424,33.380001068115234,32.21751022338867
1425,13.949999809265137,13.374305725097656
1426,7.920000076293945,6.615190029144287
1427,24.68000030517578,24.334423065185547
1428,20.209999084472656,18.836097717285156
1429,45.5099983215332,46.381103515625
1430,18.899999618530273,17.72799301147461
1431,44.90999984741211,44.5255241394043
1432,29.059999465942383,27.896835327148438
1433,27.079999923706055,27.262479782104492
1434,68.33000183105469,62.30923843383789
1435,70.6500015258789,71.15910339355469
1436,34.20000076293945,33.74842834472656
1437,17.15999984741211,16.05573844909668
1438,24.989999771118164,23.66118812561035
1439,42.869998931884766,42.07621765136719
1440,49.52000045776367,51.65803146362305
1441,18.209999084472656,17.104110717773438
1442,35.95000076293945,35.475215911865234
1443,20.170000076293945,20.061899185180664
1444,3.109999895095825,2.5926167964935303
1445,24.229999542236328,22.89013671875
1446,47.119998931884766,45.08029556274414
1447,51.880001068115234,50.202091217041016
1448,22.420000076293945,20.637821197509766
1449,27.600000381469727,26.72960090637207
1450,53.650001525878906,51.362083435058594
1451,35.7400016784668,34.87769317626953
1452,12.130000114440918,11.379146575927734
1453,42.47999954223633,42.73859786987305
1454,27.450000762939453,27.32699203491211
1455,4.150000095367432,2.892853021621704
1456,28.979999542236328,28.21849250793457
1457,23.40999984741211,22.78717803955078
1458,28.920000076293945,28.753238677978516
1459,8.989999771118164,8.723952293395996
1460,30.309999465942383,28.893022537231445
1461,31.6200008392334,29.89449119567871
1462,19.389999389648438,18.252559661865234
1463,45.86000061035156,45.17281723022461
1464,14.130000114440918,13.589720726013184
1465,33.38999938964844,32.25458908081055
1466,40.70000076293945,40.28348159790039
1467,50.959999084472656,50.595733642578125
1468,33.86000061035156,32.180267333984375
1469,40.099998474121094,39.15108108520508
1470,55.040000915527344,52.42156982421875
1471,7.28000020980835,5.499204635620117
1472,8.119999885559082,6.5987701416015625
1473,33.38999938964844,31.7198543548584
1474,39.849998474121094,40.084903717041016
1475,37.119998931884766,35.69309616088867
1476,16.829999923706055,16.074499130249023
1477,25.459999084472656,24.316139221191406
1478,12.930000305175781,11.856169700622559
1479,25.059999465942383,24.419361114501953
1480,24.479999542236328,22.91094207763672
1481,23.31999969482422,22.172245025634766
1482,9.079999923706055,8.026057243347168
1483,73.5,72.560791015625
1484,42.310001373291016,41.890254974365234
1485,3.569999933242798,2.406154155731201
1486,35.900001525878906,34.927310943603516
1487,12.430000305175781,12.13233757019043
1488,9.270000457763672,7.840365886688232
1489,15.140000343322754,14.570409774780273
1490,22.639999389648438,22.648805618286133
1491,37.2599983215332,35.72956085205078
1492,66.4800033569336,64.16012573242188
1493,37.029998779296875,35.81434631347656
1494,57.599998474121094,57.63310241699219
1495,40.099998474121094,38.57806396484375
1496,40.45000076293945,39.72664260864258
1497,63.79999923706055,61.39150619506836
1498,50.41999816894531,49.7967414855957
1499,29.420000076293945,27.52188491821289
1500,16.889999389648438,16.497051239013672
1501,20.25,20.10867691040039
1502,3.3499999046325684,2.084254741668701
1503,17.010000228881836,15.604312896728516
1504,18.3799991607666,18.347898483276367
1505,24.65999984741211,23.996877670288086
1506,55.66999816894531,55.4445686340332
1507,29.110000610351562,27.82206153869629
1508,62.41999816894531,60.711238861083984
1509,28.290000915527344,27.002613067626953
1510,19.3799991607666,18.3704776763916
1511,45.7599983215332,44.56367111206055
1512,10.029999732971191,9.497057914733887
1513,70.33000183105469,72.14786529541016
1514,65.91999816894531,63.41327667236328
1515,7.190000057220459,5.460735321044922
1516,27.729999542236328,28.019853591918945
1517,51.849998474121094,51.722721099853516
1518,19.989999771118164,18.73236083984375
1519,23.760000228881836,21.14940643310547
1520,32.97999954223633,32.215702056884766
1521,28.0,27.435932159423828
1522,34.09000015258789,33.01631164550781
1523,11.6899995803833,11.310769081115723
1524,24.90999984741211,23.523876190185547
1525,19.65999984741211,18.554853439331055
1526,75.30999755859375,73.21288299560547
1527,20.31999969482422,19.577659606933594
1528,30.920000076293945,29.871841430664062
1529,17.1200008392334,16.293272018432617
1530,13.199999809265137,13.122220993041992
1531,12.130000114440918,12.3123197555542
1532,45.79999923706055,44.98568344116211
1533,42.880001068115234,42.23408889770508
1534,55.36000061035156,53.20624923706055
1535,23.34000015258789,22.22269058227539
1536,46.56999969482422,46.60145568847656
1537,60.779998779296875,61.70579147338867
1538,11.0600004196167,9.41323471069336
1539,36.369998931884766,35.78360366821289
1540,16.0,14.497720718383789
1541,39.40999984741211,39.29251480102539
1542,33.70000076293945,31.61332893371582
1543,20.190000534057617,19.6968936920166
1544,24.389999389648438,24.842531204223633
1545,52.349998474121094,51.12760543823242
1546,7.03000020980835,5.765765190124512
1547,7.019999980926514,5.670079708099365
1548,19.170000076293945,18.648000717163086
1549,27.299999237060547,25.4737491607666
1550,8.819999694824219,7.346494674682617
1551,8.800000190734863,7.414941310882568
1552,31.290000915527344,30.316579818725586
1553,29.270000457763672,28.326805114746094
1554,56.650001525878906,55.181304931640625
1555,29.920000076293945,28.91122055053711
1556,9.90999984741211,10.227771759033203
1557,15.819999694824219,15.025579452514648
1558,34.65999984741211,33.71509552001953
1559,25.760000228881836,23.231273651123047
1560,17.850000381469727,16.541297912597656
1561,46.060001373291016,45.65620422363281
1562,26.770000457763672,25.6315975189209
1563,21.600000381469727,20.760282516479492
1564,45.810001373291016,44.935298919677734
1565,70.51000213623047,65.52765655517578
1566,53.63999938964844,51.4640998840332
1567,37.83000183105469,37.2278938293457
1568,51.04999923706055,49.6341667175293
1569,24.0,24.03228759765625
1570,33.060001373291016,32.767906188964844
1571,40.91999816894531,39.447879791259766
1572,76.01000213623047,72.73467254638672
1573,6.980000019073486,6.454030990600586
1574,3.1700000762939453,2.727780342102051
1575,37.63999938964844,37.13949966430664
1576,37.65999984741211,36.05582809448242
1577,71.58000183105469,68.15776062011719
1578,28.489999771118164,28.1121826171875
1579,54.65999984741211,53.281864166259766
1580,35.72999954223633,34.92412567138672
1581,9.770000457763672,8.887837409973145
1582,29.200000762939453,29.030052185058594
1583,31.139999389648438,29.801090240478516
1584,38.59000015258789,37.21465301513672
1585,48.95000076293945,46.707481384277344
1586,74.61000061035156,76.26177215576172
1587,17.770000457763672,17.632692337036133
1588,39.2599983215332,37.239139556884766
1589,16.489999771118164,15.64277458190918
1590,41.279998779296875,39.24028015136719
1591,35.5,34.73703384399414
1592,13.380000114440918,12.829102516174316
1593,19.350000381469727,17.84882164001465
1594,31.1200008392334,30.011728286743164
1595,8.9399995803833,8.472146034240723
1596,22.860000610351562,21.62624740600586
1597,21.799999237060547,20.585895538330078
1598,9.199999809265137,8.09671688079834
1599,39.18000030517578,37.2193603515625
1600,20.729999542236328,19.656755447387695
1601,8.670000076293945,8.265012741088867
1602,23.8700008392334,23.270614624023438
1603,19.3799991607666,18.80414581298828
1604,4.239999771118164,2.9082233905792236
1605,16.010000228881836,15.517208099365234
1606,12.510000228881836,12.316664695739746
1607,32.7599983215332,33.09872055053711
1608,21.190000534057617,20.33714485168457
1609,57.33000183105469,55.197784423828125
1610,68.5,65.885009765625
1611,13.920000076293945,13.804423332214355
1612,24.950000762939453,24.161144256591797
1613,41.68000030517578,40.383609771728516
1614,18.979999542236328,17.710918426513672
1615,25.229999542236328,24.1072940826416
1616,40.130001068115234,39.539485931396484
1617,8.289999961853027,8.019084930419922
1618,39.13999938964844,39.09565353393555
1619,4.940000057220459,3.3301351070404053
1620,32.349998474121094,30.328086853027344
1621,37.22999954223633,36.307857513427734
1622,13.100000381469727,11.735830307006836
1623,14.8100004196167,14.005227088928223
1624,5.760000228881836,4.953559875488281
1625,3.4600000381469727,2.6722731590270996
1626,69.55999755859375,73.53809356689453
1627,64.12000274658203,61.17490768432617
1628,13.4399995803833,12.15978717803955
1629,54.40999984741211,53.6153678894043
1630,14.699999809265137,12.69625186920166
1631,18.1200008392334,17.1059513092041
1632,30.850000381469727,29.519784927368164
1633,18.18000030517578,17.036996841430664
1634,35.34000015258789,33.92918014526367
1635,13.069999694824219,12.019254684448242
1636,15.8100004196167,15.294914245605469
1637,43.189998626708984,40.56059646606445
1638,27.68000030517578,26.226688385009766
1639,71.91999816894531,72.3898696899414
1640,15.989999771118164,14.617262840270996
1641,48.540000915527344,44.90201950073242
1642,12.5600004196167,11.848274230957031
1643,18.600000381469727,17.300792694091797
1644,21.56999969482422,20.6932373046875
1645,8.899999618530273,8.202820777893066
1646,10.399999618530273,9.386579513549805
1647,18.530000686645508,17.687694549560547
1648,53.849998474121094,52.026973724365234
1649,10.729999542236328,10.3097562789917
1650,5.510000228881836,4.71340799331665
1651,41.84000015258789,40.44703674316406
1652,7.079999923706055,6.428699970245361
1653,51.86000061035156,51.792842864990234
1654,15.960000038146973,15.667139053344727
1655,7.980000019073486,6.787946701049805
1656,42.25,40.2122688293457
1657,44.5,41.54724884033203
1658,15.25,14.588059425354004
1659,25.780000686645508,24.567901611328125
1660,4.880000114440918,3.6308252811431885
1661,73.36000061035156,74.20430755615234
1662,5.900000095367432,4.9231648445129395
1663,37.33000183105469,36.51297378540039
1664,11.239999771118164,10.378024101257324
1665,1.659999966621399,1.2366018295288086
1666,37.880001068115234,36.43822479248047
1667,67.05999755859375,66.63055419921875
1668,32.869998931884766,32.37229919433594
1669,43.93000030517578,40.8581657409668
1670,35.810001373291016,35.04697036743164
1671,27.8700008392334,27.02057647705078
1672,28.139999389648438,27.76071548461914
1673,17.440000534057617,17.447038650512695
1674,27.600000381469727,26.638660430908203
1675,22.93000030517578,21.96072769165039
1676,33.06999969482422,32.328468322753906
1677,18.360000610351562,17.519508361816406
1678,5.869999885559082,4.675126075744629
1679,6.53000020980835,5.569836139678955
1680,6.559999942779541,4.5364274978637695
1681,14.390000343322754,14.051018714904785
1682,32.400001525878906,30.64828872680664
1683,6.130000114440918,4.578762054443359
1684,31.780000686645508,30.928117752075195
1685,20.81999969482422,20.67919158935547
1686,40.79999923706055,38.039066314697266
1687,66.26000213623047,64.88008880615234
1688,19.299999237060547,18.581375122070312
1689,4.369999885559082,2.520263433456421
1690,28.25,26.20357322692871
1691,41.75,41.2502555847168
1692,40.099998474121094,40.0573616027832
1693,7.579999923706055,6.673996925354004
1694,61.91999816894531,62.55875015258789
1695,5.110000133514404,3.820664644241333
1696,34.099998474121094,32.14076614379883
1697,44.060001373291016,42.763126373291016
1698,22.600000381469727,21.607507705688477
1699,23.6200008392334,22.900558471679688
1700,52.279998779296875,51.213924407958984
1701,20.31999969482422,19.63758087158203
1702,45.52000045776367,43.76629638671875
1703,25.1200008392334,24.337766647338867
1704,18.540000915527344,17.08696746826172
1705,33.560001373291016,32.077003479003906
1706,18.899999618530273,18.724151611328125
1707,4.340000152587891,2.7242441177368164
1708,24.299999237060547,22.86344337463379
1709,29.219999313354492,28.283191680908203
1710,19.979999542236328,19.322359085083008
1711,40.619998931884766,40.85593032836914
1712,12.15999984741211,11.29259204864502
1713,48.06999969482422,45.90192794799805
1714,30.530000686645508,29.936359405517578
1715,16.360000610351562,15.826385498046875
1716,31.3799991607666,28.63404083251953
1717,4.289999961853027,3.0391368865966797
1718,30.5,28.845252990722656
1719,30.260000228881836,29.54615592956543
1720,20.610000610351562,20.08184814453125
1721,8.329999923706055,6.677517414093018
1722,30.81999969482422,31.038415908813477
1723,71.55000305175781,71.36968994140625
1724,33.40999984741211,31.67361831665039
1725,16.559999465942383,16.041973114013672
1726,67.16000366210938,65.24327850341797
1727,40.209999084472656,40.609169006347656
1728,9.40999984741211,8.268608093261719
1729,16.899999618530273,16.109638214111328
1730,30.520000457763672,29.396591186523438
1731,29.43000030517578,28.193790435791016
1732,65.95999908447266,65.58199310302734
1733,17.030000686645508,15.077615737915039
1734,24.489999771118164,23.42662811279297
1735,28.739999771118164,27.885433197021484
1736,10.109999656677246,9.164888381958008
1737,20.5,19.751615524291992
1738,22.989999771118164,21.72928237915039
1739,14.850000381469727,13.566716194152832
1740,10.479999542236328,9.36811637878418
1741,1.9500000476837158,1.7719603776931763
1742,19.25,18.195064544677734
1743,39.630001068115234,38.922298431396484
1744,15.289999961853027,15.329782485961914
1745,39.5,39.92385482788086
1746,21.56999969482422,20.327348709106445
1747,40.36000061035156,39.86289596557617
1748,12.479999542236328,11.940699577331543
1749,41.70000076293945,37.49699401855469
1750,37.369998931884766,35.31039047241211
1751,48.54999923706055,46.16788101196289
1752,24.5,23.08892822265625
1753,12.34000015258789,12.915343284606934
1754,72.05000305175781,73.67858123779297
1755,26.809999465942383,26.633316040039062
1756,29.489999771118164,28.076669692993164
1757,3.3499999046325684,2.115330457687378
1758,45.689998626708984,44.85890579223633
1759,19.8799991607666,18.970293045043945
1760,24.639999389648438,23.52159881591797
1761,21.40999984741211,20.343984603881836
1762,40.70000076293945,40.11178970336914
1763,21.510000228881836,21.22024917602539
1764,9.59000015258789,8.504400253295898
1765,20.079999923706055,18.953794479370117
1766,46.959999084472656,44.14943313598633
1767,14.710000038146973,14.297816276550293
1768,10.65999984741211,9.740095138549805
1769,29.239999771118164,27.839370727539062
1770,10.630000114440918,9.926201820373535
1771,25.079999923706055,23.691551208496094
1772,26.350000381469727,25.920143127441406
1773,29.920000076293945,29.1214542388916
1774,2.430000066757202,1.6540005207061768
1775,35.79999923706055,35.386470794677734
1776,28.059999465942383,27.481359481811523
1777,38.22999954223633,36.51982498168945
1778,19.389999389648438,18.729450225830078
1779,6.230000019073486,5.580965518951416
1780,38.9900016784668,38.152957916259766
1781,7.349999904632568,6.411829471588135
1782,19.530000686645508,19.374221801757812
1783,45.619998931884766,45.428653717041016
1784,20.040000915527344,19.110546112060547
1785,18.290000915527344,17.691465377807617
1786,21.270000457763672,20.30331039428711
1787,36.75,36.272560119628906
1788,13.0600004196167,11.566766738891602
1789,27.649999618530273,25.811729431152344
1790,11.039999961853027,10.063565254211426
1791,57.220001220703125,53.5494499206543
1792,23.239999771118164,22.68016815185547
1793,23.979999542236328,23.010250091552734
1794,3.569999933242798,3.4803922176361084
1795,48.650001525878906,46.87003707885742
1796,31.969999313354492,30.169286727905273
1797,47.7400016784668,45.076786041259766
1798,7.010000228881836,6.184457778930664
1799,3.049999952316284,1.7963497638702393
1800,44.470001220703125,42.55308151245117
1801,70.44000244140625,70.37620544433594
1802,31.719999313354492,29.09464454650879
1803,59.060001373291016,56.786800384521484
1804,21.229999542236328,21.308565139770508
1805,22.299999237060547,20.977121353149414
1806,44.959999084472656,45.06399154663086
1807,24.1299991607666,22.734294891357422
1808,31.700000762939453,30.607696533203125
1809,46.810001373291016,46.21126174926758
1810,18.56999969482422,19.338069915771484
1811,47.959999084472656,47.800662994384766
1812,24.049999237060547,24.80147933959961
1813,50.150001525878906,48.82773971557617
1814,21.510000228881836,21.015609741210938
1815,34.31999969482422,33.88336944580078
1816,23.790000915527344,23.029857635498047
1817,6.730000019073486,5.132056713104248
1818,28.790000915527344,28.171707153320312
1819,73.5199966430664,70.88584899902344
1820,57.61000061035156,55.43925094604492
1821,35.4900016784668,35.21353530883789
1822,13.449999809265137,12.949207305908203
1823,25.139999389648438,23.209976196289062
1824,21.790000915527344,20.962154388427734
1825,19.610000610351562,18.572837829589844
1826,17.1200008392334,15.920242309570312
1827,13.380000114440918,13.502829551696777
1828,8.880000114440918,7.8832902908325195
1829,25.059999465942383,23.6782169342041
1830,16.260000228881836,15.691463470458984
1831,29.530000686645508,29.290767669677734
1832,3.140000104904175,2.2223448753356934
1833,31.700000762939453,30.385717391967773
1834,6.53000020980835,5.886532783508301
1835,13.430000305175781,12.67734432220459
1836,32.369998931884766,30.69847869873047
1837,9.010000228881836,9.2784423828125
1838,19.559999465942383,18.350242614746094
1839,15.90999984741211,14.956537246704102
1840,44.540000915527344,43.611488342285156
1841,19.479999542236328,19.367145538330078
1842,31.979999542236328,31.2327880859375
1843,5.539999961853027,4.050119876861572
1844,11.510000228881836,10.470420837402344
1845,23.270000457763672,22.092405319213867
1846,35.119998931884766,35.1287956237793
1847,14.0,13.177810668945312
1848,13.1899995803833,12.150123596191406
1849,47.2400016784668,46.71464157104492
1850,33.47999954223633,33.52177810668945
1851,25.079999923706055,23.92795753479004
1852,22.530000686645508,21.136878967285156
1853,11.819999694824219,10.599456787109375
1854,10.979999542236328,10.027448654174805
1855,13.8100004196167,13.186796188354492
1856,14.600000381469727,14.098654747009277
1857,23.90999984741211,22.330055236816406
1858,21.1299991607666,20.731678009033203
1859,23.639999389648438,22.11709213256836
1860,11.34000015258789,10.626113891601562
1861,65.80999755859375,69.55438995361328
1862,31.100000381469727,31.86701202392578
1863,73.01000213623047,72.01001739501953
1864,75.12000274658203,74.9687271118164
1865,26.8700008392334,25.883270263671875
1866,25.040000915527344,24.152896881103516
1867,6.869999885559082,6.003357410430908
1868,39.0,38.091609954833984
1869,7.960000038146973,7.120871067047119
1870,23.489999771118164,21.996322631835938
1871,4.989999771118164,4.378665447235107
1872,43.380001068115234,42.24922561645508
1873,18.299999237060547,16.969058990478516
1874,22.690000534057617,22.303451538085938
1875,22.1200008392334,20.756793975830078
1876,63.84000015258789,63.362606048583984
1877,31.030000686645508,30.099945068359375
1878,4.760000228881836,3.918990135192871
1879,31.700000762939453,30.770309448242188
1880,32.27000045776367,31.52100944519043
1881,52.4900016784668,49.245887756347656
1882,26.760000228881836,26.075740814208984
1883,52.290000915527344,51.25094985961914
1884,7.170000076293945,6.451802730560303
1885,12.520000457763672,11.87227725982666
1886,16.059999465942383,15.697265625
1887,32.56999969482422,31.121061325073242
1888,21.360000610351562,20.839231491088867
1889,15.069999694824219,14.487448692321777
1890,19.360000610351562,18.755069732666016
1891,26.350000381469727,25.41036605834961
1892,21.459999084472656,21.372529983520508
1893,16.93000030517578,15.86728286743164
1894,50.79999923706055,48.680335998535156
1895,12.270000457763672,11.07524299621582
1896,26.770000457763672,26.22158432006836
1897,21.309999465942383,20.397750854492188
1898,17.709999084472656,17.323881149291992
1899,45.630001068115234,45.249454498291016
1900,45.68000030517578,43.33397674560547
1901,11.239999771118164,10.922390937805176
1902,6.449999809265137,5.725059509277344
1903,27.459999084472656,26.9388370513916
1904,47.13999938964844,45.8763427734375
1905,39.38999938964844,37.989952087402344
1906,12.779999732971191,11.869317054748535
1907,50.9900016784668,50.473995208740234
1908,31.010000228881836,29.71611785888672
1909,28.079999923706055,27.726425170898438
1910,5.860000133514404,5.011734485626221
1911,6.619999885559082,5.712080478668213
1912,38.59000015258789,37.26893997192383
1913,13.569999694824219,12.869820594787598
1914,69.52999877929688,68.7899169921875
1915,30.719999313354492,29.394987106323242
1916,35.459999084472656,34.271324157714844
1917,20.969999313354492,19.959232330322266
1918,34.099998474121094,32.930938720703125
1919,47.36000061035156,46.1739387512207
1920,11.220000267028809,10.555193901062012
1921,42.119998931884766,40.20228958129883
1922,17.649999618530273,17.524843215942383
1923,55.11000061035156,54.059913635253906
1924,34.040000915527344,33.059024810791016
1925,18.59000015258789,18.333484649658203
1926,31.829999923706055,30.645626068115234
1927,16.8799991607666,16.62778091430664
1928,16.649999618530273,16.45688819885254
1929,29.56999969482422,29.280637741088867
1930,35.349998474121094,35.0383415222168
1931,12.319999694824219,11.329411506652832
1932,5.929999828338623,4.307938575744629
1933,32.810001373291016,32.29107666015625
1934,18.690000534057617,18.340614318847656
1935,46.88999938964844,45.898338317871094
1936,31.170000076293945,30.349891662597656
1937,9.100000381469727,8.035927772521973
1938,44.66999816894531,42.746055603027344
1939,39.130001068115234,38.515140533447266
1940,18.719999313354492,18.02659797668457
1941,18.979999542236328,18.04279327392578
1942,12.40999984741211,11.850342750549316
1943,51.25,50.155208587646484
1944,6.840000152587891,6.306304454803467
1945,20.809999465942383,20.290193557739258
1946,4.179999828338623,3.3630053997039795
1947,62.099998474121094,63.245079040527344
1948,31.729999542236328,30.241302490234375
1949,22.40999984741211,21.32207679748535
1950,46.029998779296875,45.46107864379883
1951,23.950000762939453,23.145709991455078
1952,13.199999809265137,12.212950706481934
1953,46.02000045776367,45.076446533203125
1954,57.54999923706055,57.609554290771484
1955,41.25,39.67525863647461
1956,24.920000076293945,23.58039665222168
1957,14.460000038146973,13.782513618469238
1958,38.0099983215332,37.87246322631836
1959,60.810001373291016,59.62376022338867
1960,32.43000030517578,31.806690216064453
1961,16.149999618530273,14.958002090454102
1962,56.189998626708984,54.67243957519531
1963,23.510000228881836,22.35056495666504
1964,31.31999969482422,29.277063369750977
1965,41.790000915527344,39.870391845703125
1966,14.149999618530273,14.050299644470215
1967,25.75,24.490339279174805
1968,22.15999984741211,21.70836639404297
1969,22.610000610351562,21.51514434814453
1970,18.34000015258789,17.045608520507812
1971,21.360000610351562,20.833040237426758
1972,4.510000228881836,3.2259743213653564
1973,38.63999938964844,37.78762435913086
1974,8.979999542236328,7.300268173217773
1975,23.5,22.976722717285156
1976,26.06999969482422,25.675399780273438
1977,30.110000610351562,28.122940063476562
1978,31.81999969482422,30.5762939453125
1979,55.70000076293945,53.62510681152344
1980,28.950000762939453,28.60208511352539
1981,64.27999877929688,62.35360336303711
1982,17.770000457763672,17.315237045288086
1983,20.479999542236328,18.613426208496094
1984,11.529999732971191,10.876659393310547
1985,1.5800000429153442,1.3604673147201538
1986,12.130000114440918,11.568078994750977
1987,52.2599983215332,50.80320358276367
1988,20.239999771118164,19.999408721923828
1989,28.549999237060547,26.392967224121094
1990,18.239999771118164,17.531375885009766
1991,36.029998779296875,35.006771087646484
1992,33.2400016784668,32.20786666870117
1993,4.909999847412109,3.389209747314453
1994,9.729999542236328,9.025239944458008
1995,19.559999465942383,18.880653381347656
1996,26.040000915527344,25.439626693725586
1997,26.540000915527344,26.29403305053711
1998,14.760000228881836,12.943047523498535
1999,54.459999084472656,53.045921325683594
2000,43.11000061035156,42.274513244628906
2001,39.0099983215332,37.52592086791992
2002,25.959999084472656,25.054670333862305
2003,14.8100004196167,13.740378379821777
2004,21.670000076293945,22.277769088745117
2005,34.150001525878906,33.348087310791016
2006,25.489999771118164,23.419246673583984
2007,36.97999954223633,35.27560806274414
2008,22.290000915527344,20.865760803222656
2009,53.650001525878906,53.74956130981445
2010,29.8700008392334,29.55283546447754
2011,31.690000534057617,30.852460861206055
2012,19.079999923706055,17.629680633544922
2013,30.760000228881836,29.416915893554688
2014,29.229999542236328,28.771141052246094
2015,14.210000038146973,13.445133209228516
2016,1.2899999618530273,1.1980736255645752
2017,32.27000045776367,30.82522201538086
2018,37.7400016784668,36.127803802490234
2019,23.420000076293945,22.54053497314453
2020,31.59000015258789,30.689844131469727
2021,18.360000610351562,16.881977081298828
2022,17.530000686645508,17.131732940673828
2023,32.25,31.047534942626953
2024,7.949999809265137,6.991606712341309
2025,10.619999885559082,9.748326301574707
2026,25.649999618530273,24.701990127563477
2027,42.529998779296875,42.12862777709961
2028,27.309999465942383,27.343284606933594
2029,12.069999694824219,11.533378601074219
2030,31.1200008392334,29.1759033203125
2031,29.270000457763672,28.544109344482422
2032,59.79999923706055,58.83039855957031
2033,5.349999904632568,4.565672874450684
2034,35.34000015258789,34.34517288208008
2035,4.579999923706055,3.5305111408233643
2036,13.869999885559082,13.523600578308105
2037,30.170000076293945,28.842824935913086
2038,46.029998779296875,43.483394622802734
2039,12.649999618530273,12.306801795959473
2040,50.27000045776367,48.89386749267578
2041,19.729999542236328,18.84711456298828
2042,19.600000381469727,18.58946990966797
2043,3.1500000953674316,1.7836129665374756
2044,15.65999984741211,14.70454216003418
2045,9.420000076293945,8.44935417175293
2046,17.600000381469727,16.327157974243164
2047,22.93000030517578,22.69438934326172
2048,12.25,11.176011085510254
2049,46.349998474121094,45.84109878540039
2050,34.5,34.564422607421875
2051,30.649999618530273,29.448959350585938
2052,12.640000343322754,11.948880195617676
2053,16.530000686645508,16.934276580810547
2054,19.3799991607666,18.04598045349121
2055,20.31999969482422,19.47409439086914
2056,8.890000343322754,8.357227325439453
2057,6.659999847412109,5.510134220123291
2058,26.739999771118164,26.101482391357422
2059,12.220000267028809,12.634644508361816
2060,34.83000183105469,33.63597106933594
2061,37.84000015258789,38.475406646728516
2062,25.860000610351562,23.870973587036133
2063,46.34000015258789,45.06657028198242
2064,53.18000030517578,51.408294677734375
2065,66.55999755859375,63.609153747558594
2066,68.2699966430664,64.66219329833984
2067,31.270000457763672,29.998977661132812
2068,54.56999969482422,55.33130645751953
2069,28.260000228881836,27.334819793701172
2070,41.5099983215332,40.03776550292969
2071,51.43000030517578,50.903873443603516
2072,6.840000152587891,5.497509956359863
2073,46.2400016784668,44.730350494384766
2074,49.93000030517578,48.59782791137695
2075,33.11000061035156,33.405250549316406
2076,32.34000015258789,31.950992584228516
2077,54.45000076293945,53.28369140625
2078,57.290000915527344,56.493961334228516
2079,14.229999542236328,12.894370079040527
2080,59.400001525878906,56.55021286010742
2081,8.520000457763672,7.236299514770508
2082,38.150001525878906,36.34193420410156
2083,35.70000076293945,35.17267990112305
2084,41.900001525878906,40.22089767456055
2085,26.790000915527344,26.463857650756836
2086,22.079999923706055,21.10715103149414
2087,63.220001220703125,64.09712982177734
2088,35.0099983215332,33.75798034667969
2089,38.060001373291016,37.5163688659668
2090,25.920000076293945,25.025798797607422
2091,41.619998931884766,40.690364837646484
2092,23.219999313354492,21.85964584350586
2093,34.08000183105469,32.917728424072266
2094,52.40999984741211,52.70515441894531
2095,7.789999961853027,6.5126214027404785
2096,18.65999984741211,18.44334602355957
2097,5.579999923706055,4.976410388946533
2098,32.11000061035156,31.61170768737793
2099,21.209999084472656,19.931947708129883
2100,12.0600004196167,12.141912460327148
2101,29.450000762939453,29.06673812866211
2102,20.93000030517578,20.111976623535156
2103,58.18000030517578,60.04316329956055
2104,40.380001068115234,38.23186111450195
2105,49.349998474121094,48.1926155090332
2106,19.290000915527344,19.040220260620117
2107,16.729999542236328,16.423791885375977
2108,38.459999084472656,37.66922378540039
2109,29.229999542236328,27.97374725341797
2110,10.84000015258789,9.762567520141602
2111,16.760000228881836,14.742965698242188
2112,60.54999923706055,59.36829376220703
2113,10.960000038146973,10.236406326293945
2114,4.199999809265137,2.93209171295166
2115,18.489999771118164,17.209548950195312
2116,44.06999969482422,42.995628356933594
2117,23.670000076293945,23.027734756469727
2118,21.5,20.23480224609375
2119,21.829999923706055,20.70423126220703
2120,10.630000114440918,10.245745658874512
2121,28.139999389648438,27.379276275634766
2122,52.22999954223633,49.153099060058594
2123,3.5799999237060547,2.086057662963867
2124,10.149999618530273,8.892021179199219
2125,13.760000228881836,13.029474258422852
2126,21.229999542236328,19.970781326293945
2127,23.3700008392334,22.328947067260742
2128,54.34000015258789,53.25435256958008
2129,36.08000183105469,34.868534088134766
2130,37.84000015258789,36.900577545166016
2131,9.699999809265137,8.850223541259766
2132,10.75,10.283432006835938
2133,28.739999771118164,27.778425216674805
2134,26.75,25.598875045776367
2135,3.3399999141693115,2.158557415008545
2136,70.63999938964844,68.97539520263672
2137,20.520000457763672,19.98898696899414
2138,29.600000381469727,29.219940185546875
2139,29.440000534057617,30.235923767089844
2140,24.889999389648438,23.654727935791016
2141,30.06999969482422,29.900712966918945
2142,46.119998931884766,44.80791473388672
2143,9.539999961853027,8.60893726348877
2144,31.360000610351562,29.497360229492188
2145,29.610000610351562,29.398426055908203
2146,18.889999389648438,18.388456344604492
2147,24.969999313354492,24.691364288330078
2148,11.260000228881836,10.794103622436523
2149,13.699999809265137,13.154623031616211
2150,27.59000015258789,27.541547775268555
2151,14.170000076293945,13.641161918640137
2152,21.850000381469727,20.161975860595703
2153,43.880001068115234,43.20092010498047
2154,37.099998474121094,37.0683479309082
2155,5.159999847412109,3.688474178314209
2156,9.90999984741211,9.629317283630371
2157,45.0,42.8830680847168
2158,47.65999984741211,44.979286193847656
2159,25.510000228881836,24.56443214416504
2160,38.09000015258789,37.82466506958008
2161,23.09000015258789,22.74919319152832
2162,44.189998626708984,42.60554122924805
2163,47.529998779296875,46.582454681396484
2164,38.7400016784668,38.501163482666016
2165,21.670000076293945,20.864389419555664
2166,36.529998779296875,36.56605911254883
2167,31.59000015258789,30.066261291503906
2168,26.200000762939453,25.231796264648438
2169,6.369999885559082,4.523760795593262
2170,26.989999771118164,25.81637954711914
2171,39.04999923706055,39.282493591308594
2172,14.65999984741211,13.795668601989746
2173,57.02000045776367,55.398860931396484
2174,31.31999969482422,30.1715087890625
2175,44.02000045776367,41.98410415649414
2176,14.130000114440918,13.37466049194336
2177,19.3799991607666,18.268224716186523
2178,17.770000457763672,17.667953491210938
2179,27.3700008392334,27.334318161010742
2180,17.639999389648438,17.567440032958984
2181,10.170000076293945,9.560489654541016
2182,32.41999816894531,31.47016716003418
2183,20.360000610351562,19.79948616027832
2184,16.510000228881836,15.164678573608398
2185,9.289999961853027,8.320233345031738
2186,28.43000030517578,26.929187774658203
2187,18.209999084472656,17.223058700561523
2188,40.06999969482422,40.129024505615234
2189,31.100000381469727,30.43199348449707
2190,3.890000104904175,2.548680067062378
2191,60.560001373291016,56.11227035522461
2192,27.34000015258789,25.953353881835938
2193,23.059999465942383,22.908618927001953
2194,24.610000610351562,23.8219051361084
2195,30.020000457763672,28.50518035888672
2196,17.979999542236328,17.1961727142334
2197,8.789999961853027,7.769054889678955
2198,21.530000686645508,20.105377197265625
2199,25.309999465942383,24.712114334106445
2200,30.09000015258789,29.007091522216797
2201,17.139999389648438,16.171327590942383
2202,45.630001068115234,40.26461410522461
2203,5.590000152587891,2.5356554985046387
2204,22.079999923706055,21.89269256591797
2205,48.63999938964844,47.901729583740234
2206,26.0,24.977680206298828
2207,18.93000030517578,18.647239685058594
2208,30.520000457763672,30.220266342163086
2209,33.70000076293945,33.19459915161133
2210,32.95000076293945,32.499385833740234
2211,23.5,21.824600219726562
2212,33.13999938964844,32.04995346069336
2213,26.170000076293945,24.374855041503906
2214,39.630001068115234,37.33808135986328
2215,67.88999938964844,68.36158752441406
2216,39.4900016784668,38.53335189819336
2217,71.93000030517578,64.69921875
2218,3.6600000858306885,2.381373643875122
2219,31.979999542236328,32.21098709106445
2220,26.280000686645508,25.58074188232422
2221,11.180000305175781,10.543991088867188
2222,30.56999969482422,28.99566650390625
2223,27.479999542236328,26.39238739013672
2224,6.78000020980835,6.284095764160156
2225,52.970001220703125,52.59959030151367
2226,8.670000076293945,7.539059162139893
2227,28.799999237060547,28.92532730102539
2228,22.229999542236328,20.91718101501465
2229,30.700000762939453,30.396041870117188
2230,17.020000457763672,16.38897132873535
2231,37.38999938964844,35.834800720214844
2232,12.420000076293945,11.29903507232666
2233,29.690000534057617,28.738449096679688
2234,38.66999816894531,37.02564239501953
2235,11.880000114440918,10.697261810302734
2236,20.950000762939453,20.02045440673828
2237,53.54999923706055,52.03527069091797
2238,13.369999885559082,12.99802017211914
2239,62.459999084472656,62.18113708496094
2240,35.91999816894531,34.533042907714844
2241,39.16999816894531,37.41850662231445
2242,14.470000267028809,13.443031311035156
2243,16.149999618530273,15.139053344726562
2244,9.869999885559082,8.568778038024902
2245,24.68000030517578,23.759422302246094
2246,32.310001373291016,30.911121368408203
2247,23.149999618530273,22.873729705810547
2248,38.93000030517578,39.09436798095703
2249,11.930000305175781,11.377416610717773
2250,11.210000038146973,10.459184646606445
2251,21.65999984741211,20.805063247680664
2252,13.680000305175781,13.18263053894043
2253,25.979999542236328,24.691516876220703
2254,7.940000057220459,6.910721302032471
2255,12.069999694824219,11.485095024108887
2256,25.360000610351562,24.787919998168945
2257,55.2599983215332,53.24568557739258
2258,31.5,30.57992935180664
2259,9.8100004196167,8.550993919372559
2260,29.709999084472656,28.221752166748047
2261,35.040000915527344,34.066627502441406
2262,63.15999984741211,62.85717010498047
2263,10.619999885559082,9.68712329864502
2264,32.47999954223633,30.481414794921875
2265,11.369999885559082,10.403913497924805
2266,13.680000305175781,13.35030746459961
2267,29.459999084472656,28.62340545654297
2268,27.190000534057617,25.435150146484375
2269,55.31999969482422,55.56275177001953
2270,29.6200008392334,28.585634231567383
2271,3.3499999046325684,2.1260125637054443
2272,6.179999828338623,5.106571674346924
2273,43.849998474121094,43.13212203979492
2274,9.670000076293945,8.972210884094238
2275,35.349998474121094,34.22291946411133
2276,51.189998626708984,47.97221374511719
2277,21.190000534057617,19.855979919433594
2278,31.43000030517578,31.853315353393555
2279,67.6500015258789,67.60297393798828
2280,19.690000534057617,18.874481201171875
2281,34.310001373291016,33.47837448120117
2282,26.65999984741211,26.090984344482422
2283,18.56999969482422,18.092178344726562
2284,37.20000076293945,36.794559478759766
2285,61.04999923706055,57.43693542480469
2286,8.600000381469727,8.125436782836914
2287,41.040000915527344,40.39373016357422
2288,40.4900016784668,38.11167907714844
2289,44.11000061035156,42.561058044433594
2290,23.459999084472656,22.086811065673828
2291,68.7699966430664,71.19224548339844
2292,28.329999923706055,26.23886489868164
2293,15.680000305175781,15.195749282836914
2294,26.739999771118164,26.154769897460938
2295,13.140000343322754,13.34152603149414
2296,39.36000061035156,36.454734802246094
2297,3.9000000953674316,3.226374864578247
2298,16.719999313354492,15.129404067993164
2299,20.760000228881836,20.713382720947266
2300,34.970001220703125,34.786705017089844
2301,34.43000030517578,32.67431640625
2302,43.90999984741211,43.42801284790039
2303,46.79999923706055,44.32722473144531
2304,36.619998931884766,36.42673110961914
2305,43.09000015258789,42.234859466552734
2306,27.15999984741211,25.684816360473633
2307,35.560001373291016,35.19028091430664
2308,10.699999809265137,9.954452514648438
2309,33.369998931884766,31.401979446411133
2310,30.610000610351562,29.897130966186523
2311,19.780000686645508,19.310810089111328
2312,31.81999969482422,31.32747459411621
2313,48.56999969482422,46.53788757324219
2314,50.63999938964844,49.5817985534668
2315,19.450000762939453,19.6010684967041
2316,42.099998474121094,41.49094009399414
2317,15.449999809265137,14.68057632446289
2318,9.079999923706055,7.9794840812683105
2319,67.87000274658203,66.89203643798828
2320,15.390000343322754,14.247248649597168
2321,71.19999694824219,70.34659576416016
2322,7.929999828338623,10.398265838623047
2323,22.100000381469727,20.878662109375
2324,39.97999954223633,38.51192855834961
2325,10.460000038146973,9.969698905944824
2326,39.810001373291016,38.37943649291992
2327,31.020000457763672,29.353485107421875
2328,1.7400000095367432,1.4599064588546753
2329,63.95000076293945,62.53004837036133
2330,29.600000381469727,28.469064712524414
2331,46.029998779296875,45.932437896728516
2332,26.290000915527344,25.807289123535156
2333,45.380001068115234,42.74699401855469
2334,44.220001220703125,41.1329231262207
2335,56.2400016784668,54.857337951660156
2336,6.349999904632568,5.083586692810059
2337,35.41999816894531,34.58382797241211
2338,29.110000610351562,29.055034637451172
2339,13.859999656677246,12.199137687683105
2340,7.019999980926514,6.041023254394531
2341,20.079999923706055,19.108314514160156
2342,42.900001525878906,42.31604766845703
2343,19.170000076293945,17.900814056396484
2344,51.45000076293945,50.67138671875
2345,8.399999618530273,7.894185543060303
2346,53.099998474121094,51.52185821533203
2347,21.940000534057617,20.619140625
2348,57.369998931884766,55.309383392333984
2349,5.880000114440918,4.801164150238037
2350,30.290000915527344,28.903600692749023
2351,33.689998626708984,32.04522705078125
2352,20.06999969482422,19.73381996154785
2353,32.849998474121094,31.92132568359375
2354,28.479999542236328,26.630868911743164
2355,30.56999969482422,30.29802703857422
2356,46.86000061035156,46.28837203979492
2357,34.43000030517578,32.931678771972656
2358,25.149999618530273,24.566089630126953
2359,13.699999809265137,13.359617233276367
2360,7.429999828338623,5.694265365600586
2361,44.04999923706055,42.680397033691406
2362,37.380001068115234,37.448246002197266
2363,10.75,9.937432289123535
2364,9.90999984741211,9.007009506225586
2365,52.97999954223633,53.27599334716797
2366,23.239999771118164,22.087203979492188
2367,5.690000057220459,4.533778190612793
2368,55.70000076293945,54.8945198059082
2369,42.7400016784668,42.08935546875
2370,32.86000061035156,31.942039489746094
2371,25.950000762939453,24.745346069335938
2372,62.150001525878906,62.65741729736328
2373,14.729999542236328,14.366364479064941
2374,31.510000228881836,29.793542861938477
2375,46.43000030517578,44.57133483886719
2376,38.61000061035156,37.24384689331055
2377,29.979999542236328,28.652267456054688
2378,37.0099983215332,36.558109283447266
2379,14.039999961853027,13.366203308105469
2380,10.670000076293945,10.430558204650879
2381,41.900001525878906,39.21638488769531
2382,29.059999465942383,28.516754150390625
2383,14.630000114440918,14.117960929870605
2384,33.43000030517578,31.977022171020508
2385,44.68000030517578,43.643497467041016
2386,33.20000076293945,32.61791229248047
2387,59.720001220703125,59.806575775146484
2388,46.4900016784668,45.32727813720703
2389,62.099998474121094,57.13600158691406
2390,29.329999923706055,28.590457916259766
2391,17.639999389648438,16.409135818481445
2392,9.579999923706055,8.250320434570312
2393,37.709999084472656,36.87992477416992
2394,9.5,8.666237831115723
2395,39.31999969482422,38.80686569213867
2396,31.40999984741211,29.855600357055664
2397,13.510000228881836,12.462699890136719
2398,44.27000045776367,44.558433532714844
2399,39.04999923706055,36.787757873535156
2400,19.040000915527344,17.91175079345703
2401,8.84000015258789,7.484489917755127
2402,37.75,36.37784194946289
2403,26.940000534057617,24.97570037841797
2404,49.40999984741211,48.27302169799805
2405,9.75,9.714177131652832
2406,16.639999389648438,15.598726272583008
2407,13.65999984741211,13.74242115020752
2408,49.61000061035156,49.093994140625
2409,9.270000457763672,8.402121543884277
2410,37.650001525878906,36.73817443847656
2411,14.9399995803833,13.752896308898926
2412,30.56999969482422,29.634769439697266
2413,47.310001373291016,46.31240463256836
2414,22.489999771118164,20.828201293945312
2415,9.399999618530273,8.319555282592773
2416,17.729999542236328,17.16089630126953
2417,35.83000183105469,34.760467529296875
2418,7.53000020980835,7.250897407531738
2419,26.260000228881836,24.983694076538086
2420,37.90999984741211,36.448692321777344
2421,39.66999816894531,38.79066848754883
2422,8.100000381469727,6.703066825866699
2423,45.4900016784668,45.264163970947266
2424,10.5,9.428119659423828
2425,4.079999923706055,3.1541943550109863
2426,26.889999389648438,25.61236000061035
2427,21.770000457763672,20.844987869262695
2428,7.010000228881836,5.7877116203308105
2429,64.83999633789062,64.91260528564453
2430,3.3499999046325684,2.0807435512542725
2431,39.220001220703125,38.258811950683594
2432,4.980000019073486,3.2677130699157715
2433,22.920000076293945,22.29825210571289
2434,23.649999618530273,22.315088272094727
2435,71.06999969482422,71.8464126586914
2436,38.79999923706055,36.705894470214844
2437,26.360000610351562,26.001352310180664
2438,4.75,3.6317298412323
2439,14.029999732971191,13.909300804138184
2440,33.36000061035156,32.26698303222656
2441,23.219999313354492,22.522907257080078
2442,3.359999895095825,2.1032626628875732
2443,25.010000228881836,23.33834457397461
2444,45.95000076293945,45.2453727722168
2445,32.400001525878906,32.5275993347168
2446,19.670000076293945,18.583986282348633
2447,24.020000457763672,23.51016616821289
2448,43.02000045776367,42.561485290527344
2449,27.84000015258789,26.831432342529297
2450,4.989999771118164,3.2467780113220215
2451,10.010000228881836,9.350218772888184
2452,16.479999542236328,15.493438720703125
2453,19.229999542236328,18.304370880126953
2454,41.27000045776367,40.212364196777344
2455,40.189998626708984,39.8690071105957
2456,16.8700008392334,16.808923721313477
2457,29.110000610351562,28.450363159179688
2458,4.570000171661377,3.571160316467285
2459,27.139999389648438,27.030471801757812
2460,12.020000457763672,11.050150871276855
2461,26.559999465942383,24.928470611572266
2462,39.72999954223633,38.73566818237305
2463,16.209999084472656,16.083702087402344
2464,11.5,11.504511833190918
2465,13.800000190734863,12.148441314697266
2466,14.779999732971191,13.83626651763916
2467,11.579999923706055,10.134546279907227
2468,42.63999938964844,41.67629623413086
2469,32.61000061035156,30.90254783630371
2470,9.979999542236328,9.565728187561035
2471,15.40999984741211,15.026121139526367
2472,57.099998474121094,55.480167388916016
2473,43.599998474121094,42.31354904174805
2474,23.75,22.192461013793945
2475,26.690000534057617,26.144142150878906
2476,41.689998626708984,42.79408645629883
2477,25.760000228881836,25.264989852905273
2478,37.15999984741211,34.62729263305664
2479,29.34000015258789,28.140527725219727
2480,49.029998779296875,45.78828048706055
2481,13.920000076293945,12.823893547058105
2482,19.31999969482422,18.306533813476562
2483,35.59000015258789,35.05644989013672
2484,14.550000190734863,13.721976280212402
2485,9.680000305175781,9.630171775817871
2486,28.170000076293945,27.560983657836914
2487,3.950000047683716,2.442547559738159
2488,13.979999542236328,12.633034706115723
2489,8.569999694824219,7.565530776977539
2490,18.6299991607666,18.06817054748535
2491,58.90999984741211,55.324214935302734
2492,42.150001525878906,40.95505142211914
2493,18.860000610351562,17.60354995727539
2494,26.350000381469727,24.431354522705078
2495,22.040000915527344,21.15979766845703
2496,43.45000076293945,42.15522384643555
2497,11.5600004196167,11.18468189239502
2498,55.400001525878906,54.831459045410156
2499,8.789999961853027,7.732594013214111
2500,31.899999618530273,31.40234375
2501,41.88999938964844,38.843353271484375
2502,40.689998626708984,38.3994026184082
2503,58.93000030517578,56.13191604614258
2504,62.38999938964844,59.950592041015625
2505,31.209999084472656,31.54479217529297
2506,23.110000610351562,22.435834884643555
2507,7.340000152587891,6.202211380004883
2508,16.690000534057617,15.575492858886719
2509,30.700000762939453,29.90007781982422
2510,8.510000228881836,7.7170186042785645
2511,30.309999465942383,29.777225494384766
2512,36.369998931884766,35.398502349853516
2513,21.760000228881836,21.226776123046875
2514,29.149999618530273,28.190105438232422
2515,5.099999904632568,4.2234344482421875
2516,26.1200008392334,25.811981201171875
2517,7.980000019073486,6.230254173278809
2518,67.0,70.06122589111328
2519,9.34000015258789,9.460573196411133
2520,24.049999237060547,23.572256088256836
2521,55.11000061035156,55.12916564941406
2522,23.389999389648438,22.565166473388672
2523,30.649999618530273,30.455158233642578
2524,10.760000228881836,9.535745620727539
2525,56.16999816894531,52.666595458984375
2526,16.979999542236328,16.43622398376465
2527,12.609999656677246,12.34256649017334
2528,15.979999542236328,14.523577690124512
2529,41.099998474121094,42.39126968383789
2530,12.880000114440918,11.988897323608398
2531,14.960000038146973,12.782731056213379
2532,33.41999816894531,31.81777000427246
2533,42.95000076293945,42.685176849365234
2534,21.360000610351562,20.7252197265625
2535,22.010000228881836,20.997234344482422
2536,56.02000045776367,55.45930862426758
2537,15.010000228881836,14.148804664611816
2538,9.180000305175781,7.767906188964844
2539,5.800000190734863,4.760604381561279
2540,41.849998474121094,41.34385681152344
2541,8.140000343322754,7.388298988342285
2542,34.77000045776367,33.353939056396484
2543,40.349998474121094,39.176910400390625
2544,10.75,9.73800277709961
2545,6.050000190734863,5.249037742614746
2546,7.210000038146973,6.229984760284424
2547,15.640000343322754,14.672588348388672
2548,45.56999969482422,43.5280876159668
2549,3.3499999046325684,2.0837671756744385
2550,23.969999313354492,22.826290130615234
2551,79.55000305175781,79.77889251708984
2552,27.389999389648438,26.26534080505371
2553,27.959999084472656,27.632078170776367
2554,17.170000076293945,16.768190383911133
2555,27.209999084472656,26.71181297302246
2556,30.56999969482422,30.85492515563965
2557,8.5600004196167,7.385833740234375
2558,12.779999732971191,12.20915699005127
2559,37.779998779296875,36.251853942871094
2560,63.119998931884766,62.67686080932617
2561,14.640000343322754,14.117083549499512
2562,37.13999938964844,34.810699462890625
2563,30.239999771118164,28.77840805053711
2564,22.84000015258789,21.305011749267578
2565,19.950000762939453,19.884014129638672
2566,4.380000114440918,3.298051118850708
2567,8.609999656677246,7.528528213500977
2568,14.220000267028809,13.58129596710205
2569,7.800000190734863,6.762850284576416
2570,36.04999923706055,35.527687072753906
2571,19.209999084472656,17.711336135864258
2572,38.40999984741211,37.52991485595703
2573,23.920000076293945,22.191953659057617
2574,27.739999771118164,26.302724838256836
2575,16.09000015258789,15.406759262084961
2576,18.06999969482422,16.935577392578125
2577,7.829999923706055,6.926156044006348
2578,5.139999866485596,3.988752841949463
2579,12.220000267028809,11.139098167419434
2580,21.040000915527344,20.423439025878906
2581,34.04999923706055,33.64201354980469
2582,12.720000267028809,11.992677688598633
2583,33.75,33.76521682739258
2584,17.600000381469727,16.913843154907227
2585,18.709999084472656,18.17479705810547
2586,67.31999969482422,69.4916000366211
2587,9.279999732971191,8.070640563964844
2588,27.899999618530273,27.573963165283203
2589,14.640000343322754,13.7923002243042
2590,38.88999938964844,38.08958053588867
2591,4.710000038146973,3.097583532333374
2592,15.529999732971191,15.191864013671875
2593,41.2599983215332,40.430519104003906
2594,24.59000015258789,24.47918128967285
2595,21.549999237060547,20.812015533447266
2596,26.530000686645508,25.682819366455078
2597,17.760000228881836,17.77590560913086
2598,20.239999771118164,19.1571044921875
2599,30.829999923706055,29.955028533935547
2600,28.43000030517578,27.263458251953125
2601,5.650000095367432,4.463934421539307
2602,12.4399995803833,12.400562286376953
2603,20.950000762939453,19.76957130432129
2604,7.559999942779541,6.523008823394775
2605,44.77000045776367,44.10588455200195
2606,16.889999389648438,16.26132583618164
2607,34.439998626708984,32.57511520385742
2608,41.47999954223633,40.8046875
2609,41.93000030517578,41.16867446899414
2610,22.600000381469727,20.986656188964844
2611,20.5,19.5161075592041
2612,25.729999542236328,25.148237228393555
2613,35.7599983215332,34.47102355957031
2614,43.11000061035156,41.482601165771484
2615,24.079999923706055,21.908733367919922
2616,22.100000381469727,21.817712783813477
2617,19.200000762939453,17.644702911376953
2618,9.09000015258789,7.590396404266357
2619,34.59000015258789,33.2171745300293
2620,33.029998779296875,32.96577453613281
2621,8.670000076293945,7.696031093597412
2622,18.770000457763672,17.83403778076172
2623,23.170000076293945,21.659835815429688
2624,31.989999771118164,30.762617111206055
2625,31.350000381469727,30.93750762939453
2626,18.190000534057617,17.9689998626709
2627,23.770000457763672,22.29605484008789
2628,51.81999969482422,50.14358139038086
2629,10.90999984741211,9.8928861618042
2630,7.329999923706055,6.009910583496094
2631,51.880001068115234,48.72024154663086
2632,24.790000915527344,23.8328857421875
2633,41.02000045776367,40.5699577331543
2634,16.110000610351562,14.85630989074707
2635,33.0,32.3265380859375
2636,20.030000686645508,18.26540184020996
2637,48.880001068115234,47.28786087036133
2638,57.849998474121094,56.82503890991211
2639,39.38999938964844,38.0153694152832
2640,34.220001220703125,32.857666015625
2641,26.1200008392334,26.175167083740234
2642,59.16999816894531,58.57878875732422
2643,24.149999618530273,22.025070190429688
2644,21.200000762939453,20.936861038208008
2645,8.729999542236328,7.815277576446533
2646,3.9700000286102295,2.2053704261779785
2647,23.420000076293945,22.130678176879883
2648,25.889999389648438,25.90163803100586
2649,7.940000057220459,6.737748622894287
2650,17.780000686645508,16.75484275817871
2651,27.030000686645508,25.969112396240234
2652,46.86000061035156,44.92561721801758
2653,9.09000015258789,8.59932804107666
2654,50.22999954223633,48.9190788269043
2655,30.969999313354492,30.14377212524414
2656,61.84000015258789,61.954708099365234
2657,25.260000228881836,24.42041015625
2658,21.709999084472656,20.853403091430664
2659,40.34000015258789,40.097328186035156
2660,32.86000061035156,32.63359451293945
2661,9.350000381469727,8.658126831054688
2662,10.65999984741211,10.424492835998535
2663,17.969999313354492,17.516862869262695
2664,52.88999938964844,50.4442024230957
2665,28.06999969482422,27.48429298400879
2666,24.15999984741211,23.64496421813965
2667,21.469999313354492,19.995853424072266
2668,21.700000762939453,21.439334869384766
2669,43.900001525878906,41.24257278442383
2670,54.40999984741211,52.57158660888672
2671,17.600000381469727,17.142526626586914
2672,18.639999389648438,17.894989013671875
2673,24.459999084472656,23.54597282409668
2674,48.099998474121094,48.24387741088867
2675,10.350000381469727,9.012184143066406
2676,27.90999984741211,26.833248138427734
2677,7.71999979019165,7.011528968811035
2678,22.860000610351562,22.048242568969727
2679,16.079999923706055,16.0418758392334
2680,11.880000114440918,11.022263526916504
2681,49.68000030517578,49.04586410522461
2682,8.619999885559082,7.123714447021484
2683,6.269999980926514,5.499550819396973
2684,29.670000076293945,28.685436248779297
2685,29.809999465942383,28.92428207397461
2686,17.260000228881836,16.568756103515625
2687,16.84000015258789,15.35685920715332
2688,10.800000190734863,10.447340965270996
2689,22.059999465942383,22.02835464477539
2690,6.400000095367432,5.22578239440918
2691,19.020000457763672,17.913482666015625
2692,31.239999771118164,29.819011688232422
2693,12.789999961853027,12.318022727966309
2694,17.030000686645508,16.78631591796875
2695,33.560001373291016,32.46760559082031
2696,12.079999923706055,11.126557350158691
2697,29.729999542236328,28.517601013183594
2698,31.790000915527344,31.907230377197266
2699,34.29999923706055,33.24691390991211
2700,32.849998474121094,31.993236541748047
2701,22.75,22.206539154052734
2702,9.5,8.422070503234863
2703,33.70000076293945,33.078670501708984
2704,27.649999618530273,26.51525115966797
2705,20.479999542236328,19.367055892944336
2706,44.27000045776367,43.98795700073242
2707,16.469999313354492,15.550086975097656
2708,22.440000534057617,21.441993713378906
2709,22.889999389648438,21.623537063598633
2710,12.079999923706055,11.345613479614258
2711,26.610000610351562,25.454917907714844
2712,37.41999816894531,36.64566421508789
2713,5.75,4.59411096572876
2714,7.010000228881836,5.925460338592529
2715,17.690000534057617,17.300613403320312
2716,12.899999618530273,12.191973686218262
2717,4.980000019073486,3.727670431137085
2718,52.900001525878906,51.37422561645508
2719,16.579999923706055,15.600852966308594
2720,76.73999786376953,74.07646179199219
2721,7.519999980926514,6.503539562225342
2722,34.56999969482422,33.03612518310547
2723,46.560001373291016,41.366600036621094
2724,25.989999771118164,25.033449172973633
2725,8.229999542236328,7.130599498748779
2726,12.609999656677246,12.210677146911621
2727,64.98999786376953,66.32611846923828
2728,28.100000381469727,26.263065338134766
2729,28.770000457763672,28.512271881103516
2730,30.190000534057617,29.437015533447266
2731,11.489999771118164,11.085683822631836
2732,3.3499999046325684,2.064598321914673
2733,52.88999938964844,51.2314567565918
2734,31.450000762939453,30.85338592529297
2735,9.520000457763672,8.238301277160645
2736,23.420000076293945,21.784767150878906
2737,16.860000610351562,15.541460037231445
2738,7.610000133514404,6.156445026397705
2739,14.649999618530273,14.25783634185791
2740,42.310001373291016,38.904788970947266
2741,11.3100004196167,10.522659301757812
2742,32.79999923706055,32.12813186645508
2743,13.899999618530273,12.95953369140625
2744,11.729999542236328,10.330665588378906
2745,3.9000000953674316,2.1286325454711914
2746,58.29999923706055,56.91937255859375
2747,14.65999984741211,14.92618179321289
2748,52.7599983215332,51.8261604309082
2749,44.970001220703125,43.559288024902344
2750,59.689998626708984,59.29166793823242
2751,15.359999656677246,14.406481742858887
2752,20.170000076293945,18.649213790893555
2753,9.140000343322754,7.63974666595459
2754,5.679999828338623,4.646121501922607
2755,15.800000190734863,14.742542266845703
2756,31.270000457763672,30.163978576660156
2757,46.88999938964844,45.899574279785156
2758,20.3799991607666,19.95452308654785
2759,52.72999954223633,51.07048797607422
2760,54.66999816894531,51.6477165222168
2761,50.20000076293945,48.51697540283203
2762,22.399999618530273,21.109529495239258
2763,57.93000030517578,53.60477828979492
2764,10.380000114440918,9.384737014770508
2765,31.3799991607666,30.90224266052246
2766,30.860000610351562,29.648395538330078
2767,28.40999984741211,27.732666015625
2768,23.34000015258789,22.035537719726562
2769,25.530000686645508,24.735519409179688
2770,59.400001525878906,57.32113265991211
2771,5.71999979019165,4.396511554718018
2772,42.099998474121094,40.97909164428711
2773,29.049999237060547,27.132095336914062
2774,23.110000610351562,21.47833251953125
2775,17.06999969482422,15.816680908203125
2776,19.440000534057617,18.505075454711914
2777,25.15999984741211,24.388843536376953
2778,49.150001525878906,47.66893005371094
2779,48.45000076293945,45.27206802368164
2780,20.399999618530273,20.909542083740234
2781,24.170000076293945,23.343717575073242
2782,23.809999465942383,22.95425033569336
2783,45.20000076293945,44.994197845458984
2784,23.93000030517578,23.00969696044922
2785,34.599998474121094,33.55925750732422
2786,18.489999771118164,18.2518367767334
2787,40.619998931884766,39.583431243896484
2788,12.010000228881836,10.939806938171387
2789,32.86000061035156,30.869491577148438
2790,28.040000915527344,27.912765502929688
2791,26.1200008392334,25.404067993164062
2792,29.899999618530273,28.609420776367188
2793,27.850000381469727,26.672191619873047
2794,32.619998931884766,32.16915512084961
2795,23.639999389648438,22.460647583007812
2796,22.299999237060547,20.56360626220703
2797,10.779999732971191,9.42164134979248
2798,55.79999923706055,53.53268814086914
2799,22.469999313354492,21.15012550354004
2800,22.65999984741211,21.802865982055664
2801,7.070000171661377,6.08274507522583
2802,29.65999984741211,27.999412536621094
2803,3.3399999141693115,2.3054184913635254
2804,29.260000228881836,28.26978302001953
2805,16.40999984741211,15.416812896728516
2806,34.58000183105469,33.46506881713867
2807,28.479999542236328,27.617626190185547
2808,17.31999969482422,13.972390174865723
2809,13.670000076293945,13.178207397460938
2810,12.760000228881836,11.967059135437012
2811,22.260000228881836,20.96996307373047
2812,21.139999389648438,19.31035614013672
2813,36.5099983215332,36.72013854980469
2814,40.91999816894531,40.199642181396484
2815,30.790000915527344,28.885604858398438
2816,62.27000045776367,60.48100662231445
2817,11.399999618530273,10.551535606384277
2818,53.0,52.526031494140625
2819,33.189998626708984,31.324426651000977
2820,9.859999656677246,9.452884674072266
2821,17.219999313354492,16.129779815673828
2822,10.449999809265137,9.916862487792969
2823,46.130001068115234,44.86753463745117
2824,57.16999816894531,56.43418502807617
2825,2.5299999713897705,1.4877150058746338
2826,39.88999938964844,38.53959274291992
2827,35.33000183105469,34.115135192871094
2828,14.430000305175781,13.397968292236328
2829,22.549999237060547,20.946651458740234
2830,23.309999465942383,22.18128204345703
2831,6.519999980926514,5.182136535644531
2832,16.84000015258789,16.164873123168945
2833,8.010000228881836,6.496517658233643
2834,17.200000762939453,16.41945457458496
2835,57.7599983215332,58.09701919555664
2836,18.579999923706055,17.887901306152344
2837,9.210000038146973,9.072990417480469
2838,32.25,31.02128791809082
2839,18.84000015258789,17.202085494995117
2840,3.5199999809265137,2.1106674671173096
2841,36.720001220703125,36.051849365234375
2842,13.8100004196167,12.29341983795166
2843,27.56999969482422,25.99018096923828
2844,22.639999389648438,20.310060501098633
2845,16.65999984741211,16.05360221862793
2846,14.390000343322754,13.898102760314941
2847,56.72999954223633,55.9090576171875
2848,53.5,52.04545974731445
2849,46.15999984741211,43.26798629760742
2850,17.34000015258789,16.236019134521484
2851,47.9900016784668,46.39887619018555
2852,21.969999313354492,21.828548431396484
2853,17.309999465942383,16.373641967773438
2854,28.15999984741211,27.051523208618164
2855,17.489999771118164,16.085657119750977
2856,29.3700008392334,28.277585983276367
2857,42.2400016784668,41.09169006347656
2858,15.75,15.186010360717773
2859,67.27999877929688,64.71735382080078
2860,8.199999809265137,7.5740861892700195
2861,58.65999984741211,56.53946304321289
2862,46.41999816894531,43.650089263916016
2863,59.720001220703125,62.166473388671875
2864,17.1299991607666,16.07044792175293
2865,27.950000762939453,27.524856567382812
2866,25.219999313354492,24.822298049926758
2867,64.47000122070312,65.36286163330078
2868,17.440000534057617,16.644207000732422
2869,20.440000534057617,18.811601638793945
2870,45.56999969482422,42.06143569946289
2871,22.8700008392334,22.151613235473633
2872,9.84000015258789,9.616170883178711
2873,42.2400016784668,41.4776496887207
2874,18.790000915527344,18.665233612060547
2875,15.869999885559082,15.270639419555664
2876,25.809999465942383,23.961959838867188
2877,29.59000015258789,28.06818962097168
2878,36.16999816894531,36.035274505615234
2879,49.29999923706055,48.39900588989258
2880,35.5099983215332,33.915836334228516
2881,25.110000610351562,23.70429801940918
2882,6.849999904632568,4.996826171875
2883,22.3700008392334,21.821430206298828
2884,29.200000762939453,29.13380241394043
2885,8.789999961853027,7.836880207061768
2886,23.899999618530273,23.2038631439209
2887,21.770000457763672,20.516326904296875
2888,10.720000267028809,9.734094619750977
2889,35.13999938964844,33.632484436035156
2890,3.8499999046325684,2.489001989364624
2891,10.130000114440918,9.611457824707031
2892,40.2400016784668,37.89665222167969
2893,11.920000076293945,11.675763130187988
2894,34.84000015258789,33.108314514160156
2895,53.18000030517578,51.739383697509766
2896,41.900001525878906,41.64944076538086
2897,7.929999828338623,6.592867374420166
2898,38.08000183105469,38.0532112121582
2899,30.18000030517578,29.76529884338379
2900,27.59000015258789,25.302234649658203
2901,7.730000019073486,7.087717056274414
2902,25.489999771118164,24.572330474853516
2903,5.639999866485596,4.760190010070801
2904,28.559999465942383,27.11890411376953
2905,35.41999816894531,34.648582458496094
2906,49.709999084472656,48.19405746459961
2907,37.61000061035156,37.17107009887695
2908,3.3499999046325684,2.1178650856018066
2909,15.09000015258789,15.200946807861328
2910,29.770000457763672,28.726911544799805
2911,8.5600004196167,8.21236801147461
2912,22.260000228881836,21.734233856201172
2913,20.600000381469727,20.460655212402344
2914,22.010000228881836,21.47576904296875
2915,17.18000030517578,16.427011489868164
2916,40.86000061035156,38.9492301940918
2917,20.239999771118164,18.955041885375977
2918,48.65999984741211,48.97590255737305
2919,38.4900016784668,37.66628646850586
2920,45.40999984741211,43.21519088745117
2921,14.739999771118164,14.202548027038574
2922,18.059999465942383,16.508127212524414
2923,46.47999954223633,46.71767044067383
2924,14.270000457763672,13.573302268981934
2925,66.91000366210938,65.72325897216797
2926,41.900001525878906,40.9959716796875
2927,13.579999923706055,12.568964004516602
2928,38.43000030517578,36.00319290161133
2929,25.559999465942383,24.23086166381836
2930,23.56999969482422,22.510038375854492
2931,33.63999938964844,32.04362869262695
2932,30.940000534057617,30.326087951660156
2933,50.91999816894531,51.38066864013672
2934,11.869999885559082,11.406641006469727
2935,13.600000381469727,13.045434951782227
2936,51.029998779296875,50.119895935058594
2937,16.950000762939453,16.67227554321289
2938,19.049999237060547,18.029109954833984
2939,10.020000457763672,9.105264663696289
2940,8.510000228881836,7.081232070922852
2941,5.869999885559082,4.823459148406982
2942,11.539999961853027,10.53904914855957
2943,22.75,21.423171997070312
2944,50.2400016784668,51.64620590209961
2945,45.099998474121094,44.70222091674805
2946,36.709999084472656,35.15692138671875
2947,8.869999885559082,7.638882637023926
2948,5.130000114440918,2.948852777481079
2949,28.110000610351562,27.48900032043457
2950,16.579999923706055,15.372777938842773
2951,64.66000366210938,66.05232238769531
2952,52.349998474121094,51.43167495727539
2953,44.5099983215332,44.25947189331055
2954,30.700000762939453,29.374860763549805
2955,42.43000030517578,40.48583221435547
2956,12.1899995803833,11.461104393005371
2957,17.690000534057617,16.931293487548828
2958,37.09000015258789,36.60111618041992
2959,48.040000915527344,46.28728485107422
2960,39.349998474121094,38.25421905517578
2961,22.09000015258789,21.27446174621582
2962,52.2400016784668,54.48621368408203
2963,14.779999732971191,13.81420612335205
2964,5.690000057220459,4.490187644958496
2965,18.09000015258789,17.17657470703125
2966,40.90999984741211,40.293766021728516
2967,37.52000045776367,37.25288772583008
2968,24.290000915527344,23.38431167602539
2969,20.81999969482422,19.549503326416016
2970,1.1699999570846558,1.1261850595474243
2971,17.84000015258789,17.078773498535156
2972,9.270000457763672,8.678476333618164
2973,47.040000915527344,47.29356002807617
2974,20.1299991607666,18.92362403869629
2975,25.200000762939453,24.773090362548828
2976,12.979999542236328,12.621458053588867
2977,28.81999969482422,27.912151336669922
2978,35.7400016784668,35.572757720947266
2979,17.5,16.8145809173584
2980,26.700000762939453,25.82171630859375
2981,41.18000030517578,40.52753448486328
2982,3.9000000953674316,2.6942195892333984
2983,36.4900016784668,34.59572982788086
2984,41.79999923706055,41.58882522583008
2985,30.68000030517578,29.159677505493164
2986,55.279998779296875,55.10335159301758
2987,26.780000686645508,26.21220588684082
2988,23.579999923706055,22.497745513916016
2989,9.34000015258789,7.942687034606934
2990,28.989999771118164,28.124431610107422
2991,38.33000183105469,35.534027099609375
2992,25.0,24.07154083251953
2993,4.179999828338623,2.9916744232177734
2994,22.040000915527344,22.248350143432617
2995,29.770000457763672,28.840059280395508
2996,8.430000305175781,7.607019424438477
2997,38.22999954223633,37.68299865722656
2998,10.6899995803833,9.733802795410156
2999,45.720001220703125,45.48155212402344
3000,20.75,20.17327308654785
3001,24.799999237060547,24.19487953186035
3002,50.459999084472656,48.88526153564453
3003,36.040000915527344,33.867095947265625
3004,16.899999618530273,16.150644302368164
3005,47.439998626708984,46.66449737548828
3006,5.440000057220459,4.599361419677734
3007,27.940000534057617,27.304100036621094
3008,18.950000762939453,17.82244873046875
3009,37.650001525878906,36.847286224365234
3010,9.180000305175781,7.880161285400391
3011,16.59000015258789,15.545989990234375
3012,25.979999542236328,24.408781051635742
3013,24.420000076293945,23.113849639892578
3014,69.44999694824219,69.50226593017578
3015,14.210000038146973,13.499039649963379
3016,4.579999923706055,3.0388991832733154
3017,21.100000381469727,20.061649322509766
3018,19.170000076293945,17.987770080566406
3019,33.529998779296875,32.94338607788086
3020,23.350000381469727,22.123729705810547
3021,14.699999809265137,13.32451057434082
3022,2.700000047683716,1.9265267848968506
3023,13.239999771118164,13.485383033752441
3024,79.44999694824219,76.43421173095703
3025,34.11000061035156,32.04100036621094
3026,10.369999885559082,9.949460983276367
3027,20.459999084472656,20.219532012939453
3028,24.790000915527344,24.111364364624023
3029,30.739999771118164,29.454177856445312
3030,15.170000076293945,14.139105796813965
3031,24.760000228881836,23.356388092041016
3032,33.130001068115234,32.449256896972656
3033,5.300000190734863,3.6929121017456055
3034,30.649999618530273,31.180505752563477
3035,30.1200008392334,29.714237213134766
3036,18.549999237060547,18.462093353271484
3037,34.709999084472656,33.80127716064453
3038,69.4000015258789,67.82544708251953
3039,74.31999969482422,71.51361083984375
3040,34.040000915527344,32.928382873535156
3041,22.1200008392334,21.364273071289062
3042,44.95000076293945,44.79486846923828
3043,11.149999618530273,9.900450706481934
3044,31.610000610351562,29.450000762939453
3045,25.209999084472656,23.30750274658203
3046,54.939998626708984,52.49931335449219
3047,72.11000061035156,71.0583267211914
3048,29.959999084472656,29.640525817871094
3049,29.8700008392334,28.908981323242188
3050,26.600000381469727,26.231224060058594
3051,30.690000534057617,29.03809356689453
3052,4.199999809265137,3.3387579917907715
3053,4.650000095367432,3.7197296619415283
3054,12.039999961853027,11.61048698425293
3055,39.47999954223633,38.077579498291016
3056,57.06999969482422,55.574462890625
3057,48.849998474121094,47.81546401977539
3058,15.899999618530273,15.321159362792969
3059,10.039999961853027,9.393824577331543
3060,51.79999923706055,50.02104949951172
3061,20.770000457763672,20.976511001586914
3062,42.38999938964844,43.01952362060547
3063,30.530000686645508,29.38497543334961
3064,18.18000030517578,17.937633514404297
3065,20.06999969482422,20.14311408996582
3066,5.230000019073486,3.89589262008667
3067,36.04999923706055,34.86448669433594
3068,2.0899999141693115,1.5786794424057007
3069,17.450000762939453,16.375633239746094
3070,26.25,25.1685733795166
3071,21.020000457763672,19.623674392700195
3072,7.739999771118164,6.584698677062988
3073,22.280000686645508,21.390962600708008
3074,23.3700008392334,21.964519500732422
3075,75.0999984741211,72.04161834716797
3076,50.36000061035156,49.57893753051758
3077,30.18000030517578,29.72188377380371
3078,32.91999816894531,32.46512985229492
3079,39.33000183105469,37.71084976196289
3080,30.520000457763672,28.49496841430664
3081,13.300000190734863,12.521541595458984
3082,4.849999904632568,3.9190056324005127
3083,27.479999542236328,26.032623291015625
3084,57.959999084472656,59.56324005126953
3085,8.989999771118164,8.47797966003418
3086,45.29999923706055,42.90269470214844
3087,15.4399995803833,14.4832124710083
3088,33.09000015258789,31.79523468017578
3089,48.599998474121094,46.22756576538086
3090,48.470001220703125,47.83736038208008
3091,29.670000076293945,30.388412475585938
3092,12.920000076293945,12.337122917175293
3093,11.5600004196167,10.659138679504395
3094,18.8700008392334,17.46576690673828
3095,13.520000457763672,12.893990516662598
3096,13.430000305175781,12.744038581848145
3097,45.849998474121094,45.641876220703125
3098,9.630000114440918,9.637624740600586
3099,8.5,7.29443359375
3100,27.31999969482422,28.255300521850586
3101,19.639999389648438,18.610530853271484
3102,34.90999984741211,34.458656311035156
3103,6.349999904632568,5.895524501800537
3104,25.329999923706055,25.217586517333984
3105,19.75,19.003189086914062
3106,17.40999984741211,16.606021881103516
3107,28.6299991607666,27.57052993774414
3108,22.719999313354492,21.746912002563477
3109,48.900001525878906,48.201560974121094
3110,19.790000915527344,18.896392822265625
3111,32.27000045776367,31.346235275268555
3112,20.40999984741211,18.8338623046875
3113,10.829999923706055,10.34141731262207
3114,13.029999732971191,11.80943489074707
3115,11.579999923706055,11.049593925476074
3116,32.63999938964844,31.261070251464844
3117,8.880000114440918,8.156556129455566
3118,53.47999954223633,50.67986297607422
3119,9.630000114440918,8.917098045349121
3120,14.260000228881836,13.433330535888672
3121,5.150000095367432,3.5550684928894043
3122,47.16999816894531,47.037269592285156
3123,26.209999084472656,25.280874252319336
3124,20.8799991607666,20.311349868774414
3125,16.770000457763672,16.218027114868164
3126,7.170000076293945,5.729465961456299
3127,39.880001068115234,39.899723052978516
3128,20.399999618530273,19.468191146850586
3129,23.860000610351562,22.40518569946289
3130,26.229999542236328,25.435009002685547
3131,35.650001525878906,34.41384506225586
3132,45.2400016784668,44.00437927246094
3133,15.050000190734863,14.360548973083496
3134,34.40999984741211,33.27486038208008
3135,24.899999618530273,23.61949920654297
3136,37.95000076293945,36.934505462646484
3137,49.79999923706055,49.63319396972656
3138,25.920000076293945,24.174545288085938
3139,53.2599983215332,52.92167663574219
3140,47.939998626708984,48.606910705566406
3141,1.9700000286102295,3.5660207271575928
3142,18.940000534057617,18.408203125
3143,39.0099983215332,38.040531158447266
3144,12.979999542236328,12.293976783752441
3145,31.350000381469727,30.86086082458496
3146,13.609999656677246,12.724085807800293
3147,27.829999923706055,27.354095458984375
3148,38.380001068115234,38.01101303100586
3149,32.65999984741211,31.325416564941406
3150,34.61000061035156,34.21890640258789
3151,31.760000228881836,31.314193725585938
3152,31.700000762939453,31.263023376464844
3153,11.65999984741211,11.442231178283691
3154,35.5099983215332,35.526039123535156
3155,15.65999984741211,15.307283401489258
3156,34.77000045776367,33.416133880615234
3157,11.40999984741211,10.706197738647461
3158,13.640000343322754,12.439493179321289
3159,11.729999542236328,11.380603790283203
3160,23.65999984741211,23.260520935058594
3161,18.040000915527344,17.315174102783203
3162,33.7400016784668,32.82761001586914
3163,39.43000030517578,38.17548751831055
3164,8.470000267028809,6.837917804718018
3165,30.700000762939453,28.590274810791016
3166,9.859999656677246,8.418410301208496
3167,25.6299991607666,24.45844841003418
3168,41.02000045776367,39.64090347290039
3169,36.86000061035156,35.65602493286133
3170,60.22999954223633,61.486900329589844
3171,33.099998474121094,32.86289978027344
3172,20.479999542236328,18.87601089477539
3173,24.530000686645508,23.97475814819336
3174,43.7400016784668,41.76943588256836
3175,26.90999984741211,26.52341079711914
3176,33.540000915527344,32.492279052734375
3177,12.989999771118164,12.696269035339355
3178,35.029998779296875,33.36088562011719
3179,43.63999938964844,44.247802734375
3180,39.36000061035156,38.47188186645508
3181,34.0,32.334712982177734
3182,20.3799991607666,19.322574615478516
3183,9.34000015258789,8.551804542541504
3184,20.68000030517578,19.988224029541016
3185,22.329999923706055,21.105195999145508
3186,48.91999816894531,45.53001022338867
3187,16.239999771118164,15.709766387939453
3188,67.05999755859375,66.8983154296875
3189,19.290000915527344,18.53757667541504
3190,42.2400016784668,41.36771774291992
3191,29.139999389648438,28.368671417236328
3192,43.43000030517578,42.4228515625
3193,30.190000534057617,29.771377563476562
3194,17.989999771118164,17.521638870239258
3195,48.619998931884766,47.78603744506836
3196,43.130001068115234,41.32492446899414
3197,47.380001068115234,45.34617233276367
3198,29.829999923706055,27.578689575195312
3199,12.720000267028809,12.202679634094238
3200,41.58000183105469,40.95784378051758
3201,53.040000915527344,50.88437271118164
3202,5.860000133514404,4.204413890838623
3203,12.359999656677246,12.21082592010498
3204,15.420000076293945,14.857845306396484
3205,21.989999771118164,21.889904022216797
3206,13.279999732971191,12.585138320922852
3207,23.889999389648438,24.269868850708008
3208,48.52000045776367,50.60411834716797
3209,58.529998779296875,54.528690338134766
3210,53.4900016784668,52.48019027709961
3211,34.13999938964844,34.10356140136719
3212,4.860000133514404,3.467491626739502
3213,1.3799999952316284,1.866510033607483
3214,37.369998931884766,36.82545852661133
3215,15.199999809265137,14.138106346130371
3216,53.060001373291016,52.877296447753906
3217,38.08000183105469,36.25497817993164
3218,7.269999980926514,6.0918378829956055
3219,9.4399995803833,8.346056938171387
3220,37.529998779296875,35.66825866699219
3221,40.75,39.598690032958984
3222,50.09000015258789,48.53510665893555
3223,7.849999904632568,6.900824069976807
3224,37.810001373291016,37.08600616455078
3225,49.150001525878906,47.34256362915039
3226,19.90999984741211,19.549762725830078
3227,11.199999809265137,9.527097702026367
3228,31.459999084472656,30.009565353393555
3229,41.630001068115234,41.4142951965332
3230,61.689998626708984,63.069759368896484
3231,31.639999389648438,30.555267333984375
3232,8.720000267028809,7.883322238922119
3233,41.529998779296875,40.175262451171875
3234,16.739999771118164,16.522268295288086
3235,16.739999771118164,16.71705436706543
3236,27.100000381469727,24.291969299316406
3237,23.969999313354492,22.818538665771484
3238,8.180000305175781,7.224342346191406
3239,13.789999961853027,13.69581127166748
3240,52.27000045776367,51.26374053955078
3241,37.459999084472656,36.08802032470703
3242,42.86000061035156,41.91349792480469
3243,20.540000915527344,18.70014190673828
3244,3.3299999237060547,1.9939783811569214
3245,33.22999954223633,33.26329803466797
3246,48.97999954223633,51.80313491821289
3247,20.399999618530273,20.231121063232422
3248,27.950000762939453,27.483226776123047
3249,36.83000183105469,37.13959884643555
3250,10.710000038146973,9.63158130645752
3251,3.2699999809265137,2.14298939704895
3252,27.530000686645508,27.1966495513916
3253,13.899999618530273,13.09219741821289
3254,27.639999389648438,27.122665405273438
3255,41.61000061035156,40.64664840698242
3256,18.100000381469727,17.84700584411621
3257,33.400001525878906,32.15885925292969
3258,23.75,22.71660614013672
3259,14.550000190734863,13.7798490524292
3260,32.20000076293945,30.481996536254883
3261,29.0,28.520517349243164
3262,38.93000030517578,37.10576248168945
3263,11.619999885559082,10.578017234802246
3264,35.5,35.038570404052734
3265,21.639999389648438,20.732940673828125
3266,21.93000030517578,21.08336639404297
3267,19.170000076293945,18.4857177734375
3268,8.670000076293945,8.04959487915039
3269,31.469999313354492,29.839324951171875
3270,4.179999828338623,3.124325752258301
3271,2.930000066757202,2.388596534729004
3272,72.36000061035156,70.73124694824219
3273,43.970001220703125,43.409690856933594
3274,38.0,37.592254638671875
3275,15.770000457763672,14.923049926757812
3276,63.08000183105469,62.378170013427734
3277,58.459999084472656,57.12936019897461
3278,53.95000076293945,51.86212158203125
3279,29.18000030517578,27.740833282470703
3280,65.70999908447266,65.47545623779297
3281,54.880001068115234,51.85383224487305
3282,35.099998474121094,34.19368362426758
3283,52.0,51.52487564086914
3284,18.31999969482422,17.354263305664062
3285,36.619998931884766,35.52660369873047
3286,35.81999969482422,34.62113571166992
3287,48.31999969482422,48.7432975769043
3288,35.459999084472656,34.97221755981445
3289,16.049999237060547,14.618005752563477
3290,4.619999885559082,3.4532384872436523
3291,24.739999771118164,23.96405792236328
3292,19.469999313354492,19.14215087890625
3293,24.670000076293945,23.588382720947266
3294,52.06999969482422,48.56733703613281
3295,32.45000076293945,32.31881332397461
3296,23.549999237060547,22.04711151123047
3297,34.72999954223633,34.159400939941406
3298,30.350000381469727,29.43209457397461
3299,28.65999984741211,26.590129852294922
3300,38.20000076293945,36.396236419677734
3301,24.899999618530273,23.533376693725586
3302,8.949999809265137,8.328858375549316
3303,49.939998626708984,50.244693756103516
3304,8.720000267028809,7.9378156661987305
3305,22.68000030517578,21.27080535888672
3306,7.559999942779541,6.419029235839844
3307,17.190000534057617,16.614261627197266
3308,15.069999694824219,14.267212867736816
3309,30.889999389648438,29.699621200561523
3310,42.470001220703125,41.3546142578125
3311,45.04999923706055,43.86952590942383
3312,22.68000030517578,22.24182891845703
3313,15.130000114440918,14.745122909545898
3314,57.540000915527344,56.69853591918945
3315,21.049999237060547,20.56015396118164
3316,32.56999969482422,31.764150619506836
3317,29.559999465942383,29.431344985961914
3318,53.66999816894531,53.660003662109375
3319,21.639999389648438,20.71332550048828
3320,44.959999084472656,43.514408111572266
3321,31.540000915527344,30.860036849975586
3322,21.649999618530273,20.46009063720703
3323,26.709999084472656,24.871509552001953
3324,8.670000076293945,7.335327625274658
3325,12.4399995803833,11.887883186340332
3326,32.34000015258789,32.251747131347656
3327,41.689998626708984,40.98249816894531
3328,16.110000610351562,15.557371139526367
3329,56.84000015258789,52.68269729614258
3330,28.649999618530273,28.275646209716797
3331,30.239999771118164,30.698497772216797
3332,28.010000228881836,27.82953643798828
3333,11.770000457763672,11.165188789367676
3334,21.8799991607666,21.02299690246582
3335,14.569999694824219,14.148266792297363
3336,53.81999969482422,52.26958465576172
3337,28.540000915527344,26.852008819580078
3338,8.270000457763672,6.221630096435547
3339,56.83000183105469,54.855308532714844
3340,34.209999084472656,32.30289077758789
3341,18.170000076293945,17.018482208251953
3342,31.75,31.28750991821289
3343,39.720001220703125,40.29973602294922
3344,3.5199999809265137,2.9021706581115723
3345,28.90999984741211,27.052125930786133
3346,36.790000915527344,36.49463653564453
3347,29.940000534057617,29.000226974487305
3348,16.75,15.970291137695312
3349,21.8799991607666,20.152587890625
3350,45.95000076293945,44.10173416137695
3351,12.5,11.127747535705566
3352,39.599998474121094,39.50455856323242
3353,31.100000381469727,29.887104034423828
3354,26.0,26.403987884521484
3355,51.38999938964844,50.2060432434082
3356,6.590000152587891,5.44276237487793
3357,30.309999465942383,29.523473739624023
3358,18.6299991607666,17.98670196533203
3359,47.16999816894531,44.57957077026367
3360,23.299999237060547,20.941434860229492
3361,26.719999313354492,26.73178482055664
3362,53.630001068115234,50.47972869873047
3363,21.81999969482422,21.61298370361328
3364,31.59000015258789,30.908458709716797
3365,20.700000762939453,19.513267517089844
3366,18.0,16.75602912902832
3367,44.86000061035156,42.872745513916016
3368,14.5600004196167,14.384814262390137
3369,45.560001373291016,45.20620346069336
3370,0.7599999904632568,1.924901008605957
3371,30.0,29.651060104370117
3372,16.360000610351562,15.70654296875
3373,3.1500000953674316,2.182851791381836
3374,38.27000045776367,38.33932113647461
3375,48.2400016784668,45.961124420166016
3376,5.619999885559082,4.191275596618652
3377,20.530000686645508,19.849597930908203
3378,25.510000228881836,23.827960968017578
3379,22.31999969482422,21.412670135498047
3380,28.75,27.571887969970703
3381,36.25,35.14103698730469
3382,20.360000610351562,19.585357666015625
3383,14.229999542236328,13.419103622436523
3384,37.75,36.36405944824219
3385,44.13999938964844,44.702823638916016
3386,59.2599983215332,59.369781494140625
3387,19.579999923706055,18.78095245361328
3388,23.729999542236328,22.127296447753906
3389,19.25,18.575557708740234
3390,13.050000190734863,12.943014144897461
3391,35.20000076293945,34.42690658569336
3392,21.209999084472656,20.92548179626465
3393,69.79000091552734,67.43055725097656
3394,7.360000133514404,6.40565824508667
3395,12.550000190734863,11.736942291259766
3396,30.1200008392334,28.623586654663086
3397,29.549999237060547,28.958778381347656
3398,22.739999771118164,21.822803497314453
3399,27.200000762939453,26.1495361328125
3400,7.619999885559082,6.893080234527588
3401,21.020000457763672,20.813701629638672
3402,9.6899995803833,8.485982894897461
3403,73.04000091552734,70.93900299072266
3404,17.790000915527344,16.65595245361328
3405,22.760000228881836,21.760717391967773
3406,22.389999389648438,22.451955795288086
3407,41.18000030517578,39.574989318847656
3408,15.0600004196167,13.698813438415527
3409,43.119998931884766,40.84860610961914
3410,22.670000076293945,21.187602996826172
3411,37.310001373291016,37.072139739990234
3412,17.1299991607666,16.570491790771484
3413,42.20000076293945,39.744667053222656
3414,3.309999942779541,2.593587636947632
3415,8.670000076293945,7.7462639808654785
3416,18.40999984741211,17.73503303527832
3417,45.040000915527344,43.40449905395508
3418,30.389999389648438,29.240158081054688
3419,29.020000457763672,28.241565704345703
3420,39.25,38.41191482543945
3421,49.65999984741211,50.2147216796875
3422,70.19999694824219,69.02129364013672
3423,15.460000038146973,15.336233139038086
3424,21.75,20.435688018798828
3425,41.0099983215332,40.08851623535156
3426,65.76000213623047,63.392662048339844
3427,25.09000015258789,24.125207901000977
3428,24.8799991607666,22.76640510559082
3429,11.75,11.552858352661133
3430,7.300000190734863,6.19814920425415
3431,30.65999984741211,29.729034423828125
3432,41.790000915527344,41.76526641845703
3433,31.200000762939453,29.60073471069336
3434,43.84000015258789,40.985172271728516
3435,16.709999084472656,16.06970977783203
3436,38.470001220703125,37.56489181518555
3437,15.930000305175781,15.137025833129883
3438,70.30000305175781,66.60847473144531
3439,32.810001373291016,31.906837463378906
3440,19.260000228881836,18.707120895385742
3441,65.6500015258789,64.20707702636719
3442,22.3700008392334,21.90652847290039
3443,5.800000190734863,5.244968414306641
3444,25.920000076293945,25.854398727416992
3445,21.5,20.31098175048828
3446,19.360000610351562,19.024438858032227
3447,3.619999885559082,2.3387303352355957
3448,44.75,43.34726333618164
3449,33.47999954223633,31.873233795166016
3450,24.18000030517578,23.178165435791016
3451,9.09000015258789,8.22775650024414
3452,10.579999923706055,10.327116012573242
3453,19.43000030517578,19.01172637939453
3454,7.010000228881836,5.8713178634643555
3455,57.86000061035156,56.89852523803711
3456,20.5,20.041946411132812
3457,9.569999694824219,8.909278869628906
3458,6.75,5.702550888061523
3459,31.149999618530273,29.847919464111328
3460,28.299999237060547,26.798202514648438
3461,24.190000534057617,22.902950286865234
3462,27.520000457763672,26.995155334472656
3463,61.380001068115234,63.03688049316406
3464,30.329999923706055,30.820388793945312
3465,11.15999984741211,11.075944900512695
3466,59.790000915527344,57.182621002197266
3467,21.829999923706055,20.863008499145508
3468,6.420000076293945,5.2345428466796875
3469,23.209999084472656,21.656421661376953
3470,16.56999969482422,15.486261367797852
3471,28.889999389648438,28.259323120117188
3472,23.290000915527344,23.175334930419922
3473,21.15999984741211,19.960786819458008
3474,4.010000228881836,2.5413310527801514
3475,36.20000076293945,34.9490852355957
3476,21.6299991607666,21.032207489013672
3477,38.279998779296875,38.75466537475586
3478,24.479999542236328,23.3284912109375
3479,24.649999618530273,23.662670135498047
3480,8.4399995803833,7.611608982086182
3481,21.889999389648438,21.004953384399414
3482,24.219999313354492,23.00460433959961
3483,11.1899995803833,10.13752555847168
3484,50.5099983215332,50.58435821533203
3485,16.790000915527344,15.370941162109375
3486,20.18000030517578,19.259021759033203
3487,52.459999084472656,51.78995895385742
3488,55.7400016784668,54.32058334350586
3489,20.139999389648438,19.483875274658203
3490,27.690000534057617,26.613319396972656
3491,71.70999908447266,67.0587158203125
3492,18.190000534057617,16.977630615234375
3493,11.1899995803833,10.941794395446777
3494,6.409999847412109,5.428199768066406
3495,56.959999084472656,54.593040466308594
3496,36.83000183105469,35.88279342651367
3497,15.600000381469727,14.826509475708008
3498,5.800000190734863,4.598191261291504
3499,16.709999084472656,15.218664169311523
3500,36.900001525878906,36.280120849609375
3501,42.970001220703125,42.64273452758789
3502,6.650000095367432,5.956480026245117
3503,33.439998626708984,32.32191467285156
3504,54.130001068115234,53.04676818847656
3505,29.360000610351562,27.96025848388672
3506,51.93000030517578,50.3838005065918
3507,3.7699999809265137,2.772291421890259
3508,28.350000381469727,28.377716064453125
3509,22.239999771118164,21.152912139892578
3510,15.3100004196167,13.984160423278809
3511,26.020000457763672,25.17357635498047
3512,14.819999694824219,14.509825706481934
3513,37.959999084472656,37.467041015625
3514,19.809999465942383,18.91650390625
3515,24.329999923706055,24.216745376586914
3516,7.920000076293945,7.189062595367432
3517,43.7400016784668,43.02205276489258
3518,47.959999084472656,47.54183578491211
3519,22.709999084472656,21.451759338378906
3520,7.949999809265137,6.5290632247924805
3521,37.119998931884766,34.32402801513672
3522,5.25,3.8834381103515625
3523,44.04999923706055,41.9825553894043
3524,14.149999618530273,13.163692474365234
3525,24.59000015258789,23.170703887939453
3526,9.4399995803833,8.419580459594727
3527,6.619999885559082,5.034711837768555
3528,54.11000061035156,50.9456672668457
3529,45.970001220703125,44.51530075073242
3530,13.199999809265137,12.107683181762695
3531,59.04999923706055,56.69335174560547
3532,11.369999885559082,10.476694107055664
3533,18.030000686645508,17.64862823486328
3534,37.81999969482422,37.68296432495117
3535,40.810001373291016,39.88284683227539
3536,59.52000045776367,61.581687927246094
3537,42.9900016784668,41.466304779052734
3538,17.670000076293945,16.703758239746094
3539,24.489999771118164,23.181928634643555
3540,38.31999969482422,38.185020446777344
3541,11.539999961853027,11.288933753967285
3542,45.709999084472656,42.93252944946289
3543,17.399999618530273,16.88751792907715
3544,13.859999656677246,13.08740234375
3545,19.43000030517578,18.690719604492188
3546,15.010000228881836,13.54564380645752
3547,30.889999389648438,30.316795349121094
3548,28.649999618530273,27.590923309326172
3549,60.56999969482422,61.15826416015625
3550,32.29999923706055,31.78125
3551,21.579999923706055,21.343524932861328
3552,41.529998779296875,40.98971939086914
3553,40.709999084472656,39.54121017456055
3554,23.040000915527344,21.960430145263672
3555,32.0099983215332,31.554651260375977
3556,7.130000114440918,5.632704734802246
3557,24.540000915527344,23.271615982055664
3558,10.369999885559082,9.604052543640137
3559,22.75,21.45371437072754
3560,3.440000057220459,1.944676399230957
3561,37.349998474121094,36.98251724243164
3562,37.47999954223633,35.93256759643555
3563,53.34000015258789,53.60003662109375
3564,11.289999961853027,10.07328987121582
3565,47.70000076293945,46.602630615234375
3566,5.380000114440918,2.8965001106262207
3567,13.4399995803833,13.109493255615234
3568,12.829999923706055,11.697365760803223
3569,21.780000686645508,20.2958984375
3570,74.98999786376953,71.02826690673828
3571,71.05000305175781,69.78717803955078
3572,4.639999866485596,3.3165576457977295
3573,7.019999980926514,5.947041034698486
3574,23.579999923706055,21.6525821685791
3575,0.6399999856948853,1.317395567893982
3576,14.619999885559082,14.558906555175781
3577,10.239999771118164,9.377509117126465
3578,46.290000915527344,43.54914855957031
3579,34.790000915527344,33.17975997924805
3580,39.47999954223633,39.93635177612305
3581,45.09000015258789,42.9941291809082
3582,29.520000457763672,28.592811584472656
3583,14.369999885559082,12.980817794799805
3584,58.7599983215332,57.63059616088867
3585,34.08000183105469,32.276588439941406
3586,32.689998626708984,30.30095863342285
3587,36.2400016784668,35.91331100463867
3588,21.969999313354492,20.168704986572266
3589,24.229999542236328,24.346923828125
3590,13.039999961853027,12.784895896911621
3591,51.599998474121094,51.38144302368164
3592,8.640000343322754,8.050788879394531
3593,77.33999633789062,68.01665496826172
3594,5.230000019073486,3.845673084259033
3595,16.969999313354492,16.62383460998535
3596,18.34000015258789,16.568496704101562
3597,29.530000686645508,28.329750061035156
3598,32.279998779296875,31.63878059387207
3599,42.04999923706055,42.557064056396484
3600,14.970000267028809,14.866945266723633
3601,39.66999816894531,38.649166107177734
3602,8.430000305175781,7.38629674911499
3603,29.040000915527344,27.86328887939453
3604,31.81999969482422,31.35704231262207
3605,50.13999938964844,48.39689254760742
3606,3.109999895095825,1.9300228357315063
3607,9.9399995803833,8.939845085144043
3608,19.729999542236328,19.196277618408203
3609,57.61000061035156,57.896270751953125
3610,22.299999237060547,21.617652893066406
3611,30.639999389648438,29.74152183532715
3612,59.20000076293945,55.62801742553711
3613,29.260000228881836,29.265666961669922
3614,15.890000343322754,14.843185424804688
3615,14.399999618530273,13.822539329528809
3616,10.819999694824219,9.33359432220459
3617,27.030000686645508,25.907516479492188
3618,22.489999771118164,22.172048568725586
3619,66.81999969482422,68.14318084716797
3620,14.0,13.334634780883789
3621,36.68000030517578,36.00893783569336
3622,14.25,13.545138359069824
3623,6.860000133514404,5.309722900390625
3624,46.400001525878906,46.539859771728516
3625,27.260000228881836,26.126728057861328
3626,41.54999923706055,40.00217056274414
3627,32.41999816894531,30.310136795043945
3628,12.039999961853027,11.449149131774902
3629,26.799999237060547,25.72214698791504
3630,44.650001525878906,42.86126708984375
3631,13.59000015258789,13.642777442932129
3632,44.810001373291016,44.01052474975586
3633,31.860000610351562,31.825321197509766
3634,8.520000457763672,7.319183349609375
3635,6.130000114440918,5.380054950714111
3636,24.6299991607666,25.059345245361328
3637,31.950000762939453,30.577526092529297
3638,5.099999904632568,3.5467512607574463
3639,53.36000061035156,52.40507888793945
3640,32.72999954223633,32.57677459716797
3641,14.399999618530273,13.329229354858398
3642,17.229999542236328,16.593141555786133
3643,6.929999828338623,6.120713710784912
3644,33.810001373291016,32.683326721191406
3645,5.090000152587891,4.727680683135986
3646,23.610000610351562,22.18761444091797
3647,11.199999809265137,10.218429565429688
3648,43.189998626708984,41.464290618896484
3649,39.95000076293945,38.73261642456055
3650,29.959999084472656,28.47907257080078
3651,18.889999389648438,17.922304153442383
3652,19.15999984741211,18.78323745727539
3653,37.220001220703125,36.43062210083008
3654,39.349998474121094,39.67973709106445
3655,36.349998474121094,36.01396560668945
3656,24.93000030517578,23.413772583007812
3657,46.08000183105469,45.58218002319336
3658,40.970001220703125,40.23851776123047
3659,6.630000114440918,5.321438789367676
3660,5.25,3.8509960174560547
3661,19.969999313354492,19.601720809936523
3662,44.40999984741211,44.38150405883789
3663,4.679999828338623,3.6504592895507812
3664,33.939998626708984,32.32738494873047
3665,13.239999771118164,12.68200969696045
3666,60.790000915527344,54.060726165771484
3667,27.15999984741211,26.304214477539062
3668,9.020000457763672,7.815291881561279
3669,21.450000762939453,20.390018463134766
3670,14.819999694824219,14.234864234924316
3671,64.94999694824219,66.92082977294922
3672,13.770000457763672,13.492383003234863
3673,37.369998931884766,36.73200607299805
3674,56.439998626708984,52.06186294555664
3675,2.4000000953674316,1.306909203529358
3676,23.93000030517578,22.868850708007812
3677,21.059999465942383,20.653587341308594
3678,6.260000228881836,6.089502334594727
3679,19.8700008392334,18.76401138305664
3680,38.709999084472656,36.88413619995117
3681,7.309999942779541,6.289731502532959
3682,34.7599983215332,33.84748458862305
3683,21.989999771118164,21.224145889282227
3684,8.619999885559082,7.312994956970215
3685,39.689998626708984,39.38872146606445
3686,7.75,6.262316703796387
3687,70.16999816894531,67.57432556152344
3688,40.09000015258789,38.28506088256836
3689,25.059999465942383,24.216703414916992
3690,35.599998474121094,33.7932014465332
3691,52.02000045776367,49.27981948852539
3692,1.9299999475479126,1.3737388849258423
3693,21.329999923706055,20.116884231567383
3694,6.760000228881836,5.485851764678955
3695,35.720001220703125,33.839664459228516
3696,48.560001373291016,49.53569030761719
3697,16.530000686645508,15.213720321655273
3698,30.860000610351562,30.120222091674805
3699,55.380001068115234,53.96116638183594
3700,28.18000030517578,26.740734100341797
3701,25.790000915527344,24.1168155670166
3702,23.040000915527344,21.379602432250977
3703,31.959999084472656,30.955102920532227
3704,55.08000183105469,54.85715866088867
3705,38.61000061035156,37.69990921020508
3706,17.6200008392334,17.133047103881836
3707,35.33000183105469,34.91062545776367
3708,24.520000457763672,23.73147201538086
3709,37.470001220703125,36.98951721191406
3710,61.7400016784668,60.582275390625
3711,19.190000534057617,18.509817123413086
3712,24.1299991607666,23.827611923217773
3713,33.22999954223633,32.72079849243164
3714,34.84000015258789,34.56484603881836
3715,10.779999732971191,10.595430374145508
3716,58.0099983215332,54.94039535522461
3717,22.729999542236328,22.03329849243164
3718,21.360000610351562,19.72102928161621
3719,49.619998931884766,49.13384246826172
3720,33.70000076293945,31.926565170288086
3721,13.520000457763672,12.879220008850098
3722,34.72999954223633,33.988948822021484
3723,4.170000076293945,3.0923573970794678
3724,38.63999938964844,37.34601974487305
3725,47.08000183105469,46.38694763183594
3726,23.209999084472656,21.91219711303711
3727,23.59000015258789,22.50654411315918
3728,32.79999923706055,31.266921997070312
3729,8.079999923706055,6.671741485595703
3730,18.520000457763672,17.718297958374023
3731,16.959999084472656,16.268604278564453
3732,14.520000457763672,14.155421257019043
3733,64.56999969482422,64.42230987548828
3734,14.25,12.72767162322998
3735,19.709999084472656,18.7899112701416
3736,60.290000915527344,60.39480209350586
3737,23.860000610351562,22.150476455688477
3738,40.29999923706055,39.261539459228516
3739,27.639999389648438,25.657184600830078
3740,16.1299991607666,16.109580993652344
3741,2.390000104904175,1.7059451341629028
3742,12.289999961853027,11.617648124694824
3743,29.200000762939453,29.25370979309082
3744,56.310001373291016,59.006263732910156
3745,15.960000038146973,15.22785758972168
3746,28.559999465942383,26.221797943115234
3747,42.029998779296875,40.64937210083008
3748,62.720001220703125,62.182395935058594
3749,46.27000045776367,44.17811965942383
3750,10.630000114440918,9.742721557617188
3751,19.56999969482422,18.36809730529785
3752,22.739999771118164,21.165451049804688
3753,34.529998779296875,34.64337158203125
3754,12.229999542236328,11.648554801940918
3755,39.599998474121094,38.88435745239258
3756,53.41999816894531,53.4940071105957
3757,30.309999465942383,29.072845458984375
3758,11.59000015258789,11.236133575439453
3759,12.420000076293945,11.973309516906738
3760,28.700000762939453,26.951229095458984
3761,5.199999809265137,3.9311749935150146
3762,73.18000030517578,71.29998016357422
3763,70.77999877929688,70.26329803466797
3764,12.65999984741211,11.853816986083984
3765,10.34000015258789,8.656070709228516
3766,26.56999969482422,24.77845573425293
3767,31.139999389648438,30.484437942504883
3768,34.31999969482422,34.47038269042969
3769,16.760000228881836,16.116106033325195
3770,43.95000076293945,41.94220733642578
3771,34.709999084472656,33.23778533935547
3772,41.130001068115234,40.45927429199219
3773,25.059999465942383,23.41925048828125
3774,36.29999923706055,34.41218566894531
3775,25.719999313354492,24.412364959716797
3776,49.5099983215332,48.6916389465332
3777,40.63999938964844,37.92373275756836
3778,55.560001373291016,53.65956497192383
3779,19.290000915527344,18.17995834350586
3780,34.16999816894531,32.92818832397461
3781,9.720000267028809,9.313126564025879
3782,17.209999084472656,16.20408821105957
3783,6.190000057220459,5.304946422576904
3784,24.809999465942383,22.977190017700195
3785,8.050000190734863,6.9503045082092285
3786,10.1899995803833,8.736150741577148
3787,1.8600000143051147,1.2523202896118164
3788,45.0099983215332,42.28099822998047
3789,19.3799991607666,19.412017822265625
3790,53.45000076293945,51.08598327636719
3791,18.260000228881836,17.353132247924805
3792,18.31999969482422,16.8809814453125
3793,24.889999389648438,23.411161422729492
3794,37.0099983215332,35.65608215332031
3795,12.520000457763672,11.494425773620605
3796,52.369998931884766,49.839351654052734
3797,30.469999313354492,30.023731231689453
3798,53.029998779296875,51.34497833251953
3799,19.6200008392334,18.39923095703125
3800,48.88999938964844,48.5534782409668
3801,13.039999961853027,12.400455474853516
3802,21.040000915527344,19.231990814208984
3803,27.719999313354492,26.53114128112793
3804,6.210000038146973,5.1419878005981445
3805,17.889999389648438,16.807275772094727
3806,18.559999465942383,18.195648193359375
3807,35.52000045776367,34.877506256103516
3808,25.459999084472656,24.010208129882812
3809,22.690000534057617,21.36117935180664
3810,40.25,39.509986877441406
3811,14.619999885559082,13.77207088470459
3812,9.029999732971191,8.354521751403809
3813,35.88999938964844,34.37474060058594
3814,22.81999969482422,21.832786560058594
3815,31.8700008392334,30.025989532470703
3816,36.91999816894531,34.9133186340332
3817,11.260000228881836,10.344995498657227
3818,12.09000015258789,11.776605606079102
3819,38.939998626708984,35.23606491088867
3820,21.959999084472656,21.25387954711914
3821,62.22999954223633,56.96458435058594
3822,19.469999313354492,19.336761474609375
3823,33.45000076293945,32.49158477783203
3824,34.810001373291016,33.3653678894043
3825,43.84000015258789,45.177581787109375
3826,14.1899995803833,13.470050811767578
3827,12.569999694824219,12.00905990600586
3828,34.72999954223633,33.89530944824219
3829,68.80000305175781,65.90193939208984
3830,17.309999465942383,17.0645751953125
3831,29.700000762939453,28.52796173095703
3832,19.940000534057617,19.229360580444336
3833,21.530000686645508,20.410837173461914
3834,27.280000686645508,25.968647003173828
3835,46.79999923706055,45.864253997802734
3836,18.479999542236328,17.164077758789062
3837,28.65999984741211,27.820045471191406
3838,16.18000030517578,14.549759864807129
3839,18.299999237060547,17.15535545349121
3840,19.450000762939453,18.946823120117188
3841,62.849998474121094,60.86758041381836
3842,23.170000076293945,22.930084228515625
3843,19.25,18.46193504333496
3844,65.72000122070312,61.19176483154297
3845,33.22999954223633,32.410133361816406
3846,25.329999923706055,24.41792869567871
3847,7.329999923706055,5.658174514770508
3848,5.909999847412109,4.193977355957031
3849,6.690000057220459,6.138121128082275
3850,10.119999885559082,9.538201332092285
3851,33.189998626708984,32.92946243286133
3852,14.600000381469727,14.319077491760254
3853,37.380001068115234,36.76362991333008
3854,9.359999656677246,8.290251731872559
3855,29.299999237060547,28.860631942749023
3856,48.470001220703125,45.7857551574707
3857,19.309999465942383,18.829740524291992
3858,41.31999969482422,39.29756164550781
3859,32.9900016784668,30.553855895996094
3860,15.770000457763672,14.585975646972656
3861,22.40999984741211,22.499670028686523
3862,21.059999465942383,19.407575607299805
3863,56.040000915527344,52.36244583129883
3864,30.489999771118164,29.003995895385742
3865,25.809999465942383,23.81450843811035
3866,3.2799999713897705,1.7794015407562256
3867,23.65999984741211,22.558542251586914
3868,6.170000076293945,5.6949920654296875
3869,3.8499999046325684,2.55633807182312
3870,30.209999084472656,29.419700622558594
3871,17.479999542236328,16.95547103881836
3872,24.59000015258789,23.83297348022461
3873,61.38999938964844,62.89048767089844
3874,22.899999618530273,22.463909149169922
3875,40.540000915527344,39.34006118774414
3876,34.959999084472656,34.36565399169922
3877,32.650001525878906,30.559547424316406
3878,27.93000030517578,27.122268676757812
3879,51.31999969482422,49.934329986572266
3880,35.93000030517578,33.95060729980469
3881,51.790000915527344,50.83598709106445
3882,38.400001525878906,35.63978958129883
3883,31.020000457763672,30.780778884887695
3884,63.5,64.45915985107422
3885,33.56999969482422,32.629600524902344
3886,9.880000114440918,9.866476058959961
3887,19.049999237060547,18.84548568725586
3888,23.969999313354492,23.11937713623047
3889,45.790000915527344,44.49223327636719
3890,3.2300000190734863,1.7529220581054688
3891,15.319999694824219,14.763202667236328
3892,6.039999961853027,5.223088264465332
3893,13.640000343322754,12.914402961730957
3894,38.5,38.51449203491211
3895,6.53000020980835,5.779420375823975
3896,11.609999656677246,10.746613502502441
3897,23.579999923706055,22.409282684326172
3898,33.7599983215332,32.67252731323242
3899,29.43000030517578,28.18703842163086
3900,75.29000091552734,75.39949035644531
3901,37.150001525878906,33.793941497802734
3902,40.970001220703125,39.82911682128906
3903,35.22999954223633,34.879058837890625
3904,11.40999984741211,10.399322509765625
3905,22.760000228881836,21.76428985595703
3906,34.4900016784668,32.952392578125
3907,15.180000305175781,14.44722843170166
3908,24.6200008392334,22.901473999023438
3909,21.790000915527344,17.768478393554688
3910,26.360000610351562,25.937454223632812
3911,21.969999313354492,22.01717758178711
3912,8.289999961853027,6.551487922668457
3913,9.5600004196167,8.225979804992676
3914,36.83000183105469,35.1349983215332
3915,48.209999084472656,44.27898025512695
3916,12.479999542236328,11.562374114990234
3917,2.2699999809265137,1.768425464630127
3918,26.8799991607666,25.713794708251953
3919,7.880000114440918,6.212433338165283
3920,29.459999084472656,28.32657241821289
3921,22.149999618530273,21.136173248291016
3922,70.68000030517578,70.43284606933594
3923,43.849998474121094,43.7782096862793
3924,25.06999969482422,24.00625991821289
3925,4.300000190734863,3.1219167709350586
3926,35.290000915527344,35.23370361328125
3927,18.540000915527344,17.69719886779785
3928,50.400001525878906,48.94386672973633
3929,21.360000610351562,20.69076919555664
3930,60.97999954223633,60.147579193115234
3931,27.6200008392334,26.855615615844727
3932,29.079999923706055,28.074443817138672
3933,36.709999084472656,36.02448272705078
3934,13.619999885559082,13.32461166381836
3935,31.219999313354492,30.612106323242188
3936,11.329999923706055,10.68313217163086
3937,14.8100004196167,14.435469627380371
3938,27.6299991607666,26.424251556396484
3939,42.22999954223633,40.87852478027344
3940,36.369998931884766,35.66072463989258
3941,19.149999618530273,18.36208724975586
3942,5.739999771118164,5.019695281982422
3943,62.0,61.546688079833984
3944,0.8500000238418579,1.2434531450271606
3945,72.2300033569336,72.78031158447266
3946,28.260000228881836,27.9726619720459
3947,46.63999938964844,46.75553512573242
3948,11.0600004196167,9.98708724975586
3949,71.01000213623047,68.5335464477539
3950,40.279998779296875,39.749908447265625
3951,8.069999694824219,7.7266693115234375
3952,26.579999923706055,25.254121780395508
3953,48.0,46.23273849487305
3954,50.869998931884766,49.790931701660156
3955,54.4900016784668,54.77036666870117
3956,27.780000686645508,27.127965927124023
3957,17.59000015258789,16.866573333740234
3958,13.760000228881836,12.890429496765137
3959,36.40999984741211,35.1163444519043
3960,3.3499999046325684,2.3185863494873047
3961,50.470001220703125,49.55293655395508
3962,17.309999465942383,16.40241241455078
3963,6.449999809265137,5.100175857543945
3964,19.90999984741211,18.901517868041992
3965,17.469999313354492,15.835468292236328
3966,35.189998626708984,34.40728759765625
3967,18.770000457763672,17.511491775512695
3968,28.8700008392334,27.938812255859375
3969,15.039999961853027,14.335335731506348
3970,24.889999389648438,23.46236228942871
3971,27.59000015258789,26.114543914794922
3972,3.880000114440918,2.6254899501800537
3973,28.020000457763672,27.487567901611328
3974,25.770000457763672,24.569625854492188
3975,52.84000015258789,50.96086502075195
3976,1.2200000286102295,1.3309540748596191
3977,27.809999465942383,27.335630416870117
3978,25.979999542236328,24.97863006591797
3979,16.1200008392334,15.479501724243164
3980,32.43000030517578,31.72811508178711
3981,3.009999990463257,2.008944034576416
3982,38.380001068115234,35.33842086791992
3983,31.31999969482422,30.45100212097168
3984,25.729999542236328,24.720022201538086
3985,41.61000061035156,39.82392501831055
3986,38.529998779296875,36.883548736572266
3987,21.860000610351562,20.609210968017578
3988,30.040000915527344,29.146869659423828
3989,33.91999816894531,33.16305923461914
3990,40.15999984741211,39.30839920043945
3991,20.959999084472656,20.125595092773438
3992,38.25,38.23917770385742
3993,59.45000076293945,57.969078063964844
3994,20.610000610351562,20.00194549560547
3995,33.900001525878906,33.16570281982422
3996,34.209999084472656,33.14107894897461
3997,13.100000381469727,12.025463104248047
3998,28.079999923706055,27.380746841430664
3999,64.76000213623047,66.55469512939453
4000,1.8600000143051147,1.6077568531036377
4001,26.229999542236328,24.681264877319336
4002,26.43000030517578,25.46393585205078
4003,22.5,21.116718292236328
4004,37.61000061035156,36.924137115478516
4005,53.189998626708984,55.0502815246582
4006,66.05000305175781,65.81365203857422
4007,6.550000190734863,5.118443012237549
4008,18.59000015258789,18.072729110717773
4009,66.79000091552734,64.35719299316406
4010,40.7599983215332,41.6921501159668
4011,15.529999732971191,15.199542999267578
4012,30.18000030517578,27.707473754882812
4013,34.619998931884766,33.8016471862793
4014,19.290000915527344,18.84382438659668
4015,7.869999885559082,6.528956413269043
4016,25.0,24.21735954284668
4017,5.179999828338623,4.94503927230835
4018,13.279999732971191,12.908738136291504
4019,33.810001373291016,33.33979034423828
4020,25.739999771118164,24.81594467163086
4021,4.059999942779541,2.2928683757781982
4022,29.520000457763672,27.502317428588867
4023,51.41999816894531,48.418617248535156
4024,26.100000381469727,25.259437561035156
4025,56.16999816894531,56.875431060791016
4026,25.139999389648438,25.11501121520996
4027,23.25,21.69571876525879
4028,6.789999961853027,5.986973285675049
4029,23.450000762939453,22.43802261352539
4030,56.27000045776367,54.44143295288086
4031,26.239999771118164,24.354026794433594
4032,24.450000762939453,23.518707275390625
4033,2.8499999046325684,1.6619479656219482
4034,11.470000267028809,10.110751152038574
4035,16.459999084472656,16.65471839904785
4036,7.96999979019165,7.393404006958008
4037,29.34000015258789,27.698945999145508
4038,19.1299991607666,18.09690284729004
4039,32.150001525878906,31.793304443359375
4040,21.81999969482422,21.457393646240234
4041,26.780000686645508,24.793712615966797
4042,35.810001373291016,35.2774543762207
4043,28.15999984741211,27.9664363861084
4044,24.25,22.678699493408203
4045,52.79999923706055,50.67707824707031
4046,10.640000343322754,10.23190689086914
4047,53.18000030517578,52.32841110229492
4048,40.20000076293945,39.27602767944336
4049,18.239999771118164,17.302593231201172
4050,6.300000190734863,4.960968494415283
4051,5.349999904632568,4.63330078125
4052,37.06999969482422,35.869747161865234
4053,6.309999942779541,5.022646427154541
4054,38.47999954223633,37.605770111083984
4055,7.739999771118164,7.128663539886475
4056,25.1299991607666,24.320940017700195
4057,52.7400016784668,51.07271194458008
4058,11.529999732971191,10.885921478271484
4059,5.559999942779541,4.589901924133301
4060,3.2200000286102295,2.506000280380249
4061,12.239999771118164,11.509786605834961
4062,42.93000030517578,42.26751708984375
4063,26.709999084472656,26.108596801757812
4064,48.18000030517578,46.68671798706055
4065,14.109999656677246,13.493612289428711
4066,47.43000030517578,46.45564270019531
4067,7.03000020980835,5.832983016967773
4068,26.440000534057617,25.012020111083984
4069,50.65999984741211,49.125545501708984
4070,35.529998779296875,33.91889572143555
4071,19.290000915527344,18.05999755859375
4072,15.039999961853027,14.543341636657715
4073,41.779998779296875,41.607425689697266
4074,48.7400016784668,48.8875732421875
4075,6.590000152587891,5.7664475440979
4076,48.5099983215332,48.02492904663086
4077,33.5,32.67266845703125
4078,12.15999984741211,10.849771499633789
4079,25.06999969482422,24.11717987060547
4080,27.8799991607666,27.85163688659668
4081,24.40999984741211,22.699188232421875
4082,32.22999954223633,30.89596176147461
4083,15.300000190734863,14.478564262390137
4084,37.70000076293945,37.567466735839844
4085,45.75,44.199222564697266
4086,57.970001220703125,55.28989791870117
4087,19.190000534057617,18.390663146972656
4088,20.110000610351562,18.61299705505371
4089,45.959999084472656,45.1545524597168
4090,34.27000045776367,32.819400787353516
4091,39.0099983215332,38.415462493896484
4092,7.489999771118164,6.567339897155762
4093,27.690000534057617,25.8358154296875
4094,5.699999809265137,4.759523391723633
4095,46.81999969482422,43.184383392333984
4096,34.310001373291016,33.39619827270508
4097,22.059999465942383,21.78927230834961
4098,18.6299991607666,19.202463150024414
4099,11.180000305175781,10.045842170715332
4100,41.790000915527344,41.98149490356445
4101,41.349998474121094,40.53566360473633
4102,52.560001373291016,50.17190933227539
4103,24.979999542236328,24.152572631835938
4104,69.37000274658203,63.643585205078125
4105,35.709999084472656,34.821468353271484
4106,13.880000114440918,13.35017204284668
4107,68.5999984741211,67.99382781982422
4108,17.079999923706055,16.185043334960938
4109,10.869999885559082,9.87302017211914
4110,26.469999313354492,25.275287628173828
4111,36.369998931884766,35.58592987060547
4112,12.149999618530273,11.522510528564453
4113,27.940000534057617,27.375564575195312
4114,30.010000228881836,29.38529396057129
4115,34.7400016784668,32.683387756347656
4116,14.0,13.531586647033691
4117,24.1299991607666,23.719499588012695
4118,11.930000305175781,10.646868705749512
4119,31.549999237060547,31.399158477783203
4120,33.36000061035156,32.072303771972656
4121,15.4399995803833,14.550925254821777
4122,11.789999961853027,10.186853408813477
4123,78.62000274658203,76.55597686767578
4124,38.130001068115234,35.15077590942383
4125,7.059999942779541,6.145183563232422
4126,47.52000045776367,47.0500373840332
4127,26.3799991607666,25.568283081054688
4128,26.81999969482422,25.012889862060547
4129,30.100000381469727,28.424776077270508
4130,17.549999237060547,17.30786895751953
4131,53.40999984741211,53.44064712524414
4132,34.119998931884766,33.45334243774414
4133,14.039999961853027,12.93628215789795
4134,59.310001373291016,60.708709716796875
4135,25.219999313354492,24.436635971069336
4136,17.56999969482422,16.85548210144043
4137,28.020000457763672,26.656686782836914
4138,15.199999809265137,14.460646629333496
4139,5.489999771118164,3.9062552452087402
4140,30.010000228881836,27.919885635375977
4141,72.45999908447266,69.44587707519531
4142,31.030000686645508,30.793994903564453
4143,51.279998779296875,50.0608024597168
4144,34.88999938964844,33.31787872314453
4145,25.59000015258789,25.78057861328125
4146,17.530000686645508,16.885337829589844
4147,16.40999984741211,15.906707763671875
4148,13.020000457763672,12.582876205444336
4149,19.719999313354492,18.839134216308594
4150,25.6200008392334,24.398080825805664
4151,22.709999084472656,21.68943977355957
4152,40.93000030517578,39.03862380981445
4153,22.40999984741211,21.1090145111084
4154,39.779998779296875,37.8702507019043
4155,11.920000076293945,10.889568328857422
4156,65.37000274658203,64.50028228759766
4157,29.639999389648438,27.085289001464844
4158,12.729999542236328,11.684638023376465
4159,16.059999465942383,15.018779754638672
4160,28.770000457763672,27.309608459472656
4161,48.599998474121094,46.33092498779297
4162,21.469999313354492,20.238561630249023
4163,2.7799999713897705,2.150416374206543
4164,11.5600004196167,11.53079605102539
4165,33.88999938964844,32.25129699707031
4166,21.969999313354492,21.034664154052734
4167,73.61000061035156,71.8905258178711
4168,29.829999923706055,28.107141494750977
4169,18.34000015258789,17.581071853637695
4170,29.670000076293945,28.692058563232422
4171,3.3499999046325684,2.186743974685669
4172,65.0,65.6088638305664
4173,19.719999313354492,18.30074691772461
4174,13.029999732971191,12.33318042755127
4175,19.3700008392334,18.624143600463867
4176,28.670000076293945,27.474470138549805
4177,34.66999816894531,33.57997512817383
4178,28.920000076293945,27.088279724121094
4179,17.59000015258789,16.764259338378906
4180,4.090000152587891,2.5212559700012207
4181,41.04999923706055,41.33979797363281
4182,9.350000381469727,7.785403728485107
4183,3.7799999713897705,2.7308313846588135
4184,15.600000381469727,14.849058151245117
4185,51.5,49.54140853881836
4186,35.849998474121094,34.3693733215332
4187,25.110000610351562,23.979347229003906
4188,9.729999542236328,8.305642127990723
4189,47.939998626708984,48.357139587402344
4190,42.150001525878906,41.19002914428711
4191,11.449999809265137,11.073251724243164
4192,6.119999885559082,4.021229267120361
4193,28.219999313354492,26.754493713378906
4194,20.790000915527344,19.254505157470703
4195,16.010000228881836,15.699028015136719
4196,10.819999694824219,9.97534465789795
4197,33.099998474121094,32.03154373168945
4198,40.09000015258789,39.10523986816406
4199,13.880000114440918,13.200315475463867
4200,14.649999618530273,13.539093971252441
4201,41.59000015258789,40.669403076171875
4202,68.83999633789062,71.92745208740234
4203,8.5600004196167,7.1014299392700195
4204,37.31999969482422,35.15425109863281
4205,7.550000190734863,6.622615814208984
4206,2.9800000190734863,1.4913549423217773
4207,48.06999969482422,46.600521087646484
4208,33.900001525878906,33.53308868408203
4209,36.79999923706055,35.8945426940918
4210,27.899999618530273,25.81402587890625
4211,30.190000534057617,28.556509017944336
4212,13.859999656677246,12.949321746826172
4213,55.540000915527344,54.185211181640625
4214,22.81999969482422,21.90572166442871
4215,43.38999938964844,42.053646087646484
4216,48.72999954223633,46.93740463256836
4217,4.75,3.5396478176116943
4218,40.709999084472656,39.96586227416992
4219,37.41999816894531,37.888710021972656
4220,10.760000228881836,9.708887100219727
4221,43.4900016784668,44.660770416259766
4222,24.530000686645508,23.229110717773438
4223,9.479999542236328,8.803262710571289
4224,18.399999618530273,17.65296173095703
4225,27.290000915527344,25.991809844970703
4226,16.610000610351562,15.203489303588867
4227,51.75,49.919986724853516
4228,9.930000305175781,9.377177238464355
4229,34.36000061035156,33.025333404541016
4230,28.549999237060547,27.842876434326172
4231,14.15999984741211,13.064640045166016
4232,23.200000762939453,21.91419792175293
4233,19.010000228881836,17.804468154907227
4234,29.729999542236328,27.8459529876709
4235,24.329999923706055,24.21369171142578
4236,25.969999313354492,25.893497467041016
4237,14.5600004196167,13.969021797180176
4238,35.02000045776367,34.34571838378906
4239,26.729999542236328,26.340219497680664
4240,57.54999923706055,55.865604400634766
4241,50.36000061035156,48.07448196411133
4242,18.229999542236328,17.0836181640625
4243,37.91999816894531,39.09123229980469
4244,16.010000228881836,14.603078842163086
4245,31.280000686645508,31.04745864868164
4246,68.38999938964844,67.6172866821289
4247,25.149999618530273,23.75292205810547
4248,37.33000183105469,37.27643585205078
4249,27.209999084472656,25.46761131286621
4250,55.08000183105469,54.450557708740234
4251,34.91999816894531,34.479984283447266
4252,8.350000381469727,7.220676898956299
4253,7.320000171661377,7.124397277832031
4254,10.9399995803833,9.86656379699707
4255,22.959999084472656,22.94151496887207
4256,78.01000213623047,79.99556732177734
4257,34.95000076293945,34.57509231567383
4258,36.31999969482422,35.87456130981445
4259,19.020000457763672,17.797866821289062
4260,31.360000610351562,31.03363037109375
4261,28.31999969482422,27.85282325744629
4262,41.599998474121094,39.55506134033203
4263,8.34000015258789,6.842350006103516
4264,2.700000047683716,1.2355290651321411
4265,28.780000686645508,27.02773094177246
4266,43.130001068115234,42.323204040527344
4267,17.06999969482422,16.53603744506836
4268,18.489999771118164,17.8353271484375
4269,37.45000076293945,37.24927520751953
4270,7.239999771118164,6.022151947021484
4271,48.310001373291016,48.332035064697266
4272,6.829999923706055,6.037568092346191
4273,30.770000457763672,30.097017288208008
4274,46.310001373291016,45.12484359741211
4275,44.58000183105469,43.5341911315918
4276,36.4900016784668,34.83444595336914
4277,32.41999816894531,32.231842041015625
4278,38.15999984741211,37.22979736328125
4279,14.369999885559082,13.034477233886719
4280,5.860000133514404,4.4807658195495605
4281,26.81999969482422,26.936992645263672
4282,43.459999084472656,42.67099380493164
4283,32.900001525878906,33.28474044799805
4284,32.369998931884766,31.743560791015625
4285,17.709999084472656,16.29619026184082
4286,41.189998626708984,38.87520217895508
4287,52.95000076293945,50.92694091796875
4288,25.139999389648438,23.828887939453125
4289,58.59000015258789,56.39200210571289
4290,10.460000038146973,9.436229705810547
4291,27.780000686645508,26.309404373168945
4292,46.599998474121094,46.11511993408203
4293,28.899999618530273,28.249446868896484
4294,43.0099983215332,41.99440383911133
4295,37.4900016784668,37.73727798461914
4296,26.899999618530273,25.660144805908203
4297,21.809999465942383,21.246253967285156
4298,27.020000457763672,25.53974723815918
4299,24.850000381469727,23.843700408935547
4300,27.309999465942383,26.943496704101562
4301,31.139999389648438,30.274009704589844
4302,19.8799991607666,18.307628631591797
4303,40.0,39.618892669677734
4304,13.970000267028809,12.6100435256958
4305,16.110000610351562,15.580678939819336
4306,15.779999732971191,15.008100509643555
4307,53.06999969482422,51.8117790222168
4308,38.560001373291016,38.40915298461914
4309,56.209999084472656,53.54554748535156
4310,32.13999938964844,30.489276885986328
4311,78.83000183105469,75.4887466430664
4312,6.429999828338623,5.699211120605469
4313,27.719999313354492,24.921672821044922
4314,15.130000114440918,14.827539443969727
4315,20.040000915527344,19.883209228515625
4316,31.520000457763672,30.97490882873535
4317,9.199999809265137,6.2620415687561035
4318,26.969999313354492,25.493885040283203
4319,34.90999984741211,33.60734558105469
4320,44.29999923706055,41.714599609375
4321,28.18000030517578,27.083940505981445
4322,17.709999084472656,17.215614318847656
4323,17.790000915527344,17.257373809814453
4324,41.720001220703125,40.11078643798828
4325,21.329999923706055,20.391395568847656
4326,37.709999084472656,37.35588455200195
4327,31.68000030517578,30.174789428710938
4328,33.220001220703125,32.11425018310547
4329,68.0199966430664,68.22273254394531
4330,35.0,33.11738967895508
4331,36.290000915527344,35.43910598754883
4332,30.860000610351562,30.0688419342041
4333,28.760000228881836,28.43640899658203
4334,13.220000267028809,12.914448738098145
4335,7.019999980926514,5.994117736816406
4336,4.050000190734863,3.053753137588501
4337,50.310001373291016,49.25248336791992
4338,39.18000030517578,38.56594467163086
4339,8.720000267028809,7.610752105712891
4340,15.550000190734863,14.828502655029297
4341,14.579999923706055,14.188441276550293
4342,10.989999771118164,10.655596733093262
4343,33.65999984741211,31.938190460205078
4344,18.040000915527344,17.280803680419922
4345,24.350000381469727,24.014833450317383
4346,15.390000343322754,14.77896499633789
4347,14.239999771118164,13.489602088928223
4348,26.829999923706055,25.732635498046875
4349,12.59000015258789,11.473740577697754
4350,17.959999084472656,17.471355438232422
4351,22.190000534057617,20.903549194335938
4352,19.649999618530273,19.923076629638672
4353,46.15999984741211,46.64908981323242
4354,22.34000015258789,21.533462524414062
4355,22.549999237060547,21.55200958251953
4356,47.970001220703125,47.21550369262695
4357,9.300000190734863,8.331855773925781
4358,15.569999694824219,14.419915199279785
4359,13.600000381469727,12.155351638793945
4360,5.059999942779541,3.7011091709136963
4361,45.54999923706055,45.06874465942383
4362,17.18000030517578,17.112802505493164
4363,26.690000534057617,26.372819900512695
4364,14.539999961853027,14.166245460510254
4365,33.209999084472656,32.94314956665039
4366,40.97999954223633,39.9871711730957
4367,34.40999984741211,32.39881134033203
4368,15.199999809265137,15.037670135498047
4369,36.95000076293945,36.27048873901367
4370,27.549999237060547,26.444488525390625
4371,27.110000610351562,26.76058006286621
4372,44.900001525878906,42.59663391113281
4373,7.019999980926514,5.79442024230957
4374,25.940000534057617,25.864809036254883
4375,13.90999984741211,13.297574996948242
4376,33.33000183105469,31.79537582397461
4377,41.02000045776367,39.45394515991211
4378,34.09000015258789,32.742496490478516
4379,38.06999969482422,37.2653694152832
4380,35.43000030517578,34.0408935546875
4381,22.280000686645508,21.79106903076172
4382,39.310001373291016,38.762638092041016
4383,15.260000228881836,14.37268352508545
4384,12.65999984741211,12.794243812561035
4385,5.860000133514404,4.644619464874268
4386,13.34000015258789,12.5362548828125
4387,23.219999313354492,22.27166748046875
4388,73.4000015258789,75.48055267333984
4389,3.4600000381469727,2.3506298065185547
4390,15.170000076293945,15.313304901123047
4391,48.45000076293945,46.39274978637695
4392,22.739999771118164,21.80894660949707
4393,23.3799991607666,22.793825149536133
4394,37.15999984741211,36.0943489074707
4395,24.459999084472656,22.631427764892578
4396,8.220000267028809,7.329421520233154
4397,14.279999732971191,13.6692533493042
4398,19.100000381469727,18.87509536743164
4399,79.05999755859375,75.0960693359375
4400,41.040000915527344,39.513126373291016
4401,9.0,8.255005836486816
4402,13.90999984741211,12.403053283691406
4403,32.45000076293945,31.633235931396484
4404,33.18000030517578,32.05266571044922
4405,5.570000171661377,3.8422813415527344
4406,18.600000381469727,17.723161697387695
4407,31.889999389648438,31.276424407958984
4408,39.36000061035156,38.417476654052734
4409,10.880000114440918,10.261094093322754
4410,26.450000762939453,25.542003631591797
4411,52.880001068115234,52.23139572143555
4412,66.62999725341797,64.5090103149414
4413,3.3499999046325684,2.602543592453003
4414,44.72999954223633,44.83631134033203
4415,15.0,14.800397872924805
4416,30.59000015258789,30.160493850708008
4417,38.5099983215332,37.926025390625
4418,28.270000457763672,28.77553939819336
4419,28.68000030517578,29.279773712158203
4420,7.650000095367432,7.039113521575928
4421,20.709999084472656,19.38599967956543
4422,13.420000076293945,12.334765434265137
4423,23.010000228881836,21.9228572845459
4424,14.550000190734863,14.261872291564941
4425,46.9900016784668,45.18324279785156
4426,27.68000030517578,26.50563621520996
4427,44.20000076293945,43.38762283325195
4428,16.510000228881836,15.82246208190918
4429,3.940000057220459,2.843583345413208
4430,32.38999938964844,30.957443237304688
4431,61.66999816894531,61.10840606689453
4432,35.599998474121094,34.28730392456055
4433,11.369999885559082,10.250397682189941
4434,14.829999923706055,14.366490364074707
4435,30.25,29.382530212402344
4436,34.040000915527344,33.76070785522461
4437,27.979999542236328,28.129337310791016
4438,46.709999084472656,44.56170654296875
4439,3.0799999237060547,1.9912923574447632
4440,16.520000457763672,15.719484329223633
4441,50.27000045776367,49.74982452392578
4442,23.43000030517578,22.89016342163086
4443,18.56999969482422,17.602535247802734
4444,50.13999938964844,48.563350677490234
4445,49.18000030517578,48.32167434692383
4446,14.5,13.770781517028809
4447,19.020000457763672,18.312755584716797
4448,54.9900016784668,53.50001907348633
4449,47.40999984741211,43.924930572509766
4450,56.09000015258789,48.89655303955078
4451,61.40999984741211,61.433929443359375
4452,12.069999694824219,11.408039093017578
4453,25.579999923706055,24.72658920288086
4454,16.200000762939453,15.208322525024414
4455,25.790000915527344,25.33194351196289
4456,12.880000114440918,12.21842098236084
4457,45.25,43.051673889160156
4458,38.709999084472656,37.218170166015625
4459,3.4600000381469727,2.13930344581604
4460,20.940000534057617,20.152000427246094
4461,38.41999816894531,36.729515075683594
4462,36.720001220703125,36.046546936035156
4463,22.989999771118164,22.8641357421875
4464,38.060001373291016,36.001590728759766
4465,42.02000045776367,41.27877426147461
4466,34.029998779296875,32.8240852355957
4467,21.280000686645508,20.263376235961914
4468,63.029998779296875,60.955116271972656
4469,48.2400016784668,45.6322135925293
4470,19.139999389648438,17.894460678100586
4471,15.619999885559082,15.572376251220703
4472,18.399999618530273,17.695636749267578
4473,52.040000915527344,49.82066345214844
4474,48.06999969482422,47.51955032348633
4475,42.369998931884766,40.5698127746582
4476,45.38999938964844,44.60711669921875
4477,29.530000686645508,28.598142623901367
4478,13.65999984741211,12.069591522216797
4479,28.079999923706055,27.052993774414062
4480,21.799999237060547,20.769855499267578
4481,20.489999771118164,19.660133361816406
4482,49.79999923706055,49.081764221191406
4483,2.859999895095825,1.5227240324020386
4484,28.520000457763672,27.638669967651367
4485,24.219999313354492,23.49102783203125
4486,63.63999938964844,61.98379898071289
4487,44.06999969482422,42.969200134277344
4488,18.18000030517578,17.63970947265625
4489,3.359999895095825,2.253615379333496
4490,13.59000015258789,13.165428161621094
4491,50.209999084472656,49.465553283691406
4492,18.850000381469727,17.53565216064453
4493,23.049999237060547,22.626304626464844
4494,44.689998626708984,44.621585845947266
4495,38.02000045776367,36.927982330322266
4496,52.0,50.65625762939453
4497,39.61000061035156,39.33582305908203
4498,27.65999984741211,25.1483154296875
4499,13.789999961853027,13.538010597229004
4500,8.0,7.024422645568848
4501,42.90999984741211,42.2849235534668
4502,58.06999969482422,57.549808502197266
4503,36.220001220703125,35.40583801269531
4504,26.579999923706055,25.627521514892578
4505,17.1299991607666,15.620655059814453
4506,15.729999542236328,15.168537139892578
4507,43.04999923706055,41.99144744873047
4508,36.31999969482422,35.496097564697266
4509,23.690000534057617,23.122705459594727
4510,26.700000762939453,26.083398818969727
4511,6.590000152587891,5.024481296539307
4512,27.93000030517578,26.982559204101562
4513,21.6200008392334,20.357927322387695
4514,14.260000228881836,13.879517555236816
4515,45.529998779296875,44.07966613769531
4516,7.579999923706055,6.844685077667236
4517,35.900001525878906,34.69361877441406
4518,21.030000686645508,20.338106155395508
4519,23.18000030517578,21.69430923461914
4520,58.5099983215332,55.919734954833984
4521,13.520000457763672,12.526647567749023
4522,19.639999389648438,18.548030853271484
4523,38.220001220703125,37.53722381591797
4524,55.560001373291016,54.390045166015625
4525,27.549999237060547,25.89847755432129
4526,37.41999816894531,34.73854064941406
4527,16.40999984741211,15.741905212402344
4528,23.639999389648438,23.245986938476562
4529,12.880000114440918,12.028310775756836
4530,19.459999084472656,18.37208366394043
4531,61.810001373291016,57.46731185913086
4532,28.25,26.909584045410156
4533,14.710000038146973,13.702540397644043
4534,56.619998931884766,54.13861083984375
4535,17.040000915527344,16.32549476623535
4536,43.04999923706055,42.645572662353516
4537,7.010000228881836,6.025012969970703
4538,25.3799991607666,24.664051055908203
4539,28.809999465942383,27.933944702148438
4540,18.920000076293945,17.958534240722656
4541,23.899999618530273,23.678571701049805
4542,22.31999969482422,21.750228881835938
4543,25.25,24.65315818786621
4544,46.0,44.86467742919922
4545,8.229999542236328,6.943497657775879
4546,34.689998626708984,35.06402587890625
4547,27.940000534057617,27.048370361328125
4548,40.25,40.19742202758789
4549,8.710000038146973,8.02371597290039
4550,20.6299991607666,20.13521957397461
4551,5.489999771118164,4.424407005310059
4552,63.68000030517578,63.890811920166016
4553,25.739999771118164,23.960128784179688
4554,26.190000534057617,24.428340911865234
4555,20.600000381469727,20.180267333984375
4556,46.0099983215332,46.28113555908203
4557,24.670000076293945,24.894865036010742
4558,23.75,22.46802520751953
4559,12.449999809265137,12.259844779968262
4560,56.650001525878906,55.70686340332031
4561,19.399999618530273,17.596935272216797
4562,55.849998474121094,55.464988708496094
4563,15.260000228881836,14.601801872253418
4564,67.30999755859375,69.71365356445312
4565,13.220000267028809,12.324090003967285
4566,37.099998474121094,37.299320220947266
4567,16.760000228881836,16.289831161499023
4568,34.5,32.754981994628906
4569,22.219999313354492,20.53577423095703
4570,36.72999954223633,35.712005615234375
4571,13.380000114440918,12.95421028137207
4572,40.97999954223633,39.169734954833984
4573,46.349998474121094,45.55327606201172
4574,52.099998474121094,50.430904388427734
4575,27.780000686645508,27.459182739257812
4576,17.010000228881836,16.29448699951172
4577,21.639999389648438,20.976144790649414
4578,38.43000030517578,37.516170501708984
4579,43.7400016784668,42.47264099121094
4580,16.8799991607666,16.6041259765625
4581,12.479999542236328,11.733311653137207
4582,26.329999923706055,24.585771560668945
4583,34.93000030517578,35.506343841552734
4584,46.630001068115234,46.34685134887695
4585,32.689998626708984,31.4112548828125
4586,23.309999465942383,21.67241668701172
4587,13.289999961853027,12.761506080627441
4588,34.650001525878906,35.240848541259766
4589,23.31999969482422,21.433813095092773
4590,10.960000038146973,11.081703186035156
4591,12.279999732971191,11.487900733947754
4592,22.600000381469727,20.40494728088379
4593,6.139999866485596,5.485901355743408
4594,40.540000915527344,39.20610427856445
4595,20.469999313354492,19.786365509033203
4596,31.649999618530273,30.93999671936035
4597,25.93000030517578,24.6204776763916
4598,14.390000343322754,13.887944221496582
4599,2.569999933242798,1.2424249649047852
4600,13.989999771118164,12.674147605895996
4601,52.560001373291016,51.2022590637207
4602,34.86000061035156,33.55135726928711
4603,34.58000183105469,34.15201950073242
4604,4.789999961853027,4.578588485717773
4605,10.289999961853027,9.155743598937988
4606,36.15999984741211,34.687782287597656
4607,1.9700000286102295,1.6905030012130737
4608,7.190000057220459,5.892543315887451
4609,66.77999877929688,65.6709213256836
4610,9.789999961853027,8.392257690429688
4611,21.110000610351562,20.264928817749023
4612,52.470001220703125,50.851749420166016
4613,18.860000610351562,17.83127212524414
4614,56.7400016784668,55.335018157958984
4615,23.389999389648438,23.265033721923828
4616,32.59000015258789,30.74823760986328
4617,60.13999938964844,58.115257263183594
4618,2.759999990463257,1.4974621534347534
4619,55.279998779296875,54.249176025390625
4620,20.600000381469727,20.21636962890625
4621,55.08000183105469,51.00407791137695
4622,13.90999984741211,13.445598602294922
4623,37.2400016784668,37.268985748291016
4624,38.2400016784668,37.06137466430664
4625,22.020000457763672,21.958250045776367
4626,29.600000381469727,28.93222999572754
4627,8.130000114440918,6.960849761962891
4628,54.119998931884766,52.92443084716797
4629,67.9800033569336,65.56998443603516
4630,14.300000190734863,13.767857551574707
4631,35.650001525878906,34.76383972167969
4632,17.940000534057617,16.86484146118164
4633,21.030000686645508,20.87570571899414
4634,36.72999954223633,36.691104888916016
4635,60.38999938964844,59.54225540161133
4636,11.680000305175781,10.788358688354492
4637,37.2599983215332,36.242942810058594
4638,25.6299991607666,23.954605102539062
4639,1.1200000047683716,1.1646122932434082
4640,6.550000190734863,4.889401435852051
4641,42.470001220703125,42.066795349121094
4642,43.290000915527344,42.008758544921875
4643,23.6200008392334,22.458179473876953
4644,7.300000190734863,5.710670471191406
4645,10.539999961853027,9.714274406433105
4646,18.469999313354492,17.210979461669922
4647,37.97999954223633,37.63211441040039
4648,24.770000457763672,23.22405242919922
4649,27.809999465942383,27.612199783325195
4650,26.889999389648438,26.15822410583496
4651,9.779999732971191,9.77303695678711
4652,25.299999237060547,25.09189796447754
4653,19.209999084472656,18.472076416015625
4654,33.9900016784668,33.737091064453125
4655,32.869998931884766,32.89890670776367
4656,21.170000076293945,20.149656295776367
4657,31.899999618530273,31.237361907958984
4658,10.350000381469727,9.364307403564453
4659,41.959999084472656,40.51848602294922
4660,18.6200008392334,18.472549438476562
4661,31.34000015258789,29.166173934936523
4662,48.04999923706055,47.98513412475586
4663,23.700000762939453,22.180513381958008
4664,2.049999952316284,1.592189073562622
4665,46.7599983215332,45.42239761352539
4666,32.130001068115234,31.33036231994629
4667,36.040000915527344,33.39794921875
4668,14.119999885559082,13.308464050292969
4669,31.09000015258789,29.420320510864258
4670,35.54999923706055,34.967445373535156
4671,22.190000534057617,21.53432846069336
4672,51.849998474121094,49.758846282958984
4673,52.83000183105469,52.32417297363281
4674,21.799999237060547,20.839984893798828
4675,19.280000686645508,18.81777000427246
4676,26.389999389648438,26.49110221862793
4677,11.529999732971191,10.274497985839844
4678,22.959999084472656,23.005765914916992
4679,20.540000915527344,19.32084846496582
4680,39.970001220703125,38.3320198059082
4681,56.33000183105469,52.91627502441406
4682,55.79999923706055,57.68373489379883
4683,30.780000686645508,31.013473510742188
4684,13.720000267028809,13.382665634155273
4685,29.6299991607666,30.102081298828125
4686,14.0,13.730620384216309
4687,41.04999923706055,39.37059020996094
4688,13.819999694824219,12.999595642089844
4689,41.29999923706055,40.525390625
4690,44.81999969482422,42.83901596069336
4691,39.45000076293945,38.841800689697266
4692,41.369998931884766,39.52925491333008
4693,11.640000343322754,11.264723777770996
4694,35.650001525878906,33.963069915771484
4695,23.290000915527344,23.396221160888672
4696,6.739999771118164,5.7354230880737305
4697,36.5,36.216556549072266
4698,33.04999923706055,32.87179946899414
4699,9.350000381469727,8.409905433654785
4700,41.810001373291016,41.37120056152344
4701,39.91999816894531,39.70427322387695
4702,38.040000915527344,37.29001998901367
4703,9.3100004196167,8.516351699829102
4704,75.8499984741211,73.86653137207031
4705,17.450000762939453,17.402725219726562
4706,11.140000343322754,10.66885757446289
4707,28.06999969482422,26.361610412597656
4708,45.040000915527344,44.811771392822266
4709,16.809999465942383,16.597766876220703
4710,65.19000244140625,62.83425521850586
4711,28.360000610351562,27.76582908630371
4712,3.4000000953674316,2.015874147415161
4713,11.449999809265137,10.642943382263184
4714,64.91999816894531,62.283714294433594
4715,26.719999313354492,25.998306274414062
4716,9.390000343322754,8.444501876831055
4717,38.439998626708984,38.17256546020508
4718,24.190000534057617,22.59792709350586
4719,26.760000228881836,25.915340423583984
4720,33.84000015258789,33.13545227050781
4721,42.650001525878906,42.82111358642578
4722,31.940000534057617,30.729694366455078
4723,15.970000267028809,15.079887390136719
4724,15.09000015258789,13.804638862609863
4725,43.33000183105469,42.771907806396484
4726,21.100000381469727,20.107139587402344
4727,47.790000915527344,47.61958312988281
4728,33.70000076293945,31.539779663085938
4729,74.7300033569336,73.06242370605469
4730,61.130001068115234,59.57839584350586
4731,22.479999542236328,21.471651077270508
4732,5.360000133514404,4.868014335632324
4733,11.930000305175781,11.635590553283691
4734,51.959999084472656,50.386962890625
4735,32.9900016784668,31.873458862304688
4736,25.40999984741211,24.655105590820312
4737,17.68000030517578,16.70555305480957
4738,26.6200008392334,26.004459381103516
4739,2.4100000858306885,1.3932956457138062
4740,32.93000030517578,31.338825225830078
4741,21.790000915527344,21.119583129882812
4742,72.05000305175781,73.04309844970703
4743,8.539999961853027,7.194153308868408
4744,20.700000762939453,19.43919563293457
4745,75.27999877929688,71.76251983642578
4746,9.739999771118164,8.377431869506836
4747,8.819999694824219,8.266743659973145
4748,26.510000228881836,24.87494468688965
4749,9.869999885559082,8.452508926391602
4750,57.220001220703125,54.103904724121094
4751,6.96999979019165,5.569733619689941
4752,35.16999816894531,34.788551330566406
4753,42.849998474121094,39.80170822143555
4754,58.4900016784668,56.24112319946289
4755,9.420000076293945,8.224631309509277
4756,18.540000915527344,17.073488235473633
4757,1.7300000190734863,3.4014196395874023
4758,15.180000305175781,16.10475730895996
4759,72.9800033569336,76.58970642089844
4760,13.270000457763672,12.100862503051758
4761,34.5,32.10089874267578
4762,30.770000457763672,30.255733489990234
4763,8.989999771118164,6.807012557983398
4764,8.90999984741211,8.07306957244873
4765,37.08000183105469,35.827476501464844
4766,45.470001220703125,43.29159164428711
4767,27.260000228881836,27.114625930786133
4768,11.779999732971191,11.03081226348877
4769,25.690000534057617,24.95361328125
4770,22.920000076293945,22.476890563964844
4771,18.15999984741211,17.50467872619629
4772,18.8799991607666,18.821041107177734
4773,9.520000457763672,8.076013565063477
4774,60.150001525878906,55.508949279785156
4775,28.010000228881836,27.125076293945312
4776,35.150001525878906,35.31840515136719
4777,48.22999954223633,47.609954833984375
4778,36.290000915527344,35.60458755493164
4779,3.359999895095825,2.136016368865967
4780,14.050000190734863,13.218770980834961
4781,36.150001525878906,35.64878463745117
4782,26.81999969482422,26.18971061706543
4783,23.18000030517578,22.341259002685547
4784,11.149999618530273,11.043694496154785
4785,53.2400016784668,51.310585021972656
4786,19.3799991607666,17.878067016601562
4787,29.719999313354492,29.748058319091797
4788,34.77000045776367,32.64118194580078
4789,41.33000183105469,41.27861785888672
4790,18.350000381469727,18.624380111694336
4791,58.43000030517578,57.12150955200195
4792,43.900001525878906,43.36439895629883
4793,5.010000228881836,3.7807071208953857
4794,9.399999618530273,8.70250129699707
4795,28.270000457763672,27.74775505065918
4796,23.989999771118164,22.12576675415039
4797,21.0,19.851240158081055
4798,12.59000015258789,12.189932823181152
4799,22.65999984741211,22.619403839111328
4800,17.18000030517578,16.48121452331543
4801,16.940000534057617,16.039085388183594
4802,33.4900016784668,31.796634674072266
4803,10.180000305175781,9.336492538452148
4804,17.649999618530273,16.795902252197266
4805,44.439998626708984,43.52650833129883
4806,17.31999969482422,16.538000106811523
4807,34.38999938964844,32.923667907714844
4808,52.709999084472656,50.149864196777344
4809,16.979999542236328,16.064533233642578
4810,3.0,1.8702020645141602
4811,15.399999618530273,14.428921699523926
4812,20.709999084472656,19.722932815551758
4813,15.140000343322754,14.236258506774902
4814,34.79999923706055,34.00358200073242
4815,4.829999923706055,2.981658935546875
4816,29.600000381469727,27.654403686523438
4817,12.420000076293945,11.483263969421387
4818,30.8799991607666,29.369478225708008
4819,47.5,46.91718673706055
4820,38.97999954223633,38.361141204833984
4821,18.079999923706055,17.66292381286621
4822,11.1899995803833,10.824828147888184
4823,30.469999313354492,29.34410858154297
4824,29.15999984741211,29.087383270263672
4825,16.420000076293945,15.649808883666992
4826,43.779998779296875,42.52347183227539
4827,17.90999984741211,17.132993698120117
4828,49.25,46.81271743774414
4829,77.8499984741211,74.97278594970703
4830,12.720000267028809,13.4743070602417
4831,9.140000343322754,8.319114685058594
4832,38.09000015258789,37.38206100463867
4833,30.75,30.227766036987305
4834,43.439998626708984,41.99357986450195
4835,76.47000122070312,74.3865737915039
4836,62.060001373291016,65.88066864013672
4837,19.290000915527344,18.486066818237305
4838,20.709999084472656,19.43449592590332
4839,45.689998626708984,44.43305587768555
4840,19.93000030517578,19.280075073242188
4841,30.850000381469727,30.99785804748535
4842,63.52000045776367,62.336341857910156
4843,48.41999816894531,46.26142501831055
4844,38.45000076293945,37.99497604370117
4845,54.75,53.2391471862793
4846,29.93000030517578,29.7548770904541
4847,9.819999694824219,9.467907905578613
4848,35.7599983215332,35.01160430908203
4849,73.55999755859375,73.8722915649414
4850,39.54999923706055,38.69879150390625
4851,31.030000686645508,30.83211898803711
4852,56.70000076293945,55.405879974365234
4853,35.209999084472656,35.2751579284668
4854,22.329999923706055,21.634965896606445
4855,29.469999313354492,28.72138786315918
4856,12.270000457763672,10.48523998260498
4857,13.050000190734863,12.035284042358398
4858,3.9800000190734863,4.552674770355225
4859,22.049999237060547,21.475936889648438
4860,37.599998474121094,35.96934127807617
4861,8.270000457763672,6.667919158935547
4862,38.4900016784668,38.63930892944336
4863,16.389999389648438,16.418367385864258
4864,16.389999389648438,16.669313430786133
4865,21.799999237060547,21.477645874023438
4866,7.010000228881836,5.93464469909668
4867,19.739999771118164,18.820903778076172
4868,28.360000610351562,27.366260528564453
4869,48.27000045776367,46.9693489074707
4870,13.079999923706055,12.996131896972656
4871,13.75,12.362521171569824
4872,58.810001373291016,57.77023696899414
4873,25.469999313354492,25.03976821899414
4874,56.2400016784668,55.52659225463867
4875,37.599998474121094,36.322669982910156
4876,25.479999542236328,25.241390228271484
4877,26.170000076293945,25.62508773803711
4878,11.609999656677246,10.87421989440918
4879,10.0,10.151900291442871
4880,60.060001373291016,56.23246765136719
4881,34.79999923706055,34.34317398071289
4882,38.459999084472656,37.28933334350586
4883,13.640000343322754,12.869986534118652
4884,31.93000030517578,30.311891555786133
4885,51.689998626708984,49.59297180175781
4886,39.63999938964844,38.73234558105469
4887,7.949999809265137,7.071086406707764
4888,48.40999984741211,47.37257766723633
4889,36.650001525878906,36.45610427856445
4890,71.54000091552734,70.04175567626953
4891,20.1200008392334,19.031911849975586
4892,8.59000015258789,7.568559646606445
4893,21.440000534057617,20.477886199951172
4894,20.030000686645508,19.354158401489258
4895,13.920000076293945,13.18220329284668
4896,35.52000045776367,34.405887603759766
4897,35.11000061035156,34.21228790283203
4898,37.810001373291016,36.710906982421875
4899,74.25,70.16007232666016
4900,79.94999694824219,77.81452178955078
4901,16.440000534057617,15.041337966918945
4902,16.639999389648438,15.825483322143555
4903,4.389999866485596,3.337489128112793
4904,64.01000213623047,62.720977783203125
4905,43.93000030517578,43.989376068115234
4906,13.300000190734863,12.32393741607666
4907,14.510000228881836,13.470417022705078
4908,51.209999084472656,50.545745849609375
4909,63.439998626708984,59.90261459350586
4910,7.079999923706055,6.176601409912109
4911,38.310001373291016,37.265621185302734
4912,34.13999938964844,32.95597457885742
4913,35.689998626708984,35.66159439086914
4914,37.209999084472656,37.06222915649414
4915,14.449999809265137,13.931328773498535
4916,51.40999984741211,50.28504943847656
4917,51.70000076293945,51.43086624145508
4918,57.83000183105469,55.97085189819336
4919,9.239999771118164,7.84921932220459
4920,61.93000030517578,61.22808074951172
4921,41.0099983215332,40.6845588684082
4922,16.739999771118164,16.436203002929688
4923,20.1200008392334,19.4480037689209
4924,39.970001220703125,40.08864974975586
4925,12.199999809265137,11.725776672363281
4926,25.139999389648438,24.026769638061523
4927,33.77000045776367,33.84198760986328
4928,52.040000915527344,50.01210403442383
4929,10.069999694824219,9.541518211364746
4930,11.84000015258789,11.509471893310547
4931,3.0399999618530273,2.0288219451904297
4932,36.529998779296875,36.86871337890625
4933,54.75,54.20683670043945
4934,30.209999084472656,29.598854064941406
4935,35.04999923706055,33.721778869628906
4936,24.760000228881836,23.954879760742188
4937,12.640000343322754,11.707602500915527
4938,32.7599983215332,32.05192565917969
4939,22.520000457763672,21.686038970947266
4940,28.389999389648438,27.47378158569336
4941,24.190000534057617,22.552846908569336
4942,41.310001373291016,40.589317321777344
4943,20.959999084472656,19.759952545166016
4944,8.800000190734863,7.901430130004883
4945,27.6299991607666,26.772539138793945
4946,58.02000045776367,57.13495635986328
4947,30.520000457763672,29.72305679321289
4948,39.2400016784668,38.370784759521484
4949,1.340000033378601,4.236942768096924
4950,47.310001373291016,47.69261169433594
4951,27.329999923706055,26.730606079101562
4952,45.77000045776367,44.381221771240234
4953,28.360000610351562,28.160511016845703
4954,17.43000030517578,16.3667049407959
4955,50.5099983215332,50.16584014892578
4956,8.220000267028809,6.928831577301025
4957,27.139999389648438,26.41807746887207
4958,7.429999828338623,6.379260063171387
4959,10.4399995803833,9.773967742919922
4960,51.7400016784668,52.38202667236328
4961,60.27000045776367,58.5451774597168
4962,46.599998474121094,45.04500198364258
4963,45.79999923706055,44.13418960571289
4964,38.02000045776367,37.16098403930664
4965,27.860000610351562,26.521224975585938
4966,30.049999237060547,28.570981979370117
4967,33.709999084472656,32.58259201049805
4968,11.59000015258789,11.131524085998535
4969,46.38999938964844,43.35536575317383
4970,33.93000030517578,33.68184280395508
4971,12.869999885559082,11.754701614379883
4972,22.860000610351562,21.873903274536133
4973,15.930000305175781,15.338123321533203
4974,36.630001068115234,34.80778884887695
4975,48.88999938964844,48.2114372253418
4976,22.780000686645508,21.884641647338867
4977,23.6200008392334,22.937101364135742
4978,5.829999923706055,4.087710380554199
4979,24.399999618530273,23.385517120361328
4980,74.37000274658203,71.747314453125
4981,35.869998931884766,34.9653434753418
4982,28.450000762939453,26.532363891601562
4983,27.260000228881836,25.715179443359375
4984,76.47000122070312,73.26665496826172
4985,7.889999866485596,6.817273139953613
4986,9.039999961853027,7.7221999168396
4987,54.45000076293945,55.26048278808594
4988,26.600000381469727,24.60584831237793
4989,40.66999816894531,39.36487579345703
4990,46.0099983215332,44.042518615722656
4991,54.52000045776367,53.3275146484375
4992,18.290000915527344,17.853389739990234
4993,25.850000381469727,25.148529052734375
4994,39.66999816894531,36.620262145996094
4995,52.5099983215332,51.45930099487305
4996,26.1200008392334,24.94141960144043
4997,71.51000213623047,72.91594696044922
4998,24.229999542236328,23.493026733398438
4999,17.770000457763672,16.201818466186523
5000,24.899999618530273,24.9035701751709
5001,30.25,29.374460220336914
5002,17.329999923706055,16.237932205200195
5003,17.469999313354492,17.38010025024414
5004,16.200000762939453,15.180503845214844
5005,38.279998779296875,37.57004928588867
5006,10.859999656677246,10.33222770690918
5007,13.079999923706055,11.872817039489746
5008,23.299999237060547,22.205402374267578
5009,31.979999542236328,30.537294387817383
5010,40.52000045776367,39.617774963378906
5011,14.319999694824219,13.043720245361328
5012,3.0299999713897705,1.6854530572891235
5013,15.029999732971191,14.608720779418945
5014,22.280000686645508,21.841331481933594
5015,35.380001068115234,34.346858978271484
5016,21.079999923706055,19.91851806640625
5017,10.069999694824219,8.496123313903809
5018,27.489999771118164,26.803829193115234
5019,16.579999923706055,16.425289154052734
5020,22.440000534057617,21.67088508605957
5021,49.939998626708984,47.3713493347168
5022,25.84000015258789,25.765546798706055
5023,9.680000305175781,9.389514923095703
5024,27.079999923706055,25.436649322509766
5025,47.5,45.87372970581055
5026,30.549999237060547,30.06459617614746
5027,12.239999771118164,11.447236061096191
5028,36.93000030517578,36.20383071899414
5029,41.290000915527344,40.9574089050293
5030,18.700000762939453,17.607234954833984
5031,7.03000020980835,5.888741493225098
5032,5.829999923706055,4.701363563537598
5033,16.899999618530273,16.21409797668457
5034,54.880001068115234,53.91191101074219
5035,43.220001220703125,42.64226531982422
5036,23.09000015258789,21.571382522583008
5037,16.40999984741211,15.599857330322266
5038,45.2599983215332,44.21689987182617
5039,32.349998474121094,31.62945556640625
5040,9.180000305175781,7.700963497161865
5041,41.470001220703125,39.87791442871094
5042,23.489999771118164,22.32516098022461
5043,78.30000305175781,77.34659576416016
5044,48.36000061035156,48.67488479614258
5045,44.380001068115234,44.0151481628418
5046,15.279999732971191,15.038415908813477
5047,23.770000457763672,22.71160888671875
5048,8.739999771118164,8.314045906066895
5049,26.790000915527344,25.715091705322266
5050,52.849998474121094,51.15325164794922
5051,7.090000152587891,6.915199279785156
5052,4.429999828338623,3.8088037967681885
5053,43.56999969482422,43.866249084472656
5054,41.560001373291016,41.63216018676758
5055,8.920000076293945,7.615322113037109
5056,13.5,12.601523399353027
5057,40.29999923706055,38.6677360534668
5058,30.170000076293945,29.614540100097656
5059,12.489999771118164,11.723280906677246
5060,39.189998626708984,37.87009811401367
5061,35.84000015258789,34.07010269165039
5062,52.560001373291016,51.25124740600586
5063,2.369999885559082,1.5364092588424683
5064,57.47999954223633,54.99616622924805
5065,16.010000228881836,15.115266799926758
5066,31.200000762939453,30.40184783935547
5067,61.75,60.68534469604492
5068,26.719999313354492,25.53350830078125
5069,2.5999999046325684,1.244638204574585
5070,19.760000228881836,18.694120407104492
5071,43.2599983215332,40.90376281738281
5072,24.06999969482422,22.765968322753906
5073,18.850000381469727,17.804275512695312
5074,14.0600004196167,13.459024429321289
5075,44.36000061035156,42.54872512817383
5076,14.739999771118164,13.901341438293457
5077,13.350000381469727,10.435284614562988
5078,37.45000076293945,35.825191497802734
5079,29.09000015258789,28.321678161621094
5080,32.97999954223633,32.7030029296875
5081,23.75,22.5107364654541
5082,41.720001220703125,41.08427810668945
5083,48.7599983215332,48.41569137573242
5084,28.56999969482422,27.521202087402344
5085,46.9900016784668,46.35873794555664
5086,31.989999771118164,30.82007598876953
5087,26.110000610351562,24.552501678466797
5088,13.390000343322754,12.297724723815918
5089,32.869998931884766,31.696516036987305
5090,46.77000045776367,45.75350570678711
5091,40.38999938964844,38.898067474365234
5092,28.860000610351562,28.432720184326172
5093,40.09000015258789,39.101619720458984
5094,14.260000228881836,13.83981990814209
5095,33.02000045776367,31.87912940979004
5096,10.109999656677246,9.238571166992188
5097,24.8799991607666,23.295536041259766
5098,37.119998931884766,35.65597152709961
5099,38.43000030517578,37.50631332397461
5100,18.84000015258789,17.332569122314453
5101,4.059999942779541,2.3776957988739014
5102,23.139999389648438,22.85373306274414
5103,11.029999732971191,9.811226844787598
5104,37.7599983215332,37.5167236328125
5105,17.850000381469727,15.851301193237305
5106,9.920000076293945,8.903021812438965
5107,11.979999542236328,11.246807098388672
5108,4.179999828338623,2.5740840435028076
5109,18.959999084472656,17.7460880279541
5110,48.5099983215332,47.3138427734375
5111,12.109999656677246,11.16709041595459
5112,51.02000045776367,48.9650993347168
5113,46.939998626708984,46.05186462402344
5114,44.9900016784668,44.701988220214844
5115,58.91999816894531,58.26314163208008
5116,49.59000015258789,46.77859878540039
5117,6.059999942779541,5.357034206390381
5118,20.350000381469727,19.415239334106445
5119,36.130001068115234,34.63673782348633
5120,44.0,45.02334976196289
5121,23.549999237060547,22.643051147460938
5122,6.739999771118164,5.990303993225098
5123,8.329999923706055,3.5443620681762695
5124,44.02000045776367,44.45720291137695
5125,3.059999942779541,1.7275831699371338
5126,29.239999771118164,26.814611434936523
5127,20.899999618530273,20.233184814453125
5128,24.18000030517578,23.386085510253906
5129,23.5,22.599411010742188
5130,47.13999938964844,46.626304626464844
5131,42.650001525878906,40.82003402709961
5132,33.7400016784668,32.93219757080078
5133,16.530000686645508,16.616657257080078
5134,4.360000133514404,2.7437002658843994
5135,38.97999954223633,38.629310607910156
5136,6.710000038146973,5.986120700836182
5137,22.899999618530273,22.799041748046875
5138,22.15999984741211,20.72098159790039
5139,39.209999084472656,36.72929763793945
5140,46.88999938964844,45.249725341796875
5141,22.479999542236328,21.620025634765625
5142,35.5,34.18932342529297
5143,9.619999885559082,8.981870651245117
5144,7.5,6.1905927658081055
5145,27.93000030517578,26.521564483642578
5146,25.510000228881836,24.05108070373535
5147,21.760000228881836,20.94715118408203
5148,33.06999969482422,31.076778411865234
5149,39.43000030517578,36.00477981567383
5150,36.52000045776367,36.14900207519531
5151,24.93000030517578,23.416526794433594
5152,16.389999389648438,15.36376953125
5153,41.95000076293945,39.87388229370117
5154,25.0,23.288158416748047
5155,12.8100004196167,12.254242897033691
5156,20.18000030517578,19.805625915527344
5157,45.75,45.2166748046875
5158,16.350000381469727,15.646642684936523
5159,36.45000076293945,33.151424407958984
5160,18.309999465942383,18.525291442871094
5161,50.9900016784668,46.70667266845703
5162,51.84000015258789,49.0811882019043
5163,16.559999465942383,15.708654403686523
5164,21.06999969482422,20.31006622314453
5165,13.149999618530273,12.99151611328125
5166,37.970001220703125,38.28665542602539
5167,16.709999084472656,16.276992797851562
5168,12.4399995803833,12.081167221069336
5169,31.190000534057617,31.16347885131836
5170,41.400001525878906,39.866519927978516
5171,46.099998474121094,44.47916793823242
5172,36.27000045776367,35.97330856323242
5173,37.58000183105469,37.099586486816406
5174,11.180000305175781,10.951730728149414
5175,26.399999618530273,26.14194679260254
5176,25.520000457763672,25.767505645751953
5177,34.689998626708984,34.80698776245117
5178,49.599998474121094,48.215694427490234
5179,17.8700008392334,16.800535202026367
5180,15.899999618530273,15.071125030517578
5181,28.940000534057617,28.26310157775879
5182,29.959999084472656,28.624794006347656
5183,20.579999923706055,19.79446029663086
5184,28.040000915527344,27.085466384887695
5185,13.550000190734863,12.743769645690918
5186,77.98999786376953,74.04450988769531
5187,60.86000061035156,60.450340270996094
5188,16.979999542236328,16.217592239379883
5189,53.18000030517578,51.73008346557617
5190,51.689998626708984,51.38393783569336
5191,12.109999656677246,11.41431999206543
5192,26.8799991607666,25.459020614624023
5193,37.09000015258789,36.107513427734375
5194,11.109999656677246,10.808808326721191
5195,20.260000228881836,19.024721145629883
5196,31.360000610351562,30.632362365722656
5197,42.47999954223633,40.989139556884766
5198,14.239999771118164,13.555293083190918
5199,6.03000020980835,4.832223892211914
5200,19.3799991607666,18.244726181030273
5201,3.569999933242798,2.801185131072998
5202,5.78000020980835,4.584479331970215
5203,55.959999084472656,54.42599868774414
5204,46.7599983215332,45.66891860961914
5205,76.20999908447266,78.63426208496094
5206,13.289999961853027,12.974664688110352
5207,47.09000015258789,45.73168182373047
5208,15.869999885559082,15.007364273071289
5209,27.209999084472656,25.487207412719727
5210,20.549999237060547,19.95258140563965
5211,41.560001373291016,41.077213287353516
5212,28.6299991607666,27.31926727294922
5213,26.979999542236328,26.599952697753906
5214,18.31999969482422,17.41022491455078
5215,14.760000228881836,14.322211265563965
5216,11.0600004196167,10.541534423828125
5217,14.239999771118164,13.371883392333984
5218,5.079999923706055,3.722327709197998
5219,13.8100004196167,13.396488189697266
5220,21.950000762939453,20.968338012695312
5221,71.27999877929688,70.16480255126953
5222,24.610000610351562,23.42167091369629
5223,48.11000061035156,48.02195358276367
5224,27.709999084472656,26.067455291748047
5225,13.8100004196167,13.415658950805664
5226,19.93000030517578,19.08755111694336
5227,59.970001220703125,58.6126823425293
5228,6.019999980926514,4.310077667236328
5229,22.559999465942383,21.298301696777344
5230,9.930000305175781,8.872321128845215
5231,28.75,28.032649993896484
5232,37.43000030517578,36.46692657470703
5233,13.140000343322754,12.918639183044434
5234,11.920000076293945,10.647194862365723
5235,8.09000015258789,7.082706928253174
5236,43.209999084472656,39.71505355834961
5237,39.56999969482422,38.40127182006836
5238,20.639999389648438,20.307201385498047
5239,14.34000015258789,13.959961891174316
5240,2.319999933242798,1.5986989736557007
5241,39.720001220703125,38.899600982666016
5242,35.650001525878906,34.96607208251953
5243,39.56999969482422,39.08723068237305
5244,40.0099983215332,37.53974151611328
5245,33.9900016784668,33.39305114746094
5246,20.18000030517578,19.889188766479492
5247,65.4800033569336,64.51752471923828
5248,18.520000457763672,17.862215042114258
5249,8.119999885559082,6.726352691650391
5250,6.349999904632568,5.892900466918945
5251,32.27000045776367,31.690715789794922
5252,11.25,10.428645133972168
5253,42.540000915527344,40.825435638427734
5254,30.399999618530273,29.40532875061035
5255,25.450000762939453,24.852895736694336
5256,19.09000015258789,17.595975875854492
5257,12.239999771118164,11.67294979095459
5258,2.490000009536743,2.093317985534668
5259,33.18000030517578,32.20977020263672
5260,31.459999084472656,30.952375411987305
5261,15.59000015258789,14.568230628967285
5262,12.359999656677246,12.017370223999023
5263,24.40999984741211,23.72545623779297
5264,16.049999237060547,15.322713851928711
5265,38.66999816894531,38.879520416259766
5266,34.81999969482422,34.580318450927734
5267,35.4900016784668,34.227783203125
5268,18.700000762939453,18.0449275970459
5269,18.40999984741211,17.479812622070312
5270,27.8700008392334,26.44567108154297
5271,53.2599983215332,52.23175811767578
5272,22.260000228881836,21.77406883239746
5273,19.729999542236328,19.3819580078125
5274,29.219999313354492,28.708663940429688
5275,16.8799991607666,16.274856567382812
5276,60.84000015258789,60.218284606933594
5277,2.8499999046325684,1.4862457513809204
5278,20.889999389648438,19.76980209350586
5279,24.40999984741211,23.442718505859375
5280,23.799999237060547,23.31826400756836
5281,14.640000343322754,14.588430404663086
5282,51.790000915527344,47.908241271972656
5283,21.059999465942383,20.251060485839844
5284,39.84000015258789,40.39105224609375
5285,17.75,16.491802215576172
5286,13.130000114440918,13.031427383422852
5287,61.83000183105469,61.48027420043945
5288,32.099998474121094,31.60751724243164
5289,32.20000076293945,30.908939361572266
5290,61.43000030517578,60.821651458740234
5291,56.959999084472656,55.3709602355957
5292,28.290000915527344,26.57657814025879
5293,40.90999984741211,40.03059005737305
5294,5.860000133514404,4.472955226898193
5295,7.869999885559082,7.217714786529541
5296,25.350000381469727,24.2330322265625
5297,16.229999542236328,15.657459259033203
5298,4.940000057220459,3.361788511276245
5299,33.380001068115234,32.24207305908203
5300,16.030000686645508,14.984424591064453
5301,7.710000038146973,6.748480319976807
5302,17.079999923706055,16.293476104736328
5303,10.729999542236328,10.466243743896484
5304,25.969999313354492,24.83875274658203
5305,18.219999313354492,17.878379821777344
5306,3.6600000858306885,2.438764810562134
5307,13.09000015258789,12.960115432739258
5308,73.83000183105469,72.39249420166016
5309,17.5,17.103151321411133
5310,33.290000915527344,31.016826629638672
5311,34.81999969482422,33.002159118652344
5312,17.030000686645508,16.260053634643555
5313,16.8799991607666,16.398801803588867
5314,21.059999465942383,20.881376266479492
5315,27.90999984741211,27.06730079650879
5316,13.760000228881836,13.167705535888672
5317,3.559999942779541,2.5698719024658203
5318,51.369998931884766,51.620365142822266
5319,14.920000076293945,14.282212257385254
5320,33.45000076293945,32.118282318115234
5321,9.789999961853027,8.40634536743164
5322,63.90999984741211,62.86833572387695
5323,29.15999984741211,28.304323196411133
5324,57.869998931884766,56.793251037597656
5325,3.5299999713897705,1.8609241247177124
5326,12.739999771118164,11.838455200195312
5327,72.6500015258789,72.09004974365234
5328,38.04999923706055,36.278133392333984
5329,38.16999816894531,36.91632080078125
5330,32.900001525878906,31.152359008789062
5331,3.4800000190734863,1.6581306457519531
5332,15.399999618530273,15.719690322875977
5333,25.56999969482422,24.080169677734375
5334,27.100000381469727,25.545856475830078
5335,14.25,13.727307319641113
5336,65.66000366210938,66.56282043457031
5337,53.72999954223633,53.00383377075195
5338,38.400001525878906,39.156673431396484
5339,29.309999465942383,29.456270217895508
5340,40.470001220703125,39.677433013916016
5341,51.54999923706055,52.14796829223633
5342,22.690000534057617,22.50589370727539
5343,39.93000030517578,39.529109954833984
5344,54.2400016784668,51.88960647583008
5345,32.939998626708984,31.436079025268555
5346,9.069999694824219,7.542134761810303
5347,64.7300033569336,64.45116424560547
5348,31.829999923706055,30.49322509765625
5349,63.27000045776367,64.08550262451172
5350,45.16999816894531,43.92875289916992
5351,15.770000457763672,15.225492477416992
5352,38.08000183105469,33.129310607910156
5353,13.270000457763672,12.742985725402832
5354,15.40999984741211,14.07161808013916
5355,7.449999809265137,6.08936882019043
5356,33.369998931884766,32.67567825317383
5357,25.709999084472656,24.319442749023438
5358,52.56999969482422,52.568965911865234
5359,16.59000015258789,16.135757446289062
5360,23.149999618530273,22.255962371826172
5361,40.310001373291016,41.355709075927734
5362,11.970000267028809,10.923178672790527
5363,26.850000381469727,26.14287567138672
5364,64.4000015258789,61.90865707397461
5365,26.1299991607666,25.0111141204834
5366,41.810001373291016,39.74526596069336
5367,36.790000915527344,35.99406051635742
5368,38.11000061035156,36.756107330322266
5369,10.420000076293945,10.027076721191406
5370,22.809999465942383,21.72885513305664
5371,41.47999954223633,41.09064865112305
5372,10.729999542236328,9.444869041442871
5373,25.510000228881836,25.142139434814453
5374,40.869998931884766,39.20375442504883
5375,17.459999084472656,16.624469757080078
5376,3.140000104904175,1.8306604623794556
5377,63.77000045776367,64.3932113647461
5378,47.02000045776367,45.93046188354492
5379,35.459999084472656,32.562103271484375
5380,55.689998626708984,52.76372528076172
5381,19.479999542236328,18.097501754760742
5382,7.119999885559082,5.943127632141113
5383,16.690000534057617,16.242427825927734
5384,12.920000076293945,11.86696720123291
5385,41.15999984741211,39.76947784423828
5386,41.310001373291016,40.88991165161133
5387,25.260000228881836,24.208641052246094
5388,12.229999542236328,11.499112129211426
5389,51.540000915527344,51.51413345336914
5390,27.469999313354492,25.775930404663086
5391,17.700000762939453,16.26618194580078
5392,53.63999938964844,53.75736618041992
5393,50.439998626708984,48.0616340637207
5394,36.70000076293945,36.67448806762695
5395,15.149999618530273,14.42476749420166
5396,48.439998626708984,46.41176986694336
5397,4.760000228881836,3.0664751529693604
5398,22.43000030517578,21.4306640625
5399,22.81999969482422,21.098613739013672
5400,46.599998474121094,44.85429763793945
5401,45.029998779296875,45.387603759765625
5402,7.440000057220459,6.449516773223877
5403,14.140000343322754,12.871699333190918
5404,8.0,6.975637912750244
5405,25.209999084472656,24.030197143554688
5406,5.119999885559082,3.9731504917144775
5407,44.560001373291016,44.29475021362305
5408,3.0899999141693115,1.778104305267334
5409,13.59000015258789,13.717991828918457
5410,22.8700008392334,22.407873153686523
5411,69.55999755859375,69.76842498779297
5412,7.840000152587891,6.253400802612305
5413,67.5999984741211,63.15343475341797
5414,39.18000030517578,39.2813606262207
5415,12.260000228881836,11.624268531799316
5416,13.710000038146973,12.770731925964355
5417,23.360000610351562,22.434654235839844
5418,24.93000030517578,23.343948364257812
5419,20.979999542236328,19.68016242980957
5420,30.260000228881836,29.62681007385254
5421,5.170000076293945,3.8420815467834473
5422,24.1200008392334,22.81332015991211
5423,20.479999542236328,19.430133819580078
5424,16.049999237060547,15.143671035766602
5425,26.229999542236328,25.30814552307129
5426,8.869999885559082,7.513835906982422
5427,29.639999389648438,30.160873413085938
5428,17.920000076293945,17.113122940063477
5429,51.47999954223633,49.27033615112305
5430,26.149999618530273,25.97248649597168
5431,45.439998626708984,44.03451919555664
5432,46.2599983215332,45.12437057495117
5433,13.390000343322754,12.619263648986816
5434,26.1299991607666,25.407052993774414
5435,32.16999816894531,32.145164489746094
5436,23.610000610351562,22.033082962036133
5437,31.950000762939453,31.711416244506836
5438,54.11000061035156,51.616451263427734
5439,9.359999656677246,7.933424472808838
5440,26.059999465942383,26.395198822021484
5441,7.53000020980835,7.123166084289551
5442,28.8700008392334,27.873794555664062
5443,14.0600004196167,13.775181770324707
5444,12.6899995803833,12.189545631408691
5445,55.060001373291016,54.82731246948242
5446,7.760000228881836,6.521904945373535
5447,5.320000171661377,4.635996341705322
5448,6.21999979019165,5.694951057434082
5449,20.020000457763672,19.173748016357422
5450,31.219999313354492,30.080934524536133
5451,9.680000305175781,9.03275203704834
5452,13.510000228881836,12.848002433776855
5453,52.560001373291016,53.14995193481445
5454,31.170000076293945,29.46437644958496
5455,31.479999542236328,31.10275650024414
5456,32.130001068115234,31.836238861083984
5457,26.969999313354492,26.697219848632812
5458,39.59000015258789,37.471195220947266
5459,34.099998474121094,33.04372024536133
5460,25.170000076293945,24.251304626464844
5461,51.93000030517578,49.1166877746582
5462,14.579999923706055,14.353049278259277
5463,51.810001373291016,52.94753646850586
5464,29.969999313354492,28.90086555480957
5465,44.869998931884766,42.88217544555664
5466,19.829999923706055,19.213966369628906
5467,21.260000228881836,19.947708129882812
5468,30.860000610351562,30.95040512084961
5469,21.520000457763672,20.775894165039062
5470,5.400000095367432,4.195043087005615
5471,16.729999542236328,16.1511287689209
5472,7.03000020980835,5.942994117736816
5473,22.200000762939453,21.53535270690918
5474,4.570000171661377,2.88220477104187
5475,20.360000610351562,19.893850326538086
5476,12.819999694824219,11.742273330688477
5477,29.34000015258789,27.75083351135254
5478,29.420000076293945,28.103107452392578
5479,10.40999984741211,9.449381828308105
5480,29.559999465942383,28.221763610839844
5481,54.56999969482422,54.22080612182617
5482,20.709999084472656,19.53362274169922
5483,13.260000228881836,12.78798770904541
5484,11.359999656677246,10.751235961914062
5485,18.639999389648438,18.10388946533203
5486,38.439998626708984,38.03559112548828
5487,14.619999885559082,14.048117637634277
5488,20.1299991607666,19.485668182373047
5489,31.6200008392334,30.36073875427246
5490,15.039999961853027,14.464608192443848
5491,32.91999816894531,31.549171447753906
5492,28.18000030517578,26.984411239624023
5493,8.789999961853027,7.7088823318481445
5494,50.54999923706055,50.04959487915039
5495,40.779998779296875,39.76294708251953
5496,24.079999923706055,23.79903793334961
5497,31.479999542236328,29.69156265258789
5498,7.099999904632568,6.42978048324585
5499,22.670000076293945,22.8393611907959
5500,5.949999809265137,5.0686869621276855
5501,34.709999084472656,34.14779281616211
5502,38.380001068115234,38.01647186279297
5503,7.599999904632568,6.533388614654541
5504,71.45999908447266,71.77191162109375
5505,27.8799991607666,27.273189544677734
5506,28.760000228881836,27.788803100585938
5507,13.630000114440918,12.277327537536621
5508,55.529998779296875,56.24445724487305
5509,13.449999809265137,12.525981903076172
5510,22.75,22.71060562133789
5511,18.610000610351562,17.783567428588867
5512,45.7400016784668,45.31195831298828
5513,17.139999389648438,16.480087280273438
5514,15.550000190734863,16.111995697021484
5515,32.66999816894531,31.860427856445312
5516,32.970001220703125,31.738340377807617
5517,59.33000183105469,58.97726058959961
5518,33.279998779296875,32.4298210144043
5519,37.310001373291016,35.60209274291992
5520,23.299999237060547,23.15261459350586
5521,9.739999771118164,9.231654167175293
5522,26.059999465942383,24.765380859375
5523,49.2599983215332,47.046173095703125
5524,35.15999984741211,33.869781494140625
5525,48.91999816894531,47.936214447021484
5526,70.41999816894531,71.04985809326172
5527,46.15999984741211,45.28129196166992
5528,42.2400016784668,41.434364318847656
5529,62.029998779296875,62.21065139770508
5530,52.06999969482422,50.99299240112305
5531,14.979999542236328,12.410429000854492
5532,47.72999954223633,45.4138298034668
5533,32.59000015258789,32.357330322265625
5534,14.449999809265137,13.738909721374512
5535,18.709999084472656,17.82636070251465
5536,28.030000686645508,27.51189613342285
5537,61.97999954223633,56.915016174316406
5538,25.020000457763672,23.60619354248047
5539,12.84000015258789,12.384477615356445
5540,47.7400016784668,44.855079650878906
5541,24.65999984741211,23.575428009033203
5542,14.0,13.721909523010254
5543,52.34000015258789,51.5169563293457
5544,65.37000274658203,62.519622802734375
5545,13.430000305175781,13.232978820800781
5546,28.34000015258789,27.434967041015625
5547,45.13999938964844,43.45133972167969
5548,23.690000534057617,21.947402954101562
5549,18.489999771118164,17.220233917236328
5550,47.529998779296875,44.55979919433594
5551,21.040000915527344,19.849817276000977
5552,15.779999732971191,15.203655242919922
5553,49.52000045776367,47.70297622680664
5554,29.889999389648438,28.914508819580078
5555,11.069999694824219,10.974992752075195
5556,16.8700008392334,15.708309173583984
5557,65.8499984741211,66.30606842041016
5558,2.0999999046325684,1.2654845714569092
5559,15.020000457763672,15.205068588256836
5560,21.389999389648438,19.958911895751953
5561,29.6299991607666,29.018098831176758
5562,14.630000114440918,13.76364803314209
5563,32.34000015258789,30.985219955444336
5564,19.899999618530273,18.538002014160156
5565,2.9700000286102295,2.283186197280884
5566,46.91999816894531,42.40671157836914
5567,35.779998779296875,35.651790618896484
5568,22.90999984741211,21.854639053344727
5569,1.7799999713897705,1.221888542175293
5570,35.189998626708984,34.57598876953125
5571,19.81999969482422,19.0192813873291
5572,40.08000183105469,37.58987045288086
5573,37.779998779296875,37.192203521728516
5574,18.81999969482422,17.217811584472656
5575,38.189998626708984,37.189910888671875
5576,6.21999979019165,4.30192756652832
5577,6.730000019073486,6.238602161407471
5578,7.289999961853027,6.187005043029785
5579,26.40999984741211,25.6951847076416
5580,12.520000457763672,11.859221458435059
5581,27.540000915527344,25.89166831970215
5582,41.77000045776367,40.26821517944336
5583,12.220000267028809,11.348934173583984
5584,20.690000534057617,19.1912841796875
5585,70.88999938964844,68.2455062866211
5586,12.579999923706055,12.11900520324707
5587,32.04999923706055,31.36569595336914
5588,35.97999954223633,34.066162109375
5589,44.58000183105469,44.3421745300293
5590,46.810001373291016,45.126220703125
5591,42.0,42.08926773071289
5592,20.5,19.155427932739258
5593,53.93000030517578,53.71699523925781
5594,33.15999984741211,31.39978790283203
5595,32.720001220703125,31.678775787353516
5596,39.540000915527344,39.186859130859375
5597,12.149999618530273,11.066802978515625
5598,19.700000762939453,19.03874969482422
5599,3.369999885559082,2.654817819595337
5600,26.760000228881836,25.883686065673828
5601,23.690000534057617,22.920726776123047
5602,9.449999809265137,10.080373764038086
5603,42.619998931884766,42.672035217285156
5604,18.739999771118164,17.369544982910156
5605,56.97999954223633,54.70060729980469
5606,12.859999656677246,11.948750495910645
5607,9.630000114440918,9.224949836730957
5608,53.810001373291016,52.045501708984375
5609,15.09000015258789,14.113982200622559
5610,22.81999969482422,21.351831436157227
5611,60.470001220703125,57.814781188964844
5612,26.3799991607666,24.179506301879883
5613,10.050000190734863,8.479970932006836
5614,20.520000457763672,20.131053924560547
5615,49.58000183105469,49.45499038696289
5616,39.9900016784668,39.35500717163086
5617,24.950000762939453,23.301036834716797
5618,29.479999542236328,27.681760787963867
5619,25.5,24.114765167236328
5620,41.400001525878906,41.62504196166992
5621,28.239999771118164,27.493473052978516
5622,24.56999969482422,24.170799255371094
5623,64.31999969482422,62.67824935913086
5624,34.439998626708984,32.885467529296875
5625,14.4399995803833,13.657261848449707
5626,25.969999313354492,25.210783004760742
5627,31.25,31.848459243774414
5628,35.56999969482422,35.32337188720703
5629,45.689998626708984,44.35525894165039
5630,22.31999969482422,21.379854202270508
5631,10.130000114440918,8.952877044677734
5632,58.7599983215332,55.8359489440918
5633,32.38999938964844,32.420841217041016
5634,58.029998779296875,55.61479187011719
5635,32.9900016784668,31.86310577392578
5636,43.040000915527344,40.18202590942383
5637,57.290000915527344,55.01851272583008
5638,52.02000045776367,50.16420364379883
5639,34.529998779296875,33.01387405395508
5640,24.850000381469727,24.601253509521484
5641,21.139999389648438,20.294513702392578
5642,56.029998779296875,51.63466262817383
5643,40.41999816894531,39.291141510009766
5644,48.47999954223633,46.9894905090332
5645,15.430000305175781,14.718236923217773
5646,52.83000183105469,51.290557861328125
5647,9.170000076293945,8.449243545532227
5648,23.709999084472656,22.648054122924805
5649,25.420000076293945,24.98430633544922
5650,27.530000686645508,26.864023208618164
5651,36.33000183105469,35.976749420166016
5652,13.229999542236328,12.277104377746582
5653,3.5299999713897705,2.393763303756714
5654,18.6200008392334,17.91400909423828
5655,9.130000114440918,8.930682182312012
5656,14.119999885559082,13.618935585021973
5657,12.039999961853027,11.791250228881836
5658,51.59000015258789,50.80861282348633
5659,27.81999969482422,25.90574073791504
5660,24.239999771118164,22.317020416259766
5661,42.27000045776367,41.26375961303711
5662,30.850000381469727,30.66674041748047
5663,17.1200008392334,16.881206512451172
5664,46.56999969482422,44.43534469604492
5665,10.699999809265137,9.821982383728027
5666,41.61000061035156,40.107139587402344
5667,22.190000534057617,20.424898147583008
5668,29.200000762939453,29.146223068237305
5669,36.4900016784668,35.849613189697266
5670,26.079999923706055,25.978195190429688
5671,5.820000171661377,5.2460222244262695
5672,56.630001068115234,56.97372055053711
5673,49.130001068115234,48.92021560668945
5674,21.010000228881836,20.022747039794922
5675,64.16999816894531,64.18932342529297
5676,6.329999923706055,4.942273139953613
5677,18.579999923706055,17.298961639404297
5678,34.2599983215332,33.023441314697266
5679,47.22999954223633,46.368316650390625
5680,16.75,16.18110466003418
5681,47.720001220703125,45.566795349121094
5682,11.859999656677246,11.911274909973145
5683,18.25,17.579559326171875
5684,11.65999984741211,11.48812198638916
5685,27.739999771118164,26.701494216918945
5686,35.939998626708984,33.857662200927734
5687,27.610000610351562,25.698131561279297
5688,7.929999828338623,6.738978862762451
5689,15.859999656677246,15.394853591918945
5690,16.8700008392334,16.292043685913086
5691,18.479999542236328,17.74093246459961
5692,26.709999084472656,26.434986114501953
5693,35.869998931884766,34.2515869140625
5694,29.1200008392334,28.495349884033203
5695,14.890000343322754,14.494843482971191
5696,64.94999694824219,62.99671936035156
5697,3.9800000190734863,1.982007384300232
5698,24.1200008392334,22.596826553344727
5699,40.2400016784668,39.92723846435547
5700,17.899999618530273,16.23387336730957
5701,3.4700000286102295,2.406397819519043
5702,73.2699966430664,73.76988220214844
5703,53.689998626708984,54.328704833984375
5704,43.470001220703125,41.294857025146484
5705,31.389999389648438,30.559619903564453
5706,7.329999923706055,5.732107162475586
5707,24.1200008392334,23.798446655273438
5708,21.389999389648438,20.402767181396484
5709,8.260000228881836,6.437283039093018
5710,25.639999389648438,24.621749877929688
5711,31.139999389648438,28.966236114501953
5712,18.15999984741211,17.81920623779297
5713,50.97999954223633,47.6629753112793
5714,32.15999984741211,31.444644927978516
5715,12.479999542236328,11.494730949401855
5716,30.709999084472656,29.33991813659668
5717,14.050000190734863,13.562445640563965
5718,18.3700008392334,17.229291915893555
5719,13.640000343322754,12.525676727294922
5720,14.930000305175781,13.773455619812012
5721,15.25,14.079302787780762
5722,6.789999961853027,5.332828998565674
5723,69.30000305175781,69.3614273071289
5724,12.369999885559082,12.340493202209473
5725,27.280000686645508,26.027997970581055
5726,20.540000915527344,19.098119735717773
5727,13.380000114440918,13.14155387878418
5728,41.0099983215332,40.10740661621094
5729,40.029998779296875,40.53901290893555
5730,59.81999969482422,59.97164535522461
5731,7.760000228881836,6.710050582885742
5732,16.540000915527344,15.252861022949219
5733,13.680000305175781,12.989238739013672
5734,57.86000061035156,55.40623092651367
5735,7.760000228881836,7.3163065910339355
5736,29.389999389648438,28.392757415771484
5737,27.709999084472656,26.14241600036621
5738,45.689998626708984,44.739253997802734
5739,10.15999984741211,8.34136962890625
5740,2.190000057220459,2.532294988632202
5741,27.84000015258789,26.955036163330078
5742,24.90999984741211,23.993328094482422
5743,21.6200008392334,20.78620147705078
5744,26.959999084472656,26.31621742248535
5745,19.469999313354492,18.792091369628906
5746,20.31999969482422,19.352336883544922
5747,53.220001220703125,51.82526779174805
5748,33.27000045776367,31.574649810791016
5749,16.440000534057617,15.777070999145508
5750,10.75,10.340435028076172
5751,16.709999084472656,15.653841018676758
5752,17.940000534057617,16.832046508789062
5753,29.479999542236328,27.600467681884766
5754,22.6200008392334,21.808563232421875
5755,39.04999923706055,36.84817123413086
5756,7.460000038146973,6.294261932373047
5757,45.650001525878906,45.137577056884766
5758,5.389999866485596,3.8923583030700684
5759,10.239999771118164,9.487809181213379
5760,44.040000915527344,43.10856246948242
5761,10.220000267028809,9.495312690734863
5762,26.8799991607666,26.11731719970703
5763,28.950000762939453,28.983793258666992
5764,3.990000009536743,2.8421199321746826
5765,23.299999237060547,22.378585815429688
5766,60.88999938964844,57.244022369384766
5767,30.770000457763672,29.539669036865234
5768,44.119998931884766,43.33734130859375
5769,37.33000183105469,36.411006927490234
5770,25.34000015258789,24.29543113708496
5771,48.689998626708984,48.20974349975586
5772,30.579999923706055,29.88555908203125
5773,40.810001373291016,40.202571868896484
5774,36.150001525878906,35.2220344543457
5775,16.84000015258789,16.160308837890625
5776,7.860000133514404,6.921995162963867
5777,39.25,37.937461853027344
5778,22.950000762939453,21.689315795898438
5779,21.899999618530273,20.661048889160156
5780,30.0,29.37224578857422
5781,39.439998626708984,37.59374237060547
5782,10.140000343322754,9.674751281738281
5783,7.230000019073486,6.173007488250732
5784,28.270000457763672,27.30089569091797
5785,46.849998474121094,47.060325622558594
5786,26.209999084472656,24.673847198486328
5787,49.400001525878906,48.48085021972656
5788,6.269999980926514,6.097609519958496
5789,25.510000228881836,24.761600494384766
5790,33.599998474121094,33.20258712768555
5791,14.680000305175781,13.040000915527344
5792,45.209999084472656,45.42509841918945
5793,23.170000076293945,22.351266860961914
5794,22.6200008392334,21.772306442260742
5795,43.060001373291016,41.610992431640625
5796,57.40999984741211,56.11481857299805
5797,18.219999313354492,18.845178604125977
5798,31.469999313354492,30.32284927368164
5799,23.469999313354492,21.62410545349121
5800,9.8100004196167,8.302650451660156
5801,8.739999771118164,8.045358657836914
5802,47.779998779296875,45.403526306152344
5803,1.940000057220459,1.4225915670394897
5804,37.59000015258789,34.429744720458984
5805,14.170000076293945,13.027034759521484
5806,12.380000114440918,11.676886558532715
5807,12.449999809265137,11.649813652038574
5808,14.819999694824219,14.1184663772583
5809,29.239999771118164,27.621198654174805
5810,34.40999984741211,31.967185974121094
5811,23.360000610351562,22.959226608276367
5812,29.979999542236328,29.5859375
5813,11.390000343322754,10.945358276367188
5814,37.810001373291016,35.4499626159668
5815,21.3799991607666,19.80830192565918
5816,17.489999771118164,16.997093200683594
5817,28.010000228881836,26.04949378967285
5818,24.950000762939453,23.691560745239258
5819,39.369998931884766,39.46711349487305
5820,40.119998931884766,39.81511306762695
5821,46.400001525878906,44.26096725463867
5822,13.859999656677246,13.958537101745605
5823,38.2599983215332,35.19943618774414
5824,19.809999465942383,17.943117141723633
5825,7.820000171661377,6.611966609954834
5826,35.08000183105469,33.71023941040039
5827,45.869998931884766,46.884220123291016
5828,44.15999984741211,40.158721923828125
5829,13.510000228881836,12.373138427734375
5830,40.41999816894531,39.76347351074219
5831,41.5,40.19414138793945
5832,33.36000061035156,32.42743682861328
5833,10.789999961853027,10.134368896484375
5834,70.94000244140625,65.96996307373047
5835,33.130001068115234,31.407970428466797
5836,16.229999542236328,15.873851776123047
5837,5.099999904632568,3.6538074016571045
5838,45.5099983215332,43.70903396606445
5839,49.0099983215332,47.76949691772461
5840,54.08000183105469,51.87666320800781
5841,30.030000686645508,28.8773193359375
5842,37.08000183105469,36.14292526245117
5843,25.809999465942383,24.64165496826172
5844,38.349998474121094,37.47728729248047
5845,64.87000274658203,63.67129135131836
5846,54.86000061035156,53.809410095214844
5847,39.88999938964844,38.315128326416016
5848,36.88999938964844,35.11772537231445
5849,2.9000000953674316,2.152350664138794
5850,6.900000095367432,5.601381301879883
5851,13.279999732971191,12.531509399414062
5852,41.810001373291016,39.085514068603516
5853,63.099998474121094,64.85533905029297
5854,21.600000381469727,20.80436897277832
5855,33.63999938964844,33.85674285888672
5856,1.899999976158142,1.6324915885925293
5857,23.399999618530273,21.951278686523438
5858,31.420000076293945,29.96084213256836
5859,30.270000457763672,28.951446533203125
5860,24.979999542236328,24.039047241210938
5861,15.199999809265137,13.7190580368042
5862,46.560001373291016,45.52169418334961
5863,33.52000045776367,31.8549861907959
5864,26.75,25.744197845458984
5865,9.710000038146973,8.499640464782715
5866,17.239999771118164,16.13213539123535
5867,17.3700008392334,16.441659927368164
5868,17.06999969482422,16.615154266357422
5869,16.450000762939453,15.920059204101562
5870,3.359999895095825,2.525912046432495
5871,29.15999984741211,28.609943389892578
5872,35.7400016784668,34.558563232421875
5873,10.130000114440918,9.39379596710205
5874,36.11000061035156,34.328739166259766
5875,32.13999938964844,30.8803768157959
5876,25.6299991607666,24.663761138916016
5877,35.439998626708984,33.96614074707031
5878,36.18000030517578,34.8100700378418
5879,27.219999313354492,25.49180793762207
5880,44.029998779296875,43.5931282043457
5881,65.7300033569336,66.22146606445312
5882,43.029998779296875,42.166786193847656
5883,2.0199999809265137,1.4226566553115845
5884,21.329999923706055,19.889095306396484
5885,10.180000305175781,9.362344741821289
5886,7.090000152587891,5.8843841552734375
5887,25.6299991607666,23.575565338134766
5888,17.700000762939453,17.007644653320312
5889,50.7599983215332,50.57646560668945
5890,3.930000066757202,2.21174693107605
5891,24.110000610351562,23.71017074584961
5892,33.61000061035156,32.02367401123047
5893,37.0099983215332,36.27806854248047
5894,25.8700008392334,25.492515563964844
5895,7.119999885559082,5.8093414306640625
5896,20.59000015258789,19.3543758392334
5897,28.729999542236328,28.355731964111328
5898,12.399999618530273,11.643572807312012
5899,21.899999618530273,21.764842987060547
5900,29.290000915527344,28.748693466186523
5901,37.52000045776367,37.84312057495117
5902,24.209999084472656,23.06899642944336
5903,71.41999816894531,73.56112670898438
5904,7.619999885559082,5.9563751220703125
5905,11.619999885559082,10.578970909118652
5906,9.420000076293945,8.155285835266113
5907,10.630000114440918,10.72082233428955
5908,32.70000076293945,31.848297119140625
5909,24.399999618530273,22.17462921142578
5910,42.9900016784668,41.05857467651367
5911,23.989999771118164,22.523012161254883
5912,13.630000114440918,13.216939926147461
5913,18.719999313354492,17.716793060302734
5914,67.18000030517578,65.98686981201172
5915,6.420000076293945,5.428915977478027
5916,16.110000610351562,14.916170120239258
5917,66.22000122070312,64.7220230102539
5918,6.679999828338623,5.734899520874023
5919,35.45000076293945,34.55345153808594
5920,11.890000343322754,11.144902229309082
5921,7.489999771118164,6.09821891784668
5922,38.09000015258789,36.66029357910156
5923,41.70000076293945,40.708316802978516
5924,17.299999237060547,16.12590789794922
5925,25.780000686645508,24.874576568603516
5926,15.720000267028809,15.435892105102539
5927,11.869999885559082,10.660969734191895
5928,53.95000076293945,53.271583557128906
5929,11.399999618530273,10.82764720916748
5930,46.4900016784668,44.33512496948242
5931,21.829999923706055,20.341224670410156
5932,17.030000686645508,16.27923011779785
5933,18.479999542236328,17.814773559570312
5934,26.729999542236328,25.15224838256836
5935,42.720001220703125,41.744384765625
5936,11.760000228881836,10.750877380371094
5937,21.350000381469727,20.089799880981445
5938,14.920000076293945,14.128996849060059
5939,32.93000030517578,31.98076629638672
5940,36.349998474121094,34.768836975097656
5941,29.030000686645508,27.468490600585938
5942,4.599999904632568,3.2992050647735596
5943,26.510000228881836,25.13388442993164
5944,34.349998474121094,34.09762954711914
5945,22.68000030517578,22.36744499206543
5946,33.75,33.182586669921875
5947,32.720001220703125,31.980112075805664
5948,9.739999771118164,8.493603706359863
5949,3.7899999618530273,2.411661386489868
5950,20.360000610351562,19.596315383911133
5951,16.469999313354492,16.57908058166504
5952,20.43000030517578,21.026493072509766
5953,37.2599983215332,37.372802734375
5954,4.309999942779541,2.6455910205841064
5955,24.43000030517578,23.81586265563965
5956,16.8700008392334,16.636920928955078
5957,9.6899995803833,8.946022987365723
5958,16.81999969482422,15.685081481933594
5959,3.3499999046325684,2.172611713409424
5960,1.2599999904632568,1.0474283695220947
5961,43.939998626708984,42.91568374633789
5962,44.16999816894531,43.706485748291016
5963,52.540000915527344,51.24921798706055
5964,37.06999969482422,35.78150939941406
5965,52.310001373291016,50.7137451171875
5966,39.5099983215332,37.49013137817383
5967,33.689998626708984,33.51322555541992
5968,11.319999694824219,11.028464317321777
5969,15.670000076293945,14.81060791015625
5970,22.059999465942383,20.95055389404297
5971,20.25,19.071697235107422
5972,36.540000915527344,38.155517578125
5973,9.960000038146973,9.042257308959961
5974,37.2599983215332,36.83683776855469
5975,26.690000534057617,25.64874839782715
5976,17.649999618530273,17.790401458740234
5977,26.850000381469727,26.596435546875
5978,20.350000381469727,18.900279998779297
5979,29.700000762939453,28.21634292602539
5980,37.75,36.898834228515625
5981,38.380001068115234,37.19357681274414
5982,32.16999816894531,31.588163375854492
5983,36.119998931884766,35.181419372558594
5984,38.88999938964844,37.593650817871094
5985,15.880000114440918,15.38168716430664
5986,16.709999084472656,15.00998306274414
5987,33.290000915527344,33.46644973754883
5988,16.469999313354492,15.540176391601562
5989,45.45000076293945,45.87400436401367
5990,26.860000610351562,26.29082679748535
5991,7.300000190734863,6.344244003295898
5992,62.47999954223633,64.27751922607422
5993,63.68000030517578,63.82136917114258
5994,17.770000457763672,17.03164291381836
5995,6.130000114440918,1.6914191246032715
5996,54.959999084472656,51.90981674194336
5997,19.510000228881836,18.363740921020508
5998,12.229999542236328,10.464712142944336
5999,33.290000915527344,32.66322708129883
6000,24.670000076293945,23.78982162475586
6001,27.809999465942383,26.642154693603516
6002,56.04999923706055,52.57156753540039
6003,17.989999771118164,17.35036849975586
6004,5.309999942779541,3.4786367416381836
6005,15.5,15.437973022460938
6006,22.959999084472656,21.641719818115234
6007,45.970001220703125,46.09751892089844
6008,52.150001525878906,51.5439453125
6009,20.719999313354492,20.206924438476562
6010,12.170000076293945,11.424653053283691
6011,13.5600004196167,13.192255020141602
6012,18.079999923706055,17.207124710083008
6013,24.139999389648438,23.240192413330078
6014,37.560001373291016,36.60465621948242
6015,20.989999771118164,19.817867279052734
6016,28.959999084472656,27.534854888916016
6017,11.119999885559082,10.56902027130127
6018,11.930000305175781,11.395723342895508
6019,28.139999389648438,27.25017738342285
6020,24.670000076293945,23.70309066772461
6021,27.68000030517578,26.771163940429688
6022,9.489999771118164,9.244263648986816
6023,24.81999969482422,23.78816795349121
6024,19.260000228881836,18.692659378051758
6025,34.86000061035156,33.15961837768555
6026,13.989999771118164,13.997536659240723
6027,25.719999313354492,25.276260375976562
6028,47.5099983215332,47.19412612915039
6029,30.709999084472656,29.658971786499023
6030,19.610000610351562,18.812047958374023
6031,57.52000045776367,54.98662567138672
6032,49.209999084472656,48.48452377319336
6033,64.52999877929688,62.6698112487793
6034,26.09000015258789,25.721920013427734
6035,45.58000183105469,44.63606262207031
6036,18.920000076293945,18.617679595947266
6037,7.800000190734863,6.403930187225342
6038,37.369998931884766,36.603538513183594
6039,19.290000915527344,18.885669708251953
6040,35.599998474121094,34.519466400146484
6041,45.189998626708984,43.72036361694336
6042,28.760000228881836,27.441570281982422
6043,31.829999923706055,30.88458251953125
6044,22.920000076293945,21.42290687561035
6045,9.880000114440918,8.871045112609863
6046,38.25,38.634342193603516
6047,22.739999771118164,21.19380760192871
6048,45.7599983215332,44.799381256103516
6049,32.22999954223633,30.58696174621582
6050,39.540000915527344,38.117984771728516
6051,21.170000076293945,21.011333465576172
6052,68.33999633789062,66.94001007080078
6053,49.720001220703125,47.836082458496094
6054,4.269999980926514,3.1179933547973633
6055,2.930000066757202,1.454710841178894
6056,51.959999084472656,52.33358383178711
6057,40.279998779296875,39.12278366088867
6058,9.6899995803833,9.286982536315918
6059,26.84000015258789,25.413341522216797
6060,12.100000381469727,11.526403427124023
6061,36.13999938964844,35.35808181762695
6062,37.380001068115234,37.79215621948242
6063,73.19000244140625,71.28300476074219
6064,46.599998474121094,45.213497161865234
6065,3.380000114440918,2.412365674972534
6066,7.420000076293945,6.282487392425537
6067,6.210000038146973,4.316380023956299
6068,3.2699999809265137,2.2090349197387695
6069,52.47999954223633,50.257022857666016
6070,16.540000915527344,16.241025924682617
6071,14.3100004196167,13.669085502624512
6072,26.8799991607666,26.117948532104492
6073,24.729999542236328,24.30997657775879
6074,19.690000534057617,18.85977554321289
6075,53.61000061035156,51.8486213684082
6076,51.59000015258789,50.17386245727539
6077,20.219999313354492,19.352054595947266
6078,10.460000038146973,9.697603225708008
6079,7.090000152587891,5.6908745765686035
6080,15.579999923706055,15.27070426940918
6081,16.600000381469727,15.684234619140625
6082,19.850000381469727,19.17302894592285
6083,28.450000762939453,27.20285987854004
6084,13.359999656677246,13.011026382446289
6085,6.46999979019165,5.622731685638428
6086,32.90999984741211,33.849796295166016
6087,10.670000076293945,8.79650592803955
6088,37.130001068115234,36.163333892822266
6089,23.959999084472656,22.921260833740234
6090,18.979999542236328,17.629173278808594
6091,27.139999389648438,26.342544555664062
6092,70.70999908447266,72.86540985107422
6093,22.25,20.969297409057617
6094,14.829999923706055,13.713776588439941
6095,30.219999313354492,29.68064308166504
6096,21.850000381469727,21.44226837158203
6097,33.2599983215332,32.185829162597656
6098,28.8700008392334,27.69542694091797
6099,4.880000114440918,3.663175344467163
6100,26.290000915527344,24.577762603759766
6101,17.329999923706055,16.278095245361328
6102,32.66999816894531,31.857669830322266
6103,7.119999885559082,6.20864200592041
6104,40.77000045776367,39.76352310180664
6105,24.489999771118164,22.681142807006836
6106,27.969999313354492,28.227924346923828
6107,33.81999969482422,32.79412841796875
6108,22.3799991607666,21.693817138671875
6109,9.489999771118164,7.8318986892700195
6110,57.22999954223633,57.45512390136719
6111,23.010000228881836,22.549158096313477
6112,9.699999809265137,9.111076354980469
6113,22.809999465942383,21.852664947509766
6114,1.6200000047683716,1.7303427457809448
6115,10.140000343322754,10.357377052307129
6116,66.20999908447266,61.09952163696289
6117,21.760000228881836,20.555835723876953
6118,57.13999938964844,56.682071685791016
6119,21.110000610351562,21.096363067626953
6120,24.489999771118164,24.056154251098633
6121,9.170000076293945,8.738872528076172
6122,18.639999389648438,17.34056854248047
6123,47.369998931884766,46.875179290771484
6124,37.77000045776367,37.22016143798828
6125,63.150001525878906,63.56426239013672
6126,12.920000076293945,12.001949310302734
6127,20.479999542236328,20.02216148376465
6128,20.760000228881836,20.070741653442383
6129,15.050000190734863,13.150754928588867
6130,21.979999542236328,20.36921501159668
6131,26.299999237060547,24.681434631347656
6132,37.81999969482422,35.93828582763672
6133,26.209999084472656,24.851985931396484
6134,27.889999389648438,27.318588256835938
6135,20.5,18.754688262939453
6136,43.58000183105469,41.43877410888672
6137,14.5600004196167,13.194589614868164
6138,23.780000686645508,22.215097427368164
6139,47.36000061035156,46.18563461303711
6140,45.619998931884766,45.2228889465332
6141,65.58999633789062,67.63966369628906
6142,15.510000228881836,14.802772521972656
6143,35.380001068115234,33.7544059753418
6144,14.289999961853027,13.423410415649414
6145,31.479999542236328,31.24636459350586
6146,29.40999984741211,27.884607315063477
6147,33.84000015258789,32.5512580871582
6148,15.640000343322754,14.72061538696289
6149,28.690000534057617,28.351112365722656
6150,53.560001373291016,50.47054672241211
6151,7.349999904632568,6.163930416107178
6152,15.960000038146973,16.113744735717773
6153,54.41999816894531,51.96760177612305
6154,49.630001068115234,49.58293914794922
6155,53.83000183105469,53.25278854370117
6156,30.739999771118164,30.754243850708008
6157,10.369999885559082,8.973904609680176
6158,22.809999465942383,21.89822006225586
6159,48.5,45.66814041137695
6160,15.520000457763672,14.712596893310547
6161,24.56999969482422,24.714447021484375
6162,20.90999984741211,19.609760284423828
6163,47.77000045776367,46.433082580566406
6164,5.230000019073486,3.935265064239502
6165,39.68000030517578,38.92744064331055
6166,50.63999938964844,48.187801361083984
6167,24.209999084472656,23.20220947265625
6168,28.389999389648438,27.621957778930664
6169,53.5099983215332,51.546810150146484
6170,23.309999465942383,22.98213005065918
6171,54.81999969482422,51.521873474121094
6172,16.889999389648438,16.910491943359375
6173,4.510000228881836,3.2729427814483643
6174,31.15999984741211,31.127986907958984
6175,16.450000762939453,16.034372329711914
6176,57.939998626708984,59.07596206665039
6177,19.8700008392334,19.205528259277344
6178,9.710000038146973,9.726056098937988
6179,8.890000343322754,6.953927993774414
6180,43.84000015258789,42.59230422973633
6181,23.84000015258789,22.926891326904297
6182,21.3799991607666,19.917306900024414
6183,25.6200008392334,23.81899642944336
6184,68.16000366210938,69.04297637939453
6185,53.65999984741211,51.00288009643555
6186,18.989999771118164,17.656539916992188
6187,36.349998474121094,34.50274658203125
6188,7.289999961853027,6.020956516265869
6189,27.989999771118164,27.873682022094727
6190,13.399999618530273,12.691304206848145
6191,33.45000076293945,32.130550384521484
6192,13.960000038146973,13.005416870117188
6193,22.25,21.210710525512695
6194,26.84000015258789,25.737316131591797
6195,39.63999938964844,38.84165954589844
6196,31.079999923706055,30.802335739135742
6197,77.7699966430664,77.01082611083984
6198,13.239999771118164,11.920559883117676
6199,14.279999732971191,13.094532012939453
6200,14.670000076293945,14.141810417175293
6201,30.850000381469727,29.75151252746582
6202,27.799999237060547,28.01589012145996
6203,34.77000045776367,32.93464660644531
6204,40.81999969482422,38.733421325683594
6205,24.1299991607666,23.00519561767578
6206,13.75,12.97003173828125
6207,2.9200000762939453,2.008435010910034
6208,40.279998779296875,37.13811111450195
6209,29.329999923706055,28.601991653442383
6210,9.34000015258789,8.32924747467041
6211,15.029999732971191,14.49710750579834
6212,43.099998474121094,42.097633361816406
6213,26.530000686645508,26.217588424682617
6214,60.20000076293945,59.843101501464844
6215,37.5,37.2918586730957
6216,19.360000610351562,18.31090545654297
6217,15.279999732971191,14.336668968200684
6218,18.1299991607666,16.58637809753418
6219,14.260000228881836,14.093832969665527
6220,28.969999313354492,27.286510467529297
6221,17.90999984741211,17.37262725830078
6222,45.439998626708984,43.85999298095703
6223,6.929999828338623,5.831481456756592
6224,5.019999980926514,3.69331431388855
6225,4.099999904632568,2.6453840732574463
6226,14.449999809265137,13.693047523498535
6227,34.959999084472656,34.56834030151367
6228,34.83000183105469,33.30730056762695
6229,8.180000305175781,6.2773613929748535
6230,45.72999954223633,44.92951583862305
6231,22.100000381469727,21.751903533935547
6232,12.670000076293945,11.406097412109375
6233,9.170000076293945,8.107553482055664
6234,40.290000915527344,39.046058654785156
6235,12.109999656677246,11.750436782836914
6236,15.6899995803833,15.457212448120117
6237,33.029998779296875,31.532657623291016
6238,15.770000457763672,14.894149780273438
6239,12.449999809265137,11.567035675048828
6240,8.4399995803833,6.371523857116699
6241,60.220001220703125,60.34597396850586
6242,35.08000183105469,33.02836227416992
6243,10.09000015258789,9.562044143676758
6244,7.820000171661377,7.117733001708984
6245,55.45000076293945,55.05532455444336
6246,38.439998626708984,37.34896469116211
6247,52.029998779296875,51.34095001220703
6248,5.929999828338623,4.845406532287598
6249,46.7599983215332,45.181949615478516
6250,4.53000020980835,3.432992935180664
6251,51.2400016784668,49.2497444152832
6252,19.93000030517578,18.93023109436035
6253,26.950000762939453,25.64596939086914
6254,45.939998626708984,44.27230453491211
6255,19.31999969482422,18.526931762695312
6256,14.510000228881836,13.443042755126953
6257,9.210000038146973,7.087647438049316
6258,30.65999984741211,30.68198013305664
6259,20.690000534057617,19.00505256652832
6260,39.290000915527344,38.6810188293457
6261,12.3100004196167,12.287976264953613
6262,1.3600000143051147,1.3590668439865112
6263,17.979999542236328,17.680267333984375
6264,3.950000047683716,3.177560329437256
6265,24.229999542236328,23.439464569091797
6266,39.58000183105469,38.8946533203125
6267,52.029998779296875,52.08185958862305
6268,4.309999942779541,3.0389349460601807
6269,40.970001220703125,40.13914489746094
6270,17.899999618530273,17.354515075683594
6271,44.939998626708984,43.60965347290039
6272,42.4900016784668,42.5771484375
6273,36.02000045776367,35.13563537597656
6274,30.3799991607666,28.674747467041016
6275,11.600000381469727,11.248851776123047
6276,24.65999984741211,23.680694580078125
6277,14.470000267028809,13.470970153808594
6278,56.38999938964844,54.32683563232422
6279,25.389999389648438,25.26498031616211
6280,18.65999984741211,17.52691650390625
6281,52.54999923706055,52.565792083740234
6282,18.889999389648438,18.46023178100586
6283,21.780000686645508,20.563806533813477
6284,9.539999961853027,9.294927597045898
6285,36.619998931884766,34.94217300415039
6286,18.6299991607666,17.934368133544922
6287,42.209999084472656,41.08444595336914
6288,20.65999984741211,19.37299156188965
6289,17.920000076293945,17.324234008789062
6290,23.5,22.768821716308594
6291,35.529998779296875,34.031497955322266
6292,29.299999237060547,28.621566772460938
6293,54.720001220703125,50.89322280883789
6294,25.389999389648438,24.477725982666016
6295,5.429999828338623,3.851442575454712
6296,77.52999877929688,73.61856079101562
6297,22.75,20.95572280883789
6298,36.119998931884766,35.25474548339844
6299,40.939998626708984,39.524417877197266
6300,25.110000610351562,24.075260162353516
6301,56.470001220703125,58.01283264160156
6302,14.470000267028809,13.872496604919434
6303,9.460000038146973,8.498418807983398
6304,19.399999618530273,18.801206588745117
6305,26.6200008392334,25.85751724243164
6306,21.059999465942383,19.564056396484375
6307,27.719999313354492,25.69814682006836
6308,21.920000076293945,20.862255096435547
6309,21.8799991607666,21.12449073791504
6310,23.8799991607666,21.697803497314453
6311,7.989999771118164,7.22083854675293
6312,11.319999694824219,10.640101432800293
6313,12.0600004196167,11.382513046264648
6314,17.040000915527344,16.26768684387207
6315,31.899999618530273,30.015636444091797
6316,53.099998474121094,50.7894401550293
6317,31.979999542236328,31.887083053588867
6318,7.869999885559082,6.882122039794922
6319,35.7599983215332,36.02138900756836
6320,27.950000762939453,27.21614646911621
6321,33.41999816894531,33.17988586425781
6322,70.66999816894531,72.2223892211914
6323,27.40999984741211,26.898937225341797
6324,47.939998626708984,47.46135330200195
6325,29.68000030517578,29.99916648864746
6326,16.440000534057617,15.119268417358398
6327,26.510000228881836,25.69623374938965
6328,44.81999969482422,44.13740539550781
6329,27.40999984741211,27.160816192626953
6330,52.16999816894531,51.50044250488281
6331,37.70000076293945,36.405364990234375
6332,10.520000457763672,9.350785255432129
6333,16.149999618530273,15.394712448120117
6334,48.040000915527344,46.364341735839844
6335,17.31999969482422,17.006694793701172
6336,67.47000122070312,69.00316619873047
6337,5.25,3.7216989994049072
6338,53.630001068115234,52.725433349609375
6339,28.84000015258789,28.03407859802246
6340,17.170000076293945,16.15752601623535
6341,33.439998626708984,33.12456512451172
6342,23.100000381469727,21.435461044311523
6343,11.270000457763672,10.545364379882812
6344,63.7400016784668,60.932308197021484
6345,10.8100004196167,10.09915828704834
6346,21.489999771118164,21.362897872924805
6347,46.900001525878906,45.22531509399414
6348,44.13999938964844,43.54647445678711
6349,17.700000762939453,16.190040588378906
6350,38.29999923706055,35.89419174194336
6351,25.40999984741211,25.131505966186523
6352,30.200000762939453,28.97174835205078
6353,53.93000030517578,51.141456604003906
6354,50.47999954223633,48.46535873413086
6355,53.29999923706055,51.14697265625
6356,6.789999961853027,5.667922496795654
6357,38.189998626708984,37.414955139160156
6358,57.61000061035156,56.71404266357422
6359,10.239999771118164,8.310348510742188
6360,31.020000457763672,29.288227081298828
6361,26.209999084472656,24.61164093017578
6362,24.239999771118164,23.22632598876953
6363,34.95000076293945,34.2247314453125
6364,41.400001525878906,41.94147872924805
6365,21.270000457763672,20.168415069580078
6366,10.430000305175781,8.418940544128418
6367,7.590000152587891,6.778119087219238
6368,31.190000534057617,31.922452926635742
6369,33.220001220703125,32.07115936279297
6370,26.670000076293945,25.80760955810547
6371,27.350000381469727,26.27103042602539
6372,33.689998626708984,31.90605354309082
6373,64.75,63.56208801269531
6374,47.33000183105469,46.240108489990234
6375,28.950000762939453,27.863264083862305
6376,27.079999923706055,26.06635284423828
6377,23.610000610351562,23.065025329589844
6378,23.350000381469727,23.33658790588379
6379,13.460000038146973,12.397451400756836
6380,75.08000183105469,74.39118957519531
6381,13.9399995803833,12.301119804382324
6382,27.1200008392334,26.85173797607422
6383,20.790000915527344,20.236804962158203
6384,25.729999542236328,25.20421600341797
6385,50.75,49.07201385498047
6386,37.619998931884766,37.09945297241211
6387,39.90999984741211,37.87769317626953
6388,11.199999809265137,10.069318771362305
6389,50.279998779296875,49.20975875854492
6390,25.899999618530273,24.697071075439453
6391,25.469999313354492,26.241943359375
6392,13.800000190734863,13.456531524658203
6393,14.329999923706055,13.580414772033691
6394,21.309999465942383,19.987119674682617
6395,34.9900016784668,33.06642532348633
6396,1.9500000476837158,1.3096990585327148
6397,24.790000915527344,23.94842529296875
6398,37.220001220703125,36.125892639160156
6399,31.6299991607666,31.116622924804688
6400,45.08000183105469,42.83589553833008
6401,29.25,27.101669311523438
6402,14.289999961853027,13.37481689453125
6403,15.329999923706055,14.731536865234375
6404,23.09000015258789,22.430980682373047
6405,12.569999694824219,12.097043991088867
6406,33.06999969482422,31.77251625061035
6407,22.540000915527344,21.82663345336914
6408,52.040000915527344,49.23213577270508
6409,15.579999923706055,15.32472038269043
6410,8.640000343322754,7.625453948974609
6411,27.559999465942383,25.975963592529297
6412,7.639999866485596,6.27348518371582
6413,69.29000091552734,70.3309097290039
6414,22.309999465942383,21.37220001220703
6415,62.970001220703125,61.63499450683594
6416,18.709999084472656,17.94782066345215
6417,49.630001068115234,48.223873138427734
6418,25.100000381469727,24.145645141601562
6419,37.70000076293945,36.82883071899414
6420,31.350000381469727,30.543100357055664
6421,32.630001068115234,31.68328857421875
6422,23.829999923706055,22.649139404296875
6423,26.90999984741211,25.825084686279297
6424,32.189998626708984,31.324697494506836
6425,14.140000343322754,13.602560997009277
6426,40.18000030517578,39.827693939208984
6427,35.5,35.48861312866211
6428,32.900001525878906,32.17705535888672
6429,14.569999694824219,14.103972434997559
6430,42.959999084472656,43.63868713378906
6431,27.139999389648438,26.78483009338379
6432,3.240000009536743,1.793323040008545
6433,32.66999816894531,31.91250228881836
6434,22.1299991607666,20.810781478881836
6435,12.34000015258789,11.693541526794434
6436,25.25,23.71602439880371
6437,7.230000019073486,7.602747440338135
6438,26.649999618530273,26.25476837158203
6439,19.25,18.495668411254883
6440,10.510000228881836,9.7500581741333
6441,13.449999809265137,12.854632377624512
6442,13.050000190734863,12.053035736083984
6443,50.13999938964844,49.782596588134766
6444,39.7599983215332,39.03643035888672
6445,9.619999885559082,8.302518844604492
6446,5.110000133514404,3.5606698989868164
6447,22.440000534057617,20.406436920166016
6448,61.36000061035156,58.38337326049805
6449,11.210000038146973,10.655661582946777
6450,24.6299991607666,24.179840087890625
6451,22.309999465942383,21.825252532958984
6452,9.010000228881836,8.407957077026367
6453,46.31999969482422,43.754329681396484
6454,13.59000015258789,13.132698059082031
6455,9.510000228881836,8.261805534362793
6456,20.809999465942383,19.96263885498047
6457,34.61000061035156,33.85676956176758
6458,33.2599983215332,32.66671371459961
6459,24.25,23.385623931884766
6460,11.279999732971191,10.44820785522461
6461,25.079999923706055,24.042638778686523
6462,53.279998779296875,51.314491271972656
6463,13.270000457763672,12.297738075256348
6464,33.81999969482422,32.7990608215332
6465,70.08000183105469,66.40460968017578
6466,24.15999984741211,23.73064613342285
6467,37.619998931884766,36.8747673034668
6468,43.7400016784668,43.32777404785156
6469,44.84000015258789,43.74296188354492
6470,2.9000000953674316,2.001497983932495
6471,15.479999542236328,15.071657180786133
6472,45.16999816894531,43.774314880371094
6473,41.36000061035156,41.80461120605469
6474,33.36000061035156,32.027793884277344
6475,32.7599983215332,31.780569076538086
6476,34.689998626708984,35.45734786987305
6477,75.06999969482422,74.68218231201172
6478,15.819999694824219,14.967195510864258
6479,27.860000610351562,27.118234634399414
6480,52.630001068115234,52.789676666259766
6481,22.200000762939453,21.209331512451172
6482,40.790000915527344,39.91531753540039
6483,13.710000038146973,13.064315795898438
6484,36.7599983215332,34.73920440673828
6485,3.809999942779541,3.1191866397857666
6486,22.520000457763672,21.59836196899414
6487,10.470000267028809,9.023073196411133
6488,31.780000686645508,30.49932098388672
6489,22.559999465942383,21.698001861572266
6490,28.350000381469727,28.169784545898438
6491,22.239999771118164,21.856067657470703
6492,22.950000762939453,21.44114112854004
6493,17.520000457763672,16.889633178710938
6494,13.020000457763672,12.045568466186523
6495,24.440000534057617,23.595523834228516
6496,8.960000038146973,8.111390113830566
6497,7.449999809265137,6.50328254699707
6498,22.6299991607666,21.4293155670166
6499,27.149999618530273,27.222867965698242
6500,48.150001525878906,45.816158294677734
6501,21.190000534057617,20.21807098388672
6502,36.72999954223633,37.06420135498047
6503,55.189998626708984,52.45055389404297
6504,25.770000457763672,25.230628967285156
6505,35.95000076293945,34.520755767822266
6506,40.099998474121094,39.44916915893555
6507,59.619998931884766,59.14747619628906
6508,17.940000534057617,17.676189422607422
6509,14.720000267028809,13.969626426696777
6510,14.029999732971191,13.490608215332031
6511,46.79999923706055,44.064735412597656
6512,32.290000915527344,31.374309539794922
6513,28.1299991607666,27.634033203125
6514,41.869998931884766,40.368412017822266
6515,23.440000534057617,22.14922332763672
6516,8.890000343322754,8.857369422912598
6517,52.040000915527344,51.77649688720703
6518,17.690000534057617,17.049501419067383
6519,26.6200008392334,25.615726470947266
6520,10.369999885559082,9.876379013061523
6521,32.97999954223633,31.187923431396484
6522,22.079999923706055,21.13739776611328
6523,12.350000381469727,12.297490119934082
6524,4.630000114440918,3.788403272628784
6525,21.520000457763672,20.04610824584961
6526,22.43000030517578,22.351726531982422
6527,2.3299999237060547,1.8455564975738525
6528,31.260000228881836,30.085994720458984
6529,17.6299991607666,16.966529846191406
6530,10.949999809265137,9.450783729553223
6531,25.84000015258789,25.38692855834961
6532,5.559999942779541,4.42086124420166
6533,53.47999954223633,52.91604232788086
6534,16.81999969482422,15.940887451171875
6535,15.9399995803833,15.293928146362305
6536,40.959999084472656,40.33723831176758
6537,10.960000038146973,9.830148696899414
6538,57.0099983215332,57.30329513549805
6539,22.0,20.829524993896484
6540,14.140000343322754,13.181533813476562
6541,24.459999084472656,23.249042510986328
6542,44.56999969482422,44.12424087524414
6543,24.739999771118164,23.33245086669922
6544,20.350000381469727,19.37036895751953
6545,51.2400016784668,50.46944046020508
6546,11.539999961853027,11.596389770507812
6547,27.18000030517578,26.383438110351562
6548,16.34000015258789,15.366752624511719
6549,7.769999980926514,6.989555835723877
6550,6.0,5.137207984924316
6551,22.010000228881836,21.97882843017578
6552,7.599999904632568,6.69353723526001
6553,19.350000381469727,18.971397399902344
6554,37.84000015258789,36.537261962890625
6555,23.690000534057617,22.45304298400879
6556,7.909999847412109,7.133258819580078
6557,43.709999084472656,41.95134353637695
6558,26.260000228881836,23.969863891601562
6559,18.18000030517578,17.519880294799805
6560,15.0,14.498368263244629
6561,29.68000030517578,29.729236602783203
6562,34.34000015258789,33.81934356689453
6563,12.729999542236328,12.151906967163086
6564,49.41999816894531,48.71700668334961
6565,31.59000015258789,29.868553161621094
6566,26.239999771118164,25.5614013671875
6567,41.40999984741211,41.49900436401367
6568,41.06999969482422,41.2997932434082
6569,46.040000915527344,46.247047424316406
6570,20.6299991607666,19.368818283081055
6571,66.31999969482422,65.87943267822266
6572,35.4900016784668,33.0881233215332
6573,45.5099983215332,43.88651657104492
6574,6.199999809265137,4.6169586181640625
6575,47.720001220703125,45.62826156616211
6576,40.66999816894531,39.263328552246094
6577,8.569999694824219,7.504145622253418
6578,21.450000762939453,20.53359603881836
6579,58.41999816894531,56.89725875854492
6580,3.640000104904175,2.3004262447357178
6581,8.520000457763672,7.572977066040039
6582,49.22999954223633,48.58505630493164
6583,11.710000038146973,10.757169723510742
6584,8.34000015258789,7.178276538848877
6585,9.970000267028809,9.314918518066406
6586,20.489999771118164,19.1962890625
6587,36.290000915527344,35.28047180175781
6588,5.71999979019165,4.226846218109131
6589,39.27000045776367,38.35726547241211
6590,25.260000228881836,23.397241592407227
6591,68.97000122070312,66.75430297851562
6592,26.200000762939453,25.3293514251709
6593,20.780000686645508,20.25572967529297
6594,41.54999923706055,40.19412612915039
6595,33.2599983215332,31.940380096435547
6596,39.15999984741211,40.81732177734375
6597,53.66999816894531,51.70417404174805
6598,12.399999618530273,12.125783920288086
6599,16.59000015258789,15.829202651977539
6600,10.430000305175781,9.511804580688477
6601,14.079999923706055,13.070463180541992
6602,29.190000534057617,28.29849624633789
6603,7.840000152587891,7.100397109985352
6604,4.860000133514404,3.877133369445801
6605,40.15999984741211,39.83901596069336
6606,15.180000305175781,13.575514793395996
6607,46.59000015258789,43.96730041503906
6608,41.400001525878906,39.75263595581055
6609,17.700000762939453,17.04509735107422
6610,51.220001220703125,48.90850067138672
6611,36.41999816894531,35.05052185058594
6612,27.920000076293945,27.38139533996582
6613,22.34000015258789,21.04553985595703
6614,20.3799991607666,19.905921936035156
6615,14.680000305175781,13.85105037689209
6616,75.5199966430664,75.75117492675781
6617,21.09000015258789,20.16863441467285
6618,6.340000152587891,5.428638935089111
6619,13.260000228881836,12.130191802978516
6620,30.600000381469727,29.383039474487305
6621,23.200000762939453,22.46944236755371
6622,7.690000057220459,6.170364856719971
6623,14.920000076293945,14.09363842010498
6624,24.6299991607666,24.126142501831055
6625,28.540000915527344,27.405122756958008
6626,40.83000183105469,40.43175506591797
6627,24.65999984741211,23.020973205566406
6628,49.099998474121094,46.85051727294922
6629,37.130001068115234,36.17306137084961
6630,33.5,32.45795822143555
6631,22.049999237060547,21.69125747680664
6632,68.91000366210938,68.7818374633789
6633,7.230000019073486,5.845402717590332
6634,67.11000061035156,67.29776763916016
6635,3.6700000762939453,2.321291208267212
6636,38.529998779296875,36.278804779052734
6637,46.36000061035156,43.988224029541016
6638,61.310001373291016,60.444427490234375
6639,13.670000076293945,12.749621391296387
6640,33.7400016784668,32.580074310302734
6641,28.610000610351562,26.974260330200195
6642,58.61000061035156,57.9405403137207
6643,16.389999389648438,15.391372680664062
6644,12.859999656677246,12.558542251586914
6645,27.8799991607666,27.04590606689453
6646,28.270000457763672,27.261960983276367
6647,24.139999389648438,23.374004364013672
6648,9.520000457763672,8.804451942443848
6649,2.740000009536743,1.3638536930084229
6650,73.31999969482422,72.37100219726562
6651,39.56999969482422,38.20341873168945
6652,25.020000457763672,23.71303939819336
6653,29.709999084472656,28.43743324279785
6654,47.31999969482422,46.131736755371094
6655,39.06999969482422,37.88545608520508
6656,30.15999984741211,29.28373908996582
6657,20.350000381469727,20.117630004882812
6658,18.1299991607666,17.30290985107422
6659,16.260000228881836,15.414867401123047
6660,34.58000183105469,34.27906036376953
6661,12.569999694824219,11.481099128723145
6662,29.700000762939453,28.42807960510254
6663,12.020000457763672,11.317570686340332
6664,5.119999885559082,3.6432430744171143
6665,62.040000915527344,61.078548431396484
6666,54.72999954223633,54.80726623535156
6667,45.959999084472656,44.20380783081055
6668,2.369999885559082,1.4312598705291748
6669,5.0,3.770005702972412
6670,17.139999389648438,16.5789852142334
6671,40.0099983215332,38.95511245727539
6672,70.04000091552734,70.8080825805664
6673,7.329999923706055,6.7565412521362305
6674,53.16999816894531,52.480682373046875
6675,55.84000015258789,53.778358459472656
6676,3.140000104904175,1.9789762496948242
6677,46.31999969482422,45.0193977355957
6678,42.25,38.73259353637695
6679,23.290000915527344,22.469234466552734
6680,32.97999954223633,32.62638473510742
6681,22.1299991607666,20.4992618560791
6682,8.829999923706055,7.516849517822266
6683,46.63999938964844,45.33730697631836
6684,58.61000061035156,56.530677795410156
6685,18.209999084472656,17.314706802368164
6686,41.75,40.09156799316406
6687,20.989999771118164,19.185609817504883
6688,26.290000915527344,24.95828628540039
6689,34.369998931884766,33.54161071777344
6690,31.899999618530273,30.70415687561035
6691,26.040000915527344,25.147228240966797
6692,19.149999618530273,17.98179817199707
6693,8.510000228881836,5.631128311157227
6694,30.520000457763672,29.3174991607666
6695,24.299999237060547,22.61675262451172
6696,36.439998626708984,35.58951187133789
6697,19.540000915527344,18.72356414794922
6698,53.18000030517578,51.234283447265625
6699,40.40999984741211,39.913631439208984
6700,17.799999237060547,17.585573196411133
6701,7.989999771118164,6.730987548828125
6702,48.5099983215332,47.39778137207031
6703,33.630001068115234,33.11176681518555
6704,26.360000610351562,24.80453872680664
6705,34.38999938964844,33.5479621887207
6706,15.979999542236328,14.775199890136719
6707,25.260000228881836,24.650707244873047
6708,8.930000305175781,8.935047149658203
6709,9.489999771118164,8.283296585083008
6710,18.579999923706055,17.898340225219727
6711,22.850000381469727,21.40669822692871
6712,40.400001525878906,38.53780746459961
6713,6.5,5.228059768676758
6714,12.449999809265137,11.717070579528809
6715,32.11000061035156,30.82762908935547
6716,37.720001220703125,35.851219177246094
6717,12.039999961853027,11.79435920715332
6718,16.760000228881836,16.20682716369629
6719,18.31999969482422,18.15215301513672
6720,63.060001373291016,63.810630798339844
6721,26.829999923706055,26.027868270874023
6722,49.68000030517578,48.336456298828125
6723,24.200000762939453,22.87456512451172
6724,17.530000686645508,16.138452529907227
6725,34.630001068115234,33.751380920410156
6726,44.900001525878906,44.51295471191406
6727,22.959999084472656,21.492664337158203
6728,9.8100004196167,8.903337478637695
6729,55.43000030517578,53.04807662963867
6730,23.899999618530273,23.00848388671875
6731,18.850000381469727,18.17466926574707
6732,13.270000457763672,12.942452430725098
6733,24.229999542236328,23.388437271118164
6734,7.050000190734863,5.979210376739502
6735,28.93000030517578,27.872583389282227
6736,14.5600004196167,13.122509002685547
6737,11.449999809265137,10.333332061767578
6738,20.8700008392334,19.74700927734375
6739,20.18000030517578,19.169116973876953
6740,60.59000015258789,59.3206901550293
6741,10.739999771118164,10.189675331115723
6742,12.0,11.0105562210083
6743,25.75,25.06748390197754
6744,18.309999465942383,17.468130111694336
6745,23.8700008392334,23.15505027770996
6746,32.45000076293945,30.94721794128418
6747,11.789999961853027,11.416101455688477
6748,11.029999732971191,10.027538299560547
6749,47.040000915527344,46.39041519165039
6750,21.229999542236328,20.809871673583984
6751,20.729999542236328,19.650775909423828
6752,5.119999885559082,2.8652613162994385
6753,29.540000915527344,28.898889541625977
6754,11.600000381469727,10.085338592529297
6755,36.97999954223633,36.5003776550293
6756,33.5,32.642425537109375
6757,39.040000915527344,37.09505844116211
6758,6.389999866485596,5.369386196136475
6759,12.260000228881836,11.24515151977539
6760,41.38999938964844,39.40083694458008
6761,10.329999923706055,9.964777946472168
6762,5.510000228881836,4.18468713760376
6763,39.25,37.33011245727539
6764,4.900000095367432,3.864943265914917
6765,43.27000045776367,42.49732208251953
6766,16.790000915527344,16.242328643798828
6767,30.520000457763672,29.46074104309082
6768,3.9200000762939453,1.6616448163986206
6769,48.459999084472656,46.01371383666992
6770,15.670000076293945,15.244937896728516
6771,50.4900016784668,49.432044982910156
6772,28.600000381469727,27.751903533935547
6773,42.54999923706055,42.44163513183594
6774,21.940000534057617,21.095977783203125
6775,39.779998779296875,39.06373596191406
6776,13.40999984741211,12.899930000305176
6777,29.6299991607666,28.56645965576172
6778,22.709999084472656,21.197547912597656
6779,17.520000457763672,16.432058334350586
6780,7.679999828338623,6.247666835784912
6781,37.130001068115234,34.675025939941406
6782,15.229999542236328,14.183636665344238
6783,34.61000061035156,33.3471565246582
6784,10.949999809265137,10.071239471435547
6785,9.039999961853027,8.179140090942383
6786,33.63999938964844,32.0734977722168
6787,6.699999809265137,6.442518711090088
6788,43.189998626708984,40.47944641113281
6789,2.609999895095825,1.6005316972732544
6790,6.96999979019165,5.4759602546691895
6791,13.229999542236328,13.00944709777832
6792,61.63999938964844,58.13643264770508
6793,43.41999816894531,42.857608795166016
6794,29.299999237060547,29.033031463623047
6795,31.389999389648438,30.60538101196289
6796,20.09000015258789,19.137516021728516
6797,12.84000015258789,12.449560165405273
6798,45.90999984741211,44.94296646118164
6799,24.299999237060547,22.989274978637695
6800,23.280000686645508,22.28451156616211
6801,21.809999465942383,20.921974182128906
6802,37.40999984741211,35.44150924682617
6803,18.229999542236328,17.262409210205078
6804,46.810001373291016,45.155479431152344
6805,16.940000534057617,16.40273666381836
6806,4.400000095367432,3.7898292541503906
6807,53.59000015258789,52.24455261230469
6808,7.019999980926514,5.833001136779785
6809,27.59000015258789,27.279382705688477
6810,29.770000457763672,29.826486587524414
6811,20.5,18.684398651123047
6812,1.9199999570846558,1.301312804222107
6813,3.990000009536743,2.6489181518554688
6814,8.149999618530273,6.8263325691223145
6815,33.11000061035156,31.959362030029297
6816,16.959999084472656,16.3754940032959
6817,5.539999961853027,4.390274524688721
6818,54.4900016784668,52.90290451049805
6819,5.420000076293945,4.164553642272949
6820,12.260000228881836,11.596288681030273
6821,11.819999694824219,11.175620079040527
6822,5.0,3.892057180404663
6823,16.969999313354492,16.044790267944336
6824,17.31999969482422,16.548961639404297
6825,42.97999954223633,41.68922805786133
6826,34.45000076293945,33.082149505615234
6827,32.72999954223633,32.79853439331055
6828,14.449999809265137,13.597025871276855
6829,41.619998931884766,39.78440856933594
6830,30.360000610351562,29.350433349609375
6831,14.260000228881836,13.524418830871582
6832,44.84000015258789,44.87053680419922
6833,20.450000762939453,20.224660873413086
6834,25.860000610351562,25.237768173217773
6835,40.459999084472656,39.91414260864258
6836,8.649999618530273,7.9975905418396
6837,21.299999237060547,21.248218536376953
6838,16.1200008392334,14.476893424987793
6839,22.520000457763672,21.429798126220703
6840,30.799999237060547,30.483600616455078
6841,17.34000015258789,16.7506103515625
6842,13.0,11.790996551513672
6843,11.960000038146973,10.532150268554688
6844,12.300000190734863,11.464749336242676
6845,23.6299991607666,22.415645599365234
6846,44.04999923706055,42.73625183105469
6847,37.619998931884766,36.49620056152344
6848,38.959999084472656,38.074180603027344
6849,38.79999923706055,37.945926666259766
6850,24.299999237060547,23.12282943725586
6851,13.880000114440918,13.063003540039062
6852,31.219999313354492,29.292383193969727
6853,45.91999816894531,43.98847198486328
6854,10.390000343322754,9.750287055969238
6855,16.84000015258789,14.864023208618164
6856,33.5,32.02381896972656
6857,22.809999465942383,21.991230010986328
6858,6.239999771118164,5.380564212799072
6859,7.039999961853027,6.124115943908691
6860,47.2599983215332,47.17625045776367
6861,11.760000228881836,10.978178024291992
6862,7.409999847412109,6.568355560302734
6863,35.540000915527344,35.221195220947266
6864,17.729999542236328,16.573606491088867
6865,18.969999313354492,18.177143096923828
6866,14.5600004196167,14.703920364379883
6867,12.170000076293945,11.89976978302002
6868,5.849999904632568,4.378848552703857
6869,35.63999938964844,35.48544692993164
6870,48.7599983215332,49.23495864868164
6871,38.29999923706055,37.996402740478516
6872,16.610000610351562,15.994338989257812
6873,28.450000762939453,27.85540199279785
6874,53.66999816894531,51.893062591552734
6875,15.6899995803833,15.111780166625977
6876,20.40999984741211,19.55019760131836
6877,37.11000061035156,36.05891799926758
6878,9.8100004196167,9.670389175415039
6879,53.119998931884766,52.52434539794922
6880,31.209999084472656,29.979639053344727
6881,7.119999885559082,6.525468349456787
6882,12.84000015258789,12.351719856262207
6883,9.449999809265137,8.801568984985352
6884,51.95000076293945,52.08273696899414
6885,53.5,50.46840286254883
6886,31.610000610351562,30.212398529052734
6887,33.90999984741211,32.98682403564453
6888,18.700000762939453,17.672073364257812
6889,23.059999465942383,21.2375431060791
6890,27.229999542236328,26.37055206298828
6891,37.59000015258789,37.168819427490234
6892,19.1299991607666,18.11054229736328
6893,41.2599983215332,40.26169204711914
6894,20.739999771118164,19.580228805541992
6895,43.650001525878906,42.89760208129883
6896,7.380000114440918,6.355055332183838
6897,37.25,38.30181121826172
6898,10.729999542236328,10.2066011428833
6899,40.599998474121094,40.22983932495117
6900,19.110000610351562,18.47638702392578
6901,7.179999828338623,6.50775671005249
6902,31.31999969482422,29.348674774169922
6903,6.170000076293945,5.60761022567749
6904,21.139999389648438,20.381549835205078
6905,29.760000228881836,29.843318939208984
6906,17.739999771118164,17.156034469604492
6907,28.649999618530273,26.80471420288086
6908,58.08000183105469,57.34447479248047
6909,26.639999389648438,26.250633239746094
6910,24.829999923706055,23.8869686126709
6911,54.09000015258789,53.51198959350586
6912,6.800000190734863,5.927173614501953
6913,16.3799991607666,15.783300399780273
6914,68.13999938964844,67.25113677978516
6915,7.340000152587891,5.84331750869751
6916,26.540000915527344,25.179319381713867
6917,32.41999816894531,31.72861671447754
6918,17.270000457763672,16.154367446899414
6919,14.649999618530273,14.282153129577637
6920,53.439998626708984,52.47239303588867
6921,19.420000076293945,18.6096248626709
6922,69.33000183105469,67.42655181884766
6923,11.890000343322754,11.38094711303711
6924,3.180000066757202,2.302288293838501
6925,5.599999904632568,4.64936637878418
6926,61.70000076293945,59.56604766845703
6927,16.549999237060547,16.433115005493164
6928,30.59000015258789,30.07994270324707
6929,11.819999694824219,10.687997817993164
6930,14.369999885559082,14.03490924835205
6931,10.149999618530273,7.932888984680176
6932,6.670000076293945,5.427017688751221
6933,9.899999618530273,9.131901741027832
6934,6.659999847412109,5.590823650360107
6935,57.209999084472656,56.309635162353516
6936,73.95999908447266,72.26739501953125
6937,58.439998626708984,60.37193298339844
6938,35.56999969482422,34.422054290771484
6939,40.029998779296875,39.75876998901367
6940,23.5,22.001314163208008
6941,28.860000610351562,28.123226165771484
6942,7.449999809265137,6.652737140655518
6943,33.83000183105469,32.332130432128906
6944,33.369998931884766,32.30136489868164
6945,64.83000183105469,62.93368911743164
6946,13.90999984741211,13.258731842041016
6947,14.220000267028809,12.611804008483887
6948,25.110000610351562,24.309255599975586
6949,52.0099983215332,50.7117805480957
6950,41.29999923706055,40.3027229309082
6951,21.84000015258789,20.25033187866211
6952,38.97999954223633,37.45211410522461
6953,8.109999656677246,7.0070390701293945
6954,32.33000183105469,30.846302032470703
6955,21.110000610351562,20.554523468017578
6956,3.359999895095825,2.5816855430603027
6957,52.0099983215332,50.6727180480957
6958,26.59000015258789,24.988380432128906
6959,28.5,27.93429946899414
6960,52.56999969482422,50.57793045043945
6961,11.729999542236328,10.106619834899902
6962,3.859999895095825,2.8804874420166016
6963,12.479999542236328,12.288189888000488
6964,7.170000076293945,6.3651041984558105
6965,6.829999923706055,6.3084282875061035
6966,35.63999938964844,34.1047248840332
6967,23.049999237060547,22.250328063964844
6968,22.110000610351562,22.157569885253906
6969,4.460000038146973,2.744645833969116
6970,2.240000009536743,1.2449599504470825
6971,4.360000133514404,3.1083779335021973
6972,34.02000045776367,33.14872360229492
6973,33.45000076293945,33.49419403076172
6974,46.0099983215332,44.39016342163086
6975,23.079999923706055,21.611454010009766
6976,67.4800033569336,68.81098175048828
6977,48.25,46.548763275146484
6978,24.780000686645508,23.371578216552734
6979,28.34000015258789,28.078826904296875
6980,35.36000061035156,34.48343276977539
6981,36.38999938964844,36.14402389526367
6982,33.029998779296875,32.82643508911133
6983,10.59000015258789,9.366416931152344
6984,73.27999877929688,72.64920043945312
6985,26.190000534057617,25.256200790405273
6986,18.329999923706055,17.127012252807617
6987,32.77000045776367,32.47348403930664
6988,2.609999895095825,1.5135480165481567
6989,22.579999923706055,21.167360305786133
6990,65.30000305175781,64.36724090576172
6991,23.25,22.93016242980957
6992,10.760000228881836,9.36359977722168
6993,10.84000015258789,9.878288269042969
6994,33.040000915527344,31.94277572631836
6995,29.780000686645508,29.574312210083008
6996,32.7400016784668,32.2780647277832
6997,33.68000030517578,33.610347747802734
6998,9.9399995803833,9.36876106262207
6999,27.09000015258789,26.67772102355957
7000,33.22999954223633,31.993539810180664
7001,13.239999771118164,12.024900436401367
7002,66.94000244140625,65.43489837646484
7003,48.5099983215332,48.084476470947266
7004,29.479999542236328,28.836929321289062
7005,22.610000610351562,21.461278915405273
7006,46.7599983215332,42.61684036254883
7007,11.920000076293945,11.055268287658691
7008,18.790000915527344,18.24245834350586
7009,32.939998626708984,32.76767349243164
7010,38.040000915527344,36.32292175292969
7011,64.95999908447266,62.15147018432617
7012,32.099998474121094,29.897504806518555
7013,38.79999923706055,37.676048278808594
7014,27.200000762939453,26.030101776123047
7015,18.229999542236328,17.431209564208984
7016,31.209999084472656,29.483118057250977
7017,36.630001068115234,34.94581985473633
7018,39.7599983215332,38.44675827026367
7019,28.639999389648438,27.717994689941406
7020,5.440000057220459,4.396634101867676
7021,16.940000534057617,17.152973175048828
7022,2.069999933242798,1.5172758102416992
7023,36.27000045776367,35.410255432128906
7024,24.440000534057617,23.345523834228516
7025,44.599998474121094,45.156890869140625
7026,73.61000061035156,73.63567352294922
7027,4.599999904632568,3.245577096939087
7028,45.06999969482422,43.19901657104492
7029,28.280000686645508,26.90213966369629
7030,18.450000762939453,18.295644760131836
7031,14.180000305175781,13.671185493469238
7032,31.079999923706055,30.395095825195312
7033,15.140000343322754,14.1875638961792
7034,19.40999984741211,18.336620330810547
7035,28.979999542236328,28.655757904052734
7036,23.799999237060547,23.3258113861084
7037,31.649999618530273,30.15273094177246
7038,13.670000076293945,13.593798637390137
7039,21.010000228881836,20.188142776489258
7040,7.489999771118164,7.189169406890869
7041,19.450000762939453,18.778635025024414
7042,30.799999237060547,30.198942184448242
7043,31.549999237060547,29.9346981048584
7044,78.86000061035156,75.6280288696289
7045,61.790000915527344,60.85562515258789
7046,6.110000133514404,5.496899604797363
7047,18.670000076293945,17.938594818115234
7048,22.450000762939453,21.016319274902344
7049,13.960000038146973,14.154265403747559
7050,24.600000381469727,23.915626525878906
7051,45.38999938964844,44.528236389160156
7052,14.869999885559082,14.678142547607422
7053,34.380001068115234,32.91194534301758
7054,4.809999942779541,4.0104265213012695
7055,10.020000457763672,9.366607666015625
7056,26.139999389648438,25.095272064208984
7057,12.149999618530273,11.23324966430664
7058,10.449999809265137,9.690217018127441
7059,9.100000381469727,7.979612827301025
7060,30.68000030517578,29.5213565826416
7061,9.8100004196167,8.546636581420898
7062,34.58000183105469,33.26412582397461
7063,41.380001068115234,40.2842903137207
7064,20.1200008392334,19.451948165893555
7065,49.75,48.30540466308594
7066,42.689998626708984,41.7144889831543
7067,22.350000381469727,20.281784057617188
7068,67.4800033569336,67.27059936523438
7069,31.8700008392334,31.240558624267578
7070,37.91999816894531,36.95940399169922
7071,14.890000343322754,14.029549598693848
7072,31.25,31.083967208862305
7073,46.36000061035156,45.42740249633789
7074,30.84000015258789,29.852886199951172
7075,6.550000190734863,6.329107761383057
7076,42.86000061035156,39.85174560546875
7077,16.260000228881836,14.210875511169434
7078,33.93000030517578,33.04042053222656
7079,26.989999771118164,25.85649871826172
7080,10.829999923706055,10.164905548095703
7081,43.34000015258789,42.079933166503906
7082,39.25,40.02812194824219
7083,10.720000267028809,10.56154727935791
7084,50.0099983215332,49.27067184448242
7085,14.050000190734863,13.542590141296387
7086,14.619999885559082,14.057204246520996
7087,6.329999923706055,5.245100498199463
7088,21.780000686645508,21.457027435302734
7089,30.75,30.523578643798828
7090,13.8100004196167,12.787346839904785
7091,47.0,45.94903564453125
7092,11.460000038146973,9.8736572265625
7093,38.29999923706055,36.714630126953125
7094,16.610000610351562,15.981412887573242
7095,6.420000076293945,5.269166946411133
7096,7.599999904632568,6.048973560333252
7097,1.0299999713897705,1.1659448146820068
7098,1.8300000429153442,1.489748477935791
7099,35.70000076293945,34.3170280456543
7100,28.049999237060547,26.972572326660156
7101,7.789999961853027,6.228174686431885
7102,47.849998474121094,47.26061248779297
7103,39.43000030517578,37.95562744140625
7104,4.760000228881836,3.555551052093506
7105,80.41999816894531,79.52000427246094
7106,11.430000305175781,10.72091007232666
7107,18.18000030517578,17.758047103881836
7108,19.729999542236328,18.44039535522461
7109,8.819999694824219,7.71725606918335
7110,46.619998931884766,43.8107795715332
7111,53.58000183105469,52.2802734375
7112,37.40999984741211,35.736793518066406
7113,8.529999732971191,7.578068733215332
7114,2.380000114440918,2.0693273544311523
7115,25.010000228881836,24.203950881958008
7116,32.02000045776367,30.751630783081055
7117,63.04999923706055,61.618492126464844
7118,13.680000305175781,12.957345962524414
7119,78.30000305175781,76.76106262207031
7120,14.609999656677246,14.273604393005371
7121,34.63999938964844,34.296085357666016
7122,10.329999923706055,9.581514358520508
7123,53.290000915527344,53.936614990234375
7124,43.439998626708984,42.005924224853516
7125,50.689998626708984,46.69346618652344
7126,27.420000076293945,26.68867301940918
7127,5.400000095367432,4.171530723571777
7128,15.920000076293945,14.952835083007812
7129,28.739999771118164,27.589019775390625
7130,18.059999465942383,17.34469223022461
7131,5.429999828338623,3.767063856124878
7132,49.16999816894531,45.008174896240234
7133,47.79999923706055,46.0355110168457
7134,14.479999542236328,13.723845481872559
7135,59.959999084472656,58.24140548706055
7136,41.5099983215332,39.78139114379883
7137,37.20000076293945,35.56618881225586
7138,34.459999084472656,33.40972900390625
7139,21.010000228881836,20.796680450439453
7140,23.649999618530273,22.5070743560791
7141,44.54999923706055,43.39211654663086
7142,50.83000183105469,48.875633239746094
7143,13.449999809265137,13.288150787353516
7144,31.920000076293945,30.475997924804688
7145,12.25,10.85794448852539
7146,54.0099983215332,52.30402374267578
7147,8.90999984741211,8.46853256225586
7148,12.329999923706055,11.511066436767578
7149,38.959999084472656,38.763980865478516
7150,28.209999084472656,27.837575912475586
7151,9.760000228881836,9.151909828186035
7152,19.600000381469727,19.234128952026367
7153,31.389999389648438,30.393959045410156
7154,20.8700008392334,20.390714645385742
7155,33.900001525878906,33.103363037109375
7156,61.2599983215332,59.42684555053711
7157,32.56999969482422,32.37736511230469
7158,4.800000190734863,3.1051762104034424
7159,33.2400016784668,31.97684097290039
7160,14.09000015258789,13.502802848815918
7161,7.070000171661377,4.953526496887207
7162,71.20999908447266,68.49700164794922
7163,48.540000915527344,47.26974105834961
7164,16.8799991607666,15.62706184387207
7165,32.689998626708984,30.98542594909668
7166,33.02000045776367,33.27005386352539
7167,50.959999084472656,49.152565002441406
7168,15.270000457763672,13.982375144958496
7169,55.77000045776367,53.663143157958984
7170,18.489999771118164,18.80965805053711
7171,11.739999771118164,11.594856262207031
7172,32.709999084472656,31.34207534790039
7173,52.61000061035156,49.78299331665039
7174,5.380000114440918,3.5453944206237793
7175,1.0800000429153442,1.5724693536758423
7176,21.030000686645508,19.72757339477539
7177,18.079999923706055,17.947587966918945
7178,30.260000228881836,28.891904830932617
7179,54.65999984741211,52.267234802246094
7180,38.439998626708984,38.273468017578125
7181,31.239999771118164,30.950881958007812
7182,26.139999389648438,24.87423324584961
7183,22.809999465942383,22.501182556152344
7184,14.930000305175781,14.40087604522705
7185,61.900001525878906,61.21792984008789
7186,58.38999938964844,54.5861930847168
7187,4.829999923706055,4.122259140014648
7188,44.560001373291016,43.68428421020508
7189,28.190000534057617,26.769756317138672
7190,30.520000457763672,28.36366081237793
7191,60.099998474121094,60.24224090576172
7192,34.27000045776367,33.053836822509766
7193,45.290000915527344,44.83993148803711
7194,20.579999923706055,19.77608299255371
7195,26.489999771118164,24.874252319335938
7196,44.029998779296875,43.85812759399414
7197,30.3799991607666,31.013654708862305
7198,17.459999084472656,16.712560653686523
7199,5.159999847412109,3.774972438812256
7200,43.470001220703125,40.634735107421875
7201,28.440000534057617,27.497840881347656
7202,1.690000057220459,1.2572370767593384
7203,35.540000915527344,34.47648239135742
7204,20.920000076293945,21.09145736694336
7205,16.190000534057617,15.969625473022461
7206,14.140000343322754,13.947829246520996
7207,69.16000366210938,66.70207214355469
7208,14.170000076293945,13.155458450317383
7209,27.65999984741211,25.688051223754883
7210,26.84000015258789,26.756330490112305
7211,23.84000015258789,22.169275283813477
7212,2.119999885559082,1.7886099815368652
7213,23.18000030517578,23.1500301361084
7214,48.9900016784668,48.6182746887207
7215,35.400001525878906,34.8513298034668
7216,32.220001220703125,30.503036499023438
7217,18.3799991607666,17.729690551757812
7218,24.610000610351562,24.45918083190918
7219,14.630000114440918,13.625069618225098
7220,7.599999904632568,6.855339050292969
7221,43.869998931884766,41.366058349609375
7222,27.09000015258789,25.969833374023438
7223,6.940000057220459,6.673548221588135
7224,51.08000183105469,49.87660217285156
7225,17.420000076293945,17.227338790893555
7226,24.40999984741211,22.64581871032715
7227,3.490000009536743,2.5976221561431885
7228,18.110000610351562,16.87346649169922
7229,19.68000030517578,18.520456314086914
7230,1.4800000190734863,2.9013867378234863
7231,20.829999923706055,19.842395782470703
7232,45.41999816894531,46.0767822265625
7233,6.260000228881836,5.287636756896973
7234,1.3600000143051147,2.115795135498047
7235,36.63999938964844,35.81911087036133
7236,24.040000915527344,23.386735916137695
7237,22.989999771118164,22.49469757080078
7238,26.469999313354492,25.86474609375
7239,40.25,39.453128814697266
7240,14.460000038146973,14.082772254943848
7241,2.990000009536743,2.182220935821533
7242,33.75,32.37500762939453
7243,39.5099983215332,38.12825012207031
7244,12.850000381469727,12.23369312286377
7245,42.41999816894531,41.82136154174805
7246,36.75,36.2616081237793
7247,45.40999984741211,45.39189529418945
7248,50.90999984741211,49.85098648071289
7249,27.6299991607666,26.819942474365234
7250,32.77000045776367,31.771467208862305
7251,5.570000171661377,4.472995758056641
7252,28.229999542236328,26.94933319091797
7253,34.2599983215332,33.190391540527344
7254,60.59000015258789,59.13900375366211
7255,11.449999809265137,10.257328987121582
7256,16.209999084472656,15.541275024414062
7257,49.040000915527344,47.756961822509766
7258,37.02000045776367,35.21967697143555
7259,48.95000076293945,47.501468658447266
7260,49.84000015258789,48.52424621582031
7261,19.219999313354492,18.39483642578125
7262,19.75,18.661216735839844
7263,22.790000915527344,21.864133834838867
7264,37.040000915527344,37.52372360229492
7265,26.700000762939453,25.544076919555664
7266,25.170000076293945,23.734638214111328
7267,67.7300033569336,65.49620056152344
7268,42.040000915527344,41.3437385559082
7269,8.930000305175781,7.909579753875732
7270,41.959999084472656,40.481101989746094
7271,14.029999732971191,13.157041549682617
7272,31.360000610351562,31.61151885986328
7273,9.729999542236328,8.185035705566406
7274,15.520000457763672,14.52318286895752
7275,10.470000267028809,9.515101432800293
7276,8.119999885559082,6.83945369720459
7277,52.560001373291016,49.62236022949219
7278,42.91999816894531,41.68782424926758
7279,55.029998779296875,52.85493087768555
7280,29.170000076293945,28.939388275146484
7281,18.68000030517578,18.352025985717773
7282,21.40999984741211,20.253089904785156
7283,52.220001220703125,50.98716354370117
7284,16.200000762939453,15.763887405395508
7285,15.510000228881836,14.810304641723633
7286,30.139999389648438,29.7114315032959
7287,24.100000381469727,23.821165084838867
7288,44.380001068115234,43.49870300292969
7289,11.859999656677246,10.885538101196289
7290,28.940000534057617,29.266464233398438
7291,19.59000015258789,18.78656005859375
7292,47.58000183105469,47.01323699951172
7293,30.780000686645508,31.09861183166504
7294,45.709999084472656,42.6107177734375
7295,46.95000076293945,44.84359359741211
7296,67.2300033569336,66.79583740234375
7297,6.71999979019165,5.357375621795654
7298,22.350000381469727,21.162555694580078
7299,23.56999969482422,22.380985260009766
7300,13.880000114440918,12.487953186035156
7301,5.610000133514404,4.128187656402588
7302,47.5,46.83381652832031
7303,49.290000915527344,47.436466217041016
7304,24.719999313354492,23.826446533203125
7305,6.789999961853027,6.103522777557373
7306,12.550000190734863,11.962674140930176
7307,29.920000076293945,28.37868881225586
7308,21.690000534057617,20.244102478027344
7309,10.579999923706055,9.40761947631836
7310,39.45000076293945,37.56686782836914
7311,20.979999542236328,19.659297943115234
7312,15.140000343322754,14.151795387268066
7313,17.190000534057617,16.390888214111328
7314,44.439998626708984,43.761817932128906
7315,47.959999084472656,45.54273986816406
7316,24.829999923706055,24.276220321655273
7317,15.699999809265137,15.432106018066406
7318,31.15999984741211,30.101037979125977
7319,61.45000076293945,57.85947036743164
7320,12.600000381469727,11.768310546875
7321,21.25,20.395971298217773
7322,26.690000534057617,25.412260055541992
7323,5.809999942779541,4.027234077453613
7324,28.649999618530273,27.041868209838867
7325,18.520000457763672,17.702625274658203
7326,55.86000061035156,55.26407241821289
7327,38.47999954223633,36.88276672363281
7328,31.649999618530273,31.26997184753418
7329,53.130001068115234,50.58279800415039
7330,6.300000190734863,4.930056095123291
7331,33.7400016784668,32.2116813659668
7332,41.40999984741211,39.31026077270508
7333,14.149999618530273,13.402351379394531
7334,15.100000381469727,14.205153465270996
7335,64.58000183105469,63.90034866333008
7336,11.15999984741211,9.944568634033203
7337,25.440000534057617,24.808427810668945
7338,46.849998474121094,44.8270263671875
7339,62.68000030517578,59.62785720825195
7340,39.84000015258789,38.08230972290039
7341,13.520000457763672,12.961339950561523
7342,13.930000305175781,13.313369750976562
7343,48.0099983215332,47.05756759643555
7344,54.040000915527344,52.08271789550781
7345,43.02000045776367,42.958099365234375
7346,10.579999923706055,9.30764102935791
7347,41.38999938964844,39.73663330078125
7348,41.720001220703125,39.85206985473633
7349,14.34000015258789,13.524964332580566
7350,38.36000061035156,38.19778823852539
7351,54.810001373291016,53.153804779052734
7352,14.170000076293945,13.70960521697998
7353,27.350000381469727,25.73882293701172
7354,30.559999465942383,28.609323501586914
7355,40.540000915527344,38.9760856628418
7356,37.65999984741211,37.111515045166016
7357,30.049999237060547,29.49795913696289
7358,15.920000076293945,15.295717239379883
7359,16.1299991607666,15.367443084716797
7360,21.59000015258789,21.851648330688477
7361,13.9399995803833,12.919316291809082
7362,74.29000091552734,75.79113006591797
7363,18.969999313354492,18.12179946899414
7364,40.130001068115234,37.57327651977539
7365,19.780000686645508,18.321054458618164
7366,9.5600004196167,8.632019996643066
7367,37.0099983215332,37.403343200683594
7368,47.09000015258789,47.75693130493164
7369,5.429999828338623,3.9133260250091553
7370,41.06999969482422,39.8170166015625
7371,17.969999313354492,17.27328109741211
7372,34.349998474121094,33.6687126159668
7373,3.0299999713897705,1.764204502105713
7374,11.65999984741211,11.073972702026367
7375,24.139999389648438,23.096939086914062
7376,12.930000305175781,12.708525657653809
7377,9.619999885559082,9.29747200012207
7378,35.25,34.76852035522461
7379,60.16999816894531,58.307220458984375
7380,31.93000030517578,30.330320358276367
7381,54.52000045776367,53.14286422729492
7382,34.459999084472656,33.41798782348633
7383,11.260000228881836,9.92735767364502
7384,32.040000915527344,31.88318634033203
7385,69.69000244140625,69.13057708740234
7386,12.680000305175781,12.375371932983398
7387,46.68000030517578,44.940250396728516
7388,35.130001068115234,35.13571548461914
7389,27.299999237060547,27.209697723388672
7390,37.29999923706055,35.60490417480469
7391,27.229999542236328,26.612937927246094
7392,18.81999969482422,17.578737258911133
7393,11.449999809265137,10.971240997314453
7394,10.270000457763672,10.172082901000977
7395,33.56999969482422,32.10029983520508
7396,44.349998474121094,42.799930572509766
7397,8.710000038146973,7.5696940422058105
7398,28.479999542236328,27.445205688476562
7399,10.829999923706055,10.309643745422363
7400,46.099998474121094,46.54056167602539
7401,10.8100004196167,9.822457313537598
7402,5.349999904632568,3.812793254852295
7403,24.280000686645508,21.848478317260742
7404,20.190000534057617,19.98957061767578
7405,32.939998626708984,32.457298278808594
7406,14.359999656677246,13.91466236114502
7407,56.459999084472656,55.41416549682617
7408,26.690000534057617,25.482555389404297
7409,4.510000228881836,2.3175301551818848
7410,13.760000228881836,13.232027053833008
7411,33.970001220703125,32.485069274902344
7412,73.30999755859375,74.0278549194336
7413,9.470000267028809,8.63690185546875
7414,17.09000015258789,15.816925048828125
7415,22.25,21.42920684814453
7416,45.2400016784668,44.34050369262695
7417,27.389999389648438,26.973491668701172
7418,23.579999923706055,22.857017517089844
7419,57.900001525878906,58.37638473510742
7420,21.239999771118164,19.542179107666016
7421,44.36000061035156,43.43271255493164
7422,32.15999984741211,30.76593017578125
7423,14.649999618530273,13.847271919250488
7424,59.9900016784668,59.114444732666016
7425,10.470000267028809,10.124845504760742
7426,49.459999084472656,46.99656295776367
7427,21.700000762939453,19.94918441772461
7428,42.68000030517578,43.10456848144531
7429,18.0,16.850189208984375
7430,30.559999465942383,29.93418312072754
7431,37.029998779296875,36.08254623413086
7432,9.930000305175781,9.446747779846191
7433,15.989999771118164,15.61849594116211
7434,4.480000019073486,3.380587339401245
7435,25.239999771118164,24.585596084594727
7436,23.489999771118164,22.112016677856445
7437,7.96999979019165,7.035097122192383
7438,9.859999656677246,8.929713249206543
7439,21.329999923706055,20.1759033203125
7440,9.90999984741211,8.853738784790039
7441,31.510000228881836,30.1688175201416
7442,43.369998931884766,43.80723190307617
7443,29.100000381469727,27.02328109741211
7444,9.149999618530273,7.455949306488037
7445,49.130001068115234,48.20362091064453
7446,28.329999923706055,26.746912002563477
7447,41.060001373291016,39.529144287109375
7448,16.829999923706055,15.645565032958984
7449,50.97999954223633,50.279991149902344
7450,16.770000457763672,15.953557968139648
7451,3.819999933242798,2.9720020294189453
7452,37.790000915527344,37.18148422241211
7453,15.390000343322754,14.153361320495605
7454,8.279999732971191,7.270400524139404
7455,1.059999942779541,1.571694254875183
7456,54.029998779296875,53.057464599609375
7457,26.950000762939453,24.963184356689453
7458,47.20000076293945,47.074676513671875
7459,16.299999237060547,15.790973663330078
7460,11.770000457763672,10.880630493164062
7461,24.84000015258789,23.72522735595703
7462,14.170000076293945,13.574275016784668
7463,20.670000076293945,19.923851013183594
7464,11.279999732971191,9.656977653503418
7465,4.980000019073486,3.6615757942199707
7466,53.18000030517578,53.39652633666992
7467,32.72999954223633,32.01292037963867
7468,54.849998474121094,55.541988372802734
7469,8.390000343322754,6.7976460456848145
7470,38.15999984741211,37.85193634033203
7471,21.940000534057617,21.1475830078125
7472,70.58999633789062,67.8824691772461
7473,21.280000686645508,20.39649200439453
7474,6.599999904632568,6.004556655883789
7475,12.350000381469727,12.011617660522461
7476,16.68000030517578,15.973529815673828
7477,70.83999633789062,70.42451477050781
7478,34.310001373291016,32.70998001098633
7479,44.52000045776367,42.386905670166016
7480,27.270000457763672,26.45173454284668
7481,1.3700000047683716,1.4893330335617065
7482,32.849998474121094,31.187475204467773
7483,7.130000114440918,5.005665302276611
7484,30.799999237060547,30.17535972595215
7485,21.219999313354492,19.74799346923828
7486,17.3700008392334,16.517303466796875
7487,25.440000534057617,24.813549041748047
7488,5.380000114440918,4.368298530578613
7489,6.929999828338623,7.1756672859191895
7490,29.540000915527344,27.6750431060791
7491,12.0,11.246879577636719
7492,24.450000762939453,24.149532318115234
7493,8.680000305175781,7.7660675048828125
7494,21.610000610351562,20.52737808227539
7495,46.849998474121094,44.57065963745117
7496,21.350000381469727,20.55682373046875
7497,23.8700008392334,22.36852264404297
7498,31.84000015258789,30.557043075561523
7499,36.790000915527344,35.34885025024414
7500,14.229999542236328,13.90219783782959
7501,16.59000015258789,15.894327163696289
7502,40.29999923706055,38.550262451171875
7503,18.420000076293945,18.356487274169922
7504,67.88999938964844,64.64977264404297
7505,11.470000267028809,11.117761611938477
7506,14.510000228881836,14.486681938171387
7507,30.56999969482422,28.934947967529297
7508,46.880001068115234,45.663536071777344
7509,37.959999084472656,36.23292922973633
7510,2.3499999046325684,1.664107084274292
7511,50.150001525878906,47.96238327026367
7512,52.75,51.00503158569336
7513,58.9900016784668,57.036441802978516
7514,21.75,20.186782836914062
7515,28.059999465942383,27.829593658447266
7516,17.1299991607666,16.1646785736084
7517,33.63999938964844,32.21147537231445
7518,38.439998626708984,36.73247146606445
7519,25.90999984741211,25.826583862304688
7520,79.75,77.9328384399414
7521,5.03000020980835,4.086321830749512
7522,15.819999694824219,14.324530601501465
7523,13.329999923706055,13.074455261230469
7524,35.2400016784668,34.72218704223633
7525,9.729999542236328,7.631558418273926
7526,28.56999969482422,27.317943572998047
7527,29.770000457763672,28.299325942993164
7528,38.9900016784668,38.384822845458984
7529,56.689998626708984,53.99553680419922
7530,15.0,15.05183219909668
7531,12.279999732971191,11.007142066955566
7532,43.58000183105469,41.633365631103516
7533,51.4900016784668,50.81856155395508
7534,10.039999961853027,9.876235961914062
7535,15.890000343322754,14.724458694458008
7536,29.280000686645508,27.521194458007812
7537,24.06999969482422,23.156978607177734
7538,34.20000076293945,33.06291198730469
7539,23.31999969482422,21.488231658935547
7540,24.75,23.157913208007812
7541,31.549999237060547,30.42540740966797
7542,44.560001373291016,44.02371597290039
7543,5.179999828338623,4.302595615386963
7544,36.189998626708984,35.55733108520508
7545,30.3799991607666,29.640153884887695
7546,54.86000061035156,54.3637809753418
7547,19.579999923706055,18.49994659423828
7548,31.579999923706055,30.99484634399414
7549,12.010000228881836,11.211763381958008
7550,15.079999923706055,13.788508415222168
7551,27.639999389648438,26.895599365234375
7552,46.119998931884766,46.360782623291016
7553,27.610000610351562,25.5292911529541
7554,24.450000762939453,24.48349380493164
7555,18.149999618530273,16.943832397460938
7556,10.989999771118164,10.427006721496582
7557,29.420000076293945,27.919097900390625
7558,43.90999984741211,42.31648254394531
7559,6.639999866485596,5.79839563369751
7560,25.559999465942383,24.161216735839844
7561,29.850000381469727,28.576921463012695
7562,35.279998779296875,34.37226486206055
7563,49.630001068115234,47.22202682495117
7564,71.94000244140625,70.3097152709961
7565,14.649999618530273,14.2283296585083
7566,19.989999771118164,19.089942932128906
7567,53.40999984741211,52.142826080322266
7568,8.050000190734863,6.751204013824463
7569,9.270000457763672,8.377411842346191
7570,10.699999809265137,9.703144073486328
7571,52.970001220703125,51.53227615356445
7572,65.83000183105469,66.13617706298828
7573,48.91999816894531,46.63313674926758
7574,51.86000061035156,49.018123626708984
7575,24.3799991607666,23.840713500976562
7576,8.640000343322754,7.882552623748779
7577,46.72999954223633,45.137184143066406
7578,13.640000343322754,12.75736141204834
7579,9.220000267028809,7.945574760437012
7580,24.530000686645508,23.62445640563965
7581,21.190000534057617,20.003833770751953
7582,33.119998931884766,31.431455612182617
7583,26.270000457763672,25.246328353881836
7584,5.150000095367432,4.164596080780029
7585,42.22999954223633,40.83612823486328
7586,46.720001220703125,44.811195373535156
7587,12.460000038146973,12.402572631835938
7588,19.56999969482422,18.42278480529785
7589,61.11000061035156,58.718326568603516
7590,10.010000228881836,8.70104694366455
7591,28.940000534057617,29.000259399414062
7592,24.8799991607666,23.98088836669922
7593,49.189998626708984,48.2698974609375
7594,15.0600004196167,13.879508018493652
7595,54.63999938964844,52.508140563964844
7596,53.93000030517578,52.54835891723633
7597,27.899999618530273,27.04650115966797
7598,49.2400016784668,49.369407653808594
7599,18.719999313354492,18.322784423828125
7600,6.409999847412109,5.614953994750977
7601,15.5600004196167,14.517727851867676
7602,24.59000015258789,23.647918701171875
7603,29.040000915527344,28.47052001953125
7604,35.7599983215332,33.764312744140625
7605,27.709999084472656,27.88433074951172
7606,26.549999237060547,25.25043487548828
7607,19.530000686645508,19.46082305908203
7608,16.8799991607666,15.701929092407227
7609,29.280000686645508,27.546939849853516
7610,17.25,16.62405014038086
7611,21.959999084472656,20.909957885742188
7612,13.470000267028809,13.326677322387695
7613,37.970001220703125,37.703067779541016
7614,24.329999923706055,23.437652587890625
7615,5.059999942779541,4.179818630218506
7616,3.9200000762939453,1.9799195528030396
7617,31.959999084472656,30.27054786682129
7618,24.170000076293945,24.313676834106445
7619,51.75,50.33491134643555
7620,33.689998626708984,33.28510665893555
7621,68.2699966430664,66.25011444091797
7622,32.400001525878906,31.166231155395508
7623,16.670000076293945,16.846769332885742
7624,27.3799991607666,26.061779022216797
7625,52.2400016784668,50.32401657104492
7626,26.719999313354492,25.89605140686035
7627,34.91999816894531,33.51704025268555
7628,23.75,23.83966827392578
7629,19.459999084472656,18.450801849365234
7630,8.380000114440918,7.882687568664551
7631,51.099998474121094,50.53025436401367
7632,44.810001373291016,43.7868537902832
7633,41.7400016784668,41.4343376159668
7634,28.860000610351562,28.05453109741211
7635,6.210000038146973,5.716062545776367
7636,64.08000183105469,64.66006469726562
7637,39.540000915527344,38.9157829284668
7638,52.66999816894531,50.38401794433594
7639,19.920000076293945,18.81460952758789
7640,45.81999969482422,44.772403717041016
7641,78.20999908447266,69.35910034179688
7642,21.940000534057617,20.785873413085938
7643,27.649999618530273,27.39759063720703
7644,53.65999984741211,52.6374626159668
7645,7.079999923706055,6.147851943969727
7646,34.630001068115234,34.21992111206055
7647,19.799999237060547,19.43984603881836
7648,50.41999816894531,48.167476654052734
7649,55.959999084472656,53.3529167175293
7650,20.030000686645508,19.159988403320312
7651,13.84000015258789,13.10041618347168
7652,11.59000015258789,10.998361587524414
7653,15.550000190734863,15.203227996826172
7654,27.389999389648438,27.578840255737305
7655,72.11000061035156,69.59497833251953
7656,8.770000457763672,7.6311140060424805
7657,52.79999923706055,50.19245529174805
7658,9.680000305175781,8.324848175048828
7659,37.220001220703125,36.3223991394043
7660,9.75,8.936979293823242
7661,5.579999923706055,4.219871520996094
7662,10.239999771118164,10.090898513793945
7663,42.380001068115234,41.96943664550781
7664,15.210000038146973,14.232821464538574
7665,12.930000305175781,11.9942045211792
7666,38.31999969482422,37.283790588378906
7667,10.960000038146973,9.346900939941406
7668,33.40999984741211,31.95029640197754
7669,33.2599983215332,31.772430419921875
7670,37.220001220703125,35.1424560546875
7671,22.309999465942383,21.310680389404297
7672,12.649999618530273,12.096975326538086
7673,27.18000030517578,26.066883087158203
7674,43.11000061035156,43.28628158569336
7675,31.139999389648438,30.4405517578125
7676,20.139999389648438,18.82158088684082
7677,24.479999542236328,22.772987365722656
7678,25.209999084472656,23.903499603271484
7679,55.470001220703125,52.32455825805664
7680,23.399999618530273,22.453920364379883
7681,25.1299991607666,24.12272834777832
7682,46.939998626708984,46.16449737548828
7683,38.88999938964844,38.389102935791016
7684,55.869998931884766,55.064125061035156
7685,57.91999816894531,56.468894958496094
7686,16.90999984741211,15.737506866455078
7687,41.900001525878906,37.82101821899414
7688,25.209999084472656,24.46420669555664
7689,24.389999389648438,22.664794921875
7690,62.20000076293945,60.716896057128906
7691,19.270000457763672,18.3487548828125
7692,34.470001220703125,33.60441970825195
7693,18.06999969482422,17.692922592163086
7694,34.41999816894531,33.591793060302734
7695,8.5600004196167,7.668568134307861
7696,10.550000190734863,9.412202835083008
7697,13.670000076293945,13.384746551513672
7698,10.9399995803833,10.926835060119629
7699,2.549999952316284,1.384277582168579
7700,8.739999771118164,7.499527454376221
7701,53.689998626708984,52.491397857666016
7702,30.270000457763672,29.133317947387695
7703,24.84000015258789,23.95111656188965
7704,53.900001525878906,53.08175277709961
7705,10.430000305175781,8.931151390075684
7706,30.450000762939453,28.95039939880371
7707,5.110000133514404,3.5603997707366943
7708,35.810001373291016,34.721622467041016
7709,31.610000610351562,31.64093780517578
7710,23.0,22.20531463623047
7711,45.72999954223633,44.65456771850586
7712,17.100000381469727,15.897062301635742
7713,24.15999984741211,23.10706901550293
7714,41.84000015258789,42.21725845336914
7715,29.110000610351562,28.05644989013672
7716,15.869999885559082,15.47838020324707
7717,70.43000030517578,68.29227447509766
7718,18.850000381469727,18.150930404663086
7719,17.940000534057617,17.49254608154297
7720,3.3499999046325684,2.18475341796875
7721,45.189998626708984,44.983154296875
7722,10.550000190734863,8.560891151428223
7723,8.420000076293945,7.319395542144775
7724,51.380001068115234,49.360984802246094
7725,30.8799991607666,29.842580795288086
7726,36.27000045776367,35.363922119140625
7727,19.700000762939453,19.575563430786133
7728,8.569999694824219,7.460231781005859
7729,22.459999084472656,21.631723403930664
7730,23.549999237060547,21.93239974975586
7731,8.119999885559082,7.206615447998047
7732,39.40999984741211,37.163997650146484
7733,21.1299991607666,19.65711212158203
7734,48.279998779296875,47.43532180786133
7735,40.58000183105469,40.24568557739258
7736,14.5600004196167,13.440704345703125
7737,8.289999961853027,6.313747882843018
7738,7.139999866485596,6.639896392822266
7739,41.939998626708984,40.21505355834961
7740,7.510000228881836,6.526034832000732
7741,70.3499984741211,69.93268585205078
7742,68.5199966430664,64.8731460571289
7743,37.130001068115234,36.48702621459961
7744,26.190000534057617,24.683000564575195
7745,2.8299999237060547,2.0142643451690674
7746,54.0,53.85162353515625
7747,39.279998779296875,37.9909553527832
7748,24.469999313354492,23.910064697265625
7749,3.3399999141693115,2.1437907218933105
7750,34.630001068115234,34.24102020263672
7751,16.520000457763672,15.960636138916016
7752,68.20999908447266,69.36771392822266
7753,52.02000045776367,51.450218200683594
7754,63.279998779296875,64.34982299804688
7755,23.700000762939453,22.382282257080078
7756,36.02000045776367,34.30898666381836
7757,9.960000038146973,8.362183570861816
7758,27.84000015258789,27.031858444213867
7759,23.760000228881836,22.054906845092773
7760,10.279999732971191,9.604571342468262
7761,29.200000762939453,28.442380905151367
7762,50.61000061035156,49.41252517700195
7763,6.369999885559082,5.612280368804932
7764,24.93000030517578,24.226572036743164
7765,34.88999938964844,34.244659423828125
7766,30.1299991607666,30.048547744750977
7767,7.340000152587891,6.437164783477783
7768,25.950000762939453,26.083385467529297
7769,37.75,35.88469314575195
7770,14.170000076293945,13.273689270019531
7771,41.849998474121094,39.899078369140625
7772,23.020000457763672,22.190385818481445
7773,14.300000190734863,13.382196426391602
7774,16.950000762939453,16.761743545532227
7775,53.06999969482422,50.346187591552734
7776,37.06999969482422,37.05315017700195
7777,17.09000015258789,16.421707153320312
7778,28.559999465942383,28.54121971130371
7779,30.75,28.347028732299805
7780,8.399999618530273,7.585936546325684
7781,7.639999866485596,6.523251533508301
7782,22.899999618530273,22.164180755615234
7783,5.75,3.8103370666503906
7784,14.029999732971191,13.465594291687012
7785,30.979999542236328,29.762605667114258
7786,50.13999938964844,48.49761199951172
7787,64.66000366210938,67.49443054199219
7788,27.639999389648438,26.18547821044922
7789,9.600000381469727,8.51062297821045
7790,21.579999923706055,20.362689971923828
7791,10.399999618530273,9.085843086242676
7792,14.050000190734863,13.619513511657715
7793,19.030000686645508,17.772380828857422
7794,15.989999771118164,15.68596076965332
7795,47.38999938964844,45.805564880371094
7796,12.3100004196167,11.892653465270996
7797,23.809999465942383,23.275266647338867
7798,50.459999084472656,48.088470458984375
7799,12.279999732971191,11.46851634979248
7800,4.139999866485596,3.1450233459472656
7801,13.279999732971191,12.381685256958008
7802,29.309999465942383,27.945472717285156
7803,20.079999923706055,19.452306747436523
7804,37.93000030517578,36.9426155090332
7805,50.220001220703125,49.67900466918945
7806,18.489999771118164,17.701175689697266
7807,27.489999771118164,27.088497161865234
7808,21.43000030517578,20.918893814086914
7809,21.110000610351562,20.19944190979004
7810,40.40999984741211,37.91761016845703
7811,48.7400016784668,47.82341766357422
7812,30.3700008392334,29.19866371154785
7813,21.0,20.874866485595703
7814,36.02000045776367,36.84658432006836
7815,35.84000015258789,36.057186126708984
7816,14.010000228881836,13.480509757995605
7817,21.56999969482422,20.75165557861328
7818,14.0,13.821341514587402
7819,32.119998931884766,30.231700897216797
7820,56.459999084472656,55.49381637573242
7821,30.190000534057617,28.291467666625977
7822,52.56999969482422,50.08977508544922
7823,49.029998779296875,48.755428314208984
7824,9.890000343322754,9.384061813354492
7825,30.719999313354492,29.811513900756836
7826,58.869998931884766,59.556766510009766
7827,10.460000038146973,9.906854629516602
7828,28.780000686645508,27.844074249267578
7829,73.45999908447266,72.0269546508789
7830,28.829999923706055,27.4346923828125
7831,15.930000305175781,14.992391586303711
7832,48.040000915527344,44.848812103271484
7833,23.510000228881836,22.440105438232422
7834,22.31999969482422,20.83059310913086
7835,25.670000076293945,24.726226806640625
7836,4.519999980926514,3.4467337131500244
7837,24.149999618530273,22.545833587646484
7838,57.54999923706055,54.9664192199707
7839,23.09000015258789,21.63427734375
7840,39.11000061035156,38.2305793762207
7841,22.489999771118164,21.939655303955078
7842,32.11000061035156,30.730754852294922
7843,33.720001220703125,31.774049758911133
7844,6.239999771118164,5.337298393249512
7845,24.860000610351562,23.64642906188965
7846,76.69999694824219,73.79507446289062
7847,37.130001068115234,37.00151062011719
7848,23.790000915527344,22.363086700439453
7849,29.389999389648438,27.918691635131836
7850,27.649999618530273,25.439945220947266
7851,17.190000534057617,16.784074783325195
7852,5.03000020980835,3.261214017868042
7853,16.899999618530273,16.05265998840332
7854,76.69999694824219,77.85839080810547
7855,15.6899995803833,14.403168678283691
7856,71.5,72.72749328613281
7857,24.520000457763672,23.780349731445312
7858,28.40999984741211,27.377685546875
7859,46.790000915527344,45.632198333740234
7860,52.04999923706055,50.75162124633789
7861,45.630001068115234,45.14561462402344
7862,30.219999313354492,29.161792755126953
7863,17.56999969482422,16.589384078979492
7864,40.97999954223633,39.910865783691406
7865,32.77000045776367,32.55938720703125
7866,7.550000190734863,6.702239036560059
7867,29.760000228881836,28.814788818359375
7868,72.13999938964844,70.5705337524414
7869,12.899999618530273,11.366260528564453
7870,2.7200000286102295,2.3233237266540527
7871,27.600000381469727,26.870845794677734
7872,5.789999961853027,5.656293869018555
7873,70.25,71.33248138427734
7874,39.83000183105469,38.718143463134766
7875,12.5,11.251792907714844
7876,23.760000228881836,22.926748275756836
7877,31.600000381469727,30.431110382080078
7878,33.290000915527344,33.28322219848633
7879,26.700000762939453,25.114656448364258
7880,30.5,29.475393295288086
7881,10.59000015258789,9.164434432983398
7882,35.040000915527344,34.03657150268555
7883,32.810001373291016,32.836944580078125
7884,63.029998779296875,60.64850997924805
7885,50.29999923706055,48.8182487487793
7886,49.02000045776367,48.485076904296875
7887,10.520000457763672,9.962210655212402
7888,8.75,7.338858604431152
7889,19.1200008392334,18.9274959564209
7890,29.770000457763672,29.244258880615234
7891,20.6299991607666,20.075714111328125
7892,43.540000915527344,43.23580551147461
7893,15.239999771118164,14.28244686126709
7894,14.649999618530273,14.480284690856934
7895,46.93000030517578,45.585899353027344
7896,48.08000183105469,46.05249786376953
7897,24.469999313354492,23.285985946655273
7898,15.989999771118164,15.60507583618164
7899,1.840000033378601,1.6306920051574707
7900,13.779999732971191,12.74863338470459
7901,71.75,71.08377075195312
7902,19.280000686645508,18.749704360961914
7903,42.56999969482422,41.982906341552734
7904,45.150001525878906,44.66252517700195
7905,51.130001068115234,48.91056823730469
7906,57.959999084472656,53.794620513916016
7907,31.219999313354492,30.10618782043457
7908,47.16999816894531,46.775794982910156
7909,10.149999618530273,9.340160369873047
7910,53.16999816894531,50.52926254272461
7911,20.81999969482422,20.724159240722656
7912,25.75,24.366321563720703
7913,5.53000020980835,4.512732982635498
7914,51.93000030517578,51.29420852661133
7915,43.650001525878906,43.30593490600586
7916,22.579999923706055,20.84288787841797
7917,13.239999771118164,12.636853218078613
7918,35.970001220703125,36.242855072021484
7919,40.61000061035156,39.13233184814453
7920,4.21999979019165,2.9294021129608154
7921,56.22999954223633,55.31901931762695
7922,12.460000038146973,11.620051383972168
7923,22.290000915527344,20.84197998046875
7924,35.45000076293945,33.538875579833984
7925,37.43000030517578,35.88819122314453
7926,13.359999656677246,13.108423233032227
7927,27.5,26.384845733642578
7928,8.880000114440918,7.57676362991333
7929,22.209999084472656,21.261106491088867
7930,11.979999542236328,11.253400802612305
7931,20.459999084472656,19.51645278930664
7932,23.559999465942383,23.032949447631836
7933,46.34000015258789,45.9029426574707
7934,16.059999465942383,15.660835266113281
7935,53.630001068115234,52.15280532836914
7936,14.119999885559082,13.580527305603027
7937,7.550000190734863,5.9256181716918945
7938,34.47999954223633,33.44521713256836
7939,31.600000381469727,30.981952667236328
7940,31.09000015258789,30.178499221801758
7941,6.599999904632568,5.356420516967773
7942,69.9000015258789,67.26338958740234
7943,21.770000457763672,21.319610595703125
7944,34.29999923706055,32.50387191772461
7945,37.65999984741211,36.48018264770508
7946,17.549999237060547,16.809770584106445
7947,30.56999969482422,28.59422492980957
7948,9.119999885559082,8.239567756652832
7949,26.59000015258789,26.348756790161133
7950,22.299999237060547,21.293115615844727
7951,29.1200008392334,27.45292854309082
7952,2.140000104904175,1.792779803276062
7953,32.5,32.01803970336914
7954,31.709999084472656,30.83230209350586
7955,31.200000762939453,31.069976806640625
7956,8.289999961853027,7.511407375335693
7957,25.559999465942383,23.58518409729004
7958,24.1200008392334,23.837230682373047
7959,17.770000457763672,17.429874420166016
7960,11.760000228881836,11.190814971923828
7961,30.860000610351562,29.85026741027832
7962,29.8799991607666,28.467660903930664
7963,28.350000381469727,27.507829666137695
7964,10.5600004196167,10.080245971679688
7965,20.229999542236328,19.59884262084961
7966,40.77000045776367,40.11283493041992
7967,36.45000076293945,35.40520095825195
7968,8.619999885559082,8.0370512008667
7969,36.52000045776367,36.80226516723633
7970,23.280000686645508,21.459552764892578
7971,4.699999809265137,3.0767900943756104
7972,13.09000015258789,12.594095230102539
7973,47.08000183105469,46.75997543334961
7974,49.68000030517578,49.18997573852539
7975,42.84000015258789,40.46528625488281
7976,28.709999084472656,28.654298782348633
7977,42.099998474121094,39.65827560424805
7978,19.969999313354492,18.913265228271484
7979,43.31999969482422,42.36988830566406
7980,41.869998931884766,41.737815856933594
7981,50.7599983215332,50.064476013183594
7982,10.470000267028809,9.43649673461914
7983,23.31999969482422,22.804180145263672
7984,27.510000228881836,26.82801628112793
7985,27.780000686645508,26.27086067199707
7986,9.630000114440918,8.583486557006836
7987,16.8799991607666,16.393390655517578
7988,23.979999542236328,22.49312400817871
7989,14.350000381469727,13.546040534973145
7990,37.310001373291016,36.454994201660156
7991,2.0299999713897705,1.1885663270950317
7992,11.1899995803833,10.544038772583008
7993,28.899999618530273,27.767505645751953
7994,36.83000183105469,36.27571487426758
7995,16.90999984741211,16.025474548339844
7996,13.289999961853027,12.777560234069824
7997,15.9399995803833,15.314336776733398
7998,59.2400016784668,60.69460678100586
7999,12.239999771118164,12.374561309814453
8000,21.350000381469727,20.497501373291016
8001,25.75,25.06332015991211
8002,49.06999969482422,47.89297866821289
8003,12.09000015258789,11.00011157989502
8004,6.980000019073486,5.668768405914307
8005,26.829999923706055,25.642385482788086
8006,24.90999984741211,24.772851943969727
8007,2.990000009536743,2.1480302810668945
8008,23.469999313354492,22.564390182495117
8009,10.90999984741211,10.413366317749023
8010,5.869999885559082,4.512905120849609
8011,20.25,18.508371353149414
8012,30.09000015258789,28.18545150756836
8013,68.9800033569336,66.59148406982422
8014,27.8700008392334,27.36260986328125
8015,40.970001220703125,39.321170806884766
8016,55.7400016784668,52.67702102661133
8017,40.52000045776367,40.03767776489258
8018,2.740000009536743,1.6868458986282349
8019,42.58000183105469,41.37929916381836
8020,37.70000076293945,36.59407043457031
8021,35.060001373291016,35.26535415649414
8022,26.260000228881836,25.471956253051758
8023,34.27000045776367,33.2873420715332
8024,69.33999633789062,70.32049560546875
8025,8.520000457763672,7.849781513214111
8026,39.65999984741211,39.11227798461914
8027,53.13999938964844,49.63156509399414
8028,53.040000915527344,54.32310485839844
8029,40.650001525878906,39.7819709777832
8030,36.0,36.62440490722656
8031,49.560001373291016,48.483272552490234
8032,14.40999984741211,13.493575096130371
8033,44.61000061035156,44.849037170410156
8034,28.84000015258789,27.401052474975586
8035,45.880001068115234,44.44706726074219
8036,15.960000038146973,14.788955688476562
8037,59.209999084472656,57.58298873901367
8038,16.809999465942383,16.328659057617188
8039,18.549999237060547,17.59954833984375
8040,23.059999465942383,22.15205192565918
8041,19.860000610351562,19.300477981567383
8042,20.110000610351562,19.929256439208984
8043,15.8100004196167,14.730391502380371
8044,19.200000762939453,17.80756950378418
8045,10.970000267028809,10.419487953186035
8046,17.559999465942383,16.776647567749023
8047,25.8700008392334,24.546985626220703
8048,48.5,47.245025634765625
8049,32.880001068115234,32.47964859008789
8050,12.0,11.73770523071289
8051,12.739999771118164,12.395380020141602
8052,21.399999618530273,19.83090591430664
8053,14.9399995803833,14.324799537658691
8054,8.930000305175781,7.547377109527588
8055,8.920000076293945,8.529850959777832
8056,8.430000305175781,7.558239936828613
8057,42.810001373291016,41.29050064086914
8058,28.950000762939453,28.495929718017578
8059,20.90999984741211,20.386890411376953
8060,24.68000030517578,23.551734924316406
8061,25.850000381469727,25.338815689086914
8062,52.13999938964844,51.4091796875
8063,7.139999866485596,5.969738483428955
8064,40.54999923706055,40.055152893066406
8065,14.130000114440918,12.925353050231934
8066,13.279999732971191,13.010496139526367
8067,39.310001373291016,38.909576416015625
8068,12.329999923706055,12.155271530151367
8069,11.40999984741211,10.47021484375
8070,33.15999984741211,32.31487274169922
8071,10.460000038146973,9.197179794311523
8072,22.100000381469727,22.05879783630371
8073,51.54999923706055,48.248050689697266
8074,33.40999984741211,32.865055084228516
8075,43.900001525878906,42.685699462890625
8076,9.010000228881836,7.94987678527832
8077,39.61000061035156,39.181129455566406
8078,41.720001220703125,42.44648361206055
8079,7.559999942779541,6.608727931976318
8080,3.690000057220459,1.816604733467102
8081,14.670000076293945,13.348991394042969
8082,10.829999923706055,9.926241874694824
8083,10.529999732971191,9.066893577575684
8084,6.679999828338623,5.003749370574951
8085,13.569999694824219,12.661900520324707
8086,39.540000915527344,38.613426208496094
8087,7.820000171661377,5.966925621032715
8088,33.47999954223633,33.097957611083984
8089,8.729999542236328,8.091444969177246
8090,16.190000534057617,15.00694465637207
8091,22.610000610351562,20.73111343383789
8092,22.170000076293945,21.550840377807617
8093,58.869998931884766,55.97849655151367
8094,17.200000762939453,15.849885940551758
8095,22.040000915527344,21.516464233398438
8096,32.45000076293945,31.28404426574707
8097,16.719999313354492,15.016244888305664
8098,20.219999313354492,19.301376342773438
8099,72.80999755859375,68.69932556152344
8100,14.930000305175781,14.059575080871582
8101,39.290000915527344,38.25068664550781
8102,19.68000030517578,19.065082550048828
8103,21.8700008392334,21.183673858642578
8104,46.59000015258789,47.549591064453125
8105,43.790000915527344,40.90798568725586
8106,12.130000114440918,11.520267486572266
8107,23.5,23.232324600219727
8108,31.81999969482422,30.448974609375
8109,30.09000015258789,29.60468292236328
8110,10.1899995803833,9.421769142150879
8111,21.09000015258789,20.20989227294922
8112,16.90999984741211,15.491762161254883
8113,19.75,18.4663028717041
8114,10.100000381469727,9.561807632446289
8115,19.15999984741211,18.402099609375
8116,21.15999984741211,20.771127700805664
8117,19.579999923706055,18.72930145263672
8118,13.0600004196167,12.25873851776123
8119,4.420000076293945,3.333096504211426
8120,14.260000228881836,14.138264656066895
8121,41.72999954223633,40.293235778808594
8122,41.189998626708984,41.1008186340332
8123,13.59000015258789,12.715117454528809
8124,8.930000305175781,7.922954082489014
8125,43.029998779296875,42.93159103393555
8126,43.88999938964844,43.24055862426758
8127,17.860000610351562,17.168874740600586
8128,7.389999866485596,6.3504533767700195
8129,11.539999961853027,11.114044189453125
8130,20.239999771118164,20.111698150634766
8131,30.799999237060547,29.129209518432617
8132,25.93000030517578,24.69580841064453
8133,22.34000015258789,21.186084747314453
8134,12.989999771118164,12.371261596679688
8135,5.369999885559082,5.094006538391113
8136,58.470001220703125,58.00054168701172
8137,5.389999866485596,4.193887710571289
8138,29.059999465942383,28.35281753540039
8139,26.81999969482422,25.5180606842041
8140,28.65999984741211,26.799007415771484
8141,46.439998626708984,46.12044906616211
8142,6.210000038146973,5.29262638092041
8143,22.739999771118164,21.965984344482422
8144,21.360000610351562,19.976491928100586
8145,69.18000030517578,64.36597442626953
8146,3.2300000190734863,1.9705712795257568
8147,27.389999389648438,27.033369064331055
8148,20.260000228881836,19.477018356323242
8149,12.9399995803833,12.045074462890625
8150,10.739999771118164,9.635624885559082
8151,27.219999313354492,25.607969284057617
8152,17.34000015258789,17.230972290039062
8153,11.470000267028809,10.514101028442383
8154,33.720001220703125,32.874752044677734
8155,20.1299991607666,19.641387939453125
8156,12.569999694824219,12.087003707885742
8157,50.099998474121094,47.65439224243164
8158,3.559999942779541,1.9123146533966064
8159,25.579999923706055,24.039810180664062
8160,34.209999084472656,31.755901336669922
8161,3.7100000381469727,2.2955946922302246
8162,34.47999954223633,32.2722282409668
8163,24.520000457763672,23.797651290893555
8164,13.029999732971191,13.507742881774902
8165,38.209999084472656,36.723690032958984
8166,11.829999923706055,11.222227096557617
8167,14.039999961853027,13.147499084472656
8168,32.40999984741211,31.02669334411621
8169,23.489999771118164,21.608062744140625
8170,33.86000061035156,33.35585021972656
8171,52.459999084472656,49.50496292114258
8172,11.630000114440918,10.775093078613281
8173,42.77000045776367,40.79241943359375
8174,33.41999816894531,31.375356674194336
8175,24.309999465942383,22.183849334716797
8176,32.349998474121094,31.176692962646484
8177,42.029998779296875,40.89986038208008
8178,23.93000030517578,23.038122177124023
8179,12.779999732971191,12.68298625946045
8180,38.41999816894531,37.61977767944336
8181,8.119999885559082,7.035371780395508
8182,11.369999885559082,10.562024116516113
8183,17.239999771118164,17.149110794067383
8184,6.190000057220459,5.284050464630127
8185,22.600000381469727,21.36788558959961
8186,2.450000047683716,1.5954636335372925
8187,13.390000343322754,13.003427505493164
8188,34.439998626708984,33.838661193847656
8189,7.739999771118164,6.60526704788208
8190,23.399999618530273,22.82797622680664
8191,68.83999633789062,67.22078704833984
8192,27.6299991607666,27.313621520996094
8193,38.75,37.27839279174805
8194,36.88999938964844,36.301910400390625
8195,24.329999923706055,23.360294342041016
8196,27.59000015258789,25.994333267211914
8197,19.6200008392334,18.8641357421875
8198,13.420000076293945,12.598068237304688
8199,15.270000457763672,14.338639259338379
8200,49.130001068115234,47.90358352661133
8201,34.150001525878906,33.43486404418945
8202,35.77000045776367,35.38216781616211
8203,18.309999465942383,17.21882438659668
8204,36.5,35.40871047973633
8205,8.300000190734863,7.692878723144531
8206,18.639999389648438,17.746353149414062
8207,45.619998931884766,45.00358963012695
8208,24.229999542236328,23.10490608215332
8209,5.639999866485596,3.577178478240967
8210,63.97999954223633,60.153438568115234
8211,34.209999084472656,32.99252700805664
8212,19.610000610351562,19.14431381225586
8213,41.59000015258789,39.21906661987305
8214,37.97999954223633,36.71737289428711
8215,10.649999618530273,9.670173645019531
8216,23.860000610351562,21.72988510131836
8217,44.52000045776367,43.63822555541992
8218,32.130001068115234,31.25696563720703
8219,7.019999980926514,5.877816677093506
8220,28.059999465942383,27.850749969482422
8221,47.09000015258789,44.622867584228516
8222,29.670000076293945,28.603910446166992
8223,62.150001525878906,61.02327346801758
8224,12.579999923706055,12.031122207641602
8225,17.6299991607666,16.663394927978516
8226,3.8299999237060547,1.8148448467254639
8227,35.25,33.97042465209961
8228,27.020000457763672,26.648595809936523
8229,28.450000762939453,26.812095642089844
8230,8.960000038146973,7.801667213439941
8231,25.940000534057617,25.406936645507812
8232,36.34000015258789,34.9077262878418
8233,17.81999969482422,16.485248565673828
8234,21.149999618530273,20.191991806030273
8235,57.02000045776367,55.73786926269531
8236,36.27000045776367,36.16115188598633
8237,58.93000030517578,59.0384635925293
8238,6.880000114440918,6.065767288208008
8239,63.36000061035156,59.65878677368164
8240,10.930000305175781,8.855664253234863
8241,15.199999809265137,14.860956192016602
8242,34.43000030517578,33.012569427490234
8243,34.08000183105469,33.54011154174805
8244,44.689998626708984,42.550994873046875
8245,32.5099983215332,30.54050064086914
8246,35.459999084472656,34.876708984375
8247,42.97999954223633,42.58378601074219
8248,27.43000030517578,25.949108123779297
8249,26.780000686645508,25.40338897705078
8250,21.540000915527344,19.526596069335938
8251,77.76000213623047,76.68379211425781
8252,34.630001068115234,33.34257888793945
8253,10.869999885559082,9.91224479675293
8254,8.569999694824219,8.028076171875
8255,18.75,17.71866226196289
8256,36.189998626708984,34.554100036621094
8257,14.279999732971191,13.692276954650879
8258,22.860000610351562,21.035175323486328
8259,23.219999313354492,22.098085403442383
8260,61.689998626708984,62.167842864990234
8261,39.439998626708984,38.707157135009766
8262,7.809999942779541,7.309002876281738
8263,40.77000045776367,38.97458267211914
8264,17.760000228881836,17.22603416442871
8265,31.670000076293945,30.357746124267578
8266,21.360000610351562,20.583023071289062
8267,36.68000030517578,33.86880874633789
8268,16.1299991607666,16.012048721313477
8269,27.950000762939453,26.92460060119629
8270,33.650001525878906,32.257423400878906
8271,47.25,45.53699493408203
8272,16.860000610351562,16.190467834472656
8273,58.779998779296875,57.904544830322266
8274,6.349999904632568,5.5312113761901855
8275,25.489999771118164,24.885950088500977
8276,36.09000015258789,35.530418395996094
8277,18.610000610351562,18.214656829833984
8278,9.789999961853027,8.824579238891602
8279,25.75,25.491270065307617
8280,52.68000030517578,50.80437088012695
8281,31.780000686645508,30.25484848022461
8282,25.950000762939453,25.01906967163086
8283,33.70000076293945,32.494197845458984
8284,14.649999618530273,14.170615196228027
8285,56.20000076293945,53.796661376953125
8286,24.360000610351562,23.13862419128418
8287,29.440000534057617,29.44717788696289
8288,35.16999816894531,33.82744598388672
8289,39.7599983215332,38.37251663208008
8290,24.020000457763672,22.57557487487793
8291,12.770000457763672,12.048171997070312
8292,35.52000045776367,33.817325592041016
8293,18.030000686645508,16.68331527709961
8294,16.030000686645508,15.325674057006836
8295,31.670000076293945,31.518489837646484
8296,42.18000030517578,41.33234786987305
8297,37.45000076293945,37.0764274597168
8298,22.229999542236328,21.088266372680664
8299,39.16999816894531,40.051021575927734
8300,27.8700008392334,26.861642837524414
8301,17.920000076293945,17.47894287109375
8302,14.100000381469727,13.57541561126709
8303,29.93000030517578,28.25189781188965
8304,5.650000095367432,5.119056224822998
8305,20.8799991607666,19.348159790039062
8306,46.810001373291016,45.92281723022461
8307,17.549999237060547,16.516036987304688
8308,29.149999618530273,28.190767288208008
8309,55.27000045776367,53.9575080871582
8310,14.989999771118164,14.231472969055176
8311,18.030000686645508,17.238941192626953
8312,12.220000267028809,11.511373519897461
8313,6.139999866485596,4.995448589324951
8314,46.75,45.0855712890625
8315,1.9600000381469727,1.3922219276428223
8316,33.91999816894531,32.24945831298828
8317,16.280000686645508,15.921258926391602
8318,22.239999771118164,22.766590118408203
8319,19.790000915527344,19.977075576782227
8320,40.290000915527344,39.01506805419922
8321,35.38999938964844,34.23373794555664
8322,6.389999866485596,4.93546199798584
8323,33.650001525878906,33.61167526245117
8324,24.299999237060547,23.443004608154297
8325,22.770000457763672,21.326297760009766
8326,39.38999938964844,37.87952423095703
8327,47.279998779296875,47.01906204223633
8328,64.36000061035156,63.31655502319336
8329,21.639999389648438,20.451814651489258
8330,29.809999465942383,28.84560775756836
8331,31.889999389648438,31.17155647277832
8332,19.3799991607666,17.906333923339844
8333,6.119999885559082,5.079250335693359
8334,41.529998779296875,40.78876876831055
8335,22.290000915527344,20.752965927124023
8336,42.540000915527344,40.688053131103516
8337,20.510000228881836,19.975358963012695
8338,8.630000114440918,7.705925464630127
8339,8.020000457763672,8.483447074890137
8340,9.649999618530273,8.661672592163086
8341,15.569999694824219,14.728296279907227
8342,12.369999885559082,11.510676383972168
8343,33.88999938964844,32.822662353515625
8344,21.329999923706055,20.406108856201172
8345,31.020000457763672,30.618480682373047
8346,16.280000686645508,14.782941818237305
8347,16.260000228881836,16.208866119384766
8348,29.34000015258789,30.26598358154297
8349,28.799999237060547,28.741779327392578
8350,53.7599983215332,53.24452209472656
8351,24.549999237060547,23.63552474975586
8352,49.18000030517578,46.00680160522461
8353,37.709999084472656,35.739444732666016
8354,20.0,19.001407623291016
8355,4.010000228881836,2.9916634559631348
8356,23.729999542236328,23.471424102783203
8357,19.209999084472656,18.064434051513672
8358,54.11000061035156,55.15081787109375
8359,31.110000610351562,30.136865615844727
8360,12.289999961853027,11.598491668701172
8361,42.959999084472656,42.37202453613281
8362,14.59000015258789,13.816130638122559
8363,27.09000015258789,26.192520141601562
8364,25.850000381469727,24.83553123474121
8365,63.4900016784668,60.65029525756836
8366,9.600000381469727,7.569730758666992
8367,10.739999771118164,9.749897956848145
8368,17.049999237060547,17.16959571838379
8369,40.58000183105469,40.5230712890625
8370,17.190000534057617,16.195852279663086
8371,11.260000228881836,10.231578826904297
8372,18.950000762939453,17.889549255371094
8373,8.760000228881836,7.444550037384033
8374,41.2599983215332,40.644317626953125
8375,2.9600000381469727,1.4985431432724
8376,37.29999923706055,36.49154281616211
8377,26.579999923706055,26.40580940246582
8378,6.369999885559082,5.135980606079102
8379,32.630001068115234,31.065547943115234
8380,24.479999542236328,23.42127227783203
8381,31.68000030517578,30.195533752441406
8382,45.279998779296875,43.299373626708984
8383,29.469999313354492,27.413284301757812
8384,29.110000610351562,28.35984992980957
8385,39.939998626708984,39.08601760864258
8386,13.319999694824219,12.317753791809082
8387,24.290000915527344,23.55677032470703
8388,47.88999938964844,47.8531379699707
8389,70.19000244140625,70.9979248046875
8390,21.65999984741211,20.879207611083984
8391,48.52000045776367,46.051937103271484
8392,29.510000228881836,29.004291534423828
8393,18.850000381469727,17.980846405029297
8394,8.199999809265137,6.75543212890625
8395,57.41999816894531,56.028934478759766
8396,23.1299991607666,22.41567611694336
8397,19.65999984741211,19.629045486450195
8398,13.920000076293945,12.97722053527832
8399,18.68000030517578,16.812328338623047
8400,21.149999618530273,20.063758850097656
8401,13.239999771118164,11.986488342285156
8402,7.800000190734863,6.794543743133545
8403,36.20000076293945,35.837745666503906
8404,43.970001220703125,42.635406494140625
8405,27.229999542236328,26.317241668701172
8406,28.329999923706055,27.241077423095703
8407,11.5600004196167,10.383155822753906
8408,12.819999694824219,12.427778244018555
8409,22.360000610351562,21.050254821777344
8410,20.889999389648438,20.347755432128906
8411,30.829999923706055,29.442707061767578
8412,6.869999885559082,5.367795944213867
8413,41.060001373291016,40.0988655090332
8414,11.430000305175781,10.588567733764648
8415,8.930000305175781,7.827531337738037
8416,27.540000915527344,26.90343475341797
8417,8.539999961853027,7.62859582901001
8418,48.38999938964844,44.440486907958984
8419,41.209999084472656,41.54765701293945
8420,16.8799991607666,15.906375885009766
8421,24.829999923706055,24.979734420776367
8422,59.06999969482422,58.63408279418945
8423,27.010000228881836,26.380823135375977
8424,39.959999084472656,39.09854507446289
8425,30.959999084472656,29.49614143371582
8426,38.900001525878906,36.89961242675781
8427,5.980000019073486,4.808996677398682
8428,56.22999954223633,53.27046585083008
8429,33.81999969482422,33.05769729614258
8430,25.889999389648438,24.784709930419922
8431,14.180000305175781,13.510054588317871
8432,26.450000762939453,24.8804874420166
8433,45.849998474121094,46.86226272583008
8434,53.220001220703125,51.021915435791016
8435,70.98999786376953,69.0174331665039
8436,24.8700008392334,23.945287704467773
8437,9.59000015258789,8.989588737487793
8438,9.949999809265137,8.604337692260742
8439,12.59000015258789,11.765539169311523
8440,37.369998931884766,35.974727630615234
8441,55.70000076293945,55.22169876098633
8442,26.540000915527344,26.685693740844727
8443,25.649999618530273,24.104455947875977
8444,50.529998779296875,50.49768829345703
8445,22.780000686645508,21.978755950927734
8446,23.600000381469727,22.93462562561035
8447,53.65999984741211,52.825260162353516
8448,11.470000267028809,11.106721878051758
8449,32.61000061035156,30.801971435546875
8450,43.86000061035156,42.5588493347168
8451,13.199999809265137,12.451345443725586
8452,24.489999771118164,22.819013595581055
8453,17.190000534057617,15.961339950561523
8454,20.299999237060547,19.831270217895508
8455,5.460000038146973,5.447331428527832
8456,35.060001373291016,34.089195251464844
8457,5.570000171661377,4.055879592895508
8458,16.530000686645508,16.15682601928711
8459,15.739999771118164,15.176570892333984
8460,3.2300000190734863,2.8247437477111816
8461,51.209999084472656,48.96063232421875
8462,5.409999847412109,4.007189750671387
8463,10.0600004196167,9.41037368774414
8464,19.010000228881836,18.627437591552734
8465,14.699999809265137,13.69614315032959
8466,29.260000228881836,28.693939208984375
8467,21.309999465942383,20.232162475585938
8468,12.270000457763672,11.562688827514648
8469,31.65999984741211,31.167665481567383
8470,38.599998474121094,37.14320755004883
8471,18.110000610351562,17.141468048095703
8472,10.3100004196167,9.404592514038086
8473,50.70000076293945,48.73470687866211
8474,5.46999979019165,4.193753242492676
8475,5.130000114440918,3.3272087574005127
8476,23.459999084472656,21.97380828857422
8477,45.040000915527344,43.65318298339844
8478,37.540000915527344,36.58452224731445
8479,3.990000009536743,2.999702215194702
8480,13.329999923706055,12.97298812866211
8481,56.459999084472656,56.787662506103516
8482,20.950000762939453,20.40956687927246
8483,23.350000381469727,22.84883689880371
8484,52.439998626708984,51.1234130859375
8485,40.599998474121094,38.45365905761719
8486,3.1700000762939453,2.1738967895507812
8487,16.59000015258789,13.72127628326416
8488,19.360000610351562,19.113269805908203
8489,0.6499999761581421,3.650074005126953
8490,10.65999984741211,10.205918312072754
8491,34.84000015258789,34.785858154296875
8492,24.270000457763672,24.17767906188965
8493,42.099998474121094,42.0210075378418
8494,10.029999732971191,9.053435325622559
8495,38.869998931884766,37.236602783203125
8496,51.380001068115234,48.971500396728516
8497,19.020000457763672,18.32832908630371
8498,41.400001525878906,38.39110565185547
8499,14.25,13.346004486083984
8500,32.5099983215332,31.9492244720459
8501,7.440000057220459,7.485443592071533
8502,9.579999923706055,8.265045166015625
8503,30.170000076293945,29.422344207763672
8504,51.40999984741211,50.77294921875
8505,15.789999961853027,14.758115768432617
8506,41.16999816894531,41.182472229003906
8507,28.549999237060547,27.75033187866211
8508,17.969999313354492,16.90190315246582
8509,71.80999755859375,68.8770980834961
8510,23.389999389648438,22.989717483520508
8511,17.260000228881836,16.54453468322754
8512,3.9800000190734863,2.803079128265381
8513,2.200000047683716,1.2167845964431763
8514,50.349998474121094,49.350765228271484
8515,53.16999816894531,50.777992248535156
8516,24.1200008392334,22.899621963500977
8517,69.05000305175781,68.151123046875
8518,41.470001220703125,40.975921630859375
8519,38.5099983215332,36.316986083984375
8520,28.1299991607666,25.6226749420166
8521,18.270000457763672,15.377803802490234
8522,11.020000457763672,10.674121856689453
8523,16.530000686645508,15.118436813354492
8524,24.84000015258789,23.709243774414062
8525,21.940000534057617,20.390636444091797
8526,24.68000030517578,23.78533172607422
8527,31.040000915527344,30.09292221069336
8528,24.8799991607666,24.012035369873047
8529,59.38999938964844,56.22731399536133
8530,22.6299991607666,20.870777130126953
8531,15.40999984741211,15.116767883300781
8532,19.739999771118164,19.299211502075195
8533,29.329999923706055,28.971004486083984
8534,32.380001068115234,30.14800262451172
8535,32.279998779296875,31.231245040893555
8536,24.100000381469727,24.106637954711914
8537,19.510000228881836,19.703968048095703
8538,22.209999084472656,21.173851013183594
8539,19.3700008392334,19.170034408569336
8540,39.349998474121094,37.631614685058594
8541,20.299999237060547,18.88530921936035
8542,29.3799991607666,28.601280212402344
8543,16.440000534057617,16.573020935058594
8544,13.529999732971191,13.076858520507812
8545,22.8700008392334,21.211181640625
8546,61.22999954223633,55.29899978637695
8547,28.139999389648438,26.645721435546875
8548,15.09000015258789,13.828816413879395
8549,3.309999942779541,2.432372808456421
8550,27.31999969482422,25.725671768188477
8551,11.65999984741211,10.931794166564941
8552,21.459999084472656,20.339624404907227
8553,34.36000061035156,33.140079498291016
8554,8.8100004196167,7.217992782592773
8555,57.47999954223633,55.7181282043457
8556,15.609999656677246,14.243975639343262
8557,29.030000686645508,28.456485748291016
8558,25.469999313354492,24.46597671508789
8559,79.58999633789062,73.8449478149414
8560,17.81999969482422,16.949542999267578
8561,38.95000076293945,37.70230484008789
8562,57.47999954223633,54.783260345458984
8563,2.0899999141693115,1.7667430639266968
8564,58.540000915527344,56.932315826416016
8565,35.40999984741211,34.25522994995117
8566,45.849998474121094,44.608360290527344
8567,25.649999618530273,24.56060791015625
8568,22.959999084472656,21.43927764892578
8569,14.869999885559082,13.458946228027344
8570,21.579999923706055,20.571739196777344
8571,28.170000076293945,27.005788803100586
8572,25.579999923706055,24.324844360351562
8573,23.700000762939453,22.99582290649414
8574,60.41999816894531,59.98146057128906
8575,54.369998931884766,52.2039680480957
8576,37.61000061035156,36.49150085449219
8577,12.510000228881836,11.600238800048828
8578,33.83000183105469,33.800437927246094
8579,55.77000045776367,53.68276596069336
8580,35.81999969482422,34.2341194152832
8581,33.29999923706055,31.54454231262207
8582,45.29999923706055,40.8383903503418
8583,38.41999816894531,37.25984191894531
8584,36.650001525878906,36.16318130493164
8585,37.11000061035156,37.49610137939453
8586,31.459999084472656,30.292282104492188
8587,41.130001068115234,39.03125
8588,46.90999984741211,46.019248962402344
8589,42.5,40.845184326171875
8590,17.850000381469727,17.54498291015625
8591,9.020000457763672,8.515457153320312
8592,42.04999923706055,41.27509689331055
8593,16.309999465942383,15.968025207519531
8594,17.25,17.46786880493164
8595,20.229999542236328,20.34021759033203
8596,51.45000076293945,50.10226058959961
8597,13.510000228881836,12.49485969543457
8598,16.030000686645508,15.909345626831055
8599,2.990000009536743,2.5692408084869385
8600,47.650001525878906,46.68778991699219
8601,10.069999694824219,8.983234405517578
8602,24.540000915527344,23.40504264831543
8603,32.7400016784668,31.56829833984375
8604,70.33999633789062,70.11737060546875
8605,8.930000305175781,7.537498474121094
8606,8.289999961853027,6.734161853790283
8607,9.180000305175781,7.969610214233398
8608,71.36000061035156,72.17679595947266
8609,17.600000381469727,18.46592140197754
8610,2.069999933242798,1.1678574085235596
8611,14.949999809265137,14.175951957702637
8612,23.1299991607666,21.69495391845703
8613,35.209999084472656,34.73556900024414
8614,12.9399995803833,12.705296516418457
8615,50.33000183105469,50.307735443115234
8616,35.52000045776367,34.82902908325195
8617,36.25,36.12702941894531
8618,15.010000228881836,14.575395584106445
8619,7.329999923706055,6.165091037750244
8620,16.010000228881836,15.423114776611328
8621,29.5,29.369068145751953
8622,23.530000686645508,22.066186904907227
8623,9.699999809265137,8.869858741760254
8624,14.9399995803833,14.238493919372559
8625,12.8100004196167,12.219992637634277
8626,34.099998474121094,32.8737907409668
8627,38.40999984741211,37.582088470458984
8628,26.829999923706055,25.32813835144043
8629,4.400000095367432,3.0143954753875732
8630,5.309999942779541,4.519721031188965
8631,35.099998474121094,34.252647399902344
8632,33.02000045776367,31.980426788330078
8633,41.779998779296875,40.71513366699219
8634,24.739999771118164,24.175451278686523
8635,22.809999465942383,22.70709991455078
8636,14.0600004196167,13.512055397033691
8637,38.220001220703125,37.54957580566406
8638,75.47000122070312,73.12053680419922
8639,18.729999542236328,17.85716438293457
8640,13.260000228881836,12.093013763427734
8641,10.510000228881836,10.325090408325195
8642,20.15999984741211,19.636707305908203
8643,40.790000915527344,40.75754928588867
8644,12.819999694824219,11.72485637664795
8645,17.209999084472656,16.07909393310547
8646,62.77000045776367,61.119140625
8647,12.25,11.397045135498047
8648,7.960000038146973,7.6445841789245605
8649,32.18000030517578,31.016674041748047
8650,37.060001373291016,35.82529067993164
8651,74.18000030517578,69.39472961425781
8652,2.5299999713897705,2.104426145553589
8653,17.25,16.389535903930664
8654,25.489999771118164,25.23130989074707
8655,58.63999938964844,54.43852996826172
8656,3.5399999618530273,2.193822145462036
8657,5.940000057220459,4.0404181480407715
8658,34.56999969482422,34.3995475769043
8659,13.470000267028809,12.672303199768066
8660,32.68000030517578,31.851757049560547
8661,21.969999313354492,21.53750991821289
8662,12.3100004196167,11.447295188903809
8663,69.37999725341797,68.21601104736328
8664,13.850000381469727,13.126035690307617
8665,22.420000076293945,21.334413528442383
8666,26.780000686645508,25.617780685424805
8667,37.0099983215332,35.62289810180664
8668,23.649999618530273,22.557357788085938
8669,11.260000228881836,10.086603164672852
8670,33.970001220703125,33.49177932739258
8671,21.899999618530273,22.036184310913086
8672,72.4800033569336,73.56771087646484
8673,72.58999633789062,73.46304321289062
8674,13.050000190734863,11.841649055480957
8675,10.0,9.386205673217773
8676,19.450000762939453,18.441740036010742
8677,6.760000228881836,6.119013786315918
8678,15.630000114440918,14.467087745666504
8679,62.04999923706055,61.92920684814453
8680,29.360000610351562,28.999004364013672
8681,36.349998474121094,34.0433235168457
8682,24.520000457763672,24.439128875732422
8683,7.679999828338623,7.385257244110107
8684,37.70000076293945,35.3122673034668
8685,24.239999771118164,21.94292449951172
8686,12.779999732971191,12.837641716003418
8687,21.90999984741211,21.32792091369629
8688,27.889999389648438,25.717967987060547
8689,22.40999984741211,21.517423629760742
8690,23.270000457763672,22.333969116210938
8691,17.719999313354492,17.328731536865234
8692,22.899999618530273,21.217071533203125
8693,7.130000114440918,6.0745134353637695
8694,16.0,15.669015884399414
8695,15.0,14.162711143493652
8696,22.670000076293945,21.340421676635742
8697,43.040000915527344,42.28339767456055
8698,32.7400016784668,32.1469612121582
8699,14.0,12.68271541595459
8700,16.959999084472656,16.17376136779785
8701,52.02000045776367,51.25934982299805
8702,14.100000381469727,13.222869873046875
8703,48.959999084472656,47.830623626708984
8704,17.079999923706055,16.34303855895996
8705,30.420000076293945,28.57429313659668
8706,16.979999542236328,16.178857803344727
8707,32.88999938964844,31.966184616088867
8708,10.010000228881836,9.336368560791016
8709,27.899999618530273,26.750858306884766
8710,16.360000610351562,16.103479385375977
8711,1.659999966621399,1.4694669246673584
8712,23.200000762939453,22.531024932861328
8713,33.290000915527344,32.973514556884766
8714,14.210000038146973,13.068105697631836
8715,19.729999542236328,18.704483032226562
8716,47.369998931884766,43.62614822387695
8717,15.600000381469727,14.3536958694458
8718,15.079999923706055,14.331744194030762
8719,42.66999816894531,41.157066345214844
8720,15.369999885559082,14.454878807067871
8721,17.34000015258789,16.292430877685547
8722,10.850000381469727,8.513511657714844
8723,76.33000183105469,75.05386352539062
8724,10.079999923706055,8.807768821716309
8725,39.779998779296875,40.11017990112305
8726,19.3700008392334,18.046836853027344
8727,4.260000228881836,2.649001121520996
8728,51.13999938964844,49.206703186035156
8729,34.29999923706055,34.84347915649414
8730,32.900001525878906,31.069055557250977
8731,44.9900016784668,44.26572799682617
8732,7.659999847412109,4.2605671882629395
8733,28.760000228881836,28.235675811767578
8734,23.459999084472656,22.43407440185547
8735,7.019999980926514,5.906591892242432
8736,27.459999084472656,26.960161209106445
8737,40.88999938964844,39.30686569213867
8738,10.210000038146973,9.249053001403809
8739,39.40999984741211,39.23759460449219
8740,8.229999542236328,7.637917518615723
8741,33.33000183105469,32.42184066772461
8742,11.449999809265137,10.780282974243164
8743,8.0600004196167,7.36104679107666
8744,12.65999984741211,11.903115272521973
8745,60.52000045776367,57.39348220825195
8746,8.760000228881836,7.916049957275391
8747,28.889999389648438,27.461196899414062
8748,47.77000045776367,47.01777267456055
8749,8.739999771118164,7.892902374267578
8750,10.59000015258789,9.416321754455566
8751,47.7599983215332,45.45378494262695
8752,30.780000686645508,29.883651733398438
8753,59.130001068115234,56.832401275634766
8754,33.91999816894531,31.493526458740234
8755,20.190000534057617,19.54031753540039
8756,53.650001525878906,53.38485336303711
8757,52.08000183105469,50.55134582519531
8758,18.559999465942383,17.566753387451172
8759,20.56999969482422,19.62752914428711
8760,40.97999954223633,39.88461685180664
8761,21.270000457763672,20.514339447021484
8762,15.300000190734863,14.551281929016113
8763,10.289999961853027,10.069181442260742
8764,41.83000183105469,41.40044403076172
8765,36.2400016784668,35.751407623291016
8766,39.790000915527344,39.99445343017578
8767,10.949999809265137,9.816086769104004
8768,41.18000030517578,41.371463775634766
8769,28.280000686645508,26.721176147460938
8770,43.93000030517578,44.08475875854492
8771,10.239999771118164,9.736858367919922
8772,70.41000366210938,69.96085357666016
8773,22.040000915527344,21.764493942260742
8774,68.33000183105469,66.75240325927734
8775,27.989999771118164,26.53253936767578
8776,52.88999938964844,52.32729721069336
8777,48.65999984741211,47.113006591796875
8778,27.670000076293945,25.73861312866211
8779,40.790000915527344,38.98080825805664
8780,38.779998779296875,38.85053634643555
8781,48.91999816894531,46.6204833984375
8782,14.989999771118164,14.365996360778809
8783,18.84000015258789,18.228870391845703
8784,8.779999732971191,8.597925186157227
8785,57.65999984741211,56.37643051147461
8786,38.18000030517578,37.637855529785156
8787,5.03000020980835,3.25181245803833
8788,16.459999084472656,15.480352401733398
8789,15.960000038146973,15.155752182006836
8790,3.3499999046325684,2.070675849914551
8791,32.880001068115234,32.834476470947266
8792,21.170000076293945,19.532577514648438
8793,44.97999954223633,43.72578430175781
8794,41.310001373291016,40.753387451171875
8795,23.6200008392334,23.10027503967285
8796,55.189998626708984,54.67947769165039
8797,29.1299991607666,28.194520950317383
8798,9.09000015258789,8.573953628540039
8799,13.479999542236328,12.429389953613281
8800,71.56999969482422,70.00989532470703
8801,12.569999694824219,11.84496784210205
8802,30.219999313354492,29.737754821777344
8803,13.380000114440918,12.452886581420898
8804,49.20000076293945,47.31112289428711
8805,59.88999938964844,58.9533576965332
8806,10.220000267028809,7.868484020233154
8807,21.739999771118164,20.779743194580078
8808,62.84000015258789,61.864097595214844
8809,13.710000038146973,13.510727882385254
8810,18.93000030517578,18.58751678466797
8811,22.290000915527344,21.75606918334961
8812,66.76000213623047,64.40084075927734
8813,12.279999732971191,11.386343002319336
8814,44.369998931884766,42.14871597290039
8815,12.420000076293945,10.858007431030273
8816,24.8700008392334,23.26677894592285
8817,6.409999847412109,4.9960856437683105
8818,47.68000030517578,44.39299392700195
8819,17.399999618530273,16.335420608520508
8820,14.760000228881836,14.086695671081543
8821,49.59000015258789,47.46339797973633
8822,38.599998474121094,37.26359558105469
8823,3.7699999809265137,2.347439765930176
8824,13.880000114440918,12.553020477294922
8825,69.0199966430664,65.58517456054688
8826,57.060001373291016,57.18081283569336
8827,15.649999618530273,15.22268295288086
8828,29.450000762939453,28.115413665771484
8829,3.8299999237060547,2.28920841217041
8830,47.279998779296875,43.920265197753906
8831,15.270000457763672,14.340886116027832
8832,50.650001525878906,50.55952072143555
8833,9.489999771118164,9.407276153564453
8834,49.2599983215332,47.144134521484375
8835,36.459999084472656,36.0483283996582
8836,14.109999656677246,13.208887100219727
8837,23.489999771118164,22.67465591430664
8838,41.400001525878906,39.48530960083008
8839,25.06999969482422,24.34723663330078
8840,48.93000030517578,47.23767852783203
8841,9.569999694824219,9.280767440795898
8842,72.9800033569336,75.19390106201172
8843,6.900000095367432,5.779234886169434
8844,10.529999732971191,9.976496696472168
8845,9.149999618530273,8.736576080322266
8846,9.899999618530273,8.539835929870605
8847,28.280000686645508,27.61030387878418
8848,11.739999771118164,11.190025329589844
8849,45.630001068115234,42.31668472290039
8850,52.119998931884766,51.008934020996094
8851,21.399999618530273,19.74715232849121
8852,6.599999904632568,5.3251872062683105
8853,32.5099983215332,30.483318328857422
8854,22.510000228881836,22.412519454956055
8855,23.75,23.831260681152344
8856,12.930000305175781,12.53400993347168
8857,15.760000228881836,14.640535354614258
8858,11.789999961853027,11.106842041015625
8859,28.049999237060547,26.42108726501465
8860,34.95000076293945,33.6799430847168
8861,21.739999771118164,21.330259323120117
8862,18.940000534057617,17.895753860473633
8863,26.799999237060547,26.377973556518555
8864,37.18000030517578,35.7138786315918
8865,24.469999313354492,23.649036407470703
8866,27.68000030517578,26.03921127319336
8867,12.369999885559082,11.984293937683105
8868,69.5999984741211,70.51692962646484
8869,6.929999828338623,6.265830039978027
8870,27.229999542236328,26.653339385986328
8871,27.329999923706055,26.093048095703125
8872,25.389999389648438,25.740755081176758
8873,16.110000610351562,15.380910873413086
8874,16.959999084472656,16.737770080566406
8875,52.86000061035156,50.40475082397461
8876,10.260000228881836,8.797550201416016
8877,53.939998626708984,51.51228713989258
8878,17.579999923706055,16.989980697631836
8879,30.3799991607666,29.84896469116211
8880,28.799999237060547,27.56745719909668
8881,36.33000183105469,35.331443786621094
8882,5.989999771118164,4.504793643951416
8883,8.460000038146973,7.2316060066223145
8884,32.959999084472656,31.141721725463867
8885,34.58000183105469,33.60166931152344
8886,25.889999389648438,24.569320678710938
8887,24.309999465942383,22.47564125061035
8888,19.469999313354492,18.517822265625
8889,28.309999465942383,27.40577507019043
8890,49.31999969482422,48.18606185913086
8891,24.31999969482422,23.62038803100586
8892,28.43000030517578,27.61186981201172
8893,19.920000076293945,18.578105926513672
8894,5.829999923706055,4.749534606933594
8895,4.96999979019165,4.140157699584961
8896,8.5,7.3505940437316895
8897,19.989999771118164,18.549774169921875
8898,25.079999923706055,24.207763671875
8899,10.40999984741211,10.325445175170898
8900,4.840000152587891,3.2888879776000977
8901,11.020000457763672,9.636205673217773
8902,35.27000045776367,35.128623962402344
8903,18.040000915527344,16.484981536865234
8904,34.220001220703125,31.928638458251953
8905,33.04999923706055,31.74022102355957
8906,41.0099983215332,40.19014358520508
8907,27.639999389648438,27.015945434570312
8908,62.18000030517578,59.13429641723633
8909,46.029998779296875,45.71014404296875
8910,54.9900016784668,52.84440994262695
8911,50.79999923706055,49.54038619995117
8912,32.439998626708984,32.63272476196289
8913,15.369999885559082,14.495118141174316
8914,7.760000228881836,6.3530778884887695
8915,4.440000057220459,3.050232410430908
8916,52.20000076293945,51.068973541259766
8917,42.900001525878906,42.01109313964844
8918,35.09000015258789,35.20607376098633
8919,46.099998474121094,44.77793502807617
8920,23.06999969482422,22.700050354003906
8921,46.0,44.78877639770508
8922,36.04999923706055,35.5360107421875
8923,24.979999542236328,24.365699768066406
8924,60.470001220703125,59.76223373413086
8925,38.7400016784668,36.873897552490234
8926,63.04999923706055,60.690399169921875
8927,21.299999237060547,20.827829360961914
8928,13.029999732971191,12.727211952209473
8929,59.34000015258789,57.22231674194336
8930,7.559999942779541,6.325222492218018
8931,42.45000076293945,41.345096588134766
8932,40.119998931884766,39.96003341674805
8933,37.189998626708984,37.419063568115234
8934,10.710000038146973,7.9572553634643555
8935,39.66999816894531,39.93025207519531
8936,33.349998474121094,32.82894515991211
8937,21.389999389648438,20.346803665161133
8938,44.36000061035156,42.24956512451172
8939,7.880000114440918,7.098459720611572
8940,26.010000228881836,25.587705612182617
8941,51.720001220703125,49.579925537109375
8942,23.6200008392334,22.50237464904785
8943,32.93000030517578,31.70404815673828
8944,11.119999885559082,10.800332069396973
8945,35.29999923706055,35.0443115234375
8946,7.909999847412109,6.313718318939209
8947,27.90999984741211,27.374637603759766
8948,39.060001373291016,38.8774528503418
8949,14.260000228881836,13.123031616210938
8950,13.600000381469727,13.259727478027344
8951,15.920000076293945,15.267147064208984
8952,32.689998626708984,31.522106170654297
8953,70.19000244140625,71.33613586425781
8954,24.920000076293945,24.16697883605957
8955,7.820000171661377,7.309174060821533
8956,62.150001525878906,62.48731994628906
8957,13.289999961853027,12.989910125732422
8958,25.84000015258789,24.85928726196289
8959,9.229999542236328,8.818211555480957
8960,10.079999923706055,9.108060836791992
8961,14.09000015258789,13.632140159606934
8962,13.930000305175781,13.349584579467773
8963,10.399999618530273,9.664589881896973
8964,12.34000015258789,10.866361618041992
8965,16.3700008392334,15.364503860473633
8966,6.880000114440918,5.839463710784912
8967,19.040000915527344,18.34591293334961
8968,19.860000610351562,19.60654067993164
8969,52.150001525878906,51.60762023925781
8970,23.969999313354492,22.73409652709961
8971,32.61000061035156,32.28234100341797
8972,10.9399995803833,10.475992202758789
8973,23.139999389648438,22.52207374572754
8974,21.479999542236328,20.608964920043945
8975,22.670000076293945,21.252124786376953
8976,18.969999313354492,18.74596405029297
8977,19.030000686645508,17.780807495117188
8978,22.59000015258789,22.440567016601562
8979,54.5,55.28384780883789
8980,33.91999816894531,32.40092468261719
8981,74.5999984741211,76.01254272460938
8982,19.079999923706055,18.584869384765625
8983,19.530000686645508,18.08380699157715
8984,43.95000076293945,42.271705627441406
8985,11.170000076293945,10.721150398254395
8986,22.079999923706055,21.373992919921875
8987,27.6299991607666,26.459915161132812
8988,46.959999084472656,44.7503547668457
8989,9.930000305175781,8.696293830871582
8990,7.190000057220459,5.196711540222168
8991,53.459999084472656,52.9899787902832
8992,42.15999984741211,40.149166107177734
8993,46.400001525878906,44.79623031616211
8994,9.829999923706055,9.318572998046875
8995,22.649999618530273,21.824438095092773
8996,35.29999923706055,34.07981491088867
8997,23.479999542236328,21.562135696411133
8998,71.12999725341797,68.70845031738281
8999,20.459999084472656,19.694480895996094
9000,19.65999984741211,18.321191787719727
9001,9.279999732971191,8.159736633300781
9002,13.170000076293945,11.794469833374023
9003,22.260000228881836,21.830902099609375
9004,8.75,7.94824743270874
9005,29.93000030517578,29.942068099975586
9006,37.400001525878906,35.48282241821289
9007,50.470001220703125,50.07381820678711
9008,55.900001525878906,55.41706085205078
9009,47.689998626708984,46.25205993652344
9010,24.489999771118164,23.40949058532715
9011,30.6299991607666,29.165836334228516
9012,28.34000015258789,27.852169036865234
9013,31.969999313354492,30.993459701538086
9014,18.479999542236328,17.263458251953125
9015,11.0,10.156901359558105
9016,23.350000381469727,23.599079132080078
9017,29.729999542236328,29.22997283935547
9018,39.060001373291016,40.03600311279297
9019,17.469999313354492,16.31023597717285
9020,47.849998474121094,45.49930191040039
9021,23.34000015258789,22.56462287902832
9022,19.31999969482422,18.439754486083984
9023,6.800000190734863,6.449381351470947
9024,19.290000915527344,17.812969207763672
9025,22.010000228881836,20.51482391357422
9026,31.139999389648438,29.863924026489258
9027,17.579999923706055,17.114822387695312
9028,20.6200008392334,19.5321044921875
9029,31.639999389648438,31.044340133666992
9030,24.34000015258789,22.54865837097168
9031,27.479999542236328,26.167268753051758
9032,12.579999923706055,11.84217643737793
9033,30.780000686645508,29.61365509033203
9034,46.75,44.48878860473633
9035,28.81999969482422,27.856868743896484
9036,54.18000030517578,52.07326126098633
9037,26.3799991607666,25.434539794921875
9038,27.219999313354492,26.722164154052734
9039,51.9900016784668,51.484683990478516
9040,48.220001220703125,45.10295867919922
9041,34.13999938964844,33.25764083862305
9042,50.310001373291016,50.441524505615234
9043,14.25,13.983569145202637
9044,4.769999980926514,3.426748275756836
9045,3.799999952316284,2.3581604957580566
9046,51.81999969482422,49.427669525146484
9047,54.349998474121094,53.03974533081055
9048,20.260000228881836,19.08371353149414
9049,21.280000686645508,19.85928726196289
9050,18.799999237060547,17.682830810546875
9051,40.40999984741211,40.58085250854492
9052,17.360000610351562,17.218765258789062
9053,28.950000762939453,27.40113639831543
9054,8.970000267028809,7.862286567687988
9055,50.72999954223633,47.63739776611328
9056,51.52000045776367,48.922908782958984
9057,58.22999954223633,57.99491500854492
9058,25.110000610351562,24.11671257019043
9059,25.68000030517578,24.34282875061035
9060,9.180000305175781,8.250373840332031
9061,18.209999084472656,17.344234466552734
9062,47.18000030517578,46.633426666259766
9063,13.75,13.317255020141602
9064,24.229999542236328,23.236652374267578
9065,17.56999969482422,16.857690811157227
9066,27.899999618530273,27.59892463684082
9067,3.700000047683716,3.3576266765594482
9068,9.739999771118164,9.291802406311035
9069,12.649999618530273,12.027204513549805
9070,55.75,53.97099685668945
9071,33.81999969482422,32.652103424072266
9072,41.27000045776367,41.70234298706055
9073,34.5099983215332,34.75062561035156
9074,28.850000381469727,27.68993377685547
9075,35.470001220703125,34.2500114440918
9076,7.829999923706055,7.005277156829834
9077,68.51000213623047,64.54096984863281
9078,37.290000915527344,36.355831146240234
9079,12.760000228881836,11.587223052978516
9080,49.779998779296875,49.83223342895508
9081,23.8700008392334,23.805034637451172
9082,35.400001525878906,34.348506927490234
9083,32.599998474121094,31.661033630371094
9084,35.81999969482422,34.86592483520508
9085,57.93000030517578,58.681121826171875
9086,23.34000015258789,22.112133026123047
9087,31.899999618530273,30.446592330932617
9088,51.20000076293945,48.6495246887207
9089,19.8700008392334,19.09612274169922
9090,26.0,25.09653091430664
9091,7.489999771118164,6.287682056427002
9092,42.86000061035156,41.95730972290039
9093,24.56999969482422,23.88863754272461
9094,57.900001525878906,55.55209732055664
9095,10.479999542236328,9.239696502685547
9096,30.040000915527344,28.094745635986328
9097,10.100000381469727,9.976323127746582
9098,1.190000057220459,1.8612463474273682
9099,8.850000381469727,7.6009521484375
9100,36.15999984741211,35.78730010986328
9101,24.079999923706055,22.639095306396484
9102,10.9399995803833,10.09960651397705
9103,42.88999938964844,43.01799392700195
9104,26.860000610351562,25.589658737182617
9105,26.25,25.35702896118164
9106,21.889999389648438,20.910354614257812
9107,7.860000133514404,7.121199607849121
9108,32.9900016784668,31.67425537109375
9109,18.440000534057617,17.61773109436035
9110,25.5,25.305736541748047
9111,36.400001525878906,35.32684326171875
9112,8.050000190734863,6.468840599060059
9113,45.5,43.795326232910156
9114,30.610000610351562,28.614456176757812
9115,13.079999923706055,12.773406028747559
9116,59.91999816894531,58.2636833190918
9117,19.399999618530273,18.600570678710938
9118,27.299999237060547,25.88729476928711
9119,24.0,23.259883880615234
9120,6.389999866485596,4.889088153839111
9121,26.489999771118164,25.69121551513672
9122,12.25,11.839738845825195
9123,8.489999771118164,6.651916980743408
9124,12.489999771118164,10.985288619995117
9125,55.209999084472656,54.8907356262207
9126,10.539999961853027,9.67010498046875
9127,30.299999237060547,28.9597225189209
9128,31.15999984741211,30.877052307128906
9129,39.0,39.08576202392578
9130,65.70999908447266,64.61370086669922
9131,27.170000076293945,25.7466983795166
9132,38.459999084472656,36.76469421386719
9133,21.3799991607666,20.096214294433594
9134,3.2300000190734863,1.9845503568649292
9135,28.90999984741211,28.05120277404785
9136,35.77000045776367,35.1430549621582
9137,48.939998626708984,48.3525390625
9138,13.619999885559082,13.149312973022461
9139,52.93000030517578,54.05850601196289
9140,24.899999618530273,23.25899887084961
9141,42.790000915527344,41.37202072143555
9142,2.5899999141693115,1.9577206373214722
9143,21.100000381469727,20.25961685180664
9144,36.43000030517578,34.49953079223633
9145,11.670000076293945,11.062496185302734
9146,14.930000305175781,14.201184272766113
9147,16.850000381469727,15.889989852905273
9148,60.130001068115234,59.1551513671875
9149,15.979999542236328,15.665163040161133
9150,15.760000228881836,14.447867393493652
9151,32.75,32.820491790771484
9152,23.889999389648438,23.5728759765625
9153,37.16999816894531,35.64328384399414
9154,29.549999237060547,28.476943969726562
9155,26.850000381469727,26.030277252197266
9156,26.040000915527344,24.502946853637695
9157,14.789999961853027,14.132184028625488
9158,29.639999389648438,27.86077117919922
9159,34.869998931884766,34.15178298950195
9160,40.13999938964844,39.60121536254883
9161,28.549999237060547,28.490381240844727
9162,13.4399995803833,13.24229621887207
9163,27.979999542236328,27.19662857055664
9164,9.930000305175781,9.091428756713867
9165,47.119998931884766,46.65212631225586
9166,31.459999084472656,29.625349044799805
9167,32.599998474121094,31.12843132019043
9168,32.400001525878906,31.721603393554688
9169,24.020000457763672,22.185535430908203
9170,7.610000133514404,6.306595325469971
9171,41.20000076293945,39.62372589111328
9172,63.939998626708984,65.50416564941406
9173,28.780000686645508,27.709238052368164
9174,31.229999542236328,30.224912643432617
9175,54.45000076293945,52.95054626464844
9176,16.389999389648438,16.035545349121094
9177,6.699999809265137,5.585301399230957
9178,22.010000228881836,21.191062927246094
9179,3.3499999046325684,2.151885509490967
9180,47.63999938964844,46.21868133544922
9181,36.84000015258789,35.89415740966797
9182,9.380000114440918,8.698132514953613
9183,22.90999984741211,21.98685073852539
9184,43.20000076293945,43.26168441772461
9185,17.3700008392334,16.363679885864258
9186,15.15999984741211,14.809188842773438
9187,38.470001220703125,37.34843826293945
9188,24.889999389648438,23.8597412109375
9189,50.52000045776367,49.280521392822266
9190,40.31999969482422,38.429710388183594
9191,6.860000133514404,5.892580509185791
9192,51.27000045776367,50.211368560791016
9193,12.350000381469727,11.83203411102295
9194,5.5,3.796856641769409
9195,7.059999942779541,6.360912799835205
9196,16.5,15.703407287597656
9197,27.6299991607666,27.608369827270508
9198,57.150001525878906,54.98204040527344
9199,25.780000686645508,24.713584899902344
9200,13.300000190734863,13.250770568847656
9201,27.860000610351562,26.133737564086914
9202,28.65999984741211,28.217853546142578
9203,32.2400016784668,32.59333038330078
9204,37.189998626708984,35.839656829833984
9205,24.479999542236328,22.80324935913086
9206,14.609999656677246,13.846171379089355
9207,28.90999984741211,28.185211181640625
9208,7.019999980926514,6.080408096313477
9209,23.3700008392334,22.162912368774414
9210,17.280000686645508,16.935497283935547
9211,25.979999542236328,24.817554473876953
9212,9.15999984741211,8.446141242980957
9213,20.350000381469727,18.733959197998047
9214,40.31999969482422,38.0120735168457
9215,15.630000114440918,15.228710174560547
9216,36.65999984741211,35.5948371887207
9217,23.010000228881836,21.673690795898438
9218,17.389999389648438,16.798173904418945
9219,21.440000534057617,20.942306518554688
9220,26.90999984741211,26.443157196044922
9221,10.260000228881836,10.108607292175293
9222,67.16999816894531,66.40006256103516
9223,21.31999969482422,20.329702377319336
9224,44.310001373291016,45.09305191040039
9225,44.47999954223633,41.2239875793457
9226,36.709999084472656,35.326053619384766
9227,71.56999969482422,70.5833511352539
9228,19.079999923706055,18.267194747924805
9229,17.549999237060547,16.829177856445312
9230,25.81999969482422,24.224552154541016
9231,35.34000015258789,34.76457977294922
9232,18.530000686645508,18.69601821899414
9233,44.209999084472656,43.0998420715332
9234,30.850000381469727,29.9630069732666
9235,31.850000381469727,30.13641929626465
9236,23.530000686645508,22.68047332763672
9237,10.579999923706055,8.854207992553711
9238,13.15999984741211,12.8565034866333
9239,40.72999954223633,38.80412292480469
9240,38.2599983215332,36.724124908447266
9241,25.479999542236328,24.843883514404297
9242,38.09000015258789,37.504486083984375
9243,9.1899995803833,7.851395606994629
9244,22.329999923706055,21.468547821044922
9245,27.170000076293945,26.500831604003906
9246,50.08000183105469,49.44291305541992
9247,25.81999969482422,25.303810119628906
9248,38.959999084472656,39.31265640258789
9249,16.360000610351562,15.670490264892578
9250,13.069999694824219,11.875716209411621
9251,24.229999542236328,23.4210147857666
9252,26.489999771118164,24.87078094482422
9253,34.40999984741211,32.39668655395508
9254,66.20999908447266,62.98719787597656
9255,30.6200008392334,28.770952224731445
9256,10.529999732971191,9.975386619567871
9257,19.40999984741211,18.683528900146484
9258,13.680000305175781,13.039274215698242
9259,29.229999542236328,27.993852615356445
9260,31.209999084472656,30.28558349609375
9261,20.299999237060547,19.599838256835938
9262,28.90999984741211,27.586780548095703
9263,21.350000381469727,20.144454956054688
9264,31.920000076293945,30.398826599121094
9265,47.349998474121094,45.738006591796875
9266,30.059999465942383,30.72846031188965
9267,23.030000686645508,22.814407348632812
9268,29.959999084472656,29.00183868408203
9269,33.41999816894531,32.7695426940918
9270,50.369998931884766,47.862548828125
9271,32.31999969482422,31.407312393188477
9272,35.869998931884766,34.847476959228516
9273,35.349998474121094,33.69688034057617
9274,25.670000076293945,23.969573974609375
9275,20.540000915527344,18.941829681396484
9276,25.389999389648438,23.80547523498535
9277,14.640000343322754,13.672833442687988
9278,23.700000762939453,22.52727508544922
9279,38.43000030517578,37.93168258666992
9280,35.189998626708984,34.97393798828125
9281,38.75,37.78099822998047
9282,32.900001525878906,31.721981048583984
9283,28.06999969482422,27.485618591308594
9284,18.700000762939453,18.160961151123047
9285,7.010000228881836,5.832693576812744
9286,25.34000015258789,24.645896911621094
9287,11.109999656677246,9.937684059143066
9288,18.610000610351562,18.128236770629883
9289,2.7799999713897705,1.76652193069458
9290,26.90999984741211,25.13776397705078
9291,42.0,40.85684585571289
9292,7.53000020980835,6.272591590881348
9293,38.029998779296875,37.22548294067383
9294,13.859999656677246,13.43803596496582
9295,30.8700008392334,30.720043182373047
9296,11.260000228881836,10.637112617492676
9297,55.650001525878906,53.53828811645508
9298,40.9900016784668,39.21764373779297
9299,13.760000228881836,13.629033088684082
9300,36.06999969482422,34.5988655090332
9301,35.959999084472656,34.469173431396484
9302,5.880000114440918,4.629128932952881
9303,46.529998779296875,44.782814025878906
9304,24.850000381469727,23.296539306640625
9305,17.209999084472656,16.9563045501709
9306,68.02999877929688,68.95625305175781
9307,8.479999542236328,7.16195821762085
9308,11.130000114440918,11.161877632141113
9309,22.989999771118164,21.519527435302734
9310,41.369998931884766,40.46588134765625
9311,8.260000228881836,7.536228179931641
9312,55.630001068115234,53.81123352050781
9313,30.43000030517578,29.072128295898438
9314,32.650001525878906,32.48359298706055
9315,34.63999938964844,35.12919616699219
9316,30.15999984741211,29.613725662231445
9317,12.460000038146973,11.701102256774902
9318,48.34000015258789,45.2225456237793
9319,41.77000045776367,39.37583541870117
9320,8.369999885559082,8.32204532623291
9321,27.700000762939453,27.087417602539062
9322,13.6899995803833,12.23172664642334
9323,66.9800033569336,66.88356018066406
9324,8.670000076293945,7.437168598175049
9325,39.599998474121094,39.07191467285156
9326,32.90999984741211,31.26845932006836
9327,42.540000915527344,41.136817932128906
9328,23.270000457763672,23.070301055908203
9329,7.639999866485596,6.557797431945801
9330,29.729999542236328,28.32904052734375
9331,49.75,47.967899322509766
9332,8.579999923706055,7.906124591827393
9333,8.859999656677246,6.863973140716553
9334,38.189998626708984,36.84614181518555
9335,59.22999954223633,57.36883544921875
9336,65.5,64.8853759765625
9337,34.2599983215332,33.03822326660156
9338,16.329999923706055,15.372734069824219
9339,32.220001220703125,32.43513870239258
9340,47.459999084472656,45.36213684082031
9341,10.670000076293945,10.576760292053223
9342,22.799999237060547,22.297866821289062
9343,44.310001373291016,44.14205551147461
9344,16.270000457763672,15.268392562866211
9345,27.530000686645508,26.025371551513672
9346,35.2599983215332,33.85789489746094
9347,4.929999828338623,3.8592610359191895
9348,66.47000122070312,64.0269546508789
9349,5.449999809265137,4.415072441101074
9350,2.4200000762939453,1.4676027297973633
9351,28.5,27.818784713745117
9352,39.75,39.54079055786133
9353,11.710000038146973,10.693185806274414
9354,3.5399999618530273,2.8214447498321533
9355,5.550000190734863,4.800415515899658
9356,7.269999980926514,6.359472751617432
9357,24.049999237060547,24.00243377685547
9358,22.700000762939453,21.873668670654297
9359,31.770000457763672,30.489952087402344
9360,23.690000534057617,22.627317428588867
9361,16.1299991607666,15.377893447875977
9362,42.9900016784668,41.62095260620117
9363,12.5,11.488829612731934
9364,24.450000762939453,23.640426635742188
9365,48.619998931884766,45.809837341308594
9366,10.390000343322754,9.061098098754883
9367,18.979999542236328,17.816736221313477
9368,39.529998779296875,38.434444427490234
9369,23.350000381469727,22.349609375
9370,3.8399999141693115,2.343695878982544
9371,17.719999313354492,16.79692840576172
9372,35.0099983215332,34.27945327758789
9373,41.52000045776367,40.580482482910156
9374,10.510000228881836,9.857707023620605
9375,23.010000228881836,22.887712478637695
9376,36.279998779296875,34.67057800292969
9377,6.579999923706055,5.795505523681641
9378,22.25,21.35205078125
9379,23.75,22.410720825195312
9380,14.90999984741211,13.760397911071777
9381,10.130000114440918,10.569231986999512
9382,11.449999809265137,11.17341136932373
9383,15.119999885559082,14.269530296325684
9384,15.539999961853027,14.43225383758545
9385,8.029999732971191,6.937757968902588
9386,12.039999961853027,11.511323928833008
9387,50.400001525878906,49.9555778503418
9388,23.549999237060547,22.483062744140625
9389,21.959999084472656,20.838937759399414
9390,13.90999984741211,13.594470024108887
9391,8.90999984741211,7.35396146774292
9392,8.460000038146973,7.588879108428955
9393,39.650001525878906,39.23028564453125
9394,13.420000076293945,12.529542922973633
9395,7.150000095367432,6.189070701599121
9396,4.630000114440918,3.3014159202575684
9397,38.20000076293945,36.68876266479492
9398,66.27999877929688,62.02022171020508
9399,6.440000057220459,4.985377311706543
9400,29.420000076293945,28.35141372680664
9401,18.1299991607666,17.45501136779785
9402,10.680000305175781,10.01976490020752
9403,19.940000534057617,19.921676635742188
9404,29.31999969482422,28.539548873901367
9405,13.239999771118164,12.309477806091309
9406,33.619998931884766,32.688072204589844
9407,8.0,6.941323280334473
9408,15.220000267028809,15.18537712097168
9409,19.709999084472656,18.793441772460938
9410,21.719999313354492,20.644302368164062
9411,21.899999618530273,20.289674758911133
9412,33.040000915527344,32.31447219848633
9413,18.25,17.185791015625
9414,32.31999969482422,31.091550827026367
9415,53.79999923706055,51.463687896728516
9416,35.54999923706055,34.306434631347656
9417,28.200000762939453,27.800880432128906
9418,49.86000061035156,49.85324478149414
9419,15.760000228881836,15.424240112304688
9420,63.7599983215332,61.149513244628906
9421,17.489999771118164,16.244853973388672
9422,52.56999969482422,49.873897552490234
9423,26.049999237060547,25.242786407470703
9424,13.970000267028809,13.42259407043457
9425,46.38999938964844,45.60822296142578
9426,32.7400016784668,31.026338577270508
9427,2.4700000286102295,1.4282225370407104
9428,47.63999938964844,44.956729888916016
9429,10.680000305175781,9.447148323059082
9430,19.610000610351562,18.9652099609375
9431,15.729999542236328,14.899415969848633
9432,29.93000030517578,29.368959426879883
9433,47.06999969482422,45.597679138183594
9434,69.33999633789062,66.70207214355469
9435,35.18000030517578,34.654205322265625
9436,24.190000534057617,22.345748901367188
9437,72.58000183105469,72.88689422607422
9438,27.709999084472656,26.376623153686523
9439,37.099998474121094,36.09687042236328
9440,29.829999923706055,29.226364135742188
9441,76.52999877929688,74.57091522216797
9442,35.16999816894531,34.19248580932617
9443,64.79000091552734,65.77689361572266
9444,34.4900016784668,33.607601165771484
9445,1.9600000381469727,1.692334532737732
9446,23.139999389648438,20.973251342773438
9447,28.190000534057617,26.90876579284668
9448,41.349998474121094,40.17530822753906
9449,24.920000076293945,24.007118225097656
9450,12.140000343322754,10.812172889709473
9451,10.479999542236328,9.634879112243652
9452,11.479999542236328,10.94974136352539
9453,37.81999969482422,36.609561920166016
9454,36.18000030517578,34.455055236816406
9455,68.83000183105469,67.0638198852539
9456,38.959999084472656,38.28694534301758
9457,43.86000061035156,43.65013885498047
9458,31.8700008392334,29.83349609375
9459,33.0099983215332,32.627685546875
9460,15.319999694824219,14.46275806427002
9461,27.8799991607666,27.114076614379883
9462,39.29999923706055,39.62760925292969
9463,63.540000915527344,58.0214958190918
9464,34.59000015258789,33.69389724731445
9465,16.6200008392334,15.744134902954102
9466,23.229999542236328,21.910175323486328
9467,11.520000457763672,10.87105941772461
9468,13.800000190734863,12.979700088500977
9469,22.059999465942383,21.579654693603516
9470,46.79999923706055,45.19455337524414
9471,5.0,5.668792724609375
9472,21.450000762939453,19.965518951416016
9473,41.25,39.5303840637207
9474,19.920000076293945,19.635902404785156
9475,23.989999771118164,22.854007720947266
9476,28.690000534057617,27.45363426208496
9477,20.6200008392334,20.592853546142578
9478,67.01000213623047,64.51264190673828
9479,29.889999389648438,29.44266128540039
9480,19.959999084472656,18.734071731567383
9481,26.190000534057617,24.254528045654297
9482,6.019999980926514,4.8229241371154785
9483,35.5099983215332,34.129032135009766
9484,6.03000020980835,5.08932638168335
9485,14.760000228881836,13.735129356384277
9486,17.510000228881836,17.14729118347168
9487,37.88999938964844,36.359535217285156
9488,36.40999984741211,35.430625915527344
9489,46.77000045776367,46.45974349975586
9490,17.690000534057617,17.025541305541992
9491,12.880000114440918,11.869492530822754
9492,36.650001525878906,35.766544342041016
9493,22.399999618530273,20.985294342041016
9494,9.989999771118164,8.837564468383789
9495,47.97999954223633,47.45648956298828
9496,25.719999313354492,24.376510620117188
9497,61.209999084472656,59.066070556640625
9498,27.139999389648438,26.018627166748047
9499,22.010000228881836,21.282560348510742
9500,36.25,35.430538177490234
9501,6.909999847412109,6.348392963409424
9502,45.66999816894531,44.33678436279297
9503,20.860000610351562,20.31415557861328
9504,23.420000076293945,22.18227767944336
9505,25.049999237060547,24.860076904296875
9506,53.18000030517578,51.8440055847168
9507,2.430000066757202,3.123777389526367
9508,38.970001220703125,37.676780700683594
9509,12.739999771118164,12.105663299560547
9510,26.260000228881836,26.104278564453125
9511,18.34000015258789,17.406848907470703
9512,55.47999954223633,54.41361999511719
9513,58.0,54.77690505981445
9514,7.429999828338623,5.960458755493164
9515,64.0999984741211,62.009033203125
9516,48.540000915527344,46.31418228149414
9517,14.40999984741211,13.964095115661621
9518,29.920000076293945,29.724605560302734
9519,12.680000305175781,11.554874420166016
9520,11.0600004196167,10.785512924194336
9521,69.9000015258789,69.12564849853516
9522,26.030000686645508,25.063438415527344
9523,71.38999938964844,70.72628784179688
9524,22.450000762939453,21.037919998168945
9525,4.789999961853027,3.1112093925476074
9526,17.3799991607666,16.51144790649414
9527,21.450000762939453,19.52257537841797
9528,32.84000015258789,31.503116607666016
9529,15.109999656677246,14.794605255126953
9530,44.869998931884766,44.087799072265625
9531,38.90999984741211,37.400882720947266
9532,57.2400016784668,58.806068420410156
9533,7.909999847412109,7.458832740783691
9534,18.079999923706055,17.570316314697266
9535,4.449999809265137,3.0346925258636475
9536,64.72000122070312,65.4712142944336
9537,52.040000915527344,50.07705307006836
9538,18.1200008392334,17.81007957458496
9539,31.459999084472656,31.02957534790039
9540,18.459999084472656,17.149198532104492
9541,46.349998474121094,46.20893478393555
9542,71.69999694824219,69.6662826538086
9543,46.97999954223633,46.080108642578125
9544,52.040000915527344,49.4947624206543
9545,32.040000915527344,30.634685516357422
9546,55.27000045776367,52.97584533691406
9547,17.850000381469727,16.480560302734375
9548,47.15999984741211,47.08212661743164
9549,9.130000114440918,8.242696762084961
9550,30.25,28.89224624633789
9551,11.65999984741211,11.276986122131348
9552,29.56999969482422,28.638856887817383
9553,12.850000381469727,12.216530799865723
9554,33.5099983215332,32.30513381958008
9555,77.7300033569336,78.04408264160156
9556,26.440000534057617,24.94356346130371
9557,30.440000534057617,29.30921173095703
9558,11.40999984741211,10.295851707458496
9559,21.790000915527344,21.62975311279297
9560,25.649999618530273,24.981319427490234
9561,56.029998779296875,54.95811080932617
9562,6.900000095367432,6.1016845703125
9563,49.709999084472656,47.7938232421875
9564,26.06999969482422,25.573715209960938
9565,10.630000114440918,8.675772666931152
9566,18.3700008392334,18.147077560424805
9567,8.1899995803833,7.440604209899902
9568,9.609999656677246,8.37546157836914
9569,32.54999923706055,31.025653839111328
9570,34.08000183105469,31.848962783813477
9571,14.119999885559082,13.490153312683105
9572,51.9900016784668,48.02499771118164
9573,29.59000015258789,27.540058135986328
9574,60.47999954223633,58.757362365722656
9575,14.65999984741211,13.859280586242676
9576,18.610000610351562,18.22986602783203
9577,15.3100004196167,14.326827049255371
9578,46.650001525878906,44.901710510253906
9579,73.48999786376953,72.58727264404297
9580,64.5199966430664,65.1292495727539
9581,25.8700008392334,25.183902740478516
9582,12.130000114440918,12.06767463684082
9583,25.43000030517578,24.622806549072266
9584,25.440000534057617,24.04220962524414
9585,9.84000015258789,9.113382339477539
9586,39.20000076293945,38.828853607177734
9587,15.920000076293945,15.6697998046875
9588,32.220001220703125,31.97966957092285
9589,9.229999542236328,8.301231384277344
9590,19.079999923706055,17.925334930419922
9591,17.8700008392334,17.066370010375977
9592,39.97999954223633,36.10475158691406
9593,39.88999938964844,38.85469436645508
9594,15.029999732971191,14.716958999633789
9595,31.549999237060547,29.96373176574707
9596,65.16000366210938,64.34317779541016
9597,54.529998779296875,50.081729888916016
9598,28.31999969482422,27.568553924560547
9599,29.969999313354492,29.750213623046875
9600,2.140000104904175,1.3766868114471436
9601,20.040000915527344,20.204814910888672
9602,22.459999084472656,21.39801788330078
9603,21.149999618530273,20.287696838378906
9604,20.899999618530273,19.480575561523438
9605,11.510000228881836,10.949541091918945
9606,31.729999542236328,31.272907257080078
9607,5.650000095367432,4.341679573059082
9608,8.100000381469727,7.214607238769531
9609,26.139999389648438,25.486968994140625
9610,6.369999885559082,5.043191432952881
9611,39.77000045776367,38.25259780883789
9612,32.25,31.738059997558594
9613,14.329999923706055,13.310859680175781
9614,26.229999542236328,24.898012161254883
9615,50.04999923706055,47.73125076293945
9616,19.510000228881836,18.342609405517578
9617,24.729999542236328,24.39037322998047
9618,39.18000030517578,38.88994216918945
9619,53.61000061035156,52.30520248413086
9620,13.229999542236328,12.453323364257812
9621,19.579999923706055,18.750242233276367
9622,62.08000183105469,59.58045959472656
9623,27.170000076293945,27.37516212463379
9624,39.36000061035156,39.11501693725586
9625,19.670000076293945,18.902679443359375
9626,30.530000686645508,28.96210479736328
9627,3.9200000762939453,2.7328503131866455
9628,18.6200008392334,17.446086883544922
9629,21.280000686645508,20.729290008544922
9630,18.81999969482422,18.42764663696289
9631,12.5600004196167,12.662766456604004
9632,16.049999237060547,14.895950317382812
9633,28.610000610351562,27.60198974609375
9634,34.540000915527344,33.05260467529297
9635,0.8299999833106995,1.3055620193481445
9636,8.1899995803833,7.3278093338012695
9637,30.25,30.01240348815918
9638,34.0099983215332,32.344482421875
9639,48.52000045776367,47.45907974243164
9640,50.43000030517578,49.421913146972656
9641,6.019999980926514,5.446366786956787
9642,18.40999984741211,17.455650329589844
9643,22.8700008392334,22.3505916595459
9644,14.680000305175781,13.634486198425293
9645,27.899999618530273,27.136743545532227
9646,11.760000228881836,9.787020683288574
9647,24.6200008392334,23.242229461669922
9648,27.780000686645508,26.623828887939453
9649,32.970001220703125,31.733123779296875
9650,59.41999816894531,59.0329704284668
9651,27.049999237060547,26.964452743530273
9652,43.36000061035156,42.163604736328125
9653,16.739999771118164,15.929767608642578
9654,39.630001068115234,38.61924362182617
9655,1.3899999856948853,1.2530043125152588
9656,58.84000015258789,56.8015251159668
9657,38.43000030517578,37.533546447753906
9658,77.37000274658203,73.78690338134766
9659,20.559999465942383,18.97353744506836
9660,11.6899995803833,10.723315238952637
9661,48.08000183105469,48.8317985534668
9662,23.549999237060547,22.798349380493164
9663,13.180000305175781,12.509580612182617
9664,26.709999084472656,25.618621826171875
9665,2.3299999237060547,2.40665602684021
9666,38.720001220703125,39.39207077026367
9667,52.77000045776367,51.52587890625
9668,27.239999771118164,26.86189842224121
9669,62.880001068115234,63.70632553100586
9670,35.16999816894531,34.54075241088867
9671,12.4399995803833,11.612340927124023
9672,16.6299991607666,15.728574752807617
9673,68.12999725341797,69.3904037475586
9674,13.609999656677246,13.688969612121582
9675,23.93000030517578,22.836801528930664
9676,25.299999237060547,23.682628631591797
9677,32.47999954223633,30.490705490112305
9678,50.72999954223633,50.16127395629883
9679,9.529999732971191,9.177888870239258
9680,16.389999389648438,15.868644714355469
9681,44.13999938964844,43.70829391479492
9682,16.059999465942383,16.4591064453125
9683,51.599998474121094,49.47154998779297
9684,50.25,49.08877944946289
9685,44.040000915527344,40.792503356933594
9686,16.260000228881836,15.788078308105469
9687,24.989999771118164,24.151878356933594
9688,7.409999847412109,6.329890727996826
9689,17.979999542236328,17.462543487548828
9690,8.489999771118164,7.8613600730896
9691,19.270000457763672,18.478885650634766
9692,36.310001373291016,35.432064056396484
9693,32.83000183105469,32.07712173461914
9694,20.200000762939453,18.830181121826172
9695,22.459999084472656,21.124439239501953
9696,37.959999084472656,35.354679107666016
9697,7.960000038146973,7.335854530334473
9698,24.479999542236328,23.676698684692383
9699,54.77000045776367,53.105560302734375
9700,18.989999771118164,17.48851776123047
9701,53.220001220703125,50.70774841308594
9702,31.959999084472656,31.006147384643555
9703,32.18000030517578,31.595985412597656
9704,39.720001220703125,38.443077087402344
9705,13.109999656677246,12.759539604187012
9706,27.760000228881836,26.647247314453125
9707,56.47999954223633,55.46748352050781
9708,10.550000190734863,9.388568878173828
9709,24.540000915527344,23.15802001953125
9710,8.890000343322754,8.207321166992188
9711,20.719999313354492,19.135025024414062
9712,13.90999984741211,13.452753067016602
9713,5.179999828338623,3.716977596282959
9714,20.280000686645508,18.785154342651367
9715,30.010000228881836,28.76820182800293
9716,56.81999969482422,56.04780960083008
9717,18.200000762939453,16.626686096191406
9718,24.459999084472656,24.674440383911133
9719,9.350000381469727,9.088081359863281
9720,60.83000183105469,59.68811798095703
9721,30.489999771118164,29.98366928100586
9722,49.619998931884766,48.81563949584961
9723,29.68000030517578,28.174776077270508
9724,24.229999542236328,23.226058959960938
9725,32.150001525878906,32.48702621459961
9726,34.779998779296875,34.60566329956055
9727,34.939998626708984,34.497982025146484
9728,24.920000076293945,22.987377166748047
9729,25.100000381469727,24.180173873901367
9730,21.690000534057617,21.036800384521484
9731,11.220000267028809,10.022624969482422
9732,28.059999465942383,26.88343048095703
9733,8.710000038146973,8.009403228759766
9734,38.29999923706055,37.994930267333984
9735,22.399999618530273,21.376527786254883
9736,4.739999771118164,3.4485158920288086
9737,21.809999465942383,21.012958526611328
9738,11.8100004196167,11.0477933883667
9739,27.760000228881836,26.38606834411621
9740,15.279999732971191,15.219406127929688
9741,8.670000076293945,7.8299126625061035
9742,70.97000122070312,66.25017547607422
9743,13.6899995803833,13.00460433959961
9744,15.380000114440918,14.929300308227539
9745,8.050000190734863,7.625113010406494
9746,45.150001525878906,45.66105270385742
9747,41.650001525878906,40.84706497192383
9748,27.18000030517578,25.943532943725586
9749,36.650001525878906,35.178707122802734
9750,21.190000534057617,20.517356872558594
9751,16.610000610351562,15.95673942565918
9752,53.20000076293945,53.532806396484375
9753,52.099998474121094,51.16455841064453
9754,28.59000015258789,27.434158325195312
9755,30.299999237060547,28.111835479736328
9756,35.33000183105469,35.87742614746094
9757,25.8799991607666,24.628219604492188
9758,15.9399995803833,14.698295593261719
9759,7.090000152587891,6.332514762878418
9760,28.549999237060547,28.228038787841797
9761,8.239999771118164,6.724995136260986
9762,24.06999969482422,23.769821166992188
9763,14.75,13.868721961975098
9764,5.460000038146973,3.967794179916382
9765,56.08000183105469,57.71117401123047
9766,28.030000686645508,28.13887596130371
9767,46.900001525878906,42.725181579589844
9768,11.279999732971191,10.049117088317871
9769,14.890000343322754,13.768033027648926
9770,15.760000228881836,15.130516052246094
9771,7.929999828338623,6.49053955078125
9772,42.529998779296875,40.8120002746582
9773,24.170000076293945,22.989927291870117
9774,10.15999984741211,8.957615852355957
9775,53.650001525878906,51.67955017089844
9776,18.1299991607666,16.82223892211914
9777,10.760000228881836,9.72050952911377
9778,17.809999465942383,17.346529006958008
9779,35.06999969482422,33.596065521240234
9780,43.7599983215332,42.8398323059082
9781,7.519999980926514,6.750061511993408
9782,7.010000228881836,6.309419631958008
9783,10.550000190734863,10.197142601013184
9784,38.16999816894531,37.45347595214844
9785,48.369998931884766,44.671714782714844
9786,11.710000038146973,11.754499435424805
9787,14.4399995803833,13.69848346710205
9788,21.399999618530273,20.63251304626465
9789,7.760000228881836,6.404648780822754
9790,53.869998931884766,54.80504608154297
9791,11.079999923706055,10.059351921081543
9792,2.680000066757202,1.981813907623291
9793,43.2599983215332,42.69576644897461
9794,49.9900016784668,49.2434196472168
9795,71.77999877929688,71.0528564453125
9796,8.199999809265137,6.980993270874023
9797,21.68000030517578,20.43695068359375
9798,23.940000534057617,22.858217239379883
9799,15.529999732971191,14.634279251098633
9800,51.95000076293945,46.63406753540039
9801,48.0,48.31019973754883
9802,25.3799991607666,24.813236236572266
9803,47.790000915527344,47.333133697509766
9804,32.0,31.1376953125
9805,37.0,37.625328063964844
9806,20.709999084472656,20.643213272094727
9807,40.40999984741211,40.15943145751953
9808,64.80999755859375,63.51940155029297
9809,12.5,11.548168182373047
9810,27.56999969482422,25.93364715576172
9811,34.16999816894531,34.887115478515625
9812,31.170000076293945,30.55717658996582
9813,39.72999954223633,38.358211517333984
9814,59.2400016784668,57.68142318725586
9815,51.189998626708984,49.95195388793945
9816,53.7400016784668,51.321990966796875
9817,0.8600000143051147,1.167716145515442
9818,32.36000061035156,31.597856521606445
9819,25.5,24.01825714111328
9820,5.380000114440918,3.9751386642456055
9821,10.630000114440918,10.161324501037598
9822,50.27000045776367,50.2739143371582
9823,57.09000015258789,55.91435241699219
9824,11.59000015258789,9.327309608459473
9825,29.219999313354492,28.400543212890625
9826,11.489999771118164,11.473366737365723
9827,19.1200008392334,18.790016174316406
9828,8.510000228881836,7.615936279296875
9829,23.600000381469727,22.032958984375
9830,38.560001373291016,38.650299072265625
9831,37.849998474121094,38.71376037597656
9832,60.25,57.725555419921875
9833,17.510000228881836,16.465513229370117
9834,29.360000610351562,29.25501251220703
9835,12.970000267028809,12.75153636932373
9836,22.239999771118164,21.036846160888672
9837,27.790000915527344,26.358802795410156
9838,37.380001068115234,35.801605224609375
9839,72.6500015258789,70.12909698486328
9840,47.619998931884766,45.26750564575195
9841,26.899999618530273,25.413930892944336
9842,14.260000228881836,14.022252082824707
9843,3.7200000286102295,2.355499744415283
9844,22.75,21.474668502807617
9845,60.959999084472656,61.173492431640625
9846,24.549999237060547,23.512042999267578
9847,38.33000183105469,36.66438293457031
9848,28.209999084472656,26.65224266052246
9849,12.460000038146973,11.579191207885742
9850,29.729999542236328,28.35596466064453
9851,10.09000015258789,9.561840057373047
9852,24.479999542236328,22.699398040771484
9853,37.4900016784668,35.799861907958984
9854,42.2400016784668,41.455604553222656
9855,57.220001220703125,50.34840774536133
9856,14.90999984741211,13.567414283752441
9857,9.369999885559082,8.173730850219727
9858,34.470001220703125,33.20570373535156
9859,14.899999618530273,13.99933910369873
9860,33.959999084472656,32.605350494384766
9861,31.270000457763672,30.091257095336914
9862,5.5,4.354292869567871
9863,1.909999966621399,1.1556150913238525
9864,29.899999618530273,28.988460540771484
9865,34.59000015258789,33.884552001953125
9866,11.550000190734863,10.461908340454102
9867,34.0099983215332,31.896690368652344
9868,20.190000534057617,18.806921005249023
9869,47.709999084472656,45.94746398925781
9870,16.469999313354492,15.121414184570312
9871,11.890000343322754,11.653634071350098
9872,30.18000030517578,28.97215461730957
9873,38.56999969482422,36.53159713745117
9874,12.1899995803833,12.2034273147583
9875,17.43000030517578,16.504562377929688
9876,34.5099983215332,33.89838790893555
9877,23.940000534057617,23.447053909301758
9878,45.310001373291016,44.68450164794922
9879,57.119998931884766,54.8286247253418
9880,46.47999954223633,45.769535064697266
9881,31.260000228881836,30.070844650268555
9882,44.880001068115234,43.97394561767578
9883,37.43000030517578,36.600975036621094
9884,67.16999816894531,65.45309448242188
9885,43.06999969482422,42.36756896972656
9886,42.439998626708984,41.021480560302734
9887,22.34000015258789,22.021419525146484
9888,7.019999980926514,5.8069329261779785
9889,27.06999969482422,26.482772827148438
9890,17.34000015258789,16.72557830810547
9891,46.86000061035156,46.94887924194336
9892,27.469999313354492,25.409103393554688
9893,21.670000076293945,20.74099349975586
9894,52.63999938964844,50.41870880126953
9895,25.65999984741211,23.75947380065918
9896,39.220001220703125,38.3072509765625
9897,31.209999084472656,30.06606674194336
9898,5.230000019073486,3.883650779724121
9899,46.33000183105469,44.03870391845703
9900,7.349999904632568,6.475758075714111
9901,19.040000915527344,18.361936569213867
9902,46.529998779296875,45.550174713134766
9903,67.81999969482422,63.43349838256836
9904,40.130001068115234,39.65281295776367
9905,19.290000915527344,18.293251037597656
9906,23.389999389648438,22.865610122680664
9907,22.93000030517578,22.310483932495117
9908,74.45999908447266,74.79603576660156
9909,53.459999084472656,53.32694625854492
9910,1.850000023841858,1.3811924457550049
9911,29.68000030517578,28.852455139160156
9912,55.7400016784668,53.83658218383789
9913,18.6299991607666,18.08043670654297
9914,38.11000061035156,35.63243865966797
9915,32.560001373291016,31.361923217773438
9916,16.760000228881836,16.453500747680664
9917,10.170000076293945,9.443682670593262
9918,60.59000015258789,59.31767654418945
9919,16.6200008392334,15.737022399902344
9920,11.4399995803833,10.809462547302246
9921,41.130001068115234,40.80503845214844
9922,61.59000015258789,61.402950286865234
9923,45.54999923706055,41.98822021484375
9924,32.970001220703125,31.59556770324707
9925,12.84000015258789,12.8950777053833
9926,54.349998474121094,52.71001052856445
9927,35.11000061035156,34.82289123535156
9928,24.700000762939453,23.69367027282715
9929,43.68000030517578,43.44207000732422
9930,20.450000762939453,19.605815887451172
9931,56.22999954223633,56.41900634765625
9932,45.959999084472656,44.984161376953125
9933,7.710000038146973,7.048612117767334
9934,56.439998626708984,55.010719299316406
9935,38.0,38.46040725708008
9936,24.90999984741211,24.859699249267578
9937,6.909999847412109,6.18425178527832
9938,72.86000061035156,71.2722396850586
9939,45.06999969482422,43.551517486572266
9940,6.269999980926514,5.753294944763184
9941,21.899999618530273,21.09496307373047
9942,15.520000457763672,14.800819396972656
9943,30.309999465942383,29.71333885192871
9944,12.270000457763672,10.834807395935059
9945,20.440000534057617,19.69344139099121
9946,8.430000305175781,7.731684684753418
9947,18.06999969482422,16.834476470947266
9948,67.08999633789062,67.12239074707031
9949,19.649999618530273,18.378963470458984
9950,35.7400016784668,33.511905670166016
9951,59.29999923706055,58.59730529785156
9952,43.029998779296875,41.65996551513672
9953,20.3799991607666,19.758197784423828
9954,38.18000030517578,36.56447219848633
9955,19.6299991607666,18.723669052124023
9956,42.33000183105469,40.33247756958008
9957,28.93000030517578,29.212366104125977
9958,25.469999313354492,24.81410789489746
9959,40.61000061035156,39.47416305541992
9960,61.20000076293945,57.969120025634766
9961,46.880001068115234,46.96986389160156
9962,2.700000047683716,1.3784475326538086
9963,54.779998779296875,54.01017761230469
9964,19.5,19.2138729095459
9965,26.290000915527344,25.8096923828125
9966,19.8700008392334,19.291303634643555
9967,24.559999465942383,23.148550033569336
9968,39.099998474121094,38.082942962646484
9969,11.260000228881836,9.918529510498047
9970,22.84000015258789,21.917999267578125
9971,19.700000762939453,18.409711837768555
9972,57.529998779296875,54.31834411621094
9973,28.549999237060547,26.624237060546875
9974,15.710000038146973,14.47668743133545
9975,2.309999942779541,1.764146327972412
9976,45.88999938964844,44.20016860961914
9977,16.440000534057617,15.847782135009766
9978,21.420000076293945,21.021381378173828
9979,18.829999923706055,18.072006225585938
9980,18.809999465942383,17.92381477355957
9981,25.09000015258789,24.07230567932129
9982,20.739999771118164,20.251062393188477
9983,35.2599983215332,34.79081726074219
9984,9.609999656677246,8.797780990600586
9985,23.110000610351562,21.931488037109375
9986,44.0099983215332,42.4798583984375
9987,54.08000183105469,52.64192581176758
9988,23.959999084472656,22.808883666992188
9989,13.710000038146973,12.778590202331543
9990,13.470000267028809,12.966445922851562
9991,41.540000915527344,40.18463897705078
9992,35.689998626708984,35.08933639526367
9993,6.489999771118164,5.491518974304199
9994,16.229999542236328,15.418773651123047
9995,19.780000686645508,18.47903823852539
9996,21.959999084472656,22.021743774414062
9997,12.520000457763672,11.62890911102295
9998,24.200000762939453,24.36923599243164
9999,54.779998779296875,53.51972198486328
10000,11.680000305175781,11.118244171142578
10001,41.43000030517578,39.64928436279297
10002,34.34000015258789,32.611358642578125
10003,53.0099983215332,50.95344161987305
10004,59.06999969482422,57.602134704589844
10005,36.04999923706055,34.986087799072266
10006,39.47999954223633,38.171142578125
10007,15.739999771118164,15.328718185424805
10008,33.86000061035156,32.384735107421875
10009,19.100000381469727,18.81232452392578
10010,35.36000061035156,35.00255584716797
10011,36.45000076293945,34.810890197753906
10012,16.229999542236328,15.022378921508789
10013,48.7400016784668,46.793182373046875
10014,23.239999771118164,21.810558319091797
10015,33.150001525878906,31.369199752807617
10016,38.93000030517578,38.45690155029297
10017,16.6200008392334,15.982318878173828
10018,21.040000915527344,19.434741973876953
10019,7.809999942779541,6.3063201904296875
10020,34.63999938964844,33.615570068359375
10021,10.890000343322754,9.670173645019531
10022,69.04000091552734,68.9327163696289
10023,34.060001373291016,33.52565383911133
10024,10.859999656677246,10.087900161743164
10025,47.20000076293945,45.21320724487305
10026,28.5,27.281335830688477
10027,8.40999984741211,7.128322601318359
10028,25.270000457763672,23.997352600097656
10029,72.31999969482422,68.47381591796875
10030,23.700000762939453,22.38897132873535
10031,3.759999990463257,2.1793272495269775
10032,72.29000091552734,70.9896011352539
10033,45.130001068115234,44.69936752319336
10034,43.88999938964844,43.512046813964844
10035,34.810001373291016,34.90146255493164
10036,24.059999465942383,20.513185501098633
10037,12.649999618530273,12.041278839111328
10038,48.31999969482422,44.944149017333984
10039,55.0,55.62446212768555
10040,7.5,6.38001823425293
10041,17.8700008392334,17.06500244140625
10042,24.690000534057617,23.777070999145508
10043,8.739999771118164,7.797976493835449
10044,21.459999084472656,21.253002166748047
10045,8.100000381469727,7.133291721343994
10046,42.720001220703125,41.093387603759766
10047,33.880001068115234,32.58188247680664
10048,8.449999809265137,7.10197114944458
10049,37.540000915527344,36.980655670166016
10050,28.56999969482422,27.576608657836914
10051,25.079999923706055,25.1131534576416
10052,15.390000343322754,14.317708015441895
10053,53.470001220703125,51.412227630615234
10054,7.019999980926514,6.363592147827148
10055,12.220000267028809,11.837982177734375
10056,31.809999465942383,32.20459747314453
10057,30.079999923706055,28.71566390991211
10058,23.110000610351562,21.940914154052734
10059,9.079999923706055,7.322017192840576
10060,11.25,9.87125015258789
10061,23.559999465942383,22.93584442138672
10062,56.650001525878906,54.9377326965332
10063,12.170000076293945,10.973766326904297
10064,63.7599983215332,64.21734619140625
10065,52.83000183105469,51.596126556396484
10066,11.59000015258789,10.551194190979004
10067,10.039999961853027,9.497467994689941
10068,32.900001525878906,32.55122756958008
10069,33.040000915527344,32.023902893066406
10070,56.029998779296875,56.11539077758789
10071,13.699999809265137,14.257418632507324
10072,39.7400016784668,38.398094177246094
10073,41.5,39.93929672241211
10074,20.270000457763672,19.557865142822266
10075,11.350000381469727,10.124792098999023
10076,29.290000915527344,27.634923934936523
10077,21.5,20.018939971923828
10078,27.399999618530273,27.522884368896484
10079,25.3700008392334,24.788766860961914
10080,28.5,27.4058837890625
10081,53.0099983215332,52.928218841552734
10082,15.869999885559082,14.33961009979248
10083,21.260000228881836,20.74093246459961
10084,36.40999984741211,34.82169723510742
10085,25.790000915527344,24.46167755126953
10086,6.889999866485596,6.277909755706787
10087,39.2400016784668,37.940608978271484
10088,58.45000076293945,58.65633773803711
10089,28.75,27.719337463378906
10090,30.549999237060547,29.63577651977539
10091,34.18000030517578,33.09635925292969
10092,12.029999732971191,11.177363395690918
10093,47.25,46.54239273071289
10094,39.880001068115234,37.86027145385742
10095,8.3100004196167,7.476831436157227
10096,4.150000095367432,2.9814631938934326
10097,34.130001068115234,32.49079895019531
10098,19.510000228881836,18.744915008544922
10099,18.200000762939453,17.281185150146484
10100,23.3700008392334,23.2262020111084
10101,23.979999542236328,24.164493560791016
10102,12.989999771118164,12.08694839477539
10103,13.890000343322754,13.715920448303223
10104,38.79999923706055,37.174869537353516
10105,31.15999984741211,29.986534118652344
10106,6.039999961853027,4.134073257446289
10107,8.880000114440918,7.973295211791992
10108,42.400001525878906,39.313453674316406
10109,33.79999923706055,33.98219680786133
10110,37.06999969482422,36.05469512939453
10111,15.880000114440918,14.869686126708984
10112,12.630000114440918,11.778390884399414
10113,34.16999816894531,34.95026397705078
10114,31.5,29.049880981445312
10115,9.010000228881836,8.308370590209961
10116,68.4000015258789,67.51256561279297
10117,18.940000534057617,18.004154205322266
10118,60.18000030517578,56.67798614501953
10119,22.399999618530273,21.70269012451172
10120,18.290000915527344,17.086566925048828
10121,29.43000030517578,29.373044967651367
10122,35.470001220703125,34.598697662353516
10123,22.18000030517578,21.340614318847656
10124,64.91000366210938,64.10033416748047
10125,41.459999084472656,43.055023193359375
10126,4.579999923706055,3.0662453174591064
10127,11.15999984741211,9.831275939941406
10128,37.16999816894531,36.564422607421875
10129,25.770000457763672,25.474260330200195
10130,4.920000076293945,3.5797555446624756
10131,15.760000228881836,14.645336151123047
10132,21.459999084472656,20.15631675720215
10133,11.3100004196167,11.046439170837402
10134,46.150001525878906,44.98762893676758
10135,22.950000762939453,23.12856101989746
10136,20.270000457763672,19.158184051513672
10137,28.0,26.765132904052734
10138,12.270000457763672,11.501595497131348
10139,42.7400016784668,41.11886215209961
10140,24.43000030517578,23.064380645751953
10141,28.479999542236328,28.09670639038086
10142,11.970000267028809,11.126147270202637
10143,32.54999923706055,32.320472717285156
10144,14.420000076293945,13.246854782104492
10145,22.700000762939453,21.735233306884766
10146,47.630001068115234,46.515682220458984
10147,6.46999979019165,5.216607093811035
10148,20.989999771118164,19.787296295166016
10149,9.039999961853027,7.856542110443115
10150,5.050000190734863,3.947402000427246
10151,5.829999923706055,4.4205641746521
10152,6.429999828338623,5.564988613128662
10153,28.360000610351562,26.940338134765625
10154,8.619999885559082,7.888175010681152
10155,15.630000114440918,14.598997116088867
10156,38.61000061035156,39.120914459228516
10157,44.41999816894531,42.321044921875
10158,30.25,29.50438117980957
10159,27.360000610351562,27.126100540161133
10160,20.020000457763672,19.089677810668945
10161,37.75,37.565120697021484
10162,24.18000030517578,23.403549194335938
10163,35.900001525878906,34.563358306884766
10164,19.549999237060547,19.589027404785156
10165,27.729999542236328,26.388294219970703
10166,19.06999969482422,19.203794479370117
10167,34.15999984741211,33.285484313964844
10168,18.969999313354492,18.559711456298828
10169,25.280000686645508,24.02056312561035
10170,30.110000610351562,29.11726951599121
10171,9.170000076293945,7.935115814208984
10172,18.770000457763672,17.48788833618164
10173,39.95000076293945,38.95311737060547
10174,40.439998626708984,40.21739959716797
10175,7.78000020980835,6.9934210777282715
10176,23.93000030517578,22.47982406616211
10177,7.03000020980835,6.033867835998535
10178,47.459999084472656,44.192195892333984
10179,5.170000076293945,3.234607696533203
10180,21.760000228881836,21.042749404907227
10181,7.880000114440918,6.812690258026123
10182,9.149999618530273,8.375890731811523
10183,14.949999809265137,14.078944206237793
10184,25.100000381469727,23.802215576171875
10185,4.090000152587891,2.458467960357666
10186,27.34000015258789,25.69190216064453
10187,55.29999923706055,53.361915588378906
10188,8.899999618530273,7.703377723693848
10189,21.049999237060547,20.31641960144043
10190,33.15999984741211,31.29446029663086
10191,11.710000038146973,11.367982864379883
10192,22.15999984741211,21.217849731445312
10193,40.59000015258789,39.36172103881836
10194,56.58000183105469,58.48538589477539
10195,21.0,20.010971069335938
10196,34.66999816894531,33.99372482299805
10197,25.170000076293945,23.70706558227539
10198,29.34000015258789,29.369319915771484
10199,28.469999313354492,28.325748443603516
10200,6.980000019073486,6.112226963043213
10201,21.889999389648438,21.14097023010254
10202,39.0099983215332,38.93798065185547
10203,23.579999923706055,21.931453704833984
10204,20.329999923706055,19.250844955444336
10205,15.869999885559082,14.883981704711914
10206,29.239999771118164,27.854280471801758
10207,13.109999656677246,12.637736320495605
10208,19.8700008392334,18.781509399414062
10209,36.119998931884766,36.42525863647461
10210,39.619998931884766,36.65961456298828
10211,47.02000045776367,45.650943756103516
10212,24.829999923706055,24.71636962890625
10213,18.989999771118164,19.219451904296875
10214,31.799999237060547,29.998435974121094
10215,48.439998626708984,46.3878173828125
10216,6.239999771118164,4.6161675453186035
10217,36.970001220703125,36.232059478759766
10218,52.150001525878906,51.23460006713867
10219,28.420000076293945,27.360057830810547
10220,19.440000534057617,19.213279724121094
10221,53.79999923706055,54.739864349365234
10222,17.420000076293945,16.69800567626953
10223,38.18000030517578,36.15230178833008
10224,37.060001373291016,37.09286880493164
10225,45.33000183105469,43.841495513916016
10226,3.4100000858306885,2.5682480335235596
10227,39.209999084472656,38.88902282714844
10228,7.929999828338623,6.731944561004639
10229,31.649999618530273,30.813310623168945
10230,22.31999969482422,20.950939178466797
10231,31.31999969482422,31.32965087890625
10232,28.68000030517578,28.333728790283203
10233,11.600000381469727,10.310404777526855
10234,26.450000762939453,25.03119468688965
10235,4.190000057220459,2.3058040142059326
10236,12.4399995803833,12.450315475463867
10237,64.22000122070312,61.29610061645508
10238,15.489999771118164,14.372170448303223
10239,8.65999984741211,7.660680770874023
10240,37.939998626708984,37.148380279541016
10241,48.869998931884766,47.16691207885742
10242,16.68000030517578,15.602643966674805
10243,24.010000228881836,23.663103103637695
10244,12.5600004196167,11.58232307434082
10245,12.850000381469727,11.978331565856934
10246,13.180000305175781,11.146960258483887
10247,19.84000015258789,18.96588706970215
10248,60.88999938964844,61.52892303466797
10249,43.15999984741211,40.63862609863281
10250,38.720001220703125,38.59210968017578
10251,19.3799991607666,18.25094223022461
10252,69.88999938964844,69.33675384521484
10253,27.739999771118164,26.75033950805664
10254,6.860000133514404,6.012241363525391
10255,16.219999313354492,14.901924133300781
10256,17.399999618530273,16.936120986938477
10257,17.6299991607666,17.24304962158203
10258,50.84000015258789,48.3976936340332
10259,31.540000915527344,30.254436492919922
10260,43.54999923706055,43.187408447265625
10261,47.529998779296875,46.67174530029297
10262,17.100000381469727,16.493736267089844
10263,49.869998931884766,51.46487045288086
10264,48.5099983215332,47.77204132080078
10265,10.5,10.183647155761719
10266,26.549999237060547,25.150840759277344
10267,21.149999618530273,19.250213623046875
10268,29.850000381469727,28.518842697143555
10269,32.849998474121094,32.9172477722168
10270,69.05999755859375,69.74372100830078
10271,41.349998474121094,40.42609786987305
10272,4.820000171661377,3.2854743003845215
10273,23.770000457763672,22.25096321105957
10274,15.829999923706055,15.454870223999023
10275,30.610000610351562,30.421188354492188
10276,54.189998626708984,53.64301681518555
10277,31.969999313354492,30.35995101928711
10278,47.630001068115234,46.72552490234375
10279,19.90999984741211,18.99262237548828
10280,15.829999923706055,15.059980392456055
10281,6.550000190734863,5.802181243896484
10282,49.279998779296875,47.82655715942383
10283,22.84000015258789,22.566303253173828
10284,30.459999084472656,29.170299530029297
10285,21.15999984741211,20.728233337402344
10286,6.449999809265137,4.848109245300293
10287,14.369999885559082,13.705857276916504
10288,29.920000076293945,28.340282440185547
10289,43.79999923706055,43.074405670166016
10290,12.970000267028809,11.862555503845215
10291,8.289999961853027,6.786567687988281
10292,56.36000061035156,55.46394729614258
10293,59.849998474121094,59.28337478637695
10294,31.950000762939453,32.29745101928711
10295,33.27000045776367,31.674331665039062
10296,50.900001525878906,51.60311508178711
10297,23.440000534057617,22.564998626708984
10298,33.939998626708984,32.88299560546875
10299,5.480000019073486,4.603330135345459
10300,32.849998474121094,32.24909591674805
10301,9.40999984741211,9.217716217041016
10302,35.900001525878906,35.89570999145508
10303,11.859999656677246,10.564763069152832
10304,33.220001220703125,31.760826110839844
10305,29.280000686645508,28.683128356933594
10306,13.609999656677246,12.542926788330078
10307,19.489999771118164,18.225881576538086
10308,26.06999969482422,25.684547424316406
10309,18.889999389648438,17.7043514251709
10310,20.6299991607666,19.61164093017578
10311,15.34000015258789,15.061189651489258
10312,16.149999618530273,15.043212890625
10313,7.929999828338623,6.921636581420898
10314,31.989999771118164,30.387744903564453
10315,21.780000686645508,20.40897560119629
10316,50.529998779296875,49.47110366821289
10317,8.25,7.561425685882568
10318,6.519999980926514,5.580528259277344
10319,10.40999984741211,9.881462097167969
10320,25.690000534057617,24.7813663482666
10321,7.449999809265137,5.227347373962402
10322,17.760000228881836,16.553470611572266
10323,18.809999465942383,18.167926788330078
10324,11.529999732971191,10.181116104125977
10325,58.75,59.04098892211914
10326,55.15999984741211,51.844600677490234
10327,15.789999961853027,14.866632461547852
10328,13.109999656677246,12.502143859863281
10329,4.46999979019165,2.6967411041259766
10330,18.40999984741211,17.452499389648438
10331,74.51000213623047,74.59141540527344
10332,17.399999618530273,16.945884704589844
10333,10.270000457763672,9.521931648254395
10334,17.360000610351562,17.9400691986084
10335,20.389999389648438,20.333580017089844
10336,13.779999732971191,13.189094543457031
10337,9.729999542236328,9.160171508789062
10338,2.0299999713897705,1.1215758323669434
10339,12.069999694824219,10.857463836669922
10340,27.959999084472656,26.889915466308594
10341,30.81999969482422,31.079313278198242
10342,11.84000015258789,10.907038688659668
10343,22.360000610351562,21.72557258605957
10344,27.579999923706055,26.384571075439453
10345,45.93000030517578,44.51248550415039
10346,43.04999923706055,41.16286087036133
10347,32.65999984741211,30.679859161376953
10348,52.4900016784668,50.51138687133789
10349,17.68000030517578,16.615821838378906
10350,53.68000030517578,52.53133010864258
10351,15.800000190734863,14.691116333007812
10352,18.450000762939453,18.465015411376953
10353,10.90999984741211,10.452970504760742
10354,12.029999732971191,10.875286102294922
10355,2.809999942779541,1.2807608842849731
10356,64.9000015258789,63.13334655761719
10357,7.119999885559082,5.760794639587402
10358,48.18000030517578,45.17244338989258
10359,26.299999237060547,25.0413761138916
10360,12.4399995803833,11.24747085571289
10361,40.029998779296875,37.30333709716797
10362,15.880000114440918,14.938005447387695
10363,37.970001220703125,35.821571350097656
10364,12.670000076293945,11.45129680633545
10365,34.77000045776367,32.897457122802734
10366,37.93000030517578,36.864715576171875
10367,23.3700008392334,21.966907501220703
10368,58.459999084472656,58.8731575012207
10369,12.15999984741211,11.195123672485352
10370,48.75,48.3676643371582
10371,66.70999908447266,66.23650360107422
10372,19.850000381469727,19.505037307739258
10373,20.5,18.984764099121094
10374,11.529999732971191,10.64574146270752
10375,11.5,10.941874504089355
10376,23.020000457763672,21.539072036743164
10377,50.869998931884766,50.50618362426758
10378,40.22999954223633,39.01848602294922
10379,28.290000915527344,26.605627059936523
10380,19.670000076293945,18.765485763549805
10381,23.110000610351562,21.805511474609375
10382,16.790000915527344,16.086177825927734
10383,22.600000381469727,21.396198272705078
10384,43.459999084472656,42.29374694824219
10385,34.939998626708984,33.1903076171875
10386,41.040000915527344,38.80092239379883
10387,38.02000045776367,37.28585433959961
10388,9.829999923706055,8.322281837463379
10389,16.329999923706055,15.762773513793945
10390,54.16999816894531,53.121273040771484
10391,32.290000915527344,31.186098098754883
10392,42.97999954223633,41.62497329711914
10393,29.209999084472656,28.124080657958984
10394,39.27000045776367,37.390472412109375
10395,32.16999816894531,30.57184600830078
10396,17.770000457763672,16.68209457397461
10397,21.229999542236328,19.568214416503906
10398,23.1200008392334,21.12131690979004
10399,9.1899995803833,7.8410749435424805
10400,6.599999904632568,5.281966686248779
10401,63.13999938964844,64.0980453491211
10402,33.869998931884766,32.405765533447266
10403,30.1200008392334,28.77571678161621
10404,4.860000133514404,3.2417471408843994
10405,10.430000305175781,9.36974811553955
10406,4.650000095367432,2.6802356243133545
10407,32.79999923706055,30.69308853149414
10408,24.1299991607666,22.55875587463379
10409,16.729999542236328,16.124055862426758
10410,53.630001068115234,53.237396240234375
10411,29.90999984741211,28.3530216217041
10412,22.530000686645508,21.187387466430664
10413,24.8799991607666,24.385915756225586
10414,30.219999313354492,29.363903045654297
10415,41.869998931884766,40.602882385253906
10416,15.529999732971191,14.520298957824707
10417,6.570000171661377,5.633236408233643
10418,19.15999984741211,18.62375259399414
10419,21.290000915527344,20.614835739135742
10420,27.030000686645508,27.17007064819336
10421,50.5,49.020626068115234
10422,18.84000015258789,17.61928939819336
10423,6.570000171661377,6.054934978485107
10424,13.390000343322754,12.630635261535645
10425,19.68000030517578,19.30115509033203
10426,52.56999969482422,52.16427230834961
10427,37.540000915527344,33.81893539428711
10428,13.859999656677246,12.900378227233887
10429,10.170000076293945,9.27923583984375
10430,18.610000610351562,18.001399993896484
10431,12.270000457763672,11.417675018310547
10432,13.140000343322754,13.291641235351562
10433,42.56999969482422,41.83576583862305
10434,45.38999938964844,45.32190704345703
10435,27.68000030517578,26.60192108154297
10436,32.349998474121094,31.168672561645508
10437,37.13999938964844,35.365753173828125
10438,8.079999923706055,7.316345691680908
10439,63.790000915527344,63.51127243041992
10440,21.809999465942383,20.734920501708984
10441,9.729999542236328,8.927166938781738
10442,37.650001525878906,38.337684631347656
10443,10.869999885559082,10.527599334716797
10444,13.0,11.95854663848877
10445,24.600000381469727,22.767824172973633
10446,25.809999465942383,24.775020599365234
10447,2.940000057220459,1.8615484237670898
10448,39.0099983215332,37.97869110107422
10449,21.649999618530273,21.379390716552734
10450,70.72000122070312,70.24819946289062
10451,43.93000030517578,43.65755081176758
10452,7.599999904632568,6.574948310852051
10453,21.770000457763672,20.662155151367188
10454,41.470001220703125,40.16868591308594
10455,18.510000228881836,17.462902069091797
10456,21.0,19.643375396728516
10457,62.060001373291016,60.76227951049805
10458,28.6299991607666,27.127832412719727
10459,49.11000061035156,49.28669357299805
10460,3.9100000858306885,2.47314453125
10461,13.819999694824219,12.627429008483887
10462,22.649999618530273,21.699567794799805
10463,45.72999954223633,43.80012130737305
10464,32.31999969482422,31.2650146484375
10465,24.760000228881836,24.310009002685547
10466,51.130001068115234,50.67334747314453
10467,34.54999923706055,34.01224899291992
10468,35.97999954223633,33.988887786865234
10469,5.28000020980835,3.797734498977661
10470,21.139999389648438,20.412647247314453
10471,48.0099983215332,45.3834114074707
10472,13.489999771118164,12.93207836151123
10473,36.380001068115234,35.13941955566406
10474,43.380001068115234,42.48908615112305
10475,47.400001525878906,46.06388473510742
10476,27.440000534057617,25.718008041381836
10477,30.799999237060547,30.860061645507812
10478,9.100000381469727,8.68825626373291
10479,40.5099983215332,40.31765365600586
10480,20.329999923706055,18.345338821411133
10481,23.850000381469727,22.81464958190918
10482,24.65999984741211,24.676244735717773
10483,22.329999923706055,20.43175506591797
10484,42.029998779296875,41.518394470214844
10485,28.469999313354492,26.609024047851562
10486,41.4900016784668,38.31868362426758
10487,35.79999923706055,34.62726593017578
10488,9.0600004196167,8.435836791992188
10489,46.369998931884766,45.84661865234375
10490,13.180000305175781,11.71523380279541
10491,8.050000190734863,6.590109348297119
10492,70.44999694824219,67.39636993408203
10493,73.9000015258789,75.52318572998047
10494,50.58000183105469,49.74000930786133
10495,17.059999465942383,16.618515014648438
10496,7.349999904632568,5.978797912597656
10497,14.229999542236328,13.743966102600098
10498,32.689998626708984,31.886999130249023
10499,32.20000076293945,32.38859939575195
10500,14.430000305175781,13.396062850952148
10501,32.439998626708984,31.62308120727539
10502,21.329999923706055,20.268653869628906
10503,26.90999984741211,25.28145980834961
10504,54.849998474121094,56.75171661376953
10505,8.029999732971191,6.343924522399902
10506,12.199999809265137,11.800666809082031
10507,46.70000076293945,45.61949157714844
10508,24.280000686645508,24.17688751220703
10509,24.510000228881836,23.304580688476562
10510,27.93000030517578,26.752134323120117
10511,38.75,38.27923583984375
10512,29.34000015258789,27.917774200439453
10513,53.630001068115234,52.29823684692383
10514,17.3799991607666,16.33403968811035
10515,30.06999969482422,29.427385330200195
10516,8.640000343322754,7.4919819831848145
10517,42.849998474121094,41.13956832885742
10518,19.670000076293945,18.881072998046875
10519,4.050000190734863,3.4360475540161133
10520,34.4900016784668,33.5847053527832
10521,27.309999465942383,26.51235580444336
10522,53.27000045776367,51.78003692626953
10523,19.06999969482422,17.897829055786133
10524,47.790000915527344,45.563331604003906
10525,15.649999618530273,11.389791488647461
10526,21.690000534057617,20.019268035888672
10527,42.400001525878906,40.808868408203125
10528,53.470001220703125,52.742225646972656
10529,3.880000114440918,2.9231247901916504
10530,15.170000076293945,13.799725532531738
10531,27.200000762939453,25.946544647216797
10532,2.7899999618530273,1.8344429731369019
10533,26.559999465942383,25.006078720092773
10534,62.08000183105469,60.927459716796875
10535,12.680000305175781,12.330079078674316
10536,24.809999465942383,23.581268310546875
10537,15.479999542236328,14.998664855957031
10538,31.34000015258789,29.18167495727539
10539,28.65999984741211,27.51983642578125
10540,21.489999771118164,19.798532485961914
10541,25.690000534057617,25.019371032714844
10542,52.400001525878906,50.84487533569336
10543,35.43000030517578,33.968711853027344
10544,8.359999656677246,6.083184242248535
10545,32.36000061035156,31.176239013671875
10546,60.0099983215332,58.392459869384766
10547,11.199999809265137,10.595169067382812
10548,23.040000915527344,22.847179412841797
10549,41.66999816894531,41.58967208862305
10550,50.650001525878906,50.79415512084961
10551,37.189998626708984,36.40713882446289
10552,5.139999866485596,3.627912998199463
10553,29.110000610351562,28.794544219970703
10554,24.81999969482422,24.385189056396484
10555,25.25,25.093544006347656
10556,46.099998474121094,44.66976547241211
10557,15.609999656677246,15.438577651977539
10558,12.770000457763672,13.120609283447266
10559,24.030000686645508,23.311031341552734
10560,26.549999237060547,26.187240600585938
10561,7.079999923706055,5.751520156860352
10562,28.690000534057617,27.62506866455078
10563,11.210000038146973,10.410686492919922
10564,24.06999969482422,24.230712890625
10565,23.219999313354492,22.90349578857422
10566,4.03000020980835,2.6947638988494873
10567,17.020000457763672,16.41843605041504
10568,19.079999923706055,18.570363998413086
10569,25.18000030517578,23.913955688476562
10570,50.88999938964844,50.255096435546875
10571,9.220000267028809,7.6981964111328125
10572,10.350000381469727,9.674064636230469
10573,18.8799991607666,18.337860107421875
10574,14.710000038146973,13.364786148071289
10575,9.359999656677246,8.359045028686523
10576,14.1899995803833,13.876065254211426
10577,31.700000762939453,31.341554641723633
10578,39.86000061035156,39.61834716796875
10579,34.02000045776367,32.77332305908203
10580,26.31999969482422,25.92735481262207
10581,34.5099983215332,33.13113784790039
10582,18.3799991607666,18.561521530151367
10583,47.959999084472656,46.773433685302734
10584,35.900001525878906,34.88671112060547
10585,27.950000762939453,27.484813690185547
10586,43.54999923706055,41.56760025024414
10587,10.300000190734863,9.622084617614746
10588,23.399999618530273,22.07976531982422
10589,6.730000019073486,5.859431266784668
10590,66.30999755859375,66.78321075439453
10591,22.520000457763672,21.832664489746094
10592,49.029998779296875,50.011898040771484
10593,1.8300000429153442,1.3141270875930786
10594,29.979999542236328,29.85482406616211
10595,20.290000915527344,16.686147689819336
10596,20.110000610351562,19.66065216064453
10597,76.37000274658203,73.55176544189453
10598,27.6200008392334,26.197240829467773
10599,19.639999389648438,18.94746971130371
10600,42.04999923706055,41.384952545166016
10601,17.290000915527344,16.775373458862305
10602,65.77999877929688,64.97801971435547
10603,28.420000076293945,27.00340461730957
10604,13.130000114440918,12.2282075881958
10605,13.84000015258789,13.365703582763672
10606,23.360000610351562,22.63666534423828
10607,54.2599983215332,51.62651824951172
10608,24.579999923706055,23.50752067565918
10609,41.09000015258789,40.436702728271484
10610,48.310001373291016,48.23630905151367
10611,35.40999984741211,34.680233001708984
10612,6.5,5.7190985679626465
10613,19.719999313354492,18.69350242614746
10614,33.93000030517578,31.850595474243164
10615,18.860000610351562,18.74580192565918
10616,53.93000030517578,53.895565032958984
10617,29.530000686645508,28.223968505859375
10618,70.20999908447266,69.57364654541016
10619,56.20000076293945,53.664066314697266
10620,50.689998626708984,49.217647552490234
10621,15.100000381469727,14.707929611206055
10622,15.640000343322754,14.44428539276123
10623,23.920000076293945,23.15050506591797
10624,36.290000915527344,36.00400161743164
10625,26.31999969482422,25.71673011779785
10626,15.100000381469727,13.60071849822998
10627,5.429999828338623,3.960308313369751
10628,27.360000610351562,26.514272689819336
10629,32.5099983215332,30.5621337890625
10630,13.84000015258789,12.830245018005371
10631,52.09000015258789,50.653682708740234
10632,52.040000915527344,49.74692153930664
10633,13.670000076293945,13.289100646972656
10634,14.069999694824219,13.077102661132812
10635,48.529998779296875,46.07645034790039
10636,37.16999816894531,35.12002182006836
10637,24.399999618530273,23.468950271606445
10638,32.619998931884766,32.44468688964844
10639,34.349998474121094,33.31980514526367
10640,49.099998474121094,47.994422912597656
10641,27.950000762939453,26.82038116455078
10642,12.0,11.798200607299805
10643,43.470001220703125,42.467464447021484
10644,69.91999816894531,65.0543441772461
10645,28.3700008392334,27.29778289794922
10646,46.43000030517578,45.62296676635742
10647,42.459999084472656,42.70033645629883
10648,7.78000020980835,6.532872676849365
10649,18.040000915527344,16.77318572998047
10650,26.479999542236328,26.31538963317871
10651,2.4000000953674316,1.2880654335021973
10652,59.2400016784668,57.97506332397461
10653,22.350000381469727,21.792287826538086
10654,27.1200008392334,25.814062118530273
10655,10.449999809265137,9.73109245300293
10656,43.290000915527344,42.20931625366211
10657,31.06999969482422,30.545801162719727
10658,13.140000343322754,12.982076644897461
10659,39.599998474121094,39.2432975769043
10660,31.579999923706055,29.626129150390625
10661,34.63999938964844,33.76813888549805
10662,22.68000030517578,21.91548728942871
10663,11.390000343322754,10.627875328063965
10664,24.020000457763672,23.917375564575195
10665,15.069999694824219,14.145480155944824
10666,48.83000183105469,48.678253173828125
10667,38.279998779296875,36.56901931762695
10668,8.029999732971191,6.645223617553711
10669,27.65999984741211,26.875995635986328
10670,13.3100004196167,13.277498245239258
10671,40.36000061035156,38.89789581298828
10672,43.84000015258789,42.53853988647461
10673,11.119999885559082,9.78882122039795
10674,7.570000171661377,6.345510959625244
10675,24.549999237060547,23.354394912719727
10676,60.130001068115234,60.86003494262695
10677,36.310001373291016,34.81479263305664
10678,46.349998474121094,46.062843322753906
10679,32.209999084472656,31.049516677856445
10680,6.260000228881836,4.925650596618652
10681,13.050000190734863,12.234343528747559
10682,39.7400016784668,37.92959976196289
10683,50.040000915527344,48.02771759033203
10684,3.4000000953674316,2.084132194519043
10685,2.559999942779541,1.3297063112258911
10686,13.029999732971191,12.152862548828125
10687,36.599998474121094,34.989845275878906
10688,12.90999984741211,12.178519248962402
10689,21.18000030517578,20.17426300048828
10690,32.27000045776367,32.07156753540039
10691,31.56999969482422,30.15205955505371
10692,2.690000057220459,1.5339490175247192
10693,55.189998626708984,53.259891510009766
10694,14.09000015258789,12.92048168182373
10695,52.95000076293945,52.484806060791016
10696,17.200000762939453,15.725345611572266
10697,42.25,41.787757873535156
10698,6.440000057220459,4.661050319671631
10699,21.190000534057617,19.797779083251953
10700,6.28000020980835,5.699031352996826
10701,17.290000915527344,16.291433334350586
10702,16.6200008392334,16.47010040283203
10703,73.18000030517578,73.15372467041016
10704,20.290000915527344,19.35209846496582
10705,47.650001525878906,47.78700637817383
10706,8.520000457763672,7.624563694000244
10707,76.08000183105469,77.29792022705078
10708,11.770000457763672,12.222403526306152
10709,2.0799999237060547,1.7062466144561768
10710,13.34000015258789,12.709866523742676
10711,51.22999954223633,50.70163345336914
10712,23.18000030517578,21.141056060791016
10713,11.880000114440918,11.774497985839844
10714,25.34000015258789,23.635929107666016
10715,63.599998474121094,61.82114791870117
10716,18.799999237060547,17.95132064819336
10717,17.81999969482422,16.275863647460938
10718,6.210000038146973,5.119966506958008
10719,33.15999984741211,32.0269660949707
10720,29.18000030517578,29.1030216217041
10721,20.270000457763672,19.368173599243164
10722,3.6600000858306885,2.519719123840332
10723,63.81999969482422,62.17108154296875
10724,11.25,10.401077270507812
10725,32.66999816894531,31.314743041992188
10726,46.22999954223633,45.659725189208984
10727,9.180000305175781,7.623664855957031
10728,26.530000686645508,25.57718849182129
10729,12.1899995803833,11.143256187438965
10730,56.47999954223633,55.669857025146484
10731,33.61000061035156,31.453014373779297
10732,25.31999969482422,24.452299118041992
10733,26.450000762939453,25.927284240722656
10734,34.790000915527344,34.50873565673828
10735,37.86000061035156,37.40151596069336
10736,54.86000061035156,52.945709228515625
10737,7.010000228881836,6.007382392883301
10738,14.699999809265137,13.555891990661621
10739,28.780000686645508,27.548946380615234
10740,47.70000076293945,47.28518295288086
10741,41.83000183105469,40.98469161987305
10742,14.3100004196167,13.68513011932373
10743,34.720001220703125,33.53993225097656
10744,21.950000762939453,20.696428298950195
10745,23.399999618530273,22.473346710205078
10746,52.02000045776367,52.935054779052734
10747,47.790000915527344,48.815223693847656
10748,58.61000061035156,60.010223388671875
10749,23.90999984741211,22.63721466064453
10750,28.059999465942383,26.7540283203125
10751,38.709999084472656,38.421932220458984
10752,30.520000457763672,29.110881805419922
10753,19.059999465942383,17.73520851135254
10754,55.08000183105469,54.24383544921875
10755,11.359999656677246,10.261382102966309
10756,52.540000915527344,51.040191650390625
10757,14.989999771118164,14.58831787109375
10758,5.28000020980835,4.1964521408081055
10759,12.6899995803833,12.453950881958008
10760,15.739999771118164,15.043851852416992
10761,26.31999969482422,25.461830139160156
10762,18.420000076293945,17.990951538085938
10763,31.670000076293945,30.58071517944336
10764,6.920000076293945,7.072487831115723
10765,63.790000915527344,62.122066497802734
10766,28.3799991607666,27.930744171142578
10767,9.460000038146973,8.435237884521484
10768,27.729999542236328,27.591718673706055
10769,43.560001373291016,42.317527770996094
10770,36.400001525878906,34.81977462768555
10771,16.489999771118164,15.574125289916992
10772,26.84000015258789,26.07038116455078
10773,36.25,35.425968170166016
10774,9.180000305175781,8.341120719909668
10775,37.529998779296875,36.21431350708008
10776,22.989999771118164,22.05661964416504
10777,21.84000015258789,20.806690216064453
10778,45.470001220703125,42.02761459350586
10779,24.959999084472656,24.387969970703125
10780,44.61000061035156,43.55147171020508
10781,15.65999984741211,14.71742057800293
10782,39.66999816894531,39.50665283203125
10783,39.029998779296875,36.6617317199707
10784,28.059999465942383,26.663707733154297
10785,62.79999923706055,61.40489959716797
10786,14.220000267028809,14.741453170776367
10787,14.899999618530273,14.917314529418945
10788,21.100000381469727,20.66458511352539
10789,5.300000190734863,4.519192218780518
10790,33.790000915527344,32.179325103759766
10791,13.289999961853027,11.977904319763184
10792,36.810001373291016,34.06039047241211
10793,26.600000381469727,26.49911880493164
10794,27.309999465942383,27.439680099487305
10795,51.63999938964844,50.96312713623047
10796,27.59000015258789,26.50666046142578
10797,32.7599983215332,31.185440063476562
10798,57.209999084472656,53.466094970703125
10799,36.040000915527344,33.120513916015625
10800,7.440000057220459,6.566760063171387
10801,35.45000076293945,35.24197006225586
10802,27.969999313354492,27.5819091796875
10803,17.600000381469727,17.80946922302246
10804,52.9900016784668,51.5865478515625
10805,22.040000915527344,21.276748657226562
10806,44.63999938964844,43.04757308959961
10807,19.100000381469727,18.47751235961914
10808,59.09000015258789,56.703983306884766
10809,44.97999954223633,44.3581428527832
10810,53.650001525878906,53.05051803588867
10811,37.97999954223633,35.67143630981445
10812,15.109999656677246,14.01015567779541
10813,45.5099983215332,44.885807037353516
10814,24.549999237060547,22.623878479003906
10815,41.060001373291016,40.079010009765625
10816,41.38999938964844,40.441837310791016
10817,2.0999999046325684,1.4244009256362915
10818,21.649999618530273,20.533527374267578
10819,44.75,43.41209411621094
10820,7.059999942779541,6.126544952392578
10821,27.6299991607666,27.243213653564453
10822,37.52000045776367,36.135467529296875
10823,10.920000076293945,9.470110893249512
10824,7.519999980926514,6.469135761260986
10825,35.7400016784668,33.2475471496582
10826,42.95000076293945,43.89080047607422
10827,32.380001068115234,31.59242057800293
10828,28.600000381469727,28.060836791992188
10829,32.439998626708984,30.80483627319336
10830,34.459999084472656,33.56132888793945
10831,36.630001068115234,34.46963119506836
10832,18.829999923706055,17.621198654174805
10833,34.369998931884766,33.46199035644531
10834,12.319999694824219,11.091089248657227
10835,11.15999984741211,10.52931022644043
10836,23.959999084472656,21.871980667114258
10837,15.800000190734863,15.30225944519043
10838,10.130000114440918,9.365133285522461
10839,55.060001373291016,56.398067474365234
10840,14.949999809265137,14.277186393737793
10841,49.91999816894531,49.37098693847656
10842,32.79999923706055,32.74310302734375
10843,22.059999465942383,19.684234619140625
10844,7.679999828338623,6.719641208648682
10845,22.940000534057617,21.138935089111328
10846,22.010000228881836,20.88968276977539
10847,27.030000686645508,25.54827880859375
10848,22.709999084472656,21.03447723388672
10849,19.469999313354492,18.921676635742188
10850,8.239999771118164,7.320972919464111
10851,11.479999542236328,10.241015434265137
10852,6.409999847412109,4.6329474449157715
10853,18.5,17.961395263671875
10854,74.12000274658203,73.6563491821289
10855,19.670000076293945,19.89577293395996
10856,32.279998779296875,30.649242401123047
10857,39.68000030517578,37.81990432739258
10858,49.70000076293945,47.94325256347656
10859,15.09000015258789,14.077393531799316
10860,25.600000381469727,24.602313995361328
10861,19.06999969482422,18.696990966796875
10862,34.630001068115234,32.730533599853516
10863,9.079999923706055,7.788074016571045
10864,59.310001373291016,57.102516174316406
10865,12.449999809265137,11.825923919677734
10866,52.22999954223633,50.211971282958984
10867,55.88999938964844,52.448848724365234
10868,13.819999694824219,12.516029357910156
10869,13.380000114440918,13.434436798095703
10870,73.29000091552734,72.87882232666016
10871,38.77000045776367,37.808555603027344
10872,8.1899995803833,7.498607635498047
10873,8.170000076293945,7.07714319229126
10874,27.190000534057617,26.169292449951172
10875,23.530000686645508,23.048002243041992
10876,20.899999618530273,21.15175437927246
10877,71.4800033569336,69.69430541992188
10878,17.649999618530273,16.807430267333984
10879,19.020000457763672,17.956256866455078
10880,26.1200008392334,25.352706909179688
10881,18.799999237060547,17.884340286254883
10882,28.360000610351562,26.521320343017578
10883,17.329999923706055,16.381086349487305
10884,55.06999969482422,55.4908332824707
10885,22.110000610351562,21.538047790527344
10886,10.600000381469727,10.372355461120605
10887,36.83000183105469,36.72126007080078
10888,21.18000030517578,19.803762435913086
10889,60.380001068115234,58.59508514404297
10890,10.979999542236328,10.402263641357422
10891,40.2400016784668,37.99355697631836
10892,3.9200000762939453,2.7085485458374023
10893,40.91999816894531,39.7884635925293
10894,33.95000076293945,33.8316535949707
10895,60.790000915527344,57.6016845703125
10896,20.360000610351562,19.98434829711914
10897,8.970000267028809,7.606939792633057
10898,23.540000915527344,22.221717834472656
10899,27.440000534057617,26.800512313842773
10900,3.3499999046325684,2.1555593013763428
10901,13.4399995803833,13.356304168701172
10902,1.4199999570846558,1.5742108821868896
10903,79.37000274658203,74.6402587890625
10904,22.780000686645508,22.30252456665039
10905,47.619998931884766,46.960357666015625
10906,13.239999771118164,12.315962791442871
10907,22.979999542236328,22.686599731445312
10908,59.08000183105469,58.47487258911133
10909,35.63999938964844,34.076324462890625
10910,27.940000534057617,27.541595458984375
10911,32.2400016784668,31.209686279296875
10912,11.4399995803833,10.870119094848633
10913,18.549999237060547,17.52821159362793
10914,15.880000114440918,15.360944747924805
10915,5.949999809265137,4.414162635803223
10916,35.41999816894531,34.34028244018555
10917,21.690000534057617,20.697669982910156
10918,22.270000457763672,21.26321029663086
10919,52.290000915527344,51.74402618408203
10920,24.3799991607666,22.939044952392578
10921,45.56999969482422,43.84114456176758
10922,65.27999877929688,65.7530288696289
10923,14.710000038146973,13.666666984558105
10924,30.260000228881836,30.318355560302734
10925,24.3799991607666,23.030046463012695
10926,5.46999979019165,4.600020885467529
10927,12.920000076293945,13.157562255859375
10928,38.0,36.511131286621094
10929,19.450000762939453,18.402360916137695
10930,33.31999969482422,32.445220947265625
10931,25.459999084472656,25.065568923950195
10932,41.38999938964844,40.96775436401367
10933,18.010000228881836,17.156578063964844
10934,23.75,22.61221694946289
10935,29.809999465942383,29.439899444580078
10936,16.68000030517578,15.786336898803711
10937,23.079999923706055,22.750782012939453
10938,22.770000457763672,21.424110412597656
10939,47.029998779296875,44.893863677978516
10940,56.81999969482422,55.90507125854492
10941,52.16999816894531,51.87864303588867
10942,40.7599983215332,39.79676818847656
10943,7.840000152587891,7.285837173461914
10944,3.359999895095825,2.2389883995056152
10945,40.65999984741211,39.87959671020508
10946,38.279998779296875,37.467288970947266
10947,38.689998626708984,37.843116760253906
10948,25.40999984741211,24.2391300201416
10949,57.630001068115234,56.227909088134766
10950,52.060001373291016,52.03789138793945
10951,13.420000076293945,11.999177932739258
10952,9.460000038146973,8.60498046875
10953,71.83999633789062,67.70525360107422
10954,1.7200000286102295,1.2176270484924316
10955,44.349998474121094,43.2247428894043
10956,51.2400016784668,49.3922233581543
10957,10.630000114440918,10.229625701904297
10958,48.0,46.7163200378418
10959,25.829999923706055,24.752174377441406
10960,21.600000381469727,20.466360092163086
10961,21.239999771118164,20.768566131591797
10962,20.1200008392334,18.52129364013672
10963,18.700000762939453,18.066680908203125
10964,22.889999389648438,21.93436050415039
10965,39.36000061035156,39.063053131103516
10966,19.299999237060547,18.5614013671875
10967,49.02000045776367,46.91946792602539
10968,30.75,29.745716094970703
10969,2.059999942779541,2.510239839553833
10970,8.710000038146973,7.2906317710876465
10971,27.56999969482422,26.894229888916016
10972,49.58000183105469,49.268314361572266
10973,16.309999465942383,15.77945327758789
10974,24.170000076293945,22.501718521118164
10975,21.969999313354492,21.129966735839844
10976,24.209999084472656,22.656450271606445
10977,51.060001373291016,53.07463455200195
10978,21.219999313354492,20.646610260009766
10979,38.33000183105469,37.38318634033203
10980,20.75,20.273317337036133
10981,22.270000457763672,21.345043182373047
10982,27.0,26.08556365966797
10983,18.6299991607666,17.539493560791016
10984,16.84000015258789,16.93895721435547
10985,35.2400016784668,33.187625885009766
10986,22.68000030517578,21.718412399291992
10987,48.31999969482422,48.28255844116211
10988,36.5,36.51396942138672
10989,14.720000267028809,13.464938163757324
10990,56.40999984741211,55.02139663696289
10991,12.600000381469727,12.034858703613281
10992,36.02000045776367,35.250152587890625
10993,27.969999313354492,27.407657623291016
10994,13.220000267028809,12.248366355895996
10995,19.639999389648438,18.821044921875
10996,23.399999618530273,22.168537139892578
10997,55.619998931884766,53.98411178588867
10998,45.130001068115234,46.464717864990234
10999,11.130000114440918,10.045969009399414
11000,24.6299991607666,22.63880157470703
11001,46.630001068115234,45.88361740112305
11002,66.06999969482422,67.01639556884766
11003,20.34000015258789,20.350433349609375
11004,19.209999084472656,18.676563262939453
11005,42.439998626708984,42.27375793457031
11006,11.619999885559082,11.599954605102539
11007,23.559999465942383,22.788936614990234
11008,19.809999465942383,19.817005157470703
11009,54.2599983215332,54.29331588745117
11010,13.739999771118164,13.194643020629883
11011,35.81999969482422,34.38673400878906
11012,20.530000686645508,19.478010177612305
11013,20.469999313354492,18.97677230834961
11014,29.079999923706055,28.563474655151367
11015,6.829999923706055,4.780057907104492
11016,28.559999465942383,27.455751419067383
11017,61.18000030517578,61.695072174072266
11018,18.93000030517578,19.027503967285156
11019,17.309999465942383,16.123849868774414
11020,14.5,14.120369911193848
11021,14.40999984741211,14.352622032165527
11022,70.87000274658203,69.34169006347656
11023,23.90999984741211,23.255041122436523
11024,8.760000228881836,7.87192964553833
11025,7.230000019073486,6.669531345367432
11026,36.88999938964844,35.84921646118164
11027,52.310001373291016,51.06295394897461
11028,21.450000762939453,21.641464233398438
11029,4.039999961853027,2.555248260498047
11030,19.809999465942383,18.594266891479492
11031,6.179999828338623,4.992476940155029
11032,15.779999732971191,14.652067184448242
11033,18.270000457763672,17.648460388183594
11034,69.87000274658203,69.72491455078125
11035,14.329999923706055,13.62049388885498
11036,42.09000015258789,40.451480865478516
11037,32.52000045776367,32.656333923339844
11038,25.389999389648438,24.846450805664062
11039,12.199999809265137,11.367441177368164
11040,2.5,1.9956258535385132
11041,7.550000190734863,6.533101558685303
11042,34.209999084472656,33.6540641784668
11043,16.510000228881836,16.920745849609375
11044,15.850000381469727,15.302288055419922
11045,23.719999313354492,22.361530303955078
11046,59.060001373291016,62.09431076049805
11047,17.81999969482422,16.623048782348633
11048,43.66999816894531,42.33179473876953
11049,10.630000114440918,9.69063663482666
11050,29.950000762939453,29.901653289794922
11051,23.84000015258789,23.063796997070312
11052,14.890000343322754,14.082230567932129
11053,53.90999984741211,52.55802536010742
11054,17.540000915527344,16.887134552001953
11055,9.5600004196167,8.173255920410156
11056,19.049999237060547,18.313093185424805
11057,16.790000915527344,14.866121292114258
11058,26.889999389648438,25.348064422607422
11059,19.010000228881836,18.20764923095703
11060,17.780000686645508,16.571229934692383
11061,17.719999313354492,16.70745849609375
11062,51.84000015258789,50.83842849731445
11063,67.12000274658203,66.0666732788086
11064,17.860000610351562,16.896657943725586
11065,46.290000915527344,46.02872848510742
11066,16.729999542236328,16.071760177612305
11067,23.440000534057617,22.405492782592773
11068,22.399999618530273,21.42531967163086
11069,15.920000076293945,15.167081832885742
11070,38.09000015258789,37.021026611328125
11071,17.8799991607666,17.35175895690918
11072,35.04999923706055,33.860511779785156
11073,38.86000061035156,37.698551177978516
11074,17.850000381469727,16.696338653564453
11075,15.380000114440918,14.152016639709473
11076,28.950000762939453,28.643081665039062
11077,8.010000228881836,7.192301273345947
11078,3.5799999237060547,1.7949060201644897
11079,21.760000228881836,21.185821533203125
11080,24.06999969482422,23.353900909423828
11081,47.77000045776367,45.9809455871582
11082,8.529999732971191,7.347651481628418
11083,30.440000534057617,29.06615447998047
11084,43.95000076293945,43.06985092163086
11085,54.45000076293945,52.04389190673828
11086,22.530000686645508,21.006500244140625
11087,68.27999877929688,68.15587615966797
11088,6.800000190734863,5.983644485473633
11089,57.47999954223633,54.97460174560547
11090,30.290000915527344,29.58633804321289
11091,26.049999237060547,24.216266632080078
11092,43.5,40.68090057373047
11093,3.3499999046325684,2.238264322280884
11094,36.54999923706055,34.332298278808594
11095,23.079999923706055,22.01462173461914
11096,29.06999969482422,27.79379653930664
11097,24.3799991607666,22.661178588867188
11098,51.9900016784668,50.55987548828125
11099,50.439998626708984,50.42961883544922
11100,22.219999313354492,21.4188175201416
11101,11.029999732971191,9.587335586547852
11102,18.93000030517578,18.64605712890625
11103,22.049999237060547,21.449092864990234
11104,42.720001220703125,40.32456970214844
11105,40.2599983215332,40.06538391113281
11106,30.010000228881836,29.009023666381836
11107,21.68000030517578,21.431011199951172
11108,13.890000343322754,13.431001663208008
11109,28.799999237060547,27.889415740966797
11110,52.02000045776367,51.309452056884766
11111,18.200000762939453,17.273019790649414
11112,5.989999771118164,5.6975603103637695
11113,33.16999816894531,33.28854751586914
11114,3.799999952316284,2.3007020950317383
11115,43.099998474121094,42.073280334472656
11116,21.90999984741211,20.95209503173828
11117,58.91999816894531,56.65707015991211
11118,22.68000030517578,21.38694190979004
11119,13.90999984741211,13.19420051574707
11120,17.239999771118164,16.008535385131836
11121,23.690000534057617,21.899337768554688
11122,21.56999969482422,20.490571975708008
11123,18.06999969482422,15.261640548706055
11124,20.959999084472656,20.0764102935791
11125,34.099998474121094,32.623016357421875
11126,24.06999969482422,22.694665908813477
11127,27.450000762939453,26.38385009765625
11128,18.3799991607666,17.748046875
11129,32.38999938964844,30.623571395874023
11130,6.130000114440918,6.090991973876953
11131,10.020000457763672,9.117085456848145
11132,18.170000076293945,17.61358070373535
11133,29.440000534057617,28.343734741210938
11134,44.720001220703125,43.64457321166992
11135,51.54999923706055,49.34542465209961
11136,45.84000015258789,45.146278381347656
11137,19.90999984741211,19.2343807220459
11138,24.700000762939453,23.775733947753906
11139,32.7599983215332,31.838760375976562
11140,26.959999084472656,25.188575744628906
11141,46.75,46.75834655761719
11142,33.43000030517578,32.92497253417969
11143,25.219999313354492,23.850669860839844
11144,32.38999938964844,31.606952667236328
11145,25.5,25.204866409301758
11146,12.039999961853027,11.41501235961914
11147,30.010000228881836,29.01396369934082
11148,7.360000133514404,6.00794792175293
11149,52.97999954223633,52.46852493286133
11150,8.550000190734863,8.004793167114258
11151,55.849998474121094,53.275089263916016
11152,44.689998626708984,44.79103469848633
11153,15.460000038146973,14.896430969238281
11154,9.119999885559082,8.221891403198242
11155,38.70000076293945,37.180419921875
11156,74.05999755859375,68.3113021850586
11157,15.350000381469727,15.309480667114258
11158,15.210000038146973,14.401497840881348
11159,8.109999656677246,7.35900354385376
11160,27.219999313354492,26.04000473022461
11161,64.4000015258789,67.2298355102539
11162,24.6200008392334,24.54104995727539
11163,26.489999771118164,25.772884368896484
11164,41.22999954223633,41.23223876953125
11165,4.579999923706055,3.6550891399383545
11166,23.670000076293945,22.94985580444336
11167,48.75,48.694210052490234
11168,33.560001373291016,33.460792541503906
11169,15.199999809265137,14.609904289245605
11170,15.4399995803833,14.932430267333984
11171,25.25,24.001598358154297
11172,8.979999542236328,7.9575982093811035
11173,10.1899995803833,9.205323219299316
11174,62.130001068115234,61.17277145385742
11175,14.149999618530273,13.79179859161377
11176,17.5,15.747987747192383
11177,23.3799991607666,22.862045288085938
11178,34.79999923706055,34.38090896606445
11179,17.790000915527344,16.875080108642578
11180,19.520000457763672,19.031919479370117
11181,33.06999969482422,32.517757415771484
11182,12.3100004196167,11.69173526763916
11183,12.539999961853027,11.766197204589844
11184,23.969999313354492,23.230438232421875
11185,7.71999979019165,6.692324638366699
11186,51.560001373291016,50.43429946899414
11187,17.399999618530273,17.016511917114258
11188,28.719999313354492,27.398855209350586
11189,22.309999465942383,21.8953800201416
11190,25.290000915527344,24.306180953979492
11191,16.0,15.486814498901367
11192,17.100000381469727,15.680885314941406
11193,13.5600004196167,13.39578628540039
11194,23.639999389648438,21.8922061920166
11195,19.920000076293945,18.954137802124023
11196,54.060001373291016,52.10260009765625
11197,16.229999542236328,15.710193634033203
11198,3.680000066757202,2.7601516246795654
11199,45.970001220703125,44.51724624633789
11200,45.0,43.644771575927734
11201,15.319999694824219,13.886258125305176
11202,20.280000686645508,18.621557235717773
11203,5.929999828338623,4.788151264190674
11204,44.779998779296875,43.54269790649414
11205,16.850000381469727,15.824747085571289
11206,34.439998626708984,34.1907958984375
11207,16.93000030517578,15.576227188110352
11208,4.539999961853027,3.2969207763671875
11209,7.21999979019165,6.2001776695251465
11210,24.540000915527344,24.373323440551758
11211,32.59000015258789,31.520008087158203
11212,37.16999816894531,35.605987548828125
11213,23.959999084472656,22.666797637939453
11214,48.27000045776367,47.97310256958008
11215,20.520000457763672,19.58325958251953
11216,14.960000038146973,14.182923316955566
11217,10.289999961853027,9.317243576049805
11218,15.010000228881836,14.142474174499512
11219,30.559999465942383,29.163658142089844
11220,11.359999656677246,10.341190338134766
11221,31.510000228881836,30.597461700439453
11222,48.630001068115234,46.95267868041992
11223,18.950000762939453,17.975234985351562
11224,64.23999786376953,63.584110260009766
11225,41.720001220703125,39.98830795288086
11226,20.719999313354492,20.026403427124023
11227,24.639999389648438,23.655780792236328
11228,27.989999771118164,26.03528594970703
11229,15.609999656677246,14.650997161865234
11230,19.93000030517578,18.77074432373047
11231,59.790000915527344,54.652278900146484
11232,32.81999969482422,33.43845748901367
11233,16.84000015258789,16.104585647583008
11234,34.5,33.98828125
11235,62.939998626708984,60.62460708618164
11236,43.0,41.939849853515625
11237,32.40999984741211,31.207447052001953
11238,38.04999923706055,36.93573760986328
11239,12.270000457763672,11.482306480407715
11240,12.630000114440918,11.775407791137695
11241,30.59000015258789,29.497615814208984
11242,21.420000076293945,21.382734298706055
11243,28.700000762939453,27.81290626525879
11244,36.95000076293945,36.70664596557617
11245,22.940000534057617,22.433040618896484
11246,37.029998779296875,35.31967544555664
11247,20.0,18.60710906982422
11248,64.9800033569336,65.84506225585938
11249,5.420000076293945,4.294490814208984
11250,50.060001373291016,48.49235916137695
11251,9.989999771118164,8.24423885345459
11252,3.549999952316284,2.8852930068969727
11253,2.759999990463257,1.8868558406829834
11254,28.389999389648438,28.491947174072266
11255,24.540000915527344,23.680768966674805
11256,32.119998931884766,29.47791862487793
11257,35.650001525878906,35.876190185546875
11258,29.459999084472656,29.221023559570312
11259,38.16999816894531,37.83784866333008
11260,14.100000381469727,13.494341850280762
11261,50.630001068115234,48.47333908081055
11262,21.860000610351562,20.830873489379883
11263,30.040000915527344,28.69329261779785
11264,45.9900016784668,43.346519470214844
11265,44.2599983215332,42.30281066894531
11266,29.010000228881836,27.834548950195312
11267,32.18000030517578,30.140344619750977
11268,28.780000686645508,27.536434173583984
11269,58.70000076293945,57.833988189697266
11270,31.469999313354492,29.989933013916016
11271,2.5299999713897705,1.5846620798110962
11272,10.0600004196167,8.604516983032227
11273,27.06999969482422,25.375926971435547
11274,29.709999084472656,28.528594970703125
11275,3.359999895095825,2.3551182746887207
11276,50.38999938964844,48.74668502807617
11277,25.40999984741211,24.179622650146484
11278,6.570000171661377,6.182446002960205
11279,11.140000343322754,10.216646194458008
11280,28.190000534057617,27.574726104736328
11281,42.130001068115234,40.06907653808594
11282,35.47999954223633,35.216976165771484
11283,45.869998931884766,44.60911178588867
11284,31.729999542236328,30.44985008239746
11285,31.200000762939453,28.4586124420166
11286,13.880000114440918,13.313554763793945
11287,42.97999954223633,41.13143539428711
11288,3.569999933242798,2.625035047531128
11289,55.290000915527344,53.552791595458984
11290,73.33999633789062,71.78748321533203
11291,5.420000076293945,4.291587829589844
11292,34.779998779296875,34.32412338256836
11293,27.6200008392334,27.371267318725586
11294,46.150001525878906,44.937782287597656
11295,11.229999542236328,10.968929290771484
11296,50.33000183105469,50.11366653442383
11297,4.329999923706055,4.042971134185791
11298,8.25,6.97064733505249
11299,22.6200008392334,21.37049102783203
11300,19.200000762939453,18.32859230041504
11301,54.43000030517578,53.921329498291016
11302,60.290000915527344,58.3924560546875
11303,38.45000076293945,37.949214935302734
11304,20.040000915527344,20.111385345458984
11305,29.149999618530273,28.426464080810547
11306,27.75,27.094432830810547
11307,33.599998474121094,31.755247116088867
11308,18.34000015258789,17.21119499206543
11309,23.8799991607666,22.676864624023438
11310,29.399999618530273,27.578495025634766
11311,44.470001220703125,42.2303581237793
11312,10.119999885559082,9.807489395141602
11313,31.059999465942383,30.200889587402344
11314,45.939998626708984,45.45588684082031
11315,32.18000030517578,32.0045280456543
11316,18.56999969482422,17.503496170043945
11317,51.25,51.2762565612793
11318,38.400001525878906,37.9322624206543
11319,62.619998931884766,60.3651123046875
11320,30.649999618530273,29.700239181518555
11321,15.0600004196167,14.350380897521973
11322,47.63999938964844,47.82749557495117
11323,22.700000762939453,21.622129440307617
11324,45.790000915527344,43.508644104003906
11325,3.609999895095825,2.6442854404449463
11326,17.170000076293945,16.365705490112305
11327,33.27000045776367,32.323097229003906
11328,54.58000183105469,57.151004791259766
11329,15.680000305175781,14.707509994506836
11330,14.640000343322754,13.566849708557129
11331,15.010000228881836,15.448993682861328
11332,69.11000061035156,68.1989517211914
11333,8.470000267028809,8.281370162963867
11334,38.459999084472656,38.84172058105469
11335,65.04000091552734,67.24757385253906
11336,33.310001373291016,32.016963958740234
11337,30.6200008392334,28.167991638183594
11338,22.860000610351562,22.07866096496582
11339,15.039999961853027,14.905359268188477
11340,28.920000076293945,27.429895401000977
11341,42.93000030517578,42.76625442504883
11342,16.420000076293945,15.764259338378906
11343,15.829999923706055,14.69017219543457
11344,5.460000038146973,4.309991359710693
11345,9.829999923706055,9.089847564697266
11346,8.850000381469727,8.277350425720215
11347,28.56999969482422,27.39263916015625
11348,17.34000015258789,16.60266876220703
11349,39.29999923706055,37.825130462646484
11350,33.220001220703125,31.83576774597168
11351,33.20000076293945,32.32502365112305
11352,4.260000228881836,2.3323230743408203
11353,48.84000015258789,48.93085861206055
11354,23.440000534057617,21.172685623168945
11355,26.719999313354492,25.80817413330078
11356,56.650001525878906,56.08470153808594
11357,12.199999809265137,10.001819610595703
11358,20.81999969482422,20.38072967529297
11359,7.920000076293945,6.96688985824585
11360,48.47999954223633,47.68049621582031
11361,34.439998626708984,33.20365524291992
11362,71.98999786376953,70.31334686279297
11363,7.110000133514404,5.653049945831299
11364,33.939998626708984,32.86449432373047
11365,73.36000061035156,69.61219024658203
11366,48.54999923706055,46.07687759399414
11367,51.83000183105469,49.53611755371094
11368,43.060001373291016,42.683345794677734
11369,28.059999465942383,27.51595115661621
11370,19.270000457763672,18.532344818115234
11371,61.959999084472656,58.2556266784668
11372,51.779998779296875,51.83724594116211
11373,27.860000610351562,27.476030349731445
11374,13.640000343322754,13.04151725769043
11375,13.34000015258789,12.106674194335938
11376,39.16999816894531,37.29557800292969
11377,23.420000076293945,22.11388397216797
11378,28.93000030517578,27.965442657470703
11379,18.469999313354492,17.660449981689453
11380,40.7400016784668,40.250858306884766
11381,31.219999313354492,30.486909866333008
11382,32.38999938964844,31.551965713500977
11383,23.260000228881836,22.445894241333008
11384,16.31999969482422,16.59478187561035
11385,26.600000381469727,26.099380493164062
11386,16.0,15.766292572021484
11387,29.469999313354492,28.39771842956543
11388,33.130001068115234,32.30302810668945
11389,3.140000104904175,2.221064805984497
11390,5.989999771118164,4.9522624015808105
11391,41.7400016784668,41.21662139892578
11392,37.0,36.2813835144043
11393,35.15999984741211,34.311622619628906
11394,29.18000030517578,28.89256477355957
11395,17.190000534057617,17.16343116760254
11396,14.880000114440918,15.715312957763672
11397,14.489999771118164,13.964863777160645
11398,15.420000076293945,15.240110397338867
11399,40.95000076293945,39.159732818603516
11400,6.070000171661377,5.454522132873535
11401,50.220001220703125,51.049137115478516
11402,27.5,27.499584197998047
11403,11.010000228881836,10.511908531188965
11404,75.18000030517578,71.48333740234375
11405,26.790000915527344,25.90590476989746
11406,19.989999771118164,19.122119903564453
11407,51.97999954223633,51.53506851196289
11408,1.899999976158142,1.1073790788650513
11409,35.93000030517578,35.829898834228516
11410,15.899999618530273,14.982532501220703
11411,19.059999465942383,18.61856460571289
11412,31.649999618530273,30.160316467285156
11413,30.40999984741211,30.665477752685547
11414,53.58000183105469,53.166595458984375
11415,16.079999923706055,15.182394027709961
11416,26.809999465942383,25.052947998046875
11417,43.27000045776367,42.20417404174805
11418,20.579999923706055,19.29942512512207
11419,16.290000915527344,16.120357513427734
11420,15.319999694824219,15.296592712402344
11421,28.34000015258789,26.64093589782715
11422,5.070000171661377,4.243759632110596
11423,10.789999961853027,9.891419410705566
11424,36.4900016784668,35.15018081665039
11425,28.219999313354492,27.265642166137695
11426,10.729999542236328,9.644401550292969
11427,21.719999313354492,20.698240280151367
11428,29.610000610351562,28.379697799682617
11429,23.709999084472656,22.231536865234375
11430,43.4900016784668,42.94633102416992
11431,31.84000015258789,30.981904983520508
11432,11.859999656677246,11.241796493530273
11433,27.780000686645508,26.634241104125977
11434,30.770000457763672,29.35457420349121
11435,66.1500015258789,66.8530502319336
11436,40.810001373291016,38.54133224487305
11437,1.899999976158142,1.4703665971755981
11438,60.08000183105469,60.251277923583984
11439,31.459999084472656,30.458293914794922
11440,21.8799991607666,20.86269187927246
11441,26.06999969482422,24.912660598754883
11442,33.59000015258789,32.88393783569336
11443,49.119998931884766,47.222312927246094
11444,16.940000534057617,15.623983383178711
11445,18.889999389648438,17.800994873046875
11446,41.83000183105469,40.85371780395508
11447,26.969999313354492,26.423866271972656
11448,4.570000171661377,2.964216470718384
11449,32.58000183105469,30.985443115234375
11450,20.68000030517578,19.567495346069336
11451,20.399999618530273,20.051700592041016
11452,40.220001220703125,38.03499984741211
11453,32.65999984741211,32.01326370239258
11454,50.66999816894531,51.417236328125
11455,16.81999969482422,15.94169807434082
11456,28.079999923706055,25.858966827392578
11457,41.97999954223633,41.888214111328125
11458,14.270000457763672,13.743983268737793
11459,40.9900016784668,39.432228088378906
11460,21.18000030517578,20.13138771057129
11461,45.279998779296875,43.742313385009766
11462,53.27000045776367,51.98149490356445
11463,21.020000457763672,20.043180465698242
11464,8.130000114440918,7.169896125793457
11465,17.799999237060547,16.6558780670166
11466,13.100000381469727,11.914340019226074
11467,19.59000015258789,19.0911808013916
11468,52.959999084472656,51.59904479980469
11469,25.31999969482422,24.507150650024414
11470,63.31999969482422,60.096309661865234
11471,42.77000045776367,41.82979965209961
11472,19.809999465942383,19.415203094482422
11473,25.420000076293945,24.28033447265625
11474,4.730000019073486,3.5811948776245117
11475,5.579999923706055,4.5023393630981445
11476,61.880001068115234,59.42880630493164
11477,13.4399995803833,13.394290924072266
11478,10.34000015258789,9.550372123718262
11479,13.300000190734863,12.816590309143066
11480,43.61000061035156,41.57008361816406
11481,36.11000061035156,34.90380859375
11482,10.489999771118164,9.66519546508789
11483,56.83000183105469,54.26384353637695
11484,33.47999954223633,32.38138198852539
11485,19.899999618530273,18.850915908813477
11486,53.06999969482422,54.47867202758789
11487,22.290000915527344,21.228164672851562
11488,10.029999732971191,9.490134239196777
11489,13.319999694824219,12.776961326599121
11490,18.469999313354492,18.15774154663086
11491,14.850000381469727,13.976876258850098
11492,52.58000183105469,50.89627456665039
11493,25.959999084472656,23.9930362701416
11494,22.68000030517578,22.169675827026367
11495,5.769999980926514,4.432100772857666
11496,18.979999542236328,17.908931732177734
11497,12.470000267028809,11.794731140136719
11498,6.269999980926514,4.986570358276367
11499,38.7599983215332,38.62778091430664
11500,20.860000610351562,19.343786239624023
11501,41.13999938964844,38.88066482543945
11502,68.1500015258789,67.02974700927734
11503,72.12000274658203,70.44950866699219
11504,9.25,7.665135860443115
11505,5.130000114440918,4.30522346496582
11506,32.119998931884766,31.075658798217773
11507,13.239999771118164,12.190852165222168
11508,2.6600000858306885,1.8960697650909424
11509,23.639999389648438,22.588424682617188
11510,6.989999771118164,5.847540378570557
11511,54.93000030517578,50.23212432861328
11512,50.90999984741211,48.99137496948242
11513,36.22999954223633,35.59603500366211
11514,38.61000061035156,37.847164154052734
11515,25.709999084472656,24.131607055664062
11516,33.31999969482422,32.119117736816406
11517,55.560001373291016,52.978694915771484
11518,11.0,10.499550819396973
11519,2.299999952316284,2.380195379257202
11520,45.459999084472656,43.43492889404297
11521,23.559999465942383,22.10219383239746
11522,37.2599983215332,36.1194953918457
11523,50.650001525878906,50.015403747558594
11524,54.13999938964844,50.45583724975586
11525,25.56999969482422,23.348922729492188
11526,14.930000305175781,13.760083198547363
11527,52.56999969482422,53.474796295166016
11528,39.369998931884766,38.13713073730469
11529,35.33000183105469,35.0562858581543
11530,56.650001525878906,54.02387619018555
11531,29.950000762939453,30.381738662719727
11532,19.0,18.267009735107422
11533,7.300000190734863,6.684848308563232
11534,9.720000267028809,8.639656066894531
11535,44.79999923706055,44.512020111083984
11536,23.6299991607666,23.355133056640625
11537,40.31999969482422,39.703922271728516
11538,22.579999923706055,21.231609344482422
11539,6.949999809265137,6.369958400726318
11540,68.9800033569336,70.30653381347656
11541,7.130000114440918,5.9789719581604
11542,39.90999984741211,39.56175994873047
11543,10.739999771118164,9.297134399414062
11544,33.689998626708984,31.946752548217773
11545,31.200000762939453,29.353490829467773
11546,43.560001373291016,42.21403884887695
11547,57.45000076293945,56.36052703857422
11548,10.279999732971191,9.084673881530762
11549,31.139999389648438,32.971622467041016
11550,74.33000183105469,76.65238189697266
11551,30.010000228881836,28.759918212890625
11552,28.100000381469727,28.30626678466797
11553,34.310001373291016,33.409420013427734
11554,45.869998931884766,45.789100646972656
11555,19.43000030517578,18.317480087280273
11556,50.720001220703125,50.64605712890625
11557,21.729999542236328,20.314697265625
11558,33.45000076293945,33.63988494873047
11559,54.119998931884766,54.06037139892578
11560,37.83000183105469,36.62785720825195
11561,36.380001068115234,35.04698181152344
11562,7.079999923706055,6.302126884460449
11563,29.649999618530273,27.904399871826172
11564,33.61000061035156,32.89698028564453
11565,57.25,51.76090621948242
11566,16.010000228881836,15.28042221069336
11567,20.68000030517578,19.13662338256836
11568,29.0,27.718690872192383
11569,4.619999885559082,3.151298999786377
11570,9.760000228881836,8.491578102111816
11571,11.6899995803833,10.788358688354492
11572,40.33000183105469,38.94807815551758
11573,28.389999389648438,27.697059631347656
11574,7.03000020980835,5.814563274383545
11575,35.209999084472656,33.95494842529297
11576,15.670000076293945,14.262784004211426
11577,32.720001220703125,31.449382781982422
11578,26.969999313354492,25.78401756286621
11579,19.940000534057617,18.330936431884766
11580,44.93000030517578,44.01288604736328
11581,33.2400016784668,32.00955581665039
11582,62.25,60.37580490112305
11583,50.619998931884766,49.6456413269043
11584,33.68000030517578,32.47003936767578
11585,34.349998474121094,32.50900650024414
11586,40.9900016784668,40.776859283447266
11587,33.83000183105469,32.64364242553711
11588,21.520000457763672,20.29876136779785
11589,48.52000045776367,48.09135818481445
11590,21.3700008392334,20.643516540527344
11591,12.989999771118164,13.240755081176758
11592,62.43000030517578,60.802799224853516
11593,12.989999771118164,12.256382942199707
11594,14.539999961853027,13.244829177856445
11595,7.230000019073486,6.291463375091553
11596,19.84000015258789,19.49626350402832
11597,16.139999389648438,15.465131759643555
11598,45.95000076293945,47.68316650390625
11599,18.479999542236328,17.290550231933594
11600,28.549999237060547,27.20764923095703
11601,10.880000114440918,10.054980278015137
11602,21.90999984741211,21.901819229125977
11603,27.6200008392334,26.224620819091797
11604,17.25,16.501483917236328
11605,8.779999732971191,6.678983211517334
11606,34.65999984741211,33.25987243652344
11607,46.70000076293945,47.60566329956055
11608,42.72999954223633,42.3549919128418
11609,23.40999984741211,22.51099395751953
11610,15.399999618530273,14.758684158325195
11611,19.809999465942383,19.458478927612305
11612,45.52000045776367,43.95201110839844
11613,33.33000183105469,32.45487594604492
11614,22.709999084472656,21.653533935546875
11615,24.719999313354492,23.762928009033203
11616,2.890000104904175,1.8542602062225342
11617,6.880000114440918,5.908822536468506
11618,24.3700008392334,22.28203773498535
11619,37.689998626708984,36.09687423706055
11620,33.43000030517578,32.32342529296875
11621,18.440000534057617,18.223712921142578
11622,15.470000267028809,15.50088119506836
11623,32.119998931884766,31.896644592285156
11624,35.869998931884766,35.40663528442383
11625,9.09000015258789,7.812955856323242
11626,23.1299991607666,22.093067169189453
11627,19.969999313354492,18.913034439086914
11628,15.760000228881836,15.26994514465332
11629,41.130001068115234,41.08683395385742
11630,14.319999694824219,14.030070304870605
11631,21.399999618530273,20.38723373413086
11632,15.6899995803833,15.112499237060547
11633,24.860000610351562,24.00909996032715
11634,15.770000457763672,14.582297325134277
11635,33.599998474121094,34.12335205078125
11636,20.139999389648438,19.94992446899414
11637,28.6299991607666,26.92452049255371
11638,7.03000020980835,6.10413932800293
11639,17.31999969482422,16.241016387939453
11640,37.369998931884766,36.62930679321289
11641,31.170000076293945,30.47789764404297
11642,38.939998626708984,38.39216232299805
11643,38.369998931884766,37.225059509277344
11644,39.2599983215332,36.944725036621094
11645,33.75,32.664791107177734
11646,7.53000020980835,6.218218803405762
11647,42.52000045776367,38.920448303222656
11648,25.739999771118164,24.52993392944336
11649,17.40999984741211,16.870235443115234
11650,33.869998931884766,33.249759674072266
11651,3.069999933242798,1.9468836784362793
11652,21.139999389648438,20.158061981201172
11653,42.43000030517578,41.62552261352539
11654,7.070000171661377,6.878942966461182
11655,24.799999237060547,24.17647361755371
11656,13.5600004196167,13.074922561645508
11657,7.199999809265137,7.3207316398620605
11658,27.09000015258789,26.48139190673828
11659,30.90999984741211,30.41960906982422
11660,22.450000762939453,20.829364776611328
11661,42.209999084472656,40.59370040893555
11662,54.599998474121094,53.785362243652344
11663,19.200000762939453,18.91994857788086
11664,23.350000381469727,22.27562141418457
11665,4.769999980926514,3.6202213764190674
11666,24.459999084472656,24.065467834472656
11667,36.65999984741211,34.12371063232422
11668,13.579999923706055,12.549413681030273
11669,30.969999313354492,30.280803680419922
11670,70.66000366210938,67.9913101196289
11671,38.119998931884766,37.693885803222656
11672,14.619999885559082,14.26708698272705
11673,17.709999084472656,16.464065551757812
11674,39.06999969482422,38.76185607910156
11675,10.930000305175781,9.107650756835938
11676,60.75,61.18912887573242
11677,21.510000228881836,19.897266387939453
11678,7.230000019073486,6.181417942047119
11679,59.20000076293945,63.79419708251953
11680,44.43000030517578,45.70929718017578
11681,9.779999732971191,8.513774871826172
11682,9.3100004196167,8.37350845336914
11683,43.38999938964844,41.499412536621094
11684,14.460000038146973,13.817429542541504
11685,47.91999816894531,46.87873077392578
11686,34.4900016784668,33.31757354736328
11687,53.13999938964844,49.706974029541016
11688,26.459999084472656,25.248321533203125
11689,25.270000457763672,24.183349609375
11690,53.25,49.73014831542969
11691,53.13999938964844,52.26731872558594
11692,8.100000381469727,7.629607200622559
11693,11.829999923706055,10.96943473815918
11694,20.459999084472656,19.303394317626953
11695,28.389999389648438,27.016454696655273
11696,24.229999542236328,23.05540657043457
11697,39.27000045776367,38.367618560791016
11698,24.6200008392334,23.426101684570312
11699,12.550000190734863,11.341991424560547
11700,26.40999984741211,26.039535522460938
11701,9.15999984741211,8.108868598937988
11702,12.34000015258789,11.23198127746582
11703,15.6899995803833,14.859994888305664
11704,35.70000076293945,34.49793243408203
11705,3.4100000858306885,2.130488395690918
11706,12.529999732971191,12.990631103515625
11707,53.650001525878906,52.29435729980469
11708,11.479999542236328,10.533296585083008
11709,20.81999969482422,20.251407623291016
11710,28.329999923706055,27.570558547973633
11711,14.420000076293945,14.04069995880127
11712,41.31999969482422,39.94709396362305
11713,28.729999542236328,26.904726028442383
11714,40.88999938964844,39.55316925048828
11715,29.770000457763672,28.413373947143555
11716,28.75,27.24771499633789
11717,41.29999923706055,40.982913970947266
11718,7.130000114440918,6.446331024169922
11719,47.130001068115234,45.94638442993164
11720,27.40999984741211,26.417665481567383
11721,25.3700008392334,24.306730270385742
11722,11.239999771118164,11.1887845993042
11723,53.099998474121094,51.64440155029297
11724,24.389999389648438,23.700359344482422
11725,10.079999923706055,8.775733947753906
11726,33.95000076293945,32.79154968261719
11727,11.449999809265137,10.746281623840332
11728,80.5999984741211,78.67774200439453
11729,16.360000610351562,15.341371536254883
11730,19.520000457763672,17.91458511352539
11731,27.719999313354492,27.315988540649414
11732,6.03000020980835,4.344817638397217
11733,5.840000152587891,4.322697162628174
11734,3.9200000762939453,2.6974093914031982
11735,38.58000183105469,36.9423942565918
11736,25.309999465942383,25.258617401123047
11737,6.610000133514404,5.03381872177124
11738,26.510000228881836,25.42296600341797
11739,34.560001373291016,34.7819709777832
11740,23.030000686645508,21.805404663085938
11741,14.109999656677246,13.582869529724121
11742,27.93000030517578,27.740875244140625
11743,42.22999954223633,42.0207633972168
11744,20.18000030517578,19.05780029296875
11745,9.8100004196167,9.280080795288086
11746,30.6200008392334,29.957176208496094
11747,37.619998931884766,38.03433609008789
11748,34.4900016784668,33.191036224365234
11749,34.5099983215332,33.27033615112305
11750,13.630000114440918,13.320615768432617
11751,46.65999984741211,44.03096389770508
11752,44.59000015258789,44.47673797607422
11753,43.06999969482422,43.634029388427734
11754,26.93000030517578,26.597076416015625
11755,4.130000114440918,3.2521355152130127
11756,13.25,13.220449447631836
11757,37.25,35.98744583129883
11758,25.229999542236328,24.172988891601562
11759,6.269999980926514,4.661818981170654
11760,7.480000019073486,6.4960551261901855
11761,16.469999313354492,15.799152374267578
11762,12.289999961853027,11.2814302444458
11763,9.270000457763672,8.176484107971191
11764,15.680000305175781,15.05245590209961
11765,70.77999877929688,70.17316436767578
11766,2.319999933242798,1.411893367767334
11767,22.3700008392334,21.011871337890625
11768,21.0,20.33834457397461
11769,38.97999954223633,37.86697769165039
11770,65.9800033569336,65.02444458007812
11771,12.640000343322754,11.843962669372559
11772,49.54999923706055,48.6102180480957
11773,21.920000076293945,20.557342529296875
11774,15.529999732971191,14.702791213989258
11775,24.959999084472656,23.981063842773438
11776,35.959999084472656,34.33857727050781
11777,17.469999313354492,16.117511749267578
11778,46.099998474121094,45.253211975097656
11779,10.510000228881836,7.289101600646973
11780,8.079999923706055,6.874605178833008
11781,11.5,11.08088493347168
11782,12.039999961853027,11.25241470336914
11783,51.65999984741211,51.133060455322266
11784,52.400001525878906,50.597354888916016
11785,24.190000534057617,23.708402633666992
11786,48.86000061035156,47.80130386352539
11787,40.2599983215332,39.54033279418945
11788,30.75,30.81915283203125
11789,44.849998474121094,42.73754119873047
11790,19.790000915527344,19.464067459106445
11791,17.18000030517578,16.820146560668945
11792,30.020000457763672,29.480344772338867
11793,40.709999084472656,39.8097038269043
11794,15.640000343322754,15.286884307861328
11795,53.040000915527344,50.86575698852539
11796,7.849999904632568,7.295273303985596
11797,42.72999954223633,41.918155670166016
11798,11.699999809265137,11.319930076599121
11799,9.229999542236328,8.007475852966309
11800,8.319999694824219,7.388427734375
11801,7.909999847412109,7.322274208068848
11802,15.34000015258789,14.146101951599121
11803,39.290000915527344,39.04902648925781
11804,13.40999984741211,13.217199325561523
11805,42.16999816894531,41.809207916259766
11806,16.040000915527344,16.116247177124023
11807,11.119999885559082,10.083881378173828
11808,36.029998779296875,35.55523681640625
11809,13.029999732971191,12.359885215759277
11810,40.369998931884766,38.408416748046875
11811,56.91999816894531,55.565635681152344
11812,43.36000061035156,41.77142333984375
11813,22.360000610351562,22.643577575683594
11814,41.33000183105469,39.37918472290039
11815,29.6200008392334,28.28731346130371
11816,38.40999984741211,38.14661407470703
11817,44.33000183105469,44.397003173828125
11818,34.7599983215332,34.47199630737305
11819,22.829999923706055,21.848485946655273
11820,4.460000038146973,3.106900215148926
11821,6.480000019073486,5.220656394958496
11822,20.190000534057617,18.66399383544922
11823,14.779999732971191,14.461268424987793
11824,28.790000915527344,26.983192443847656
11825,21.290000915527344,21.10926055908203
11826,46.09000015258789,44.700801849365234
11827,13.670000076293945,13.183004379272461
11828,10.880000114440918,9.816975593566895
11829,31.209999084472656,30.350811004638672
11830,33.15999984741211,32.51310348510742
11831,39.369998931884766,37.95193862915039
11832,37.36000061035156,35.79838943481445
11833,26.6299991607666,25.543476104736328
11834,16.15999984741211,15.064523696899414
11835,42.060001373291016,40.610347747802734
11836,36.66999816894531,36.73484420776367
11837,11.1899995803833,10.94532299041748
11838,39.7400016784668,38.28153610229492
11839,12.600000381469727,12.047754287719727
11840,20.649999618530273,20.07156753540039
11841,31.389999389648438,29.810108184814453
11842,9.1899995803833,8.641709327697754
11843,13.069999694824219,12.734137535095215
11844,22.760000228881836,22.22267723083496
11845,40.7400016784668,38.9715690612793
11846,1.2400000095367432,3.2463223934173584
11847,33.060001373291016,32.239585876464844
11848,4.829999923706055,3.501390218734741
11849,28.670000076293945,27.268129348754883
11850,26.030000686645508,24.937543869018555
11851,36.970001220703125,34.56862258911133
11852,4.769999980926514,4.075478553771973
11853,32.38999938964844,32.379486083984375
11854,28.40999984741211,28.284061431884766
11855,23.93000030517578,22.210599899291992
11856,51.720001220703125,51.494686126708984
11857,54.209999084472656,51.97486877441406
11858,16.760000228881836,15.857513427734375
11859,51.61000061035156,50.09439468383789
11860,13.079999923706055,12.7340726852417
11861,40.31999969482422,38.670597076416016
11862,24.459999084472656,23.31106948852539
11863,4.989999771118164,3.654308319091797
11864,24.3700008392334,23.702159881591797
11865,7.090000152587891,5.964021682739258
11866,25.549999237060547,24.29592514038086
11867,36.93000030517578,36.649169921875
11868,22.90999984741211,21.69624900817871
11869,18.34000015258789,17.205060958862305
11870,9.829999923706055,8.734274864196777
11871,19.530000686645508,18.600217819213867
11872,47.810001373291016,47.515602111816406
11873,66.18000030517578,66.5168228149414
11874,29.3700008392334,27.360363006591797
11875,5.409999847412109,4.295555591583252
11876,14.319999694824219,14.49406909942627
11877,13.0600004196167,12.410398483276367
11878,64.5999984741211,62.636653900146484
11879,20.6200008392334,20.03590965270996
11880,4.099999904632568,2.0809624195098877
11881,36.84000015258789,34.80171585083008
11882,24.290000915527344,24.924274444580078
11883,23.90999984741211,22.41548728942871
11884,21.739999771118164,21.099267959594727
11885,14.890000343322754,14.141091346740723
11886,6.670000076293945,7.109122276306152
11887,37.2599983215332,35.428489685058594
11888,50.0099983215332,47.727027893066406
11889,33.31999969482422,33.247650146484375
11890,64.43000030517578,64.40211486816406
11891,21.020000457763672,19.536643981933594
11892,12.359999656677246,11.522563934326172
11893,34.15999984741211,32.839107513427734
11894,14.100000381469727,14.3966703414917
11895,50.2400016784668,48.45089340209961
11896,3.0,1.9702301025390625
11897,55.5099983215332,53.82640838623047
11898,11.069999694824219,9.969361305236816
11899,36.2400016784668,35.52349853515625
11900,8.710000038146973,7.5020318031311035
11901,16.700000762939453,16.300460815429688
11902,8.279999732971191,7.1883697509765625
11903,25.350000381469727,23.204946517944336
11904,53.220001220703125,50.63933563232422
11905,55.880001068115234,53.297706604003906
11906,24.079999923706055,24.08624267578125
11907,22.059999465942383,21.466995239257812
11908,27.639999389648438,26.77597999572754
11909,19.110000610351562,19.092304229736328
11910,6.03000020980835,5.3708391189575195
11911,7.429999828338623,5.8326735496521
11912,59.470001220703125,54.91887283325195
11913,16.06999969482422,14.87728500366211
11914,5.710000038146973,5.031112194061279
11915,12.289999961853027,11.683110237121582
11916,43.189998626708984,42.93363571166992
11917,16.81999969482422,16.192941665649414
11918,47.900001525878906,47.848670959472656
11919,44.310001373291016,45.45275115966797
11920,17.739999771118164,17.282634735107422
11921,38.099998474121094,37.082332611083984
11922,2.609999895095825,1.7065978050231934
11923,36.54999923706055,35.49448013305664
11924,10.430000305175781,9.247635841369629
11925,21.260000228881836,21.06772232055664
11926,17.06999969482422,16.365631103515625
11927,5.559999942779541,4.750739097595215
11928,11.130000114440918,10.369973182678223
11929,41.68000030517578,39.598419189453125
11930,29.889999389648438,28.963117599487305
11931,43.65999984741211,42.781429290771484
11932,24.520000457763672,24.091684341430664
11933,42.34000015258789,41.61272430419922
11934,22.450000762939453,21.90404510498047
11935,35.810001373291016,35.766212463378906
11936,8.279999732971191,7.283721923828125
11937,21.290000915527344,19.75701904296875
11938,51.75,49.951393127441406
11939,17.6299991607666,16.71078109741211
11940,29.780000686645508,28.7524356842041
11941,30.06999969482422,29.36695098876953
11942,11.039999961853027,10.601264953613281
11943,52.529998779296875,49.69166946411133
11944,48.68000030517578,45.98725509643555
11945,11.149999618530273,10.452205657958984
11946,20.670000076293945,19.365219116210938
11947,7.78000020980835,6.960254669189453
11948,12.779999732971191,11.933684349060059
11949,23.170000076293945,21.842235565185547
11950,29.479999542236328,28.36623191833496
11951,44.630001068115234,44.774173736572266
11952,24.6200008392334,23.702056884765625
11953,10.3100004196167,9.159185409545898
11954,45.709999084472656,42.75287628173828
11955,7.710000038146973,7.080246925354004
11956,32.720001220703125,32.507022857666016
11957,48.290000915527344,47.73514175415039
11958,28.139999389648438,26.626895904541016
11959,42.93000030517578,41.52924728393555
11960,8.170000076293945,5.519435882568359
11961,45.189998626708984,44.12162780761719
11962,11.829999923706055,10.854852676391602
11963,21.6299991607666,20.564821243286133
11964,75.6500015258789,75.72200012207031
11965,13.569999694824219,13.166679382324219
11966,14.979999542236328,14.601801872253418
11967,9.979999542236328,9.06167221069336
11968,26.260000228881836,25.246721267700195
11969,44.77000045776367,43.272743225097656
11970,18.399999618530273,17.536922454833984
11971,28.1299991607666,27.030887603759766
11972,26.739999771118164,25.424976348876953
11973,32.880001068115234,31.706748962402344
11974,11.0600004196167,10.55051040649414
11975,12.989999771118164,11.662684440612793
11976,19.1200008392334,18.239212036132812
11977,43.97999954223633,44.229942321777344
11978,29.389999389648438,28.275741577148438
11979,14.550000190734863,14.833927154541016
11980,16.06999969482422,15.683088302612305
11981,17.270000457763672,15.994466781616211
11982,21.899999618530273,21.29648780822754
11983,12.380000114440918,11.774362564086914
11984,15.149999618530273,14.437224388122559
11985,31.239999771118164,30.270660400390625
11986,40.150001525878906,37.95712661743164
11987,67.54000091552734,66.6207046508789
11988,33.66999816894531,32.07123947143555
11989,36.13999938964844,34.66054916381836
11990,41.43000030517578,38.86406326293945
11991,5.460000038146973,3.9810378551483154
11992,7.909999847412109,6.775561809539795
11993,10.729999542236328,9.618438720703125
11994,8.020000457763672,6.85595178604126
11995,6.260000228881836,5.401060581207275
11996,28.059999465942383,27.17001724243164
11997,34.310001373291016,34.225101470947266
11998,33.47999954223633,32.1677131652832
11999,4.730000019073486,3.655909538269043
12000,19.43000030517578,18.901729583740234
12001,23.989999771118164,23.50526237487793
12002,47.83000183105469,48.276641845703125
12003,17.760000228881836,16.807992935180664
12004,12.5,11.778364181518555
12005,32.83000183105469,32.249481201171875
12006,32.970001220703125,31.97809600830078
12007,33.56999969482422,31.62590789794922
12008,7.309999942779541,6.592569828033447
12009,59.29999923706055,59.37115478515625
12010,52.970001220703125,52.51545333862305
12011,29.899999618530273,29.172203063964844
12012,23.829999923706055,23.04281997680664
12013,52.54999923706055,50.451602935791016
12014,34.630001068115234,33.92386245727539
12015,18.260000228881836,17.73397445678711
12016,15.729999542236328,14.437504768371582
12017,3.509999990463257,2.417161226272583
12018,39.15999984741211,37.22190475463867
12019,9.020000457763672,7.965181350708008
12020,40.650001525878906,40.795963287353516
12021,4.480000019073486,3.4384403228759766
12022,13.34000015258789,12.440271377563477
12023,29.6200008392334,28.533281326293945
12024,76.86000061035156,74.61124420166016
12025,51.68000030517578,52.25054168701172
12026,9.529999732971191,8.61194896697998
12027,44.54999923706055,41.66554641723633
12028,7.170000076293945,5.959354877471924
12029,34.56999969482422,33.239112854003906
12030,62.43000030517578,61.136573791503906
12031,20.290000915527344,19.56740379333496
12032,34.369998931884766,33.54182052612305
12033,18.100000381469727,17.346662521362305
12034,18.6299991607666,18.32990837097168
12035,37.0099983215332,34.60749816894531
12036,40.34000015258789,40.10432052612305
12037,7.420000076293945,6.000437259674072
12038,15.0600004196167,14.073933601379395
12039,36.060001373291016,35.49247360229492
12040,30.709999084472656,29.20564842224121
12041,10.0600004196167,8.056798934936523
12042,15.430000305175781,13.781670570373535
12043,50.959999084472656,52.122955322265625
12044,23.969999313354492,23.011474609375
12045,15.149999618530273,14.360995292663574
12046,31.260000228881836,30.118297576904297
12047,14.460000038146973,13.654143333435059
12048,15.680000305175781,13.53986644744873
12049,30.280000686645508,29.51563835144043
12050,46.15999984741211,44.842552185058594
12051,5.480000019073486,4.036880970001221
12052,9.130000114440918,7.985372066497803
12053,22.860000610351562,21.613004684448242
12054,10.100000381469727,9.830209732055664
12055,32.34000015258789,31.136316299438477
12056,7.840000152587891,6.613842964172363
12057,27.0,25.782564163208008
12058,16.079999923706055,15.19894027709961
12059,1.7100000381469727,1.7266159057617188
12060,27.389999389648438,26.67607307434082
12061,10.149999618530273,8.949796676635742
12062,47.13999938964844,44.53229904174805
12063,9.600000381469727,8.540017127990723
12064,21.420000076293945,21.169261932373047
12065,7.78000020980835,6.41613245010376
12066,54.310001373291016,51.39147186279297
12067,41.68000030517578,41.78501892089844
12068,47.709999084472656,48.38145065307617
12069,27.690000534057617,27.145912170410156
12070,17.780000686645508,16.792896270751953
12071,12.489999771118164,10.716498374938965
12072,10.84000015258789,10.149291038513184
12073,45.25,44.46414566040039
12074,15.609999656677246,15.576251983642578
12075,22.6299991607666,22.174386978149414
12076,60.220001220703125,57.953426361083984
12077,51.470001220703125,49.08374786376953
12078,30.469999313354492,29.892406463623047
12079,18.010000228881836,17.59369659423828
12080,28.510000228881836,27.75270652770996
12081,10.789999961853027,9.6305570602417
12082,0.18000000715255737,1.2906711101531982
12083,41.18000030517578,40.6956901550293
12084,19.280000686645508,18.59543800354004
12085,23.649999618530273,21.8509521484375
12086,40.43000030517578,39.76181411743164
12087,5.489999771118164,4.721706867218018
12088,38.439998626708984,37.747711181640625
12089,35.5,33.93680191040039
12090,23.049999237060547,22.317216873168945
12091,28.149999618530273,26.801259994506836
12092,32.34000015258789,30.92397689819336
12093,24.610000610351562,23.564863204956055
12094,29.8700008392334,28.55518913269043
12095,11.949999809265137,11.071908950805664
12096,44.650001525878906,43.656593322753906
12097,13.029999732971191,12.283238410949707
12098,21.829999923706055,20.58053207397461
12099,10.59000015258789,9.621520042419434
12100,10.25,9.457271575927734
12101,12.3100004196167,11.490466117858887
12102,6.550000190734863,5.279275894165039
12103,17.59000015258789,17.320192337036133
12104,41.279998779296875,43.03301239013672
12105,48.08000183105469,46.9055290222168
12106,16.030000686645508,15.13021469116211
12107,46.97999954223633,45.46065902709961
12108,8.420000076293945,7.730287075042725
12109,30.010000228881836,29.621992111206055
12110,60.75,60.23531723022461
12111,24.1299991607666,23.058429718017578
12112,28.31999969482422,28.537670135498047
12113,24.479999542236328,23.06207847595215
12114,7.989999771118164,7.365998268127441
12115,10.90999984741211,9.969738960266113
12116,27.450000762939453,25.579875946044922
12117,41.130001068115234,39.62752151489258
12118,60.77000045776367,57.59291458129883
12119,10.130000114440918,9.258573532104492
12120,18.739999771118164,18.168851852416992
12121,13.15999984741211,12.507123947143555
12122,49.70000076293945,49.481956481933594
12123,11.4399995803833,10.739378929138184
12124,12.149999618530273,12.038179397583008
12125,5.869999885559082,4.580360412597656
12126,24.93000030517578,23.64942169189453
12127,10.420000076293945,10.752891540527344
12128,10.420000076293945,9.770919799804688
12129,23.329999923706055,22.793630599975586
12130,20.549999237060547,20.25616455078125
12131,20.6299991607666,19.9974365234375
12132,9.430000305175781,8.404980659484863
12133,23.700000762939453,24.12092399597168
12134,68.23999786376953,65.87470245361328
12135,15.609999656677246,15.119762420654297
12136,14.069999694824219,13.161645889282227
12137,11.670000076293945,11.433014869689941
12138,35.04999923706055,34.33084487915039
12139,33.72999954223633,34.229000091552734
12140,27.15999984741211,26.644447326660156
12141,34.25,33.027164459228516
12142,22.389999389648438,21.6069278717041
12143,23.639999389648438,22.498323440551758
12144,32.34000015258789,31.378864288330078
12145,13.170000076293945,11.824073791503906
12146,32.88999938964844,32.669471740722656
12147,26.43000030517578,25.5082950592041
12148,6.579999923706055,3.634352445602417
12149,7.570000171661377,6.86724328994751
12150,5.369999885559082,3.9517698287963867
12151,10.510000228881836,10.106600761413574
12152,23.760000228881836,23.52187156677246
12153,31.610000610351562,31.3895263671875
12154,39.45000076293945,39.344642639160156
12155,30.84000015258789,29.941043853759766
12156,13.359999656677246,13.31059455871582
12157,29.600000381469727,28.13268280029297
12158,53.709999084472656,51.165470123291016
12159,11.539999961853027,11.293299674987793
12160,3.3499999046325684,2.140660285949707
12161,54.33000183105469,50.00801467895508
12162,31.549999237060547,31.08151626586914
12163,40.16999816894531,38.56577682495117
12164,27.579999923706055,26.53264808654785
12165,50.790000915527344,49.21310806274414
12166,61.279998779296875,60.60114669799805
12167,45.81999969482422,44.394737243652344
12168,13.220000267028809,12.82437801361084
12169,19.030000686645508,18.081485748291016
12170,7.059999942779541,5.813197135925293
12171,31.139999389648438,30.175893783569336
12172,16.8799991607666,16.626819610595703
12173,63.83000183105469,63.418174743652344
12174,36.33000183105469,33.83407211303711
12175,64.37000274658203,62.84492874145508
12176,53.86000061035156,54.56401824951172
12177,38.79999923706055,37.14004898071289
12178,23.5,22.787487030029297
12179,35.439998626708984,34.93815231323242
12180,7.78000020980835,6.525636672973633
12181,21.690000534057617,20.707000732421875
12182,14.829999923706055,13.876288414001465
12183,30.579999923706055,29.732585906982422
12184,42.56999969482422,40.45401382446289
12185,41.29999923706055,41.09502410888672
12186,54.310001373291016,53.9234504699707
12187,30.6299991607666,29.289913177490234
12188,23.899999618530273,21.928024291992188
12189,11.079999923706055,10.122245788574219
12190,2.7799999713897705,1.8809651136398315
12191,10.15999984741211,9.763105392456055
12192,34.72999954223633,33.135894775390625
12193,25.540000915527344,24.81161117553711
12194,57.470001220703125,53.86930847167969
12195,16.200000762939453,15.533243179321289
12196,34.27000045776367,32.847537994384766
12197,20.139999389648438,19.668434143066406
12198,7.929999828338623,6.977559566497803
12199,25.290000915527344,24.828683853149414
12200,20.1200008392334,19.23195457458496
12201,19.790000915527344,18.273101806640625
12202,16.610000610351562,15.904375076293945
12203,14.359999656677246,13.63298511505127
12204,40.380001068115234,38.94593048095703
12205,14.1899995803833,12.628819465637207
12206,25.06999969482422,23.835018157958984
12207,21.25,19.433879852294922
12208,9.199999809265137,8.406421661376953
12209,32.40999984741211,32.09300231933594
12210,53.810001373291016,53.3595085144043
12211,18.100000381469727,16.86680030822754
12212,15.34000015258789,15.373306274414062
12213,14.260000228881836,14.020283699035645
12214,23.989999771118164,22.516408920288086
12215,37.880001068115234,37.57347106933594
12216,30.850000381469727,29.78692626953125
12217,53.45000076293945,50.46782302856445
12218,46.79999923706055,44.86648178100586
12219,40.939998626708984,36.82839584350586
12220,35.66999816894531,34.01261520385742
12221,19.65999984741211,18.983200073242188
12222,32.7400016784668,31.98931121826172
12223,19.1200008392334,18.573257446289062
12224,45.41999816894531,45.11705780029297
12225,1.7300000190734863,1.0825077295303345
12226,30.809999465942383,30.133712768554688
12227,6.079999923706055,5.123230934143066
12228,17.489999771118164,16.483642578125
12229,53.880001068115234,54.13570785522461
12230,21.780000686645508,20.559741973876953
12231,6.099999904632568,5.429802894592285
12232,25.770000457763672,25.037992477416992
12233,22.149999618530273,22.429718017578125
12234,15.619999885559082,14.1797513961792
12235,9.699999809265137,8.66269588470459
12236,23.799999237060547,22.807662963867188
12237,47.29999923706055,48.57139205932617
12238,15.430000305175781,14.207697868347168
12239,15.390000343322754,14.902551651000977
12240,28.81999969482422,27.871685028076172
12241,14.359999656677246,13.275924682617188
12242,31.18000030517578,29.465473175048828
12243,10.229999542236328,10.192748069763184
12244,7.389999866485596,6.392000198364258
12245,34.470001220703125,33.720252990722656
12246,54.36000061035156,51.80259323120117
12247,51.41999816894531,52.17788314819336
12248,60.400001525878906,57.30546569824219
12249,76.69999694824219,74.93321990966797
12250,29.1200008392334,28.341060638427734
12251,23.889999389648438,22.248449325561523
12252,18.790000915527344,18.034440994262695
12253,20.15999984741211,19.73178482055664
12254,31.3700008392334,29.9510555267334
12255,64.66999816894531,63.27689743041992
12256,41.54999923706055,40.352073669433594
12257,23.760000228881836,22.694501876831055
12258,25.969999313354492,24.12430763244629
12259,20.030000686645508,19.201889038085938
12260,49.709999084472656,50.36445236206055
12261,6.03000020980835,4.392092704772949
12262,17.600000381469727,17.70914077758789
12263,64.12999725341797,62.3318977355957
12264,36.63999938964844,35.93412399291992
12265,20.790000915527344,19.66607093811035
12266,16.540000915527344,16.369285583496094
12267,45.369998931884766,44.732051849365234
12268,28.59000015258789,27.729228973388672
12269,15.869999885559082,15.54632568359375
12270,23.600000381469727,22.91257667541504
12271,3.119999885559082,3.2736942768096924
12272,40.34000015258789,40.041072845458984
12273,23.579999923706055,23.189180374145508
12274,35.04999923706055,33.77891159057617
12275,17.219999313354492,16.59566879272461
12276,36.40999984741211,35.34452438354492
12277,47.5,46.144840240478516
12278,8.220000267028809,7.329474925994873
12279,3.640000104904175,2.0056769847869873
12280,67.77999877929688,62.20875549316406
12281,2.390000104904175,1.9590119123458862
12282,36.41999816894531,35.556095123291016
12283,6.599999904632568,5.6931633949279785
12284,3.309999942779541,2.268108367919922
12285,40.25,38.54941177368164
12286,40.25,38.92306900024414
12287,14.369999885559082,14.377640724182129
12288,13.319999694824219,11.765594482421875
12289,37.619998931884766,36.56960678100586
12290,30.790000915527344,30.154476165771484
12291,37.61000061035156,35.09190368652344
12292,7.909999847412109,6.651351451873779
12293,67.37999725341797,68.5019760131836
12294,19.389999389648438,18.183982849121094
12295,16.010000228881836,15.02745246887207
12296,54.779998779296875,54.8358154296875
12297,26.0,26.3646240234375
12298,20.360000610351562,20.030445098876953
12299,48.16999816894531,48.02964401245117
12300,10.390000343322754,9.674093246459961
12301,16.950000762939453,15.943382263183594
12302,46.689998626708984,45.01169967651367
12303,21.899999618530273,21.33970832824707
12304,65.80999755859375,66.99652862548828
12305,44.11000061035156,42.04302215576172
12306,50.18000030517578,47.590389251708984
12307,7.21999979019165,6.531742572784424
12308,57.65999984741211,58.253902435302734
12309,16.34000015258789,15.113334655761719
12310,36.2599983215332,35.310237884521484
12311,8.170000076293945,7.438899993896484
12312,28.690000534057617,26.92552375793457
12313,29.68000030517578,29.322532653808594
12314,17.780000686645508,15.910980224609375
12315,16.06999969482422,15.542264938354492
12316,27.549999237060547,26.730499267578125
12317,49.560001373291016,48.54952621459961
12318,52.88999938964844,51.7906379699707
12319,15.229999542236328,14.95730972290039
12320,18.3799991607666,18.191001892089844
12321,22.239999771118164,21.79143524169922
12322,50.849998474121094,47.89466094970703
12323,46.15999984741211,43.65790939331055
12324,11.430000305175781,10.228792190551758
12325,24.0,23.548702239990234
12326,29.1299991607666,28.3929443359375
12327,42.970001220703125,43.3061637878418
12328,55.95000076293945,54.86629867553711
12329,25.09000015258789,24.21626091003418
12330,11.510000228881836,10.343818664550781
12331,26.729999542236328,25.90997314453125
12332,18.489999771118164,18.01979637145996
12333,63.439998626708984,64.7263412475586
12334,47.099998474121094,45.741424560546875
12335,28.260000228881836,27.081235885620117
12336,5.75,3.8370769023895264
12337,51.279998779296875,49.88510513305664
12338,58.689998626708984,54.03315734863281
12339,23.579999923706055,22.469966888427734
12340,21.81999969482422,20.15664291381836
12341,31.639999389648438,29.98118782043457
12342,21.6200008392334,21.052276611328125
12343,32.9900016784668,32.57346725463867
12344,15.720000267028809,15.59681510925293
12345,8.649999618530273,8.330180168151855
12346,46.41999816894531,45.96309280395508
12347,25.440000534057617,23.801006317138672
12348,19.860000610351562,19.29590606689453
12349,45.83000183105469,45.150611877441406
12350,59.66999816894531,58.79269027709961
12351,9.619999885559082,7.904880046844482
12352,21.0,19.837841033935547
12353,21.440000534057617,21.135147094726562
12354,38.40999984741211,37.83055114746094
12355,23.399999618530273,21.900672912597656
12356,53.61000061035156,50.514427185058594
12357,48.06999969482422,47.025794982910156
12358,13.859999656677246,12.753241539001465
12359,39.310001373291016,37.70551300048828
12360,13.569999694824219,12.165867805480957
12361,24.489999771118164,22.947587966918945
12362,6.079999923706055,4.733888149261475
12363,20.899999618530273,19.604230880737305
12364,25.8700008392334,24.96385383605957
12365,5.090000152587891,4.2015252113342285
12366,27.3700008392334,26.653316497802734
12367,25.280000686645508,23.803253173828125
12368,10.779999732971191,9.861052513122559
12369,13.039999961853027,11.829912185668945
12370,11.960000038146973,11.183348655700684
12371,37.130001068115234,35.611053466796875
12372,30.0,28.774263381958008
12373,57.290000915527344,55.81589889526367
12374,25.559999465942383,25.23505210876465
12375,16.600000381469727,15.174051284790039
12376,35.560001373291016,34.99312973022461
12377,13.109999656677246,12.937162399291992
12378,46.470001220703125,43.95058822631836
12379,18.729999542236328,17.816364288330078
12380,27.200000762939453,27.00262451171875
12381,28.40999984741211,27.842039108276367
12382,6.230000019073486,5.160170555114746
12383,12.170000076293945,10.899188041687012
12384,13.479999542236328,13.328180313110352
12385,43.88999938964844,41.77366256713867
12386,24.229999542236328,23.060144424438477
12387,46.349998474121094,44.821075439453125
12388,32.68000030517578,31.13251495361328
12389,33.68000030517578,32.8758544921875
12390,20.200000762939453,18.919668197631836
12391,34.52000045776367,35.24089050292969
12392,23.670000076293945,23.040691375732422
12393,33.7599983215332,32.89828872680664
12394,47.869998931884766,46.56559371948242
12395,2.6700000762939453,2.0412802696228027
12396,42.58000183105469,41.20057678222656
12397,13.539999961853027,12.345423698425293
12398,38.36000061035156,38.2249870300293
12399,26.639999389648438,24.903169631958008
12400,21.440000534057617,20.492727279663086
12401,19.40999984741211,19.265975952148438
12402,32.720001220703125,31.92398452758789
12403,41.36000061035156,41.18174743652344
12404,35.220001220703125,35.615501403808594
12405,25.170000076293945,23.892791748046875
12406,62.5,62.66231155395508
12407,7.010000228881836,5.75475549697876
12408,37.5099983215332,35.7536506652832
12409,28.549999237060547,26.569581985473633
12410,4.880000114440918,3.377225399017334
12411,40.900001525878906,40.32497787475586
12412,48.13999938964844,48.57991027832031
12413,28.079999923706055,27.18855857849121
12414,35.0,32.27557373046875
12415,23.15999984741211,21.592308044433594
12416,12.970000267028809,12.432929992675781
12417,3.0399999618530273,1.961297631263733
12418,6.119999885559082,5.7067461013793945
12419,22.100000381469727,21.530742645263672
12420,31.90999984741211,31.556270599365234
12421,23.959999084472656,22.720340728759766
12422,40.4900016784668,39.610633850097656
12423,48.150001525878906,45.27570724487305
12424,43.9900016784668,43.11543655395508
12425,23.040000915527344,21.801292419433594
12426,35.7599983215332,34.75271987915039
12427,12.779999732971191,12.619048118591309
12428,11.680000305175781,10.81241512298584
12429,22.360000610351562,21.415538787841797
12430,44.869998931884766,43.78349304199219
12431,44.13999938964844,43.39534378051758
12432,7.75,6.327060222625732
12433,0.7300000190734863,1.2851157188415527
12434,73.30999755859375,70.29389953613281
12435,44.59000015258789,42.52229309082031
12436,32.599998474121094,30.55710220336914
12437,30.799999237060547,30.26148223876953
12438,18.670000076293945,17.292634963989258
12439,33.439998626708984,31.06615447998047
12440,30.889999389648438,30.284130096435547
12441,11.84000015258789,11.126568794250488
12442,6.329999923706055,4.762824535369873
12443,10.329999923706055,9.60662841796875
12444,3.7200000286102295,2.6864535808563232
12445,41.560001373291016,42.04501724243164
12446,60.90999984741211,63.09922790527344
12447,32.72999954223633,32.4892578125
12448,13.380000114440918,12.881752967834473
12449,16.65999984741211,15.731212615966797
12450,17.889999389648438,17.15813446044922
12451,19.940000534057617,18.557756423950195
12452,3.9200000762939453,3.0431642532348633
12453,61.04999923706055,59.87395477294922
12454,9.180000305175781,8.52713394165039
12455,71.83000183105469,74.12094116210938
12456,37.349998474121094,35.94618606567383
12457,1.4500000476837158,4.082828044891357
12458,7.989999771118164,6.745489597320557
12459,33.83000183105469,32.67171859741211
12460,38.59000015258789,37.85613250732422
12461,8.15999984741211,7.563206672668457
12462,33.959999084472656,33.26886749267578
12463,10.449999809265137,10.010180473327637
12464,38.38999938964844,37.473079681396484
12465,25.600000381469727,24.610809326171875
12466,13.270000457763672,12.687106132507324
12467,61.79999923706055,62.92049026489258
12468,43.75,42.32775115966797
12469,44.0099983215332,40.95673370361328
12470,9.989999771118164,9.740257263183594
12471,36.310001373291016,35.371788024902344
12472,7.760000228881836,6.809277057647705
12473,75.93000030517578,74.8359375
12474,26.1299991607666,25.541372299194336
12475,32.900001525878906,32.214012145996094
12476,22.860000610351562,22.182552337646484
12477,31.989999771118164,31.13641357421875
12478,67.66999816894531,69.01285552978516
12479,40.560001373291016,39.97900390625
12480,21.420000076293945,20.52897071838379
12481,25.440000534057617,24.24193572998047
12482,23.329999923706055,22.343162536621094
12483,49.54999923706055,48.0902214050293
12484,55.349998474121094,53.47963333129883
12485,3.6500000953674316,2.1617276668548584
12486,22.18000030517578,20.94870948791504
12487,17.3700008392334,16.26738166809082
12488,20.93000030517578,20.417343139648438
12489,40.470001220703125,38.934566497802734
12490,45.15999984741211,43.80488586425781
12491,11.15999984741211,10.55498218536377
12492,44.58000183105469,42.7655143737793
12493,10.380000114440918,10.446361541748047
12494,31.239999771118164,29.73114585876465
12495,33.439998626708984,32.076698303222656
12496,35.27000045776367,33.333492279052734
12497,29.6200008392334,29.985027313232422
12498,20.34000015258789,19.514835357666016
12499,49.380001068115234,48.73319625854492
12500,17.149999618530273,16.753387451171875
12501,8.420000076293945,7.487287998199463
12502,28.260000228881836,26.892433166503906
12503,25.6200008392334,25.81032943725586
12504,41.959999084472656,40.08236312866211
12505,12.710000038146973,12.401105880737305
12506,43.58000183105469,41.797576904296875
12507,5.300000190734863,4.448321342468262
12508,38.84000015258789,38.08659744262695
12509,51.939998626708984,50.8018684387207
12510,14.34000015258789,13.839219093322754
12511,20.110000610351562,18.482389450073242
12512,26.440000534057617,26.072494506835938
12513,19.100000381469727,18.56236457824707
12514,28.860000610351562,26.458906173706055
12515,13.65999984741211,12.462549209594727
12516,17.18000030517578,16.82391929626465
12517,51.41999816894531,48.811031341552734
12518,55.88999938964844,55.410457611083984
12519,44.560001373291016,45.186641693115234
12520,42.75,42.019371032714844
12521,22.0,21.78451919555664
12522,5.639999866485596,4.517735958099365
12523,23.6299991607666,23.45195198059082
12524,42.439998626708984,41.55735778808594
12525,27.25,26.038467407226562
12526,40.279998779296875,37.287940979003906
12527,69.08000183105469,70.7158432006836
12528,25.850000381469727,25.247102737426758
12529,36.939998626708984,36.45976638793945
12530,33.7400016784668,32.408050537109375
12531,31.84000015258789,30.983564376831055
12532,36.91999816894531,36.32706069946289
12533,14.369999885559082,14.456459999084473
12534,12.569999694824219,11.371984481811523
12535,23.1299991607666,23.13587760925293
12536,3.3499999046325684,2.12895131111145
12537,19.200000762939453,18.13641929626465
12538,29.1299991607666,28.216190338134766
12539,2.0799999237060547,1.223999261856079
12540,26.829999923706055,25.881193161010742
12541,4.010000228881836,2.508042812347412
12542,18.079999923706055,17.201940536499023
12543,46.9900016784668,46.30632400512695
12544,16.670000076293945,16.199905395507812
12545,38.630001068115234,37.9114990234375
12546,29.8799991607666,28.845518112182617
12547,3.069999933242798,1.3286430835723877
12548,13.489999771118164,12.696106910705566
12549,47.2400016784668,46.736515045166016
12550,25.18000030517578,23.713350296020508
12551,22.860000610351562,21.59469223022461
12552,22.84000015258789,21.462182998657227
12553,24.889999389648438,23.548433303833008
12554,22.65999984741211,21.563636779785156
12555,33.720001220703125,33.078311920166016
12556,23.520000457763672,22.28496742248535
12557,29.84000015258789,28.29273223876953
12558,35.0,33.99762725830078
12559,34.90999984741211,33.869808197021484
12560,19.06999969482422,18.725509643554688
12561,4.190000057220459,3.697761058807373
12562,59.7400016784668,61.13396072387695
12563,52.15999984741211,49.32203674316406
12564,42.72999954223633,39.59507751464844
12565,30.690000534057617,29.49903106689453
12566,44.0,43.10164260864258
12567,23.0,22.002727508544922
12568,26.40999984741211,25.336103439331055
12569,17.43000030517578,16.2680721282959
12570,17.200000762939453,16.856842041015625
12571,37.150001525878906,35.239227294921875
12572,19.969999313354492,19.277727127075195
12573,28.479999542236328,27.972801208496094
12574,67.9000015258789,67.90387725830078
12575,28.469999313354492,27.110795974731445
12576,23.770000457763672,22.398941040039062
12577,30.399999618530273,29.105785369873047
12578,46.630001068115234,43.28168487548828
12579,33.27000045776367,32.76095962524414
12580,7.429999828338623,6.719186305999756
12581,70.83999633789062,71.27354431152344
12582,19.079999923706055,19.23090171813965
12583,5.920000076293945,4.575353622436523
12584,32.22999954223633,31.21529197692871
12585,67.79000091552734,66.91276550292969
12586,30.959999084472656,30.422500610351562
12587,19.90999984741211,19.98904800415039
12588,13.609999656677246,13.650216102600098
12589,8.229999542236328,7.187125205993652
12590,12.170000076293945,10.776126861572266
12591,46.83000183105469,45.9797477722168
12592,26.020000457763672,24.57444190979004
12593,39.66999816894531,38.69606399536133
12594,29.8700008392334,28.80907440185547
12595,54.400001525878906,53.16348648071289
12596,45.470001220703125,43.846946716308594
12597,3.759999990463257,2.572248935699463
12598,18.68000030517578,18.539104461669922
12599,2.75,1.2096827030181885
12600,38.310001373291016,36.913455963134766
12601,13.779999732971191,12.77002239227295
12602,32.34000015258789,31.738515853881836
12603,5.159999847412109,4.159746170043945
12604,38.849998474121094,38.08418655395508
12605,33.29999923706055,32.9279899597168
12606,37.290000915527344,35.17259216308594
12607,51.95000076293945,48.42970657348633
12608,60.77000045776367,59.35639572143555
12609,49.220001220703125,47.10347366333008
12610,8.3100004196167,7.095743179321289
12611,36.97999954223633,35.80660629272461
12612,61.790000915527344,62.56149673461914
12613,32.720001220703125,32.261837005615234
12614,22.75,22.345462799072266
12615,19.139999389648438,18.524885177612305
12616,11.9399995803833,10.888626098632812
12617,40.90999984741211,40.002769470214844
12618,23.399999618530273,21.218612670898438
12619,33.970001220703125,34.28413009643555
12620,16.3700008392334,15.527826309204102
12621,23.18000030517578,21.615917205810547
12622,69.55000305175781,65.08715057373047
12623,28.149999618530273,27.074748992919922
12624,15.789999961853027,15.899602890014648
12625,13.829999923706055,12.850106239318848
12626,37.9900016784668,36.58656311035156
12627,51.290000915527344,50.679931640625
12628,18.40999984741211,17.71881103515625
12629,40.40999984741211,38.81758499145508
12630,20.229999542236328,19.583751678466797
12631,39.650001525878906,40.513675689697266
12632,40.720001220703125,39.970943450927734
12633,10.0600004196167,9.39496898651123
12634,22.530000686645508,21.65064811706543
12635,25.219999313354492,23.837610244750977
12636,35.810001373291016,34.721561431884766
12637,6.019999980926514,4.780135154724121
12638,51.349998474121094,51.040828704833984
12639,26.68000030517578,25.371742248535156
12640,46.36000061035156,45.67169952392578
12641,26.90999984741211,25.964542388916016
12642,26.299999237060547,25.52056121826172
12643,6.050000190734863,5.59066915512085
12644,26.850000381469727,25.51395606994629
12645,48.56999969482422,47.369544982910156
12646,21.600000381469727,21.53695297241211
12647,16.59000015258789,16.025840759277344
12648,36.56999969482422,34.93325424194336
12649,24.959999084472656,22.518821716308594
12650,49.63999938964844,48.85478591918945
12651,49.470001220703125,46.273277282714844
12652,36.79999923706055,35.1992073059082
12653,29.299999237060547,29.057968139648438
12654,4.909999847412109,3.3150172233581543
12655,55.439998626708984,54.1771125793457
12656,45.31999969482422,43.49394226074219
12657,39.16999816894531,37.544185638427734
12658,15.350000381469727,14.180142402648926
12659,32.0,30.516788482666016
12660,72.68000030517578,73.69001007080078
12661,30.739999771118164,29.114824295043945
12662,12.25,11.523656845092773
12663,30.700000762939453,30.305147171020508
12664,43.7599983215332,42.4870719909668
12665,60.33000183105469,59.88299560546875
12666,32.81999969482422,31.59908676147461
12667,51.849998474121094,51.172393798828125
12668,37.220001220703125,35.29513168334961
12669,68.43000030517578,66.50581359863281
12670,24.440000534057617,23.708330154418945
12671,19.40999984741211,17.95174789428711
12672,45.70000076293945,44.4243049621582
12673,39.45000076293945,38.89677429199219
12674,25.18000030517578,24.567453384399414
12675,17.229999542236328,15.364532470703125
12676,3.619999885559082,1.9056717157363892
12677,48.0099983215332,45.706512451171875
12678,28.600000381469727,27.0137939453125
12679,23.049999237060547,22.09340476989746
12680,49.31999969482422,48.21756362915039
12681,51.9900016784668,52.87638854980469
12682,46.150001525878906,46.3181037902832
12683,19.6200008392334,19.177133560180664
12684,29.079999923706055,29.646459579467773
12685,37.529998779296875,36.90120315551758
12686,9.319999694824219,7.08696985244751
12687,35.65999984741211,35.12651443481445
12688,19.799999237060547,18.179946899414062
12689,32.06999969482422,30.603595733642578
12690,30.3799991607666,29.457677841186523
12691,27.399999618530273,26.65227699279785
12692,20.739999771118164,20.01108169555664
12693,35.04999923706055,33.76195526123047
12694,29.15999984741211,28.0690860748291
12695,9.0,8.246989250183105
12696,14.220000267028809,13.283905029296875
12697,34.310001373291016,33.59809494018555
12698,24.059999465942383,23.21701431274414
12699,29.75,29.025409698486328
12700,40.380001068115234,39.70710372924805
12701,18.989999771118164,17.65121078491211
12702,21.25,21.007568359375
12703,3.140000104904175,1.599927544593811
12704,15.579999923706055,15.269647598266602
12705,19.059999465942383,17.97002410888672
12706,8.069999694824219,6.707586288452148
12707,66.16000366210938,64.15742492675781
12708,33.790000915527344,33.09367370605469
12709,26.25,25.305397033691406
12710,10.079999923706055,9.640810012817383
12711,57.369998931884766,57.79287338256836
12712,15.020000457763672,14.209933280944824
12713,75.7300033569336,68.6535415649414
12714,18.520000457763672,17.532001495361328
12715,35.619998931884766,34.46004867553711
12716,7.739999771118164,6.6725687980651855
12717,19.309999465942383,18.401756286621094
12718,19.549999237060547,17.241779327392578
12719,8.640000343322754,7.737101078033447
12720,30.709999084472656,29.22184944152832
12721,15.010000228881836,14.530622482299805
12722,19.18000030517578,17.902042388916016
12723,28.219999313354492,26.826810836791992
12724,22.760000228881836,22.278959274291992
12725,27.030000686645508,26.47189712524414
12726,3.9700000286102295,2.445172071456909
12727,2.5799999237060547,1.3369672298431396
12728,44.18000030517578,43.33326721191406
12729,14.510000228881836,13.799822807312012
12730,18.639999389648438,18.398937225341797
12731,13.850000381469727,13.018848419189453
12732,14.020000457763672,12.53974723815918
12733,41.529998779296875,40.467994689941406
12734,6.800000190734863,6.729831695556641
12735,28.40999984741211,27.223825454711914
12736,32.619998931884766,31.198102951049805
12737,22.559999465942383,21.05592155456543
12738,13.850000381469727,13.208662033081055
12739,9.5600004196167,9.21435546875
12740,14.819999694824219,13.895878791809082
12741,39.779998779296875,39.643436431884766
12742,31.260000228881836,30.478458404541016
12743,27.6200008392334,26.912946701049805
12744,21.06999969482422,20.031063079833984
12745,39.70000076293945,36.366912841796875
12746,22.239999771118164,21.134016036987305
12747,30.270000457763672,29.226844787597656
12748,47.400001525878906,47.0268440246582
12749,15.729999542236328,15.356069564819336
12750,11.170000076293945,10.094996452331543
12751,11.520000457763672,10.74532413482666
12752,37.529998779296875,36.20404815673828
12753,39.52000045776367,39.30741882324219
12754,15.329999923706055,14.661412239074707
12755,19.889999389648438,19.17104721069336
12756,30.1299991607666,28.945350646972656
12757,14.170000076293945,13.573201179504395
12758,35.27000045776367,33.91349411010742
12759,14.829999923706055,14.388371467590332
12760,12.15999984741211,11.041098594665527
12761,44.279998779296875,42.803131103515625
12762,11.09000015258789,10.80196475982666
12763,6.139999866485596,4.588543891906738
12764,69.01000213623047,71.27709197998047
12765,30.8700008392334,28.929882049560547
12766,16.950000762939453,15.577299118041992
12767,55.47999954223633,52.51932907104492
12768,27.690000534057617,25.739521026611328
12769,18.030000686645508,16.54503631591797
12770,28.229999542236328,28.02530288696289
12771,8.619999885559082,7.312440395355225
12772,29.170000076293945,28.402116775512695
12773,18.639999389648438,17.792530059814453
12774,39.4900016784668,38.38796615600586
12775,59.18000030517578,58.79851150512695
12776,4.199999809265137,3.3623476028442383
12777,46.81999969482422,45.45526885986328
12778,9.170000076293945,7.8243513107299805
12779,45.86000061035156,45.1364631652832
12780,34.47999954223633,33.30817413330078
12781,16.739999771118164,15.754104614257812
12782,41.599998474121094,38.96915054321289
12783,15.390000343322754,14.475979804992676
12784,33.099998474121094,31.382436752319336
12785,20.90999984741211,19.962074279785156
12786,14.140000343322754,13.912274360656738
12787,29.989999771118164,28.493303298950195
12788,22.579999923706055,21.027790069580078
12789,48.15999984741211,47.23148727416992
12790,15.359999656677246,14.741888046264648
12791,30.260000228881836,30.077556610107422
12792,15.260000228881836,14.014435768127441
12793,37.88999938964844,36.39451217651367
12794,49.86000061035156,50.452064514160156
12795,27.639999389648438,27.02834129333496
12796,16.59000015258789,14.874359130859375
12797,13.420000076293945,13.170186996459961
12798,19.850000381469727,18.935531616210938
12799,22.520000457763672,21.760913848876953
12800,18.889999389648438,17.284191131591797
12801,13.069999694824219,12.072225570678711
12802,48.970001220703125,48.37630844116211
12803,41.2400016784668,42.13817596435547
12804,55.45000076293945,52.49542236328125
12805,25.43000030517578,25.168155670166016
12806,17.18000030517578,15.709735870361328
12807,66.76000213623047,65.95648193359375
12808,67.7699966430664,67.46033477783203
12809,19.719999313354492,18.78453254699707
12810,7.139999866485596,5.619250297546387
12811,35.33000183105469,35.29789352416992
12812,11.229999542236328,10.82405948638916
12813,51.970001220703125,49.915958404541016
12814,9.920000076293945,8.926939964294434
12815,23.229999542236328,22.7281494140625
12816,22.420000076293945,21.06092071533203
12817,12.649999618530273,11.769968032836914
12818,24.229999542236328,23.512300491333008
12819,45.369998931884766,43.5053825378418
12820,21.510000228881836,20.565319061279297
12821,25.670000076293945,25.103961944580078
12822,13.739999771118164,13.077831268310547
12823,31.239999771118164,30.51386260986328
12824,31.40999984741211,30.474594116210938
12825,14.890000343322754,14.537501335144043
12826,31.549999237060547,30.567203521728516
12827,42.52000045776367,42.10517501831055
12828,13.0600004196167,12.560461044311523
12829,10.789999961853027,7.961777687072754
12830,11.970000267028809,11.724459648132324
12831,12.6899995803833,12.004959106445312
12832,3.309999942779541,2.4687325954437256
12833,19.979999542236328,18.934757232666016
12834,25.399999618530273,24.030609130859375
12835,16.709999084472656,16.254085540771484
12836,13.380000114440918,12.547754287719727
12837,30.649999618530273,29.465824127197266
12838,7.71999979019165,6.759892463684082
12839,27.399999618530273,26.960264205932617
12840,44.20000076293945,42.34318923950195
12841,52.97999954223633,49.1364860534668
12842,9.539999961853027,8.936925888061523
12843,15.289999961853027,14.29365062713623
12844,45.470001220703125,43.29256057739258
12845,48.34000015258789,45.7176513671875
12846,32.560001373291016,31.285554885864258
12847,5.119999885559082,4.203970909118652
12848,44.13999938964844,42.98110580444336
12849,61.34000015258789,62.13671112060547
12850,23.260000228881836,21.811922073364258
12851,29.84000015258789,29.239177703857422
12852,54.65999984741211,53.6573371887207
12853,29.889999389648438,29.424015045166016
12854,29.850000381469727,29.59316635131836
12855,23.959999084472656,22.986791610717773
12856,25.760000228881836,24.715173721313477
12857,46.02000045776367,43.610660552978516
12858,17.799999237060547,17.133792877197266
12859,34.9900016784668,34.82695388793945
12860,34.130001068115234,32.85567855834961
12861,26.6299991607666,25.564115524291992
12862,29.93000030517578,28.439897537231445
12863,4.519999980926514,3.5421857833862305
12864,23.450000762939453,22.38612937927246
12865,19.270000457763672,18.601070404052734
12866,46.95000076293945,46.112327575683594
12867,80.80000305175781,70.79154205322266
12868,28.84000015258789,28.056028366088867
12869,39.720001220703125,40.03675079345703
12870,28.290000915527344,26.88506317138672
12871,21.790000915527344,21.045211791992188
12872,44.54999923706055,43.71639633178711
12873,14.1899995803833,13.808197975158691
12874,46.59000015258789,45.744014739990234
12875,18.079999923706055,17.549272537231445
12876,20.559999465942383,19.209413528442383
12877,14.220000267028809,13.337448120117188
12878,56.060001373291016,54.7895393371582
12879,13.109999656677246,12.116710662841797
12880,17.829999923706055,17.268585205078125
12881,58.61000061035156,56.00482177734375
12882,7.929999828338623,6.984878063201904
12883,28.510000228881836,28.016368865966797
12884,33.84000015258789,33.80269241333008
12885,36.04999923706055,35.086727142333984
12886,20.81999969482422,18.972774505615234
12887,4.789999961853027,4.1030168533325195
12888,28.950000762939453,28.03244972229004
12889,30.739999771118164,29.3359317779541
12890,76.16999816894531,75.0600357055664
12891,34.27000045776367,33.16049575805664
12892,47.58000183105469,45.71195983886719
12893,38.93000030517578,38.806217193603516
12894,15.390000343322754,14.276013374328613
12895,56.16999816894531,55.74007797241211
12896,36.86000061035156,36.652584075927734
12897,22.549999237060547,21.940881729125977
12898,51.459999084472656,48.26438903808594
12899,34.380001068115234,33.127166748046875
12900,27.709999084472656,26.501638412475586
12901,21.899999618530273,21.123083114624023
12902,25.079999923706055,23.909570693969727
12903,51.459999084472656,53.52298355102539
12904,49.290000915527344,48.4100227355957
12905,15.59000015258789,14.598250389099121
12906,74.41000366210938,75.7171401977539
12907,6.050000190734863,5.2901787757873535
12908,10.140000343322754,8.8600492477417
12909,23.479999542236328,21.851181030273438
12910,7.739999771118164,6.559196949005127
12911,30.350000381469727,29.942989349365234
12912,34.099998474121094,32.238399505615234
12913,22.829999923706055,21.755023956298828
12914,7.21999979019165,6.392365455627441
12915,14.619999885559082,13.136787414550781
12916,30.709999084472656,30.516441345214844
12917,53.119998931884766,52.602413177490234
12918,44.900001525878906,43.421104431152344
12919,22.170000076293945,21.56749153137207
12920,25.440000534057617,25.39824676513672
12921,22.979999542236328,21.716144561767578
12922,55.560001373291016,53.14312744140625
12923,31.600000381469727,31.284664154052734
12924,9.15999984741211,8.582986831665039
12925,19.6299991607666,18.624021530151367
12926,9.59000015258789,8.551438331604004
12927,24.270000457763672,23.40934181213379
12928,23.75,22.007814407348633
12929,23.399999618530273,22.306442260742188
12930,42.939998626708984,41.60576629638672
12931,17.860000610351562,17.547067642211914
12932,27.09000015258789,26.57468032836914
12933,10.09000015258789,9.10651969909668
12934,33.369998931884766,32.40380096435547
12935,47.18000030517578,44.921409606933594
12936,8.34000015258789,7.389891624450684
12937,13.390000343322754,12.562694549560547
12938,45.529998779296875,43.849605560302734
12939,25.639999389648438,23.687355041503906
12940,68.95999908447266,70.92335510253906
12941,29.360000610351562,28.812803268432617
12942,22.479999542236328,21.591655731201172
12943,20.969999313354492,19.877227783203125
12944,3.609999895095825,3.0158958435058594
12945,15.359999656677246,14.619112014770508
12946,23.84000015258789,22.802064895629883
12947,33.439998626708984,32.36104202270508
12948,8.270000457763672,7.419875621795654
12949,21.489999771118164,20.62483787536621
12950,25.600000381469727,23.773656845092773
12951,36.099998474121094,33.91089630126953
12952,0.6499999761581421,1.3283923864364624
12953,53.869998931884766,52.63043975830078
12954,51.16999816894531,48.73972702026367
12955,33.459999084472656,33.16902542114258
12956,30.100000381469727,28.96619415283203
12957,24.5,23.241649627685547
12958,58.91999816894531,58.935115814208984
12959,24.149999618530273,22.900432586669922
12960,33.08000183105469,32.56328201293945
12961,29.649999618530273,28.27103614807129
12962,19.969999313354492,18.629915237426758
12963,35.689998626708984,35.30837631225586
12964,47.22999954223633,44.168113708496094
12965,57.7400016784668,55.38243103027344
12966,36.84000015258789,34.543968200683594
12967,8.510000228881836,7.346514701843262
12968,32.779998779296875,32.09878921508789
12969,44.08000183105469,42.53264236450195
12970,24.43000030517578,23.412551879882812
12971,41.56999969482422,37.982913970947266
12972,73.31999969482422,74.84159088134766
12973,20.649999618530273,20.168935775756836
12974,33.060001373291016,32.5200080871582
12975,35.29999923706055,33.766326904296875
12976,8.100000381469727,6.664134979248047
12977,46.36000061035156,44.05171203613281
12978,5.809999942779541,4.668917179107666
12979,30.329999923706055,28.838054656982422
12980,22.40999984741211,21.79547882080078
12981,33.58000183105469,32.43673324584961
12982,38.439998626708984,37.362430572509766
12983,4.860000133514404,3.813986301422119
12984,58.29999923706055,56.30337905883789
12985,19.200000762939453,18.834884643554688
12986,10.930000305175781,10.715876579284668
12987,67.66000366210938,65.84696960449219
12988,52.52000045776367,50.2084846496582
12989,31.260000228881836,30.451736450195312
12990,41.75,41.54940414428711
12991,45.31999969482422,44.32908248901367
12992,15.619999885559082,14.270331382751465
12993,39.0099983215332,37.53620910644531
12994,40.15999984741211,38.8962287902832
12995,14.800000190734863,13.971806526184082
12996,3.8399999141693115,2.5849595069885254
12997,8.729999542236328,8.622551918029785
12998,9.579999923706055,9.69683837890625
12999,47.310001373291016,45.50612258911133
13000,11.949999809265137,11.003142356872559
13001,22.31999969482422,21.097665786743164
13002,29.8799991607666,28.548072814941406
13003,18.850000381469727,18.317346572875977
13004,33.86000061035156,32.92941665649414
13005,36.79999923706055,35.38919448852539
13006,43.47999954223633,41.33709716796875
13007,11.260000228881836,10.757139205932617
13008,31.530000686645508,29.743671417236328
13009,43.7599983215332,43.1263313293457
13010,16.260000228881836,15.959360122680664
13011,53.93000030517578,53.69309616088867
13012,21.989999771118164,20.585744857788086
13013,37.790000915527344,36.195953369140625
13014,19.459999084472656,17.93878936767578
13015,13.130000114440918,11.670655250549316
13016,44.209999084472656,42.21970748901367
13017,21.450000762939453,21.642709732055664
13018,54.88999938964844,55.086883544921875
13019,29.170000076293945,28.027231216430664
13020,61.68000030517578,62.9677619934082
13021,68.05000305175781,66.97124481201172
13022,51.040000915527344,49.47951889038086
13023,26.950000762939453,26.14188575744629
13024,41.20000076293945,40.68107604980469
13025,10.789999961853027,10.187885284423828
13026,9.279999732971191,8.06816577911377
13027,42.060001373291016,40.264827728271484
13028,45.91999816894531,45.82280349731445
13029,40.0,38.62880325317383
13030,25.219999313354492,24.64156723022461
13031,24.68000030517578,24.049739837646484
13032,18.6200008392334,17.96810531616211
13033,4.679999828338623,3.1987392902374268
13034,16.09000015258789,14.916015625
13035,8.569999694824219,8.027013778686523
13036,36.560001373291016,35.28715133666992
13037,43.52000045776367,42.4636116027832
13038,14.380000114440918,13.791485786437988
13039,17.0,15.28271484375
13040,13.819999694824219,13.059703826904297
13041,47.209999084472656,45.771331787109375
13042,19.579999923706055,19.23021125793457
13043,12.979999542236328,11.285904884338379
13044,16.209999084472656,16.291000366210938
13045,25.059999465942383,23.2281494140625
13046,29.18000030517578,27.961538314819336
13047,22.43000030517578,22.922462463378906
13048,14.630000114440918,14.002055168151855
13049,46.959999084472656,46.259986877441406
13050,21.15999984741211,19.78616714477539
13051,10.760000228881836,10.251601219177246
13052,52.880001068115234,51.743167877197266
13053,28.899999618530273,27.63072967529297
13054,30.450000762939453,30.542938232421875
13055,21.450000762939453,20.402910232543945
13056,16.25,15.624502182006836
13057,23.3700008392334,21.625062942504883
13058,22.739999771118164,21.682540893554688
13059,17.280000686645508,16.412147521972656
13060,23.920000076293945,22.33820152282715
13061,16.610000610351562,16.292261123657227
13062,13.529999732971191,11.764596939086914
13063,35.75,34.60347366333008
13064,64.44999694824219,63.288177490234375
13065,28.219999313354492,27.070022583007812
13066,51.630001068115234,50.7358283996582
13067,21.68000030517578,20.993696212768555
13068,13.949999809265137,14.736827850341797
13069,12.1899995803833,10.940899848937988
13070,42.470001220703125,41.6872444152832
13071,25.760000228881836,24.580909729003906
13072,26.56999969482422,24.723920822143555
13073,24.770000457763672,23.175966262817383
13074,30.31999969482422,28.570457458496094
13075,18.3700008392334,17.61097526550293
13076,39.61000061035156,39.28070831298828
13077,33.61000061035156,32.50771713256836
13078,29.31999969482422,29.072998046875
13079,67.87999725341797,66.93233489990234
13080,18.170000076293945,17.270601272583008
13081,8.640000343322754,6.102056980133057
13082,7.059999942779541,6.671746253967285
13083,14.329999923706055,13.427494049072266
13084,34.20000076293945,33.90747833251953
13085,2.4700000286102295,1.987674593925476
13086,34.70000076293945,34.063053131103516
13087,34.47999954223633,35.13541793823242
13088,45.7400016784668,44.566036224365234
13089,53.06999969482422,49.7614860534668
13090,14.470000267028809,13.794501304626465
13091,25.479999542236328,25.758974075317383
13092,6.949999809265137,5.887847900390625
13093,27.860000610351562,27.85144805908203
13094,28.850000381469727,27.382986068725586
13095,64.12000274658203,62.73779296875
13096,14.369999885559082,13.748465538024902
13097,29.639999389648438,28.94115447998047
13098,15.359999656677246,14.021035194396973
13099,26.600000381469727,25.767677307128906
13100,20.1299991607666,19.44614028930664
13101,44.150001525878906,43.59042739868164
13102,17.780000686645508,17.791664123535156
13103,12.25,11.724936485290527
13104,34.93000030517578,34.2299919128418
13105,23.760000228881836,22.255388259887695
13106,39.220001220703125,37.75092315673828
13107,48.81999969482422,47.68046569824219
13108,11.069999694824219,11.194303512573242
13109,5.559999942779541,4.604659080505371
13110,38.439998626708984,38.79327392578125
13111,34.189998626708984,31.66152572631836
13112,18.979999542236328,18.056007385253906
13113,43.2599983215332,41.944149017333984
13114,20.260000228881836,19.470977783203125
13115,11.0,10.773906707763672
13116,49.11000061035156,47.71113586425781
13117,8.289999961853027,6.832832336425781
13118,34.11000061035156,32.38975143432617
13119,28.09000015258789,26.787090301513672
13120,27.450000762939453,25.978599548339844
13121,21.079999923706055,19.230472564697266
13122,12.720000267028809,11.453398704528809
13123,39.310001373291016,39.01285171508789
13124,21.739999771118164,22.086891174316406
13125,24.81999969482422,22.572683334350586
13126,16.489999771118164,15.570859909057617
13127,40.790000915527344,39.40217208862305
13128,21.809999465942383,20.30512809753418
13129,35.439998626708984,32.884552001953125
13130,60.9900016784668,58.068145751953125
13131,0.9300000071525574,3.3243510723114014
13132,15.069999694824219,14.467167854309082
13133,40.7599983215332,41.22603988647461
13134,7.599999904632568,7.015823841094971
13135,27.670000076293945,25.59351921081543
13136,11.260000228881836,10.54365348815918
13137,16.690000534057617,16.478464126586914
13138,35.290000915527344,34.049774169921875
13139,18.059999465942383,17.59920883178711
13140,21.1299991607666,19.61863899230957
13141,33.25,31.912654876708984
13142,20.219999313354492,19.029502868652344
13143,37.38999938964844,35.97592544555664
13144,13.670000076293945,12.05842399597168
13145,68.37999725341797,68.07323455810547
13146,37.939998626708984,36.23704147338867
13147,31.850000381469727,30.208423614501953
13148,60.880001068115234,61.5805778503418
13149,36.84000015258789,34.571189880371094
13150,2.4100000858306885,1.429273247718811
13151,15.65999984741211,14.973047256469727
13152,19.25,18.107563018798828
13153,7.510000228881836,5.59734582901001
13154,62.63999938964844,62.2029914855957
13155,7.039999961853027,5.899969577789307
13156,6.590000152587891,5.662792205810547
13157,42.959999084472656,42.291656494140625
13158,16.579999923706055,16.294984817504883
13159,43.58000183105469,42.64401626586914
13160,38.63999938964844,38.275604248046875
13161,46.130001068115234,44.20559310913086
13162,76.44999694824219,72.68985748291016
13163,34.04999923706055,33.32164764404297
13164,10.109999656677246,8.158123016357422
13165,34.599998474121094,33.4029426574707
13166,16.440000534057617,15.22037124633789
13167,34.209999084472656,33.480812072753906
13168,21.719999313354492,20.680477142333984
13169,23.309999465942383,22.62291717529297
13170,42.310001373291016,40.349185943603516
13171,21.8799991607666,20.776512145996094
13172,48.869998931884766,45.479591369628906
13173,53.16999816894531,51.46864700317383
13174,26.8700008392334,25.297618865966797
13175,31.56999969482422,30.02511215209961
13176,7.760000228881836,7.242854595184326
13177,24.670000076293945,23.54002571105957
13178,25.059999465942383,23.62290382385254
13179,19.229999542236328,18.4168758392334
13180,10.6899995803833,9.806886672973633
13181,35.54999923706055,34.32319259643555
13182,33.77000045776367,32.77892303466797
13183,32.33000183105469,30.985980987548828
13184,30.079999923706055,28.23202896118164
13185,5.340000152587891,3.523482084274292
13186,45.33000183105469,46.715721130371094
13187,15.210000038146973,14.07047176361084
13188,13.979999542236328,14.138457298278809
13189,15.359999656677246,14.460265159606934
13190,25.56999969482422,24.215412139892578
13191,18.31999969482422,16.860734939575195
13192,34.25,31.453968048095703
13193,26.290000915527344,24.492971420288086
13194,29.059999465942383,28.526622772216797
13195,22.34000015258789,21.726272583007812
13196,29.8799991607666,29.440967559814453
13197,30.239999771118164,29.654464721679688
13198,32.599998474121094,32.56398010253906
13199,6.940000057220459,5.9803056716918945
13200,43.18000030517578,40.973751068115234
13201,18.200000762939453,18.333580017089844
13202,30.329999923706055,28.621936798095703
13203,39.779998779296875,39.06026840209961
13204,17.65999984741211,17.635147094726562
13205,26.540000915527344,25.38800811767578
13206,19.809999465942383,18.917682647705078
13207,22.190000534057617,21.22303009033203
13208,36.86000061035156,35.728878021240234
13209,22.450000762939453,21.440780639648438
13210,13.0600004196167,12.757079124450684
13211,25.350000381469727,23.82244110107422
13212,4.230000019073486,3.0144481658935547
13213,4.309999942779541,3.3018009662628174
13214,24.540000915527344,23.38574981689453
13215,9.40999984741211,8.686675071716309
13216,7.489999771118164,6.245969772338867
13217,23.600000381469727,23.01947021484375
13218,14.100000381469727,12.665385246276855
13219,29.549999237060547,27.860544204711914
13220,11.0600004196167,10.040040969848633
13221,8.3100004196167,7.217073917388916
13222,30.639999389648438,29.87417221069336
13223,7.789999961853027,6.757587909698486
13224,16.40999984741211,17.006750106811523
13225,45.849998474121094,46.229488372802734
13226,43.18000030517578,42.40681838989258
13227,13.899999618530273,14.69843864440918
13228,7.300000190734863,6.017980098724365
13229,46.88999938964844,44.288028717041016
13230,20.729999542236328,18.98979377746582
13231,32.5,31.123781204223633
13232,48.43000030517578,49.62117004394531
13233,11.479999542236328,11.116657257080078
13234,53.060001373291016,53.201393127441406
13235,14.770000457763672,13.901419639587402
13236,7.849999904632568,7.262482643127441
13237,42.439998626708984,42.39555740356445
13238,15.829999923706055,14.934118270874023
13239,15.15999984741211,14.373953819274902
13240,47.54999923706055,47.490543365478516
13241,18.739999771118164,18.113309860229492
13242,20.860000610351562,19.611595153808594
13243,42.189998626708984,41.205562591552734
13244,32.029998779296875,30.741052627563477
13245,10.170000076293945,9.827380180358887
13246,38.16999816894531,36.51181411743164
13247,0.9399999976158142,1.3344796895980835
13248,7.5,5.888167381286621
13249,71.51000213623047,67.92450714111328
13250,33.959999084472656,32.347984313964844
13251,44.91999816894531,43.40707015991211
13252,7.699999809265137,7.045557498931885
13253,9.109999656677246,7.392839431762695
13254,40.599998474121094,40.12223434448242
13255,62.439998626708984,61.63916778564453
13256,25.68000030517578,23.767406463623047
13257,46.04999923706055,43.59351348876953
13258,21.239999771118164,20.3514347076416
13259,57.36000061035156,55.55335235595703
13260,29.690000534057617,29.104490280151367
13261,23.8700008392334,22.023069381713867
13262,40.349998474121094,39.07156753540039
13263,19.649999618530273,17.80882453918457
13264,6.619999885559082,5.340445041656494
13265,16.889999389648438,15.776277542114258
13266,11.779999732971191,10.689750671386719
13267,55.52000045776367,53.1777458190918
13268,25.360000610351562,23.547237396240234
13269,23.579999923706055,22.78671646118164
13270,57.0099983215332,55.71403503417969
13271,43.34000015258789,42.639892578125
13272,50.619998931884766,49.356544494628906
13273,21.690000534057617,20.70418357849121
13274,52.34000015258789,48.5948371887207
13275,10.15999984741211,8.996212005615234
13276,61.470001220703125,63.609352111816406
13277,19.829999923706055,19.112144470214844
13278,7.289999961853027,6.439838409423828
13279,12.75,11.713761329650879
13280,26.600000381469727,27.040985107421875
13281,13.470000267028809,12.683794975280762
13282,32.349998474121094,30.949298858642578
13283,21.0,19.75571060180664
13284,5.369999885559082,3.634716510772705
13285,31.75,31.273616790771484
13286,10.65999984741211,10.359007835388184
13287,43.29999923706055,41.978145599365234
13288,12.069999694824219,11.557918548583984
13289,5.679999828338623,4.246716022491455
13290,7.139999866485596,4.978579998016357
13291,8.670000076293945,7.360104560852051
13292,47.56999969482422,46.56513977050781
13293,13.869999885559082,12.896014213562012
13294,7.28000020980835,6.509641170501709
13295,7.019999980926514,5.914087772369385
13296,36.560001373291016,35.00394058227539
13297,23.700000762939453,22.033248901367188
13298,33.560001373291016,31.914791107177734
13299,23.520000457763672,21.868810653686523
13300,31.760000228881836,30.822877883911133
13301,7.019999980926514,6.104762077331543
13302,31.729999542236328,31.631969451904297
13303,2.680000066757202,1.7421562671661377
13304,15.0,14.412968635559082
13305,3.740000009536743,2.191357135772705
13306,15.739999771118164,15.476503372192383
13307,36.5099983215332,35.6344108581543
13308,7.53000020980835,5.64210844039917
13309,23.829999923706055,21.665498733520508
13310,20.110000610351562,19.59493637084961
13311,44.459999084472656,43.868099212646484
13312,8.880000114440918,7.770435333251953
13313,25.790000915527344,25.222509384155273
13314,20.579999923706055,19.1787052154541
13315,24.739999771118164,22.932971954345703
13316,25.520000457763672,24.17439079284668
13317,20.59000015258789,19.396595001220703
13318,28.15999984741211,26.773876190185547
13319,3.0399999618530273,2.188505172729492
13320,41.88999938964844,41.64262008666992
13321,50.52000045776367,48.27735137939453
13322,12.800000190734863,12.054523468017578
13323,21.209999084472656,19.05535316467285
13324,19.030000686645508,18.062213897705078
13325,14.710000038146973,14.27924633026123
13326,29.610000610351562,28.30186653137207
13327,7.429999828338623,6.7740631103515625
13328,9.359999656677246,8.31359577178955
13329,11.869999885559082,10.85483169555664
13330,14.609999656677246,13.827157020568848
13331,41.470001220703125,40.58243179321289
13332,47.09000015258789,45.17311096191406
13333,19.100000381469727,18.76604461669922
13334,17.049999237060547,15.414396286010742
13335,32.31999969482422,31.308109283447266
13336,2.6700000762939453,1.9968630075454712
13337,56.34000015258789,54.145294189453125
13338,25.489999771118164,23.845911026000977
13339,25.09000015258789,23.751564025878906
13340,10.029999732971191,9.42281436920166
13341,44.84000015258789,43.935096740722656
13342,19.010000228881836,18.48959732055664
13343,38.439998626708984,35.53715133666992
13344,13.90999984741211,13.148847579956055
13345,46.529998779296875,44.42110061645508
13346,16.84000015258789,15.492263793945312
13347,40.31999969482422,38.830291748046875
13348,45.93000030517578,45.23086929321289
13349,23.1200008392334,22.06371307373047
13350,72.37000274658203,71.09689331054688
13351,15.010000228881836,13.558680534362793
13352,14.90999984741211,14.051831245422363
13353,39.66999816894531,40.36186599731445
13354,31.8799991607666,30.952560424804688
13355,22.040000915527344,20.575763702392578
13356,43.25,43.059959411621094
13357,39.4900016784668,37.77040481567383
13358,34.189998626708984,33.415870666503906
13359,70.2699966430664,68.01825714111328
13360,2.6700000762939453,1.5822646617889404
13361,41.58000183105469,40.92275619506836
13362,15.329999923706055,14.673320770263672
13363,42.18000030517578,41.673336029052734
13364,9.579999923706055,9.000487327575684
13365,56.7400016784668,54.3834342956543
13366,42.02000045776367,41.834293365478516
13367,42.91999816894531,43.766014099121094
13368,13.15999984741211,12.438732147216797
13369,74.13999938964844,70.59805297851562
13370,43.970001220703125,42.57661056518555
13371,44.970001220703125,42.880760192871094
13372,39.84000015258789,38.2773551940918
13373,23.6200008392334,22.82753562927246
13374,14.710000038146973,13.773594856262207
13375,16.760000228881836,15.520576477050781
13376,16.010000228881836,15.568693161010742
13377,34.43000030517578,33.390384674072266
13378,37.130001068115234,36.596641540527344
13379,52.459999084472656,50.371639251708984
13380,17.520000457763672,16.47299575805664
13381,16.520000457763672,15.918210983276367
13382,49.47999954223633,48.71890640258789
13383,32.130001068115234,31.723342895507812
13384,25.100000381469727,24.546228408813477
13385,8.880000114440918,8.09998893737793
13386,38.45000076293945,37.80049133300781
13387,11.40999984741211,10.856212615966797
13388,22.979999542236328,22.67072296142578
13389,33.619998931884766,32.805641174316406
13390,30.940000534057617,30.758567810058594
13391,4.519999980926514,3.2284762859344482
13392,10.020000457763672,9.131819725036621
13393,19.079999923706055,17.79151725769043
13394,40.86000061035156,39.98200988769531
13395,39.849998474121094,37.97697830200195
13396,20.170000076293945,18.857980728149414
13397,76.87999725341797,74.50838470458984
13398,42.13999938964844,40.78424072265625
13399,3.9100000858306885,2.86615252494812
13400,59.150001525878906,57.7552604675293
13401,32.11000061035156,30.991313934326172
13402,28.6200008392334,27.50180435180664
13403,7.630000114440918,6.3603410720825195
13404,14.079999923706055,14.114832878112793
13405,20.469999313354492,18.871116638183594
13406,14.319999694824219,13.286109924316406
13407,49.439998626708984,47.88161849975586
13408,14.699999809265137,13.4855318069458
13409,4.349999904632568,3.5522348880767822
13410,42.65999984741211,41.69131088256836
13411,33.0,30.721654891967773
13412,28.3700008392334,28.75956916809082
13413,37.7599983215332,37.69724655151367
13414,21.690000534057617,20.018089294433594
13415,24.1200008392334,22.97174072265625
13416,53.88999938964844,52.26549530029297
13417,17.06999969482422,16.342472076416016
13418,25.43000030517578,23.617267608642578
13419,34.41999816894531,32.7664909362793
13420,70.83000183105469,70.99478149414062
13421,4.75,3.684293270111084
13422,1.9500000476837158,1.6473278999328613
13423,23.899999618530273,23.140174865722656
13424,15.5600004196167,14.901054382324219
13425,15.279999732971191,15.530012130737305
13426,23.600000381469727,21.992839813232422
13427,7.659999847412109,6.080197811126709
13428,20.43000030517578,19.460912704467773
13429,43.29999923706055,46.05499267578125
13430,28.510000228881836,28.19318389892578
13431,26.68000030517578,25.632102966308594
13432,9.9399995803833,9.776372909545898
13433,37.77000045776367,35.3049201965332
13434,16.079999923706055,15.605892181396484
13435,5.519999980926514,4.812285900115967
13436,24.90999984741211,23.681100845336914
13437,51.52000045776367,52.02448654174805
13438,16.350000381469727,15.711967468261719
13439,14.770000457763672,14.194998741149902
13440,34.970001220703125,33.26338195800781
13441,9.210000038146973,8.296314239501953
13442,57.09000015258789,55.95088577270508
13443,14.789999961853027,15.278169631958008
13444,17.719999313354492,17.467487335205078
13445,12.420000076293945,12.28520679473877
13446,48.93000030517578,46.35506057739258
13447,44.040000915527344,43.486637115478516
13448,6.420000076293945,6.3836565017700195
13449,71.62000274658203,71.9876937866211
13450,4.409999847412109,3.113332986831665
13451,28.030000686645508,28.263147354125977
13452,7.0,5.589941024780273
13453,46.77000045776367,46.087703704833984
13454,11.350000381469727,11.12032413482666
13455,30.979999542236328,29.418872833251953
13456,21.209999084472656,20.019817352294922
13457,7.920000076293945,6.723715782165527
13458,45.209999084472656,44.17283248901367
13459,22.600000381469727,22.46269416809082
13460,25.84000015258789,24.800251007080078
13461,8.569999694824219,6.508421421051025
13462,22.889999389648438,22.811832427978516
13463,20.8700008392334,19.824989318847656
13464,21.040000915527344,19.393863677978516
13465,6.349999904632568,5.426537990570068
13466,23.489999771118164,23.33944320678711
13467,53.95000076293945,50.04808044433594
13468,8.630000114440918,7.502262592315674
13469,39.65999984741211,38.18009948730469
13470,15.0,14.182356834411621
13471,15.239999771118164,14.724166870117188
13472,34.970001220703125,33.649383544921875
13473,5.050000190734863,3.3499019145965576
13474,9.539999961853027,8.840347290039062
13475,47.7400016784668,46.12583541870117
13476,64.7699966430664,67.3448715209961
13477,16.56999969482422,15.77835464477539
13478,15.800000190734863,15.080373764038086
13479,40.540000915527344,39.42961502075195
13480,23.350000381469727,23.414382934570312
13481,25.459999084472656,24.270668029785156
13482,33.83000183105469,33.53220748901367
13483,7.989999771118164,7.523996353149414
13484,8.25,7.020079135894775
13485,3.490000009536743,2.999746084213257
13486,34.119998931884766,32.0450325012207
13487,64.06999969482422,63.87799072265625
13488,44.310001373291016,43.5774040222168
13489,11.729999542236328,10.133792877197266
13490,20.889999389648438,19.45842170715332
13491,27.81999969482422,25.65890121459961
13492,44.099998474121094,42.76823425292969
13493,29.229999542236328,28.039634704589844
13494,18.3799991607666,17.89410400390625
13495,11.609999656677246,10.834168434143066
13496,19.989999771118164,19.4919490814209
13497,24.510000228881836,23.003591537475586
13498,7.650000095367432,6.36519718170166
13499,27.1299991607666,25.70468521118164
13500,26.950000762939453,25.087932586669922
13501,13.039999961853027,12.059999465942383
13502,36.29999923706055,35.52152633666992
13503,19.719999313354492,19.921579360961914
13504,39.04999923706055,38.338443756103516
13505,7.070000171661377,6.327319145202637
13506,27.469999313354492,26.086021423339844
13507,15.770000457763672,15.067378997802734
13508,18.389999389648438,17.833120346069336
13509,27.329999923706055,26.011091232299805
13510,9.670000076293945,8.863454818725586
13511,19.25,18.80807113647461
13512,19.709999084472656,19.175769805908203
13513,40.11000061035156,40.618316650390625
13514,34.29999923706055,32.25489807128906
13515,10.119999885559082,8.306439399719238
13516,18.510000228881836,18.680789947509766
13517,32.279998779296875,31.337928771972656
13518,13.430000305175781,12.87682819366455
13519,12.460000038146973,12.726984977722168
13520,24.280000686645508,23.592052459716797
13521,3.3499999046325684,2.051278591156006
13522,30.280000686645508,28.743732452392578
13523,42.5,41.586734771728516
13524,14.510000228881836,13.566075325012207
13525,2.0299999713897705,1.482000708580017
13526,41.0,40.124481201171875
13527,51.619998931884766,51.01960372924805
13528,46.40999984741211,44.58870315551758
13529,36.58000183105469,36.12161636352539
13530,5.019999980926514,3.628166913986206
13531,21.610000610351562,19.9918212890625
13532,10.5,9.681946754455566
13533,7.019999980926514,5.881038665771484
13534,30.520000457763672,29.465782165527344
13535,36.63999938964844,36.4617919921875
13536,41.0099983215332,40.62721633911133
13537,17.459999084472656,16.42365264892578
13538,10.880000114440918,10.621261596679688
13539,66.55000305175781,66.43008422851562
13540,14.640000343322754,14.03867244720459
13541,29.100000381469727,28.924816131591797
13542,26.860000610351562,24.918701171875
13543,43.41999816894531,42.41135025024414
13544,18.579999923706055,17.87464714050293
13545,5.840000152587891,4.788841247558594
13546,42.470001220703125,41.017723083496094
13547,16.969999313354492,16.337127685546875
13548,9.9399995803833,8.991788864135742
13549,29.200000762939453,28.700897216796875
13550,14.819999694824219,14.35933780670166
13551,4.329999923706055,2.7968192100524902
13552,21.31999969482422,20.509674072265625
13553,56.029998779296875,52.46474838256836
13554,46.630001068115234,47.41379928588867
13555,18.31999969482422,17.13617706298828
13556,15.109999656677246,13.892111778259277
13557,10.010000228881836,8.915135383605957
13558,39.2400016784668,38.94272994995117
13559,28.25,27.249858856201172
13560,21.979999542236328,21.648845672607422
13561,12.380000114440918,11.838752746582031
13562,42.41999816894531,41.84712600708008
13563,9.329999923706055,8.185428619384766
13564,33.939998626708984,33.34011459350586
13565,9.470000267028809,8.080883026123047
13566,37.77000045776367,35.68389129638672
13567,46.310001373291016,43.982120513916016
13568,14.880000114440918,14.01787281036377
13569,54.66999816894531,51.32223129272461
13570,40.11000061035156,39.944759368896484
13571,25.440000534057617,23.540393829345703
13572,3.3499999046325684,2.0447075366973877
13573,54.709999084472656,54.98256301879883
13574,18.059999465942383,16.956043243408203
13575,45.34000015258789,44.18825149536133
13576,31.920000076293945,31.668235778808594
13577,11.1899995803833,10.482083320617676
13578,47.2599983215332,46.37458038330078
13579,31.200000762939453,29.735973358154297
13580,26.969999313354492,26.31252670288086
13581,49.04999923706055,45.892215728759766
13582,18.389999389648438,17.366046905517578
13583,19.6200008392334,18.53376007080078
13584,27.760000228881836,27.462675094604492
13585,35.880001068115234,34.82653045654297
13586,29.799999237060547,29.281631469726562
13587,23.40999984741211,23.14994239807129
13588,27.93000030517578,27.51156234741211
13589,51.52000045776367,49.36238479614258
13590,59.45000076293945,53.35688400268555
13591,20.65999984741211,19.755062103271484
13592,31.979999542236328,31.25100326538086
13593,21.479999542236328,21.67656898498535
13594,8.920000076293945,7.574131965637207
13595,8.300000190734863,7.167925834655762
13596,4.800000190734863,3.7789509296417236
13597,27.899999618530273,27.11142349243164
13598,31.360000610351562,31.11939811706543
13599,31.690000534057617,31.22193145751953
13600,58.599998474121094,57.00741195678711
13601,35.08000183105469,35.409793853759766
13602,17.59000015258789,16.617420196533203
13603,23.040000915527344,22.274995803833008
13604,32.9900016784668,32.90211868286133
13605,13.680000305175781,12.865914344787598
13606,49.70000076293945,51.344303131103516
13607,4.820000171661377,3.8000435829162598
13608,13.09000015258789,11.866042137145996
13609,65.06999969482422,65.9545669555664
13610,7.590000152587891,6.223507881164551
13611,23.1200008392334,22.336084365844727
13612,44.86000061035156,43.09086990356445
13613,38.810001373291016,39.07915496826172
13614,30.350000381469727,28.81087303161621
13615,42.02000045776367,41.03676223754883
13616,37.279998779296875,36.24775314331055
13617,78.45999908447266,75.01152801513672
13618,20.75,20.398109436035156
13619,34.59000015258789,34.023704528808594
13620,18.8700008392334,17.586387634277344
13621,16.8799991607666,16.26201629638672
13622,8.529999732971191,7.150816917419434
13623,17.040000915527344,16.177518844604492
13624,17.209999084472656,16.6640625
13625,46.83000183105469,45.96273422241211
13626,15.6899995803833,15.467565536499023
13627,27.31999969482422,26.119173049926758
13628,40.040000915527344,38.290382385253906
13629,64.30999755859375,63.28912353515625
13630,57.650001525878906,56.360496520996094
13631,24.75,23.133527755737305
13632,39.08000183105469,37.17186737060547
13633,18.290000915527344,16.926572799682617
13634,13.84000015258789,12.645501136779785
13635,40.38999938964844,38.951881408691406
13636,59.84000015258789,59.87240982055664
13637,17.15999984741211,16.240901947021484
13638,62.349998474121094,61.88341522216797
13639,34.70000076293945,33.2738037109375
13640,66.0999984741211,64.40959930419922
13641,12.09000015258789,9.244976997375488
13642,10.539999961853027,9.296699523925781
13643,5.519999980926514,4.5079264640808105
13644,17.600000381469727,16.77488899230957
13645,27.3799991607666,27.025575637817383
13646,23.15999984741211,21.721084594726562
13647,14.800000190734863,14.243691444396973
13648,19.309999465942383,18.909141540527344
13649,17.989999771118164,17.32259750366211
13650,7.789999961853027,6.074176788330078
13651,60.119998931884766,59.9609375
13652,3.890000104904175,2.935699224472046
13653,42.099998474121094,41.7645378112793
13654,34.65999984741211,32.89277267456055
13655,49.11000061035156,48.38179397583008
13656,20.520000457763672,19.43389320373535
13657,48.470001220703125,47.00851058959961
13658,40.54999923706055,40.12081527709961
13659,33.29999923706055,30.798076629638672
13660,33.08000183105469,31.870357513427734
13661,26.200000762939453,25.215864181518555
13662,18.75,18.080293655395508
13663,13.869999885559082,12.800545692443848
13664,10.0,8.771002769470215
13665,34.099998474121094,32.298255920410156
13666,15.0600004196167,14.15637493133545
13667,37.970001220703125,36.01675796508789
13668,16.469999313354492,16.1157283782959
13669,15.260000228881836,15.073953628540039
13670,20.520000457763672,19.331039428710938
13671,32.779998779296875,32.01148986816406
13672,15.850000381469727,14.838350296020508
13673,4.71999979019165,3.234027147293091
13674,6.090000152587891,5.028959274291992
13675,23.280000686645508,21.317241668701172
13676,36.939998626708984,36.8173942565918
13677,49.70000076293945,47.875057220458984
13678,26.90999984741211,25.736003875732422
13679,20.510000228881836,19.76074981689453
13680,25.979999542236328,24.501096725463867
13681,25.139999389648438,23.5743350982666
13682,50.779998779296875,49.34993362426758
13683,33.04999923706055,31.520614624023438
13684,5.449999809265137,4.358345985412598
13685,12.15999984741211,10.914454460144043
13686,3.940000057220459,2.5268819332122803
13687,44.650001525878906,42.371158599853516
13688,5.380000114440918,4.021976947784424
13689,11.380000114440918,11.180079460144043
13690,10.050000190734863,9.306736946105957
13691,21.549999237060547,21.05501937866211
13692,6.170000076293945,5.184848308563232
13693,11.600000381469727,11.521900177001953
13694,34.439998626708984,33.73999786376953
13695,12.699999809265137,12.14793586730957
13696,19.860000610351562,19.447477340698242
13697,22.209999084472656,21.038400650024414
13698,23.729999542236328,22.198436737060547
13699,19.15999984741211,18.536386489868164
13700,2.7200000286102295,1.462822675704956
13701,36.369998931884766,35.657833099365234
13702,12.720000267028809,11.121302604675293
13703,40.459999084472656,38.21703338623047
13704,15.9399995803833,15.286703109741211
13705,10.420000076293945,9.609081268310547
13706,38.36000061035156,37.58232879638672
13707,13.25,12.28803539276123
13708,14.670000076293945,13.810271263122559
13709,36.709999084472656,36.351097106933594
13710,45.54999923706055,44.17605972290039
13711,43.72999954223633,42.90242004394531
13712,22.75,21.881587982177734
13713,24.6200008392334,22.97124481201172
13714,15.1899995803833,14.608647346496582
13715,35.790000915527344,35.36220169067383
13716,3.490000009536743,3.0859997272491455
13717,14.319999694824219,13.691933631896973
13718,23.899999618530273,22.421215057373047
13719,19.040000915527344,18.145021438598633
13720,16.049999237060547,15.328813552856445
13721,79.72000122070312,76.89305877685547
13722,18.1299991607666,17.223243713378906
13723,29.09000015258789,28.758377075195312
13724,15.930000305175781,15.571041107177734
13725,24.479999542236328,23.430702209472656
13726,34.5099983215332,33.17256164550781
13727,12.149999618530273,11.68445873260498
13728,45.310001373291016,44.316871643066406
13729,71.0,72.28874206542969
13730,38.11000061035156,36.730323791503906
13731,13.079999923706055,12.281207084655762
13732,25.06999969482422,23.833742141723633
13733,47.720001220703125,47.77217483520508
13734,3.7300000190734863,3.5651049613952637
13735,11.819999694824219,10.903958320617676
13736,20.18000030517578,18.47648811340332
13737,45.54999923706055,43.88884353637695
13738,32.90999984741211,31.330842971801758
13739,12.100000381469727,11.922272682189941
13740,56.84000015258789,53.742767333984375
13741,38.25,36.778873443603516
13742,24.540000915527344,23.22829246520996
13743,59.61000061035156,59.79544448852539
13744,3.9200000762939453,4.216780185699463
13745,38.4900016784668,37.52131652832031
13746,18.739999771118164,17.89419174194336
13747,35.15999984741211,34.3651123046875
13748,26.739999771118164,26.14863395690918
13749,16.649999618530273,16.151309967041016
13750,28.200000762939453,27.342315673828125
13751,30.790000915527344,29.650630950927734
13752,28.5,27.954133987426758
13753,45.119998931884766,44.54909133911133
13754,74.88999938964844,74.52845001220703
13755,28.989999771118164,27.249366760253906
13756,33.630001068115234,33.066131591796875
13757,48.16999816894531,45.83039474487305
13758,32.939998626708984,32.37932205200195
13759,33.20000076293945,32.75197982788086
13760,20.559999465942383,20.488876342773438
13761,26.1200008392334,24.20482635498047
13762,51.5,51.39387893676758
13763,21.15999984741211,20.724853515625
13764,7.25,6.70352029800415
13765,45.849998474121094,45.05924987792969
13766,28.399999618530273,26.96647834777832
13767,24.950000762939453,23.87578010559082
13768,29.75,28.379003524780273
13769,16.15999984741211,14.976390838623047
13770,27.1299991607666,26.77345848083496
13771,4.329999923706055,2.4775898456573486
13772,30.709999084472656,29.326412200927734
13773,37.310001373291016,36.460296630859375
13774,70.36000061035156,66.99190521240234
13775,10.520000457763672,9.16050910949707
13776,50.209999084472656,47.7596321105957
13777,11.100000381469727,10.801056861877441
13778,6.429999828338623,5.083163738250732
13779,47.5,47.8812370300293
13780,33.880001068115234,32.38865280151367
13781,9.170000076293945,8.579436302185059
13782,28.920000076293945,28.614093780517578
13783,3.2200000286102295,2.4315333366394043
13784,9.720000267028809,8.678240776062012
13785,11.729999542236328,11.080812454223633
13786,51.25,50.59608840942383
13787,4.170000076293945,3.837641716003418
13788,21.829999923706055,20.434675216674805
13789,8.449999809265137,7.0092692375183105
13790,11.050000190734863,10.977781295776367
13791,3.049999952316284,2.019376277923584
13792,44.41999816894531,44.40185546875
13793,23.81999969482422,22.367210388183594
13794,13.039999961853027,12.144086837768555
13795,31.520000457763672,30.6495418548584
13796,40.90999984741211,39.92168426513672
13797,37.22999954223633,36.0659065246582
13798,41.2599983215332,41.0483283996582
13799,14.180000305175781,13.840718269348145
13800,3.630000114440918,2.458409070968628
13801,59.060001373291016,61.21238327026367
13802,31.280000686645508,29.71182632446289
13803,19.770000457763672,19.17095947265625
13804,18.81999969482422,18.16413116455078
13805,27.34000015258789,26.913204193115234
13806,21.06999969482422,20.118446350097656
13807,56.2400016784668,56.18922805786133
13808,43.25,41.32540512084961
13809,42.25,39.96600341796875
13810,7.710000038146973,5.087796688079834
13811,22.709999084472656,22.35334014892578
13812,13.0600004196167,12.134355545043945
13813,2.369999885559082,1.4333120584487915
13814,14.25,13.091573715209961
13815,18.829999923706055,17.96322250366211
13816,13.989999771118164,13.64599895477295
13817,15.979999542236328,15.333517074584961
13818,36.15999984741211,35.44425582885742
13819,10.020000457763672,8.632857322692871
13820,40.619998931884766,41.131282806396484
13821,9.069999694824219,7.69055700302124
13822,56.7599983215332,56.79435729980469
13823,48.84000015258789,48.59162902832031
13824,28.350000381469727,27.625225067138672
13825,31.84000015258789,31.614944458007812
13826,25.06999969482422,24.50686264038086
13827,8.210000038146973,6.854548454284668
13828,50.02000045776367,47.78571701049805
13829,38.2400016784668,37.08040237426758
13830,15.34000015258789,14.5430326461792
13831,45.779998779296875,43.07223892211914
13832,27.299999237060547,27.422775268554688
13833,35.189998626708984,34.151397705078125
13834,13.5,12.759882926940918
13835,20.440000534057617,20.44181251525879
13836,60.54999923706055,58.96001052856445
13837,30.1200008392334,29.465700149536133
13838,37.790000915527344,37.7313117980957
13839,6.800000190734863,6.513436317443848
13840,3.3499999046325684,2.2047972679138184
13841,6.389999866485596,5.7879486083984375
13842,19.600000381469727,19.071483612060547
13843,26.450000762939453,26.044368743896484
13844,29.260000228881836,27.43609046936035
13845,29.90999984741211,28.14668846130371
13846,10.270000457763672,9.515301704406738
13847,22.260000228881836,21.528310775756836
13848,16.440000534057617,15.35401725769043
13849,26.219999313354492,24.94827651977539
13850,8.479999542236328,7.692099571228027
13851,41.099998474121094,40.72809982299805
13852,21.540000915527344,21.24488639831543
13853,35.06999969482422,32.851009368896484
13854,54.52000045776367,52.49623489379883
13855,45.61000061035156,43.47858428955078
13856,26.729999542236328,26.35118293762207
13857,29.299999237060547,28.238115310668945
13858,24.3799991607666,23.829200744628906
13859,22.90999984741211,21.665294647216797
13860,35.68000030517578,34.04054641723633
13861,30.90999984741211,29.972164154052734
13862,22.65999984741211,21.65505599975586
13863,74.41999816894531,74.64098358154297
13864,25.079999923706055,24.04885482788086
13865,23.739999771118164,22.872848510742188
13866,45.369998931884766,44.42341232299805
13867,35.810001373291016,34.32988357543945
13868,38.06999969482422,37.157955169677734
13869,20.93000030517578,20.46613311767578
13870,57.040000915527344,57.27717971801758
13871,32.90999984741211,31.5748233795166
13872,27.780000686645508,26.929290771484375
13873,7.760000228881836,6.862434387207031
13874,42.0,41.66905212402344
13875,50.41999816894531,50.08625411987305
13876,32.459999084472656,31.097665786743164
13877,14.199999809265137,13.333602905273438
13878,51.869998931884766,51.240997314453125
13879,16.100000381469727,15.517435073852539
13880,23.31999969482422,22.527687072753906
13881,25.969999313354492,25.188549041748047
13882,30.270000457763672,28.936105728149414
13883,13.09000015258789,12.040569305419922
13884,28.43000030517578,27.532224655151367
13885,19.600000381469727,18.915279388427734
13886,22.860000610351562,21.978086471557617
13887,3.7699999809265137,2.54506516456604
13888,50.09000015258789,47.742496490478516
13889,35.9900016784668,34.6061897277832
13890,56.2400016784668,56.05695343017578
13891,4.46999979019165,3.418905258178711
13892,16.920000076293945,16.20589828491211
13893,23.15999984741211,21.31302261352539
13894,8.710000038146973,8.500021934509277
13895,45.0099983215332,43.139129638671875
13896,46.7400016784668,44.69841384887695
13897,17.170000076293945,16.462669372558594
13898,37.189998626708984,35.89998245239258
13899,10.380000114440918,9.224081993103027
13900,20.290000915527344,17.44895362854004
13901,12.079999923706055,11.783479690551758
13902,70.38999938964844,68.87538146972656
13903,14.010000228881836,12.98769760131836
13904,11.5600004196167,10.984651565551758
13905,12.239999771118164,11.222095489501953
13906,22.559999465942383,21.413137435913086
13907,10.579999923706055,10.393596649169922
13908,32.58000183105469,32.57215881347656
13909,6.380000114440918,5.512137413024902
13910,16.899999618530273,17.011274337768555
13911,29.43000030517578,28.29203224182129
13912,58.900001525878906,60.19840621948242
13913,39.38999938964844,37.623565673828125
13914,50.310001373291016,48.420528411865234
13915,6.079999923706055,4.935505390167236
13916,31.31999969482422,31.305734634399414
13917,54.369998931884766,54.831912994384766
13918,18.200000762939453,17.764408111572266
13919,50.900001525878906,50.091270446777344
13920,30.020000457763672,28.92376136779785
13921,44.130001068115234,43.331153869628906
13922,19.920000076293945,18.178991317749023
13923,17.0,16.29798126220703
13924,49.470001220703125,48.006160736083984
13925,34.31999969482422,34.2071647644043
13926,24.479999542236328,22.620214462280273
13927,13.6899995803833,12.652127265930176
13928,53.68000030517578,52.28616714477539
13929,29.770000457763672,28.481185913085938
13930,23.81999969482422,23.198375701904297
13931,23.860000610351562,22.912105560302734
13932,27.290000915527344,26.128469467163086
13933,29.040000915527344,27.876750946044922
13934,29.93000030517578,28.387359619140625
13935,20.959999084472656,20.71010971069336
13936,43.08000183105469,43.216007232666016
13937,2.0299999713897705,1.675546407699585
13938,30.510000228881836,29.97325897216797
13939,16.979999542236328,16.178770065307617
13940,11.270000457763672,9.956306457519531
13941,14.75,13.944443702697754
13942,30.959999084472656,31.22732162475586
13943,26.450000762939453,24.778955459594727
13944,61.9900016784668,59.51102828979492
13945,15.300000190734863,14.814090728759766
13946,1.75,1.1978263854980469
13947,46.130001068115234,44.809532165527344
13948,43.130001068115234,41.64181900024414
13949,24.229999542236328,23.134021759033203
13950,28.40999984741211,27.44274139404297
13951,38.2400016784668,36.578285217285156
13952,21.0,19.761646270751953
13953,13.609999656677246,12.84635066986084
13954,31.43000030517578,29.978466033935547
13955,7.710000038146973,6.7513556480407715
13956,71.08000183105469,70.0711898803711
13957,43.93000030517578,41.04876708984375
13958,25.940000534057617,24.507095336914062
13959,9.239999771118164,8.289660453796387
13960,17.850000381469727,16.9859561920166
13961,23.260000228881836,21.721288681030273
13962,59.16999816894531,57.07765197753906
13963,8.829999923706055,8.024025917053223
13964,69.97000122070312,68.45635223388672
13965,38.58000183105469,35.65913009643555
13966,10.300000190734863,9.60987663269043
13967,44.0099983215332,42.44595718383789
13968,9.850000381469727,9.324214935302734
13969,74.56999969482422,74.42394256591797
13970,13.460000038146973,12.634926795959473
13971,48.52000045776367,51.04499435424805
13972,34.7400016784668,34.367305755615234
13973,22.049999237060547,20.601438522338867
13974,7.829999923706055,7.8731689453125
13975,54.529998779296875,53.07839584350586
13976,53.65999984741211,53.73644256591797
13977,30.25,28.45746421813965
13978,23.530000686645508,22.543025970458984
13979,32.970001220703125,32.41735076904297
13980,8.0,5.306832790374756
13981,36.40999984741211,35.67987823486328
13982,29.5,28.30027961730957
13983,5.679999828338623,4.770007610321045
13984,16.15999984741211,15.547212600708008
13985,52.209999084472656,51.13116455078125
13986,24.15999984741211,23.933618545532227
13987,17.790000915527344,16.1928653717041
13988,41.27000045776367,39.367462158203125
13989,14.800000190734863,14.131096839904785
13990,60.41999816894531,58.614253997802734
13991,28.829999923706055,27.883968353271484
13992,46.66999816894531,46.28507614135742
13993,14.010000228881836,13.71640682220459
13994,22.170000076293945,20.382448196411133
13995,15.350000381469727,15.30987548828125
13996,13.0600004196167,12.188971519470215
13997,63.09000015258789,58.757911682128906
13998,49.16999816894531,47.565067291259766
13999,24.93000030517578,24.363136291503906
14000,38.439998626708984,36.43894577026367
14001,22.81999969482422,21.632238388061523
14002,26.709999084472656,25.855724334716797
14003,67.05999755859375,62.41048812866211
14004,36.58000183105469,37.07551193237305
14005,52.380001068115234,50.44940185546875
14006,25.790000915527344,24.018125534057617
14007,36.58000183105469,36.22220993041992
14008,13.130000114440918,11.658646583557129
14009,11.109999656677246,10.68315315246582
14010,13.039999961853027,12.544782638549805
14011,24.549999237060547,23.054458618164062
14012,8.600000381469727,8.211714744567871
14013,6.53000020980835,4.82145357131958
14014,8.3100004196167,7.230517387390137
14015,22.229999542236328,21.15773582458496
14016,80.86000061035156,73.79309844970703
14017,22.360000610351562,22.043968200683594
14018,6.159999847412109,4.887408256530762
14019,41.08000183105469,39.44089126586914
14020,12.630000114440918,12.305441856384277
14021,11.329999923706055,9.89937686920166
14022,15.130000114440918,14.423258781433105
14023,46.380001068115234,44.175933837890625
14024,47.9900016784668,46.92174530029297
14025,18.81999969482422,17.928680419921875
14026,52.33000183105469,49.45194625854492
14027,21.059999465942383,19.692121505737305
14028,19.979999542236328,19.452171325683594
14029,3.3499999046325684,2.0751969814300537
14030,10.430000305175781,9.853663444519043
14031,14.920000076293945,14.347147941589355
14032,50.130001068115234,48.04145050048828
14033,70.33000183105469,72.2054214477539
14034,38.150001525878906,37.520713806152344
14035,50.43000030517578,49.642478942871094
14036,28.510000228881836,27.851804733276367
14037,14.829999923706055,13.601679801940918
14038,49.939998626708984,50.2453498840332
14039,35.779998779296875,35.93492889404297
14040,39.959999084472656,38.15068435668945
14041,32.630001068115234,30.942197799682617
14042,41.779998779296875,41.180999755859375
14043,13.460000038146973,12.32148265838623
14044,12.40999984741211,11.689408302307129
14045,16.450000762939453,15.383922576904297
14046,23.420000076293945,23.303503036499023
14047,52.189998626708984,50.292301177978516
14048,30.81999969482422,30.5384464263916
14049,3.640000104904175,2.8170766830444336
14050,7.0,5.548926830291748
14051,5.710000038146973,4.13716983795166
14052,53.61000061035156,56.41871643066406
14053,8.8100004196167,7.815671920776367
14054,26.68000030517578,25.287940979003906
14055,52.16999816894531,51.37200927734375
14056,32.7599983215332,31.810935974121094
14057,29.600000381469727,28.633317947387695
14058,2.490000009536743,1.4454532861709595
14059,38.34000015258789,36.70209503173828
14060,30.950000762939453,30.342430114746094
14061,9.6899995803833,8.999138832092285
14062,24.579999923706055,22.97121810913086
14063,28.729999542236328,27.467761993408203
14064,21.329999923706055,20.11956787109375
14065,57.68000030517578,56.5428352355957
14066,13.640000343322754,13.180723190307617
14067,33.619998931884766,31.890567779541016
14068,15.760000228881836,14.30858325958252
14069,18.850000381469727,17.629615783691406
14070,25.84000015258789,26.118738174438477
14071,39.43000030517578,40.053924560546875
14072,26.09000015258789,25.534517288208008
14073,39.18000030517578,38.448970794677734
14074,15.239999771118164,14.414982795715332
14075,23.860000610351562,22.80950927734375
14076,54.790000915527344,54.692134857177734
14077,21.200000762939453,20.595741271972656
14078,17.209999084472656,17.076553344726562
14079,23.739999771118164,22.138565063476562
14080,5.800000190734863,5.02418851852417
14081,34.56999969482422,34.57701110839844
14082,19.260000228881836,18.210792541503906
14083,24.299999237060547,23.313091278076172
14084,24.809999465942383,22.9772891998291
14085,51.720001220703125,52.83414077758789
14086,4.010000228881836,2.999600410461426
14087,14.369999885559082,13.851366996765137
14088,39.119998931884766,36.45361328125
14089,38.16999816894531,35.626243591308594
14090,24.229999542236328,23.128625869750977
14091,14.970000267028809,13.667122840881348
14092,2.4600000381469727,1.3772865533828735
14093,26.780000686645508,26.655054092407227
14094,30.989999771118164,30.953962326049805
14095,24.559999465942383,22.66680145263672
14096,56.72999954223633,55.41487503051758
14097,10.520000457763672,8.753646850585938
14098,60.97999954223633,60.40167236328125
14099,78.13999938964844,77.70671844482422
14100,30.049999237060547,28.90947914123535
14101,33.18000030517578,32.237060546875
14102,25.15999984741211,23.881633758544922
14103,58.380001068115234,57.26956558227539
14104,31.469999313354492,31.145946502685547
14105,20.3799991607666,19.295591354370117
14106,15.770000457763672,15.08541488647461
14107,30.760000228881836,30.95624542236328
14108,12.539999961853027,11.37588882446289
14109,8.819999694824219,7.90900993347168
14110,36.22999954223633,33.950096130371094
14111,23.350000381469727,22.13954734802246
14112,57.36000061035156,56.53683090209961
14113,18.459999084472656,18.00806427001953
14114,44.369998931884766,44.250892639160156
14115,39.349998474121094,39.68661880493164
14116,27.65999984741211,26.804000854492188
14117,19.209999084472656,18.447967529296875
14118,27.889999389648438,27.027164459228516
14119,47.900001525878906,46.027008056640625
14120,20.209999084472656,19.573047637939453
14121,10.15999984741211,8.056120872497559
14122,17.06999969482422,16.87532615661621
14123,58.810001373291016,56.9601936340332
14124,33.310001373291016,31.775863647460938
14125,38.380001068115234,37.196231842041016
14126,16.649999618530273,16.352052688598633
14127,20.0,18.530935287475586
14128,14.220000267028809,13.268190383911133
14129,11.770000457763672,10.817730903625488
14130,14.649999618530273,14.100371360778809
14131,19.3700008392334,18.682918548583984
14132,29.809999465942383,27.668441772460938
14133,19.780000686645508,18.819408416748047
14134,35.41999816894531,34.61674499511719
14135,15.880000114440918,14.947952270507812
14136,15.600000381469727,14.749536514282227
14137,18.559999465942383,18.54037094116211
14138,17.280000686645508,16.465892791748047
14139,11.880000114440918,11.610231399536133
14140,10.630000114440918,9.686352729797363
14141,27.239999771118164,26.13296890258789
14142,30.3700008392334,28.155221939086914
14143,4.510000228881836,3.0253100395202637
14144,12.460000038146973,11.749338150024414
14145,33.86000061035156,32.838130950927734
14146,26.6200008392334,27.234521865844727
14147,9.210000038146973,8.128983497619629
14148,32.77000045776367,31.383041381835938
14149,9.489999771118164,8.726760864257812
14150,47.470001220703125,46.84761428833008
14151,24.34000015258789,23.830265045166016
14152,28.469999313354492,27.909011840820312
14153,51.84000015258789,50.11415481567383
14154,38.41999816894531,36.932552337646484
14155,19.139999389648438,18.333772659301758
14156,46.16999816894531,44.95661163330078
14157,33.43000030517578,32.12987518310547
14158,12.899999618530273,11.735006332397461
14159,34.9900016784668,33.488285064697266
14160,24.350000381469727,22.041370391845703
14161,16.610000610351562,16.66012191772461
14162,11.640000343322754,11.107854843139648
14163,14.84000015258789,13.756033897399902
14164,22.0,21.11349105834961
14165,47.45000076293945,45.797176361083984
14166,48.79999923706055,49.578372955322266
14167,25.479999542236328,24.8452091217041
14168,7.659999847412109,6.985256671905518
14169,26.260000228881836,26.259441375732422
14170,34.349998474121094,32.98781204223633
14171,8.739999771118164,7.86397123336792
14172,19.100000381469727,18.154571533203125
14173,47.709999084472656,44.89048385620117
14174,9.210000038146973,8.893318176269531
14175,23.110000610351562,21.804290771484375
14176,9.479999542236328,9.036578178405762
14177,38.560001373291016,36.83804702758789
14178,28.010000228881836,27.435440063476562
14179,54.66999816894531,52.75232696533203
14180,38.4900016784668,38.011837005615234
14181,42.560001373291016,40.40973663330078
14182,18.399999618530273,17.25708770751953
14183,53.61000061035156,53.66559600830078
14184,25.93000030517578,24.441787719726562
14185,15.640000343322754,15.0943603515625
14186,9.489999771118164,8.36406135559082
14187,13.010000228881836,12.369840621948242
14188,7.699999809265137,6.922752857208252
14189,9.34000015258789,8.623078346252441
14190,51.5099983215332,49.64765167236328
14191,21.420000076293945,20.517488479614258
14192,9.359999656677246,8.520672798156738
14193,31.200000762939453,29.274696350097656
14194,5.730000019073486,4.737061500549316
14195,56.65999984741211,54.76529312133789
14196,39.880001068115234,38.0389518737793
14197,21.3700008392334,20.558061599731445
14198,29.799999237060547,28.158906936645508
14199,11.960000038146973,10.774524688720703
14200,30.299999237060547,29.285362243652344
14201,44.540000915527344,43.70728302001953
14202,23.6200008392334,23.23052978515625
14203,58.02000045776367,55.61281967163086
14204,28.389999389648438,28.064329147338867
14205,6.599999904632568,5.24349308013916
14206,18.81999969482422,17.624229431152344
14207,37.709999084472656,36.700950622558594
14208,39.81999969482422,38.63874435424805
14209,32.52000045776367,31.43440818786621
14210,30.75,29.62338638305664
14211,30.360000610351562,29.768075942993164
14212,29.200000762939453,28.888660430908203
14213,42.880001068115234,41.76544189453125
14214,29.979999542236328,28.93032455444336
14215,14.359999656677246,12.516925811767578
14216,27.540000915527344,26.541284561157227
14217,34.22999954223633,32.468082427978516
14218,6.25,4.615630149841309
14219,44.060001373291016,42.40145492553711
14220,34.02000045776367,33.38642120361328
14221,6.909999847412109,6.311733722686768
14222,21.540000915527344,21.05189323425293
14223,64.19999694824219,58.72426223754883
14224,10.199999809265137,9.743963241577148
14225,18.139999389648438,17.68368148803711
14226,17.770000457763672,16.840803146362305
14227,8.529999732971191,6.903135776519775
14228,19.190000534057617,17.18202018737793
14229,32.95000076293945,31.496322631835938
14230,15.680000305175781,15.344070434570312
14231,10.960000038146973,10.251194953918457
14232,34.20000076293945,33.00657272338867
14233,11.850000381469727,11.344549179077148
14234,22.510000228881836,21.960845947265625
14235,20.81999969482422,20.241300582885742
14236,13.5600004196167,12.777308464050293
14237,36.86000061035156,36.513484954833984
14238,22.1299991607666,21.874425888061523
14239,26.40999984741211,25.44679069519043
14240,17.540000915527344,17.243974685668945
14241,30.389999389648438,29.807994842529297
14242,28.639999389648438,28.194368362426758
14243,12.210000038146973,11.33106517791748
14244,22.510000228881836,22.37946319580078
14245,42.81999969482422,42.076942443847656
14246,62.77000045776367,63.73090362548828
14247,18.079999923706055,17.64330291748047
14248,44.45000076293945,41.506107330322266
14249,61.369998931884766,61.06423568725586
14250,34.0,32.961669921875
14251,14.930000305175781,14.70730972290039
14252,42.7400016784668,43.36167907714844
14253,29.889999389648438,28.74823760986328
14254,28.190000534057617,26.863903045654297
14255,18.719999313354492,17.96220588684082
14256,9.75,8.77462387084961
14257,6.679999828338623,5.374824523925781
14258,62.220001220703125,63.06711959838867
14259,27.520000457763672,27.481855392456055
14260,21.549999237060547,20.50963020324707
14261,42.38999938964844,41.60629653930664
14262,13.59000015258789,12.790154457092285
14263,38.599998474121094,37.616817474365234
14264,60.720001220703125,59.07612991333008
14265,34.060001373291016,34.09712600708008
14266,41.56999969482422,39.68181610107422
14267,53.33000183105469,47.80611038208008
14268,20.360000610351562,19.731237411499023
14269,38.220001220703125,39.24446105957031
14270,7.289999961853027,6.596851825714111
14271,53.83000183105469,53.61007308959961
14272,18.100000381469727,16.799768447875977
14273,8.350000381469727,7.517091751098633
14274,13.130000114440918,12.317656517028809
14275,32.310001373291016,31.1107177734375
14276,39.15999984741211,38.45041275024414
14277,52.9900016784668,53.48086166381836
14278,29.579999923706055,29.07943344116211
14279,26.610000610351562,27.01201629638672
14280,12.289999961853027,11.656081199645996
14281,8.819999694824219,8.398026466369629
14282,18.850000381469727,18.746196746826172
14283,22.09000015258789,21.31946563720703
14284,15.430000305175781,14.763456344604492
14285,5.019999980926514,3.5428552627563477
14286,22.850000381469727,21.520488739013672
14287,9.119999885559082,8.164548873901367
14288,22.639999389648438,21.58728790283203
14289,8.84000015258789,7.678637981414795
14290,11.930000305175781,10.549511909484863
14291,45.61000061035156,43.77059555053711
14292,5.340000152587891,4.142260551452637
14293,23.68000030517578,23.22520637512207
14294,36.83000183105469,36.17499542236328
14295,63.91999816894531,64.9697265625
14296,37.720001220703125,37.706172943115234
14297,40.970001220703125,40.80901336669922
14298,36.560001373291016,36.09540939331055
14299,50.720001220703125,50.55910110473633
14300,38.849998474121094,35.74656677246094
14301,58.83000183105469,58.35363006591797
14302,30.959999084472656,30.094093322753906
14303,36.34000015258789,35.7940788269043
14304,32.43000030517578,31.380672454833984
14305,31.549999237060547,30.758258819580078
14306,52.34000015258789,51.98652267456055
14307,12.859999656677246,12.49513053894043
14308,33.220001220703125,31.372859954833984
14309,9.220000267028809,7.973508834838867
14310,40.029998779296875,38.568180084228516
14311,19.0,18.500629425048828
14312,45.2400016784668,43.77290344238281
14313,24.829999923706055,24.42449951171875
14314,34.25,32.993377685546875
14315,31.469999313354492,30.41347885131836
14316,29.969999313354492,28.663867950439453
14317,24.100000381469727,22.78847312927246
14318,38.33000183105469,37.38617706298828
14319,15.579999923706055,15.053852081298828
14320,25.8700008392334,25.47869110107422
14321,35.36000061035156,33.82569122314453
14322,54.470001220703125,50.68870162963867
14323,7.730000019073486,6.797334671020508
14324,34.470001220703125,31.299510955810547
14325,56.36000061035156,55.76261520385742
14326,37.20000076293945,35.93229675292969
14327,49.849998474121094,49.75822067260742
14328,36.65999984741211,34.82012939453125
14329,27.450000762939453,26.28447723388672
14330,61.27000045776367,62.004520416259766
14331,27.170000076293945,26.727584838867188
14332,26.610000610351562,26.11362075805664
14333,18.790000915527344,18.431358337402344
14334,27.079999923706055,25.801340103149414
14335,7.820000171661377,6.292287349700928
14336,24.31999969482422,23.431781768798828
14337,30.010000228881836,28.583057403564453
14338,11.430000305175781,10.478053092956543
14339,13.539999961853027,13.471684455871582
14340,33.099998474121094,32.918521881103516
14341,46.13999938964844,45.04698944091797
14342,17.6299991607666,16.927875518798828
14343,43.790000915527344,42.434024810791016
14344,19.15999984741211,18.096393585205078
14345,30.3700008392334,30.52114486694336
14346,22.110000610351562,21.936803817749023
14347,41.720001220703125,40.70758819580078
14348,4.03000020980835,3.497481346130371
14349,10.100000381469727,9.66015911102295
14350,52.90999984741211,51.358150482177734
14351,55.869998931884766,54.19314956665039
14352,48.650001525878906,47.61924362182617
14353,48.43000030517578,44.99131393432617
14354,29.719999313354492,28.182498931884766
14355,9.319999694824219,8.104948043823242
14356,40.08000183105469,39.339412689208984
14357,22.520000457763672,22.311676025390625
14358,24.100000381469727,23.56674575805664
14359,20.559999465942383,19.7410888671875
14360,19.440000534057617,18.81529426574707
14361,60.04999923706055,55.66518783569336
14362,28.739999771118164,27.625240325927734
14363,5.980000019073486,4.728315830230713
14364,3.880000114440918,2.884674072265625
14365,33.83000183105469,33.30325698852539
14366,32.540000915527344,30.53470230102539
14367,22.940000534057617,22.152578353881836
14368,39.150001525878906,36.87218475341797
14369,36.52000045776367,36.5833625793457
14370,64.75,66.56084442138672
14371,19.309999465942383,18.078580856323242
14372,25.81999969482422,24.331716537475586
14373,36.90999984741211,36.71834182739258
14374,31.719999313354492,30.622589111328125
14375,34.33000183105469,33.041996002197266
14376,34.27000045776367,33.65808868408203
14377,10.5,9.540261268615723
14378,34.060001373291016,32.97269821166992
14379,9.319999694824219,8.728349685668945
14380,19.40999984741211,18.439044952392578
14381,12.210000038146973,11.619088172912598
14382,73.5999984741211,71.63423919677734
14383,50.689998626708984,50.31149673461914
14384,28.610000610351562,27.101688385009766
14385,16.270000457763672,15.173332214355469
14386,3.140000104904175,2.055359363555908
14387,29.950000762939453,29.801624298095703
14388,8.239999771118164,5.792716979980469
14389,54.150001525878906,52.91403579711914
14390,7.010000228881836,5.960907936096191
14391,14.819999694824219,14.283411979675293
14392,22.860000610351562,22.323497772216797
14393,14.760000228881836,14.039946556091309
14394,20.270000457763672,18.917728424072266
14395,46.220001220703125,43.32491683959961
14396,13.170000076293945,12.965948104858398
14397,31.0,29.7031192779541
14398,58.130001068115234,56.240264892578125
14399,25.3799991607666,24.514766693115234
14400,46.66999816894531,44.6695671081543
14401,77.16999816894531,75.02617645263672
14402,22.8700008392334,21.50988006591797
14403,30.520000457763672,29.454771041870117
14404,18.440000534057617,17.40591812133789
14405,53.66999816894531,51.961830139160156
14406,14.420000076293945,13.954461097717285
14407,66.6500015258789,64.7234115600586
14408,21.670000076293945,20.76216697692871
14409,7.570000171661377,6.5325422286987305
14410,40.970001220703125,40.773929595947266
14411,20.59000015258789,20.27353286743164
14412,39.95000076293945,39.35227584838867
14413,6.059999942779541,5.5971221923828125
14414,6.119999885559082,5.253835201263428
14415,57.68000030517578,56.555721282958984
14416,40.529998779296875,40.027259826660156
14417,32.540000915527344,31.669160842895508
14418,50.470001220703125,49.50907516479492
14419,25.979999542236328,24.86914825439453
14420,18.1200008392334,17.047348022460938
14421,7.809999942779541,6.770092964172363
14422,12.949999809265137,11.84968090057373
14423,27.350000381469727,25.174659729003906
14424,18.010000228881836,17.002948760986328
14425,28.06999969482422,28.923553466796875
14426,52.9900016784668,51.531036376953125
14427,68.41999816894531,65.47518920898438
14428,9.460000038146973,8.238120079040527
14429,11.65999984741211,10.599222183227539
14430,76.20999908447266,71.74510192871094
14431,44.31999969482422,42.64617919921875
14432,33.130001068115234,31.91266441345215
14433,16.600000381469727,15.639837265014648
14434,46.68000030517578,45.526519775390625
14435,29.1299991607666,28.356624603271484
14436,25.229999542236328,24.085954666137695
14437,39.619998931884766,39.89076614379883
14438,42.220001220703125,40.893184661865234
14439,15.260000228881836,14.919876098632812
14440,11.369999885559082,11.439225196838379
14441,6.769999980926514,5.2177042961120605
14442,6.570000171661377,5.194791316986084
14443,64.55000305175781,61.73274612426758
14444,46.40999984741211,46.18492126464844
14445,46.529998779296875,45.29063034057617
14446,3.9700000286102295,2.650355100631714
14447,43.2400016784668,41.796356201171875
14448,24.950000762939453,23.63040542602539
14449,28.1299991607666,27.063976287841797
14450,19.1299991607666,19.14936637878418
14451,35.79999923706055,34.673484802246094
14452,28.420000076293945,27.878637313842773
14453,3.2100000381469727,2.0980353355407715
14454,23.770000457763672,22.333248138427734
14455,66.83999633789062,65.019287109375
14456,75.70999908447266,77.47980499267578
14457,22.3700008392334,21.68965721130371
14458,14.829999923706055,14.182761192321777
14459,57.029998779296875,53.36956024169922
14460,15.75,14.968029022216797
14461,37.56999969482422,36.04114532470703
14462,4.369999885559082,2.7218475341796875
14463,16.200000762939453,15.119377136230469
14464,24.739999771118164,22.72281265258789
14465,9.25,7.9022603034973145
14466,39.36000061035156,38.77352523803711
14467,29.389999389648438,26.534717559814453
14468,6.019999980926514,5.413661003112793
14469,25.690000534057617,24.22113037109375
14470,20.209999084472656,18.950546264648438
14471,23.149999618530273,22.647478103637695
14472,21.84000015258789,20.908390045166016
14473,55.83000183105469,56.16637420654297
14474,34.16999816894531,31.839014053344727
14475,23.299999237060547,21.144472122192383
14476,22.68000030517578,21.95443344116211
14477,30.84000015258789,28.932388305664062
14478,7.590000152587891,6.726364612579346
14479,15.699999809265137,15.262109756469727
14480,28.420000076293945,27.210269927978516
14481,34.40999984741211,34.451438903808594
14482,62.5099983215332,62.83005905151367
14483,11.229999542236328,9.432151794433594
14484,8.449999809265137,7.5380144119262695
14485,23.559999465942383,22.63062858581543
14486,38.619998931884766,37.22726058959961
14487,34.66999816894531,33.80705642700195
14488,44.0099983215332,43.2642707824707
14489,3.8399999141693115,2.6119914054870605
14490,73.7300033569336,74.33182525634766
14491,25.290000915527344,24.97140884399414
14492,28.25,27.49666976928711
14493,27.93000030517578,27.09543228149414
14494,53.880001068115234,51.21235275268555
14495,23.760000228881836,23.33136749267578
14496,20.579999923706055,19.59290313720703
14497,77.20999908447266,72.56099700927734
14498,12.90999984741211,12.236044883728027
14499,44.849998474121094,44.01362609863281
14500,8.529999732971191,7.3694634437561035
14501,31.110000610351562,31.052587509155273
14502,7.659999847412109,6.853541374206543
14503,53.630001068115234,54.55550003051758
14504,4.610000133514404,3.4822235107421875
14505,10.90999984741211,9.78087329864502
14506,7.619999885559082,6.55753231048584
14507,49.88999938964844,49.99696350097656
14508,34.970001220703125,34.071083068847656
14509,14.640000343322754,13.815531730651855
14510,40.84000015258789,40.07712936401367
14511,19.530000686645508,18.518409729003906
14512,17.170000076293945,15.754270553588867
14513,16.280000686645508,15.085708618164062
14514,17.110000610351562,16.358877182006836
14515,62.65999984741211,62.24131393432617
14516,16.360000610351562,15.835027694702148
14517,54.720001220703125,52.85843276977539
14518,23.469999313354492,23.190237045288086
14519,13.6899995803833,13.417449951171875
14520,23.360000610351562,21.76211929321289
14521,38.11000061035156,37.73539352416992
14522,13.300000190734863,11.906977653503418
14523,62.5099983215332,61.88105773925781
14524,12.539999961853027,12.044387817382812
14525,26.65999984741211,26.291227340698242
14526,9.800000190734863,10.219968795776367
14527,23.530000686645508,21.758041381835938
14528,35.16999816894531,33.40336227416992
14529,32.31999969482422,30.369674682617188
14530,55.54999923706055,52.474002838134766
14531,18.06999969482422,17.322420120239258
14532,5.269999980926514,3.9315617084503174
14533,24.260000228881836,23.402294158935547
14534,48.4900016784668,44.76599884033203
14535,4.230000019073486,2.910047769546509
14536,52.93000030517578,52.83751678466797
14537,24.420000076293945,23.129573822021484
14538,42.08000183105469,41.03850173950195
14539,4.960000038146973,4.3133344650268555
14540,19.969999313354492,18.276845932006836
14541,8.9399995803833,7.817600250244141
14542,30.799999237060547,30.38705062866211
14543,14.109999656677246,13.228815078735352
14544,19.780000686645508,18.748367309570312
14545,33.970001220703125,33.13579177856445
14546,57.470001220703125,59.07392120361328
14547,23.690000534057617,22.673118591308594
14548,77.04000091552734,72.44500732421875
14549,21.1200008392334,20.036054611206055
14550,26.389999389648438,24.478349685668945
14551,24.959999084472656,23.31498908996582
14552,26.170000076293945,24.551877975463867
14553,14.399999618530273,13.091171264648438
14554,36.06999969482422,34.81053924560547
14555,5.059999942779541,3.4598891735076904
14556,21.209999084472656,19.49782943725586
14557,15.020000457763672,15.04878044128418
14558,18.100000381469727,17.43062973022461
14559,72.1500015258789,72.39405059814453
14560,44.709999084472656,44.4055290222168
14561,19.290000915527344,18.280738830566406
14562,12.600000381469727,13.006792068481445
14563,27.170000076293945,26.35363006591797
14564,11.770000457763672,10.129812240600586
14565,14.579999923706055,14.346579551696777
14566,21.90999984741211,21.64789581298828
14567,15.789999961853027,15.077064514160156
14568,40.099998474121094,38.99086380004883
14569,17.18000030517578,15.754995346069336
14570,23.020000457763672,21.953800201416016
14571,5.659999847412109,5.145725727081299
14572,50.459999084472656,48.80940628051758
14573,18.510000228881836,17.826461791992188
14574,26.43000030517578,25.138776779174805
14575,22.600000381469727,22.09095001220703
14576,54.38999938964844,53.15509796142578
14577,39.02000045776367,38.36758804321289
14578,7.440000057220459,6.6186652183532715
14579,19.59000015258789,18.601669311523438
14580,16.34000015258789,15.492225646972656
14581,22.0,21.186208724975586
14582,26.420000076293945,25.459579467773438
14583,17.579999923706055,16.8765811920166
14584,35.63999938964844,35.38358688354492
14585,66.44999694824219,66.53923797607422
14586,15.420000076293945,15.092426300048828
14587,9.039999961853027,8.556600570678711
14588,28.40999984741211,27.020809173583984
14589,25.760000228881836,24.301881790161133
14590,26.389999389648438,25.213600158691406
14591,39.7599983215332,38.8763313293457
14592,19.059999465942383,18.87920379638672
14593,9.510000228881836,8.524564743041992
14594,18.1299991607666,17.45426368713379
14595,59.95000076293945,57.115779876708984
14596,24.0,22.42315101623535
14597,15.229999542236328,15.08165168762207
14598,6.809999942779541,6.1266398429870605
14599,12.239999771118164,12.312567710876465
14600,14.220000267028809,13.599472999572754
14601,8.5600004196167,8.172978401184082
14602,38.68000030517578,38.12533187866211
14603,26.299999237060547,25.164913177490234
14604,36.310001373291016,34.9897575378418
14605,34.779998779296875,34.39908981323242
14606,10.430000305175781,9.783013343811035
14607,28.649999618530273,27.507953643798828
14608,35.97999954223633,34.43755340576172
14609,38.150001525878906,36.04808807373047
14610,14.539999961853027,13.959294319152832
14611,29.56999969482422,29.364364624023438
14612,27.579999923706055,25.83382225036621
14613,36.119998931884766,35.26074981689453
14614,70.61000061035156,71.1724853515625
14615,35.5099983215332,35.87202835083008
14616,69.37999725341797,64.55813598632812
14617,34.7400016784668,34.522705078125
14618,16.959999084472656,16.235227584838867
14619,42.06999969482422,41.2337532043457
14620,9.329999923706055,8.213367462158203
14621,19.3799991607666,18.977317810058594
14622,39.939998626708984,40.111175537109375
14623,7.010000228881836,5.853673934936523
14624,23.700000762939453,22.38045883178711
14625,2.130000114440918,2.452840566635132
14626,40.91999816894531,40.05067825317383
14627,28.040000915527344,27.2828369140625
14628,22.700000762939453,21.365413665771484
14629,30.280000686645508,28.573131561279297
14630,41.86000061035156,40.624568939208984
14631,19.200000762939453,18.569976806640625
14632,43.310001373291016,41.20962905883789
14633,20.3799991607666,19.839370727539062
14634,23.360000610351562,23.185771942138672
14635,12.90999984741211,12.150651931762695
14636,38.09000015258789,37.251346588134766
14637,28.860000610351562,28.77991485595703
14638,39.470001220703125,38.77230453491211
14639,63.06999969482422,63.95851135253906
14640,28.190000534057617,26.588525772094727
14641,14.510000228881836,14.367804527282715
14642,46.040000915527344,43.65861892700195
14643,6.860000133514404,5.50428581237793
14644,14.1899995803833,13.333881378173828
14645,55.290000915527344,54.8353271484375
14646,72.80999755859375,74.77088165283203
14647,19.860000610351562,17.815364837646484
14648,26.260000228881836,23.649829864501953
14649,30.56999969482422,28.792001724243164
14650,36.540000915527344,35.620121002197266
14651,28.84000015258789,27.661334991455078
14652,29.15999984741211,28.327802658081055
14653,36.5099983215332,34.33879470825195
14654,22.450000762939453,22.2330379486084
14655,32.95000076293945,31.576587677001953
14656,35.630001068115234,34.693870544433594
14657,17.1299991607666,16.471155166625977
14658,39.959999084472656,39.40248107910156
14659,20.059999465942383,19.18320655822754
14660,7.03000020980835,5.808891773223877
14661,55.81999969482422,55.0880012512207
14662,41.75,40.12440490722656
14663,22.520000457763672,21.19774627685547
14664,23.639999389648438,22.25471305847168
14665,27.229999542236328,25.23682975769043
14666,40.470001220703125,38.725032806396484
14667,15.140000343322754,15.397478103637695
14668,13.550000190734863,13.352474212646484
14669,24.290000915527344,23.589202880859375
14670,25.489999771118164,24.45423126220703
14671,27.809999465942383,26.014448165893555
14672,5.090000152587891,3.823024034500122
14673,21.06999969482422,19.688282012939453
14674,34.56999969482422,33.07340621948242
14675,48.43000030517578,46.9655647277832
14676,31.200000762939453,31.21986961364746
14677,25.100000381469727,23.87786102294922
14678,38.27000045776367,37.064334869384766
14679,34.7400016784668,33.81771469116211
14680,42.38999938964844,42.28597640991211
14681,33.290000915527344,31.576248168945312
14682,17.200000762939453,16.618724822998047
14683,47.709999084472656,43.47877502441406
14684,24.170000076293945,23.033550262451172
14685,20.280000686645508,19.298032760620117
14686,21.200000762939453,20.088211059570312
14687,10.300000190734863,8.95167350769043
14688,13.609999656677246,12.29506778717041
14689,44.709999084472656,44.31448745727539
14690,45.09000015258789,43.08662033081055
14691,60.68000030517578,60.46989059448242
14692,22.06999969482422,21.121959686279297
14693,20.209999084472656,18.999771118164062
14694,24.260000228881836,22.84934425354004
14695,19.030000686645508,17.967708587646484
14696,25.899999618530273,24.728408813476562
14697,62.939998626708984,61.1436882019043
14698,26.049999237060547,25.506662368774414
14699,13.489999771118164,12.721383094787598
14700,21.940000534057617,20.854595184326172
14701,16.969999313354492,16.29497718811035
14702,46.869998931884766,46.30083084106445
14703,18.389999389648438,17.512306213378906
14704,33.810001373291016,32.190303802490234
14705,34.060001373291016,32.8251953125
14706,21.90999984741211,20.528778076171875
14707,22.780000686645508,20.633983612060547
14708,41.369998931884766,40.203025817871094
14709,13.020000457763672,12.131250381469727
14710,48.66999816894531,46.462646484375
14711,32.81999969482422,31.882482528686523
14712,46.04999923706055,43.68160629272461
14713,34.58000183105469,34.324432373046875
14714,43.43000030517578,42.81439208984375
14715,24.950000762939453,24.408462524414062
14716,4.380000114440918,2.7324047088623047
14717,10.010000228881836,8.607935905456543
14718,21.010000228881836,20.4674072265625
14719,36.2400016784668,34.212520599365234
14720,39.54999923706055,39.96876907348633
14721,49.650001525878906,50.6800651550293
14722,7.03000020980835,5.89138650894165
14723,15.65999984741211,15.269906997680664
14724,8.920000076293945,7.9971232414245605
14725,37.529998779296875,36.98685836791992
14726,12.819999694824219,11.886160850524902
14727,17.84000015258789,17.31888198852539
14728,57.02000045776367,55.25426483154297
14729,49.47999954223633,49.15667724609375
14730,49.459999084472656,48.467742919921875
14731,76.04000091552734,74.17696380615234
14732,54.45000076293945,54.1678352355957
14733,42.650001525878906,43.39867401123047
14734,31.31999969482422,31.152185440063477
14735,22.290000915527344,21.574661254882812
14736,40.86000061035156,38.346046447753906
14737,24.68000030517578,23.251070022583008
14738,5.150000095367432,3.72464919090271
14739,30.979999542236328,30.074207305908203
14740,22.030000686645508,20.947317123413086
14741,33.7400016784668,31.99135398864746
14742,34.86000061035156,34.69873809814453
14743,24.93000030517578,24.28977394104004
14744,50.75,50.08199691772461
14745,38.2599983215332,37.63017272949219
14746,34.2400016784668,32.738460540771484
14747,21.260000228881836,20.5133056640625
14748,2.940000057220459,1.450792908668518
14749,50.810001373291016,48.02223205566406
14750,23.200000762939453,21.934301376342773
14751,24.989999771118164,23.575212478637695
14752,21.469999313354492,19.522247314453125
14753,39.130001068115234,39.2203483581543
14754,8.399999618530273,7.943904876708984
14755,16.790000915527344,16.539846420288086
14756,23.760000228881836,22.47844886779785
14757,12.470000267028809,10.862482070922852
14758,17.530000686645508,17.194400787353516
14759,46.779998779296875,45.782081604003906
14760,6.329999923706055,5.000586986541748
14761,8.550000190734863,7.623274326324463
14762,32.52000045776367,31.85895538330078
14763,33.7599983215332,32.812686920166016
14764,38.4900016784668,37.96969223022461
14765,20.579999923706055,19.38902473449707
14766,34.189998626708984,32.90292739868164
14767,15.329999923706055,14.762893676757812
14768,24.479999542236328,23.001672744750977
14769,20.899999618530273,19.97570037841797
14770,15.649999618530273,15.085058212280273
14771,21.280000686645508,19.93413543701172
14772,5.46999979019165,4.116234302520752
14773,10.930000305175781,9.758452415466309
14774,12.989999771118164,12.28177547454834
14775,20.270000457763672,20.08666229248047
14776,12.289999961853027,11.35047721862793
14777,27.389999389648438,26.344358444213867
14778,47.97999954223633,44.05055618286133
14779,16.06999969482422,15.058771133422852
14780,8.550000190734863,7.680970191955566
14781,9.630000114440918,9.105244636535645
14782,44.380001068115234,44.12089157104492
14783,23.5,22.07716941833496
14784,9.720000267028809,8.712542533874512
14785,34.59000015258789,33.691184997558594
14786,18.329999923706055,16.424766540527344
14787,37.20000076293945,36.35158157348633
14788,9.920000076293945,9.427946090698242
14789,32.560001373291016,31.54834747314453
14790,9.479999542236328,8.790523529052734
14791,20.75,20.21654510498047
14792,41.380001068115234,40.48454284667969
14793,12.510000228881836,11.650887489318848
14794,53.77000045776367,52.20120620727539
14795,9.270000457763672,7.912008762359619
14796,7.230000019073486,6.494693279266357
14797,46.52000045776367,45.23552322387695
14798,49.380001068115234,49.114925384521484
14799,60.38999938964844,61.07032775878906
14800,25.729999542236328,25.22046661376953
14801,29.56999969482422,29.210670471191406
14802,55.599998474121094,52.399444580078125
14803,23.34000015258789,22.387737274169922
14804,25.280000686645508,23.629352569580078
14805,53.529998779296875,52.56694412231445
14806,57.41999816894531,57.72542190551758
14807,30.329999923706055,29.999601364135742
14808,27.479999542236328,26.778064727783203
14809,11.800000190734863,11.135064125061035
14810,3.0,2.0995028018951416
14811,26.6200008392334,26.207565307617188
14812,5.920000076293945,4.70073127746582
14813,18.59000015258789,18.32957649230957
14814,47.58000183105469,45.815486907958984
14815,10.380000114440918,9.483346939086914
14816,66.81999969482422,67.5959701538086
14817,34.81999969482422,33.89363479614258
14818,18.100000381469727,16.834741592407227
14819,11.84000015258789,10.825465202331543
14820,7.300000190734863,6.877749919891357
14821,39.58000183105469,38.76150131225586
14822,39.34000015258789,37.44633865356445
14823,15.050000190734863,13.491101264953613
14824,45.630001068115234,45.78326416015625
14825,36.5099983215332,34.79594039916992
14826,21.530000686645508,20.737144470214844
14827,27.270000457763672,25.903221130371094
14828,21.34000015258789,20.59052848815918
14829,67.4000015258789,65.11959075927734
14830,31.65999984741211,30.52931785583496
14831,48.47999954223633,46.73674011230469
14832,15.199999809265137,15.442573547363281
14833,38.439998626708984,37.938594818115234
14834,3.240000009536743,2.1597468852996826
14835,7.230000019073486,5.542155742645264
14836,17.739999771118164,17.349414825439453
14837,30.81999969482422,29.099538803100586
14838,8.0600004196167,6.62607479095459
14839,49.18000030517578,47.03354263305664
14840,3.890000104904175,2.807136058807373
14841,45.709999084472656,47.535377502441406
14842,57.22999954223633,56.45116424560547
14843,40.849998474121094,39.616912841796875
14844,20.700000762939453,20.150392532348633
14845,23.969999313354492,23.83768081665039
14846,10.8100004196167,9.531633377075195
14847,27.559999465942383,26.50655746459961
14848,50.83000183105469,49.684635162353516
14849,47.45000076293945,44.85597229003906
14850,34.63999938964844,33.63792037963867
14851,52.290000915527344,52.50225830078125
14852,22.010000228881836,21.241561889648438
14853,57.06999969482422,56.88081741333008
14854,38.93000030517578,39.482784271240234
14855,30.100000381469727,29.649349212646484
14856,43.52000045776367,42.04254913330078
14857,28.459999084472656,27.651792526245117
14858,20.100000381469727,18.624164581298828
14859,10.979999542236328,10.88814926147461
14860,45.880001068115234,44.34030532836914
14861,44.349998474121094,44.14780044555664
14862,23.270000457763672,22.77662467956543
14863,53.5099983215332,54.21727752685547
14864,27.09000015258789,25.491134643554688
14865,30.780000686645508,29.497814178466797
14866,28.780000686645508,28.783384323120117
14867,28.770000457763672,26.890060424804688
14868,16.889999389648438,16.569002151489258
14869,9.0600004196167,8.553417205810547
14870,36.5,36.46213912963867
14871,2.5899999141693115,1.7666501998901367
14872,26.540000915527344,25.736295700073242
14873,36.560001373291016,35.399375915527344
14874,33.0,31.372955322265625
14875,16.850000381469727,15.958490371704102
14876,48.79999923706055,48.41490173339844
14877,5.78000020980835,4.483339309692383
14878,45.790000915527344,43.34230422973633
14879,25.350000381469727,24.613067626953125
14880,37.880001068115234,36.400394439697266
14881,43.41999816894531,42.116722106933594
14882,11.15999984741211,10.193058967590332
14883,23.59000015258789,22.56855583190918
14884,11.520000457763672,10.485295295715332
14885,34.29999923706055,33.4312744140625
14886,60.900001525878906,60.046688079833984
14887,16.489999771118164,15.195777893066406
14888,44.47999954223633,42.30368423461914
14889,54.540000915527344,53.75284957885742
14890,41.849998474121094,39.294456481933594
14891,15.8100004196167,15.624101638793945
14892,8.869999885559082,7.8919782638549805
14893,23.3799991607666,22.31490707397461
14894,8.350000381469727,6.708473205566406
14895,23.299999237060547,21.762126922607422
14896,11.300000190734863,10.867691040039062
14897,5.829999923706055,5.003195762634277
14898,38.310001373291016,37.081783294677734
14899,50.650001525878906,48.809444427490234
14900,3.3499999046325684,2.0550434589385986
14901,30.420000076293945,28.592567443847656
14902,34.09000015258789,32.27408218383789
14903,35.130001068115234,33.590301513671875
14904,23.950000762939453,22.223817825317383
14905,33.75,31.58353614807129
14906,8.890000343322754,7.997837066650391
14907,3.700000047683716,2.8390846252441406
14908,32.380001068115234,31.494930267333984
14909,17.34000015258789,15.757061004638672
14910,12.229999542236328,11.236494064331055
14911,58.11000061035156,57.09528350830078
14912,22.649999618530273,21.842796325683594
14913,27.25,26.38370704650879
14914,9.529999732971191,8.562088966369629
14915,15.579999923706055,15.455463409423828
14916,21.260000228881836,19.735374450683594
14917,28.829999923706055,27.772462844848633
14918,58.61000061035156,60.10357666015625
14919,29.709999084472656,27.83926010131836
14920,42.119998931884766,40.39358139038086
14921,6.239999771118164,5.154440402984619
14922,27.3799991607666,26.545087814331055
14923,40.130001068115234,38.46363830566406
14924,24.110000610351562,23.412673950195312
14925,37.560001373291016,36.42854309082031
14926,8.34000015258789,7.469860553741455
14927,16.299999237060547,15.262014389038086
14928,11.390000343322754,10.570204734802246
14929,70.58000183105469,67.22868347167969
14930,25.719999313354492,24.66838836669922
14931,10.829999923706055,10.087577819824219
14932,11.350000381469727,9.80172348022461
14933,33.90999984741211,32.325439453125
14934,19.700000762939453,18.614845275878906
14935,15.710000038146973,15.777585983276367
14936,35.72999954223633,33.758670806884766
14937,27.540000915527344,26.251201629638672
14938,33.619998931884766,33.694576263427734
14939,39.06999969482422,38.98226547241211
14940,29.0,27.00348472595215
14941,16.760000228881836,15.639616012573242
14942,16.670000076293945,15.830730438232422
14943,33.16999816894531,32.696109771728516
14944,9.40999984741211,8.520730018615723
14945,28.049999237060547,26.64013671875
14946,16.25,15.35634994506836
14947,63.13999938964844,61.58158493041992
14948,45.099998474121094,42.7681770324707
14949,38.20000076293945,37.15625
14950,10.140000343322754,7.956484317779541
14951,28.270000457763672,27.6455135345459
14952,15.880000114440918,15.41943359375
14953,19.959999084472656,19.144519805908203
14954,7.099999904632568,5.915714263916016
14955,43.209999084472656,42.29713821411133
14956,46.36000061035156,44.1663703918457
14957,18.399999618530273,17.691604614257812
14958,21.75,20.761199951171875
14959,48.599998474121094,49.50383758544922
14960,17.530000686645508,16.68797492980957
14961,41.790000915527344,41.9337272644043
14962,43.91999816894531,43.686363220214844
14963,37.689998626708984,36.37253952026367
14964,33.2599983215332,32.780582427978516
14965,17.8700008392334,16.23931312561035
14966,25.190000534057617,23.791091918945312
14967,17.290000915527344,16.698942184448242
14968,18.059999465942383,18.02459716796875
14969,35.65999984741211,34.494102478027344
14970,13.220000267028809,12.368425369262695
14971,34.130001068115234,33.38267135620117
14972,24.360000610351562,24.437824249267578
14973,17.420000076293945,16.278074264526367
14974,21.43000030517578,20.487335205078125
14975,60.209999084472656,57.42085647583008
14976,20.239999771118164,19.320493698120117
14977,25.719999313354492,24.071788787841797
14978,3.809999942779541,2.1461474895477295
14979,33.02000045776367,31.82806396484375
14980,10.0600004196167,9.579039573669434
14981,24.809999465942383,23.601421356201172
14982,36.38999938964844,35.15300369262695
14983,66.0199966430664,66.26610565185547
14984,24.579999923706055,23.793712615966797
14985,16.100000381469727,15.326885223388672
14986,23.219999313354492,23.38895606994629
14987,19.43000030517578,18.75798988342285
14988,8.390000343322754,7.70789909362793
14989,31.040000915527344,31.478775024414062
14990,26.299999237060547,26.856708526611328
14991,36.65999984741211,35.701900482177734
14992,4.130000114440918,2.454104423522949
14993,51.4900016784668,51.07884216308594
14994,18.229999542236328,17.863981246948242
14995,39.709999084472656,38.89763259887695
14996,8.380000114440918,7.013802528381348
14997,59.290000915527344,56.825016021728516
14998,14.369999885559082,13.647965431213379
14999,17.889999389648438,16.620532989501953
15000,5.539999961853027,2.750864028930664
15001,25.329999923706055,24.93130874633789
15002,31.670000076293945,31.26765251159668
15003,18.149999618530273,17.22372817993164
15004,18.399999618530273,17.97646713256836
15005,47.540000915527344,46.38545608520508
15006,16.670000076293945,15.532182693481445
15007,24.739999771118164,23.680002212524414
15008,37.790000915527344,37.36166000366211
15009,21.139999389648438,20.827014923095703
15010,35.38999938964844,33.776432037353516
15011,27.8799991607666,26.738113403320312
15012,8.520000457763672,7.4692301750183105
15013,3.359999895095825,2.151362419128418
15014,49.11000061035156,46.65134048461914
15015,30.239999771118164,29.65715980529785
15016,46.93000030517578,46.75341796875
15017,14.489999771118164,13.859150886535645
15018,35.709999084472656,35.24188995361328
15019,27.93000030517578,26.83313751220703
15020,12.699999809265137,11.996382713317871
15021,5.860000133514404,4.55741024017334
15022,26.290000915527344,26.262447357177734
15023,35.75,35.09180450439453
15024,17.440000534057617,16.742368698120117
15025,37.529998779296875,36.249473571777344
15026,41.470001220703125,40.49155044555664
15027,16.450000762939453,16.29608726501465
15028,67.80999755859375,65.26876068115234
15029,34.77000045776367,32.830013275146484
15030,42.599998474121094,41.39181137084961
15031,37.369998931884766,37.58916091918945
15032,25.049999237060547,24.570541381835938
15033,17.200000762939453,16.681163787841797
15034,17.09000015258789,16.50253677368164
15035,14.229999542236328,13.498946189880371
15036,28.549999237060547,27.419038772583008
15037,27.93000030517578,26.648283004760742
15038,6.210000038146973,5.40209436416626
15039,29.030000686645508,28.107206344604492
15040,20.540000915527344,19.52806854248047
15041,19.1299991607666,18.446605682373047
15042,5.389999866485596,4.199451923370361
15043,10.229999542236328,9.597683906555176
15044,11.220000267028809,10.811970710754395
15045,17.889999389648438,18.527565002441406
15046,23.34000015258789,21.94057846069336
15047,27.639999389648438,25.54620933532715
15048,35.16999816894531,33.811729431152344
15049,8.130000114440918,7.815034866333008
15050,19.799999237060547,18.484844207763672
15051,7.090000152587891,6.349189758300781
15052,23.84000015258789,24.2896728515625
15053,7.820000171661377,6.988006114959717
15054,34.130001068115234,31.60103416442871
15055,55.59000015258789,53.9262580871582
15056,44.040000915527344,43.653709411621094
15057,15.039999961853027,14.24712085723877
15058,9.90999984741211,8.537742614746094
15059,17.25,17.14597511291504
15060,8.760000228881836,8.246127128601074
15061,51.5099983215332,51.807159423828125
15062,31.81999969482422,31.433420181274414
15063,25.06999969482422,24.77430534362793
15064,48.279998779296875,46.04945755004883
15065,24.1200008392334,23.813804626464844
15066,48.02000045776367,47.00276565551758
15067,54.630001068115234,53.60544967651367
15068,17.670000076293945,17.092132568359375
15069,15.529999732971191,14.514555931091309
15070,15.15999984741211,13.841782569885254
15071,18.780000686645508,18.739362716674805
15072,28.889999389648438,28.589458465576172
15073,25.81999969482422,25.165130615234375
15074,9.149999618530273,7.929482460021973
15075,9.789999961853027,9.046998977661133
15076,22.170000076293945,21.70366668701172
15077,60.7400016784668,61.19182205200195
15078,14.25,13.714373588562012
15079,10.640000343322754,9.355486869812012
15080,27.690000534057617,26.70827293395996
15081,11.869999885559082,10.984600067138672
15082,20.229999542236328,19.768482208251953
15083,10.779999732971191,9.73698616027832
15084,48.709999084472656,47.93848419189453
15085,21.219999313354492,20.00507354736328
15086,2.7300000190734863,1.6796706914901733
15087,45.7400016784668,44.08434295654297
15088,21.639999389648438,20.150676727294922
15089,18.239999771118164,17.668546676635742
15090,17.450000762939453,16.972644805908203
15091,31.850000381469727,31.46554183959961
15092,21.1299991607666,20.587291717529297
15093,35.93000030517578,33.04911422729492
15094,28.969999313354492,27.837425231933594
15095,21.0,19.692829132080078
15096,15.510000228881836,14.813034057617188
15097,15.119999885559082,14.074175834655762
15098,22.739999771118164,21.954364776611328
15099,32.9900016784668,32.90107345581055
15100,58.279998779296875,56.826236724853516
15101,43.40999984741211,43.08920669555664
15102,26.809999465942383,26.09823989868164
15103,31.5,31.040172576904297
15104,16.829999923706055,15.117431640625
15105,60.84000015258789,60.53089904785156
15106,5.210000038146973,4.1032233238220215
15107,21.81999969482422,21.79082489013672
15108,39.79999923706055,38.15366744995117
15109,65.56999969482422,66.9793930053711
15110,36.939998626708984,37.169925689697266
15111,49.59000015258789,48.46271896362305
15112,9.350000381469727,8.8971529006958
15113,52.029998779296875,49.26425552368164
15114,45.33000183105469,44.98844909667969
15115,38.38999938964844,38.08412551879883
15116,30.56999969482422,28.939353942871094
15117,36.29999923706055,35.092376708984375
15118,18.649999618530273,17.387073516845703
15119,40.029998779296875,38.75002670288086
15120,30.020000457763672,29.583532333374023
15121,16.469999313354492,16.229318618774414
15122,28.549999237060547,27.900455474853516
15123,15.220000267028809,14.198397636413574
15124,26.520000457763672,25.461566925048828
15125,31.260000228881836,30.09156036376953
15126,10.350000381469727,9.514002799987793
15127,37.810001373291016,36.62929153442383
15128,40.5,40.53036880493164
15129,40.720001220703125,39.21366882324219
15130,30.229999542236328,28.919429779052734
15131,5.059999942779541,3.30481219291687
15132,44.900001525878906,44.197391510009766
15133,2.9200000762939453,1.5521332025527954
15134,36.95000076293945,35.358402252197266
15135,30.899999618530273,30.19809913635254
15136,25.8799991607666,25.29688262939453
15137,13.260000228881836,12.714604377746582
15138,17.239999771118164,16.347871780395508
15139,30.739999771118164,29.99282455444336
15140,42.439998626708984,40.60988235473633
15141,20.260000228881836,19.584095001220703
15142,24.350000381469727,23.622886657714844
15143,44.84000015258789,42.4386100769043
15144,63.65999984741211,63.50605392456055
15145,24.020000457763672,22.96868896484375
15146,6.960000038146973,5.348567962646484
15147,11.880000114440918,11.372245788574219
15148,30.780000686645508,29.87039566040039
15149,13.180000305175781,12.735783576965332
15150,37.09000015258789,37.00539779663086
15151,23.809999465942383,23.701099395751953
15152,18.579999923706055,17.956396102905273
15153,18.1200008392334,16.49648094177246
15154,9.819999694824219,9.180498123168945
15155,37.2400016784668,36.772151947021484
15156,47.810001373291016,47.840858459472656
15157,49.59000015258789,45.64761734008789
15158,27.260000228881836,26.63835334777832
15159,45.68000030517578,44.84749221801758
15160,4.090000152587891,3.1801555156707764
15161,57.09000015258789,55.04169464111328
15162,21.690000534057617,20.54041290283203
15163,15.819999694824219,14.456543922424316
15164,26.6200008392334,26.442855834960938
15165,21.239999771118164,20.463468551635742
15166,17.34000015258789,15.956100463867188
15167,48.18000030517578,46.9281120300293
15168,25.350000381469727,24.96824073791504
15169,34.650001525878906,33.12400436401367
15170,19.459999084472656,18.828096389770508
15171,11.829999923706055,11.175999641418457
15172,15.100000381469727,14.142827033996582
15173,17.809999465942383,17.26516342163086
15174,18.350000381469727,17.993911743164062
15175,62.16999816894531,60.041507720947266
15176,23.31999969482422,21.73780059814453
15177,26.389999389648438,25.318744659423828
15178,34.470001220703125,33.39767074584961
15179,5.900000095367432,4.784886837005615
15180,26.25,24.009313583374023
15181,23.75,21.94249725341797
15182,15.619999885559082,15.688911437988281
15183,17.729999542236328,17.106321334838867
15184,26.950000762939453,25.784032821655273
15185,25.860000610351562,23.914329528808594
15186,38.5099983215332,37.471397399902344
15187,42.5,41.2812385559082
15188,23.420000076293945,22.64486312866211
15189,29.979999542236328,29.369565963745117
15190,42.189998626708984,41.59716796875
15191,40.47999954223633,39.08346176147461
15192,63.18000030517578,61.29840087890625
15193,40.040000915527344,39.13579177856445
15194,34.040000915527344,33.68662643432617
15195,28.600000381469727,26.695653915405273
15196,31.059999465942383,29.18256187438965
15197,71.2300033569336,70.70663452148438
15198,14.489999771118164,13.05048942565918
15199,11.09000015258789,11.090982437133789
15200,8.270000457763672,7.197002410888672
15201,28.709999084472656,28.436161041259766
15202,10.15999984741211,9.865245819091797
15203,23.84000015258789,22.82172966003418
15204,10.8100004196167,10.160107612609863
15205,22.190000534057617,21.618234634399414
15206,23.079999923706055,21.19685935974121
15207,27.18000030517578,26.46552276611328
15208,13.449999809265137,13.032411575317383
15209,10.699999809265137,10.293251037597656
15210,7.019999980926514,5.7920331954956055
15211,33.400001525878906,32.320926666259766
15212,14.670000076293945,14.573331832885742
15213,10.930000305175781,10.873479843139648
15214,26.75,26.61155128479004
15215,42.650001525878906,41.98287582397461
15216,34.709999084472656,32.69979476928711
15217,13.069999694824219,12.337647438049316
15218,26.8700008392334,25.985305786132812
15219,40.70000076293945,39.73268508911133
15220,19.860000610351562,19.360828399658203
15221,23.34000015258789,22.926462173461914
15222,19.530000686645508,17.611936569213867
15223,4.340000152587891,3.215149402618408
15224,13.59000015258789,13.056869506835938
15225,26.420000076293945,25.819061279296875
15226,46.099998474121094,45.182621002197266
15227,24.229999542236328,23.093585968017578
15228,20.18000030517578,19.44720458984375
15229,16.6299991607666,15.918527603149414
15230,13.960000038146973,13.510066032409668
15231,9.949999809265137,8.95622730255127
15232,26.149999618530273,24.034603118896484
15233,27.34000015258789,25.78826332092285
15234,58.54999923706055,57.806358337402344
15235,8.4399995803833,8.046659469604492
15236,11.1899995803833,10.416686058044434
15237,20.520000457763672,20.22263526916504
15238,27.559999465942383,27.188838958740234
15239,46.25,46.39168167114258
15240,26.100000381469727,25.021215438842773
15241,24.100000381469727,22.87468147277832
15242,9.220000267028809,8.121659278869629
15243,30.34000015258789,30.86406135559082
15244,13.079999923706055,12.4652099609375
15245,57.15999984741211,57.19512176513672
15246,6.03000020980835,4.718940258026123
15247,5.809999942779541,4.178181171417236
15248,4.340000152587891,3.2405056953430176
15249,12.279999732971191,11.283238410949707
15250,42.47999954223633,40.70687484741211
15251,74.29000091552734,72.7804183959961
15252,43.22999954223633,40.051456451416016
15253,5.889999866485596,4.298985958099365
15254,18.18000030517578,17.525136947631836
15255,31.049999237060547,29.700998306274414
15256,14.289999961853027,14.162446022033691
15257,32.529998779296875,31.032638549804688
15258,59.959999084472656,58.149112701416016
15259,15.369999885559082,14.52855396270752
15260,54.41999816894531,52.35757827758789
15261,63.220001220703125,61.06974411010742
15262,38.439998626708984,38.11066818237305
15263,33.33000183105469,33.39483642578125
15264,27.65999984741211,27.136186599731445
15265,7.440000057220459,6.552618503570557
15266,35.779998779296875,34.71348571777344
15267,11.59000015258789,10.763334274291992
15268,29.209999084472656,28.248470306396484
15269,35.43000030517578,33.81242752075195
15270,20.329999923706055,20.218612670898438
15271,13.050000190734863,13.22799301147461
15272,33.68000030517578,31.960006713867188
15273,28.950000762939453,27.638351440429688
15274,42.18000030517578,41.21840286254883
15275,20.700000762939453,19.787439346313477
15276,76.69999694824219,75.17049407958984
15277,8.869999885559082,7.254177570343018
15278,16.81999969482422,16.031761169433594
15279,20.469999313354492,20.062023162841797
15280,36.400001525878906,35.469398498535156
15281,6.909999847412109,5.903001308441162
15282,38.2599983215332,36.47788619995117
15283,32.470001220703125,32.82283401489258
15284,20.139999389648438,19.632654190063477
15285,16.100000381469727,15.276819229125977
15286,14.529999732971191,13.631138801574707
15287,3.1500000953674316,2.491839647293091
15288,33.209999084472656,32.03087615966797
15289,31.889999389648438,31.141700744628906
15290,36.439998626708984,35.29623794555664
15291,42.470001220703125,40.006282806396484
15292,71.68000030517578,72.69026947021484
15293,24.40999984741211,23.756567001342773
15294,23.739999771118164,23.527294158935547
15295,21.299999237060547,20.66457176208496
15296,48.900001525878906,48.2882080078125
15297,21.260000228881836,19.735240936279297
15298,24.209999084472656,23.301565170288086
15299,33.779998779296875,32.89151382446289
15300,5.940000057220459,4.739764213562012
15301,11.979999542236328,11.31101131439209
15302,12.5,11.81690788269043
15303,37.439998626708984,36.60092544555664
15304,34.77000045776367,34.573978424072266
15305,30.219999313354492,29.47671890258789
15306,38.08000183105469,37.664588928222656
15307,24.489999771118164,22.620248794555664
15308,53.93000030517578,56.49434280395508
15309,16.889999389648438,15.734504699707031
15310,9.699999809265137,9.236568450927734
15311,31.239999771118164,31.409643173217773
15312,56.130001068115234,55.29615783691406
15313,24.079999923706055,23.490571975708008
15314,36.369998931884766,35.87171936035156
15315,7.570000171661377,6.548780918121338
15316,8.770000457763672,7.57808780670166
15317,35.720001220703125,35.35367965698242
15318,14.460000038146973,13.632853507995605
15319,7.010000228881836,5.805457592010498
15320,8.539999961853027,7.542110443115234
15321,40.279998779296875,39.91582489013672
15322,16.43000030517578,15.446294784545898
15323,16.770000457763672,15.176088333129883
15324,24.299999237060547,23.0966739654541
15325,15.779999732971191,15.051698684692383
15326,42.18000030517578,42.048065185546875
15327,31.600000381469727,29.8560848236084
15328,36.08000183105469,36.140750885009766
15329,12.84000015258789,11.869812965393066
15330,15.880000114440918,14.736223220825195
15331,49.880001068115234,46.611351013183594
15332,72.08000183105469,72.00732421875
15333,14.829999923706055,14.697712898254395
15334,21.3700008392334,19.97891616821289
15335,53.36000061035156,53.0610237121582
15336,33.09000015258789,33.05524444580078
15337,29.170000076293945,27.217041015625
15338,15.420000076293945,14.530200004577637
15339,26.940000534057617,26.223541259765625
15340,8.760000228881836,7.835179328918457
15341,22.489999771118164,21.75214958190918
15342,21.399999618530273,20.83917236328125
15343,12.649999618530273,12.767168998718262
15344,21.139999389648438,20.640941619873047
15345,1.7999999523162842,1.44114089012146
15346,26.260000228881836,25.979433059692383
15347,14.84000015258789,14.403990745544434
15348,22.969999313354492,21.966636657714844
15349,32.08000183105469,31.23126983642578
15350,33.029998779296875,32.1979866027832
15351,31.020000457763672,30.305618286132812
15352,73.79000091552734,73.83292388916016
15353,29.25,28.992908477783203
15354,29.600000381469727,28.8062744140625
15355,31.6200008392334,29.89271354675293
15356,11.880000114440918,10.06508731842041
15357,22.139999389648438,21.422046661376953
15358,22.290000915527344,21.428844451904297
15359,18.780000686645508,17.343589782714844
15360,41.52000045776367,41.35603713989258
15361,28.06999969482422,27.468429565429688
15362,8.8100004196167,7.748168468475342
15363,45.47999954223633,44.07524108886719
15364,16.639999389648438,15.953649520874023
15365,24.770000457763672,24.265295028686523
15366,5.349999904632568,4.916377067565918
15367,28.760000228881836,27.841293334960938
15368,23.100000381469727,21.784832000732422
15369,20.969999313354492,20.395814895629883
15370,19.84000015258789,18.771921157836914
15371,30.479999542236328,29.582679748535156
15372,6.860000133514404,5.716526508331299
15373,12.920000076293945,12.22171688079834
15374,32.06999969482422,30.709857940673828
15375,22.829999923706055,22.550748825073242
15376,10.960000038146973,9.85642147064209
15377,17.739999771118164,16.8292236328125
15378,27.959999084472656,27.358253479003906
15379,23.829999923706055,21.881484985351562
15380,4.860000133514404,3.606632709503174
15381,4.0,2.622462749481201
15382,44.68000030517578,43.59814453125
15383,26.979999542236328,26.28034210205078
15384,34.029998779296875,33.31898498535156
15385,53.18000030517578,50.36777114868164
15386,14.930000305175781,14.14279842376709
15387,7.570000171661377,6.301600933074951
15388,8.15999984741211,7.243823051452637
15389,29.030000686645508,27.21725845336914
15390,58.40999984741211,57.618858337402344
15391,3.950000047683716,2.827270984649658
15392,14.989999771118164,13.145172119140625
15393,20.84000015258789,20.455333709716797
15394,5.590000152587891,5.662059307098389
15395,61.38999938964844,56.447288513183594
15396,66.18000030517578,66.21260833740234
15397,62.93000030517578,59.93877410888672
15398,8.149999618530273,7.130776405334473
15399,30.530000686645508,28.795787811279297
15400,34.16999816894531,33.72952651977539
15401,8.720000267028809,7.646961688995361
15402,13.850000381469727,12.969842910766602
15403,72.52999877929688,73.29552459716797
15404,11.699999809265137,10.425614356994629
15405,37.810001373291016,37.38009262084961
15406,47.630001068115234,46.67826461791992
15407,38.970001220703125,37.730796813964844
15408,15.84000015258789,15.27409553527832
15409,16.010000228881836,14.810758590698242
15410,28.670000076293945,26.768455505371094
15411,10.649999618530273,8.96626091003418
15412,26.700000762939453,25.81041145324707
15413,27.010000228881836,26.09185791015625
15414,6.449999809265137,5.3245649337768555
15415,23.520000457763672,22.62761878967285
15416,33.630001068115234,32.76272964477539
15417,19.479999542236328,18.484493255615234
15418,16.68000030517578,15.394489288330078
15419,32.650001525878906,31.697025299072266
15420,24.709999084472656,22.634868621826172
15421,38.79999923706055,37.31562423706055
15422,23.100000381469727,21.9862003326416
15423,7.110000133514404,7.4324235916137695
15424,72.26000213623047,73.10440063476562
15425,13.829999923706055,13.387279510498047
15426,21.31999969482422,20.331125259399414
15427,37.060001373291016,36.32627487182617
15428,9.579999923706055,7.756466865539551
15429,17.8700008392334,17.452009201049805
15430,7.980000019073486,7.02046537399292
15431,4.519999980926514,3.2026541233062744
15432,42.459999084472656,41.936241149902344
15433,61.189998626708984,59.8152961730957
15434,14.100000381469727,13.857789039611816
15435,34.06999969482422,33.157447814941406
15436,24.90999984741211,24.702022552490234
15437,48.119998931884766,45.57974624633789
15438,13.210000038146973,12.869610786437988
15439,11.220000267028809,10.228389739990234
15440,47.380001068115234,47.5290412902832
15441,34.27000045776367,33.63341522216797
15442,41.470001220703125,41.020660400390625
15443,44.11000061035156,43.346900939941406
15444,29.18000030517578,26.915462493896484
15445,31.1299991607666,29.910314559936523
15446,25.770000457763672,24.709257125854492
15447,33.709999084472656,33.31636428833008
15448,11.579999923706055,10.670686721801758
15449,19.969999313354492,19.478147506713867
15450,25.139999389648438,24.447978973388672
15451,34.70000076293945,34.63076400756836
15452,15.859999656677246,14.724063873291016
15453,32.90999984741211,31.842451095581055
15454,20.65999984741211,19.682083129882812
15455,23.25,22.266033172607422
15456,16.59000015258789,15.747062683105469
15457,37.810001373291016,37.140594482421875
15458,33.790000915527344,32.806758880615234
15459,44.220001220703125,42.83147048950195
15460,23.770000457763672,22.438282012939453
15461,55.869998931884766,54.8671989440918
15462,40.59000015258789,39.917686462402344
15463,7.5,6.856426239013672
15464,52.56999969482422,50.24650955200195
15465,41.0099983215332,40.88820266723633
15466,8.920000076293945,7.835729598999023
15467,51.70000076293945,50.8137092590332
15468,19.010000228881836,17.90245819091797
15469,20.809999465942383,19.596879959106445
15470,7.360000133514404,6.084331035614014
15471,47.439998626708984,44.95025634765625
15472,26.149999618530273,23.932476043701172
15473,5.300000190734863,3.7114362716674805
15474,6.650000095367432,5.7472453117370605
15475,16.75,16.302289962768555
15476,74.83000183105469,75.82591247558594
15477,33.540000915527344,32.20063400268555
15478,21.68000030517578,20.205039978027344
15479,7.139999866485596,6.055799961090088
15480,22.690000534057617,21.777162551879883
15481,25.34000015258789,23.964845657348633
15482,15.949999809265137,15.227540969848633
15483,1.9700000286102295,1.3417572975158691
15484,28.040000915527344,26.942981719970703
15485,58.529998779296875,60.26616668701172
15486,8.569999694824219,6.7707295417785645
15487,41.70000076293945,40.55146789550781
15488,23.920000076293945,22.28466033935547
15489,3.690000057220459,2.961653470993042
15490,11.930000305175781,10.956855773925781
15491,24.260000228881836,23.225322723388672
15492,40.459999084472656,39.503108978271484
15493,36.720001220703125,35.753726959228516
15494,22.610000610351562,21.35379409790039
15495,55.09000015258789,53.37881088256836
15496,19.989999771118164,19.08371353149414
15497,28.899999618530273,28.59125518798828
15498,28.700000762939453,27.254369735717773
15499,12.199999809265137,11.609257698059082
15500,10.729999542236328,10.005560874938965
15501,55.220001220703125,50.8993034362793
15502,27.030000686645508,26.54099464416504
15503,44.33000183105469,43.82278060913086
15504,17.280000686645508,17.085693359375
15505,29.360000610351562,27.799781799316406
15506,5.860000133514404,4.846927642822266
15507,10.220000267028809,7.589449405670166
15508,15.260000228881836,14.900941848754883
15509,35.869998931884766,36.11519241333008
15510,4.960000038146973,3.7920403480529785
15511,34.43000030517578,32.92989730834961
15512,9.699999809265137,9.176691055297852
15513,46.70000076293945,45.747127532958984
15514,9.880000114440918,9.01363754272461
15515,64.43000030517578,65.7710189819336
15516,51.06999969482422,49.16653060913086
15517,12.34000015258789,12.211621284484863
15518,27.56999969482422,27.012861251831055
15519,32.4900016784668,31.70903778076172
15520,28.079999923706055,26.73241424560547
15521,19.079999923706055,18.519838333129883
15522,37.130001068115234,36.6736946105957
15523,13.600000381469727,12.069114685058594
15524,63.880001068115234,64.57291412353516
15525,12.460000038146973,11.758247375488281
15526,52.290000915527344,52.78096389770508
15527,80.44999694824219,71.12615203857422
15528,55.20000076293945,51.20935821533203
15529,21.579999923706055,20.812177658081055
15530,30.709999084472656,28.55719757080078
15531,19.190000534057617,18.399173736572266
15532,52.56999969482422,50.0495719909668
15533,55.4900016784668,53.44025421142578
15534,43.0099983215332,43.6541862487793
15535,47.470001220703125,46.46577453613281
15536,53.119998931884766,51.116424560546875
15537,47.310001373291016,45.303829193115234
15538,37.779998779296875,37.591156005859375
15539,15.960000038146973,15.036855697631836
15540,26.15999984741211,25.745147705078125
15541,15.520000457763672,15.403402328491211
15542,26.3700008392334,25.171152114868164
15543,17.84000015258789,16.949737548828125
15544,32.36000061035156,31.080223083496094
15545,23.6200008392334,23.3986873626709
15546,47.849998474121094,46.65042495727539
15547,4.309999942779541,3.698911666870117
15548,29.09000015258789,28.605918884277344
15549,26.229999542236328,25.65214729309082
15550,53.790000915527344,53.102901458740234
15551,24.950000762939453,23.918245315551758
15552,36.06999969482422,35.37729263305664
15553,22.1200008392334,20.376323699951172
15554,13.359999656677246,12.357911109924316
15555,7.380000114440918,5.942955493927002
15556,48.75,46.894527435302734
15557,24.200000762939453,23.53701400756836
15558,30.809999465942383,30.306209564208984
15559,15.670000076293945,14.760074615478516
15560,16.350000381469727,15.196598052978516
15561,21.43000030517578,21.314559936523438
15562,43.689998626708984,42.90925216674805
15563,21.469999313354492,20.23226547241211
15564,50.41999816894531,48.6651611328125
15565,25.489999771118164,25.1676025390625
15566,34.380001068115234,33.50819778442383
15567,25.0,24.158220291137695
15568,7.340000152587891,5.384519577026367
15569,20.799999237060547,20.058061599731445
15570,2.5899999141693115,1.8316031694412231
15571,15.420000076293945,14.533520698547363
15572,5.820000171661377,4.541646957397461
15573,5.659999847412109,5.820606231689453
15574,22.469999313354492,21.329030990600586
15575,20.770000457763672,20.388444900512695
15576,7.010000228881836,5.895064353942871
15577,11.880000114440918,10.922968864440918
15578,25.889999389648438,25.570899963378906
15579,44.689998626708984,43.287841796875
15580,37.439998626708984,37.78213882446289
15581,23.600000381469727,23.002674102783203
15582,14.369999885559082,13.570197105407715
15583,59.099998474121094,57.69941711425781
15584,15.300000190734863,14.085482597351074
15585,5.25,4.437742710113525
15586,15.369999885559082,14.673238754272461
15587,20.190000534057617,19.064374923706055
15588,35.72999954223633,35.5773811340332
15589,45.7400016784668,45.29058074951172
15590,31.90999984741211,29.692052841186523
15591,37.31999969482422,35.47221755981445
15592,56.2400016784668,53.60654067993164
15593,20.90999984741211,19.89988136291504
15594,34.86000061035156,34.014095306396484
15595,17.59000015258789,16.951034545898438
15596,13.529999732971191,12.578470230102539
15597,39.720001220703125,38.3121452331543
15598,16.420000076293945,15.553796768188477
15599,28.889999389648438,27.66765594482422
15600,23.719999313354492,23.088367462158203
15601,19.520000457763672,18.6590633392334
15602,24.670000076293945,23.43258285522461
15603,12.979999542236328,12.243634223937988
15604,39.33000183105469,37.17243957519531
15605,35.59000015258789,34.487300872802734
15606,35.95000076293945,34.723880767822266
15607,30.469999313354492,30.51724624633789
15608,76.69000244140625,78.03632354736328
15609,17.989999771118164,17.02423858642578
15610,43.470001220703125,42.252323150634766
15611,8.869999885559082,8.291770935058594
15612,14.850000381469727,13.754990577697754
15613,20.760000228881836,20.11652946472168
15614,17.239999771118164,16.448760986328125
15615,25.790000915527344,24.322118759155273
15616,35.15999984741211,35.8802604675293
15617,20.389999389648438,19.15113067626953
15618,33.16999816894531,32.19175338745117
15619,32.15999984741211,30.951671600341797
15620,27.219999313354492,26.34272003173828
15621,64.51000213623047,63.27123260498047
15622,40.400001525878906,38.87356185913086
15623,4.559999942779541,3.2010953426361084
15624,28.549999237060547,27.12965202331543
15625,32.75,31.887638092041016
15626,28.1299991607666,26.805200576782227
15627,8.510000228881836,6.756049633026123
15628,47.11000061035156,44.833824157714844
15629,14.010000228881836,13.214763641357422
15630,14.220000267028809,13.682316780090332
15631,33.86000061035156,32.83491897583008
15632,45.09000015258789,44.853580474853516
15633,16.34000015258789,15.749103546142578
15634,12.430000305175781,11.51231575012207
15635,12.170000076293945,11.628878593444824
15636,3.9000000953674316,2.2257590293884277
15637,8.039999961853027,6.551331520080566
15638,12.149999618530273,11.907280921936035
15639,10.100000381469727,8.48982048034668
15640,46.939998626708984,44.8690299987793
15641,16.600000381469727,15.869062423706055
15642,12.069999694824219,11.611939430236816
15643,3.380000114440918,2.0584933757781982
15644,15.229999542236328,14.431181907653809
15645,43.400001525878906,44.899566650390625
15646,8.859999656677246,7.498886585235596
15647,34.220001220703125,33.60385513305664
15648,24.399999618530273,23.22960662841797
15649,11.199999809265137,10.647486686706543
15650,25.959999084472656,25.391645431518555
15651,4.039999961853027,2.6365396976470947
15652,44.630001068115234,42.33383560180664
15653,18.059999465942383,17.63677215576172
15654,29.15999984741211,28.45800018310547
15655,41.939998626708984,39.86009979248047
15656,16.1200008392334,15.127029418945312
15657,48.79999923706055,47.50070571899414
15658,22.670000076293945,22.083126068115234
15659,21.600000381469727,21.112388610839844
15660,66.70999908447266,67.07402801513672
15661,5.340000152587891,4.227355480194092
15662,3.5199999809265137,2.1334142684936523
15663,49.63999938964844,48.37361526489258
15664,36.47999954223633,36.25260543823242
15665,56.7400016784668,57.49987030029297
15666,15.420000076293945,14.390358924865723
15667,34.66999816894531,34.26540756225586
15668,29.530000686645508,28.13251495361328
15669,24.459999084472656,22.829465866088867
15670,70.30000305175781,67.12387084960938
15671,19.670000076293945,18.55632781982422
15672,4.760000228881836,3.6759567260742188
15673,38.869998931884766,39.17694091796875
15674,7.03000020980835,5.853161334991455
15675,34.900001525878906,33.587799072265625
15676,56.08000183105469,54.514339447021484
15677,37.11000061035156,36.56686019897461
15678,63.5,63.87234115600586
15679,32.56999969482422,30.323305130004883
15680,26.510000228881836,25.069076538085938
15681,15.0,14.415148735046387
15682,32.380001068115234,31.05530548095703
15683,27.989999771118164,26.742097854614258
15684,18.549999237060547,17.7069091796875
15685,17.809999465942383,17.375097274780273
15686,33.09000015258789,31.28557586669922
15687,24.030000686645508,23.768272399902344
15688,29.459999084472656,28.984861373901367
15689,51.9900016784668,52.02042007446289
15690,31.1299991607666,29.790943145751953
15691,13.619999885559082,12.354083061218262
15692,4.610000133514404,3.6094858646392822
15693,24.190000534057617,23.5903377532959
15694,10.399999618530273,10.303282737731934
15695,26.43000030517578,24.83440399169922
15696,28.09000015258789,26.647083282470703
15697,30.739999771118164,30.382232666015625
15698,15.350000381469727,13.593213081359863
15699,39.93000030517578,38.5586051940918
15700,27.940000534057617,26.809370040893555
15701,36.130001068115234,35.11055374145508
15702,12.75,12.276413917541504
15703,40.880001068115234,40.64249801635742
15704,22.639999389648438,21.489442825317383
15705,30.6200008392334,29.381656646728516
15706,25.030000686645508,23.779285430908203
15707,22.469999313354492,21.564422607421875
15708,1.940000057220459,1.249253511428833
15709,71.5199966430664,66.30374908447266
15710,39.88999938964844,38.24637985229492
15711,24.31999969482422,22.68354034423828
15712,17.489999771118164,16.623952865600586
15713,47.0099983215332,45.689022064208984
15714,4.230000019073486,2.7603676319122314
15715,18.1200008392334,17.623811721801758
15716,9.0,7.531433582305908
15717,15.899999618530273,15.746114730834961
15718,18.059999465942383,17.062206268310547
15719,52.36000061035156,49.40797805786133
15720,17.8700008392334,17.058528900146484
15721,16.790000915527344,16.52784538269043
15722,48.900001525878906,48.01739501953125
15723,4.0,2.684765338897705
15724,28.540000915527344,27.932458877563477
15725,29.450000762939453,29.306549072265625
15726,10.359999656677246,9.511804580688477
15727,24.09000015258789,22.709566116333008
15728,5.230000019073486,4.425189971923828
15729,22.06999969482422,20.33953094482422
15730,56.40999984741211,55.47158432006836
15731,5.739999771118164,4.570825576782227
15732,10.119999885559082,9.648857116699219
15733,36.369998931884766,35.8895149230957
15734,32.310001373291016,30.566211700439453
15735,38.36000061035156,37.56816101074219
15736,21.020000457763672,20.683013916015625
15737,49.4900016784668,49.79816818237305
15738,13.890000343322754,12.806065559387207
15739,10.9399995803833,10.112500190734863
15740,25.360000610351562,24.892391204833984
15741,40.880001068115234,39.70057678222656
15742,11.5600004196167,10.666000366210938
15743,13.050000190734863,11.886588096618652
15744,16.950000762939453,16.298423767089844
15745,24.639999389648438,23.336288452148438
15746,8.640000343322754,7.983308792114258
15747,37.099998474121094,36.722652435302734
15748,44.150001525878906,44.173545837402344
15749,15.829999923706055,14.721147537231445
15750,43.22999954223633,42.0593147277832
15751,17.649999618530273,16.822673797607422
15752,18.790000915527344,18.479202270507812
15753,35.2400016784668,35.32161331176758
15754,59.59000015258789,57.60322570800781
15755,43.810001373291016,39.41980743408203
15756,16.360000610351562,15.729934692382812
15757,21.639999389648438,21.527366638183594
15758,25.489999771118164,23.50698471069336
15759,30.219999313354492,29.828227996826172
15760,39.540000915527344,37.6712646484375
15761,49.369998931884766,47.83219909667969
15762,53.40999984741211,50.937198638916016
15763,22.799999237060547,21.9564208984375
15764,15.859999656677246,15.481857299804688
15765,62.380001068115234,57.41730499267578
15766,38.41999816894531,35.888641357421875
15767,47.560001373291016,47.83356475830078
15768,50.119998931884766,49.374576568603516
15769,34.54999923706055,34.16850662231445
15770,29.8700008392334,28.86408805847168
15771,21.479999542236328,20.849143981933594
15772,16.100000381469727,15.908559799194336
15773,10.149999618530273,9.377518653869629
15774,21.739999771118164,20.691402435302734
15775,9.90999984741211,8.738016128540039
15776,37.290000915527344,36.659236907958984
15777,35.97999954223633,35.190277099609375
15778,18.549999237060547,17.827665328979492
15779,10.59000015258789,9.896740913391113
15780,22.770000457763672,21.62403678894043
15781,25.40999984741211,24.09642219543457
15782,26.190000534057617,24.333162307739258
15783,5.659999847412109,4.319838047027588
15784,14.050000190734863,13.535515785217285
15785,37.189998626708984,35.93739318847656
15786,48.650001525878906,45.83720016479492
15787,7.949999809265137,7.043087482452393
15788,12.270000457763672,11.429186820983887
15789,7.179999828338623,5.779782295227051
15790,28.299999237060547,27.437061309814453
15791,25.420000076293945,24.939538955688477
15792,2.990000009536743,2.233112335205078
15793,57.650001525878906,57.209041595458984
15794,5.809999942779541,4.290472984313965
15795,37.209999084472656,36.17234420776367
15796,34.619998931884766,34.105613708496094
15797,31.329999923706055,30.175203323364258
15798,44.59000015258789,43.43156051635742
15799,13.119999885559082,12.224165916442871
15800,12.34000015258789,11.004637718200684
15801,47.02000045776367,47.41260528564453
15802,23.479999542236328,22.64786148071289
15803,7.889999866485596,11.669520378112793
15804,46.18000030517578,44.679534912109375
15805,35.060001373291016,33.66448211669922
15806,33.66999816894531,32.31791305541992
15807,41.83000183105469,40.1114616394043
15808,56.11000061035156,55.5325813293457
15809,36.900001525878906,36.114017486572266
15810,41.529998779296875,40.49937057495117
15811,17.329999923706055,16.416536331176758
15812,20.420000076293945,19.316320419311523
15813,24.610000610351562,23.291780471801758
15814,15.510000228881836,14.58726978302002
15815,11.279999732971191,11.68477725982666
15816,6.210000038146973,4.936659812927246
15817,18.459999084472656,18.144744873046875
15818,9.09000015258789,8.093271255493164
15819,54.650001525878906,54.6605110168457
15820,9.079999923706055,8.820597648620605
15821,22.780000686645508,21.652278900146484
15822,11.630000114440918,10.750541687011719
15823,3.7799999713897705,2.2107486724853516
15824,15.619999885559082,15.297321319580078
15825,3.3499999046325684,2.0748746395111084
15826,25.68000030517578,24.91106414794922
15827,8.359999656677246,7.604013442993164
15828,55.83000183105469,53.68190002441406
15829,11.100000381469727,10.191349983215332
15830,18.360000610351562,17.114404678344727
15831,9.300000190734863,8.716632843017578
15832,28.579999923706055,27.49237060546875
15833,44.11000061035156,42.61870574951172
15834,23.56999969482422,22.947433471679688
15835,12.710000038146973,11.894171714782715
15836,11.600000381469727,11.132363319396973
15837,13.260000228881836,12.200112342834473
15838,32.310001373291016,32.027164459228516
15839,44.84000015258789,44.864501953125
15840,31.110000610351562,29.05855941772461
15841,30.559999465942383,29.63623046875
15842,75.5,72.58405303955078
15843,18.579999923706055,18.415321350097656
15844,15.569999694824219,15.583354949951172
15845,43.939998626708984,43.19126892089844
15846,15.630000114440918,14.874101638793945
15847,57.849998474121094,57.486080169677734
15848,29.010000228881836,29.063777923583984
15849,4.710000038146973,3.35715651512146
15850,16.75,16.849374771118164
15851,23.610000610351562,22.39161491394043
15852,40.58000183105469,39.2374153137207
15853,18.489999771118164,17.0361270904541
15854,30.649999618530273,29.192157745361328
15855,43.31999969482422,42.11835479736328
15856,73.44000244140625,71.7512435913086
15857,20.649999618530273,19.582120895385742
15858,1.6699999570846558,1.0436333417892456
15859,2.7100000381469727,1.8896501064300537
15860,15.720000267028809,15.103570938110352
15861,44.02000045776367,41.85892868041992
15862,16.959999084472656,16.070348739624023
15863,31.93000030517578,31.749526977539062
15864,34.529998779296875,33.40404510498047
15865,6.789999961853027,5.953953742980957
15866,28.459999084472656,28.138181686401367
15867,44.38999938964844,45.208648681640625
15868,29.1200008392334,28.277149200439453
15869,39.13999938964844,37.868675231933594
15870,38.130001068115234,36.00105285644531
15871,6.449999809265137,5.640155792236328
15872,26.200000762939453,25.649574279785156
15873,12.319999694824219,11.954983711242676
15874,8.949999809265137,7.225900173187256
15875,13.199999809265137,12.26489543914795
15876,26.389999389648438,25.384719848632812
15877,11.579999923706055,11.314383506774902
15878,12.84000015258789,11.282673835754395
15879,33.15999984741211,32.98923110961914
15880,22.459999084472656,20.88755989074707
15881,18.139999389648438,17.566505432128906
15882,2.5,1.5839439630508423
15883,24.8799991607666,23.7946720123291
15884,17.280000686645508,16.188270568847656
15885,35.5,35.27750015258789
15886,4.670000076293945,3.1156516075134277
15887,41.220001220703125,40.52322769165039
15888,27.059999465942383,25.566492080688477
15889,36.27000045776367,34.48922348022461
15890,58.25,56.42265701293945
15891,29.280000686645508,29.853017807006836
15892,42.380001068115234,40.3447151184082
15893,23.969999313354492,22.765430450439453
15894,40.810001373291016,39.433528900146484
15895,24.34000015258789,23.43598747253418
15896,16.450000762939453,15.826740264892578
15897,33.18000030517578,31.669559478759766
15898,12.359999656677246,12.01141357421875
15899,38.15999984741211,36.357666015625
15900,30.040000915527344,29.36602783203125
15901,28.100000381469727,27.388813018798828
15902,22.139999389648438,21.198604583740234
15903,49.75,48.412147521972656
15904,27.780000686645508,26.412227630615234
15905,15.670000076293945,15.504812240600586
15906,30.420000076293945,29.88372802734375
15907,44.13999938964844,42.68296813964844
15908,20.969999313354492,20.594348907470703
15909,9.8100004196167,9.236818313598633
15910,41.02000045776367,39.46931838989258
15911,20.209999084472656,19.926483154296875
15912,11.640000343322754,10.930211067199707
15913,49.529998779296875,50.63856506347656
15914,15.8100004196167,15.783927917480469
15915,23.719999313354492,21.921945571899414
15916,8.510000228881836,6.7323408126831055
15917,32.13999938964844,31.760204315185547
15918,20.309999465942383,19.58561134338379
15919,7.409999847412109,6.611668109893799
15920,20.809999465942383,20.03409767150879
15921,18.75,17.660694122314453
15922,39.779998779296875,38.63214111328125
15923,24.639999389648438,24.761619567871094
15924,66.62999725341797,63.128623962402344
15925,12.930000305175781,11.929247856140137
15926,2.5,1.2934578657150269
15927,40.060001373291016,38.7943229675293
15928,33.22999954223633,32.24989318847656
15929,29.219999313354492,28.601890563964844
15930,30.6200008392334,29.92198944091797
15931,25.350000381469727,24.26651954650879
15932,33.5099983215332,32.78219223022461
15933,7.809999942779541,6.776086807250977
15934,27.610000610351562,26.932353973388672
15935,43.290000915527344,42.29500198364258
15936,2.819999933242798,1.967260718345642
15937,21.290000915527344,19.990991592407227
15938,39.2400016784668,37.34957504272461
15939,21.940000534057617,21.270071029663086
15940,25.40999984741211,24.6673526763916
15941,44.15999984741211,42.9885368347168
15942,7.340000152587891,5.78236198425293
15943,19.15999984741211,18.652755737304688
15944,48.45000076293945,46.5789794921875
15945,53.099998474121094,51.09499740600586
15946,52.54999923706055,49.957645416259766
15947,39.29999923706055,39.195465087890625
15948,28.459999084472656,28.84041976928711
15949,22.59000015258789,21.892101287841797
15950,26.229999542236328,25.447669982910156
15951,28.649999618530273,27.921905517578125
15952,10.4399995803833,9.053662300109863
15953,8.930000305175781,7.872647285461426
15954,52.06999969482422,50.6195182800293
15955,43.77000045776367,42.78932189941406
15956,16.860000610351562,15.598630905151367
15957,46.65999984741211,44.08979797363281
15958,37.959999084472656,37.38565444946289
15959,21.5,20.016822814941406
15960,31.270000457763672,30.852680206298828
15961,49.130001068115234,47.547607421875
15962,10.699999809265137,9.713208198547363
15963,7.900000095367432,6.764791488647461
15964,26.469999313354492,25.657474517822266
15965,39.13999938964844,38.08945846557617
15966,22.420000076293945,21.044809341430664
15967,53.720001220703125,51.57551193237305
15968,66.47000122070312,67.43179321289062
15969,56.86000061035156,56.890872955322266
15970,36.77000045776367,36.19131088256836
15971,4.929999828338623,3.6843554973602295
15972,19.68000030517578,18.622779846191406
15973,5.940000057220459,4.23150634765625
15974,14.170000076293945,13.595585823059082
15975,32.119998931884766,31.691173553466797
15976,12.350000381469727,12.226761817932129
15977,8.510000228881836,7.559067726135254
15978,42.66999816894531,41.66836929321289
15979,26.770000457763672,25.220640182495117
15980,23.75,22.21253204345703
15981,29.34000015258789,28.065731048583984
15982,33.93000030517578,32.66936492919922
15983,19.549999237060547,19.280330657958984
15984,30.860000610351562,29.306671142578125
15985,15.5600004196167,14.927604675292969
15986,27.739999771118164,26.595102310180664
15987,67.13999938964844,66.54535675048828
15988,39.970001220703125,38.82826614379883
15989,15.329999923706055,14.246878623962402
15990,43.22999954223633,43.036865234375
15991,19.329999923706055,18.459428787231445
15992,60.220001220703125,61.76816940307617
15993,32.77000045776367,32.487796783447266
15994,25.670000076293945,24.700883865356445
15995,65.6500015258789,64.54998016357422
15996,7.28000020980835,6.076793670654297
15997,32.720001220703125,32.50845718383789
15998,28.709999084472656,28.70309829711914
15999,14.350000381469727,13.18716812133789
16000,23.09000015258789,22.254281997680664
16001,31.979999542236328,30.065826416015625
16002,44.95000076293945,44.03181457519531
16003,27.90999984741211,26.811405181884766
16004,17.670000076293945,16.93846893310547
16005,24.729999542236328,23.797521591186523
16006,6.96999979019165,5.835735321044922
16007,35.560001373291016,35.35817337036133
16008,43.650001525878906,42.586910247802734
16009,33.290000915527344,32.57760238647461
16010,44.529998779296875,43.850494384765625
16011,11.369999885559082,10.319275856018066
16012,43.290000915527344,41.896297454833984
16013,47.150001525878906,47.29505920410156
16014,19.780000686645508,19.38918685913086
16015,58.47999954223633,59.11860275268555
16016,7.449999809265137,6.455244541168213
16017,14.289999961853027,14.083117485046387
16018,12.930000305175781,12.351487159729004
16019,13.479999542236328,12.63492488861084
16020,22.6299991607666,21.56637954711914
16021,34.52000045776367,33.08218765258789
16022,7.519999980926514,6.5566086769104
16023,34.54999923706055,33.475341796875
16024,45.75,44.61814880371094
16025,6.980000019073486,6.444536209106445
16026,4.28000020980835,2.593040943145752
16027,64.81999969482422,64.68915557861328
16028,15.1899995803833,14.594117164611816
16029,8.65999984741211,7.419145584106445
16030,48.119998931884766,47.3618278503418
16031,26.920000076293945,26.989810943603516
16032,31.510000228881836,30.142311096191406
16033,34.75,33.6126823425293
16034,32.7599983215332,31.819652557373047
16035,50.7400016784668,46.75276565551758
16036,58.84000015258789,58.07600021362305
16037,16.65999984741211,15.771528244018555
16038,24.18000030517578,23.59871482849121
16039,35.22999954223633,34.0335578918457
16040,17.260000228881836,16.578176498413086
16041,3.3399999141693115,2.1741809844970703
16042,18.579999923706055,17.52008819580078
16043,17.40999984741211,16.204172134399414
16044,62.08000183105469,60.783912658691406
16045,32.84000015258789,31.43964958190918
16046,41.689998626708984,40.52682113647461
16047,39.099998474121094,37.434120178222656
16048,27.43000030517578,24.73263931274414
16049,26.049999237060547,25.934864044189453
16050,21.040000915527344,20.306297302246094
16051,22.31999969482422,22.088865280151367
16052,22.110000610351562,20.79843521118164
16053,28.799999237060547,27.558349609375
16054,38.83000183105469,37.61129379272461
16055,15.270000457763672,14.055279731750488
16056,5.369999885559082,4.313711643218994
16057,25.440000534057617,24.00900650024414
16058,27.59000015258789,25.794845581054688
16059,20.799999237060547,20.062259674072266
16060,53.47999954223633,52.68967056274414
16061,64.75,65.62065887451172
16062,49.7400016784668,51.21409225463867
16063,29.540000915527344,27.653247833251953
16064,3.2100000381469727,2.266070604324341
16065,23.969999313354492,23.982023239135742
16066,58.34000015258789,57.78636169433594
16067,5.309999942779541,3.562821626663208
16068,34.61000061035156,34.065189361572266
16069,49.72999954223633,49.86800003051758
16070,40.02000045776367,39.25202941894531
16071,35.22999954223633,35.859214782714844
16072,28.56999969482422,28.60020637512207
16073,14.760000228881836,14.086564064025879
16074,19.799999237060547,19.028934478759766
16075,11.020000457763672,10.834708213806152
16076,16.559999465942383,15.560667037963867
16077,16.899999618530273,16.15620994567871
16078,36.36000061035156,35.697879791259766
16079,23.860000610351562,22.92378807067871
16080,54.04999923706055,53.48704147338867
16081,55.560001373291016,54.44346618652344
16082,21.579999923706055,20.931716918945312
16083,9.34000015258789,7.941833972930908
16084,67.27999877929688,66.27571868896484
16085,52.22999954223633,51.26210021972656
16086,44.31999969482422,43.5390739440918
16087,19.100000381469727,18.603939056396484
16088,41.2599983215332,41.92481994628906
16089,75.66000366210938,76.0363540649414
16090,15.640000343322754,15.347318649291992
16091,35.81999969482422,35.315452575683594
16092,45.06999969482422,43.74718475341797
16093,26.440000534057617,25.714824676513672
16094,56.7599983215332,54.5760383605957
16095,18.06999969482422,17.085773468017578
16096,24.479999542236328,24.192447662353516
16097,24.15999984741211,23.31421661376953
16098,28.600000381469727,27.511981964111328
16099,15.270000457763672,14.521748542785645
16100,39.86000061035156,38.25654983520508
16101,20.989999771118164,19.953041076660156
16102,34.93000030517578,32.33091735839844
16103,5.730000019073486,4.622888088226318
16104,22.31999969482422,20.551115036010742
16105,20.649999618530273,19.310483932495117
16106,34.36000061035156,34.35760498046875
16107,12.0600004196167,10.824397087097168
16108,28.3799991607666,27.556346893310547
16109,18.209999084472656,17.214506149291992
16110,68.94000244140625,68.0324478149414
16111,27.389999389648438,26.075035095214844
16112,11.579999923706055,11.221582412719727
16113,12.380000114440918,11.238527297973633
16114,50.34000015258789,49.388614654541016
16115,19.06999969482422,18.41801643371582
16116,9.220000267028809,9.826476097106934
16117,26.25,24.760873794555664
16118,25.260000228881836,24.314483642578125
16119,30.530000686645508,29.492691040039062
16120,2.2799999713897705,1.8935102224349976
16121,12.460000038146973,11.892521858215332
16122,67.72000122070312,65.85528564453125
16123,54.939998626708984,53.63261032104492
16124,17.139999389648438,16.52582359313965
16125,4.449999809265137,3.5697290897369385
16126,3.809999942779541,3.8901655673980713
16127,31.610000610351562,30.00429344177246
16128,58.70000076293945,60.28721618652344
16129,48.56999969482422,47.20573806762695
16130,12.600000381469727,12.120580673217773
16131,16.84000015258789,16.308347702026367
16132,14.779999732971191,14.376336097717285
16133,44.900001525878906,45.037811279296875
16134,9.5,8.715803146362305
16135,1.4700000286102295,1.6731921434402466
16136,36.189998626708984,34.529563903808594
16137,37.790000915527344,36.05366897583008
16138,33.52000045776367,32.483070373535156
16139,30.420000076293945,28.90526008605957
16140,36.439998626708984,33.39552688598633
16141,14.020000457763672,13.14149284362793
16142,9.729999542236328,7.456829071044922
16143,54.470001220703125,55.74405288696289
16144,27.510000228881836,27.373464584350586
16145,17.65999984741211,16.224546432495117
16146,8.899999618530273,7.367635726928711
16147,9.510000228881836,10.018046379089355
16148,53.68000030517578,51.665618896484375
16149,16.520000457763672,15.59332275390625
16150,5.900000095367432,4.567920684814453
16151,33.099998474121094,30.897991180419922
16152,25.270000457763672,24.693193435668945
16153,48.5099983215332,47.81283950805664
16154,32.439998626708984,31.13839340209961
16155,34.13999938964844,33.79706573486328
16156,29.350000381469727,28.0458984375
16157,14.75,14.309109687805176
16158,72.04000091552734,72.439453125
16159,68.13999938964844,66.28019714355469
16160,21.34000015258789,20.157928466796875
16161,29.239999771118164,28.51050567626953
16162,55.029998779296875,53.01190185546875
16163,50.54999923706055,51.40598678588867
16164,10.489999771118164,9.35686206817627
16165,33.290000915527344,32.235023498535156
16166,32.70000076293945,31.822525024414062
16167,52.40999984741211,50.30942153930664
16168,38.400001525878906,38.34788513183594
16169,4.099999904632568,2.7401669025421143
16170,1.6100000143051147,1.0808179378509521
16171,9.0,7.959123611450195
16172,41.22999954223633,40.49251937866211
16173,55.2599983215332,54.00709533691406
16174,56.810001373291016,53.363624572753906
16175,24.350000381469727,22.591516494750977
16176,31.010000228881836,29.976482391357422
16177,61.130001068115234,60.39986801147461
16178,24.5,24.315414428710938
16179,50.13999938964844,49.233333587646484
16180,16.329999923706055,15.872758865356445
16181,34.4900016784668,33.308170318603516
16182,36.15999984741211,33.61024475097656
16183,22.8700008392334,21.517724990844727
16184,17.639999389648438,15.953475952148438
16185,28.81999969482422,27.769527435302734
16186,37.36000061035156,36.72402572631836
16187,15.0,14.063862800598145
16188,32.93000030517578,32.059173583984375
16189,33.9900016784668,32.757991790771484
16190,10.079999923706055,9.29942512512207
16191,13.329999923706055,12.790812492370605
16192,24.850000381469727,24.14812469482422
16193,11.470000267028809,9.997823715209961
16194,25.700000762939453,24.399974822998047
16195,50.33000183105469,48.64540100097656
16196,49.59000015258789,48.6220588684082
16197,16.610000610351562,15.826347351074219
16198,9.760000228881836,8.511528968811035
16199,37.20000076293945,35.565635681152344
16200,49.369998931884766,49.60609817504883
16201,14.489999771118164,13.622721672058105
16202,43.27000045776367,41.60348892211914
16203,35.43000030517578,35.303794860839844
16204,14.90999984741211,14.231436729431152
16205,53.45000076293945,52.02512741088867
16206,36.459999084472656,35.578365325927734
16207,45.560001373291016,44.04352951049805
16208,33.65999984741211,33.36178970336914
16209,19.790000915527344,18.557815551757812
16210,67.12999725341797,65.3656234741211
16211,69.37999725341797,69.22672271728516
16212,59.59000015258789,57.641258239746094
16213,15.8100004196167,15.329030990600586
16214,22.479999542236328,21.988380432128906
16215,33.720001220703125,31.57524871826172
16216,12.430000305175781,11.40106201171875
16217,49.900001525878906,48.72534942626953
16218,30.649999618530273,29.734806060791016
16219,22.579999923706055,21.875564575195312
16220,79.94999694824219,74.1611099243164
16221,61.91999816894531,59.09195327758789
16222,15.9399995803833,15.761320114135742
16223,27.079999923706055,26.721529006958008
16224,3.759999990463257,2.3587489128112793
16225,18.639999389648438,17.87331199645996
16226,3.3499999046325684,2.088020086288452
16227,17.530000686645508,16.920726776123047
16228,30.59000015258789,30.641361236572266
16229,35.13999938964844,33.10392761230469
16230,37.29999923706055,37.02457809448242
16231,42.22999954223633,40.92623519897461
16232,8.25,7.445530891418457
16233,20.15999984741211,19.13440704345703
16234,29.709999084472656,28.297473907470703
16235,31.299999237060547,28.883634567260742
16236,8.460000038146973,7.373027801513672
16237,17.950000762939453,17.293170928955078
16238,31.34000015258789,30.229415893554688
16239,31.209999084472656,30.07114028930664
16240,26.049999237060547,24.804080963134766
16241,12.470000267028809,11.389898300170898
16242,38.029998779296875,36.15353012084961
16243,11.619999885559082,12.008922576904297
16244,13.510000228881836,12.792523384094238
16245,12.65999984741211,10.453680038452148
16246,8.800000190734863,6.294471263885498
16247,14.869999885559082,14.299763679504395
16248,66.86000061035156,69.08306121826172
16249,46.279998779296875,43.45240020751953
16250,65.7300033569336,67.3888931274414
16251,4.929999828338623,4.015914440155029
16252,53.16999816894531,52.139095306396484
16253,34.59000015258789,33.04864501953125
16254,54.18000030517578,53.004234313964844
16255,15.0600004196167,14.475007057189941
16256,14.119999885559082,13.337560653686523
16257,19.09000015258789,18.258853912353516
16258,43.68000030517578,41.99528121948242
16259,19.639999389648438,17.936304092407227
16260,53.130001068115234,51.4433708190918
16261,63.84000015258789,63.39678192138672
16262,40.88999938964844,39.86461639404297
16263,3.0299999713897705,2.2908549308776855
16264,33.22999954223633,31.31600570678711
16265,24.3799991607666,23.79241180419922
16266,40.130001068115234,39.062496185302734
16267,11.180000305175781,10.310347557067871
16268,25.280000686645508,25.566425323486328
16269,43.04999923706055,41.176490783691406
16270,25.760000228881836,24.796722412109375
16271,20.93000030517578,21.36455726623535
16272,33.65999984741211,31.591175079345703
16273,39.7400016784668,38.42213439941406
16274,16.030000686645508,15.219482421875
16275,30.139999389648438,29.215801239013672
16276,20.829999923706055,20.151092529296875
16277,74.36000061035156,73.77713012695312
16278,52.06999969482422,49.05698013305664
16279,29.84000015258789,28.593421936035156
16280,3.3499999046325684,2.2358570098876953
16281,31.610000610351562,30.421049118041992
16282,28.059999465942383,27.604135513305664
16283,24.0,22.72417640686035
16284,13.609999656677246,12.867560386657715
16285,22.260000228881836,21.650115966796875
16286,11.40999984741211,10.40146255493164
16287,36.650001525878906,34.47846221923828
16288,19.450000762939453,18.08907699584961
16289,26.850000381469727,26.070844650268555
16290,60.66999816894531,57.32411575317383
16291,17.0,16.87141227722168
16292,17.459999084472656,16.639392852783203
16293,26.3700008392334,24.125293731689453
16294,54.5099983215332,53.080604553222656
16295,16.770000457763672,16.43058204650879
16296,45.16999816894531,44.53616714477539
16297,23.280000686645508,22.415559768676758
16298,14.329999923706055,14.073328971862793
16299,3.5199999809265137,3.5666422843933105
16300,22.190000534057617,21.722484588623047
16301,21.110000610351562,20.70447540283203
16302,29.479999542236328,28.029109954833984
16303,36.869998931884766,35.202972412109375
16304,49.97999954223633,47.941917419433594
16305,3.7200000286102295,2.3805243968963623
16306,19.75,18.409332275390625
16307,23.969999313354492,21.879785537719727
16308,23.520000457763672,23.65363121032715
16309,44.15999984741211,41.58207702636719
16310,4.900000095367432,3.7187917232513428
16311,25.469999313354492,25.017009735107422
16312,21.09000015258789,20.041473388671875
16313,27.219999313354492,25.878005981445312
16314,49.400001525878906,49.19535446166992
16315,25.829999923706055,25.27754783630371
16316,40.56999969482422,40.9786262512207
16317,25.079999923706055,24.418489456176758
16318,17.020000457763672,16.405838012695312
16319,30.93000030517578,30.027912139892578
16320,61.61000061035156,61.1347541809082
16321,5.099999904632568,3.8641626834869385
16322,17.889999389648438,16.849550247192383
16323,28.459999084472656,27.18488121032715
16324,7.940000057220459,7.11628532409668
16325,48.099998474121094,47.683223724365234
16326,17.440000534057617,16.60425567626953
16327,19.239999771118164,18.37344741821289
16328,24.549999237060547,25.428325653076172
16329,61.040000915527344,60.6701545715332
16330,26.899999618530273,25.624317169189453
16331,45.83000183105469,42.19868087768555
16332,3.3499999046325684,2.1782913208007812
16333,32.25,32.33488464355469
16334,26.260000228881836,25.94065284729004
16335,40.380001068115234,39.2613410949707
16336,10.869999885559082,9.79458236694336
16337,41.959999084472656,40.60221862792969
16338,17.670000076293945,16.94676399230957
16339,24.75,22.84217643737793
16340,42.650001525878906,41.674015045166016
16341,28.1200008392334,27.10793685913086
16342,18.8799991607666,17.698158264160156
16343,4.300000190734863,3.724442958831787
16344,4.510000228881836,2.892162799835205
16345,15.079999923706055,13.660141944885254
16346,15.210000038146973,14.629851341247559
16347,22.350000381469727,21.630409240722656
16348,29.09000015258789,27.97987937927246
16349,24.489999771118164,23.913484573364258
16350,56.900001525878906,55.60025405883789
16351,10.199999809265137,9.233848571777344
16352,15.550000190734863,14.928098678588867
16353,20.68000030517578,19.164705276489258
16354,18.530000686645508,17.2585391998291
16355,80.12000274658203,73.32099914550781
16356,18.93000030517578,17.49101448059082
16357,33.130001068115234,32.77396011352539
16358,21.450000762939453,20.480073928833008
16359,33.58000183105469,32.47608184814453
16360,16.34000015258789,15.554801940917969
16361,42.599998474121094,41.10195541381836
16362,23.690000534057617,22.940980911254883
16363,41.2599983215332,39.604679107666016
16364,29.239999771118164,28.62240219116211
16365,23.729999542236328,23.243854522705078
16366,6.550000190734863,6.193502426147461
16367,1.9299999475479126,1.4638803005218506
16368,6.78000020980835,3.5242068767547607
16369,27.649999618530273,26.283981323242188
16370,45.63999938964844,44.864078521728516
16371,27.65999984741211,26.469928741455078
16372,17.8799991607666,16.624208450317383
16373,12.899999618530273,12.107494354248047
16374,13.6899995803833,12.514425277709961
16375,6.429999828338623,5.981931209564209
16376,37.95000076293945,37.26301193237305
16377,18.280000686645508,17.4046630859375
16378,34.790000915527344,34.01980209350586
16379,43.56999969482422,43.42242431640625
16380,6.809999942779541,5.937646389007568
16381,40.470001220703125,39.5975456237793
16382,26.59000015258789,25.800355911254883
16383,24.260000228881836,22.851411819458008
16384,4.360000133514404,3.0630877017974854
16385,23.59000015258789,21.577051162719727
16386,27.0,26.39682960510254
16387,12.449999809265137,11.497027397155762
16388,17.719999313354492,17.263004302978516
16389,31.549999237060547,30.52246856689453
16390,69.30999755859375,68.79558563232422
16391,29.940000534057617,29.63001251220703
16392,42.75,42.278079986572266
16393,37.560001373291016,37.326271057128906
16394,9.279999732971191,8.476356506347656
16395,4.619999885559082,3.3030452728271484
16396,20.459999084472656,19.35851287841797
16397,24.700000762939453,24.18345069885254
16398,43.43000030517578,42.25954055786133
16399,52.349998474121094,51.800994873046875
16400,26.440000534057617,24.92346954345703
16401,6.71999979019165,5.302584648132324
16402,0.9399999976158142,1.3503994941711426
16403,41.33000183105469,40.47147750854492
16404,21.309999465942383,20.554386138916016
16405,16.360000610351562,15.577634811401367
16406,40.59000015258789,41.085750579833984
16407,9.010000228881836,7.83523416519165
16408,22.8799991607666,21.946014404296875
16409,18.040000915527344,17.361469268798828
16410,20.170000076293945,20.078950881958008
16411,16.649999618530273,15.844993591308594
16412,32.72999954223633,33.02511978149414
16413,48.060001373291016,45.63157272338867
16414,27.360000610351562,26.612485885620117
16415,30.31999969482422,29.02434730529785
16416,40.52000045776367,39.098873138427734
16417,45.45000076293945,46.53587341308594
16418,39.06999969482422,38.13572311401367
16419,12.579999923706055,11.467446327209473
16420,22.799999237060547,22.022306442260742
16421,47.720001220703125,47.8243522644043
16422,12.34000015258789,11.38839340209961
16423,36.380001068115234,34.52867126464844
16424,52.09000015258789,51.626644134521484
16425,22.979999542236328,21.736419677734375
16426,51.43000030517578,51.13732147216797
16427,56.130001068115234,54.7983283996582
16428,10.199999809265137,9.45218276977539
16429,14.770000457763672,14.145285606384277
16430,41.34000015258789,41.163360595703125
16431,34.38999938964844,33.162906646728516
16432,29.489999771118164,28.27912139892578
16433,57.459999084472656,57.18818283081055
16434,15.510000228881836,14.414725303649902
16435,26.68000030517578,24.560535430908203
16436,41.43000030517578,40.48277282714844
16437,35.04999923706055,34.37133026123047
16438,42.400001525878906,40.71796798706055
16439,12.25,10.736573219299316
16440,48.459999084472656,47.519691467285156
16441,51.880001068115234,50.45395278930664
16442,9.180000305175781,8.55495834350586
16443,21.600000381469727,20.49306297302246
16444,45.27000045776367,43.75086975097656
16445,13.899999618530273,13.878539085388184
16446,66.7699966430664,64.25203704833984
16447,15.949999809265137,14.823854446411133
16448,1.6399999856948853,1.2234671115875244
16449,7.400000095367432,5.97561502456665
16450,25.799999237060547,26.414867401123047
16451,36.18000030517578,35.260009765625
16452,21.59000015258789,20.54480743408203
16453,19.899999618530273,19.53525733947754
16454,11.539999961853027,11.06246566772461
16455,39.2400016784668,38.31513595581055
16456,30.600000381469727,29.543302536010742
16457,52.06999969482422,50.23865509033203
16458,23.200000762939453,21.14707374572754
16459,15.529999732971191,14.770978927612305
16460,12.300000190734863,10.899399757385254
16461,8.720000267028809,8.239567756652832
16462,45.209999084472656,45.11524963378906
16463,47.099998474121094,43.74257278442383
16464,27.549999237060547,27.315532684326172
16465,8.739999771118164,8.0078125
16466,48.4900016784668,47.41952896118164
16467,27.75,27.15281867980957
16468,3.4100000858306885,2.332517147064209
16469,18.790000915527344,18.363433837890625
16470,20.450000762939453,19.03205108642578
16471,14.199999809265137,12.457889556884766
16472,45.97999954223633,44.03171157836914
16473,10.729999542236328,9.88403606414795
16474,12.34000015258789,11.716221809387207
16475,17.15999984741211,16.93450927734375
16476,4.619999885559082,3.4774649143218994
16477,25.639999389648438,24.421281814575195
16478,53.15999984741211,51.5191764831543
16479,27.34000015258789,26.78548240661621
16480,17.799999237060547,16.94267463684082
16481,67.45999908447266,64.79351806640625
16482,37.310001373291016,36.96714401245117
16483,10.890000343322754,9.822861671447754
16484,24.1200008392334,22.466691970825195
16485,24.479999542236328,22.14331817626953
16486,36.459999084472656,33.95607376098633
16487,29.520000457763672,28.804733276367188
16488,63.029998779296875,62.936798095703125
16489,39.959999084472656,37.87459182739258
16490,14.390000343322754,13.685883522033691
16491,63.400001525878906,62.750484466552734
16492,5.21999979019165,4.19807243347168
16493,8.779999732971191,7.800658226013184
16494,22.899999618530273,22.395694732666016
16495,24.469999313354492,23.052244186401367
16496,17.3799991607666,16.69666862487793
16497,58.4900016784668,56.118892669677734
16498,22.100000381469727,21.088054656982422
16499,54.11000061035156,53.4649658203125
16500,7.210000038146973,6.17519474029541
16501,2.5,1.353869080543518
16502,11.4399995803833,10.223993301391602
16503,24.229999542236328,23.380863189697266
16504,68.33000183105469,68.75680541992188
16505,24.020000457763672,23.47774887084961
16506,17.739999771118164,16.37769889831543
16507,64.62999725341797,64.18118286132812
16508,28.389999389648438,26.80870819091797
16509,32.869998931884766,32.513702392578125
16510,9.770000457763672,8.57762622833252
16511,21.989999771118164,22.079599380493164
16512,13.770000457763672,13.398443222045898
16513,10.0,8.760412216186523
16514,18.84000015258789,17.929607391357422
16515,29.81999969482422,28.411706924438477
16516,23.299999237060547,21.298551559448242
16517,22.170000076293945,21.83319091796875
16518,27.59000015258789,27.061412811279297
16519,23.8700008392334,24.39289093017578
16520,46.189998626708984,45.69900894165039
16521,38.38999938964844,37.942501068115234
16522,39.470001220703125,38.875789642333984
16523,37.09000015258789,36.445980072021484
16524,73.4800033569336,74.88762664794922
16525,15.09000015258789,14.548001289367676
16526,25.600000381469727,24.633621215820312
16527,35.150001525878906,34.5908088684082
16528,22.190000534057617,21.59212875366211
16529,8.5600004196167,7.9386162757873535
16530,23.149999618530273,22.923961639404297
16531,10.619999885559082,9.137772560119629
16532,36.91999816894531,36.126956939697266
16533,59.68000030517578,56.573368072509766
16534,10.869999885559082,9.93554401397705
16535,42.0099983215332,40.75533676147461
16536,79.80000305175781,77.43009948730469
16537,20.600000381469727,20.2557315826416
16538,60.81999969482422,60.774688720703125
16539,14.720000267028809,13.780228614807129
16540,16.020000457763672,14.3899564743042
16541,12.239999771118164,10.909628868103027
16542,12.0,11.272316932678223
16543,21.950000762939453,21.381824493408203
16544,22.3700008392334,21.643301010131836
16545,9.369999885559082,7.916669845581055
16546,37.09000015258789,35.77560043334961
16547,60.93000030517578,62.303218841552734
16548,32.15999984741211,30.762603759765625
16549,32.04999923706055,30.609832763671875
16550,7.260000228881836,5.854129791259766
16551,21.6200008392334,21.6637020111084
16552,24.219999313354492,22.560321807861328
16553,23.719999313354492,23.018922805786133
16554,20.6299991607666,18.863300323486328
16555,25.889999389648438,24.250606536865234
16556,52.43000030517578,52.38562774658203
16557,19.059999465942383,17.510543823242188
16558,17.18000030517578,16.06205940246582
16559,39.470001220703125,38.821861267089844
16560,36.97999954223633,36.03194808959961
16561,19.540000915527344,19.5113468170166
16562,57.08000183105469,54.8950309753418
16563,25.479999542236328,24.688861846923828
16564,14.260000228881836,13.172229766845703
16565,11.5600004196167,11.352252960205078
16566,29.8700008392334,29.18225860595703
16567,20.40999984741211,19.19159507751465
16568,47.709999084472656,46.1285400390625
16569,18.06999969482422,17.13062286376953
16570,29.940000534057617,29.721412658691406
16571,17.90999984741211,16.340225219726562
16572,48.2599983215332,45.5186882019043
16573,34.06999969482422,33.190853118896484
16574,10.989999771118164,10.031574249267578
16575,22.34000015258789,21.460453033447266
16576,35.2400016784668,34.54282760620117
16577,32.2400016784668,31.53954315185547
16578,6.579999923706055,5.241957664489746
16579,15.430000305175781,14.900264739990234
16580,26.65999984741211,25.95197105407715
16581,12.699999809265137,12.468744277954102
16582,16.979999542236328,16.091869354248047
16583,34.0099983215332,34.02785873413086
16584,19.93000030517578,19.276819229125977
16585,10.449999809265137,8.229990005493164
16586,33.709999084472656,32.1258544921875
16587,39.040000915527344,38.29188919067383
16588,46.16999816894531,45.98984146118164
16589,12.979999542236328,11.84941291809082
16590,43.810001373291016,41.85671615600586
16591,4.690000057220459,3.43674898147583
16592,13.859999656677246,13.538887977600098
16593,10.890000343322754,9.837554931640625
16594,22.56999969482422,22.610065460205078
16595,28.139999389648438,27.12317657470703
16596,32.689998626708984,31.19610595703125
16597,25.190000534057617,23.815528869628906
16598,70.86000061035156,68.44173431396484
16599,35.939998626708984,35.22666549682617
16600,27.649999618530273,25.700111389160156
16601,41.65999984741211,39.850040435791016
16602,27.040000915527344,25.781147003173828
16603,39.959999084472656,39.332576751708984
16604,21.18000030517578,19.632457733154297
16605,6.699999809265137,6.492214202880859
16606,55.25,55.64761734008789
16607,13.029999732971191,12.50314712524414
16608,5.170000076293945,4.198367595672607
16609,24.09000015258789,23.897472381591797
16610,34.68000030517578,32.85049057006836
16611,9.40999984741211,8.143622398376465
16612,50.150001525878906,49.745670318603516
16613,34.709999084472656,33.215084075927734
16614,25.469999313354492,24.554706573486328
16615,3.359999895095825,2.157993793487549
16616,18.6200008392334,17.126968383789062
16617,16.979999542236328,15.873117446899414
16618,8.90999984741211,7.386519908905029
16619,36.06999969482422,35.37127685546875
16620,17.15999984741211,16.454883575439453
16621,17.700000762939453,17.066661834716797
16622,44.45000076293945,43.4082145690918
16623,22.030000686645508,20.628341674804688
16624,54.72999954223633,51.00231170654297
16625,23.139999389648438,22.40750503540039
16626,43.97999954223633,42.37371063232422
16627,23.049999237060547,21.545772552490234
16628,27.8799991607666,27.3604793548584
16629,37.849998474121094,36.65079879760742
16630,57.529998779296875,56.9912109375
16631,22.15999984741211,21.10055923461914
16632,6.690000057220459,6.013059616088867
16633,60.61000061035156,57.62456130981445
16634,33.56999969482422,32.324615478515625
16635,55.650001525878906,55.49110794067383
16636,10.819999694824219,9.672698974609375
16637,35.13999938964844,33.99516677856445
16638,36.15999984741211,35.21489715576172
16639,17.079999923706055,16.30855941772461
16640,8.050000190734863,7.801675319671631
16641,34.56999969482422,32.33428192138672
16642,29.959999084472656,29.711750030517578
16643,14.75,14.194714546203613
16644,28.93000030517578,28.529939651489258
16645,51.959999084472656,49.77668762207031
16646,24.479999542236328,23.61276626586914
16647,34.75,33.945369720458984
16648,33.11000061035156,32.29971694946289
16649,21.649999618530273,20.982336044311523
16650,18.190000534057617,17.479299545288086
16651,17.950000762939453,16.260461807250977
16652,9.649999618530273,8.52131175994873
16653,31.09000015258789,29.053743362426758
16654,8.470000267028809,7.24800968170166
16655,27.280000686645508,26.099552154541016
16656,14.739999771118164,13.696097373962402
16657,13.75,13.357240676879883
16658,17.020000457763672,16.33683967590332
16659,10.199999809265137,9.749823570251465
16660,24.3799991607666,24.013912200927734
16661,15.180000305175781,14.719030380249023
16662,30.010000228881836,28.74805450439453
16663,55.040000915527344,53.29508972167969
16664,36.58000183105469,34.86220932006836
16665,69.73999786376953,67.49471282958984
16666,12.010000228881836,11.310196876525879
16667,6.309999942779541,5.218692779541016
16668,31.639999389648438,29.974475860595703
16669,48.130001068115234,47.82771301269531
16670,49.029998779296875,48.27651596069336
16671,22.729999542236328,22.804197311401367
16672,14.180000305175781,12.844695091247559
16673,23.860000610351562,21.950794219970703
16674,10.199999809265137,8.699969291687012
16675,5.559999942779541,4.265420436859131
16676,29.770000457763672,30.382587432861328
16677,19.719999313354492,19.040103912353516
16678,18.15999984741211,17.357511520385742
16679,23.260000228881836,21.454975128173828
16680,35.709999084472656,34.37753677368164
16681,28.709999084472656,27.895280838012695
16682,16.729999542236328,16.66846466064453
16683,24.469999313354492,23.9941463470459
16684,10.880000114440918,10.32748031616211
16685,32.63999938964844,32.1380500793457
16686,24.489999771118164,23.083148956298828
16687,16.469999313354492,15.477619171142578
16688,46.810001373291016,46.5706672668457
16689,14.399999618530273,13.286327362060547
16690,36.86000061035156,35.28957748413086
16691,16.639999389648438,15.744319915771484
16692,31.079999923706055,31.240562438964844
16693,41.75,41.460968017578125
16694,38.56999969482422,37.12545394897461
16695,44.83000183105469,43.171913146972656
16696,36.45000076293945,35.42531204223633
16697,20.579999923706055,20.58994483947754
16698,25.399999618530273,24.61527442932129
16699,26.309999465942383,24.565147399902344
16700,24.670000076293945,23.950698852539062
16701,48.209999084472656,47.19690704345703
16702,34.400001525878906,33.161277770996094
16703,46.70000076293945,45.67495346069336
16704,41.29999923706055,39.399532318115234
16705,39.040000915527344,38.5294075012207
16706,37.959999084472656,36.133827209472656
16707,11.329999923706055,10.619075775146484
16708,23.709999084472656,22.121286392211914
16709,25.760000228881836,24.711254119873047
16710,23.8700008392334,24.032970428466797
16711,36.619998931884766,35.582252502441406
16712,34.09000015258789,34.71543502807617
16713,8.130000114440918,6.946228504180908
16714,25.31999969482422,24.984718322753906
16715,34.709999084472656,33.16656494140625
16716,26.43000030517578,25.56298065185547
16717,43.380001068115234,44.51509094238281
16718,9.59000015258789,9.107833862304688
16719,37.11000061035156,35.82944869995117
16720,5.099999904632568,4.114101886749268
16721,28.65999984741211,27.795490264892578
16722,29.110000610351562,27.833391189575195
16723,11.09000015258789,10.291023254394531
16724,28.690000534057617,28.28691864013672
16725,23.899999618530273,22.67504119873047
16726,29.8799991607666,30.218303680419922
16727,58.459999084472656,57.23953628540039
16728,75.69000244140625,72.45497131347656
16729,12.199999809265137,11.336843490600586
16730,16.1200008392334,14.73442554473877
16731,6.449999809265137,5.1391706466674805
16732,43.529998779296875,42.700557708740234
16733,43.939998626708984,42.1737060546875
16734,40.400001525878906,39.51199722290039
16735,25.56999969482422,24.996654510498047
16736,32.66999816894531,32.95857238769531
16737,6.860000133514404,5.4352569580078125
16738,4.409999847412109,3.3823955059051514
16739,31.389999389648438,29.310115814208984
16740,24.90999984741211,24.45941734313965
16741,26.15999984741211,25.194442749023438
16742,19.700000762939453,19.117290496826172
16743,17.56999969482422,17.139671325683594
16744,11.930000305175781,11.288735389709473
16745,45.04999923706055,44.31841278076172
16746,26.770000457763672,25.167200088500977
16747,19.440000534057617,18.518203735351562
16748,45.33000183105469,45.17360305786133
16749,17.309999465942383,16.775882720947266
16750,23.850000381469727,22.098793029785156
16751,25.530000686645508,25.17754554748535
16752,23.940000534057617,22.8026065826416
16753,49.02000045776367,46.998050689697266
16754,24.56999969482422,22.894664764404297
16755,15.930000305175781,14.811744689941406
16756,62.0,61.018585205078125
16757,61.97999954223633,60.46183395385742
16758,36.18000030517578,34.93275451660156
16759,12.40999984741211,11.346715927124023
16760,19.649999618530273,18.06515884399414
16761,45.63999938964844,44.500492095947266
16762,70.02999877929688,68.86392211914062
16763,30.1200008392334,29.209501266479492
16764,15.90999984741211,14.732288360595703
16765,62.09000015258789,60.247188568115234
16766,26.360000610351562,24.255943298339844
16767,4.710000038146973,3.0249013900756836
16768,72.62000274658203,68.05194854736328
16769,30.690000534057617,30.14456558227539
16770,28.719999313354492,28.54690170288086
16771,51.470001220703125,51.438236236572266
16772,14.8100004196167,14.425065040588379
16773,33.58000183105469,32.435184478759766
16774,3.3499999046325684,2.1733572483062744
16775,24.59000015258789,23.671754837036133
16776,17.389999389648438,16.09760856628418
16777,11.15999984741211,10.184881210327148
16778,42.93000030517578,42.43769073486328
16779,22.65999984741211,22.19835662841797
16780,16.219999313354492,15.938447952270508
16781,52.209999084472656,48.271636962890625
16782,17.68000030517578,17.058622360229492
16783,14.15999984741211,13.665682792663574
16784,21.0,20.455167770385742
16785,23.600000381469727,22.285547256469727
16786,25.079999923706055,23.580232620239258
16787,14.960000038146973,14.505003929138184
16788,11.449999809265137,10.682268142700195
16789,16.399999618530273,16.52519416809082
16790,26.670000076293945,25.34493064880371
16791,13.229999542236328,12.120067596435547
16792,26.459999084472656,25.729982376098633
16793,15.710000038146973,15.100234985351562
16794,12.289999961853027,11.098001480102539
16795,25.770000457763672,25.302709579467773
16796,25.219999313354492,23.660518646240234
16797,9.050000190734863,7.997348308563232
16798,27.56999969482422,26.627031326293945
16799,32.380001068115234,31.94544219970703
16800,18.729999542236328,17.241107940673828
16801,22.25,21.307373046875
16802,31.299999237060547,29.39444351196289
16803,15.270000457763672,14.3862943649292
16804,2.5,2.3546478748321533
16805,26.200000762939453,25.148780822753906
16806,29.780000686645508,29.169551849365234
16807,38.25,38.212493896484375
16808,12.850000381469727,12.448785781860352
16809,22.90999984741211,22.22985076904297
16810,24.489999771118164,22.889894485473633
16811,30.06999969482422,29.384870529174805
16812,21.31999969482422,19.99457550048828
16813,6.179999828338623,5.165279865264893
16814,13.949999809265137,12.315871238708496
16815,41.04999923706055,39.8160400390625
16816,60.060001373291016,56.979736328125
16817,39.13999938964844,39.113182067871094
16818,54.34000015258789,53.28644561767578
16819,6.110000133514404,4.888241767883301
16820,39.5099983215332,38.980098724365234
16821,26.239999771118164,25.554698944091797
16822,9.420000076293945,8.852109909057617
16823,14.789999961853027,13.887799263000488
16824,24.959999084472656,24.383380889892578
16825,33.369998931884766,32.51987075805664
16826,6.78000020980835,5.997747421264648
16827,12.800000190734863,11.353607177734375
16828,22.299999237060547,21.440013885498047
16829,26.100000381469727,23.514564514160156
16830,3.2699999809265137,2.2173914909362793
16831,46.13999938964844,44.00924301147461
16832,58.91999816894531,57.540733337402344
16833,31.549999237060547,31.04598045349121
16834,14.239999771118164,13.356468200683594
16835,18.049999237060547,16.384410858154297
16836,20.489999771118164,19.535696029663086
16837,13.760000228881836,12.896613121032715
16838,50.439998626708984,49.93754196166992
16839,32.27000045776367,31.30574607849121
16840,16.59000015258789,15.824897766113281
16841,30.530000686645508,28.283077239990234
16842,42.650001525878906,41.588443756103516
16843,31.6200008392334,30.974870681762695
16844,24.950000762939453,23.88412857055664
16845,5.449999809265137,3.9286370277404785
16846,16.200000762939453,16.149738311767578
16847,29.969999313354492,29.2049503326416
16848,41.31999969482422,40.46369171142578
16849,24.510000228881836,22.164684295654297
16850,24.34000015258789,23.789430618286133
16851,28.100000381469727,26.349567413330078
16852,18.110000610351562,17.466232299804688
16853,35.66999816894531,34.407081604003906
16854,33.77000045776367,33.54047775268555
16855,25.760000228881836,25.66951560974121
16856,28.030000686645508,26.44207763671875
16857,30.75,30.840499877929688
16858,43.61000061035156,43.1561393737793
16859,35.119998931884766,34.674964904785156
16860,68.19000244140625,66.36925506591797
16861,60.189998626708984,59.850284576416016
16862,36.29999923706055,34.04958724975586
16863,36.5,35.57740783691406
16864,52.790000915527344,51.23485565185547
16865,43.540000915527344,42.56340789794922
16866,9.529999732971191,8.571738243103027
16867,27.899999618530273,27.480409622192383
16868,31.770000457763672,31.581937789916992
16869,62.369998931884766,62.73849105834961
16870,16.8799991607666,16.252742767333984
16871,41.65999984741211,40.276878356933594
16872,8.140000343322754,6.945468425750732
16873,2.890000104904175,1.570402979850769
16874,18.309999465942383,18.111177444458008
16875,36.16999816894531,35.59059143066406
16876,12.130000114440918,10.79525375366211
16877,36.040000915527344,35.14981460571289
16878,32.27000045776367,30.9791259765625
16879,9.15999984741211,8.396637916564941
16880,23.510000228881836,22.791763305664062
16881,26.729999542236328,25.289325714111328
16882,38.70000076293945,37.220054626464844
16883,6.800000190734863,6.438485622406006
16884,15.319999694824219,14.968793869018555
16885,9.34000015258789,8.91020393371582
16886,2.359999895095825,1.5493806600570679
16887,28.93000030517578,28.603830337524414
16888,9.359999656677246,8.23076343536377
16889,13.369999885559082,13.158721923828125
16890,25.209999084472656,24.215299606323242
16891,7.78000020980835,6.889491081237793
16892,10.720000267028809,9.41641902923584
16893,41.54999923706055,40.964439392089844
16894,40.5,40.172237396240234
16895,15.279999732971191,14.162766456604004
16896,46.77000045776367,44.19002151489258
16897,20.8700008392334,19.948062896728516
16898,52.279998779296875,50.4561767578125
16899,7.579999923706055,7.246073246002197
16900,33.150001525878906,32.929931640625
16901,41.540000915527344,41.29179000854492
16902,24.030000686645508,23.054880142211914
16903,43.869998931884766,42.895442962646484
16904,27.360000610351562,26.19729995727539
16905,6.0,4.144876480102539
16906,45.61000061035156,44.365779876708984
16907,52.65999984741211,51.40483474731445
16908,22.959999084472656,22.590625762939453
16909,4.730000019073486,3.7304956912994385
16910,27.639999389648438,26.066862106323242
16911,24.030000686645508,21.38770866394043
16912,49.59000015258789,47.98297119140625
16913,49.220001220703125,45.48672103881836
16914,38.529998779296875,38.742313385009766
16915,19.989999771118164,19.907135009765625
16916,21.1299991607666,19.73265838623047
16917,39.619998931884766,38.443721771240234
16918,7.869999885559082,6.928005695343018
16919,49.029998779296875,48.904449462890625
16920,22.18000030517578,20.738576889038086
16921,7.409999847412109,6.125354766845703
16922,26.979999542236328,26.64644432067871
16923,56.369998931884766,56.30908203125
16924,23.6299991607666,23.33531379699707
16925,9.25,8.466404914855957
16926,33.689998626708984,32.633819580078125
16927,15.529999732971191,14.392334938049316
16928,37.779998779296875,36.88249588012695
16929,28.56999969482422,27.97098159790039
16930,73.41999816894531,73.30297088623047
16931,10.819999694824219,9.284043312072754
16932,31.719999313354492,30.699007034301758
16933,24.969999313354492,23.79166030883789
16934,40.220001220703125,38.68990707397461
16935,45.11000061035156,42.95048904418945
16936,47.58000183105469,49.39472579956055
16937,35.349998474121094,34.12881851196289
16938,22.520000457763672,20.871118545532227
16939,6.230000019073486,5.331878662109375
16940,33.70000076293945,33.26207733154297
16941,5.78000020980835,4.27751350402832
16942,17.360000610351562,14.443987846374512
16943,23.229999542236328,21.95618438720703
16944,20.18000030517578,18.890186309814453
16945,48.41999816894531,45.08930587768555
16946,3.9200000762939453,2.40704083442688
16947,11.880000114440918,11.011456489562988
16948,22.31999969482422,20.827482223510742
16949,37.06999969482422,37.763187408447266
16950,27.18000030517578,25.573795318603516
16951,23.65999984741211,22.781728744506836
16952,20.540000915527344,19.899818420410156
16953,28.010000228881836,27.387222290039062
16954,12.15999984741211,11.700257301330566
16955,26.440000534057617,25.47924041748047
16956,21.530000686645508,20.524185180664062
16957,25.719999313354492,24.228879928588867
16958,13.729999542236328,13.09547233581543
16959,33.4900016784668,32.29137420654297
16960,36.0099983215332,34.8848762512207
16961,29.170000076293945,27.882497787475586
16962,58.380001068115234,58.404510498046875
16963,40.34000015258789,39.35557174682617
16964,2.690000057220459,1.8931254148483276
16965,18.860000610351562,17.834075927734375
16966,43.11000061035156,41.537139892578125
16967,40.7400016784668,37.922264099121094
16968,26.329999923706055,24.403963088989258
16969,43.220001220703125,42.56830596923828
16970,20.389999389648438,20.039546966552734
16971,57.849998474121094,57.954280853271484
16972,23.280000686645508,22.1091251373291
16973,12.670000076293945,12.102243423461914
16974,25.18000030517578,23.722917556762695
16975,30.520000457763672,29.470178604125977
16976,46.56999969482422,45.6004524230957
16977,5.940000057220459,4.35139799118042
16978,34.27000045776367,32.938697814941406
16979,11.369999885559082,10.459760665893555
16980,30.639999389648438,30.74068832397461
16981,31.149999618530273,30.643115997314453
16982,24.1299991607666,22.618209838867188
16983,4.420000076293945,2.80401873588562
16984,6.739999771118164,5.877266883850098
16985,53.93000030517578,53.89657974243164
16986,18.510000228881836,17.782052993774414
16987,23.290000915527344,22.690841674804688
16988,16.290000915527344,15.964969635009766
16989,5.599999904632568,4.458633899688721
16990,30.299999237060547,29.749107360839844
16991,22.31999969482422,21.856693267822266
16992,33.15999984741211,31.704574584960938
16993,9.960000038146973,9.299793243408203
16994,15.34000015258789,14.806634902954102
16995,32.279998779296875,30.75252914428711
16996,42.220001220703125,41.52165985107422
16997,37.2599983215332,37.02418899536133
16998,15.800000190734863,15.15974235534668
16999,16.299999237060547,15.28818130493164
17000,6.019999980926514,5.260266304016113
17001,41.56999969482422,41.12620162963867
17002,7.309999942779541,5.799983024597168
17003,27.719999313354492,27.289552688598633
17004,23.989999771118164,22.906978607177734
17005,35.9900016784668,34.84629821777344
17006,12.59000015258789,11.4154634475708
17007,17.93000030517578,16.68988609313965
17008,5.800000190734863,4.9512939453125
17009,9.59000015258789,8.411062240600586
17010,20.979999542236328,19.482501983642578
17011,23.889999389648438,22.4647159576416
17012,47.41999816894531,45.0439338684082
17013,45.93000030517578,45.22976303100586
17014,15.34000015258789,13.236133575439453
17015,22.790000915527344,22.31852149963379
17016,51.04999923706055,49.83921432495117
17017,27.940000534057617,26.597881317138672
17018,22.68000030517578,21.70363998413086
17019,31.290000915527344,29.611927032470703
17020,20.489999771118164,19.37725067138672
17021,53.650001525878906,51.36088180541992
17022,34.70000076293945,32.86619567871094
17023,8.569999694824219,7.089017391204834
17024,19.139999389648438,18.359716415405273
17025,25.489999771118164,25.151165008544922
17026,26.709999084472656,25.101673126220703
17027,16.520000457763672,16.996829986572266
17028,20.15999984741211,18.17123031616211
17029,59.45000076293945,59.83671569824219
17030,14.619999885559082,12.566211700439453
17031,30.81999969482422,29.769060134887695
17032,13.210000038146973,13.315805435180664
17033,22.170000076293945,21.591976165771484
17034,48.970001220703125,45.23394012451172
17035,18.690000534057617,18.03080940246582
17036,14.800000190734863,13.66440486907959
17037,23.760000228881836,21.883068084716797
17038,11.329999923706055,10.658158302307129
17039,7.579999923706055,6.167413711547852
17040,20.56999969482422,20.516101837158203
17041,20.649999618530273,20.7067813873291
17042,11.380000114440918,10.138019561767578
17043,27.75,26.426443099975586
17044,31.979999542236328,30.43097686767578
17045,34.810001373291016,34.410892486572266
17046,14.710000038146973,14.42432689666748
17047,53.18000030517578,51.91717529296875
17048,44.400001525878906,42.463783264160156
17049,22.59000015258789,21.77654266357422
17050,11.1899995803833,10.812281608581543
17051,44.29999923706055,43.3080940246582
17052,29.90999984741211,28.386310577392578
17053,24.520000457763672,22.901153564453125
17054,27.190000534057617,26.769655227661133
17055,24.100000381469727,22.30815315246582
17056,31.8700008392334,30.363130569458008
17057,1.7300000190734863,1.0531212091445923
17058,15.6899995803833,14.840408325195312
17059,34.209999084472656,32.90250778198242
17060,34.849998474121094,34.41144561767578
17061,25.860000610351562,26.35953140258789
17062,64.69999694824219,64.90555572509766
17063,53.45000076293945,53.82954025268555
17064,11.880000114440918,11.51038932800293
17065,12.279999732971191,11.036797523498535
17066,48.310001373291016,46.461265563964844
17067,7.849999904632568,6.413431644439697
17068,56.13999938964844,58.99235534667969
17069,23.559999465942383,21.779451370239258
17070,55.77000045776367,52.809635162353516
17071,39.52000045776367,39.30929183959961
17072,21.34000015258789,21.32042121887207
17073,14.899999618530273,13.766434669494629
17074,25.229999542236328,24.079822540283203
17075,18.520000457763672,18.589859008789062
17076,53.18000030517578,52.60128402709961
17077,22.579999923706055,21.680965423583984
17078,49.43000030517578,50.099857330322266
17079,12.569999694824219,11.180472373962402
17080,29.040000915527344,28.299829483032227
17081,51.97999954223633,50.7982177734375
17082,7.53000020980835,6.878626346588135
17083,45.779998779296875,47.159568786621094
17084,40.439998626708984,38.68844985961914
17085,51.13999938964844,48.50208282470703
17086,10.029999732971191,9.043451309204102
17087,22.200000762939453,20.970726013183594
17088,24.709999084472656,23.43248748779297
17089,29.860000610351562,27.774883270263672
17090,69.05000305175781,72.82308959960938
17091,53.18000030517578,51.818824768066406
17092,26.68000030517578,26.270463943481445
17093,5.570000171661377,4.443410873413086
17094,66.38999938964844,65.28241729736328
17095,43.40999984741211,42.52425003051758
17096,44.4900016784668,43.41286087036133
17097,37.06999969482422,36.2609977722168
17098,29.3799991607666,28.787883758544922
17099,20.229999542236328,19.467702865600586
17100,24.549999237060547,24.312421798706055
17101,56.63999938964844,54.9629020690918
17102,14.430000305175781,13.326906204223633
17103,21.34000015258789,20.629146575927734
17104,32.630001068115234,32.12138748168945
17105,21.649999618530273,20.384719848632812
17106,17.25,16.49271011352539
17107,10.59000015258789,10.377469062805176
17108,25.18000030517578,23.389869689941406
17109,54.560001373291016,52.49467849731445
17110,11.239999771118164,9.90506362915039
17111,37.290000915527344,36.48454284667969
17112,10.199999809265137,8.754341125488281
17113,32.25,31.434490203857422
17114,65.18000030517578,62.2216682434082
17115,9.640000343322754,8.569716453552246
17116,25.81999969482422,24.724468231201172
17117,31.829999923706055,31.660261154174805
17118,45.849998474121094,45.35609817504883
17119,27.0,26.32099723815918
17120,20.780000686645508,20.25501251220703
17121,19.899999618530273,18.881847381591797
17122,21.709999084472656,21.002166748046875
17123,8.630000114440918,8.220132827758789
17124,51.459999084472656,48.07963562011719
17125,27.530000686645508,27.307777404785156
17126,17.510000228881836,17.18656349182129
17127,28.440000534057617,27.682893753051758
17128,75.48999786376953,72.20748138427734
17129,29.139999389648438,28.446842193603516
17130,24.520000457763672,23.54530143737793
17131,7.980000019073486,7.018202781677246
17132,31.020000457763672,31.602806091308594
17133,19.149999618530273,17.96411895751953
17134,41.040000915527344,41.31576156616211
17135,71.33000183105469,72.95407104492188
17136,29.209999084472656,28.74488067626953
17137,40.84000015258789,40.29763412475586
17138,34.84000015258789,31.883859634399414
17139,36.63999938964844,36.05459213256836
17140,21.09000015258789,20.933259963989258
17141,7.050000190734863,6.288567543029785
17142,18.520000457763672,17.981050491333008
17143,11.489999771118164,10.782133102416992
17144,27.649999618530273,26.80573272705078
17145,11.479999542236328,10.7202787399292
17146,38.81999969482422,38.10859680175781
17147,14.029999732971191,13.828705787658691
17148,16.540000915527344,15.179304122924805
17149,17.049999237060547,16.49770164489746
17150,24.350000381469727,23.812686920166016
17151,62.369998931884766,60.579471588134766
17152,35.15999984741211,34.194950103759766
17153,53.34000015258789,52.5303840637207
17154,23.290000915527344,22.883943557739258
17155,21.43000030517578,21.03936767578125
17156,33.130001068115234,31.657875061035156
17157,33.65999984741211,33.00039291381836
17158,12.479999542236328,11.07905387878418
17159,27.43000030517578,26.04412078857422
17160,14.399999618530273,14.193387031555176
17161,44.459999084472656,44.54843521118164
17162,16.25,15.141702651977539
17163,14.949999809265137,13.707135200500488
17164,46.560001373291016,45.1593017578125
17165,29.329999923706055,29.153026580810547
17166,15.199999809265137,14.064665794372559
17167,26.530000686645508,26.24692726135254
17168,61.369998931884766,58.508426666259766
17169,18.850000381469727,17.960098266601562
17170,18.09000015258789,17.589675903320312
17171,57.52000045776367,55.94742965698242
17172,56.04999923706055,54.27067565917969
17173,27.93000030517578,26.338563919067383
17174,4.96999979019165,3.83003568649292
17175,42.93000030517578,41.91213607788086
17176,12.020000457763672,11.17846393585205
17177,28.219999313354492,27.104307174682617
17178,47.7599983215332,47.39650344848633
17179,57.61000061035156,56.251346588134766
17180,13.819999694824219,13.1883544921875
17181,30.969999313354492,29.690200805664062
17182,23.270000457763672,21.996061325073242
17183,40.400001525878906,38.84096908569336
17184,33.279998779296875,32.09080505371094
17185,8.649999618530273,8.052459716796875
17186,18.229999542236328,17.18899917602539
17187,21.170000076293945,20.358076095581055
17188,24.93000030517578,23.370769500732422
17189,16.34000015258789,15.076122283935547
17190,59.2400016784668,58.72255325317383
17191,51.959999084472656,50.72787857055664
17192,27.079999923706055,26.174327850341797
17193,6.46999979019165,4.907663345336914
17194,61.81999969482422,58.92519760131836
17195,25.889999389648438,24.54998207092285
17196,14.229999542236328,13.849169731140137
17197,38.810001373291016,37.98004913330078
17198,31.760000228881836,31.943359375
17199,61.15999984741211,60.204872131347656
17200,23.959999084472656,22.94295310974121
17201,36.220001220703125,35.186180114746094
17202,28.829999923706055,28.354101181030273
17203,54.59000015258789,50.52772903442383
17204,22.690000534057617,21.239290237426758
17205,14.880000114440918,13.686598777770996
17206,53.529998779296875,53.724056243896484
17207,22.030000686645508,21.617935180664062
17208,28.940000534057617,27.933879852294922
17209,29.420000076293945,28.224756240844727
17210,41.20000076293945,40.42727279663086
17211,32.220001220703125,30.521894454956055
17212,24.299999237060547,23.261049270629883
17213,9.270000457763672,8.585407257080078
17214,13.270000457763672,12.621633529663086
17215,53.68000030517578,52.36283874511719
17216,52.97999954223633,53.110286712646484
17217,23.510000228881836,23.0740966796875
17218,40.400001525878906,40.771209716796875
17219,22.59000015258789,21.460973739624023
17220,38.68000030517578,39.289459228515625
17221,42.25,40.6843376159668
17222,46.72999954223633,44.860225677490234
17223,8.930000305175781,8.712176322937012
17224,8.119999885559082,7.030611991882324
17225,8.5600004196167,7.389773368835449
17226,15.760000228881836,15.087312698364258
17227,50.470001220703125,48.03403854370117
17228,29.190000534057617,28.31268882751465
17229,43.0,41.43423080444336
17230,18.479999542236328,17.965309143066406
17231,32.86000061035156,31.824975967407227
17232,51.54999923706055,50.18437576293945
17233,44.25,43.256107330322266
17234,10.670000076293945,10.531152725219727
17235,19.780000686645508,19.278127670288086
17236,18.200000762939453,17.58321762084961
17237,11.90999984741211,11.465733528137207
17238,19.81999969482422,18.591426849365234
17239,44.09000015258789,42.37055969238281
17240,34.20000076293945,33.3587532043457
17241,42.47999954223633,40.167789459228516
17242,7.829999923706055,6.745817184448242
17243,5.28000020980835,3.496506452560425
17244,8.850000381469727,7.619131565093994
17245,5.5,4.36743688583374
17246,20.049999237060547,19.464263916015625
17247,27.479999542236328,27.206676483154297
17248,21.959999084472656,20.96666717529297
17249,35.20000076293945,34.93846893310547
17250,25.360000610351562,25.248994827270508
17251,19.889999389648438,19.059207916259766
17252,47.56999969482422,47.224605560302734
17253,37.459999084472656,36.838623046875
17254,39.810001373291016,39.51726150512695
17255,18.299999237060547,17.445720672607422
17256,27.190000534057617,26.411943435668945
17257,46.779998779296875,44.95038986206055
17258,26.309999465942383,25.679885864257812
17259,13.260000228881836,13.31711196899414
17260,26.989999771118164,25.41494369506836
17261,27.239999771118164,26.329421997070312
17262,46.380001068115234,44.32888412475586
17263,51.380001068115234,51.387603759765625
17264,29.459999084472656,32.25367736816406
17265,20.200000762939453,19.098325729370117
17266,21.600000381469727,20.475826263427734
17267,42.119998931884766,40.46392059326172
17268,63.34000015258789,62.087257385253906
17269,40.310001373291016,39.10403823852539
17270,15.760000228881836,15.179882049560547
17271,27.0,26.18941307067871
17272,76.18000030517578,71.8112564086914
17273,30.799999237060547,29.600906372070312
17274,16.729999542236328,16.43459701538086
17275,28.899999618530273,29.297607421875
17276,45.689998626708984,44.6087760925293
17277,39.209999084472656,39.55123519897461
17278,34.77000045776367,33.90541076660156
17279,33.68000030517578,33.299522399902344
17280,38.130001068115234,37.642112731933594
17281,11.710000038146973,11.070230484008789
17282,35.9900016784668,35.497833251953125
17283,20.459999084472656,19.539438247680664
17284,22.950000762939453,22.321121215820312
17285,46.45000076293945,44.768611907958984
17286,6.610000133514404,3.7439334392547607
17287,43.209999084472656,42.12199783325195
17288,25.93000030517578,24.274272918701172
17289,35.7400016784668,33.81794357299805
17290,37.58000183105469,36.492984771728516
17291,25.5,24.04916000366211
17292,72.51000213623047,70.33258056640625
17293,20.530000686645508,19.97566795349121
17294,31.6200008392334,29.896299362182617
17295,60.04999923706055,60.668556213378906
17296,12.15999984741211,11.417285919189453
17297,75.56999969482422,72.9781723022461
17298,9.010000228881836,8.757155418395996
17299,24.850000381469727,23.572227478027344
17300,2.1700000762939453,1.2842437028884888
17301,44.61000061035156,43.721805572509766
17302,36.400001525878906,35.235740661621094
17303,31.09000015258789,29.50319480895996
17304,27.520000457763672,27.157838821411133
17305,38.060001373291016,37.12544631958008
17306,28.049999237060547,27.144912719726562
17307,10.34000015258789,8.98015022277832
17308,50.47999954223633,48.11080551147461
17309,45.810001373291016,44.72016143798828
17310,10.710000038146973,10.264406204223633
17311,3.690000057220459,2.375333070755005
17312,13.140000343322754,12.159380912780762
17313,27.139999389648438,26.821434020996094
17314,11.6899995803833,11.44876766204834
17315,7.78000020980835,6.795095920562744
17316,31.829999923706055,30.29920196533203
17317,20.81999969482422,19.72665786743164
17318,28.34000015258789,26.75912094116211
17319,47.5,46.95211410522461
17320,52.04999923706055,49.755916595458984
17321,10.850000381469727,10.000303268432617
17322,28.09000015258789,26.92837905883789
17323,27.899999618530273,27.115522384643555
17324,19.899999618530273,18.625226974487305
17325,20.639999389648438,20.324935913085938
17326,21.290000915527344,20.10784912109375
17327,26.149999618530273,25.679122924804688
17328,10.25,9.92392635345459
17329,36.630001068115234,35.55247116088867
17330,23.68000030517578,22.051002502441406
17331,32.959999084472656,32.085472106933594
17332,40.45000076293945,39.24333572387695
17333,70.83999633789062,71.18122863769531
17334,47.790000915527344,46.91524124145508
17335,15.510000228881836,13.540349006652832
17336,14.399999618530273,13.576781272888184
17337,10.380000114440918,9.736959457397461
17338,20.209999084472656,19.422080993652344
17339,30.719999313354492,29.576831817626953
17340,28.739999771118164,27.995384216308594
17341,4.329999923706055,4.049227714538574
17342,45.709999084472656,43.867698669433594
17343,48.97999954223633,47.69976043701172
17344,4.019999980926514,2.5461108684539795
17345,11.050000190734863,10.125211715698242
17346,9.260000228881836,8.4634428024292
17347,22.5,21.345367431640625
17348,50.81999969482422,49.06795883178711
17349,19.389999389648438,18.442142486572266
17350,13.229999542236328,12.79895305633545
17351,39.709999084472656,39.05708694458008
17352,7.619999885559082,5.8528852462768555
17353,14.8100004196167,13.677393913269043
17354,28.3700008392334,27.541515350341797
17355,48.810001373291016,47.099239349365234
17356,63.93000030517578,63.247859954833984
17357,19.510000228881836,18.13587188720703
17358,23.739999771118164,23.43082046508789
17359,32.77000045776367,31.80051040649414
17360,39.880001068115234,38.95671463012695
17361,7.21999979019165,6.191318511962891
17362,28.920000076293945,27.507179260253906
17363,17.040000915527344,16.585721969604492
17364,50.720001220703125,49.488277435302734
17365,4.130000114440918,2.4119460582733154
17366,43.31999969482422,41.85978698730469
17367,23.239999771118164,22.085128784179688
17368,21.450000762939453,20.83032989501953
17369,33.47999954223633,32.627994537353516
17370,29.229999542236328,28.368850708007812
17371,51.36000061035156,50.559871673583984
17372,54.88999938964844,53.944942474365234
17373,18.920000076293945,17.430789947509766
17374,18.770000457763672,17.79104995727539
17375,10.739999771118164,10.1549711227417
17376,23.239999771118164,22.135915756225586
17377,37.13999938964844,35.4557991027832
17378,41.630001068115234,40.48256301879883
17379,7.019999980926514,6.212665557861328
17380,6.389999866485596,5.132711887359619
17381,36.65999984741211,35.811832427978516
17382,24.200000762939453,23.13585662841797
17383,17.010000228881836,16.35462760925293
17384,14.789999961853027,13.442341804504395
17385,19.040000915527344,18.084836959838867
17386,4.409999847412109,3.787358283996582
17387,16.079999923706055,14.692750930786133
17388,2.4000000953674316,1.4455598592758179
17389,13.109999656677246,12.409585952758789
17390,30.6299991607666,30.555532455444336
17391,21.579999923706055,20.35097885131836
17392,12.699999809265137,12.10976791381836
17393,50.58000183105469,49.281768798828125
17394,49.29999923706055,45.81499481201172
17395,40.16999816894531,38.860958099365234
17396,2.9100000858306885,1.8968029022216797
17397,56.45000076293945,52.6328239440918
17398,27.6299991607666,27.56451416015625
17399,14.050000190734863,13.120918273925781
17400,10.84000015258789,10.096697807312012
17401,5.110000133514404,3.9152004718780518
17402,36.40999984741211,36.35322570800781
17403,55.689998626708984,53.06231689453125
17404,28.959999084472656,27.134708404541016
17405,36.45000076293945,37.0246467590332
17406,21.399999618530273,21.036348342895508
17407,27.860000610351562,27.200210571289062
17408,17.290000915527344,16.632089614868164
17409,1.649999976158142,1.5150904655456543
17410,24.15999984741211,23.44235610961914
17411,52.29999923706055,51.411624908447266
17412,3.1500000953674316,2.334512233734131
17413,22.950000762939453,22.54227066040039
17414,36.36000061035156,35.57775115966797
17415,34.2400016784668,32.7276725769043
17416,34.439998626708984,33.51645278930664
17417,56.810001373291016,57.19428253173828
17418,36.630001068115234,35.27260971069336
17419,26.989999771118164,26.01299476623535
17420,21.360000610351562,20.81622886657715
17421,23.760000228881836,22.644472122192383
17422,27.770000457763672,26.70389175415039
17423,15.829999923706055,15.03993034362793
17424,23.860000610351562,22.491905212402344
17425,19.520000457763672,18.967557907104492
17426,22.6299991607666,21.388456344604492
17427,32.63999938964844,31.62360954284668
17428,53.060001373291016,53.48890686035156
17429,79.12000274658203,73.86569213867188
17430,19.850000381469727,19.20824432373047
17431,30.309999465942383,29.476573944091797
17432,20.959999084472656,19.939964294433594
17433,20.219999313354492,19.256330490112305
17434,12.970000267028809,9.142297744750977
17435,31.719999313354492,30.35110092163086
17436,12.5,12.176533699035645
17437,43.290000915527344,42.75747299194336
17438,19.610000610351562,18.521448135375977
17439,33.41999816894531,32.045196533203125
17440,21.290000915527344,20.510099411010742
17441,30.149999618530273,28.287656784057617
17442,18.350000381469727,17.822734832763672
17443,48.75,47.99116134643555
17444,8.670000076293945,7.661374092102051
17445,66.91000366210938,67.74237823486328
17446,49.56999969482422,49.76226806640625
17447,29.030000686645508,28.366592407226562
17448,17.469999313354492,16.31549644470215
17449,54.720001220703125,53.35847854614258
17450,22.479999542236328,22.42354965209961
17451,32.560001373291016,32.64296340942383
17452,15.039999961853027,14.804241180419922
17453,60.66999816894531,59.414302825927734
17454,59.38999938964844,58.21420669555664
17455,23.709999084472656,22.275753021240234
17456,45.31999969482422,43.62761306762695
17457,11.390000343322754,10.36061954498291
17458,7.71999979019165,6.677700042724609
17459,23.149999618530273,23.230260848999023
17460,19.040000915527344,18.4967098236084
17461,31.760000228881836,30.225500106811523
17462,12.760000228881836,12.383825302124023
17463,16.43000030517578,14.303915977478027
17464,45.88999938964844,43.76019287109375
17465,73.55999755859375,69.95166778564453
17466,20.8799991607666,20.39313316345215
17467,1.9299999475479126,1.2544443607330322
17468,67.1500015258789,66.51073455810547
17469,8.949999809265137,9.008073806762695
17470,38.47999954223633,36.69361114501953
17471,3.359999895095825,2.0766873359680176
17472,42.2400016784668,41.71328353881836
17473,32.939998626708984,32.8100700378418
17474,9.130000114440918,8.462581634521484
17475,40.400001525878906,39.0371208190918
17476,54.470001220703125,55.28523254394531
17477,37.939998626708984,36.973812103271484
17478,13.729999542236328,13.720498085021973
17479,25.360000610351562,24.422531127929688
17480,56.970001220703125,55.778743743896484
17481,27.65999984741211,27.871292114257812
17482,3.5199999809265137,2.083249568939209
17483,17.899999618530273,16.562936782836914
17484,63.599998474121094,65.76678466796875
17485,20.309999465942383,20.288036346435547
17486,12.489999771118164,11.872832298278809
17487,26.59000015258789,25.05247688293457
17488,44.33000183105469,42.135711669921875
17489,32.970001220703125,32.9488639831543
17490,52.029998779296875,51.91295623779297
17491,33.529998779296875,32.92172622680664
17492,32.33000183105469,32.0613899230957
17493,28.8700008392334,28.820026397705078
17494,32.150001525878906,30.744190216064453
17495,17.200000762939453,17.62513542175293
17496,28.059999465942383,28.390525817871094
17497,46.79999923706055,44.978858947753906
17498,34.36000061035156,33.33604431152344
17499,35.310001373291016,33.76004409790039
17500,6.199999809265137,4.536297798156738
17501,24.030000686645508,23.329782485961914
17502,54.22999954223633,51.653263092041016
17503,17.209999084472656,16.61440086364746
17504,41.08000183105469,39.9434928894043
17505,28.100000381469727,26.478349685668945
17506,29.110000610351562,27.878293991088867
17507,47.849998474121094,46.47510528564453
17508,33.27000045776367,33.13101577758789
17509,38.33000183105469,36.11349105834961
17510,28.25,27.052736282348633
17511,10.920000076293945,11.21908187866211
17512,22.06999969482422,21.69853973388672
17513,28.540000915527344,26.5941219329834
17514,22.170000076293945,22.389606475830078
17515,5.170000076293945,4.0271148681640625
17516,24.190000534057617,23.515865325927734
17517,22.690000534057617,21.368061065673828
17518,9.720000267028809,9.084614753723145
17519,12.65999984741211,12.013099670410156
17520,10.09000015258789,8.880992889404297
17521,30.709999084472656,30.479473114013672
17522,22.020000457763672,21.491317749023438
17523,28.6200008392334,27.702911376953125
17524,24.829999923706055,24.032207489013672
17525,25.219999313354492,24.848751068115234
17526,37.9900016784668,37.65463638305664
17527,7.460000038146973,6.723344802856445
17528,15.960000038146973,15.71139907836914
17529,40.119998931884766,39.838863372802734
17530,31.309999465942383,30.901836395263672
17531,25.299999237060547,24.157493591308594
17532,40.97999954223633,40.141944885253906
17533,19.809999465942383,18.714563369750977
17534,49.5099983215332,47.84999084472656
17535,39.34000015258789,38.89594650268555
17536,0.38999998569488525,1.5275193452835083
17537,50.86000061035156,50.665809631347656
17538,40.36000061035156,40.30637741088867
17539,37.33000183105469,36.19675064086914
17540,28.420000076293945,27.18307876586914
17541,63.849998474121094,60.6239128112793
17542,37.650001525878906,36.38666915893555
17543,27.360000610351562,26.570701599121094
17544,16.34000015258789,15.418956756591797
17545,12.390000343322754,11.842016220092773
17546,22.1200008392334,21.266958236694336
17547,18.739999771118164,17.58625030517578
17548,15.4399995803833,14.780715942382812
17549,20.459999084472656,19.47588348388672
17550,18.200000762939453,17.452838897705078
17551,11.630000114440918,11.511822700500488
17552,14.420000076293945,13.099512100219727
17553,17.489999771118164,16.538223266601562
17554,35.290000915527344,33.93794250488281
17555,8.270000457763672,7.149278163909912
17556,59.38999938964844,58.902427673339844
17557,25.260000228881836,25.38427734375
17558,34.029998779296875,32.191184997558594
17559,3.549999952316284,3.2989723682403564
17560,21.729999542236328,20.915729522705078
17561,35.13999938964844,34.43257522583008
17562,42.880001068115234,40.72737121582031
17563,11.779999732971191,10.806546211242676
17564,32.77000045776367,33.14091110229492
17565,19.479999542236328,18.650449752807617
17566,6.079999923706055,5.061097145080566
17567,24.65999984741211,23.551443099975586
17568,22.3700008392334,21.41388702392578
17569,40.540000915527344,39.3527946472168
17570,3.6500000953674316,2.391277313232422
17571,24.229999542236328,22.922977447509766
17572,38.209999084472656,38.67832946777344
17573,3.5199999809265137,2.0297152996063232
17574,30.780000686645508,30.867542266845703
17575,14.960000038146973,14.2125825881958
17576,24.1299991607666,22.815425872802734
17577,31.34000015258789,30.780197143554688
17578,19.15999984741211,19.462886810302734
17579,21.459999084472656,20.358366012573242
17580,43.2400016784668,41.186805725097656
17581,7.869999885559082,6.775703430175781
17582,27.100000381469727,26.580902099609375
17583,26.959999084472656,25.110034942626953
17584,24.649999618530273,23.509441375732422
17585,28.8799991607666,27.647462844848633
17586,41.119998931884766,40.24008560180664
17587,7.690000057220459,7.468072414398193
17588,23.020000457763672,21.421464920043945
17589,47.93000030517578,47.771881103515625
17590,16.760000228881836,16.828664779663086
17591,35.119998931884766,34.09401321411133
17592,12.460000038146973,12.212634086608887
17593,11.6899995803833,11.541313171386719
17594,26.84000015258789,25.263086318969727
17595,24.889999389648438,23.62350082397461
17596,8.649999618530273,8.180692672729492
17597,17.209999084472656,15.895360946655273
17598,75.79000091552734,70.04596710205078
17599,7.130000114440918,6.15406608581543
17600,29.420000076293945,28.46143913269043
17601,18.3799991607666,18.000316619873047
17602,9.800000190734863,8.129569053649902
17603,26.399999618530273,25.195173263549805
17604,41.0,39.0006217956543
17605,49.52000045776367,48.112640380859375
17606,23.799999237060547,22.72715187072754
17607,9.609999656677246,8.493962287902832
17608,16.6299991607666,15.905858993530273
17609,12.770000457763672,12.661471366882324
17610,39.540000915527344,40.36616134643555
17611,14.420000076293945,13.187051773071289
17612,17.469999313354492,16.96590805053711
17613,35.220001220703125,35.701900482177734
17614,23.260000228881836,22.926204681396484
17615,15.170000076293945,14.394600868225098
17616,24.84000015258789,23.17022705078125
17617,16.200000762939453,15.490808486938477
17618,12.069999694824219,11.8774995803833
17619,49.529998779296875,48.03359603881836
17620,38.849998474121094,37.82700729370117
17621,11.510000228881836,11.060381889343262
17622,52.130001068115234,49.54471969604492
17623,60.790000915527344,59.33414077758789
17624,14.970000267028809,14.033978462219238
17625,14.119999885559082,12.999046325683594
17626,56.369998931884766,55.101600646972656
17627,21.18000030517578,20.029010772705078
17628,13.399999618530273,13.453296661376953
17629,23.1299991607666,22.021183013916016
17630,16.600000381469727,15.872758865356445
17631,44.220001220703125,43.81562805175781
17632,17.030000686645508,15.929466247558594
17633,23.979999542236328,23.114444732666016
17634,21.540000915527344,19.961700439453125
17635,15.979999542236328,14.853164672851562
17636,12.9399995803833,12.737698554992676
17637,12.0600004196167,11.330025672912598
17638,40.290000915527344,38.179500579833984
17639,11.199999809265137,10.353774070739746
17640,61.529998779296875,62.93364715576172
17641,31.56999969482422,31.952587127685547
17642,3.450000047683716,2.116469383239746
17643,16.440000534057617,15.78492546081543
17644,13.930000305175781,13.436212539672852
17645,14.039999961853027,13.27708625793457
17646,46.97999954223633,46.5973014831543
17647,8.789999961853027,8.351551055908203
17648,9.970000267028809,9.087737083435059
17649,35.36000061035156,34.313194274902344
17650,28.149999618530273,25.50826644897461
17651,24.229999542236328,22.88072967529297
17652,45.95000076293945,45.61367416381836
17653,32.72999954223633,32.29747009277344
17654,22.3700008392334,21.608983993530273
17655,38.689998626708984,37.452449798583984
17656,48.16999816894531,46.43285369873047
17657,14.390000343322754,13.380311965942383
17658,6.739999771118164,5.669425964355469
17659,14.65999984741211,13.672558784484863
17660,51.029998779296875,48.281532287597656
17661,35.5,33.85147476196289
17662,25.040000915527344,23.700910568237305
17663,42.369998931884766,41.433837890625
17664,8.800000190734863,6.931431770324707
17665,10.25,9.18663501739502
17666,8.039999961853027,7.369628429412842
17667,19.600000381469727,19.342527389526367
17668,6.400000095367432,5.421048164367676
17669,25.049999237060547,23.617080688476562
17670,40.41999816894531,41.94129943847656
17671,26.1299991607666,25.256423950195312
17672,18.600000381469727,17.136259078979492
17673,19.059999465942383,18.253896713256836
17674,18.850000381469727,18.207897186279297
17675,41.06999969482422,40.75906753540039
17676,8.4399995803833,6.237637519836426
17677,28.190000534057617,26.796051025390625
17678,34.77000045776367,34.89678955078125
17679,20.079999923706055,19.59061050415039
17680,37.470001220703125,35.61417770385742
17681,16.09000015258789,15.598518371582031
17682,42.189998626708984,41.12056350708008
17683,38.439998626708984,38.2694206237793
17684,7.949999809265137,7.445706844329834
17685,12.1899995803833,11.515890121459961
17686,20.260000228881836,19.760997772216797
17687,33.61000061035156,33.423954010009766
17688,16.420000076293945,15.915153503417969
17689,19.260000228881836,18.429061889648438
17690,9.8100004196167,8.779078483581543
17691,37.47999954223633,36.62923049926758
17692,9.9399995803833,9.51192855834961
17693,21.1299991607666,20.296199798583984
17694,7.019999980926514,5.9817352294921875
17695,24.450000762939453,23.621383666992188
17696,24.959999084472656,24.931947708129883
17697,29.799999237060547,28.843263626098633
17698,14.449999809265137,13.43838882446289
17699,3.0999999046325684,3.0006372928619385
17700,47.7599983215332,45.49829864501953
17701,11.319999694824219,10.6306734085083
17702,12.539999961853027,12.113496780395508
17703,14.5,13.400627136230469
17704,12.800000190734863,11.931057929992676
17705,7.260000228881836,5.9397807121276855
17706,26.649999618530273,26.243234634399414
17707,21.360000610351562,21.173667907714844
17708,34.779998779296875,33.84224319458008
17709,28.190000534057617,26.822099685668945
17710,13.449999809265137,13.205718994140625
17711,50.36000061035156,49.74229431152344
17712,30.920000076293945,30.716184616088867
17713,76.51000213623047,75.9393539428711
17714,5.050000190734863,3.371673345565796
17715,28.799999237060547,27.3046875
17716,62.0099983215332,61.885154724121094
17717,19.670000076293945,19.04084014892578
17718,74.54000091552734,75.10445404052734
17719,38.02000045776367,37.83127212524414
17720,10.6899995803833,10.232475280761719
17721,21.3799991607666,20.268186569213867
17722,30.729999542236328,29.4637508392334
17723,42.68000030517578,42.20634841918945
17724,10.989999771118164,11.317425727844238
17725,22.700000762939453,22.22513198852539
17726,2.200000047683716,1.5490789413452148
17727,35.970001220703125,34.64302444458008
17728,15.90999984741211,14.81674575805664
17729,45.810001373291016,45.01791763305664
17730,71.97000122070312,72.50405883789062
17731,18.950000762939453,17.827117919921875
17732,12.65999984741211,12.182259559631348
17733,40.099998474121094,41.51469039916992
17734,58.18000030517578,56.18272018432617
17735,77.20999908447266,75.2005615234375
17736,10.850000381469727,10.12533187866211
17737,4.559999942779541,3.4054322242736816
17738,35.65999984741211,35.22651290893555
17739,25.139999389648438,23.648868560791016
17740,32.27000045776367,30.505762100219727
17741,72.18000030517578,70.35431671142578
17742,21.809999465942383,20.96388053894043
17743,20.56999969482422,19.57119369506836
17744,32.63999938964844,31.483440399169922
17745,20.239999771118164,19.498865127563477
17746,10.3100004196167,9.230021476745605
17747,28.229999542236328,26.994667053222656
17748,11.329999923706055,11.167326927185059
17749,22.020000457763672,22.081432342529297
17750,9.279999732971191,8.502822875976562
17751,42.13999938964844,42.880191802978516
17752,12.0,10.72832202911377
17753,24.969999313354492,23.392230987548828
17754,73.52999877929688,73.14241790771484
17755,55.880001068115234,54.62594985961914
17756,31.719999313354492,30.477375030517578
17757,51.599998474121094,50.68267059326172
17758,60.2599983215332,57.28757858276367
17759,13.489999771118164,12.924666404724121
17760,26.850000381469727,25.38970184326172
17761,68.5199966430664,68.90901184082031
17762,48.15999984741211,46.8303108215332
17763,36.90999984741211,34.86979293823242
17764,18.520000457763672,18.393569946289062
17765,33.189998626708984,31.65827178955078
17766,35.790000915527344,34.30484390258789
17767,27.219999313354492,26.599138259887695
17768,23.479999542236328,22.499481201171875
17769,12.109999656677246,10.827862739562988
17770,37.119998931884766,35.14896774291992
17771,3.930000066757202,2.853301763534546
17772,27.139999389648438,24.76620101928711
17773,59.130001068115234,58.364341735839844
17774,22.200000762939453,21.79810333251953
17775,31.579999923706055,29.950199127197266
17776,13.890000343322754,12.65563678741455
17777,28.18000030517578,26.54863739013672
17778,34.16999816894531,32.809078216552734
17779,4.010000228881836,2.6540958881378174
17780,25.559999465942383,24.908849716186523
17781,22.43000030517578,21.288497924804688
17782,38.689998626708984,37.93667984008789
17783,6.659999847412109,5.413200378417969
17784,23.420000076293945,21.667633056640625
17785,15.010000228881836,14.791524887084961
17786,11.949999809265137,11.581302642822266
17787,7.679999828338623,6.065060138702393
17788,17.540000915527344,16.543045043945312
17789,12.779999732971191,12.115928649902344
17790,41.599998474121094,40.894351959228516
17791,21.510000228881836,20.361305236816406
17792,38.36000061035156,37.05495834350586
17793,23.75,21.982158660888672
17794,17.829999923706055,16.656484603881836
17795,61.16999816894531,58.50054168701172
17796,53.93000030517578,50.89681625366211
17797,17.010000228881836,16.902578353881836
17798,1.590000033378601,1.3769521713256836
17799,40.119998931884766,40.18959426879883
17800,12.9399995803833,12.638468742370605
17801,67.54000091552734,65.95320892333984
17802,9.5,8.460758209228516
17803,13.65999984741211,12.689061164855957
17804,19.309999465942383,18.718502044677734
17805,75.76000213623047,73.43436431884766
17806,14.619999885559082,12.97214126586914
17807,34.040000915527344,32.335838317871094
17808,44.970001220703125,43.27100372314453
17809,16.329999923706055,15.821760177612305
17810,20.280000686645508,19.219823837280273
17811,48.29999923706055,46.77577209472656
17812,26.420000076293945,25.367473602294922
17813,6.159999847412109,5.154755592346191
17814,22.190000534057617,21.33523941040039
17815,24.350000381469727,23.32058334350586
17816,3.609999895095825,2.566577434539795
17817,3.4800000190734863,2.0248522758483887
17818,7.519999980926514,6.270235061645508
17819,23.280000686645508,22.5948486328125
17820,59.060001373291016,53.42466354370117
17821,15.1899995803833,14.593046188354492
17822,64.33000183105469,65.66519927978516
17823,44.5099983215332,43.98545455932617
17824,27.889999389648438,27.329254150390625
17825,11.869999885559082,11.262587547302246
17826,19.65999984741211,18.64792251586914
17827,61.029998779296875,59.28767013549805
17828,22.440000534057617,21.30872917175293
17829,5.869999885559082,4.657531261444092
17830,29.399999618530273,29.170568466186523
17831,23.6200008392334,22.44548797607422
17832,5.690000057220459,4.846134662628174
17833,71.27999877929688,71.97595977783203
17834,51.470001220703125,50.757381439208984
17835,24.989999771118164,23.330455780029297
17836,8.210000038146973,7.500228404998779
17837,44.369998931884766,42.89287567138672
17838,7.539999961853027,6.982715606689453
17839,25.75,25.179872512817383
17840,41.38999938964844,40.11537551879883
17841,17.709999084472656,17.202014923095703
17842,9.489999771118164,8.752847671508789
17843,17.110000610351562,16.3535099029541
17844,30.600000381469727,30.513235092163086
17845,36.61000061035156,35.4296989440918
17846,39.33000183105469,37.98160171508789
17847,22.68000030517578,22.66599464416504
17848,37.79999923706055,36.232627868652344
17849,20.780000686645508,19.389625549316406
17850,20.59000015258789,19.477046966552734
17851,17.799999237060547,16.377655029296875
17852,10.720000267028809,10.070755004882812
17853,31.479999542236328,30.887592315673828
17854,17.530000686645508,16.643688201904297
17855,48.279998779296875,47.34413146972656
17856,55.65999984741211,53.026634216308594
17857,52.529998779296875,48.246761322021484
17858,16.450000762939453,16.229612350463867
17859,17.739999771118164,17.20576286315918
17860,42.54999923706055,40.80198287963867
17861,26.709999084472656,25.427053451538086
17862,22.719999313354492,21.072742462158203
17863,23.1299991607666,22.74748992919922
17864,41.72999954223633,42.20636749267578
17865,25.899999618530273,25.100404739379883
17866,34.36000061035156,33.473636627197266
17867,35.060001373291016,33.542606353759766
17868,34.22999954223633,34.18070983886719
17869,20.670000076293945,19.36505699157715
17870,8.600000381469727,7.967776298522949
17871,36.16999816894531,35.546180725097656
17872,27.770000457763672,26.250152587890625
17873,7.53000020980835,6.146856784820557
17874,23.739999771118164,22.609294891357422
17875,68.0199966430664,68.42729949951172
17876,62.91999816894531,61.87950897216797
17877,2.3499999046325684,1.9250340461730957
17878,38.439998626708984,38.92412185668945
17879,15.539999961853027,15.198053359985352
17880,27.780000686645508,27.30795669555664
17881,50.54999923706055,48.63806915283203
17882,28.100000381469727,26.156978607177734
17883,13.510000228881836,13.075981140136719
17884,32.02000045776367,30.882686614990234
17885,34.869998931884766,33.77096176147461
17886,40.5,38.5740852355957
17887,12.359999656677246,11.688353538513184
17888,77.11000061035156,74.40486907958984
17889,38.63999938964844,37.23471450805664
17890,41.75,40.8575325012207
17891,35.869998931884766,35.296043395996094
17892,8.829999923706055,7.666873931884766
17893,45.959999084472656,45.451053619384766
17894,0.6399999856948853,1.1751023530960083
17895,9.699999809265137,9.1879301071167
17896,4.909999847412109,4.338479042053223
17897,4.929999828338623,3.890442132949829
17898,61.95000076293945,60.00090408325195
17899,17.43000030517578,16.953304290771484
17900,37.68000030517578,37.001399993896484
17901,33.209999084472656,33.09367752075195
17902,18.950000762939453,18.383623123168945
17903,35.70000076293945,34.18319320678711
17904,31.850000381469727,29.923946380615234
17905,47.93000030517578,47.050537109375
17906,72.44999694824219,71.29817962646484
17907,74.19999694824219,72.65667724609375
17908,28.6200008392334,26.743045806884766
17909,1.4900000095367432,1.3485609292984009
17910,16.68000030517578,15.707052230834961
17911,74.05000305175781,73.07417297363281
17912,23.649999618530273,22.69287109375
17913,16.229999542236328,15.480205535888672
17914,13.869999885559082,13.048839569091797
17915,10.970000267028809,10.154044151306152
17916,49.880001068115234,49.03000259399414
17917,73.5999984741211,72.22676849365234
17918,5.670000076293945,4.504123210906982
17919,10.539999961853027,9.889714241027832
17920,30.15999984741211,29.90576171875
17921,37.220001220703125,36.19371032714844
17922,45.900001525878906,42.90496826171875
17923,18.170000076293945,17.516368865966797
17924,18.920000076293945,17.81594467163086
17925,33.9900016784668,32.975624084472656
17926,25.489999771118164,22.831787109375
17927,17.329999923706055,15.855306625366211
17928,60.52000045776367,58.40556716918945
17929,16.90999984741211,16.208660125732422
17930,10.25,10.327901840209961
17931,14.630000114440918,13.776188850402832
17932,30.979999542236328,30.98893928527832
17933,11.329999923706055,10.728001594543457
17934,40.47999954223633,39.598663330078125
17935,29.139999389648438,28.57598876953125
17936,38.63999938964844,38.02047348022461
17937,24.979999542236328,24.574325561523438
17938,41.310001373291016,39.76016616821289
17939,19.8799991607666,18.704692840576172
17940,27.760000228881836,27.200294494628906
17941,9.989999771118164,8.660226821899414
17942,21.709999084472656,20.79541778564453
17943,17.280000686645508,16.661903381347656
17944,52.20000076293945,52.02845764160156
17945,48.189998626708984,47.16175079345703
17946,75.58000183105469,71.63506317138672
17947,27.540000915527344,26.77469825744629
17948,5.239999771118164,4.109930992126465
17949,40.95000076293945,40.9526481628418
17950,19.549999237060547,18.218297958374023
17951,20.530000686645508,19.422210693359375
17952,44.529998779296875,43.135986328125
17953,19.950000762939453,19.89031219482422
17954,34.84000015258789,34.72345733642578
17955,9.960000038146973,8.661892890930176
17956,19.860000610351562,18.130022048950195
17957,31.350000381469727,29.626361846923828
17958,36.47999954223633,35.75459671020508
17959,50.459999084472656,50.84272384643555
17960,9.25,8.642765998840332
17961,71.27999877929688,68.13133239746094
17962,37.779998779296875,37.38447952270508
17963,26.299999237060547,24.825271606445312
17964,45.22999954223633,44.755455017089844
17965,29.110000610351562,27.573379516601562
17966,20.489999771118164,19.80974769592285
17967,45.22999954223633,43.43050003051758
17968,9.4399995803833,8.208080291748047
17969,20.149999618530273,19.057762145996094
17970,26.959999084472656,25.358509063720703
17971,16.649999618530273,15.500961303710938
17972,31.360000610351562,29.411087036132812
17973,19.1200008392334,18.278234481811523
17974,31.979999542236328,30.385866165161133
17975,3.369999885559082,3.193157196044922
17976,25.920000076293945,25.31161880493164
17977,11.420000076293945,11.05066204071045
17978,16.829999923706055,16.502826690673828
17979,28.649999618530273,27.972990036010742
17980,40.84000015258789,39.18124008178711
17981,45.029998779296875,45.12147903442383
17982,40.099998474121094,41.17710876464844
17983,14.449999809265137,13.306995391845703
17984,29.719999313354492,28.23334312438965
17985,19.25,17.965456008911133
17986,67.76000213623047,67.9021224975586
17987,45.77000045776367,44.06315994262695
17988,25.739999771118164,25.09183120727539
17989,19.040000915527344,17.868022918701172
17990,37.22999954223633,35.057621002197266
17991,11.25,10.221534729003906
17992,18.940000534057617,18.172182083129883
17993,15.390000343322754,14.257075309753418
17994,13.199999809265137,12.030725479125977
17995,28.229999542236328,27.341703414916992
17996,37.650001525878906,36.06895446777344
17997,26.420000076293945,24.545141220092773
17998,61.59000015258789,62.70970916748047
17999,9.430000305175781,8.873639106750488
18000,17.459999084472656,16.798599243164062
18001,49.02000045776367,48.12948226928711
18002,29.809999465942383,29.435976028442383
18003,33.380001068115234,32.520687103271484
18004,18.709999084472656,17.72481918334961
18005,49.97999954223633,49.804710388183594
18006,21.6299991607666,20.96324920654297
18007,71.29000091552734,67.9547348022461
18008,2.890000104904175,1.970451831817627
18009,75.55999755859375,76.58463287353516
18010,14.670000076293945,14.0120210647583
18011,6.619999885559082,5.2099690437316895
18012,47.529998779296875,44.50782012939453
18013,31.229999542236328,31.093704223632812
18014,21.520000457763672,20.55354881286621
18015,29.469999313354492,27.466617584228516
18016,32.709999084472656,31.578521728515625
18017,54.779998779296875,54.081851959228516
18018,7.610000133514404,6.969616413116455
18019,5.760000228881836,4.22746467590332
18020,15.479999542236328,15.323631286621094
18021,40.970001220703125,39.69279861450195
18022,37.79999923706055,37.05837631225586
18023,62.77000045776367,67.7832260131836
18024,18.5,17.16681671142578
18025,43.209999084472656,42.42615509033203
18026,37.29999923706055,36.82558822631836
18027,19.139999389648438,18.838823318481445
18028,42.95000076293945,42.865684509277344
18029,11.0600004196167,10.24494457244873
18030,36.560001373291016,36.3559684753418
18031,55.38999938964844,52.9178352355957
18032,53.599998474121094,49.43101119995117
18033,56.709999084472656,54.28345489501953
18034,24.670000076293945,24.450214385986328
18035,40.970001220703125,40.70112991333008
18036,44.720001220703125,43.78080749511719
18037,23.8700008392334,23.293148040771484
18038,30.239999771118164,29.962072372436523
18039,67.52999877929688,66.55184936523438
18040,18.149999618530273,17.689802169799805
18041,48.08000183105469,44.97540283203125
18042,68.13999938964844,69.07286834716797
18043,33.5,33.5602912902832
18044,21.600000381469727,20.806209564208984
18045,10.010000228881836,8.88210678100586
18046,26.020000457763672,24.83303451538086
18047,3.0399999618530273,1.7349793910980225
18048,23.940000534057617,23.737104415893555
18049,22.579999923706055,21.163692474365234
18050,45.15999984741211,44.341487884521484
18051,16.219999313354492,16.115291595458984
18052,23.170000076293945,22.50400733947754
18053,61.380001068115234,59.60414123535156
18054,40.58000183105469,38.378780364990234
18055,19.040000915527344,18.110107421875
18056,19.979999542236328,19.026206970214844
18057,23.850000381469727,22.327743530273438
18058,1.409999966621399,1.1791534423828125
18059,13.350000381469727,12.890059471130371
18060,6.269999980926514,5.141101837158203
18061,11.640000343322754,10.7205228805542
18062,15.569999694824219,15.297426223754883
18063,59.790000915527344,59.51302719116211
18064,48.810001373291016,47.88377380371094
18065,10.899999618530273,10.388961791992188
18066,12.020000457763672,11.2973051071167
18067,17.18000030517578,16.091209411621094
18068,23.739999771118164,22.1932430267334
18069,7.019999980926514,5.995046138763428
18070,31.979999542236328,30.857826232910156
18071,71.12000274658203,69.03595733642578
18072,36.84000015258789,35.35055923461914
18073,36.310001373291016,34.7950553894043
18074,19.040000915527344,18.359394073486328
18075,42.970001220703125,41.0628776550293
18076,78.04000091552734,71.80744934082031
18077,13.90999984741211,13.059791564941406
18078,6.679999828338623,5.958471775054932
18079,34.09000015258789,31.904081344604492
18080,35.22999954223633,34.34587478637695
18081,27.549999237060547,25.904909133911133
18082,6.71999979019165,4.694383144378662
18083,16.850000381469727,15.544900894165039
18084,10.829999923706055,10.538721084594727
18085,52.04999923706055,48.16592788696289
18086,45.220001220703125,43.93737030029297
18087,10.260000228881836,9.983247756958008
18088,24.68000030517578,23.088224411010742
18089,28.5,27.362939834594727
18090,36.810001373291016,34.52533721923828
18091,16.030000686645508,15.424188613891602
18092,10.65999984741211,10.043399810791016
18093,49.83000183105469,49.85441589355469
18094,11.1899995803833,9.978556632995605
18095,18.940000534057617,18.380203247070312
18096,4.239999771118164,2.943181276321411
18097,32.279998779296875,31.440731048583984
18098,23.969999313354492,24.210899353027344
18099,56.650001525878906,57.64314651489258
18100,24.850000381469727,23.51984405517578
18101,46.099998474121094,45.11702346801758
18102,45.40999984741211,45.29799270629883
18103,42.970001220703125,42.84950637817383
18104,25.969999313354492,25.18888282775879
18105,39.060001373291016,39.49887466430664
18106,48.849998474121094,47.649776458740234
18107,31.899999618530273,31.219173431396484
18108,35.779998779296875,35.26186752319336
18109,9.600000381469727,8.716064453125
18110,24.989999771118164,24.807151794433594
18111,32.5099983215332,32.085086822509766
18112,39.41999816894531,39.69160079956055
18113,43.38999938964844,41.57658004760742
18114,49.79999923706055,50.430335998535156
18115,34.939998626708984,33.229427337646484
18116,37.11000061035156,35.497352600097656
18117,16.8700008392334,15.644502639770508
18118,28.450000762939453,28.557043075561523
18119,22.209999084472656,21.021160125732422
18120,20.440000534057617,19.358793258666992
18121,31.84000015258789,30.221847534179688
18122,41.06999969482422,39.750370025634766
18123,44.470001220703125,43.86384201049805
18124,49.880001068115234,48.98320770263672
18125,8.65999984741211,8.27171516418457
18126,37.40999984741211,36.92049026489258
18127,21.760000228881836,20.80360221862793
18128,19.639999389648438,18.69189453125
18129,29.520000457763672,29.430572509765625
18130,59.88999938964844,58.94443893432617
18131,13.229999542236328,12.3306303024292
18132,16.059999465942383,15.609663009643555
18133,49.86000061035156,49.28384017944336
18134,13.619999885559082,12.595521926879883
18135,14.850000381469727,14.04613971710205
18136,43.06999969482422,42.06644058227539
18137,11.100000381469727,6.111576080322266
18138,40.630001068115234,39.80611038208008
18139,7.329999923706055,6.24031400680542
18140,4.260000228881836,3.278477907180786
18141,25.799999237060547,24.343042373657227
18142,48.02000045776367,47.40768051147461
18143,14.279999732971191,13.844233512878418
18144,20.90999984741211,19.58734130859375
18145,14.149999618530273,13.020633697509766
18146,23.040000915527344,20.820451736450195
18147,27.65999984741211,25.9372501373291
18148,18.239999771118164,18.01613998413086
18149,18.850000381469727,18.34189796447754
18150,6.550000190734863,5.403600692749023
18151,9.960000038146973,8.777782440185547
18152,34.349998474121094,33.09103775024414
18153,7.46999979019165,6.323960304260254
18154,18.420000076293945,16.991605758666992
18155,9.59000015258789,9.62201976776123
18156,23.649999618530273,21.44652557373047
18157,25.93000030517578,25.322458267211914
18158,48.27000045776367,46.32268142700195
18159,22.579999923706055,21.558895111083984
18160,29.190000534057617,28.399703979492188
18161,42.0099983215332,39.2183952331543
18162,32.02000045776367,29.938188552856445
18163,30.049999237060547,29.091506958007812
18164,18.899999618530273,17.77925682067871
18165,7.630000114440918,6.623497486114502
18166,34.11000061035156,33.41415786743164
18167,18.34000015258789,17.75204849243164
18168,45.2400016784668,44.515193939208984
18169,14.890000343322754,14.677192687988281
18170,58.36000061035156,55.41930389404297
18171,14.399999618530273,13.676966667175293
18172,32.81999969482422,30.739521026611328
18173,40.529998779296875,39.07374954223633
18174,2.7799999713897705,1.6781806945800781
18175,14.710000038146973,14.054619789123535
18176,20.260000228881836,19.104888916015625
18177,29.149999618530273,28.149873733520508
18178,53.4900016784668,53.78096008300781
18179,21.010000228881836,19.562702178955078
18180,36.0,33.92704772949219
18181,33.599998474121094,31.88014793395996
18182,54.31999969482422,54.94138717651367
18183,25.799999237060547,24.800838470458984
18184,9.260000228881836,8.485832214355469
18185,17.709999084472656,18.083913803100586
18186,21.0,20.630977630615234
18187,20.389999389648438,19.324190139770508
18188,12.890000343322754,12.82178783416748
18189,48.88999938964844,46.58523178100586
18190,42.34000015258789,42.354164123535156
18191,58.790000915527344,58.72608184814453
18192,43.810001373291016,42.00363540649414
18193,56.349998474121094,55.25002670288086
18194,34.13999938964844,32.639583587646484
18195,29.700000762939453,28.002216339111328
18196,49.59000015258789,49.44194412231445
18197,37.209999084472656,36.99233627319336
18198,19.059999465942383,19.151477813720703
18199,31.799999237060547,30.170684814453125
18200,24.0,23.300662994384766
18201,10.039999961853027,9.599019050598145
18202,74.38999938964844,72.4091567993164
18203,12.960000038146973,12.0179443359375
18204,34.22999954223633,34.241485595703125
18205,20.270000457763672,19.796274185180664
18206,22.899999618530273,21.55304718017578
18207,49.27000045776367,47.64018630981445
18208,15.649999618530273,14.535536766052246
18209,39.290000915527344,38.583892822265625
18210,6.989999771118164,6.098956108093262
18211,3.3499999046325684,2.191990852355957
18212,14.260000228881836,13.487504005432129
18213,11.649999618530273,11.50673770904541
18214,18.209999084472656,16.970972061157227
18215,13.529999732971191,12.713767051696777
18216,8.829999923706055,8.635486602783203
18217,21.920000076293945,20.33557891845703
18218,18.110000610351562,17.191925048828125
18219,46.5099983215332,44.60752868652344
18220,8.829999923706055,7.997581481933594
18221,29.649999618530273,27.9072322845459
18222,73.16000366210938,72.1575698852539
18223,17.360000610351562,16.75431251525879
18224,54.810001373291016,53.29026412963867
18225,14.420000076293945,13.67175579071045
18226,20.6200008392334,19.81787872314453
18227,17.920000076293945,17.43655014038086
18228,47.619998931884766,46.66641616821289
18229,57.7400016784668,56.4400634765625
18230,10.109999656677246,9.24119758605957
18231,53.97999954223633,52.78054428100586
18232,50.36000061035156,48.71030807495117
18233,28.93000030517578,27.47866439819336
18234,44.33000183105469,43.117679595947266
18235,48.540000915527344,45.75669479370117
18236,33.9900016784668,33.055355072021484
18237,40.880001068115234,39.844940185546875
18238,27.399999618530273,26.64181137084961
18239,14.819999694824219,14.460270881652832
18240,24.920000076293945,23.1524715423584
18241,13.59000015258789,13.126968383789062
18242,32.97999954223633,32.23954391479492
18243,29.190000534057617,29.243358612060547
18244,5.809999942779541,4.459595680236816
18245,46.27000045776367,43.90571594238281
18246,12.4399995803833,11.446776390075684
18247,21.06999969482422,20.31211280822754
18248,22.510000228881836,21.798992156982422
18249,14.899999618530273,13.916638374328613
18250,20.8700008392334,19.95057487487793
18251,57.25,56.63898849487305
18252,2.319999933242798,3.785308837890625
18253,9.3100004196167,7.824343681335449
18254,6.320000171661377,4.776855945587158
18255,9.34000015258789,8.798938751220703
18256,41.02000045776367,39.264957427978516
18257,3.2699999809265137,1.7502532005310059
18258,53.88999938964844,52.24370574951172
18259,24.450000762939453,24.024688720703125
18260,12.149999618530273,11.245002746582031
18261,29.780000686645508,29.060245513916016
18262,30.030000686645508,30.355165481567383
18263,21.709999084472656,20.404155731201172
18264,47.810001373291016,46.3206787109375
18265,18.270000457763672,17.856937408447266
18266,8.40999984741211,7.035635471343994
18267,6.739999771118164,5.839757442474365
18268,33.0099983215332,30.854082107543945
18269,31.8799991607666,31.31953239440918
18270,44.560001373291016,42.861412048339844
18271,12.470000267028809,11.939860343933105
18272,19.1299991607666,18.627445220947266
18273,21.559999465942383,20.61725616455078
18274,9.75,9.168890953063965
18275,41.20000076293945,40.570213317871094
18276,58.09000015258789,57.884464263916016
18277,23.6200008392334,21.671539306640625
18278,41.369998931884766,40.32793045043945
18279,25.209999084472656,24.384849548339844
18280,19.079999923706055,18.701946258544922
18281,37.33000183105469,36.45936965942383
18282,24.75,23.852333068847656
18283,18.899999618530273,18.524826049804688
18284,25.43000030517578,23.954299926757812
18285,32.61000061035156,31.795053482055664
18286,25.8799991607666,24.581008911132812
18287,46.06999969482422,43.30518341064453
18288,33.54999923706055,32.396400451660156
18289,44.38999938964844,43.61532974243164
18290,37.560001373291016,37.14637756347656
18291,61.22999954223633,62.0821647644043
18292,13.0,13.635119438171387
18293,51.779998779296875,49.46171188354492
18294,6.449999809265137,5.458449363708496
18295,7.909999847412109,6.449183940887451
18296,47.869998931884766,45.67552185058594
18297,12.729999542236328,10.368468284606934
18298,31.020000457763672,29.28044891357422
18299,43.529998779296875,43.65684127807617
18300,18.030000686645508,16.288484573364258
18301,8.09000015258789,7.1737141609191895
18302,30.899999618530273,29.857769012451172
18303,27.760000228881836,26.185779571533203
18304,45.880001068115234,45.68206024169922
18305,8.880000114440918,7.620174407958984
18306,32.38999938964844,30.966949462890625
18307,42.41999816894531,41.45709228515625
18308,24.760000228881836,23.173492431640625
18309,48.130001068115234,47.29854965209961
18310,32.060001373291016,30.77202033996582
18311,37.290000915527344,36.52991485595703
18312,15.3100004196167,14.307318687438965
18313,14.5600004196167,14.701251983642578
18314,47.619998931884766,43.9951286315918
18315,39.720001220703125,38.18904113769531
18316,14.329999923706055,13.503884315490723
18317,26.290000915527344,25.469799041748047
18318,45.97999954223633,44.77317428588867
18319,50.459999084472656,47.85895919799805
18320,7.489999771118164,6.142007827758789
18321,52.04999923706055,48.834171295166016
18322,9.75,8.764421463012695
18323,5.340000152587891,4.100649833679199
18324,33.7400016784668,32.85392379760742
18325,33.56999969482422,32.72477722167969
18326,14.65999984741211,14.444451332092285
18327,15.25,14.512063026428223
18328,43.599998474121094,44.28456497192383
18329,39.16999816894531,37.51239013671875
18330,43.709999084472656,40.8458251953125
18331,23.8799991607666,22.78693389892578
18332,34.25,33.172386169433594
18333,22.329999923706055,22.177982330322266
18334,17.110000610351562,16.393110275268555
18335,9.640000343322754,8.405946731567383
18336,21.31999969482422,19.58057975769043
18337,20.079999923706055,18.621246337890625
18338,17.59000015258789,16.417219161987305
18339,60.119998931884766,60.793399810791016
18340,41.040000915527344,40.22564697265625
18341,29.81999969482422,28.77246856689453
18342,59.209999084472656,57.4287109375
18343,8.109999656677246,6.7112298011779785
18344,41.720001220703125,40.261741638183594
18345,64.83000183105469,62.886497497558594
18346,50.540000915527344,49.10226058959961
18347,26.299999237060547,25.973682403564453
18348,51.279998779296875,50.201507568359375
18349,37.40999984741211,36.56281280517578
18350,6.150000095367432,5.063058376312256
18351,47.349998474121094,46.55202102661133
18352,30.459999084472656,29.50942611694336
18353,39.130001068115234,37.27239990234375
18354,15.859999656677246,15.380191802978516
18355,11.260000228881836,9.952661514282227
18356,22.829999923706055,21.50562858581543
18357,8.529999732971191,7.525947093963623
18358,13.729999542236328,12.595748901367188
18359,28.25,27.837617874145508
18360,10.34000015258789,10.071876525878906
18361,26.479999542236328,25.041669845581055
18362,32.150001525878906,30.771652221679688
18363,19.770000457763672,18.72545051574707
18364,5.289999961853027,4.145296573638916
18365,21.290000915527344,20.51608657836914
18366,45.06999969482422,45.52958679199219
18367,40.79999923706055,41.23128128051758
18368,52.56999969482422,49.37494659423828
18369,10.0,8.928187370300293
18370,52.7400016784668,51.71381378173828
18371,21.440000534057617,20.774986267089844
18372,47.209999084472656,45.85741424560547
18373,34.41999816894531,34.12025833129883
18374,4.610000133514404,3.4799721240997314
18375,31.040000915527344,30.605440139770508
18376,55.5,54.6837272644043
18377,60.2400016784668,60.947628021240234
18378,21.520000457763672,21.232210159301758
18379,29.549999237060547,28.185985565185547
18380,42.20000076293945,41.59208297729492
18381,44.720001220703125,44.30831527709961
18382,54.66999816894531,54.0014533996582
18383,20.959999084472656,19.836393356323242
18384,16.25,15.378358840942383
18385,50.810001373291016,48.31270217895508
18386,61.040000915527344,57.653621673583984
18387,27.40999984741211,26.513198852539062
18388,6.539999961853027,6.037319183349609
18389,19.530000686645508,19.314167022705078
18390,13.869999885559082,13.421979904174805
18391,9.550000190734863,9.252778053283691
18392,31.729999542236328,29.866037368774414
18393,36.70000076293945,36.64986038208008
18394,27.0,25.875242233276367
18395,31.399999618530273,31.346343994140625
18396,26.40999984741211,25.198152542114258
18397,10.649999618530273,9.696956634521484
18398,15.25,14.730602264404297
18399,22.309999465942383,21.86750030517578
18400,16.579999923706055,15.571130752563477
18401,43.630001068115234,41.180660247802734
18402,30.290000915527344,29.1927490234375
18403,12.710000038146973,12.04880142211914
18404,13.699999809265137,13.025074005126953
18405,48.5099983215332,47.34599685668945
18406,7.960000038146973,6.805999279022217
18407,16.020000457763672,14.63432502746582
18408,48.90999984741211,49.15707015991211
18409,24.1200008392334,23.55983543395996
18410,8.670000076293945,7.559502124786377
18411,20.799999237060547,20.08896255493164
18412,16.329999923706055,15.377681732177734
18413,26.1299991607666,25.502670288085938
18414,44.29999923706055,41.95088577270508
18415,38.4900016784668,34.59367752075195
18416,43.08000183105469,41.49117660522461
18417,39.47999954223633,38.477596282958984
18418,37.56999969482422,35.15210723876953
18419,15.25,14.813547134399414
18420,71.66000366210938,72.59864044189453
18421,57.91999816894531,56.79573059082031
18422,38.709999084472656,36.792240142822266
18423,18.860000610351562,17.90046501159668
18424,66.52999877929688,66.40071868896484
18425,20.18000030517578,19.639245986938477
18426,35.4900016784668,33.94363784790039
18427,21.350000381469727,21.097021102905273
18428,19.010000228881836,17.883975982666016
18429,2.430000066757202,1.5587186813354492
18430,11.100000381469727,10.72498607635498
18431,9.979999542236328,9.121752738952637
18432,24.690000534057617,24.318410873413086
18433,12.899999618530273,12.387466430664062
18434,16.799999237060547,16.538192749023438
18435,30.940000534057617,28.569658279418945
18436,10.0,8.950439453125
18437,48.91999816894531,46.815006256103516
18438,30.510000228881836,29.773691177368164
18439,13.510000228881836,12.941978454589844
18440,36.95000076293945,35.38284683227539
18441,15.460000038146973,14.384421348571777
18442,8.479999542236328,7.672269821166992
18443,11.899999618530273,11.304129600524902
18444,12.630000114440918,12.503942489624023
18445,9.180000305175781,8.22375774383545
18446,46.16999816894531,43.93552017211914
18447,18.290000915527344,17.648855209350586
18448,33.54999923706055,33.127662658691406
18449,41.38999938964844,39.440223693847656
18450,13.270000457763672,12.24230670928955
18451,35.93000030517578,34.82992935180664
18452,20.8700008392334,20.391389846801758
18453,32.08000183105469,31.347002029418945
18454,10.239999771118164,8.899304389953613
18455,31.829999923706055,31.09172821044922
18456,9.180000305175781,8.190583229064941
18457,18.850000381469727,18.3009033203125
18458,4.210000038146973,3.0915560722351074
18459,10.529999732971191,9.498372077941895
18460,36.099998474121094,35.564029693603516
18461,37.93000030517578,36.26865005493164
18462,50.709999084472656,48.692588806152344
18463,14.489999771118164,13.577698707580566
18464,5.150000095367432,3.7019286155700684
18465,11.989999771118164,11.530021667480469
18466,1.8799999952316284,3.1939401626586914
18467,11.539999961853027,10.494904518127441
18468,41.0099983215332,40.300567626953125
18469,70.08000183105469,70.46977996826172
18470,23.56999969482422,22.046630859375
18471,38.5099983215332,37.06426239013672
18472,36.2599983215332,35.63889694213867
18473,64.13999938964844,61.42169952392578
18474,22.610000610351562,20.8853702545166
18475,23.309999465942383,21.97964859008789
18476,35.45000076293945,35.389076232910156
18477,47.61000061035156,46.09624481201172
18478,3.7899999618530273,2.930819511413574
18479,19.040000915527344,18.355648040771484
18480,1.6100000143051147,1.2650753259658813
18481,5.710000038146973,4.50463342666626
18482,19.1299991607666,18.55659294128418
18483,8.1899995803833,7.38059663772583
18484,32.36000061035156,31.74148178100586
18485,29.969999313354492,30.059459686279297
18486,33.810001373291016,33.362003326416016
18487,69.98999786376953,73.33267974853516
18488,18.700000762939453,18.331079483032227
18489,50.52000045776367,48.9614143371582
18490,24.299999237060547,22.762266159057617
18491,49.459999084472656,45.237735748291016
18492,18.040000915527344,17.434551239013672
18493,18.59000015258789,17.913881301879883
18494,14.300000190734863,13.19858169555664
18495,16.65999984741211,16.097198486328125
18496,49.08000183105469,47.49320983886719
18497,22.639999389648438,21.187496185302734
18498,6.460000038146973,5.153692245483398
18499,3.619999885559082,3.224903106689453
18500,5.440000057220459,4.039458751678467
18501,15.819999694824219,15.097282409667969
18502,12.739999771118164,12.147359848022461
18503,30.260000228881836,28.841197967529297
18504,20.299999237060547,19.196868896484375
18505,44.130001068115234,43.0015754699707
18506,4.690000057220459,3.3047962188720703
18507,8.59000015258789,5.007932186126709
18508,37.209999084472656,37.08474349975586
18509,31.690000534057617,30.736600875854492
18510,43.939998626708984,44.7091064453125
18511,36.79999923706055,35.81138229370117
18512,11.9399995803833,11.45776081085205
18513,7.119999885559082,5.8729424476623535
18514,0.9200000166893005,1.2356051206588745
18515,32.09000015258789,31.89984130859375
18516,14.829999923706055,13.247617721557617
18517,36.369998931884766,36.60892105102539
18518,15.680000305175781,16.039875030517578
18519,2.380000114440918,3.365943431854248
18520,12.239999771118164,10.968900680541992
18521,47.56999969482422,46.827728271484375
18522,40.81999969482422,39.949893951416016
18523,6.289999961853027,4.767740249633789
18524,52.47999954223633,51.135929107666016
18525,40.279998779296875,40.43681335449219
18526,6.46999979019165,5.6717529296875
18527,22.229999542236328,21.062671661376953
18528,24.549999237060547,22.59636878967285
18529,21.8799991607666,20.4129638671875
18530,24.6299991607666,24.327077865600586
18531,13.479999542236328,12.567831039428711
18532,29.049999237060547,26.91551399230957
18533,37.790000915527344,37.143863677978516
18534,10.119999885559082,9.38215446472168
18535,20.889999389648438,20.074132919311523
18536,59.04999923706055,59.12522506713867
18537,3.640000104904175,4.139232158660889
18538,10.069999694824219,9.036881446838379
18539,33.08000183105469,32.058616638183594
18540,9.420000076293945,8.69701862335205
18541,34.08000183105469,31.894176483154297
18542,28.079999923706055,26.43167495727539
18543,60.2599983215332,57.14303970336914
18544,34.22999954223633,33.619728088378906
18545,23.6299991607666,22.568382263183594
18546,51.099998474121094,49.765010833740234
18547,1.350000023841858,1.3223665952682495
18548,28.450000762939453,27.049787521362305
18549,43.65999984741211,42.29848098754883
18550,18.170000076293945,16.99222183227539
18551,24.760000228881836,24.08572006225586
18552,7.880000114440918,6.278511047363281
18553,32.02000045776367,31.61203384399414
18554,18.200000762939453,17.3085994720459
18555,52.97999954223633,53.56229782104492
18556,20.780000686645508,19.529972076416016
18557,34.2400016784668,32.211814880371094
18558,32.5099983215332,30.26920509338379
18559,27.809999465942383,26.935396194458008
18560,14.970000267028809,13.68713665008545
18561,24.1299991607666,24.07596206665039
18562,22.1299991607666,20.725542068481445
18563,16.489999771118164,16.42532730102539
18564,31.93000030517578,29.677371978759766
18565,13.109999656677246,12.34421443939209
18566,43.779998779296875,42.86080551147461
18567,17.459999084472656,16.556922912597656
18568,39.58000183105469,38.66987991333008
18569,23.829999923706055,22.60489845275879
18570,28.1200008392334,27.70033073425293
18571,15.279999732971191,14.266200065612793
18572,43.47999954223633,42.76125717163086
18573,39.099998474121094,38.478755950927734
18574,33.16999816894531,32.460777282714844
18575,27.979999542236328,25.657514572143555
18576,7.300000190734863,7.094964027404785
18577,36.18000030517578,34.932796478271484
18578,7.070000171661377,5.985949516296387
18579,33.869998931884766,33.1666145324707
18580,41.83000183105469,40.6247673034668
18581,7.590000152587891,6.588146686553955
18582,36.40999984741211,35.572303771972656
18583,24.6299991607666,23.625167846679688
18584,35.81999969482422,35.17383575439453
18585,11.90999984741211,11.64315128326416
18586,40.56999969482422,40.87078857421875
18587,50.939998626708984,48.23434066772461
18588,61.619998931884766,59.83373260498047
18589,81.66000366210938,76.86011505126953
18590,55.04999923706055,54.90404510498047
18591,48.040000915527344,46.0937614440918
18592,8.079999923706055,6.826528549194336
18593,32.25,31.598350524902344
18594,23.920000076293945,23.781349182128906
18595,34.41999816894531,33.15280532836914
18596,11.529999732971191,10.246798515319824
18597,19.75,18.796768188476562
18598,21.90999984741211,21.719757080078125
18599,29.90999984741211,28.215749740600586
18600,54.689998626708984,49.52692413330078
18601,31.079999923706055,29.955467224121094
18602,51.06999969482422,48.92949295043945
18603,26.520000457763672,25.23240852355957
18604,52.61000061035156,52.54598617553711
18605,19.049999237060547,18.80529022216797
18606,23.0,22.747758865356445
18607,22.75,22.64596176147461
18608,20.920000076293945,20.21927261352539
18609,16.579999923706055,16.127561569213867
18610,76.68000030517578,76.0611572265625
18611,12.850000381469727,12.987241744995117
18612,51.66999816894531,48.35715103149414
18613,41.040000915527344,41.4324836730957
18614,10.09000015258789,9.567070960998535
18615,47.220001220703125,44.68136215209961
18616,37.439998626708984,36.96357727050781
18617,63.599998474121094,61.20452117919922
18618,5.230000019073486,4.164091110229492
18619,33.2599983215332,31.91379737854004
18620,11.680000305175781,11.280329704284668
18621,24.649999618530273,23.899818420410156
18622,18.780000686645508,19.095539093017578
18623,37.150001525878906,36.44957733154297
18624,63.63999938964844,60.738075256347656
18625,13.819999694824219,12.702376365661621
18626,52.02000045776367,49.93704605102539
18627,23.049999237060547,23.332569122314453
18628,35.540000915527344,35.097755432128906
18629,21.84000015258789,21.176118850708008
18630,23.709999084472656,23.286300659179688
18631,40.25,39.2171745300293
18632,52.900001525878906,54.52639389038086
18633,21.729999542236328,21.290916442871094
18634,63.04999923706055,62.720420837402344
18635,18.8799991607666,17.745647430419922
18636,13.010000228881836,11.911091804504395
18637,24.260000228881836,22.620014190673828
18638,61.27000045776367,57.71634292602539
18639,23.149999618530273,21.813880920410156
18640,14.760000228881836,14.043822288513184
18641,3.6500000953674316,2.6041629314422607
18642,10.819999694824219,10.332660675048828
18643,55.380001068115234,54.51546859741211
18644,53.52000045776367,51.852298736572266
18645,35.97999954223633,36.313724517822266
18646,12.390000343322754,12.08203125
18647,42.34000015258789,40.48213577270508
18648,30.549999237060547,31.035490036010742
18649,31.09000015258789,30.16998863220215
18650,22.56999969482422,21.260202407836914
18651,6.5,5.275656700134277
18652,34.47999954223633,33.24027633666992
18653,20.829999923706055,20.34416389465332
18654,36.540000915527344,34.900753021240234
18655,25.139999389648438,23.648544311523438
18656,10.930000305175781,10.69550895690918
18657,7.159999847412109,6.540259838104248
18658,14.65999984741211,14.343281745910645
18659,16.389999389648438,15.808181762695312
18660,29.34000015258789,28.098430633544922
18661,14.25,13.139122009277344
18662,0.75,2.010359048843384
18663,9.199999809265137,8.157646179199219
18664,40.810001373291016,41.163944244384766
18665,19.610000610351562,18.207387924194336
18666,26.34000015258789,25.0428409576416
18667,24.469999313354492,23.162038803100586
18668,68.70999908447266,67.48171997070312
18669,7.130000114440918,6.721701622009277
18670,7.639999866485596,6.917489051818848
18671,24.389999389648438,23.41730308532715
18672,51.93000030517578,52.89253616333008
18673,49.56999969482422,49.052268981933594
18674,16.600000381469727,15.90632438659668
18675,7.5,6.461417198181152
18676,17.690000534057617,16.255517959594727
18677,44.400001525878906,45.19868469238281
18678,6.369999885559082,5.292455673217773
18679,49.18000030517578,48.46382522583008
18680,9.75,8.106661796569824
18681,35.16999816894531,34.80113220214844
18682,14.8100004196167,14.450161933898926
18683,18.420000076293945,17.211763381958008
18684,10.0,8.899888038635254
18685,16.479999542236328,15.332145690917969
18686,24.200000762939453,22.494049072265625
18687,36.540000915527344,35.37099075317383
18688,24.979999542236328,24.86304473876953
18689,18.290000915527344,17.266864776611328
18690,18.65999984741211,17.95412254333496
18691,13.859999656677246,13.463987350463867
18692,41.81999969482422,40.7154541015625
18693,29.270000457763672,28.226774215698242
18694,18.959999084472656,19.035959243774414
18695,57.77000045776367,56.910675048828125
18696,18.959999084472656,17.867677688598633
18697,18.690000534057617,17.68307113647461
18698,36.88999938964844,33.376529693603516
18699,15.720000267028809,14.383633613586426
18700,30.670000076293945,30.10624885559082
18701,53.59000015258789,52.97537612915039
18702,7.340000152587891,6.108993053436279
18703,75.77999877929688,73.93304443359375
18704,37.150001525878906,35.923179626464844
18705,60.619998931884766,57.793304443359375
18706,15.460000038146973,14.613767623901367
18707,15.949999809265137,15.293546676635742
18708,8.949999809265137,8.299742698669434
18709,49.0099983215332,49.205623626708984
18710,71.30999755859375,70.95977020263672
18711,45.849998474121094,43.32106018066406
18712,32.380001068115234,31.7449951171875
18713,27.100000381469727,26.804336547851562
18714,23.809999465942383,22.987136840820312
18715,17.469999313354492,16.465730667114258
18716,30.290000915527344,28.861793518066406
18717,46.4900016784668,44.34897994995117
18718,39.459999084472656,38.95909881591797
18719,8.359999656677246,4.904125690460205
18720,46.279998779296875,46.078392028808594
18721,36.790000915527344,35.59077835083008
18722,51.84000015258789,50.11068344116211
18723,21.31999969482422,20.37299346923828
18724,14.979999542236328,14.087567329406738
18725,34.68000030517578,33.82130432128906
18726,32.650001525878906,31.367210388183594
18727,33.2400016784668,33.07436752319336
18728,45.25,43.19169998168945
18729,41.72999954223633,40.2625846862793
18730,35.560001373291016,34.35871505737305
18731,19.3700008392334,18.963306427001953
18732,35.400001525878906,33.76339340209961
18733,19.979999542236328,19.183351516723633
18734,30.420000076293945,27.506793975830078
18735,37.70000076293945,36.86251449584961
18736,2.109999895095825,1.6715524196624756
18737,6.309999942779541,4.871572971343994
18738,24.549999237060547,23.619613647460938
18739,67.5,67.0753402709961
18740,10.59000015258789,9.627615928649902
18741,8.319999694824219,7.901455879211426
18742,9.619999885559082,9.76968765258789
18743,46.439998626708984,46.300594329833984
18744,9.069999694824219,6.971519947052002
18745,19.059999465942383,17.822803497314453
18746,11.949999809265137,11.150586128234863
18747,3.569999933242798,2.3927910327911377
18748,52.86000061035156,50.58937072753906
18749,11.6899995803833,10.799145698547363
18750,45.13999938964844,45.13601303100586
18751,12.460000038146973,12.395137786865234
18752,29.950000762939453,28.34503746032715
18753,60.689998626708984,58.40962600708008
18754,22.350000381469727,21.099943161010742
18755,21.15999984741211,19.293054580688477
18756,17.540000915527344,16.399635314941406
18757,20.530000686645508,20.390748977661133
18758,8.329999923706055,7.792590618133545
18759,15.84000015258789,15.535667419433594
18760,13.5600004196167,12.850834846496582
18761,44.4900016784668,42.43537521362305
18762,42.279998779296875,40.24867248535156
18763,5.110000133514404,3.9313912391662598
18764,43.31999969482422,42.17176055908203
18765,16.34000015258789,15.715211868286133
18766,7.679999828338623,7.347385406494141
18767,28.190000534057617,27.282817840576172
18768,34.20000076293945,33.2317008972168
18769,56.61000061035156,53.102909088134766
18770,14.039999961853027,13.93354320526123
18771,9.710000038146973,9.047759056091309
18772,32.93000030517578,32.280662536621094
18773,6.050000190734863,5.7763543128967285
18774,31.540000915527344,29.610523223876953
18775,15.600000381469727,13.592263221740723
18776,8.8100004196167,7.662619113922119
18777,17.600000381469727,16.270994186401367
18778,23.5,22.073230743408203
18779,5.010000228881836,4.009852409362793
18780,17.719999313354492,16.604923248291016
18781,51.43000030517578,49.30604934692383
18782,26.700000762939453,25.69524383544922
18783,25.920000076293945,24.421777725219727
18784,4.550000190734863,3.4326059818267822
18785,27.65999984741211,26.07410430908203
18786,19.530000686645508,18.188949584960938
18787,3.5299999713897705,2.6086795330047607
18788,3.430000066757202,2.182544231414795
18789,7.980000019073486,5.9888014793396
18790,33.2599983215332,33.1016960144043
18791,31.940000534057617,30.735755920410156
18792,14.699999809265137,14.05688190460205
18793,61.439998626708984,61.77427291870117
18794,18.959999084472656,18.74211883544922
18795,25.450000762939453,24.532150268554688
18796,24.309999465942383,23.127933502197266
18797,53.09000015258789,52.4544677734375
18798,43.68000030517578,41.66007614135742
18799,7.239999771118164,6.807787895202637
18800,46.84000015258789,44.943016052246094
18801,26.6299991607666,24.94739532470703
18802,23.5,22.04029083251953
18803,15.09000015258789,14.495465278625488
18804,17.020000457763672,16.553417205810547
18805,39.09000015258789,38.570091247558594
18806,21.280000686645508,20.125137329101562
18807,34.58000183105469,34.14439010620117
18808,52.13999938964844,51.3111686706543
18809,46.540000915527344,44.867286682128906
18810,29.709999084472656,27.944793701171875
18811,26.059999465942383,25.197036743164062
18812,50.02000045776367,49.42927932739258
18813,25.56999969482422,25.48977279663086
18814,12.239999771118164,11.155097007751465
18815,23.469999313354492,22.85631561279297
18816,41.27000045776367,41.91337585449219
18817,26.399999618530273,24.779081344604492
18818,23.399999618530273,22.107114791870117
18819,15.989999771118164,15.031167984008789
18820,35.880001068115234,34.59516525268555
18821,17.200000762939453,16.27870750427246
18822,28.329999923706055,27.87334632873535
18823,18.270000457763672,16.83490753173828
18824,16.579999923706055,15.865087509155273
18825,29.190000534057617,28.566116333007812
18826,8.979999542236328,8.391977310180664
18827,28.860000610351562,28.151123046875
18828,52.220001220703125,49.95974349975586
18829,11.470000267028809,10.404947280883789
18830,31.959999084472656,31.254074096679688
18831,22.639999389648438,20.93257713317871
18832,8.920000076293945,8.245060920715332
18833,24.229999542236328,24.31781005859375
18834,11.600000381469727,11.619135856628418
18835,19.65999984741211,18.024944305419922
18836,69.44999694824219,66.0687026977539
18837,19.309999465942383,18.425107955932617
18838,9.1899995803833,8.476713180541992
18839,50.36000061035156,47.13216781616211
18840,13.350000381469727,12.93265438079834
18841,32.72999954223633,32.147884368896484
18842,41.529998779296875,39.986209869384766
18843,7.360000133514404,6.028519153594971
18844,29.200000762939453,27.531211853027344
18845,5.849999904632568,4.4225239753723145
18846,15.380000114440918,14.094099998474121
18847,29.239999771118164,28.511737823486328
18848,37.060001373291016,36.567848205566406
18849,31.959999084472656,30.698272705078125
18850,15.289999961853027,13.78235912322998
18851,5.210000038146973,4.346660614013672
18852,7.190000057220459,6.239536285400391
18853,38.66999816894531,38.20725631713867
18854,4.900000095367432,3.534881114959717
18855,22.350000381469727,21.349214553833008
18856,47.93000030517578,46.37456130981445
18857,42.189998626708984,42.97511672973633
18858,19.15999984741211,17.82628631591797
18859,20.899999618530273,20.01073455810547
18860,55.790000915527344,53.79013442993164
18861,7.710000038146973,7.407308101654053
18862,40.54999923706055,39.21908187866211
18863,37.45000076293945,34.98097610473633
18864,36.97999954223633,35.90187454223633
18865,7.579999923706055,7.265988826751709
18866,5.389999866485596,4.325588703155518
18867,53.689998626708984,53.73878860473633
18868,23.809999465942383,22.384212493896484
18869,26.149999618530273,25.605430603027344
18870,32.099998474121094,30.515195846557617
18871,22.510000228881836,20.944766998291016
18872,28.360000610351562,27.596187591552734
18873,5.519999980926514,4.366052150726318
18874,11.420000076293945,10.652115821838379
18875,19.270000457763672,18.271926879882812
18876,8.800000190734863,8.883856773376465
18877,2.6500000953674316,1.7642097473144531
18878,3.759999990463257,2.7110061645507812
18879,7.190000057220459,6.083335876464844
18880,34.63999938964844,33.37557601928711
18881,35.18000030517578,33.92182159423828
18882,30.860000610351562,29.372905731201172
18883,22.1200008392334,22.167522430419922
18884,8.5600004196167,7.229157447814941
18885,35.77000045776367,35.000484466552734
18886,14.90999984741211,13.845963478088379
18887,22.809999465942383,21.07598304748535
18888,45.75,44.9014892578125
18889,25.360000610351562,23.54010009765625
18890,37.0099983215332,34.7175407409668
18891,16.270000457763672,16.08741569519043
18892,33.79999923706055,32.89011001586914
18893,27.639999389648438,26.443626403808594
18894,29.93000030517578,28.309823989868164
18895,41.70000076293945,40.26072692871094
18896,46.81999969482422,44.044227600097656
18897,42.08000183105469,40.03834915161133
18898,23.84000015258789,23.368030548095703
18899,46.58000183105469,44.71099090576172
18900,38.56999969482422,37.697479248046875
18901,15.880000114440918,15.479000091552734
18902,14.989999771118164,14.739551544189453
18903,9.770000457763672,8.512417793273926
18904,27.100000381469727,25.929039001464844
18905,12.149999618530273,11.950430870056152
18906,16.8700008392334,16.40169906616211
18907,28.780000686645508,28.25634002685547
18908,2.5399999618530273,4.08547306060791
18909,36.84000015258789,35.841312408447266
18910,12.619999885559082,12.66771411895752
18911,25.030000686645508,23.937366485595703
18912,14.739999771118164,14.23769474029541
18913,30.899999618530273,30.022098541259766
18914,6.070000171661377,5.69700813293457
18915,40.31999969482422,39.60564041137695
18916,14.680000305175781,13.74914264678955
18917,57.66999816894531,55.77336502075195
18918,20.489999771118164,19.428071975708008
18919,20.520000457763672,19.3585205078125
18920,10.649999618530273,8.929207801818848
18921,40.34000015258789,37.6812858581543
18922,25.219999313354492,24.416181564331055
18923,12.289999961853027,11.549091339111328
18924,26.860000610351562,25.346622467041016
18925,16.030000686645508,15.600942611694336
18926,24.799999237060547,23.556928634643555
18927,23.969999313354492,22.435556411743164
18928,58.470001220703125,57.56485366821289
18929,11.319999694824219,10.956193923950195
18930,14.15999984741211,13.829176902770996
18931,9.210000038146973,7.900298595428467
18932,27.270000457763672,26.605388641357422
18933,36.2400016784668,36.0771369934082
18934,30.270000457763672,28.982040405273438
18935,30.979999542236328,29.247352600097656
18936,16.079999923706055,16.39422035217285
18937,23.209999084472656,21.35950469970703
18938,37.70000076293945,36.12488555908203
18939,33.63999938964844,32.105316162109375
18940,50.650001525878906,48.29983139038086
18941,32.869998931884766,32.68583297729492
18942,34.959999084472656,33.88249969482422
18943,32.84000015258789,32.50344467163086
18944,10.25,9.089056015014648
18945,8.279999732971191,7.52933406829834
18946,21.950000762939453,21.055925369262695
18947,71.16999816894531,72.46949768066406
18948,9.470000267028809,8.199317932128906
18949,33.38999938964844,33.01802444458008
18950,60.970001220703125,62.383487701416016
18951,35.9900016784668,35.30754089355469
18952,7.340000152587891,6.306467533111572
18953,9.399999618530273,8.393683433532715
18954,38.72999954223633,37.11250686645508
18955,31.799999237060547,31.402950286865234
18956,15.949999809265137,15.390737533569336
18957,21.25,19.96489715576172
18958,26.799999237060547,25.694669723510742
18959,44.439998626708984,44.40258026123047
18960,24.799999237060547,24.282596588134766
18961,32.689998626708984,30.72292709350586
18962,55.630001068115234,54.276432037353516
18963,27.059999465942383,25.68560791015625
18964,26.270000457763672,25.17561912536621
18965,30.209999084472656,29.011722564697266
18966,22.059999465942383,21.040199279785156
18967,15.649999618530273,15.700321197509766
18968,9.600000381469727,8.497421264648438
18969,50.380001068115234,48.82480239868164
18970,31.290000915527344,28.874385833740234
18971,29.780000686645508,27.980106353759766
18972,31.540000915527344,30.08588409423828
18973,21.799999237060547,21.53384780883789
18974,28.219999313354492,27.006832122802734
18975,66.62000274658203,64.88275909423828
18976,11.470000267028809,10.560763359069824
18977,12.140000343322754,11.440630912780762
18978,3.7100000381469727,2.1837213039398193
18979,44.779998779296875,42.09307098388672
18980,41.75,41.28171157836914
18981,2.799999952316284,1.8861521482467651
18982,23.530000686645508,22.892911911010742
18983,10.720000267028809,10.374218940734863
18984,29.520000457763672,28.03054428100586
18985,60.59000015258789,60.02384948730469
18986,49.40999984741211,48.02996826171875
18987,31.969999313354492,30.37908172607422
18988,5.630000114440918,3.969914197921753
18989,20.389999389648438,19.14933967590332
18990,25.770000457763672,24.827653884887695
18991,40.2599983215332,38.90949249267578
18992,32.029998779296875,28.634117126464844
18993,10.710000038146973,9.944896697998047
18994,33.18000030517578,31.157840728759766
18995,9.039999961853027,7.711872100830078
18996,26.709999084472656,25.817039489746094
18997,41.459999084472656,40.74522399902344
18998,11.460000038146973,10.636004447937012
18999,29.510000228881836,28.846858978271484
19000,27.739999771118164,26.438373565673828
19001,17.549999237060547,16.847143173217773
19002,38.689998626708984,38.1141242980957
19003,27.559999465942383,27.16246795654297
19004,75.05000305175781,73.4355697631836
19005,41.720001220703125,40.59532165527344
19006,31.40999984741211,29.673818588256836
19007,22.360000610351562,20.625940322875977
19008,24.84000015258789,23.425323486328125
19009,50.02000045776367,49.39008331298828
19010,18.229999542236328,16.68219757080078
19011,17.299999237060547,16.6561336517334
19012,37.15999984741211,36.973209381103516
19013,57.560001373291016,58.9581184387207
19014,15.710000038146973,15.469091415405273
19015,14.1899995803833,13.904486656188965
19016,6.110000133514404,3.997666835784912
19017,10.699999809265137,10.660574913024902
19018,47.900001525878906,47.31673049926758
19019,7.21999979019165,5.822903633117676
19020,30.799999237060547,29.43370819091797
19021,3.2100000381469727,1.7692266702651978
19022,24.790000915527344,22.895307540893555
19023,63.5,63.72522735595703
19024,32.040000915527344,29.7230224609375
19025,40.2599983215332,39.445369720458984
19026,17.030000686645508,15.880575180053711
19027,27.829999923706055,27.641807556152344
19028,8.0600004196167,6.068439960479736
19029,19.450000762939453,19.58591079711914
19030,16.690000534057617,15.309761047363281
19031,11.84000015258789,10.360064506530762
19032,36.06999969482422,34.136043548583984
19033,36.33000183105469,35.87333297729492
19034,21.239999771118164,21.007118225097656
19035,11.4399995803833,10.684211730957031
19036,40.31999969482422,38.154380798339844
19037,70.7300033569336,69.27278900146484
19038,23.610000610351562,22.291637420654297
19039,3.3499999046325684,2.0455429553985596
19040,22.100000381469727,21.384265899658203
19041,25.149999618530273,23.898456573486328
19042,44.09000015258789,41.35615921020508
19043,35.900001525878906,34.49467086791992
19044,59.209999084472656,60.6197624206543
19045,28.420000076293945,28.397037506103516
19046,31.5,31.0180606842041
19047,44.77000045776367,44.42903518676758
19048,29.65999984741211,28.930599212646484
19049,37.599998474121094,36.60770034790039
19050,32.529998779296875,31.00091552734375
19051,41.84000015258789,40.857791900634766
19052,29.329999923706055,29.980045318603516
19053,18.110000610351562,17.464282989501953
19054,9.729999542236328,8.571015357971191
19055,19.90999984741211,19.164691925048828
19056,32.130001068115234,30.910907745361328
19057,44.540000915527344,41.569305419921875
19058,11.149999618530273,10.698442459106445
19059,24.739999771118164,22.95298194885254
19060,27.030000686645508,26.398853302001953
19061,60.20000076293945,58.891632080078125
19062,5.019999980926514,3.3657519817352295
19063,11.949999809265137,10.696405410766602
19064,17.780000686645508,17.808307647705078
19065,46.060001373291016,45.21792984008789
19066,53.91999816894531,50.79209518432617
19067,41.86000061035156,40.33211898803711
19068,5.630000114440918,5.584742546081543
19069,18.1200008392334,16.579593658447266
19070,8.970000267028809,8.16008186340332
19071,32.95000076293945,31.730060577392578
19072,3.440000057220459,2.0588743686676025
19073,21.31999969482422,19.831958770751953
19074,15.550000190734863,15.225625991821289
19075,72.30999755859375,74.2464599609375
19076,30.110000610351562,29.177019119262695
19077,7.059999942779541,5.751368522644043
19078,19.329999923706055,19.205520629882812
19079,20.049999237060547,20.022523880004883
19080,51.56999969482422,51.21571731567383
19081,10.25,9.480758666992188
19082,41.34000015258789,41.166927337646484
19083,26.889999389648438,25.666275024414062
19084,56.310001373291016,52.86875915527344
19085,52.93000030517578,52.29581069946289
19086,41.75,42.58494186401367
19087,56.060001373291016,57.50986862182617
19088,22.010000228881836,20.811277389526367
19089,27.360000610351562,25.818504333496094
19090,23.559999465942383,22.351585388183594
19091,40.18000030517578,38.084442138671875
19092,18.030000686645508,17.10310173034668
19093,35.630001068115234,34.58795928955078
19094,1.4700000286102295,2.1685149669647217
19095,38.290000915527344,38.197357177734375
19096,34.02000045776367,31.96685028076172
19097,20.889999389648438,18.985015869140625
19098,37.119998931884766,36.369441986083984
19099,36.349998474121094,34.984493255615234
19100,29.290000915527344,27.5933780670166
19101,40.70000076293945,40.13103103637695
19102,42.709999084472656,40.7440071105957
19103,34.63999938964844,34.71067810058594
19104,19.600000381469727,18.670116424560547
19105,61.72999954223633,57.86300277709961
19106,10.0600004196167,9.243186950683594
19107,37.310001373291016,36.513458251953125
19108,14.010000228881836,13.074300765991211
19109,35.34000015258789,34.35499572753906
19110,23.770000457763672,21.698158264160156
19111,8.59000015258789,7.398397922515869
19112,28.010000228881836,27.372417449951172
19113,44.83000183105469,42.622684478759766
19114,18.56999969482422,17.783493041992188
19115,26.93000030517578,26.56792449951172
19116,22.829999923706055,21.6016845703125
19117,53.54999923706055,53.020851135253906
19118,67.91000366210938,66.71558380126953
19119,46.209999084472656,45.164493560791016
19120,25.59000015258789,24.73040771484375
19121,5.440000057220459,3.8394482135772705
19122,8.5,8.737735748291016
19123,34.2599983215332,32.619998931884766
19124,7.139999866485596,5.837568283081055
19125,50.4900016784668,48.47178268432617
19126,14.09000015258789,13.15483283996582
19127,22.09000015258789,21.523601531982422
19128,44.22999954223633,42.921119689941406
19129,23.18000030517578,22.17431640625
19130,21.209999084472656,20.50299644470215
19131,17.950000762939453,17.224987030029297
19132,10.869999885559082,9.934128761291504
19133,16.549999237060547,16.244892120361328
19134,39.02000045776367,37.18086624145508
19135,30.049999237060547,29.165794372558594
19136,11.199999809265137,10.482163429260254
19137,3.0,1.9745782613754272
19138,29.399999618530273,27.951194763183594
19139,31.729999542236328,30.98569107055664
19140,30.1299991607666,29.712249755859375
19141,11.899999618530273,11.03614330291748
19142,36.83000183105469,35.99716567993164
19143,15.800000190734863,15.437021255493164
19144,11.739999771118164,11.307204246520996
19145,34.060001373291016,32.96565246582031
19146,8.130000114440918,7.505821228027344
19147,15.420000076293945,14.531929969787598
19148,36.400001525878906,35.761966705322266
19149,36.029998779296875,34.81125259399414
19150,35.720001220703125,34.387630462646484
19151,4.230000019073486,2.7652695178985596
19152,11.420000076293945,10.561448097229004
19153,50.43000030517578,48.56657409667969
19154,23.030000686645508,21.34501838684082
19155,61.83000183105469,56.17738723754883
19156,25.790000915527344,25.735309600830078
19157,51.310001373291016,49.09443664550781
19158,45.22999954223633,45.71388626098633
19159,15.399999618530273,14.244935035705566
19160,50.68000030517578,50.2360954284668
19161,10.569999694824219,9.417376518249512
19162,5.630000114440918,4.2006731033325195
19163,6.920000076293945,5.661854267120361
19164,27.329999923706055,26.356529235839844
19165,46.959999084472656,45.89659881591797
19166,20.149999618530273,19.019283294677734
19167,40.150001525878906,40.304962158203125
19168,29.079999923706055,28.815134048461914
19169,20.809999465942383,20.754892349243164
19170,4.800000190734863,3.363997220993042
19171,21.389999389648438,19.812366485595703
19172,17.420000076293945,16.340871810913086
19173,46.83000183105469,45.678829193115234
19174,17.3799991607666,16.033519744873047
19175,8.470000267028809,8.349437713623047
19176,20.270000457763672,19.32537841796875
19177,47.630001068115234,47.07831954956055
19178,42.869998931884766,42.868141174316406
19179,28.639999389648438,25.86208152770996
19180,36.2400016784668,34.8408203125
19181,8.470000267028809,7.4327545166015625
19182,8.399999618530273,7.102577209472656
19183,26.479999542236328,25.380115509033203
19184,1.6699999570846558,1.1207804679870605
19185,28.760000228881836,27.975040435791016
19186,45.29999923706055,45.82163619995117
19187,55.45000076293945,56.19522476196289
19188,35.279998779296875,34.00606155395508
19189,31.540000915527344,30.678678512573242
19190,22.93000030517578,22.061681747436523
19191,13.479999542236328,13.329334259033203
19192,54.7599983215332,53.33182144165039
19193,46.959999084472656,46.00955581665039
19194,37.939998626708984,36.83024978637695
19195,68.19000244140625,66.36168670654297
19196,42.59000015258789,41.714324951171875
19197,48.189998626708984,46.57735061645508
19198,15.25,14.509480476379395
19199,22.610000610351562,21.711925506591797
19200,62.27000045776367,60.61466598510742
19201,17.56999969482422,16.961883544921875
19202,13.229999542236328,13.106876373291016
19203,4.619999885559082,3.075321674346924
19204,5.559999942779541,4.209719181060791
19205,38.2400016784668,36.874046325683594
19206,17.3799991607666,14.60499382019043
19207,2.259999990463257,1.7225755453109741
19208,56.11000061035156,55.09621047973633
19209,26.75,25.678184509277344
19210,37.959999084472656,37.05366897583008
19211,22.899999618530273,21.73197364807129
19212,24.420000076293945,23.646068572998047
19213,24.829999923706055,23.233909606933594
19214,20.079999923706055,18.36070442199707
19215,13.779999732971191,14.198805809020996
19216,53.279998779296875,52.03238296508789
19217,36.470001220703125,36.44206619262695
19218,67.63999938964844,69.01054382324219
19219,19.90999984741211,19.846588134765625
19220,17.959999084472656,16.81736183166504
19221,55.5099983215332,55.5247917175293
19222,20.3799991607666,19.772647857666016
19223,11.779999732971191,11.733299255371094
19224,7.630000114440918,6.73403787612915
19225,11.869999885559082,10.530319213867188
19226,25.079999923706055,24.108489990234375
19227,23.020000457763672,23.245622634887695
19228,45.15999984741211,44.15983200073242
19229,31.09000015258789,30.248504638671875
19230,10.720000267028809,10.43675708770752
19231,7.829999923706055,7.137086391448975
19232,30.81999969482422,30.14215660095215
19233,11.710000038146973,10.944854736328125
19234,21.780000686645508,21.076854705810547
19235,58.630001068115234,56.382083892822266
19236,28.889999389648438,27.456876754760742
19237,16.360000610351562,15.459657669067383
19238,4.679999828338623,3.259650945663452
19239,32.04999923706055,30.846939086914062
19240,13.979999542236328,13.887629508972168
19241,21.559999465942383,20.610877990722656
19242,39.349998474121094,39.36450958251953
19243,17.68000030517578,17.156604766845703
19244,6.570000171661377,5.713881492614746
19245,37.81999969482422,37.18955612182617
19246,38.540000915527344,38.779964447021484
19247,44.90999984741211,42.201175689697266
19248,20.940000534057617,20.620084762573242
19249,31.149999618530273,30.00456428527832
19250,66.16000366210938,64.88980865478516
19251,2.740000009536743,2.0538442134857178
19252,6.130000114440918,5.673687934875488
19253,16.950000762939453,15.828254699707031
19254,6.579999923706055,6.105762481689453
19255,45.25,43.791473388671875
19256,51.70000076293945,50.57819747924805
19257,45.47999954223633,44.11539077758789
19258,66.91999816894531,65.70093536376953
19259,58.880001068115234,59.78948211669922
19260,44.83000183105469,44.271846771240234
19261,17.110000610351562,16.2932071685791
19262,47.93000030517578,46.775272369384766
19263,14.329999923706055,13.808186531066895
19264,23.010000228881836,21.670408248901367
19265,52.290000915527344,49.23380661010742
19266,73.43000030517578,71.82256317138672
19267,29.329999923706055,28.390453338623047
19268,31.360000610351562,30.3531551361084
19269,69.20999908447266,65.43756866455078
19270,16.030000686645508,15.283727645874023
19271,24.950000762939453,24.118480682373047
19272,13.069999694824219,12.199875831604004
19273,11.609999656677246,10.644993782043457
19274,6.239999771118164,6.120314598083496
19275,23.489999771118164,22.816162109375
19276,34.09000015258789,33.340511322021484
19277,2.75,1.9119869470596313
19278,45.29999923706055,46.64076614379883
19279,41.04999923706055,40.43398666381836
19280,12.050000190734863,11.412357330322266
19281,37.77000045776367,35.56589126586914
19282,14.880000114440918,14.186707496643066
19283,27.219999313354492,26.245370864868164
19284,27.31999969482422,27.31389045715332
19285,19.809999465942383,18.62164306640625
19286,32.310001373291016,31.772422790527344
19287,55.83000183105469,51.259517669677734
19288,13.739999771118164,12.890595436096191
19289,46.27000045776367,43.45091247558594
19290,73.4800033569336,74.91954040527344
19291,12.239999771118164,11.228431701660156
19292,6.179999828338623,5.199204921722412
19293,12.869999885559082,12.040838241577148
19294,46.029998779296875,45.20954132080078
19295,33.720001220703125,33.98748779296875
19296,42.709999084472656,42.04182052612305
19297,48.040000915527344,47.40646743774414
19298,47.38999938964844,46.619632720947266
19299,20.459999084472656,20.027517318725586
19300,24.780000686645508,23.999622344970703
19301,31.90999984741211,30.604150772094727
19302,32.52000045776367,31.768295288085938
19303,20.110000610351562,19.32561492919922
19304,72.70999908447266,72.99852752685547
19305,17.440000534057617,16.54303550720215
19306,4.119999885559082,2.8228442668914795
19307,20.68000030517578,19.25891876220703
19308,27.309999465942383,26.200883865356445
19309,18.450000762939453,17.739826202392578
19310,50.91999816894531,47.092525482177734
19311,29.979999542236328,29.020275115966797
19312,28.8700008392334,28.01788902282715
19313,37.13999938964844,35.53501510620117
19314,3.609999895095825,2.315232038497925
19315,36.540000915527344,36.20133590698242
19316,27.889999389648438,26.772375106811523
19317,30.649999618530273,30.771549224853516
19318,34.65999984741211,33.805763244628906
19319,34.75,33.47136306762695
19320,44.25,41.318607330322266
19321,29.850000381469727,28.796466827392578
19322,25.479999542236328,24.688446044921875
19323,72.48999786376953,71.19206237792969
19324,15.140000343322754,14.41762638092041
19325,29.56999969482422,28.370410919189453
19326,27.350000381469727,26.24160385131836
19327,10.680000305175781,9.055532455444336
19328,75.25,76.02903747558594
19329,15.979999542236328,15.473564147949219
19330,27.6299991607666,26.788864135742188
19331,34.849998474121094,34.1390380859375
19332,52.9900016784668,52.237491607666016
19333,14.619999885559082,14.283196449279785
19334,58.58000183105469,56.76228713989258
19335,24.579999923706055,23.073389053344727
19336,9.0,8.07833194732666
19337,35.040000915527344,34.558834075927734
19338,25.229999542236328,24.457359313964844
19339,21.639999389648438,21.07975196838379
19340,23.360000610351562,22.493337631225586
19341,47.959999084472656,46.71780014038086
19342,49.33000183105469,48.2311897277832
19343,22.969999313354492,22.43846321105957
19344,33.470001220703125,31.735546112060547
19345,34.209999084472656,33.47869873046875
19346,23.479999542236328,22.652477264404297
19347,62.06999969482422,62.84604263305664
19348,18.110000610351562,17.05644989013672
19349,14.529999732971191,13.677443504333496
19350,14.8100004196167,14.684707641601562
19351,29.350000381469727,27.928651809692383
19352,25.600000381469727,20.894229888916016
19353,32.47999954223633,31.26384735107422
19354,21.3799991607666,20.00352668762207
19355,9.380000114440918,8.425668716430664
19356,4.71999979019165,3.9625747203826904
19357,9.819999694824219,8.661354064941406
19358,60.47999954223633,58.6158561706543
19359,26.200000762939453,25.604490280151367
19360,5.590000152587891,4.325939655303955
19361,13.75,12.872298240661621
19362,35.849998474121094,34.336063385009766
19363,14.359999656677246,13.450531005859375
19364,14.369999885559082,14.065201759338379
19365,11.770000457763672,10.48741626739502
19366,40.15999984741211,39.59782028198242
19367,5.809999942779541,5.401194095611572
19368,17.6200008392334,16.171051025390625
19369,31.489999771118164,29.686941146850586
19370,59.150001525878906,57.70155715942383
19371,7.119999885559082,6.622884273529053
19372,8.609999656677246,7.515989780426025
19373,46.11000061035156,44.59502029418945
19374,9.229999542236328,8.1290922164917
19375,31.739999771118164,30.012989044189453
19376,38.619998931884766,37.78490447998047
19377,51.90999984741211,48.81283950805664
19378,26.229999542236328,25.42759895324707
19379,18.360000610351562,17.420421600341797
19380,9.319999694824219,7.875446319580078
19381,18.75,17.502620697021484
19382,11.970000267028809,11.488198280334473
19383,19.360000610351562,19.250492095947266
19384,14.119999885559082,13.047515869140625
19385,29.959999084472656,29.74117088317871
19386,18.809999465942383,17.322895050048828
19387,49.560001373291016,47.16526412963867
19388,11.069999694824219,10.427870750427246
19389,11.470000267028809,11.055588722229004
19390,22.81999969482422,21.653675079345703
19391,43.029998779296875,42.338844299316406
19392,2.700000047683716,1.7120856046676636
19393,7.800000190734863,6.702278137207031
19394,43.529998779296875,43.59249496459961
19395,35.0099983215332,34.52516174316406
19396,14.710000038146973,14.074822425842285
19397,35.720001220703125,35.317134857177734
19398,4.090000152587891,2.7412469387054443
19399,43.16999816894531,41.037845611572266
19400,30.979999542236328,29.551647186279297
19401,10.09000015258789,9.493741035461426
19402,18.290000915527344,17.33971405029297
19403,41.7400016784668,40.2492561340332
19404,15.869999885559082,15.73896598815918
19405,12.270000457763672,12.294514656066895
19406,20.959999084472656,19.579103469848633
19407,8.619999885559082,7.640973091125488
19408,35.970001220703125,35.16713333129883
19409,3.059999942779541,2.2534990310668945
19410,8.0,8.250402450561523
19411,16.459999084472656,15.598533630371094
19412,14.380000114440918,13.276224136352539
19413,34.13999938964844,34.81438064575195
19414,43.0,41.9121208190918
19415,21.40999984741211,20.76163101196289
19416,15.270000457763672,14.355605125427246
19417,23.459999084472656,22.340023040771484
19418,21.399999618530273,20.02663803100586
19419,38.72999954223633,38.01022720336914
19420,6.53000020980835,5.45069694519043
19421,19.329999923706055,18.713973999023438
19422,3.3499999046325684,2.134951114654541
19423,35.97999954223633,33.53840255737305
19424,36.18000030517578,35.50288772583008
19425,71.52999877929688,71.07674407958984
19426,17.40999984741211,16.12847137451172
19427,17.3799991607666,16.864261627197266
19428,19.1200008392334,18.05600929260254
19429,5.340000152587891,4.60982608795166
19430,9.489999771118164,9.110475540161133
19431,41.869998931884766,40.12646484375
19432,24.729999542236328,23.577388763427734
19433,13.859999656677246,12.9993896484375
19434,16.440000534057617,16.189924240112305
19435,25.170000076293945,23.351215362548828
19436,13.100000381469727,12.851981163024902
19437,19.040000915527344,18.135549545288086
19438,20.309999465942383,19.796649932861328
19439,23.729999542236328,22.118257522583008
19440,20.559999465942383,20.080041885375977
19441,43.75,45.09484100341797
19442,57.18000030517578,56.988277435302734
19443,26.6200008392334,25.7584285736084
19444,10.420000076293945,9.783669471740723
19445,62.4900016784668,58.53126907348633
19446,6.769999980926514,5.4604105949401855
19447,35.34000015258789,34.13151168823242
19448,29.309999465942383,27.367801666259766
19449,37.20000076293945,36.54893493652344
19450,13.100000381469727,12.005960464477539
19451,35.380001068115234,33.952884674072266
19452,19.06999969482422,18.025297164916992
19453,23.3700008392334,21.906509399414062
19454,56.61000061035156,54.60791015625
19455,39.83000183105469,37.76264953613281
19456,21.25,20.052671432495117
19457,10.8100004196167,9.850153923034668
19458,30.549999237060547,28.717817306518555
19459,76.94999694824219,77.01087951660156
19460,20.729999542236328,19.11781883239746
19461,19.030000686645508,18.183963775634766
19462,47.7599983215332,45.096004486083984
19463,26.389999389648438,25.160371780395508
19464,22.190000534057617,21.024831771850586
19465,56.08000183105469,56.01956558227539
19466,25.799999237060547,24.753427505493164
19467,15.579999923706055,14.987333297729492
19468,13.9399995803833,13.436023712158203
19469,29.670000076293945,27.7861328125
19470,19.549999237060547,20.02526092529297
19471,54.31999969482422,52.80366134643555
19472,30.600000381469727,29.46605110168457
19473,31.739999771118164,30.89764404296875
19474,27.600000381469727,26.42251968383789
19475,15.760000228881836,14.96293830871582
19476,56.79999923706055,55.729347229003906
19477,4.679999828338623,3.853217124938965
19478,20.440000534057617,19.52593231201172
19479,26.399999618530273,25.09576988220215
19480,63.150001525878906,61.81178283691406
19481,29.020000457763672,28.221141815185547
19482,33.9900016784668,32.11268997192383
19483,21.030000686645508,20.140762329101562
19484,19.280000686645508,18.440996170043945
19485,41.45000076293945,41.63829803466797
19486,27.770000457763672,26.77249526977539
19487,38.189998626708984,37.154232025146484
19488,66.47000122070312,62.52710723876953
19489,38.93000030517578,38.93549728393555
19490,24.34000015258789,22.958728790283203
19491,13.640000343322754,11.74015998840332
19492,17.579999923706055,16.783401489257812
19493,23.81999969482422,23.445587158203125
19494,27.309999465942383,26.631582260131836
19495,53.61000061035156,51.76021957397461
19496,24.649999618530273,23.508668899536133
19497,0.800000011920929,1.5997134447097778
19498,34.0,32.99674606323242
19499,41.61000061035156,40.660400390625
19500,5.139999866485596,4.9396653175354
19501,28.280000686645508,27.038772583007812
19502,12.489999771118164,11.672270774841309
19503,6.230000019073486,5.0220232009887695
19504,33.08000183105469,32.131343841552734
19505,31.309999465942383,29.766681671142578
19506,18.299999237060547,16.760854721069336
19507,32.900001525878906,30.049571990966797
19508,20.5,20.612194061279297
19509,32.810001373291016,32.48884582519531
19510,38.540000915527344,38.34318161010742
19511,30.3799991607666,29.761192321777344
19512,35.40999984741211,34.18751907348633
19513,42.06999969482422,40.2639045715332
19514,24.969999313354492,24.161561965942383
19515,57.40999984741211,56.7152214050293
19516,16.25,15.162782669067383
19517,30.600000381469727,28.9276123046875
19518,33.310001373291016,32.48484420776367
19519,12.069999694824219,11.46491527557373
19520,21.209999084472656,19.808809280395508
19521,39.33000183105469,38.572879791259766
19522,72.51000213623047,71.10968017578125
19523,35.81999969482422,34.42699432373047
19524,26.440000534057617,25.502195358276367
19525,51.439998626708984,49.5806884765625
19526,61.47999954223633,60.65951919555664
19527,34.68000030517578,33.039066314697266
19528,13.640000343322754,13.167736053466797
19529,62.439998626708984,61.0644416809082
19530,35.81999969482422,34.18297576904297
19531,21.239999771118164,20.327192306518555
19532,12.539999961853027,11.935318946838379
19533,32.290000915527344,30.33880615234375
19534,28.850000381469727,27.34808349609375
19535,33.650001525878906,32.7154426574707
19536,28.110000610351562,27.081493377685547
19537,42.900001525878906,41.61084747314453
19538,20.540000915527344,19.06911277770996
19539,21.079999923706055,20.366525650024414
19540,24.989999771118164,23.64285659790039
19541,22.81999969482422,22.47972869873047
19542,34.58000183105469,33.30829620361328
19543,21.209999084472656,19.986812591552734
19544,29.559999465942383,28.86885643005371
19545,14.25,13.568009376525879
19546,48.38999938964844,47.58335494995117
19547,29.299999237060547,28.02731704711914
19548,8.489999771118164,8.008463859558105
19549,2.880000114440918,1.8965308666229248
19550,4.809999942779541,3.2849209308624268
19551,8.819999694824219,8.262617111206055
19552,4.639999866485596,3.778834104537964
19553,34.540000915527344,32.7078971862793
19554,19.459999084472656,18.105663299560547
19555,15.260000228881836,14.030713081359863
19556,10.6899995803833,9.42917251586914
19557,4.849999904632568,4.0451178550720215
19558,12.5,11.005766868591309
19559,37.20000076293945,36.01594161987305
19560,9.479999542236328,8.381088256835938
19561,18.610000610351562,18.35590171813965
19562,9.619999885559082,9.247769355773926
19563,19.969999313354492,20.749053955078125
19564,26.690000534057617,25.34504508972168
19565,28.5,27.774112701416016
19566,33.20000076293945,32.58485794067383
19567,58.22999954223633,55.89544677734375
19568,35.77000045776367,35.21788787841797
19569,11.989999771118164,11.400861740112305
19570,10.510000228881836,10.317156791687012
19571,22.670000076293945,22.24149513244629
19572,7.53000020980835,6.3604655265808105
19573,9.739999771118164,8.394450187683105
19574,18.899999618530273,17.496084213256836
19575,26.350000381469727,25.35805892944336
19576,39.040000915527344,38.247623443603516
19577,14.149999618530273,14.20586109161377
19578,36.560001373291016,35.15068435668945
19579,4.260000228881836,2.8027195930480957
19580,47.529998779296875,48.05539321899414
19581,37.38999938964844,36.091487884521484
19582,54.380001068115234,51.671295166015625
19583,41.36000061035156,40.335201263427734
19584,64.4800033569336,58.1580924987793
19585,17.030000686645508,15.95656967163086
19586,17.270000457763672,16.71298599243164
19587,19.200000762939453,18.434528350830078
19588,4.119999885559082,3.0632245540618896
19589,14.210000038146973,13.416015625
19590,5.75,4.280187129974365
19591,45.810001373291016,43.99110794067383
19592,47.189998626708984,45.453975677490234
19593,4.710000038146973,4.2119574546813965
19594,21.43000030517578,20.312328338623047
19595,19.469999313354492,18.583162307739258
19596,15.130000114440918,13.354764938354492
19597,15.600000381469727,14.142424583435059
19598,28.850000381469727,27.38055419921875
19599,5.110000133514404,3.884003162384033
19600,7.010000228881836,5.7699666023254395
19601,13.300000190734863,12.68642520904541
19602,26.459999084472656,25.308618545532227
19603,7.869999885559082,6.995923042297363
19604,15.329999923706055,14.462128639221191
19605,46.310001373291016,46.48282241821289
19606,21.84000015258789,21.622007369995117
19607,18.309999465942383,17.614797592163086
19608,31.139999389648438,29.196563720703125
19609,11.8100004196167,10.462385177612305
19610,18.969999313354492,17.513154983520508
19611,42.209999084472656,39.8764533996582
19612,60.95000076293945,58.752010345458984
19613,30.899999618530273,29.43856430053711
19614,18.889999389648438,17.965560913085938
19615,48.290000915527344,46.85746765136719
19616,46.11000061035156,43.402286529541016
19617,28.149999618530273,27.942441940307617
19618,30.209999084472656,28.499000549316406
19619,27.850000381469727,27.217918395996094
19620,24.5,22.616661071777344
19621,19.799999237060547,19.54259490966797
19622,9.739999771118164,9.324531555175781
19623,47.09000015258789,47.059539794921875
19624,11.970000267028809,11.596220016479492
19625,4.539999961853027,3.4927732944488525
19626,4.070000171661377,3.478888988494873
19627,28.93000030517578,27.522926330566406
19628,31.06999969482422,30.175090789794922
19629,15.460000038146973,14.386733055114746
19630,21.1200008392334,19.319351196289062
19631,43.63999938964844,42.44068145751953
19632,16.450000762939453,16.14423942565918
19633,31.649999618530273,30.13455581665039
19634,3.2799999713897705,1.8511877059936523
19635,14.609999656677246,13.828276634216309
19636,20.84000015258789,20.192527770996094
19637,23.690000534057617,22.150985717773438
19638,34.25,34.150753021240234
19639,32.36000061035156,31.190006256103516
19640,20.709999084472656,19.05647087097168
19641,16.5,15.902215957641602
19642,21.520000457763672,20.145580291748047
19643,46.970001220703125,46.26853561401367
19644,37.47999954223633,37.171836853027344
19645,30.8700008392334,30.35234832763672
19646,21.239999771118164,20.29914665222168
19647,23.729999542236328,23.13755226135254
19648,24.940000534057617,24.308639526367188
19649,48.38999938964844,46.38421630859375
19650,7.139999866485596,6.412181854248047
19651,18.440000534057617,18.458316802978516
19652,13.050000190734863,12.221793174743652
19653,7.610000133514404,6.446563720703125
19654,24.920000076293945,23.66375732421875
19655,32.06999969482422,30.327320098876953
19656,29.260000228881836,27.93954849243164
19657,19.770000457763672,18.83212661743164
19658,16.950000762939453,15.73617935180664
19659,48.5099983215332,48.233768463134766
19660,15.09000015258789,14.232115745544434
19661,18.450000762939453,18.167598724365234
19662,44.84000015258789,44.04658126831055
19663,7.440000057220459,5.003653526306152
19664,62.099998474121094,62.23757553100586
19665,28.8799991607666,28.94301986694336
19666,32.34000015258789,30.546077728271484
19667,40.81999969482422,40.38606262207031
19668,55.91999816894531,55.382564544677734
19669,27.170000076293945,26.239757537841797
19670,16.610000610351562,15.591743469238281
19671,10.770000457763672,9.60129451751709
19672,14.720000267028809,13.890828132629395
19673,17.84000015258789,16.611543655395508
19674,45.599998474121094,44.62074661254883
19675,17.18000030517578,16.353811264038086
19676,40.09000015258789,39.2287483215332
19677,37.29999923706055,36.21866226196289
19678,32.959999084472656,30.948410034179688
19679,33.650001525878906,32.68090057373047
19680,78.44999694824219,74.228271484375
19681,27.420000076293945,26.882417678833008
19682,57.400001525878906,56.72479248046875
19683,52.380001068115234,48.62281036376953
19684,8.40999984741211,7.515384674072266
19685,23.979999542236328,23.330902099609375
19686,21.940000534057617,20.75973129272461
19687,34.41999816894531,33.633262634277344
19688,25.780000686645508,24.030540466308594
19689,19.940000534057617,19.931425094604492
19690,14.630000114440918,13.764235496520996
19691,3.2200000286102295,1.7771519422531128
19692,52.41999816894531,50.862667083740234
19693,18.850000381469727,17.917110443115234
19694,20.459999084472656,19.064876556396484
19695,36.40999984741211,35.887691497802734
19696,10.789999961853027,11.00839900970459
19697,15.59000015258789,14.429158210754395
19698,21.209999084472656,20.223609924316406
19699,44.88999938964844,43.13660430908203
19700,11.479999542236328,10.006875038146973
19701,38.2599983215332,37.452449798583984
19702,21.059999465942383,19.85041046142578
19703,27.799999237060547,26.974197387695312
19704,31.8700008392334,30.803014755249023
19705,6.139999866485596,5.432768821716309
19706,22.010000228881836,21.069732666015625
19707,36.0099983215332,34.64725875854492
19708,25.950000762939453,24.65113067626953
19709,17.25,16.591583251953125
19710,34.380001068115234,33.541141510009766
19711,10.989999771118164,10.48987865447998
19712,45.810001373291016,45.448944091796875
19713,33.310001373291016,32.41018295288086
19714,34.58000183105469,33.65813064575195
19715,27.25,27.513851165771484
19716,17.440000534057617,16.827646255493164
19717,51.09000015258789,50.61626052856445
19718,11.380000114440918,10.54619026184082
19719,30.09000015258789,28.257631301879883
19720,8.300000190734863,6.708548069000244
19721,7.760000228881836,6.636280536651611
19722,20.520000457763672,19.711660385131836
19723,20.81999969482422,20.487327575683594
19724,39.310001373291016,37.22710418701172
19725,5.099999904632568,4.414956092834473
19726,8.220000267028809,7.128762722015381
19727,14.4399995803833,13.71412181854248
19728,45.04999923706055,44.08232498168945
19729,9.380000114440918,8.07644271850586
19730,4.190000057220459,3.505791187286377
19731,12.210000038146973,11.123023986816406
19732,33.310001373291016,31.625242233276367
19733,35.2400016784668,34.45832443237305
19734,12.65999984741211,11.305460929870605
19735,12.369999885559082,11.018601417541504
19736,28.290000915527344,26.921791076660156
19737,27.6200008392334,26.980487823486328
19738,40.689998626708984,40.70256042480469
19739,18.600000381469727,17.23154640197754
19740,25.329999923706055,24.579299926757812
19741,31.559999465942383,31.33587646484375
19742,40.83000183105469,39.31578063964844
19743,19.770000457763672,19.225711822509766
19744,28.219999313354492,27.93547248840332
19745,5.539999961853027,4.971103668212891
19746,40.02000045776367,39.6845817565918
19747,22.809999465942383,21.03594207763672
19748,69.0999984741211,71.21038055419922
19749,12.9399995803833,12.354790687561035
19750,59.560001373291016,56.30850601196289
19751,52.56999969482422,50.30965805053711
19752,35.59000015258789,34.265220642089844
19753,52.060001373291016,50.09342575073242
19754,22.010000228881836,21.414772033691406
19755,16.239999771118164,14.309025764465332
19756,52.869998931884766,52.74336242675781
19757,7.460000038146973,5.630350112915039
19758,7.829999923706055,7.264285564422607
19759,19.540000915527344,18.412925720214844
19760,14.300000190734863,14.156319618225098
19761,41.470001220703125,40.70672607421875
19762,54.43000030517578,52.99888610839844
19763,19.309999465942383,19.01331329345703
19764,22.670000076293945,21.85832405090332
19765,24.290000915527344,23.583410263061523
19766,47.04999923706055,41.6712646484375
19767,69.43000030517578,69.11890411376953
19768,38.529998779296875,37.12848663330078
19769,22.030000686645508,20.923709869384766
19770,10.220000267028809,9.315380096435547
19771,8.15999984741211,6.585503578186035
19772,17.760000228881836,16.434350967407227
19773,24.75,24.08798599243164
19774,39.540000915527344,39.255672454833984
19775,28.25,27.97646141052246
19776,22.110000610351562,21.626190185546875
19777,7.019999980926514,5.93544340133667
19778,43.060001373291016,39.863990783691406
19779,43.95000076293945,43.09005355834961
19780,13.289999961853027,12.240090370178223
19781,24.329999923706055,22.545124053955078
19782,20.610000610351562,18.891191482543945
19783,42.81999969482422,42.08229064941406
19784,34.70000076293945,34.11125564575195
19785,36.40999984741211,35.52797317504883
19786,24.030000686645508,21.969425201416016
19787,58.86000061035156,57.21224594116211
19788,24.979999542236328,23.199663162231445
19789,17.739999771118164,17.05792236328125
19790,48.5099983215332,47.49007034301758
19791,25.790000915527344,25.075759887695312
19792,11.930000305175781,11.20953369140625
19793,30.649999618530273,29.247432708740234
19794,3.509999990463257,2.4869165420532227
19795,31.600000381469727,30.351730346679688
19796,37.130001068115234,36.372501373291016
19797,40.630001068115234,40.283145904541016
19798,25.040000915527344,24.162294387817383
19799,3.690000057220459,2.4096450805664062
19800,25.31999969482422,24.39922523498535
19801,12.84000015258789,12.10550308227539
19802,35.119998931884766,34.6655387878418
19803,3.8499999046325684,2.2780299186706543
19804,31.889999389648438,30.970531463623047
19805,30.829999923706055,29.853145599365234
19806,17.90999984741211,16.75080680847168
19807,25.649999618530273,25.81417465209961
19808,15.770000457763672,14.770551681518555
19809,12.010000228881836,10.998489379882812
19810,36.47999954223633,35.727149963378906
19811,45.15999984741211,43.30976104736328
19812,55.47999954223633,54.10783004760742
19813,13.859999656677246,13.264921188354492
19814,25.06999969482422,23.62042236328125
19815,7.269999980926514,6.387914180755615
19816,30.489999771118164,29.74696159362793
19817,9.600000381469727,8.368145942687988
19818,25.209999084472656,24.57756805419922
19819,2.700000047683716,2.187089681625366
19820,20.920000076293945,19.501554489135742
19821,14.130000114440918,13.693827629089355
19822,63.91999816894531,62.85709762573242
19823,21.350000381469727,20.687273025512695
19824,18.530000686645508,17.608232498168945
19825,33.470001220703125,33.29497146606445
19826,46.779998779296875,44.81551742553711
19827,13.300000190734863,11.741687774658203
19828,37.119998931884766,35.66606903076172
19829,4.449999809265137,3.765087366104126
19830,8.380000114440918,6.898345470428467
19831,17.6200008392334,16.55255126953125
19832,5.039999961853027,2.796081066131592
19833,6.03000020980835,4.0849103927612305
19834,30.510000228881836,29.890796661376953
19835,35.630001068115234,33.41443634033203
19836,20.5,19.627782821655273
19837,16.079999923706055,14.086689949035645
19838,44.290000915527344,44.44744873046875
19839,10.529999732971191,9.622492790222168
19840,17.399999618530273,16.08916473388672
19841,21.770000457763672,20.659852981567383
19842,5.519999980926514,4.188320159912109
19843,6.329999923706055,4.997921943664551
19844,36.779998779296875,34.832828521728516
19845,75.08999633789062,74.74604034423828
19846,19.690000534057617,18.652149200439453
19847,32.22999954223633,30.826757431030273
19848,33.5,31.2305965423584
19849,9.479999542236328,8.584558486938477
19850,52.400001525878906,53.3337516784668
19851,33.209999084472656,32.95561599731445
19852,46.849998474121094,45.60190963745117
19853,72.7699966430664,71.94007110595703
19854,9.390000343322754,9.328192710876465
19855,32.209999084472656,31.85457992553711
19856,42.380001068115234,40.73590087890625
19857,13.770000457763672,12.885798454284668
19858,23.8799991607666,23.516969680786133
19859,47.689998626708984,45.88835525512695
19860,77.44000244140625,73.3287124633789
19861,56.310001373291016,56.224849700927734
19862,14.670000076293945,14.246020317077637
19863,41.66999816894531,39.82413864135742
19864,17.530000686645508,17.157236099243164
19865,39.2400016784668,39.0211067199707
19866,7.800000190734863,6.461698532104492
19867,11.229999542236328,9.44286823272705
19868,28.309999465942383,26.743818283081055
19869,18.100000381469727,17.753265380859375
19870,31.209999084472656,30.007587432861328
19871,47.029998779296875,45.22541809082031
19872,24.8700008392334,22.92111587524414
19873,25.290000915527344,23.795955657958984
19874,52.18000030517578,50.339393615722656
19875,29.3700008392334,28.394805908203125
19876,19.139999389648438,19.162757873535156
19877,26.110000610351562,25.58738136291504
19878,71.06999969482422,70.26753234863281
19879,10.380000114440918,9.289250373840332
19880,19.639999389648438,18.96847152709961
19881,19.84000015258789,19.420433044433594
19882,35.2599983215332,32.976829528808594
19883,62.06999969482422,64.0863037109375
19884,47.34000015258789,45.78535079956055
19885,13.40999984741211,12.140312194824219
19886,9.050000190734863,8.517566680908203
19887,12.140000343322754,11.0106782913208
19888,25.530000686645508,24.135425567626953
19889,29.899999618530273,27.82695198059082
19890,19.709999084472656,19.25112533569336
19891,38.43000030517578,37.29962158203125
19892,44.66999816894531,44.92521286010742
19893,38.720001220703125,37.85200119018555
19894,36.220001220703125,34.0050048828125
19895,23.149999618530273,21.71143341064453
19896,69.80000305175781,69.62213134765625
19897,19.43000030517578,17.586017608642578
19898,37.47999954223633,36.361305236816406
19899,33.36000061035156,31.824289321899414
19900,46.31999969482422,46.16988754272461
19901,49.11000061035156,47.353511810302734
19902,39.59000015258789,36.83367919921875
19903,7.960000038146973,6.138159275054932
19904,14.020000457763672,13.450382232666016
19905,21.549999237060547,20.701190948486328
19906,58.16999816894531,57.11289596557617
19907,29.920000076293945,27.964542388916016
19908,21.979999542236328,21.625316619873047
19909,63.56999969482422,64.18956756591797
19910,6.920000076293945,5.746314525604248
19911,38.310001373291016,36.47225570678711
19912,32.72999954223633,31.923410415649414
19913,19.030000686645508,18.064443588256836
19914,61.16999816894531,61.79899215698242
19915,21.389999389648438,20.659347534179688
19916,36.33000183105469,35.748680114746094
19917,38.06999969482422,37.73108673095703
19918,37.11000061035156,36.48930740356445
19919,15.699999809265137,14.852779388427734
19920,35.9900016784668,36.00775146484375
19921,5.75,5.237071514129639
19922,18.559999465942383,17.542402267456055
19923,35.20000076293945,33.96518325805664
19924,15.829999923706055,15.054515838623047
19925,48.54999923706055,46.595916748046875
19926,16.950000762939453,15.440010070800781
19927,34.369998931884766,35.02024841308594
19928,14.460000038146973,13.555069923400879
19929,41.650001525878906,40.01847839355469
19930,32.529998779296875,30.853464126586914
19931,16.809999465942383,15.847070693969727
19932,29.790000915527344,29.305191040039062
19933,36.31999969482422,35.98453140258789
19934,20.510000228881836,19.16544532775879
19935,44.95000076293945,43.66040802001953
19936,37.09000015258789,35.18254089355469
19937,37.59000015258789,36.63837814331055
19938,43.220001220703125,42.2454719543457
19939,42.58000183105469,41.64827346801758
19940,6.21999979019165,5.1188578605651855
19941,36.869998931884766,35.53711700439453
19942,25.34000015258789,23.972980499267578
19943,51.84000015258789,50.85874938964844
19944,17.43000030517578,16.941015243530273
19945,28.989999771118164,28.108213424682617
19946,33.95000076293945,32.88273620605469
19947,30.06999969482422,28.369651794433594
19948,23.329999923706055,22.451030731201172
19949,33.849998474121094,31.779693603515625
19950,43.36000061035156,41.64600372314453
19951,12.970000267028809,12.222521781921387
19952,18.459999084472656,17.755048751831055
19953,43.349998474121094,42.303348541259766
19954,29.34000015258789,27.987924575805664
19955,12.760000228881836,12.016849517822266
19956,16.920000076293945,16.148773193359375
19957,11.5,10.726162910461426
19958,50.61000061035156,49.9926872253418
19959,25.389999389648438,23.991466522216797
19960,52.709999084472656,51.72636032104492
19961,19.56999969482422,19.216724395751953
19962,37.4900016784668,35.96407699584961
19963,37.369998931884766,34.8560676574707
19964,15.0600004196167,14.86729621887207
19965,7.599999904632568,6.52761173248291
19966,8.8100004196167,8.082244873046875
19967,21.09000015258789,19.914703369140625
19968,37.290000915527344,36.03009033203125
19969,28.489999771118164,27.477739334106445
19970,23.8700008392334,22.755102157592773
19971,56.5099983215332,55.93826675415039
19972,23.56999969482422,22.640270233154297
19973,44.5099983215332,42.484745025634766
19974,9.930000305175781,9.555208206176758
19975,47.75,47.14777755737305
19976,19.899999618530273,19.59493637084961
19977,20.420000076293945,19.329008102416992
19978,21.559999465942383,20.5489501953125
19979,10.289999961853027,9.878494262695312
19980,48.7599983215332,46.5261344909668
19981,27.950000762939453,27.247249603271484
19982,26.75,26.721256256103516
19983,18.56999969482422,17.412677764892578
19984,6.75,5.228086471557617
19985,23.950000762939453,22.042518615722656
19986,10.529999732971191,9.935669898986816
19987,43.540000915527344,41.66533660888672
19988,26.93000030517578,25.854820251464844
19989,37.56999969482422,37.435604095458984
19990,30.280000686645508,29.79029655456543
19991,19.959999084472656,18.290603637695312
19992,68.25,67.12417602539062
19993,7.860000133514404,7.539182662963867
19994,12.029999732971191,11.879656791687012
19995,18.200000762939453,17.82961654663086
19996,35.0,33.81906509399414
19997,27.459999084472656,27.155101776123047
19998,44.529998779296875,43.23147201538086
19999,57.810001373291016,56.02318572998047
20000,3.359999895095825,2.1035842895507812
20001,20.360000610351562,19.822978973388672
20002,30.440000534057617,29.893543243408203
20003,13.350000381469727,12.65429973602295
20004,29.600000381469727,29.238969802856445
20005,33.65999984741211,33.12712097167969
20006,19.1299991607666,17.6431941986084
20007,47.02000045776367,45.0493049621582
20008,58.77000045776367,54.35409164428711
20009,60.689998626708984,59.611934661865234
20010,45.599998474121094,44.31697463989258
20011,26.299999237060547,25.29883575439453
20012,25.729999542236328,24.419822692871094
20013,16.479999542236328,15.674736022949219
20014,12.90999984741211,13.213966369628906
20015,27.780000686645508,26.29633140563965
20016,12.949999809265137,11.772871017456055
20017,11.279999732971191,11.29430866241455
20018,20.600000381469727,19.610326766967773
20019,24.25,22.703542709350586
20020,62.470001220703125,63.121150970458984
20021,18.75,18.23494529724121
20022,14.989999771118164,14.103495597839355
20023,18.940000534057617,18.25372314453125
20024,48.25,48.226200103759766
20025,31.530000686645508,30.541858673095703
20026,7.03000020980835,5.963474750518799
20027,24.280000686645508,23.942882537841797
20028,13.880000114440918,13.914788246154785
20029,11.960000038146973,11.781478881835938
20030,29.959999084472656,28.331798553466797
20031,38.150001525878906,36.66921615600586
20032,44.86000061035156,44.34602737426758
20033,13.600000381469727,13.388526916503906
20034,11.479999542236328,11.510737419128418
20035,28.059999465942383,26.0449275970459
20036,8.989999771118164,8.097445487976074
20037,19.760000228881836,19.04454231262207
20038,12.0600004196167,11.467944145202637
20039,30.760000228881836,28.75444221496582
20040,40.29999923706055,39.64488220214844
20041,19.600000381469727,18.19239044189453
20042,34.40999984741211,34.379966735839844
20043,21.139999389648438,20.866487503051758
20044,4.760000228881836,3.5399131774902344
20045,38.16999816894531,36.704383850097656
20046,20.809999465942383,19.88414764404297
20047,12.880000114440918,11.800703048706055
20048,9.140000343322754,8.489933967590332
20049,33.79999923706055,33.27434158325195
20050,32.79999923706055,32.18672561645508
20051,74.95999908447266,72.21878051757812
20052,14.270000457763672,13.55615520477295
20053,9.979999542236328,9.055044174194336
20054,23.920000076293945,23.071170806884766
20055,39.060001373291016,37.498783111572266
20056,34.060001373291016,32.46141815185547
20057,44.5,43.936729431152344
20058,31.309999465942383,30.93494415283203
20059,31.75,31.82861328125
20060,52.189998626708984,52.53229904174805
20061,33.81999969482422,30.900955200195312
20062,36.900001525878906,36.38982009887695
20063,21.440000534057617,20.657358169555664
20064,19.639999389648438,19.217945098876953
20065,26.6200008392334,24.427715301513672
20066,18.40999984741211,17.103904724121094
20067,9.1899995803833,7.586081027984619
20068,71.20999908447266,64.15923309326172
20069,31.31999969482422,30.237079620361328
20070,34.689998626708984,33.40026092529297
20071,23.110000610351562,22.445144653320312
20072,32.61000061035156,31.007078170776367
20073,23.90999984741211,23.417034149169922
20074,30.15999984741211,29.532167434692383
20075,12.899999618530273,12.051139831542969
20076,24.559999465942383,23.286514282226562
20077,40.4900016784668,38.2634391784668
20078,8.0,6.931464195251465
20079,26.270000457763672,24.43416976928711
20080,32.75,31.7349853515625
20081,3.7799999713897705,2.703448534011841
20082,28.600000381469727,27.374698638916016
20083,32.06999969482422,31.24614906311035
20084,51.90999984741211,51.038063049316406
20085,51.52000045776367,49.532752990722656
20086,37.95000076293945,35.1452522277832
20087,22.079999923706055,20.85379409790039
20088,43.33000183105469,42.64590835571289
20089,35.86000061035156,35.437068939208984
20090,14.989999771118164,14.300484657287598
20091,46.38999938964844,45.879276275634766
20092,37.4900016784668,37.078773498535156
20093,9.1899995803833,8.781790733337402
20094,18.760000228881836,17.814727783203125
20095,49.97999954223633,48.81938552856445
20096,12.75,11.48266887664795
20097,69.97000122070312,66.71285247802734
20098,18.170000076293945,17.196338653564453
20099,20.09000015258789,19.22402000427246
20100,11.630000114440918,10.904681205749512
20101,50.41999816894531,48.582313537597656
20102,19.34000015258789,18.129165649414062
20103,16.860000610351562,17.07126808166504
20104,19.299999237060547,18.23836898803711
20105,33.68000030517578,33.07650375366211
20106,16.290000915527344,16.359619140625
20107,32.34000015258789,31.162986755371094
20108,12.59000015258789,11.828651428222656
20109,8.640000343322754,7.547335624694824
20110,23.40999984741211,23.11261558532715
20111,17.209999084472656,16.640403747558594
20112,37.22999954223633,36.273380279541016
20113,29.170000076293945,28.012577056884766
20114,30.030000686645508,29.545204162597656
20115,30.860000610351562,31.55984115600586
20116,14.920000076293945,14.525765419006348
20117,25.56999969482422,23.911476135253906
20118,27.149999618530273,26.655765533447266
20119,63.09000015258789,61.31049346923828
20120,14.609999656677246,13.702507972717285
20121,17.34000015258789,16.560758590698242
20122,11.550000190734863,10.726580619812012
20123,28.979999542236328,28.3225040435791
20124,47.11000061035156,45.40930938720703
20125,29.719999313354492,27.44687271118164
20126,33.29999923706055,32.40217590332031
20127,32.59000015258789,31.5610408782959
20128,20.6200008392334,19.879589080810547
20129,15.25,14.447123527526855
20130,5.28000020980835,3.6564106941223145
20131,26.309999465942383,25.094104766845703
20132,19.510000228881836,19.530481338500977
20133,32.630001068115234,32.6658821105957
20134,35.959999084472656,34.869361877441406
20135,14.180000305175781,13.91875171661377
20136,5.239999771118164,4.418135643005371
20137,34.779998779296875,33.8548469543457
20138,36.75,35.466217041015625
20139,49.77000045776367,47.38825607299805
20140,16.5,15.92255973815918
20141,7.559999942779541,6.535403728485107
20142,35.15999984741211,34.14889144897461
20143,22.15999984741211,21.148693084716797
20144,3.559999942779541,2.4412853717803955
20145,38.91999816894531,37.89513397216797
20146,3.690000057220459,2.5774624347686768
20147,30.459999084472656,29.942676544189453
20148,9.359999656677246,8.413819313049316
20149,25.260000228881836,24.609704971313477
20150,44.83000183105469,42.544307708740234
20151,56.2599983215332,54.10177993774414
20152,7.019999980926514,5.8580546379089355
20153,76.0999984741211,74.69121551513672
20154,15.989999771118164,15.711673736572266
20155,2.759999990463257,1.2667008638381958
20156,8.680000305175781,7.669207572937012
20157,34.77000045776367,35.006248474121094
20158,30.270000457763672,29.147441864013672
20159,33.22999954223633,31.636383056640625
20160,34.43000030517578,33.623172760009766
20161,47.130001068115234,45.711875915527344
20162,18.299999237060547,16.76848602294922
20163,5.090000152587891,3.813521385192871
20164,8.920000076293945,7.9303789138793945
20165,66.41999816894531,64.50331115722656
20166,20.3799991607666,19.360292434692383
20167,10.449999809265137,10.296601295471191
20168,59.68000030517578,58.12656021118164
20169,27.40999984741211,27.534046173095703
20170,22.100000381469727,21.751731872558594
20171,40.9900016784668,40.218048095703125
20172,46.79999923706055,46.638328552246094
20173,6.639999866485596,5.727394104003906
20174,65.30000305175781,62.81108856201172
20175,18.65999984741211,18.296281814575195
20176,46.7599983215332,44.36320114135742
20177,27.600000381469727,27.10776138305664
20178,33.9900016784668,34.09104537963867
20179,45.83000183105469,44.084896087646484
20180,16.110000610351562,15.625505447387695
20181,6.980000019073486,5.914586067199707
20182,19.829999923706055,19.090492248535156
20183,38.650001525878906,37.98072052001953
20184,22.010000228881836,20.8241024017334
20185,22.809999465942383,21.519102096557617
20186,23.270000457763672,21.900161743164062
20187,3.930000066757202,3.3667147159576416
20188,47.970001220703125,45.44637680053711
20189,32.52000045776367,31.289470672607422
20190,20.899999618530273,18.586132049560547
20191,39.83000183105469,39.01411819458008
20192,46.9900016784668,46.18561553955078
20193,29.3799991607666,27.65851593017578
20194,36.810001373291016,34.15302276611328
20195,51.31999969482422,50.47966766357422
20196,32.13999938964844,31.47212028503418
20197,9.5600004196167,8.369086265563965
20198,10.90999984741211,9.885441780090332
20199,36.97999954223633,35.688907623291016
20200,68.94999694824219,67.80508422851562
20201,23.940000534057617,23.248687744140625
20202,35.72999954223633,34.0274772644043
20203,38.02000045776367,36.566776275634766
20204,54.72999954223633,54.39410400390625
20205,27.020000457763672,26.627960205078125
20206,8.960000038146973,7.694277763366699
20207,30.200000762939453,28.73615264892578
20208,20.93000030517578,20.162742614746094
20209,17.43000030517578,16.444869995117188
20210,12.0,10.91721248626709
20211,3.25,2.1323163509368896
20212,40.47999954223633,40.519020080566406
20213,16.889999389648438,15.636861801147461
20214,44.869998931884766,44.52876663208008
20215,34.060001373291016,33.02809524536133
20216,53.83000183105469,51.62924575805664
20217,21.100000381469727,19.737960815429688
20218,11.989999771118164,11.62890338897705
20219,45.029998779296875,43.85860061645508
20220,40.439998626708984,38.90636444091797
20221,23.75,22.357736587524414
20222,16.149999618530273,15.207132339477539
20223,18.530000686645508,17.9187068939209
20224,24.649999618530273,23.516538619995117
20225,17.68000030517578,16.662229537963867
20226,8.539999961853027,7.937380790710449
20227,45.119998931884766,45.81612014770508
20228,19.8799991607666,18.966644287109375
20229,20.739999771118164,20.12419891357422
20230,11.079999923706055,10.010018348693848
20231,23.969999313354492,23.071325302124023
20232,42.59000015258789,41.96225357055664
20233,46.2599983215332,44.865028381347656
20234,40.40999984741211,38.93648910522461
20235,7.349999904632568,6.685194492340088
20236,19.489999771118164,18.931638717651367
20237,36.400001525878906,35.78200149536133
20238,34.61000061035156,32.51872253417969
20239,10.720000267028809,9.923808097839355
20240,20.579999923706055,19.809423446655273
20241,47.33000183105469,45.23843765258789
20242,46.349998474121094,45.719600677490234
20243,20.739999771118164,18.86397933959961
20244,30.690000534057617,28.856416702270508
20245,21.540000915527344,20.46517562866211
20246,14.430000305175781,13.986048698425293
20247,23.799999237060547,21.316696166992188
20248,33.790000915527344,32.574954986572266
20249,36.560001373291016,35.63159942626953
20250,43.97999954223633,43.60549545288086
20251,30.530000686645508,30.534439086914062
20252,39.220001220703125,38.17488479614258
20253,23.549999237060547,22.956647872924805
20254,28.93000030517578,27.928491592407227
20255,42.970001220703125,42.00404739379883
20256,19.59000015258789,18.424156188964844
20257,2.5299999713897705,1.576663613319397
20258,31.34000015258789,30.01326560974121
20259,3.759999990463257,2.105081558227539
20260,33.959999084472656,31.639986038208008
20261,17.579999923706055,16.79840087890625
20262,47.029998779296875,47.76670455932617
20263,2.0399999618530273,1.2566591501235962
20264,18.920000076293945,17.48700714111328
20265,17.18000030517578,17.331615447998047
20266,44.75,44.083526611328125
20267,8.229999542236328,6.769930839538574
20268,18.979999542236328,18.414470672607422
20269,48.959999084472656,48.44035339355469
20270,29.229999542236328,28.16858673095703
20271,20.149999618530273,19.545249938964844
20272,8.420000076293945,7.572896480560303
20273,70.91000366210938,71.8242416381836
20274,26.139999389648438,25.22341537475586
20275,19.850000381469727,19.21632194519043
20276,23.09000015258789,22.660900115966797
20277,44.16999816894531,43.10102081298828
20278,17.360000610351562,16.26609230041504
20279,41.720001220703125,39.897178649902344
20280,14.210000038146973,14.485529899597168
20281,49.18000030517578,49.68795394897461
20282,11.859999656677246,10.979497909545898
20283,24.489999771118164,22.875530242919922
20284,23.969999313354492,22.547828674316406
20285,13.430000305175781,12.368002891540527
20286,18.719999313354492,18.538681030273438
20287,41.38999938964844,42.06825637817383
20288,27.149999618530273,27.040630340576172
20289,30.290000915527344,28.59505844116211
20290,29.959999084472656,29.781221389770508
20291,32.13999938964844,31.071075439453125
20292,32.400001525878906,31.412302017211914
20293,26.040000915527344,25.189727783203125
20294,16.81999969482422,16.085294723510742
20295,38.209999084472656,37.710914611816406
20296,6.730000019073486,6.000372886657715
20297,13.470000267028809,12.955915451049805
20298,14.229999542236328,13.780600547790527
20299,21.899999618530273,21.929895401000977
20300,11.640000343322754,10.256468772888184
20301,50.369998931884766,50.54019546508789
20302,68.70999908447266,64.0678482055664
20303,16.90999984741211,16.067394256591797
20304,68.06999969482422,70.274169921875
20305,28.81999969482422,27.96539878845215
20306,5.110000133514404,4.831150531768799
20307,55.869998931884766,56.9139404296875
20308,51.599998474121094,49.531150817871094
20309,33.810001373291016,33.50151824951172
20310,13.489999771118164,12.943989753723145
20311,8.630000114440918,7.82828426361084
20312,56.36000061035156,52.23472595214844
20313,32.11000061035156,30.595001220703125
20314,17.729999542236328,16.871936798095703
20315,42.2599983215332,42.4727897644043
20316,18.670000076293945,17.77764129638672
20317,12.619999885559082,10.636923789978027
20318,28.059999465942383,26.759136199951172
20319,76.61000061035156,76.56452941894531
20320,16.81999969482422,15.776859283447266
20321,57.689998626708984,56.463104248046875
20322,50.0099983215332,48.60493087768555
20323,56.349998474121094,55.327781677246094
20324,22.100000381469727,21.47529411315918
20325,71.30000305175781,69.83087158203125
20326,13.100000381469727,12.20488452911377
20327,31.75,30.173608779907227
20328,64.94000244140625,63.74838638305664
20329,15.109999656677246,14.272568702697754
20330,8.369999885559082,7.59365701675415
20331,12.640000343322754,12.307271003723145
20332,11.5,11.794403076171875
20333,29.920000076293945,28.457130432128906
20334,25.510000228881836,25.025564193725586
20335,12.180000305175781,11.777116775512695
20336,74.37999725341797,72.95002746582031
20337,19.809999465942383,18.722702026367188
20338,56.599998474121094,53.46281814575195
20339,17.969999313354492,16.696828842163086
20340,38.880001068115234,38.51348114013672
20341,10.550000190734863,9.05311107635498
20342,58.27000045776367,57.02638244628906
20343,3.4800000190734863,2.2878549098968506
20344,41.869998931884766,41.91854476928711
20345,30.18000030517578,29.88573455810547
20346,6.489999771118164,5.7133331298828125
20347,46.790000915527344,43.51627731323242
20348,2.8499999046325684,2.0028076171875
20349,12.260000228881836,10.525518417358398
20350,40.560001373291016,38.55911636352539
20351,34.060001373291016,32.28978729248047
20352,30.100000381469727,29.507526397705078
20353,29.290000915527344,28.303321838378906
20354,20.110000610351562,19.399993896484375
20355,31.190000534057617,31.79219627380371
20356,40.970001220703125,40.27215576171875
20357,4.829999923706055,3.4819936752319336
20358,6.349999904632568,4.948550701141357
20359,27.790000915527344,26.615434646606445
20360,36.86000061035156,36.214969635009766
20361,12.359999656677246,10.979219436645508
20362,7.679999828338623,7.12628698348999
20363,22.889999389648438,21.15252685546875
20364,6.03000020980835,4.489238739013672
20365,22.600000381469727,21.63279914855957
20366,25.770000457763672,24.853294372558594
20367,26.420000076293945,25.733619689941406
20368,48.0099983215332,46.7895393371582
20369,12.329999923706055,11.503695487976074
20370,33.810001373291016,32.99203872680664
20371,45.560001373291016,45.239566802978516
20372,7.690000057220459,6.6650261878967285
20373,56.41999816894531,56.91450119018555
20374,4.179999828338623,2.844493865966797
20375,70.8499984741211,70.07977294921875
20376,55.2599983215332,53.88166046142578
20377,9.300000190734863,8.69941234588623
20378,58.939998626708984,58.155948638916016
20379,27.440000534057617,26.444032669067383
20380,12.989999771118164,12.004964828491211
20381,47.93000030517578,47.049949645996094
20382,10.369999885559082,9.498740196228027
20383,11.050000190734863,10.320233345031738
20384,25.469999313354492,24.210285186767578
20385,68.44000244140625,70.53630828857422
20386,10.260000228881836,9.699838638305664
20387,8.739999771118164,7.659118175506592
20388,68.1500015258789,66.44539642333984
20389,57.88999938964844,58.105587005615234
20390,12.630000114440918,12.091129302978516
20391,36.68000030517578,36.58835220336914
20392,48.52000045776367,49.50406265258789
20393,51.880001068115234,50.43719482421875
20394,41.0,40.639888763427734
20395,19.81999969482422,18.86920166015625
20396,18.59000015258789,18.252941131591797
20397,9.15999984741211,8.407686233520508
20398,32.880001068115234,31.411500930786133
20399,66.55999755859375,67.8401107788086
20400,39.90999984741211,38.693504333496094
20401,38.52000045776367,37.3424072265625
20402,19.969999313354492,18.463682174682617
20403,1.649999976158142,1.3356174230575562
20404,32.689998626708984,32.848697662353516
20405,32.66999816894531,31.445459365844727
20406,51.619998931884766,50.085113525390625
20407,16.510000228881836,15.662443161010742
20408,29.6200008392334,29.17718505859375
20409,35.95000076293945,34.85173416137695
20410,22.020000457763672,21.32343864440918
20411,17.8799991607666,17.00653839111328
20412,11.859999656677246,10.982177734375
20413,19.670000076293945,18.4880428314209
20414,40.70000076293945,39.6273193359375
20415,60.349998474121094,59.43882369995117
20416,20.329999923706055,19.792404174804688
20417,4.050000190734863,2.4497690200805664
20418,51.099998474121094,49.8580322265625
20419,38.939998626708984,38.26244354248047
20420,20.84000015258789,20.243606567382812
20421,19.940000534057617,19.03472137451172
20422,20.06999969482422,20.20179557800293
20423,19.739999771118164,19.082855224609375
20424,73.25,71.18974304199219
20425,40.970001220703125,39.739261627197266
20426,2.6500000953674316,1.386613130569458
20427,6.599999904632568,6.123023509979248
20428,46.099998474121094,46.57406234741211
20429,13.710000038146973,13.227298736572266
20430,25.920000076293945,24.76003074645996
20431,23.520000457763672,23.573097229003906
20432,6.539999961853027,5.725063800811768
20433,60.0,56.59743118286133
20434,10.75,10.331975936889648
20435,43.18000030517578,43.148197174072266
20436,22.010000228881836,20.190486907958984
20437,17.899999618530273,16.66484832763672
20438,48.08000183105469,47.47557067871094
20439,4.900000095367432,3.4495859146118164
20440,48.52000045776367,48.162841796875
20441,10.119999885559082,10.049223899841309
20442,35.2599983215332,35.2061882019043
20443,13.529999732971191,13.04135513305664
20444,19.940000534057617,19.326885223388672
20445,18.059999465942383,17.46823501586914
20446,24.610000610351562,23.561725616455078
20447,7.449999809265137,6.609653472900391
20448,44.31999969482422,44.85837173461914
20449,69.12999725341797,64.53711700439453
20450,48.529998779296875,46.990779876708984
20451,67.55999755859375,66.00727081298828
20452,37.7400016784668,35.94164276123047
20453,28.34000015258789,26.917898178100586
20454,15.170000076293945,14.04097843170166
20455,8.020000457763672,7.464062690734863
20456,13.130000114440918,12.533727645874023
20457,13.109999656677246,12.114339828491211
20458,21.93000030517578,20.633010864257812
20459,25.239999771118164,24.443378448486328
20460,13.850000381469727,13.593491554260254
20461,17.780000686645508,16.919803619384766
20462,56.400001525878906,53.626590728759766
20463,13.710000038146973,14.447833061218262
20464,47.83000183105469,45.94472122192383
20465,12.829999923706055,12.271683692932129
20466,5.170000076293945,4.107235431671143
20467,31.670000076293945,30.350780487060547
20468,18.299999237060547,17.35190200805664
20469,15.630000114440918,14.375514030456543
20470,55.060001373291016,52.58415985107422
20471,39.119998931884766,37.338985443115234
20472,8.079999923706055,7.198110580444336
20473,14.729999542236328,14.170554161071777
20474,56.16999816894531,54.390865325927734
20475,16.360000610351562,15.981414794921875
20476,47.099998474121094,45.33441925048828
20477,47.560001373291016,46.378700256347656
20478,49.18000030517578,47.044227600097656
20479,41.720001220703125,40.658626556396484
20480,32.7400016784668,30.993057250976562
20481,29.239999771118164,29.099899291992188
20482,30.31999969482422,29.44242286682129
20483,19.200000762939453,18.67548370361328
20484,45.27000045776367,44.32307052612305
20485,69.29000091552734,67.0968246459961
20486,17.579999923706055,15.902837753295898
20487,49.25,48.59450912475586
20488,31.43000030517578,29.45370101928711
20489,19.329999923706055,18.628707885742188
20490,35.220001220703125,33.72776412963867
20491,28.239999771118164,26.698867797851562
20492,7.690000057220459,6.575766563415527
20493,45.439998626708984,44.04964065551758
20494,24.40999984741211,23.78046417236328
20495,54.119998931884766,53.54537582397461
20496,23.6200008392334,22.948955535888672
20497,58.0,58.1338005065918
20498,49.349998474121094,46.716796875
20499,11.0,10.202969551086426
20500,17.34000015258789,16.816579818725586
20501,8.75,8.200796127319336
20502,47.709999084472656,45.72701644897461
20503,25.450000762939453,24.28578758239746
20504,20.920000076293945,19.78661346435547
20505,18.579999923706055,17.455026626586914
20506,35.06999969482422,33.82355499267578
20507,34.650001525878906,33.71669006347656
20508,20.690000534057617,19.509069442749023
20509,74.7699966430664,70.45796203613281
20510,20.0,18.856172561645508
20511,26.56999969482422,25.862342834472656
20512,9.789999961853027,9.03154468536377
20513,46.189998626708984,46.425350189208984
20514,66.54000091552734,67.24987030029297
20515,9.34000015258789,8.4178466796875
20516,13.119999885559082,12.264239311218262
20517,18.100000381469727,17.186365127563477
20518,6.059999942779541,4.968081474304199
20519,33.349998474121094,32.99057388305664
20520,15.100000381469727,14.69925308227539
20521,16.809999465942383,15.82213020324707
20522,13.960000038146973,13.052148818969727
20523,26.139999389648438,24.419506072998047
20524,43.560001373291016,43.38386917114258
20525,2.890000104904175,2.0433642864227295
20526,42.060001373291016,40.96309280395508
20527,24.969999313354492,24.16553497314453
20528,46.7400016784668,46.71997833251953
20529,23.889999389648438,21.990234375
20530,43.33000183105469,42.02895736694336
20531,11.100000381469727,10.235116958618164
20532,3.630000114440918,3.069525957107544
20533,21.049999237060547,20.178403854370117
20534,18.959999084472656,18.319345474243164
20535,62.88999938964844,59.49275207519531
20536,35.38999938964844,34.5203742980957
20537,13.130000114440918,13.40318489074707
20538,30.260000228881836,30.110698699951172
20539,19.0,17.797863006591797
20540,51.83000183105469,48.53450012207031
20541,16.950000762939453,15.795808792114258
20542,64.9000015258789,64.11894226074219
20543,15.369999885559082,14.954200744628906
20544,22.969999313354492,22.20904541015625
20545,37.630001068115234,36.90060043334961
20546,19.65999984741211,18.63164520263672
20547,33.310001373291016,32.8089485168457
20548,38.68000030517578,38.70180892944336
20549,22.440000534057617,22.48005485534668
20550,47.15999984741211,47.87147903442383
20551,16.6299991607666,16.409074783325195
20552,47.88999938964844,46.665374755859375
20553,27.639999389648438,26.074356079101562
20554,23.399999618530273,22.72461700439453
20555,22.899999618530273,21.738872528076172
20556,11.5,10.731560707092285
20557,42.81999969482422,41.57544708251953
20558,55.119998931884766,54.80448913574219
20559,17.690000534057617,16.953201293945312
20560,22.8799991607666,22.064016342163086
20561,19.549999237060547,18.856863021850586
20562,37.279998779296875,38.38513946533203
20563,32.84000015258789,32.954986572265625
20564,40.56999969482422,38.756004333496094
20565,50.619998931884766,49.84922790527344
20566,57.150001525878906,55.737613677978516
20567,42.470001220703125,41.26243209838867
20568,14.90999984741211,13.964468955993652
20569,0.4699999988079071,1.0837551355361938
20570,31.510000228881836,29.89354705810547
20571,35.11000061035156,33.80134963989258
20572,5.090000152587891,4.228400230407715
20573,3.3499999046325684,2.1661365032196045
20574,20.110000610351562,19.40514373779297
20575,71.81999969482422,71.75247955322266
20576,31.90999984741211,31.004981994628906
20577,42.52000045776367,40.63434982299805
20578,4.300000190734863,2.8199007511138916
20579,26.90999984741211,25.645998001098633
20580,20.040000915527344,18.708152770996094
20581,3.1500000953674316,1.9070179462432861
20582,19.149999618530273,18.399677276611328
20583,18.959999084472656,19.104732513427734
20584,23.790000915527344,23.3162841796875
20585,59.279998779296875,56.36032485961914
20586,1.090000033378601,1.3184723854064941
20587,17.280000686645508,16.404827117919922
20588,20.729999542236328,20.016891479492188
20589,36.7400016784668,36.20128631591797
20590,22.799999237060547,21.295984268188477
20591,57.779998779296875,56.45882034301758
20592,14.449999809265137,13.313488006591797
20593,32.16999816894531,31.156343460083008
20594,33.84000015258789,32.97287368774414
20595,13.390000343322754,12.737902641296387
20596,76.58999633789062,75.88412475585938
20597,35.810001373291016,34.36317443847656
20598,18.420000076293945,16.866304397583008
20599,64.01000213623047,60.048824310302734
20600,15.680000305175781,15.079095840454102
20601,3.759999990463257,2.59688663482666
20602,18.530000686645508,17.991788864135742
20603,18.170000076293945,17.76220703125
20604,40.72999954223633,39.34981155395508
20605,31.559999465942383,31.103818893432617
20606,39.81999969482422,40.444252014160156
20607,20.829999923706055,20.03243637084961
20608,17.549999237060547,17.27169418334961
20609,49.709999084472656,50.180458068847656
20610,12.140000343322754,11.594741821289062
20611,34.65999984741211,33.915428161621094
20612,3.950000047683716,2.704970598220825
20613,9.949999809265137,7.669380187988281
20614,42.2599983215332,41.80379867553711
20615,30.270000457763672,29.058643341064453
20616,26.059999465942383,24.861042022705078
20617,9.529999732971191,8.491364479064941
20618,55.810001373291016,57.24494934082031
20619,16.06999969482422,15.213603973388672
20620,30.8799991607666,29.806190490722656
20621,33.959999084472656,33.1893310546875
20622,44.84000015258789,44.73413848876953
20623,12.510000228881836,12.260502815246582
20624,13.210000038146973,13.002519607543945
20625,23.850000381469727,23.382854461669922
20626,47.41999816894531,44.23463439941406
20627,39.290000915527344,37.4569091796875
20628,34.04999923706055,32.85075759887695
20629,10.8100004196167,9.67446517944336
20630,18.229999542236328,17.40468406677246
20631,28.639999389648438,27.294757843017578
20632,11.170000076293945,10.788825988769531
20633,17.440000534057617,16.138059616088867
20634,59.119998931884766,58.70840835571289
20635,13.359999656677246,12.40788459777832
20636,45.79999923706055,43.13288116455078
20637,28.6200008392334,27.584270477294922
20638,13.800000190734863,13.443658828735352
20639,10.789999961853027,10.050414085388184
20640,33.599998474121094,33.21870803833008
20641,15.069999694824219,14.1576566696167
20642,5.940000057220459,4.562485694885254
20643,25.280000686645508,23.958044052124023
20644,77.94000244140625,68.4105224609375
20645,30.510000228881836,29.524503707885742
20646,17.709999084472656,17.267728805541992
20647,7.96999979019165,5.311182498931885
20648,50.90999984741211,47.81977844238281
20649,25.549999237060547,25.954574584960938
20650,57.95000076293945,56.18632507324219
20651,18.6200008392334,17.815828323364258
20652,48.91999816894531,47.868656158447266
20653,22.65999984741211,22.48305320739746
20654,45.88999938964844,44.39545822143555
20655,47.439998626708984,46.866127014160156
20656,30.8799991607666,30.75429344177246
20657,32.27000045776367,32.306480407714844
20658,20.959999084472656,20.98811912536621
20659,17.520000457763672,16.86204719543457
20660,56.59000015258789,53.4500732421875
20661,5.369999885559082,5.868866920471191
20662,21.600000381469727,20.724937438964844
20663,28.18000030517578,25.512287139892578
20664,21.479999542236328,21.171207427978516
20665,54.16999816894531,53.46892547607422
20666,36.79999923706055,36.400516510009766
20667,32.4900016784668,32.71929931640625
20668,31.030000686645508,30.313488006591797
20669,23.790000915527344,22.705032348632812
20670,26.350000381469727,24.80973243713379
20671,37.459999084472656,36.1160774230957
20672,11.479999542236328,11.187628746032715
20673,24.110000610351562,22.304771423339844
20674,73.63999938964844,72.61259460449219
20675,50.869998931884766,49.61589050292969
20676,64.7699966430664,64.38668823242188
20677,16.959999084472656,16.37384605407715
20678,16.579999923706055,15.968561172485352
20679,42.470001220703125,41.57572555541992
20680,30.8799991607666,30.09366226196289
20681,45.810001373291016,45.833927154541016
20682,34.83000183105469,34.10187530517578
20683,18.610000610351562,18.126359939575195
20684,22.09000015258789,20.918230056762695
20685,9.09000015258789,8.013701438903809
20686,16.579999923706055,15.587522506713867
20687,9.539999961853027,8.09068775177002
20688,23.989999771118164,23.16236686706543
20689,59.45000076293945,59.901485443115234
20690,5.190000057220459,3.85709285736084
20691,50.38999938964844,49.73942184448242
20692,36.959999084472656,36.62083435058594
20693,65.83999633789062,64.265869140625
20694,5.610000133514404,4.49382209777832
20695,16.950000762939453,16.857452392578125
20696,58.119998931884766,57.637935638427734
20697,45.06999969482422,43.82052230834961
20698,56.0,53.501529693603516
20699,27.049999237060547,26.09681510925293
20700,42.84000015258789,41.506683349609375
20701,24.520000457763672,23.779125213623047
20702,13.850000381469727,13.018827438354492
20703,22.5,20.969192504882812
20704,25.260000228881836,25.274768829345703
20705,9.699999809265137,9.279487609863281
20706,39.79999923706055,37.81083679199219
20707,22.200000762939453,21.04383087158203
20708,40.790000915527344,40.3618278503418
20709,31.739999771118164,31.1561279296875
20710,36.540000915527344,35.83463668823242
20711,47.25,44.54587936401367
20712,17.3799991607666,16.873735427856445
20713,27.110000610351562,25.88414192199707
20714,27.610000610351562,27.25204086303711
20715,54.56999969482422,53.19614791870117
20716,13.119999885559082,11.74195671081543
20717,52.04999923706055,49.29252243041992
20718,6.610000133514404,5.2350850105285645
20719,28.59000015258789,27.217666625976562
20720,62.20000076293945,60.22543716430664
20721,9.430000305175781,7.667669773101807
20722,59.83000183105469,57.953765869140625
20723,58.75,57.22832107543945
20724,24.90999984741211,24.147563934326172
20725,75.5999984741211,73.80582427978516
20726,28.3799991607666,27.334285736083984
20727,8.529999732971191,7.764071941375732
20728,69.58999633789062,68.42957305908203
20729,19.520000457763672,19.124258041381836
20730,52.349998474121094,51.86259460449219
20731,20.350000381469727,19.95315933227539
20732,2.7899999618530273,2.1064870357513428
20733,12.600000381469727,12.591699600219727
20734,22.3700008392334,22.213823318481445
20735,23.760000228881836,21.492094039916992
20736,14.350000381469727,13.896883964538574
20737,27.639999389648438,27.702499389648438
20738,48.540000915527344,48.177066802978516
20739,27.530000686645508,26.103912353515625
20740,57.54999923706055,55.98005294799805
20741,58.90999984741211,57.127437591552734
20742,5.610000133514404,4.5836029052734375
20743,24.829999923706055,23.563613891601562
20744,54.83000183105469,53.89988327026367
20745,8.34000015258789,7.581488609313965
20746,5.329999923706055,4.230527877807617
20747,21.1299991607666,20.25653839111328
20748,25.309999465942383,23.22760009765625
20749,28.43000030517578,27.220726013183594
20750,21.68000030517578,20.103853225708008
20751,39.70000076293945,38.0528450012207
20752,8.350000381469727,6.704085350036621
20753,35.40999984741211,33.767120361328125
20754,1.659999966621399,1.2317063808441162
20755,2.1700000762939453,2.256563901901245
20756,47.66999816894531,44.4774055480957
20757,60.2599983215332,59.241172790527344
20758,26.690000534057617,26.609142303466797
20759,29.280000686645508,28.287906646728516
20760,42.459999084472656,40.14615249633789
20761,10.130000114440918,8.817309379577637
20762,27.989999771118164,26.363317489624023
20763,29.0,26.491180419921875
20764,30.200000762939453,29.29213523864746
20765,41.7599983215332,40.02994918823242
20766,11.729999542236328,10.922907829284668
20767,23.81999969482422,22.802845001220703
20768,32.18000030517578,31.28976821899414
20769,44.880001068115234,42.16463851928711
20770,21.8700008392334,20.78529930114746
20771,42.15999984741211,40.37825393676758
20772,42.13999938964844,42.07994079589844
20773,5.789999961853027,4.308751106262207
20774,44.58000183105469,43.47582244873047
20775,33.43000030517578,32.809112548828125
20776,21.739999771118164,21.497196197509766
20777,51.790000915527344,49.37063980102539
20778,29.209999084472656,28.970619201660156
20779,7.889999866485596,7.045101642608643
20780,44.630001068115234,43.2641487121582
20781,41.54999923706055,42.37441635131836
20782,31.709999084472656,30.57485580444336
20783,31.510000228881836,29.89962387084961
20784,20.100000381469727,18.437259674072266
20785,26.829999923706055,25.5987606048584
20786,3.430000066757202,2.0364937782287598
20787,61.15999984741211,56.36048126220703
20788,25.280000686645508,24.23382568359375
20789,29.760000228881836,28.736791610717773
20790,3.8499999046325684,2.9577114582061768
20791,35.7400016784668,34.65303039550781
20792,0.9300000071525574,1.0661170482635498
20793,14.25,13.17176628112793
20794,14.550000190734863,13.78186321258545
20795,57.29999923706055,57.02606201171875
20796,4.920000076293945,3.512899160385132
20797,13.09000015258789,12.34470272064209
20798,35.68000030517578,34.97237014770508
20799,41.22999954223633,40.91111373901367
20800,20.459999084472656,20.13238525390625
20801,22.520000457763672,21.121110916137695
20802,36.43000030517578,35.64872360229492
20803,17.06999969482422,16.254901885986328
20804,29.81999969482422,28.825870513916016
20805,26.729999542236328,27.226179122924805
20806,21.829999923706055,19.846805572509766
20807,30.81999969482422,30.042362213134766
20808,16.600000381469727,15.76423454284668
20809,28.790000915527344,26.923934936523438
20810,30.940000534057617,28.93402862548828
20811,40.150001525878906,39.500431060791016
20812,24.489999771118164,22.646682739257812
20813,43.689998626708984,43.500701904296875
20814,4.199999809265137,3.4488525390625
20815,39.97999954223633,39.21918869018555
20816,28.850000381469727,28.556623458862305
20817,41.599998474121094,41.113651275634766
20818,10.489999771118164,9.982751846313477
20819,21.170000076293945,20.419174194335938
20820,15.600000381469727,14.340462684631348
20821,7.489999771118164,6.400278568267822
20822,21.09000015258789,20.032886505126953
20823,12.859999656677246,11.897059440612793
20824,56.02000045776367,54.709503173828125
20825,43.5,42.56465148925781
20826,15.729999542236328,15.453056335449219
20827,30.760000228881836,29.549694061279297
20828,43.900001525878906,42.09314727783203
20829,24.09000015258789,22.31501007080078
20830,20.559999465942383,19.997516632080078
20831,8.6899995803833,7.631477355957031
20832,19.200000762939453,17.722824096679688
20833,36.939998626708984,36.396087646484375
20834,7.559999942779541,6.875372409820557
20835,9.15999984741211,8.49669075012207
20836,35.650001525878906,34.67898178100586
20837,34.68000030517578,32.60237503051758
20838,44.290000915527344,43.882347106933594
20839,14.649999618530273,12.765948295593262
20840,34.11000061035156,33.220558166503906
20841,13.350000381469727,12.406883239746094
20842,40.380001068115234,39.63740158081055
20843,8.199999809265137,6.488401412963867
20844,54.099998474121094,54.3342399597168
20845,17.959999084472656,16.650136947631836
20846,15.4399995803833,15.129987716674805
20847,24.389999389648438,24.695507049560547
20848,21.190000534057617,20.238853454589844
20849,4.409999847412109,2.2963571548461914
20850,21.510000228881836,20.85733413696289
20851,40.619998931884766,39.3803596496582
20852,14.25,13.33979606628418
20853,5.599999904632568,3.86590838432312
20854,31.329999923706055,30.886323928833008
20855,47.08000183105469,45.229270935058594
20856,9.029999732971191,8.283295631408691
20857,52.470001220703125,51.54623794555664
20858,29.06999969482422,28.27608871459961
20859,9.109999656677246,8.531527519226074
20860,21.139999389648438,19.375633239746094
20861,9.210000038146973,8.446503639221191
20862,19.90999984741211,19.02459716796875
20863,26.950000762939453,26.98189926147461
20864,13.300000190734863,12.491605758666992
20865,29.25,30.008573532104492
20866,18.81999969482422,17.542497634887695
20867,21.5,21.25084686279297
20868,35.75,35.002159118652344
20869,29.709999084472656,29.016529083251953
20870,39.41999816894531,36.42503356933594
20871,19.200000762939453,18.133689880371094
20872,7.840000152587891,7.5253682136535645
20873,40.779998779296875,40.1160774230957
20874,55.18000030517578,54.59298324584961
20875,22.809999465942383,21.48282241821289
20876,22.969999313354492,23.285734176635742
20877,8.510000228881836,7.820273399353027
20878,46.2599983215332,44.4920539855957
20879,56.459999084472656,55.55622100830078
20880,65.51000213623047,64.70516204833984
20881,11.989999771118164,11.193078994750977
20882,19.81999969482422,19.12496566772461
20883,27.850000381469727,26.339752197265625
20884,19.920000076293945,18.69576644897461
20885,3.3499999046325684,2.1049816608428955
20886,48.029998779296875,48.010501861572266
20887,32.040000915527344,31.684375762939453
20888,41.09000015258789,40.01993179321289
20889,34.15999984741211,33.24650192260742
20890,56.58000183105469,55.21168518066406
20891,3.569999933242798,2.589754581451416
20892,25.559999465942383,24.295869827270508
20893,19.31999969482422,18.321460723876953
20894,43.68000030517578,41.82149887084961
20895,50.7400016784668,48.956687927246094
20896,18.06999969482422,17.470720291137695
20897,50.04999923706055,47.270809173583984
20898,19.450000762939453,18.81145477294922
20899,52.36000061035156,49.87982940673828
20900,38.220001220703125,37.10285186767578
20901,26.0,24.230224609375
20902,24.8799991607666,23.224658966064453
20903,23.34000015258789,21.83080291748047
20904,15.779999732971191,15.05904769897461
20905,51.70000076293945,49.71803665161133
20906,23.15999984741211,21.895801544189453
20907,19.739999771118164,19.382720947265625
20908,10.470000267028809,9.337221145629883
20909,20.610000610351562,20.074615478515625
20910,26.59000015258789,25.492902755737305
20911,38.04999923706055,35.95473098754883
20912,2.1500000953674316,1.1716350317001343
20913,8.84000015258789,7.929801940917969
20914,29.729999542236328,29.257410049438477
20915,55.599998474121094,54.924930572509766
20916,9.100000381469727,8.811698913574219
20917,46.13999938964844,44.872276306152344
20918,32.189998626708984,31.501155853271484
20919,17.479999542236328,16.653549194335938
20920,8.949999809265137,7.3667778968811035
20921,11.180000305175781,9.40579605102539
20922,48.90999984741211,45.4394645690918
20923,14.25,14.181382179260254
20924,62.04999923706055,61.39680099487305
20925,29.829999923706055,29.12017059326172
20926,35.34000015258789,35.261268615722656
20927,14.069999694824219,13.520249366760254
20928,23.530000686645508,21.998165130615234
20929,22.739999771118164,22.863731384277344
20930,47.18000030517578,44.610530853271484
20931,44.25,43.80375289916992
20932,28.299999237060547,27.23359489440918
20933,9.520000457763672,8.833353996276855
20934,20.90999984741211,20.06064224243164
20935,57.869998931884766,54.677574157714844
20936,16.440000534057617,15.823698043823242
20937,10.140000343322754,9.251879692077637
20938,9.710000038146973,8.690349578857422
20939,9.40999984741211,8.00937271118164
20940,29.770000457763672,28.814178466796875
20941,53.2599983215332,51.41946029663086
20942,15.729999542236328,14.84112548828125
20943,31.059999465942383,30.171588897705078
20944,34.040000915527344,33.300289154052734
20945,27.709999084472656,26.443418502807617
20946,61.970001220703125,62.29164505004883
20947,60.970001220703125,59.81890106201172
20948,18.270000457763672,17.814321517944336
20949,10.010000228881836,9.30977725982666
20950,44.130001068115234,44.374935150146484
20951,31.690000534057617,29.80141830444336
20952,8.0600004196167,6.866666793823242
20953,52.040000915527344,50.15871047973633
20954,29.639999389648438,29.150066375732422
20955,27.770000457763672,25.707609176635742
20956,47.7400016784668,46.095035552978516
20957,11.210000038146973,11.246171951293945
20958,23.75,22.00534439086914
20959,62.150001525878906,59.44352340698242
20960,8.350000381469727,5.819774150848389
20961,5.619999885559082,3.947077512741089
20962,18.600000381469727,17.242176055908203
20963,35.22999954223633,34.162044525146484
20964,23.899999618530273,21.36383628845215
20965,52.040000915527344,51.789695739746094
20966,37.38999938964844,36.729740142822266
20967,26.219999313354492,25.38251495361328
20968,9.6899995803833,9.224812507629395
20969,43.529998779296875,42.105716705322266
20970,34.81999969482422,34.29230499267578
20971,27.65999984741211,26.961063385009766
20972,40.290000915527344,38.99306869506836
20973,17.43000030517578,16.357826232910156
20974,4.989999771118164,3.8599627017974854
20975,17.059999465942383,16.251819610595703
20976,46.529998779296875,43.79207229614258
20977,18.40999984741211,17.24915313720703
20978,29.440000534057617,28.459339141845703
20979,15.319999694824219,14.84544563293457
20980,50.2599983215332,48.91153335571289
20981,8.829999923706055,7.342680931091309
20982,25.600000381469727,24.453346252441406
20983,20.719999313354492,20.861454010009766
20984,10.829999923706055,10.210862159729004
20985,3.2300000190734863,2.285614490509033
20986,29.229999542236328,27.952001571655273
20987,32.43000030517578,32.018802642822266
20988,31.100000381469727,30.32142448425293
20989,5.199999809265137,3.6742987632751465
20990,34.18000030517578,33.35086441040039
20991,10.979999542236328,10.794885635375977
20992,23.979999542236328,23.66356658935547
20993,31.280000686645508,31.13151741027832
20994,31.649999618530273,31.847911834716797
20995,43.880001068115234,43.796531677246094
20996,4.739999771118164,3.5893757343292236
20997,32.619998931884766,31.757301330566406
20998,29.639999389648438,28.57288360595703
20999,49.18000030517578,47.065250396728516
21000,5.139999866485596,4.124208450317383
21001,21.56999969482422,20.737613677978516
21002,41.189998626708984,39.98897171020508
21003,11.010000228881836,9.438629150390625
21004,48.52000045776367,47.766456604003906
21005,25.889999389648438,25.864036560058594
21006,30.40999984741211,28.75198745727539
21007,40.83000183105469,39.942283630371094
21008,60.650001525878906,61.06840896606445
21009,46.439998626708984,45.9028205871582
21010,29.709999084472656,28.431835174560547
21011,29.6299991607666,29.323230743408203
21012,25.06999969482422,23.201807022094727
21013,32.65999984741211,32.4077033996582
21014,50.029998779296875,49.86693572998047
21015,3.190000057220459,2.4339776039123535
21016,23.459999084472656,22.365503311157227
21017,40.130001068115234,38.827877044677734
21018,1.8200000524520874,1.8200254440307617
21019,22.719999313354492,20.50428009033203
21020,16.989999771118164,15.854135513305664
21021,22.90999984741211,21.519142150878906
21022,16.459999084472656,16.046838760375977
21023,8.760000228881836,8.014634132385254
21024,23.770000457763672,22.520761489868164
21025,19.75,18.702369689941406
21026,1.6200000047683716,1.175805926322937
21027,20.59000015258789,19.64203453063965
21028,71.13999938964844,70.25455474853516
21029,75.20999908447266,71.52533721923828
21030,14.479999542236328,13.034578323364258
21031,20.190000534057617,18.976652145385742
21032,50.400001525878906,49.00510025024414
21033,7.539999961853027,6.765233039855957
21034,52.25,51.15302658081055
21035,42.09000015258789,42.57670593261719
21036,56.689998626708984,54.15675735473633
21037,32.2400016784668,31.240270614624023
21038,29.43000030517578,29.031455993652344
21039,18.850000381469727,17.99999237060547
21040,40.630001068115234,37.91527557373047
21041,9.420000076293945,8.380661010742188
21042,42.11000061035156,41.85575485229492
21043,57.97999954223633,58.197994232177734
21044,1.309999942779541,1.2443456649780273
21045,36.91999816894531,35.85148239135742
21046,18.170000076293945,18.906551361083984
21047,21.860000610351562,20.955120086669922
21048,10.430000305175781,10.140751838684082
21049,23.040000915527344,22.49798011779785
21050,23.739999771118164,22.544788360595703
21051,39.77000045776367,38.653202056884766
21052,72.5199966430664,71.43001556396484
21053,8.699999809265137,7.600534915924072
21054,32.040000915527344,30.37983512878418
21055,16.15999984741211,15.208072662353516
21056,30.0,29.083967208862305
21057,29.350000381469727,28.118186950683594
21058,34.2400016784668,34.412574768066406
21059,13.729999542236328,12.641617774963379
21060,28.18000030517578,26.54604721069336
21061,1.690000057220459,2.1666171550750732
21062,25.559999465942383,24.69305992126465
21063,24.040000915527344,23.09576416015625
21064,20.389999389648438,19.0853214263916
21065,42.400001525878906,42.051666259765625
21066,45.15999984741211,44.417415618896484
21067,5.070000171661377,4.277975082397461
21068,34.25,32.19157791137695
21069,12.180000305175781,11.898898124694824
21070,27.440000534057617,25.8923282623291
21071,26.209999084472656,25.508604049682617
21072,18.329999923706055,17.799230575561523
21073,18.6200008392334,17.462608337402344
21074,52.31999969482422,49.349857330322266
21075,20.639999389648438,19.326915740966797
21076,10.199999809265137,10.14473819732666
21077,6.230000019073486,5.277643203735352
21078,48.709999084472656,48.15730667114258
21079,52.529998779296875,51.65385818481445
21080,42.15999984741211,41.30423355102539
21081,24.950000762939453,23.71474838256836
21082,41.150001525878906,39.2530403137207
21083,54.130001068115234,54.02684783935547
21084,50.349998474121094,48.57892608642578
21085,39.45000076293945,38.39692306518555
21086,17.510000228881836,17.17019271850586
21087,15.40999984741211,15.722034454345703
21088,17.329999923706055,16.42849349975586
21089,23.670000076293945,22.579936981201172
21090,26.350000381469727,25.258953094482422
21091,51.529998779296875,50.767601013183594
21092,11.850000381469727,10.568085670471191
21093,13.710000038146973,12.899779319763184
21094,9.600000381469727,8.665013313293457
21095,43.849998474121094,40.99373245239258
21096,13.0,12.976827621459961
21097,44.310001373291016,44.86763381958008
21098,22.350000381469727,21.175823211669922
21099,2.2699999809265137,1.2872039079666138
21100,8.050000190734863,6.707432270050049
21101,17.59000015258789,17.487442016601562
21102,60.810001373291016,59.176631927490234
21103,13.9399995803833,14.038165092468262
21104,40.689998626708984,38.90742111206055
21105,57.7400016784668,56.130985260009766
21106,23.280000686645508,21.719226837158203
21107,41.36000061035156,40.870994567871094
21108,37.70000076293945,36.61099624633789
21109,25.329999923706055,24.741352081298828
21110,22.579999923706055,21.018861770629883
21111,64.27999877929688,63.68076705932617
21112,12.850000381469727,12.794411659240723
21113,45.36000061035156,45.04978561401367
21114,34.86000061035156,34.47590637207031
21115,14.649999618530273,14.065970420837402
21116,21.420000076293945,20.189599990844727
21117,37.36000061035156,35.6207275390625
21118,38.06999969482422,36.44125747680664
21119,53.880001068115234,50.94737243652344
21120,18.489999771118164,18.10605239868164
21121,20.469999313354492,19.15558624267578
21122,34.709999084472656,33.58313751220703
21123,47.36000061035156,46.014095306396484
21124,47.040000915527344,44.238807678222656
21125,10.140000343322754,8.830979347229004
21126,17.780000686645508,16.091062545776367
21127,23.100000381469727,21.441518783569336
21128,17.8700008392334,16.9130859375
21129,13.65999984741211,13.156290054321289
21130,14.350000381469727,14.35773754119873
21131,27.549999237060547,26.2501220703125
21132,5.289999961853027,3.3874897956848145
21133,36.439998626708984,33.933082580566406
21134,22.260000228881836,21.418333053588867
21135,26.15999984741211,25.221384048461914
21136,27.770000457763672,26.794687271118164
21137,49.290000915527344,48.156978607177734
21138,41.09000015258789,40.839454650878906
21139,52.220001220703125,50.19770431518555
21140,17.100000381469727,16.457239151000977
21141,53.93000030517578,53.1204948425293
21142,13.579999923706055,12.915780067443848
21143,40.869998931884766,40.20865249633789
21144,4.809999942779541,3.1537506580352783
21145,3.3299999237060547,2.5763120651245117
21146,14.40999984741211,13.505816459655762
21147,15.319999694824219,14.452527046203613
21148,21.959999084472656,20.35707664489746
21149,29.93000030517578,29.811861038208008
21150,10.75,9.340667724609375
21151,23.530000686645508,22.968948364257812
21152,12.600000381469727,12.321183204650879
21153,10.010000228881836,9.945989608764648
21154,22.139999389648438,22.174381256103516
21155,33.939998626708984,32.8449821472168
21156,11.960000038146973,11.00035285949707
21157,17.43000030517578,16.24041748046875
21158,24.34000015258789,24.2009220123291
21159,24.18000030517578,23.264095306396484
21160,69.08999633789062,68.74790954589844
21161,20.059999465942383,18.909696578979492
21162,9.399999618530273,8.26987075805664
21163,18.420000076293945,18.312042236328125
21164,27.850000381469727,26.547582626342773
21165,9.770000457763672,9.653616905212402
21166,28.850000381469727,27.20088768005371
21167,23.1200008392334,21.411579132080078
21168,55.599998474121094,54.294639587402344
21169,55.59000015258789,55.18994140625
21170,20.81999969482422,19.735361099243164
21171,44.54999923706055,42.97331237792969
21172,25.15999984741211,24.120655059814453
21173,14.760000228881836,14.375720024108887
21174,21.309999465942383,20.325950622558594
21175,16.68000030517578,16.069316864013672
21176,49.310001373291016,47.3575439453125
21177,36.880001068115234,35.6543083190918
21178,30.860000610351562,29.852914810180664
21179,34.2599983215332,34.01924133300781
21180,30.809999465942383,29.967967987060547
21181,46.77000045776367,45.35130310058594
21182,37.52000045776367,35.818119049072266
21183,56.72999954223633,54.58998489379883
21184,29.170000076293945,28.561595916748047
21185,34.52000045776367,34.07709884643555
21186,30.950000762939453,29.598121643066406
21187,2.009999990463257,1.3112012147903442
21188,18.90999984741211,17.72873306274414
21189,11.579999923706055,10.770143508911133
21190,8.460000038146973,6.758174419403076
21191,53.66999816894531,52.15909194946289
21192,14.890000343322754,14.394087791442871
21193,34.77000045776367,33.437068939208984
21194,25.229999542236328,24.317352294921875
21195,48.09000015258789,46.82304763793945
21196,31.34000015258789,30.2633056640625
21197,52.650001525878906,51.04084014892578
21198,74.33000183105469,75.80831146240234
21199,33.689998626708984,33.99360275268555
21200,56.90999984741211,56.1780891418457
21201,52.959999084472656,51.36061477661133
21202,32.20000076293945,31.175439834594727
21203,25.299999237060547,25.367679595947266
21204,32.9900016784668,32.13988494873047
21205,53.11000061035156,52.169281005859375
21206,64.29000091552734,63.30410385131836
21207,5.869999885559082,4.423937797546387
21208,21.770000457763672,20.420455932617188
21209,33.09000015258789,32.98692321777344
21210,3.569999933242798,2.517484188079834
21211,25.90999984741211,24.9996395111084
21212,6.300000190734863,4.866374969482422
21213,7.150000095367432,6.243314743041992
21214,33.220001220703125,32.21425247192383
21215,20.479999542236328,19.724300384521484
21216,38.59000015258789,37.49806594848633
21217,28.40999984741211,27.373043060302734
21218,27.889999389648438,27.255542755126953
21219,41.27000045776367,41.49111557006836
21220,21.149999618530273,20.74852752685547
21221,29.729999542236328,29.198184967041016
21222,41.279998779296875,39.65742874145508
21223,12.010000228881836,11.206754684448242
21224,17.389999389648438,16.640644073486328
21225,30.8799991607666,30.7381591796875
21226,38.11000061035156,37.530574798583984
21227,15.489999771118164,14.328186988830566
21228,16.31999969482422,16.117389678955078
21229,46.560001373291016,45.478397369384766
21230,17.670000076293945,16.27646827697754
21231,17.229999542236328,16.130416870117188
21232,34.900001525878906,35.01790237426758
21233,36.25,35.81744384765625
21234,58.58000183105469,57.78409194946289
21235,12.329999923706055,11.870989799499512
21236,22.31999969482422,21.486486434936523
21237,32.04999923706055,30.971317291259766
21238,35.7599983215332,34.03688430786133
21239,45.18000030517578,43.85380554199219
21240,46.84000015258789,43.780357360839844
21241,48.5099983215332,47.9980583190918
21242,13.720000267028809,13.139066696166992
21243,11.109999656677246,9.995607376098633
21244,38.65999984741211,38.270713806152344
21245,8.670000076293945,7.444845199584961
21246,33.43000030517578,33.948726654052734
21247,45.38999938964844,44.73099899291992
21248,22.299999237060547,21.20135498046875
21249,19.8799991607666,19.18161392211914
21250,48.97999954223633,48.34022521972656
21251,21.309999465942383,20.74890899658203
21252,16.3700008392334,15.248807907104492
21253,31.149999618530273,30.301145553588867
21254,45.7599983215332,43.54326629638672
21255,18.489999771118164,17.46327781677246
21256,71.69999694824219,68.72454071044922
21257,5.050000190734863,3.7461719512939453
21258,28.09000015258789,26.830720901489258
21259,20.739999771118164,19.67251205444336
21260,27.389999389648438,26.901098251342773
21261,26.59000015258789,26.143749237060547
21262,12.520000457763672,12.42584228515625
21263,20.56999969482422,19.598127365112305
21264,57.33000183105469,58.341094970703125
21265,8.229999542236328,7.3090949058532715
21266,14.09000015258789,13.38192367553711
21267,27.450000762939453,26.309642791748047
21268,66.37000274658203,67.3482437133789
21269,29.65999984741211,28.058298110961914
21270,9.630000114440918,9.507081985473633
21271,20.149999618530273,18.67816925048828
21272,36.029998779296875,34.71436309814453
21273,26.280000686645508,26.218563079833984
21274,42.040000915527344,41.26584243774414
21275,11.350000381469727,12.184590339660645
21276,21.8700008392334,21.81547737121582
21277,25.799999237060547,25.11682891845703
21278,12.300000190734863,12.129791259765625
21279,45.33000183105469,44.01530838012695
21280,10.720000267028809,10.330997467041016
21281,35.150001525878906,33.414947509765625
21282,43.290000915527344,42.72353744506836
21283,72.83999633789062,70.8590087890625
21284,41.61000061035156,40.8115119934082
21285,3.950000047683716,2.7134695053100586
21286,19.059999465942383,18.238876342773438
21287,18.200000762939453,17.064706802368164
21288,23.75,22.304046630859375
21289,67.30999755859375,61.782901763916016
21290,22.309999465942383,22.411972045898438
21291,38.689998626708984,36.77981185913086
21292,19.969999313354492,18.860021591186523
21293,25.649999618530273,24.662155151367188
21294,26.219999313354492,26.910728454589844
21295,16.059999465942383,15.405267715454102
21296,38.2400016784668,37.454280853271484
21297,20.639999389648438,19.20122718811035
21298,28.040000915527344,26.579326629638672
21299,30.6299991607666,28.709495544433594
21300,20.579999923706055,19.80197525024414
21301,45.09000015258789,44.31602478027344
21302,10.789999961853027,10.210875511169434
21303,50.849998474121094,48.559417724609375
21304,30.549999237060547,29.496200561523438
21305,26.93000030517578,26.451526641845703
21306,32.02000045776367,32.021141052246094
21307,26.540000915527344,25.740440368652344
21308,31.6200008392334,30.872283935546875
21309,28.860000610351562,28.416240692138672
21310,11.0,10.256945610046387
21311,35.599998474121094,34.392879486083984
21312,8.380000114440918,7.323470592498779
21313,43.65999984741211,43.447105407714844
21314,50.400001525878906,47.9825439453125
21315,9.09000015258789,8.032124519348145
21316,38.40999984741211,38.45002365112305
21317,23.989999771118164,22.599225997924805
21318,31.579999923706055,30.247211456298828
21319,17.799999237060547,16.752071380615234
21320,16.5,15.673091888427734
21321,46.439998626708984,45.62662124633789
21322,68.86000061035156,67.18700408935547
21323,12.710000038146973,12.44891357421875
21324,21.610000610351562,20.310035705566406
21325,31.979999542236328,30.72579002380371
21326,40.25,38.98863983154297
21327,18.43000030517578,17.665544509887695
21328,65.66999816894531,61.31520462036133
21329,29.719999313354492,28.433229446411133
21330,66.08000183105469,65.83518981933594
21331,45.95000076293945,43.374969482421875
21332,24.989999771118164,22.897062301635742
21333,68.5199966430664,67.53726196289062
21334,10.699999809265137,9.397210121154785
21335,23.670000076293945,23.58476448059082
21336,42.29999923706055,41.486915588378906
21337,12.9399995803833,11.231576919555664
21338,39.22999954223633,39.4873046875
21339,38.439998626708984,38.3390998840332
21340,31.610000610351562,30.643648147583008
21341,14.479999542236328,13.908177375793457
21342,56.7599983215332,55.42159652709961
21343,27.200000762939453,26.02109146118164
21344,18.829999923706055,17.89957618713379
21345,55.220001220703125,53.193302154541016
21346,35.599998474121094,34.391143798828125
21347,75.04000091552734,72.24886322021484
21348,53.25,50.832908630371094
21349,31.299999237060547,29.144107818603516
21350,5.070000171661377,3.698371410369873
21351,17.56999969482422,17.099502563476562
21352,20.31999969482422,19.77722930908203
21353,21.719999313354492,21.34095573425293
21354,51.2400016784668,49.2903938293457
21355,57.4900016784668,57.44351577758789
21356,66.6500015258789,67.65914154052734
21357,45.279998779296875,45.299808502197266
21358,32.220001220703125,31.03961181640625
21359,25.950000762939453,24.476734161376953
21360,13.119999885559082,13.278114318847656
21361,17.5,16.969959259033203
21362,34.68000030517578,33.94160461425781
21363,35.2400016784668,33.883750915527344
21364,43.150001525878906,40.35944747924805
21365,36.04999923706055,34.54625701904297
21366,66.6500015258789,68.1159896850586
21367,8.029999732971191,7.049834251403809
21368,37.939998626708984,36.07623291015625
21369,3.3499999046325684,2.107465982437134
21370,14.930000305175781,14.074645042419434
21371,28.90999984741211,28.33537483215332
21372,18.18000030517578,17.38863754272461
21373,53.630001068115234,53.48122024536133
21374,44.849998474121094,43.41010284423828
21375,48.939998626708984,48.475914001464844
21376,9.4399995803833,8.25056266784668
21377,5.849999904632568,3.921444892883301
21378,21.190000534057617,21.194761276245117
21379,4.389999866485596,3.0662574768066406
21380,27.219999313354492,25.878246307373047
21381,37.38999938964844,36.1995964050293
21382,22.43000030517578,22.697187423706055
21383,40.779998779296875,39.87411117553711
21384,11.180000305175781,10.068504333496094
21385,2.609999895095825,1.6508821249008179
21386,18.549999237060547,17.942386627197266
21387,30.170000076293945,29.17551612854004
21388,6.989999771118164,5.733649253845215
21389,26.780000686645508,26.249176025390625
21390,20.06999969482422,19.338211059570312
21391,36.459999084472656,35.19248580932617
21392,8.619999885559082,6.974183082580566
21393,18.940000534057617,18.19593048095703
21394,25.450000762939453,24.477792739868164
21395,49.68000030517578,48.73501968383789
21396,51.68000030517578,49.13724899291992
21397,14.90999984741211,13.621247291564941
21398,23.670000076293945,23.25286865234375
21399,13.569999694824219,13.365428924560547
21400,4.619999885559082,3.515753746032715
21401,29.510000228881836,27.992809295654297
21402,27.90999984741211,25.947622299194336
21403,41.58000183105469,41.165802001953125
21404,19.940000534057617,19.347524642944336
21405,5.960000038146973,5.604698181152344
21406,26.6200008392334,25.710227966308594
21407,16.6299991607666,15.761587142944336
21408,26.81999969482422,27.31679344177246
21409,45.709999084472656,44.464942932128906
21410,50.18000030517578,50.3038444519043
21411,25.65999984741211,24.696504592895508
21412,25.950000762939453,25.470064163208008
21413,22.81999969482422,22.17369842529297
21414,21.84000015258789,20.857837677001953
21415,28.0,25.97833251953125
21416,24.350000381469727,24.286712646484375
21417,10.220000267028809,9.109621047973633
21418,50.369998931884766,49.05649948120117
21419,26.729999542236328,25.637571334838867
21420,28.06999969482422,26.68324851989746
21421,15.539999961853027,14.807435989379883
21422,57.02000045776367,56.755279541015625
21423,58.97999954223633,57.96115493774414
21424,30.18000030517578,29.166139602661133
21425,18.559999465942383,17.633472442626953
21426,10.229999542236328,10.168722152709961
21427,13.869999885559082,12.102725982666016
21428,25.739999771118164,25.90226173400879
21429,42.720001220703125,40.76984405517578
21430,27.860000610351562,26.89763641357422
21431,24.8799991607666,23.348848342895508
21432,36.2400016784668,34.988399505615234
21433,41.66999816894531,40.36638641357422
21434,51.209999084472656,49.01901626586914
21435,17.84000015258789,17.08806037902832
21436,39.189998626708984,37.90119934082031
21437,30.229999542236328,29.51250457763672
21438,12.5600004196167,11.237586975097656
21439,5.920000076293945,4.877285957336426
21440,51.380001068115234,49.798099517822266
21441,11.920000076293945,11.515606880187988
21442,15.880000114440918,15.217107772827148
21443,29.350000381469727,28.10011100769043
21444,11.729999542236328,11.599084854125977
21445,23.6299991607666,22.678409576416016
21446,4.599999904632568,2.9116532802581787
21447,40.34000015258789,38.9435920715332
21448,33.849998474121094,33.136749267578125
21449,18.040000915527344,16.777084350585938
21450,42.33000183105469,41.62959671020508
21451,49.849998474121094,48.64535140991211
21452,42.029998779296875,41.47547149658203
21453,6.53000020980835,6.128324508666992
21454,68.16000366210938,66.29032897949219
21455,6.699999809265137,5.19483757019043
21456,35.619998931884766,34.2241325378418
21457,49.65999984741211,48.111270904541016
21458,39.0,39.15016174316406
21459,27.25,26.000703811645508
21460,9.710000038146973,8.484002113342285
21461,18.549999237060547,18.059040069580078
21462,8.460000038146973,7.275571823120117
21463,24.649999618530273,23.799762725830078
21464,58.16999816894531,55.82073974609375
21465,7.489999771118164,5.652029037475586
21466,14.119999885559082,13.670218467712402
21467,12.65999984741211,12.45700454711914
21468,25.190000534057617,24.58677101135254
21469,66.7300033569336,65.9641342163086
21470,8.25,6.571212291717529
21471,77.69999694824219,78.23292541503906
21472,54.59000015258789,55.69879913330078
21473,21.209999084472656,20.294795989990234
21474,13.789999961853027,13.284305572509766
21475,63.279998779296875,61.74144744873047
21476,14.270000457763672,12.545707702636719
21477,60.5,55.95528030395508
21478,39.7400016784668,40.49457931518555
21479,39.9900016784668,37.67184066772461
21480,26.56999969482422,24.921756744384766
21481,40.31999969482422,38.90891647338867
21482,22.889999389648438,20.766706466674805
21483,37.08000183105469,36.056339263916016
21484,42.869998931884766,39.78833770751953
21485,26.809999465942383,24.75094985961914
21486,32.540000915527344,31.415298461914062
21487,34.220001220703125,33.63604736328125
21488,22.969999313354492,22.07094955444336
21489,10.399999618530273,9.973475456237793
21490,35.02000045776367,34.51339340209961
21491,25.34000015258789,24.179046630859375
21492,33.59000015258789,34.06737518310547
21493,33.58000183105469,32.409446716308594
21494,41.90999984741211,40.50557327270508
21495,18.6200008392334,17.3221435546875
21496,35.150001525878906,34.92081832885742
21497,1.3600000143051147,1.1355501413345337
21498,39.43000030517578,38.8681755065918
21499,7.590000152587891,6.455954551696777
21500,49.47999954223633,48.880184173583984
21501,62.099998474121094,61.571319580078125
21502,58.060001373291016,54.92384719848633
21503,11.630000114440918,10.785629272460938
21504,7.0,5.505380153656006
21505,45.95000076293945,43.65589141845703
21506,47.81999969482422,45.3335075378418
21507,13.050000190734863,12.131607055664062
21508,17.6299991607666,16.5958194732666
21509,33.15999984741211,32.33821105957031
21510,24.530000686645508,23.704652786254883
21511,9.989999771118164,10.050986289978027
21512,38.09000015258789,38.16530990600586
21513,17.280000686645508,16.526578903198242
21514,37.09000015258789,35.35867691040039
21515,40.7400016784668,39.37080001831055
21516,7.78000020980835,6.990243911743164
21517,50.380001068115234,50.050228118896484
21518,46.04999923706055,43.49960708618164
21519,64.75,60.63209533691406
21520,48.06999969482422,48.26446533203125
21521,17.940000534057617,17.037464141845703
21522,52.56999969482422,52.13630676269531
21523,29.1299991607666,28.3102970123291
21524,53.689998626708984,49.892059326171875
21525,16.610000610351562,15.36962890625
21526,34.61000061035156,35.0515022277832
21527,30.329999923706055,30.581405639648438
21528,12.930000305175781,12.205279350280762
21529,27.1299991607666,26.397811889648438
21530,26.59000015258789,25.32338523864746
21531,3.240000009536743,1.5203179121017456
21532,34.310001373291016,33.05419158935547
21533,37.869998931884766,37.02959060668945
21534,23.079999923706055,22.234376907348633
21535,57.86000061035156,56.426761627197266
21536,22.709999084472656,21.609546661376953
21537,27.34000015258789,26.27872085571289
21538,19.25,18.597026824951172
21539,46.5099983215332,45.409912109375
21540,11.420000076293945,11.210800170898438
21541,17.229999542236328,16.279722213745117
21542,57.04999923706055,57.940162658691406
21543,34.040000915527344,33.27581787109375
21544,9.960000038146973,8.771880149841309
21545,26.200000762939453,25.09564971923828
21546,7.559999942779541,6.529324054718018
21547,24.56999969482422,22.974042892456055
21548,25.010000228881836,24.36404800415039
21549,25.68000030517578,24.885210037231445
21550,34.810001373291016,33.64055252075195
21551,23.420000076293945,23.490861892700195
21552,14.960000038146973,14.131613731384277
21553,22.780000686645508,22.129383087158203
21554,7.96999979019165,7.891134262084961
21555,22.100000381469727,21.169631958007812
21556,19.110000610351562,18.54977035522461
21557,2.75,1.8198652267456055
21558,23.450000762939453,22.482807159423828
21559,24.469999313354492,22.940977096557617
21560,58.220001220703125,57.262569427490234
21561,70.05000305175781,69.47823333740234
21562,20.989999771118164,20.69163703918457
21563,32.599998474121094,31.709457397460938
21564,10.890000343322754,9.34646224975586
21565,24.200000762939453,23.987998962402344
21566,8.59000015258789,7.5292558670043945
21567,41.13999938964844,40.11982727050781
21568,55.54999923706055,53.44327926635742
21569,19.829999923706055,18.802480697631836
21570,32.04999923706055,30.90420150756836
21571,7.730000019073486,6.472352981567383
21572,28.170000076293945,27.559200286865234
21573,11.460000038146973,10.761693954467773
21574,35.25,33.684654235839844
21575,43.810001373291016,42.72859573364258
21576,10.359999656677246,8.843974113464355
21577,20.219999313354492,19.65336799621582
21578,13.15999984741211,12.662440299987793
21579,10.890000343322754,9.58586311340332
21580,11.100000381469727,10.525876998901367
21581,2.3499999046325684,4.71906042098999
21582,35.209999084472656,34.3666877746582
21583,14.34000015258789,13.543601036071777
21584,21.09000015258789,19.891971588134766
21585,38.33000183105469,38.11372756958008
21586,29.040000915527344,28.099651336669922
21587,28.09000015258789,28.415599822998047
21588,1.409999966621399,2.1239211559295654
21589,50.130001068115234,49.295936584472656
21590,21.65999984741211,21.071666717529297
21591,7.159999847412109,6.322670936584473
21592,1.2599999904632568,1.0538363456726074
21593,37.65999984741211,37.592674255371094
21594,10.84000015258789,9.801399230957031
21595,12.930000305175781,11.907828330993652
21596,42.29999923706055,41.306785583496094
21597,7.849999904632568,7.21849250793457
21598,18.8799991607666,17.35630989074707
21599,29.530000686645508,28.534770965576172
21600,33.70000076293945,32.774192810058594
21601,30.030000686645508,28.147092819213867
21602,67.66999816894531,66.44326782226562
21603,32.56999969482422,31.82866668701172
21604,15.020000457763672,15.136407852172852
21605,34.77000045776367,32.64265823364258
21606,11.40999984741211,10.030168533325195
21607,6.050000190734863,4.976113796234131
21608,36.83000183105469,35.7833137512207
21609,10.140000343322754,9.637247085571289
21610,45.95000076293945,45.15004348754883
21611,37.630001068115234,35.42000198364258
21612,48.810001373291016,47.96268081665039
21613,22.110000610351562,20.222715377807617
21614,16.299999237060547,15.82682991027832
21615,7.679999828338623,6.68187952041626
21616,41.790000915527344,39.66061019897461
21617,16.700000762939453,15.667655944824219
21618,33.310001373291016,33.041725158691406
21619,21.540000915527344,20.641216278076172
21620,48.470001220703125,46.34401321411133
21621,15.430000305175781,14.273980140686035
21622,14.649999618530273,13.57321834564209
21623,16.989999771118164,16.596694946289062
21624,10.149999618530273,9.609733581542969
21625,10.119999885559082,8.407508850097656
21626,40.06999969482422,38.95154571533203
21627,32.52000045776367,32.60383987426758
21628,22.329999923706055,21.090747833251953
21629,39.529998779296875,38.491397857666016
21630,17.850000381469727,17.505294799804688
21631,10.0600004196167,9.9402494430542
21632,7.909999847412109,7.131707668304443
21633,13.300000190734863,12.999177932739258
21634,38.400001525878906,38.65154266357422
21635,21.149999618530273,19.858783721923828
21636,13.649999618530273,12.672629356384277
21637,26.440000534057617,25.881973266601562
21638,25.479999542236328,24.71320343017578
21639,33.58000183105469,32.87594223022461
21640,28.93000030517578,27.733104705810547
21641,44.439998626708984,43.199214935302734
21642,47.2599983215332,45.415523529052734
21643,34.15999984741211,33.336517333984375
21644,26.690000534057617,25.837627410888672
21645,22.860000610351562,21.042678833007812
21646,20.84000015258789,20.448322296142578
21647,37.959999084472656,36.84428405761719
21648,18.540000915527344,17.337242126464844
21649,6.21999979019165,4.698476314544678
21650,38.45000076293945,37.23555374145508
21651,12.369999885559082,11.885571479797363
21652,9.5,8.798612594604492
21653,21.43000030517578,20.955677032470703
21654,36.439998626708984,36.14431381225586
21655,35.16999816894531,34.902427673339844
21656,62.0099983215332,58.62101364135742
21657,39.400001525878906,37.86830520629883
21658,14.319999694824219,13.264402389526367
21659,47.470001220703125,45.93745040893555
21660,29.829999923706055,29.022605895996094
21661,10.5600004196167,9.300424575805664
21662,49.63999938964844,49.403011322021484
21663,27.290000915527344,26.64409065246582
21664,5.900000095367432,3.3785300254821777
21665,28.760000228881836,26.994991302490234
21666,55.209999084472656,52.99855422973633
21667,1.4900000095367432,1.276354432106018
21668,26.3700008392334,24.985488891601562
21669,8.760000228881836,7.975559711456299
21670,33.4900016784668,31.942344665527344
21671,43.310001373291016,41.55510330200195
21672,9.760000228881836,8.283568382263184
21673,19.010000228881836,17.25403594970703
21674,37.31999969482422,36.53696823120117
21675,4.659999847412109,3.198730945587158
21676,29.079999923706055,27.85816192626953
21677,10.479999542236328,10.286176681518555
21678,3.5399999618530273,2.392836093902588
21679,26.729999542236328,25.9648380279541
21680,16.030000686645508,15.773454666137695
21681,24.700000762939453,24.535972595214844
21682,6.159999847412109,4.997281074523926
21683,19.68000030517578,18.676109313964844
21684,37.119998931884766,37.002681732177734
21685,63.77000045776367,63.04378890991211
21686,21.940000534057617,21.912181854248047
21687,17.959999084472656,17.684551239013672
21688,47.56999969482422,45.4453125
21689,60.90999984741211,60.53350830078125
21690,37.939998626708984,36.73335266113281
21691,50.61000061035156,47.30282211303711
21692,39.68000030517578,37.69435501098633
21693,40.06999969482422,38.44766616821289
21694,6.96999979019165,6.3050007820129395
21695,27.209999084472656,26.343843460083008
21696,12.369999885559082,11.519102096557617
21697,24.450000762939453,24.151172637939453
21698,52.31999969482422,50.69028091430664
21699,13.979999542236328,13.566353797912598
21700,48.349998474121094,46.318477630615234
21701,17.389999389648438,16.61336898803711
21702,37.9900016784668,36.3463020324707
21703,70.86000061035156,69.11674499511719
21704,38.959999084472656,37.16676330566406
21705,39.68000030517578,38.8584098815918
21706,40.790000915527344,38.98698425292969
21707,17.969999313354492,17.065509796142578
21708,27.65999984741211,26.822540283203125
21709,13.59000015258789,12.917550086975098
21710,12.739999771118164,11.989886283874512
21711,35.70000076293945,34.728065490722656
21712,19.579999923706055,18.073129653930664
21713,14.40999984741211,14.302214622497559
21714,25.1200008392334,24.107343673706055
21715,3.3299999237060547,2.2325053215026855
21716,6.110000133514404,5.285959720611572
21717,10.260000228881836,8.390203475952148
21718,30.780000686645508,29.826278686523438
21719,11.170000076293945,10.391901016235352
21720,12.920000076293945,12.231184959411621
21721,25.6299991607666,25.844491958618164
21722,61.720001220703125,60.575260162353516
21723,58.119998931884766,57.28291702270508
21724,6.519999980926514,5.6784844398498535
21725,12.920000076293945,12.528373718261719
21726,36.84000015258789,35.56295394897461
21727,38.310001373291016,37.449562072753906
21728,8.779999732971191,7.771170616149902
21729,18.760000228881836,17.917434692382812
21730,17.530000686645508,16.689905166625977
21731,40.18000030517578,38.47985076904297
21732,37.77000045776367,36.184486389160156
21733,23.540000915527344,22.563007354736328
21734,36.59000015258789,34.39411544799805
21735,26.25,25.537185668945312
21736,38.439998626708984,36.58165740966797
21737,14.210000038146973,13.169696807861328
21738,57.75,59.531028747558594
21739,44.4900016784668,43.83129119873047
21740,54.31999969482422,52.420005798339844
21741,8.970000267028809,7.8621506690979
21742,48.689998626708984,47.47263717651367
21743,25.469999313354492,23.735084533691406
21744,1.5299999713897705,1.2045927047729492
21745,6.159999847412109,5.070630073547363
21746,38.310001373291016,36.9117431640625
21747,33.470001220703125,32.657772064208984
21748,9.930000305175781,9.68228816986084
21749,26.829999923706055,26.073556900024414
21750,26.729999542236328,26.279979705810547
21751,18.790000915527344,17.825946807861328
21752,33.869998931884766,32.6240119934082
21753,36.29999923706055,34.84842300415039
21754,17.81999969482422,16.410873413085938
21755,15.260000228881836,15.081964492797852
21756,27.079999923706055,27.231822967529297
21757,18.149999618530273,17.496051788330078
21758,17.3700008392334,17.274620056152344
21759,17.559999465942383,16.428415298461914
21760,55.380001068115234,53.736934661865234
21761,4.829999923706055,3.8910062313079834
21762,14.789999961853027,13.51464557647705
21763,29.600000381469727,28.868370056152344
21764,24.459999084472656,23.794017791748047
21765,27.59000015258789,27.482221603393555
21766,4.880000114440918,3.3787386417388916
21767,15.069999694824219,14.319445610046387
21768,22.719999313354492,21.794586181640625
21769,3.759999990463257,5.409318447113037
21770,38.060001373291016,37.20596694946289
21771,22.700000762939453,21.916555404663086
21772,31.899999618530273,31.152328491210938
21773,12.890000343322754,12.632763862609863
21774,37.4900016784668,36.311580657958984
21775,36.83000183105469,36.50150680541992
21776,35.779998779296875,35.15420913696289
21777,27.219999313354492,26.358440399169922
21778,8.479999542236328,7.297585487365723
21779,12.850000381469727,11.50232219696045
21780,20.790000915527344,19.777687072753906
21781,43.52000045776367,43.51840591430664
21782,62.189998626708984,60.989715576171875
21783,6.869999885559082,5.26560115814209
21784,1.6299999952316284,1.078522801399231
21785,35.63999938964844,34.70905685424805
21786,51.02000045776367,49.487972259521484
21787,6.96999979019165,6.161047458648682
21788,12.039999961853027,10.780916213989258
21789,30.270000457763672,29.480838775634766
21790,28.889999389648438,27.890472412109375
21791,24.06999969482422,22.79231834411621
21792,24.479999542236328,22.535133361816406
21793,5.619999885559082,4.509820938110352
21794,34.91999816894531,35.018646240234375
21795,10.260000228881836,9.620540618896484
21796,19.600000381469727,19.163406372070312
21797,50.61000061035156,50.00072479248047
21798,64.51000213623047,60.40532302856445
21799,16.09000015258789,15.340070724487305
21800,22.709999084472656,22.248310089111328
21801,21.829999923706055,20.587261199951172
21802,30.59000015258789,29.406923294067383
21803,42.400001525878906,40.987220764160156
21804,3.7300000190734863,2.3701112270355225
21805,30.940000534057617,29.875957489013672
21806,22.18000030517578,20.85804557800293
21807,22.239999771118164,21.62172508239746
21808,10.40999984741211,10.28343391418457
21809,37.59000015258789,36.802101135253906
21810,5.78000020980835,4.75040340423584
21811,60.7400016784668,60.58906936645508
21812,35.54999923706055,34.38615798950195
21813,2.049999952316284,1.367449402809143
21814,15.770000457763672,15.029472351074219
21815,25.719999313354492,24.9053897857666
21816,42.61000061035156,40.59807205200195
21817,66.63999938964844,64.47772216796875
21818,12.149999618530273,11.246646881103516
21819,7.710000038146973,6.637846946716309
21820,35.220001220703125,34.81304931640625
21821,50.86000061035156,47.967811584472656
21822,21.459999084472656,20.500526428222656
21823,23.010000228881836,21.920272827148438
21824,8.329999923706055,7.224404811859131
21825,19.81999969482422,18.64016342163086
21826,8.239999771118164,6.884161472320557
21827,28.059999465942383,26.587764739990234
21828,11.260000228881836,10.789714813232422
21829,18.010000228881836,17.07923126220703
21830,24.139999389648438,23.174583435058594
21831,15.90999984741211,15.467567443847656
21832,11.170000076293945,10.73643970489502
21833,29.540000915527344,29.395532608032227
21834,57.349998474121094,55.03049850463867
21835,14.579999923706055,13.670487403869629
21836,16.270000457763672,15.216361999511719
21837,13.479999542236328,12.964156150817871
21838,17.59000015258789,17.018779754638672
21839,23.3799991607666,22.766918182373047
21840,36.31999969482422,35.27682113647461
21841,11.09000015258789,10.40394401550293
21842,30.84000015258789,29.865222930908203
21843,2.75,1.5938739776611328
21844,24.360000610351562,23.285173416137695
21845,47.939998626708984,46.30839538574219
21846,45.380001068115234,44.66330337524414
21847,20.229999542236328,19.30221939086914
21848,16.780000686645508,16.736671447753906
21849,36.310001373291016,35.14802551269531
21850,20.65999984741211,19.575502395629883
21851,24.8799991607666,23.793476104736328
21852,8.789999961853027,7.9434590339660645
21853,31.040000915527344,29.87510871887207
21854,29.940000534057617,28.650432586669922
21855,29.209999084472656,28.839262008666992
21856,59.95000076293945,58.80583572387695
21857,23.5,22.81786346435547
21858,7.820000171661377,6.798876762390137
21859,59.70000076293945,56.220497131347656
21860,26.760000228881836,26.436874389648438
21861,17.799999237060547,16.715564727783203
21862,38.36000061035156,37.92668914794922
21863,25.229999542236328,24.24404525756836
21864,43.09000015258789,41.03124237060547
21865,25.010000228881836,24.3822078704834
21866,17.56999969482422,16.950618743896484
21867,69.5,67.25132751464844
21868,17.510000228881836,17.077714920043945
21869,21.360000610351562,20.544109344482422
21870,19.850000381469727,19.032461166381836
21871,13.649999618530273,13.328245162963867
21872,33.08000183105469,31.711936950683594
21873,43.0,40.62715530395508
21874,37.41999816894531,36.8868522644043
21875,22.170000076293945,21.6768741607666
21876,22.549999237060547,21.81439971923828
21877,18.979999542236328,18.429780960083008
21878,48.220001220703125,47.615779876708984
21879,13.930000305175781,13.065940856933594
21880,19.139999389648438,17.24480438232422
21881,50.810001373291016,49.968326568603516
21882,23.329999923706055,21.727886199951172
21883,10.15999984741211,9.333142280578613
21884,9.25,7.861230850219727
21885,53.63999938964844,52.84821319580078
21886,19.459999084472656,19.171876907348633
21887,36.83000183105469,36.355464935302734
21888,33.310001373291016,32.35333251953125
21889,9.649999618530273,8.885226249694824
21890,64.12000274658203,64.67256927490234
21891,8.0,6.654167652130127
21892,6.829999923706055,5.796379089355469
21893,11.350000381469727,10.962364196777344
21894,10.119999885559082,9.274198532104492
21895,41.20000076293945,41.053035736083984
21896,60.88999938964844,61.03261184692383
21897,9.289999961853027,8.472424507141113
21898,26.360000610351562,26.000484466552734
21899,8.210000038146973,6.888577461242676
21900,30.8700008392334,29.769126892089844
21901,26.459999084472656,25.63633155822754
21902,13.890000343322754,13.062328338623047
21903,76.33999633789062,75.56517028808594
21904,28.290000915527344,27.153858184814453
21905,32.70000076293945,32.13617706298828
21906,28.290000915527344,27.16617774963379
21907,20.31999969482422,18.889480590820312
21908,25.3700008392334,24.30849838256836
21909,7.579999923706055,6.69317626953125
21910,21.18000030517578,20.12226676940918
21911,5.619999885559082,4.484443187713623
21912,11.989999771118164,11.18468952178955
21913,20.3799991607666,20.015201568603516
21914,22.690000534057617,22.605396270751953
21915,52.2400016784668,50.52497482299805
21916,33.099998474121094,30.869766235351562
21917,29.149999618530273,29.586681365966797
21918,12.199999809265137,11.05432415008545
21919,6.46999979019165,5.7696332931518555
21920,8.170000076293945,7.647418022155762
21921,28.010000228881836,27.22377586364746
21922,29.399999618530273,28.430023193359375
21923,16.149999618530273,14.558096885681152
21924,31.020000457763672,29.475000381469727
21925,8.0600004196167,6.76357889175415
21926,18.43000030517578,17.554698944091797
21927,25.540000915527344,24.067859649658203
21928,25.799999237060547,25.293561935424805
21929,17.459999084472656,16.423246383666992
21930,19.6299991607666,18.26313018798828
21931,12.90999984741211,11.564594268798828
21932,62.5099983215332,63.71031188964844
21933,61.400001525878906,61.60395431518555
21934,15.109999656677246,14.062716484069824
21935,41.5,41.02447509765625
21936,23.940000534057617,22.92206382751465
21937,15.779999732971191,14.77777099609375
21938,52.060001373291016,50.8714714050293
21939,28.25,27.793041229248047
21940,31.90999984741211,30.89960479736328
21941,57.25,56.2841682434082
21942,27.219999313354492,26.393348693847656
21943,14.800000190734863,14.356030464172363
21944,45.189998626708984,45.139854431152344
21945,59.70000076293945,58.14249038696289
21946,5.980000019073486,4.713583946228027
21947,20.1299991607666,19.601335525512695
21948,4.710000038146973,3.4778170585632324
21949,33.279998779296875,32.52375030517578
21950,24.940000534057617,24.106525421142578
21951,30.829999923706055,29.691381454467773
21952,54.04999923706055,52.342201232910156
21953,31.270000457763672,29.750572204589844
21954,36.06999969482422,34.70743179321289
21955,36.86000061035156,34.90387725830078
21956,7.03000020980835,5.8485107421875
21957,7.099999904632568,6.097597599029541
21958,9.130000114440918,8.398693084716797
21959,43.09000015258789,42.485313415527344
21960,54.43000030517578,54.737388610839844
21961,8.5600004196167,7.566829204559326
21962,13.239999771118164,10.444738388061523
21963,38.75,38.13901138305664
21964,39.09000015258789,37.89067840576172
21965,21.68000030517578,20.8345947265625
21966,10.5,9.916507720947266
21967,40.11000061035156,38.39265823364258
21968,37.310001373291016,36.53544235229492
21969,33.380001068115234,31.917593002319336
21970,65.73999786376953,65.72029113769531
21971,30.420000076293945,29.06415557861328
21972,48.56999969482422,47.8465690612793
21973,20.670000076293945,19.858064651489258
21974,21.520000457763672,20.86172103881836
21975,8.960000038146973,7.822079658508301
21976,47.86000061035156,45.43843460083008
21977,36.0,34.46290588378906
21978,60.72999954223633,59.76012420654297
21979,77.5,72.20205688476562
21980,24.6200008392334,23.404428482055664
21981,18.729999542236328,17.498857498168945
21982,12.829999923706055,12.660679817199707
21983,20.290000915527344,19.434982299804688
21984,38.33000183105469,37.751670837402344
21985,4.809999942779541,3.212634801864624
21986,39.7400016784668,38.095149993896484
21987,19.270000457763672,18.292518615722656
21988,6.650000095367432,5.776215553283691
21989,22.809999465942383,22.222332000732422
21990,26.90999984741211,26.68276023864746
21991,22.030000686645508,21.386260986328125
21992,24.6200008392334,22.592418670654297
21993,7.409999847412109,6.5840606689453125
21994,53.720001220703125,51.76481246948242
21995,21.610000610351562,20.47542953491211
21996,8.130000114440918,7.093603610992432
21997,60.7400016784668,64.16943359375
21998,47.25,45.91139602661133
21999,49.86000061035156,48.8786506652832
22000,23.530000686645508,23.270090103149414
22001,36.83000183105469,35.412757873535156
22002,9.989999771118164,9.480165481567383
22003,10.479999542236328,9.408205032348633
22004,42.61000061035156,40.660186767578125
22005,24.639999389648438,23.23814582824707
22006,51.22999954223633,52.15968704223633
22007,15.579999923706055,14.607048034667969
22008,20.84000015258789,19.60979461669922
22009,46.810001373291016,46.37512969970703
22010,60.13999938964844,56.338871002197266
22011,53.02000045776367,53.07176971435547
22012,11.600000381469727,10.384336471557617
22013,2.3499999046325684,1.2888672351837158
22014,32.13999938964844,31.261024475097656
22015,22.520000457763672,21.552152633666992
22016,11.229999542236328,10.415968894958496
22017,28.84000015258789,27.465801239013672
22018,6.039999961853027,4.8568115234375
22019,15.25,14.714061737060547
22020,34.25,33.721431732177734
22021,43.34000015258789,42.811988830566406
22022,3.7100000381469727,2.6240174770355225
22023,36.529998779296875,35.61162185668945
22024,19.450000762939453,18.47281265258789
22025,13.770000457763672,12.600798606872559
22026,13.970000267028809,12.66279125213623
22027,15.109999656677246,13.453201293945312
22028,22.809999465942383,20.82114028930664
22029,26.760000228881836,25.54617691040039
22030,53.63999938964844,52.81758499145508
22031,12.880000114440918,11.935694694519043
22032,63.220001220703125,62.30341720581055
22033,11.15999984741211,10.820496559143066
22034,19.760000228881836,19.273590087890625
22035,27.6200008392334,26.128612518310547
22036,20.760000228881836,19.817338943481445
22037,38.439998626708984,37.51200485229492
22038,13.369999885559082,12.88447093963623
22039,48.959999084472656,48.74970626831055
22040,42.06999969482422,42.120426177978516
22041,5.820000171661377,4.802784442901611
22042,18.799999237060547,17.90372085571289
22043,18.219999313354492,17.133949279785156
22044,11.25,10.536344528198242
22045,19.690000534057617,18.855594635009766
22046,11.960000038146973,11.365406036376953
22047,15.520000457763672,14.970996856689453
22048,11.380000114440918,9.228304862976074
22049,22.90999984741211,21.702083587646484
22050,19.559999465942383,18.918926239013672
22051,6.869999885559082,6.0409255027771
22052,17.389999389648438,16.751171112060547
22053,12.670000076293945,12.06418228149414
22054,24.209999084472656,23.46262550354004
22055,14.539999961853027,14.910642623901367
22056,17.110000610351562,16.737539291381836
22057,15.90999984741211,14.687326431274414
22058,15.220000267028809,13.27077865600586
22059,38.380001068115234,37.88044738769531
22060,16.959999084472656,15.609724044799805
22061,30.489999771118164,29.033729553222656
22062,8.420000076293945,7.213237285614014
22063,44.060001373291016,42.99800109863281
22064,69.5199966430664,71.12275695800781
22065,15.40999984741211,15.057931900024414
22066,26.65999984741211,25.54924774169922
22067,47.61000061035156,45.59881591796875
22068,34.470001220703125,34.585716247558594
22069,13.34000015258789,12.51024055480957
22070,25.799999237060547,23.59927749633789
22071,22.25,21.35649871826172
22072,2.130000114440918,1.134338617324829
22073,32.91999816894531,31.59156036376953
22074,7.590000152587891,6.475543975830078
22075,24.049999237060547,24.26662826538086
22076,17.34000015258789,16.412744522094727
22077,22.8799991607666,21.801746368408203
22078,10.180000305175781,9.51469898223877
22079,12.039999961853027,12.238905906677246
22080,32.16999816894531,30.203197479248047
22081,51.150001525878906,49.438724517822266
22082,10.390000343322754,10.592838287353516
22083,27.600000381469727,26.28061866760254
22084,48.27000045776367,46.30916976928711
22085,17.170000076293945,16.79582405090332
22086,69.68000030517578,70.17740631103516
22087,35.41999816894531,36.088741302490234
22088,8.020000457763672,6.705931186676025
22089,33.099998474121094,32.78266906738281
22090,40.630001068115234,40.16352462768555
22091,31.59000015258789,31.34345054626465
22092,53.68000030517578,53.42548751831055
22093,6.610000133514404,4.30188512802124
22094,22.739999771118164,22.798961639404297
22095,29.489999771118164,28.2248477935791
22096,24.969999313354492,24.59500503540039
22097,41.56999969482422,40.290687561035156
22098,3.5799999237060547,1.9229209423065186
22099,53.02000045776367,50.668861389160156
22100,45.849998474121094,43.78215408325195
22101,9.300000190734863,8.788681030273438
22102,16.690000534057617,15.457204818725586
22103,16.479999542236328,15.827539443969727
22104,6.349999904632568,6.067117214202881
22105,20.399999618530273,18.958637237548828
22106,25.350000381469727,24.179363250732422
22107,41.400001525878906,41.95500564575195
22108,32.45000076293945,30.894756317138672
22109,33.689998626708984,33.97626495361328
22110,19.420000076293945,18.75737762451172
22111,35.7400016784668,35.16396713256836
22112,22.399999618530273,21.455862045288086
22113,33.880001068115234,33.43497848510742
22114,28.020000457763672,26.401607513427734
22115,8.1899995803833,7.740241527557373
22116,42.66999816894531,40.99248123168945
22117,33.54999923706055,32.37651443481445
22118,16.579999923706055,15.722114562988281
22119,20.479999542236328,19.909671783447266
22120,22.600000381469727,21.23818016052246
22121,36.63999938964844,35.89895248413086
22122,19.84000015258789,18.910072326660156
22123,46.66999816894531,46.32017517089844
22124,41.099998474121094,41.04737091064453
22125,14.039999961853027,12.920001029968262
22126,3.509999990463257,2.3609442710876465
22127,43.45000076293945,42.22708511352539
22128,9.8100004196167,8.677567481994629
22129,18.010000228881836,16.940855026245117
22130,11.140000343322754,10.362557411193848
22131,14.680000305175781,13.191549301147461
22132,7.71999979019165,7.149298191070557
22133,23.739999771118164,21.934993743896484
22134,22.059999465942383,21.14804458618164
22135,9.760000228881836,8.630274772644043
22136,27.600000381469727,25.934110641479492
22137,49.209999084472656,48.60783767700195
22138,1.9299999475479126,1.172870397567749
22139,32.959999084472656,32.68106460571289
22140,52.02000045776367,48.65667724609375
22141,41.0099983215332,39.20328903198242
22142,25.469999313354492,25.211681365966797
22143,10.8100004196167,9.607791900634766
22144,42.90999984741211,42.63454055786133
22145,8.149999618530273,6.931221008300781
22146,17.860000610351562,17.98605728149414
22147,30.229999542236328,29.246097564697266
22148,24.469999313354492,23.57785415649414
22149,17.059999465942383,16.838478088378906
22150,6.760000228881836,3.8694305419921875
22151,19.780000686645508,18.63995933532715
22152,27.059999465942383,25.52985191345215
22153,36.599998474121094,34.75935745239258
22154,38.08000183105469,36.21384811401367
22155,14.770000457763672,14.176133155822754
22156,10.1899995803833,9.985727310180664
22157,0.6299999952316284,1.309575080871582
22158,6.929999828338623,5.616642951965332
22159,8.899999618530273,8.123801231384277
22160,19.389999389648438,19.033292770385742
22161,21.860000610351562,21.50393295288086
22162,21.280000686645508,19.7696475982666
22163,28.59000015258789,27.188230514526367
22164,6.650000095367432,5.301781177520752
22165,33.310001373291016,33.09814453125
22166,15.5600004196167,14.735498428344727
22167,32.72999954223633,31.792905807495117
22168,36.65999984741211,34.708736419677734
22169,54.06999969482422,55.61965560913086
22170,53.56999969482422,51.10175704956055
22171,39.130001068115234,38.6029167175293
22172,28.6299991607666,28.434226989746094
22173,2.049999952316284,1.331110954284668
22174,27.690000534057617,26.334436416625977
22175,23.90999984741211,23.343475341796875
22176,21.700000762939453,20.81464385986328
22177,19.299999237060547,19.080095291137695
22178,20.149999618530273,19.488630294799805
22179,16.860000610351562,15.423595428466797
22180,1.6299999952316284,1.785640001296997
22181,7.619999885559082,6.257081985473633
22182,46.52000045776367,45.209354400634766
22183,23.3700008392334,21.129472732543945
22184,37.7400016784668,37.557167053222656
22185,58.31999969482422,58.098785400390625
22186,8.289999961853027,6.978891849517822
22187,69.83999633789062,65.81143951416016
22188,25.190000534057617,24.804697036743164
22189,12.140000343322754,11.999017715454102
22190,10.520000457763672,8.617286682128906
22191,3.1600000858306885,1.8238129615783691
22192,39.77000045776367,38.69500732421875
22193,74.13999938964844,74.50999450683594
22194,35.91999816894531,35.91297149658203
22195,39.939998626708984,38.19156265258789
22196,25.299999237060547,24.949039459228516
22197,26.860000610351562,25.08650016784668
22198,13.390000343322754,12.338223457336426
22199,10.619999885559082,10.162806510925293
22200,26.309999465942383,25.335988998413086
22201,30.979999542236328,29.45974349975586
22202,23.829999923706055,22.938810348510742
22203,35.040000915527344,33.446022033691406
22204,39.16999816894531,38.51313781738281
22205,28.229999542236328,27.578142166137695
22206,22.950000762939453,22.238815307617188
22207,6.690000057220459,5.527592182159424
22208,34.47999954223633,32.914974212646484
22209,41.5099983215332,39.58860778808594
22210,40.959999084472656,40.56565475463867
22211,21.100000381469727,20.519018173217773
22212,35.119998931884766,33.43984603881836
22213,32.08000183105469,31.666465759277344
22214,20.1200008392334,19.533994674682617
22215,34.52000045776367,33.853599548339844
22216,45.11000061035156,42.27351379394531
22217,11.569999694824219,11.366720199584961
22218,14.460000038146973,12.875372886657715
22219,38.58000183105469,38.31294631958008
22220,22.8700008392334,21.497072219848633
22221,67.06999969482422,64.73945617675781
22222,22.68000030517578,21.039674758911133
22223,12.579999923706055,11.859326362609863
22224,45.9900016784668,45.544437408447266
22225,42.099998474121094,41.64791488647461
22226,9.119999885559082,7.991939544677734
22227,51.849998474121094,50.47053146362305
22228,41.630001068115234,38.64973449707031
22229,24.600000381469727,24.379167556762695
22230,48.400001525878906,46.16445541381836
22231,25.170000076293945,24.201290130615234
22232,31.760000228881836,31.302793502807617
22233,22.899999618530273,22.75145149230957
22234,35.290000915527344,33.73377227783203
22235,13.350000381469727,11.097009658813477
22236,11.619999885559082,10.730298042297363
22237,32.630001068115234,31.046958923339844
22238,15.180000305175781,14.447718620300293
22239,60.5099983215332,59.36498260498047
22240,48.52000045776367,46.76713562011719
22241,37.33000183105469,35.17694091796875
22242,49.939998626708984,48.810585021972656
22243,22.280000686645508,21.58405113220215
22244,36.119998931884766,34.41329574584961
22245,49.529998779296875,47.16756057739258
22246,9.420000076293945,8.78140926361084
22247,34.11000061035156,33.772586822509766
22248,68.04000091552734,68.91715240478516
22249,16.010000228881836,15.111726760864258
22250,7.389999866485596,6.898281574249268
22251,52.31999969482422,51.28036117553711
22252,21.06999969482422,19.608322143554688
22253,17.09000015258789,16.657230377197266
22254,66.5199966430664,63.15696334838867
22255,34.18000030517578,33.5599250793457
22256,42.93000030517578,41.748146057128906
22257,39.849998474121094,37.60551071166992
22258,20.920000076293945,19.871063232421875
22259,4.570000171661377,3.2425615787506104
22260,46.84000015258789,45.645992279052734
22261,28.489999771118164,28.037395477294922
22262,13.5,12.52634048461914
22263,60.380001068115234,56.78236770629883
22264,32.04999923706055,31.598695755004883
22265,10.300000190734863,10.062678337097168
22266,11.529999732971191,10.735344886779785
22267,8.0,7.139449596405029
22268,42.11000061035156,42.50772476196289
22269,11.199999809265137,10.731596946716309
22270,28.079999923706055,28.260196685791016
22271,13.739999771118164,12.77161693572998
22272,41.380001068115234,39.19515609741211
22273,44.150001525878906,43.13002014160156
22274,20.149999618530273,20.060653686523438
22275,32.58000183105469,30.169469833374023
22276,28.610000610351562,26.20184898376465
22277,14.170000076293945,13.139944076538086
22278,20.440000534057617,19.722558975219727
22279,20.989999771118164,20.215641021728516
22280,2.690000057220459,1.8017774820327759
22281,53.150001525878906,52.61795425415039
22282,28.229999542236328,27.962766647338867
22283,56.9900016784668,58.1944465637207
22284,31.979999542236328,31.147842407226562
22285,16.200000762939453,15.763347625732422
22286,32.84000015258789,32.62382507324219
22287,33.970001220703125,33.37947082519531
22288,22.579999923706055,22.33884048461914
22289,10.239999771118164,10.373744010925293
22290,30.469999313354492,29.84662628173828
22291,25.780000686645508,25.13180923461914
22292,10.3100004196167,9.560541152954102
22293,19.059999465942383,17.699081420898438
22294,17.329999923706055,16.985300064086914
22295,14.680000305175781,13.55855655670166
22296,30.270000457763672,29.48291015625
22297,63.06999969482422,59.50326919555664
22298,24.940000534057617,23.57801055908203
22299,27.559999465942383,26.124849319458008
22300,22.139999389648438,21.306467056274414
22301,6.46999979019165,5.602101802825928
22302,4.880000114440918,2.802276611328125
22303,16.020000457763672,15.927536010742188
22304,40.290000915527344,39.968631744384766
22305,26.18000030517578,24.735836029052734
22306,10.960000038146973,10.475534439086914
22307,46.720001220703125,44.8803596496582
22308,29.049999237060547,27.438234329223633
22309,21.399999618530273,20.377058029174805
22310,37.61000061035156,35.88690948486328
22311,14.899999618530273,14.676641464233398
22312,21.100000381469727,19.626035690307617
22313,43.18000030517578,42.49959945678711
22314,20.399999618530273,19.49230194091797
22315,28.520000457763672,27.080787658691406
22316,26.469999313354492,25.9007568359375
22317,7.150000095367432,5.975127220153809
22318,33.88999938964844,33.1077995300293
22319,34.52000045776367,33.85221481323242
22320,24.209999084472656,23.670398712158203
22321,49.63999938964844,48.264949798583984
22322,7.920000076293945,7.355628967285156
22323,0.7200000286102295,1.687997817993164
22324,22.940000534057617,22.42877769470215
22325,16.700000762939453,16.140426635742188
22326,18.90999984741211,18.182788848876953
22327,12.619999885559082,11.990283966064453
22328,23.260000228881836,21.95466423034668
22329,39.459999084472656,37.99123764038086
22330,10.260000228881836,10.361048698425293
22331,14.710000038146973,14.003312110900879
22332,13.449999809265137,13.03291130065918
22333,45.279998779296875,42.91440200805664
22334,13.039999961853027,12.265288352966309
22335,32.959999084472656,32.45426940917969
22336,59.02000045776367,58.78318405151367
22337,28.290000915527344,27.31142807006836
22338,36.0,35.58905029296875
22339,29.280000686645508,28.3362979888916
22340,10.850000381469727,10.566704750061035
22341,12.010000228881836,11.389528274536133
22342,41.13999938964844,39.798038482666016
22343,33.79999923706055,33.22184753417969
22344,34.56999969482422,33.11667251586914
22345,11.1899995803833,10.591787338256836
22346,10.15999984741211,8.475597381591797
22347,23.969999313354492,23.08941650390625
22348,47.90999984741211,47.7287712097168
22349,6.53000020980835,5.439030647277832
22350,18.799999237060547,17.980798721313477
22351,23.25,22.033063888549805
22352,14.960000038146973,14.0993070602417
22353,36.18000030517578,34.847923278808594
22354,55.04999923706055,52.18035125732422
22355,40.75,39.74629592895508
22356,13.239999771118164,13.028188705444336
22357,29.670000076293945,28.659778594970703
22358,45.18000030517578,42.87879943847656
22359,19.850000381469727,19.049978256225586
22360,20.200000762939453,18.87461280822754
22361,21.329999923706055,19.978294372558594
22362,62.90999984741211,64.45686340332031
22363,42.36000061035156,40.6768913269043
22364,39.310001373291016,38.24858474731445
22365,50.0099983215332,47.056732177734375
22366,26.1200008392334,26.09986114501953
22367,35.630001068115234,33.6385498046875
22368,23.329999923706055,22.34523582458496
22369,9.880000114440918,8.74415111541748
22370,48.119998931884766,46.96453857421875
22371,28.780000686645508,27.62352752685547
22372,46.0,44.1767463684082
22373,32.79999923706055,32.51823043823242
22374,28.719999313354492,27.21318817138672
22375,64.30000305175781,62.376609802246094
22376,8.539999961853027,8.335371017456055
22377,28.329999923706055,27.114349365234375
22378,18.670000076293945,17.956676483154297
22379,27.469999313354492,26.515241622924805
22380,8.380000114440918,7.519853591918945
22381,5.119999885559082,3.9541101455688477
22382,75.37000274658203,74.23741912841797
22383,18.6299991607666,17.45185089111328
22384,29.260000228881836,27.952390670776367
22385,20.700000762939453,20.152782440185547
22386,48.61000061035156,47.67605972290039
22387,24.829999923706055,23.885595321655273
22388,4.920000076293945,3.6461267471313477
22389,67.63999938964844,67.40593719482422
22390,21.709999084472656,20.75423812866211
22391,42.95000076293945,43.03831100463867
22392,5.099999904632568,3.9431071281433105
22393,34.81999969482422,33.43867492675781
22394,8.75,7.635745048522949
22395,39.209999084472656,38.258758544921875
22396,38.61000061035156,37.21581268310547
22397,15.779999732971191,15.442100524902344
22398,17.280000686645508,16.595623016357422
22399,9.399999618530273,8.549565315246582
22400,5.949999809265137,4.465015411376953
22401,30.850000381469727,29.837827682495117
22402,0.9100000262260437,1.7068355083465576
22403,30.440000534057617,30.170055389404297
22404,10.9399995803833,10.050932884216309
22405,3.7799999713897705,2.632622003555298
22406,18.049999237060547,17.3662052154541
22407,24.399999618530273,22.635833740234375
22408,45.880001068115234,44.0462532043457
22409,21.479999542236328,20.621137619018555
22410,38.279998779296875,37.33474349975586
22411,6.519999980926514,5.378880500793457
22412,15.15999984741211,13.646477699279785
22413,8.479999542236328,7.147921562194824
22414,40.689998626708984,39.56535339355469
22415,13.079999923706055,13.105714797973633
22416,45.400001525878906,44.24624252319336
22417,5.610000133514404,4.415133953094482
22418,35.599998474121094,33.45319747924805
22419,68.12000274658203,67.5510482788086
22420,10.260000228881836,9.686915397644043
22421,34.63999938964844,33.613407135009766
22422,46.189998626708984,45.10929489135742
22423,14.960000038146973,14.608423233032227
22424,33.939998626708984,32.87508773803711
22425,9.4399995803833,8.58270263671875
22426,33.720001220703125,33.39421844482422
22427,13.15999984741211,12.413797378540039
22428,28.030000686645508,27.302478790283203
22429,33.029998779296875,32.79055404663086
22430,11.029999732971191,10.797528266906738
22431,40.66999816894531,38.63526916503906
22432,32.380001068115234,30.071029663085938
22433,13.59000015258789,12.552021026611328
22434,12.390000343322754,12.021516799926758
22435,46.68000030517578,45.64206314086914
22436,30.100000381469727,30.0020751953125
22437,46.7599983215332,44.826629638671875
22438,20.920000076293945,20.324636459350586
22439,48.75,48.72047424316406
22440,27.93000030517578,26.274620056152344
22441,33.43000030517578,31.2890567779541
22442,29.780000686645508,29.225942611694336
22443,14.449999809265137,13.598225593566895
22444,34.970001220703125,33.020809173583984
22445,9.569999694824219,9.372679710388184
22446,47.540000915527344,44.441280364990234
22447,15.100000381469727,14.47478199005127
22448,54.45000076293945,52.88042068481445
22449,19.1200008392334,19.028884887695312
22450,27.219999313354492,26.107879638671875
22451,41.02000045776367,40.27042770385742
22452,7.989999771118164,7.52161169052124
22453,47.470001220703125,45.62024688720703
22454,7.019999980926514,6.1208295822143555
22455,13.180000305175781,12.565711975097656
22456,7.320000171661377,6.9114484786987305
22457,32.52000045776367,31.244728088378906
22458,11.210000038146973,10.492342948913574
22459,19.219999313354492,18.730575561523438
22460,36.4900016784668,35.623321533203125
22461,16.6299991607666,16.489290237426758
22462,6.489999771118164,5.741984844207764
22463,25.739999771118164,25.81393814086914
22464,2.75,1.945892333984375
22465,5.820000171661377,4.262196063995361
22466,10.130000114440918,10.629197120666504
22467,9.770000457763672,8.939072608947754
22468,10.6899995803833,9.802438735961914
22469,54.47999954223633,54.018924713134766
22470,36.97999954223633,35.97541046142578
22471,44.08000183105469,41.21931838989258
22472,17.43000030517578,16.818111419677734
22473,37.54999923706055,36.647640228271484
22474,18.360000610351562,17.568178176879883
22475,77.13999938964844,75.75008392333984
22476,23.8799991607666,22.438819885253906
22477,14.020000457763672,13.26034927368164
22478,48.16999816894531,46.22228240966797
22479,23.139999389648438,21.594482421875
22480,23.899999618530273,22.342403411865234
22481,27.290000915527344,26.504852294921875
22482,40.34000015258789,38.76346969604492
22483,37.52000045776367,37.17634963989258
22484,13.399999618530273,13.129384994506836
22485,21.84000015258789,21.372344970703125
22486,25.09000015258789,23.638200759887695
22487,19.149999618530273,18.478416442871094
22488,61.310001373291016,60.4089241027832
22489,27.969999313354492,27.122798919677734
22490,14.09000015258789,13.215887069702148
22491,14.010000228881836,13.348608016967773
22492,7.349999904632568,6.0008769035339355
22493,30.020000457763672,28.70941734313965
22494,15.3100004196167,14.484330177307129
22495,12.65999984741211,11.90865421295166
22496,40.54999923706055,40.18497085571289
22497,12.670000076293945,12.033746719360352
22498,39.939998626708984,39.115028381347656
22499,30.079999923706055,28.02578353881836
22500,12.819999694824219,12.195887565612793
22501,12.9399995803833,12.470441818237305
22502,19.030000686645508,18.707612991333008
22503,4.329999923706055,3.417555809020996
22504,49.599998474121094,48.03661346435547
22505,25.479999542236328,24.237558364868164
22506,35.97999954223633,36.04921340942383
22507,67.55000305175781,68.85540008544922
22508,47.63999938964844,47.416378021240234
22509,25.690000534057617,23.37802505493164
22510,44.58000183105469,43.64320755004883
22511,23.8700008392334,23.824007034301758
22512,37.400001525878906,37.61508560180664
22513,13.550000190734863,12.45622444152832
22514,37.939998626708984,36.03041076660156
22515,29.229999542236328,28.62032127380371
22516,21.8700008392334,20.612567901611328
22517,23.709999084472656,22.152433395385742
22518,24.25,22.8102970123291
22519,43.709999084472656,41.88788986206055
22520,60.790000915527344,60.835506439208984
22521,48.849998474121094,48.14529037475586
22522,12.350000381469727,10.791580200195312
22523,46.0099983215332,43.04195785522461
22524,18.899999618530273,17.931116104125977
22525,18.989999771118164,18.204002380371094
22526,44.5099983215332,43.59394454956055
22527,7.449999809265137,6.666778087615967
22528,29.450000762939453,27.759490966796875
22529,16.739999771118164,15.27169418334961
22530,44.869998931884766,44.18206787109375
22531,20.719999313354492,20.597946166992188
22532,4.739999771118164,3.208190679550171
22533,8.84000015258789,8.944029808044434
22534,33.119998931884766,31.248790740966797
22535,12.119999885559082,11.118927001953125
22536,18.719999313354492,18.519472122192383
22537,10.859999656677246,9.753338813781738
22538,25.489999771118164,26.088165283203125
22539,31.959999084472656,32.15035629272461
22540,22.889999389648438,21.917308807373047
22541,27.020000457763672,26.257081985473633
22542,46.279998779296875,45.14601135253906
22543,22.719999313354492,22.756328582763672
22544,35.34000015258789,34.15187072753906
22545,18.579999923706055,17.44750213623047
22546,13.020000457763672,12.626620292663574
22547,13.979999542236328,12.726283073425293
22548,10.619999885559082,9.561677932739258
22549,38.7599983215332,36.80113983154297
22550,35.369998931884766,34.163368225097656
22551,25.65999984741211,24.788951873779297
22552,24.75,23.0792236328125
22553,64.4000015258789,63.11558532714844
22554,18.530000686645508,17.9852294921875
22555,7.650000095367432,6.626969814300537
22556,34.77000045776367,32.744693756103516
22557,32.290000915527344,32.32386779785156
22558,60.5,59.172393798828125
22559,10.34000015258789,9.19619369506836
22560,39.83000183105469,37.873653411865234
22561,52.2599983215332,50.76270294189453
22562,44.11000061035156,42.34272003173828
22563,58.779998779296875,58.027095794677734
22564,44.619998931884766,42.90324401855469
22565,58.75,59.530311584472656
22566,17.829999923706055,17.097946166992188
22567,38.689998626708984,37.0015869140625
22568,38.45000076293945,36.527679443359375
22569,52.849998474121094,49.06911849975586
22570,37.0,36.644622802734375
22571,32.720001220703125,31.782970428466797
22572,56.220001220703125,55.63426208496094
22573,9.510000228881836,8.434192657470703
22574,17.59000015258789,16.733413696289062
22575,34.279998779296875,33.14887619018555
22576,19.31999969482422,19.270465850830078
22577,31.049999237060547,29.52220916748047
22578,32.290000915527344,31.302724838256836
22579,53.43000030517578,51.71231460571289
22580,24.270000457763672,24.05712890625
22581,4.760000228881836,3.137505292892456
22582,8.460000038146973,7.457664966583252
22583,5.590000152587891,4.456427097320557
22584,35.380001068115234,33.487674713134766
22585,24.520000457763672,23.989662170410156
22586,11.550000190734863,11.574748992919922
22587,16.110000610351562,15.283479690551758
22588,26.549999237060547,25.93426513671875
22589,18.850000381469727,17.878742218017578
22590,24.170000076293945,22.888946533203125
22591,15.5,14.358796119689941
22592,22.850000381469727,21.228618621826172
22593,7.0,6.260575771331787
22594,20.770000457763672,20.643918991088867
22595,23.06999969482422,21.764577865600586
22596,46.34000015258789,44.321533203125
22597,29.979999542236328,29.81768798828125
22598,52.709999084472656,51.32961654663086
22599,33.97999954223633,34.2948112487793
22600,59.72999954223633,57.2147102355957
22601,2.5299999713897705,1.2400872707366943
22602,42.720001220703125,42.17825698852539
22603,21.389999389648438,21.217737197875977
22604,66.91000366210938,67.18318176269531
22605,24.229999542236328,22.895671844482422
22606,6.519999980926514,5.542129039764404
22607,13.880000114440918,13.317975997924805
22608,11.949999809265137,10.78536605834961
22609,50.36000061035156,47.93266677856445
22610,7.010000228881836,5.8370747566223145
22611,34.18000030517578,32.20872497558594
22612,23.170000076293945,21.068010330200195
22613,52.02000045776367,52.6534538269043
22614,53.439998626708984,52.55636215209961
22615,23.1200008392334,21.929271697998047
22616,11.739999771118164,10.600517272949219
22617,31.75,30.804218292236328
22618,52.7400016784668,51.401309967041016
22619,13.010000228881836,12.8041410446167
22620,50.77000045776367,48.71992492675781
22621,13.729999542236328,13.03449821472168
22622,6.139999866485596,5.167834281921387
22623,49.16999816894531,48.658565521240234
22624,18.760000228881836,18.064767837524414
22625,8.800000190734863,7.630159378051758
22626,22.959999084472656,21.42950439453125
22627,12.09000015258789,11.248743057250977
22628,46.41999816894531,45.08750915527344
22629,8.899999618530273,8.086054801940918
22630,20.40999984741211,19.829782485961914
22631,37.279998779296875,36.02054214477539
22632,26.229999542236328,25.328197479248047
22633,9.619999885559082,8.978084564208984
22634,73.37000274658203,73.50830841064453
22635,17.420000076293945,16.714767456054688
22636,39.06999969482422,38.34116744995117
22637,4.510000228881836,3.2451164722442627
22638,10.079999923706055,9.149286270141602
22639,39.09000015258789,38.68387985229492
22640,13.359999656677246,12.548393249511719
22641,19.420000076293945,18.210304260253906
22642,7.769999980926514,6.657629013061523
22643,18.100000381469727,17.663471221923828
22644,30.530000686645508,29.184139251708984
22645,11.329999923706055,9.016331672668457
22646,46.029998779296875,43.67796325683594
22647,24.8700008392334,23.746864318847656
22648,10.460000038146973,9.725380897521973
22649,59.11000061035156,57.383644104003906
22650,22.309999465942383,21.885848999023438
22651,18.020000457763672,17.601423263549805
22652,11.59000015258789,10.843646049499512
22653,53.02000045776367,51.750484466552734
22654,34.5,35.37800979614258
22655,6.21999979019165,4.498555660247803
22656,22.219999313354492,20.146591186523438
22657,35.119998931884766,34.19321823120117
22658,9.470000267028809,7.760008335113525
22659,39.459999084472656,38.33595657348633
22660,6.570000171661377,5.2649102210998535
22661,61.290000915527344,57.79691696166992
22662,55.43000030517578,54.90158462524414
22663,39.790000915527344,40.2719841003418
22664,13.699999809265137,13.260175704956055
22665,31.979999542236328,31.87723159790039
22666,16.030000686645508,15.60306167602539
22667,18.280000686645508,16.814373016357422
22668,30.15999984741211,29.251428604125977
22669,20.90999984741211,20.009273529052734
22670,29.770000457763672,28.914657592773438
22671,29.290000915527344,28.022018432617188
22672,36.599998474121094,36.06067657470703
22673,38.9900016784668,38.29285430908203
22674,1.5800000429153442,1.2876008749008179
22675,33.790000915527344,33.5808219909668
22676,24.920000076293945,25.387908935546875
22677,27.18000030517578,25.99496841430664
22678,36.599998474121094,35.627296447753906
22679,22.25,20.948318481445312
22680,15.979999542236328,15.791385650634766
22681,20.8799991607666,19.69997787475586
22682,30.15999984741211,29.027713775634766
22683,41.13999938964844,42.273555755615234
22684,36.2400016784668,35.35823440551758
22685,51.09000015258789,49.21211242675781
22686,36.27000045776367,36.2241325378418
22687,33.29999923706055,32.63387680053711
22688,42.970001220703125,42.31245803833008
22689,58.2400016784668,53.27365493774414
22690,13.289999961853027,13.723542213439941
22691,69.29000091552734,68.44248962402344
22692,8.369999885559082,7.667906284332275
22693,32.119998931884766,30.008384704589844
22694,14.859999656677246,13.807658195495605
22695,25.010000228881836,23.065032958984375
22696,52.25,53.780296325683594
22697,26.489999771118164,25.95024299621582
22698,25.780000686645508,23.62502670288086
22699,50.04999923706055,46.7275276184082
22700,12.760000228881836,11.908965110778809
22701,24.969999313354492,23.892547607421875
22702,44.63999938964844,41.94507598876953
22703,6.869999885559082,6.325799942016602
22704,31.200000762939453,30.389083862304688
22705,5.059999942779541,3.9328556060791016
22706,44.95000076293945,42.7498664855957
22707,8.34000015258789,7.485137462615967
22708,25.049999237060547,23.78994369506836
22709,14.880000114440918,13.924551963806152
22710,22.389999389648438,21.201263427734375
22711,50.81999969482422,48.53020095825195
22712,23.389999389648438,22.345726013183594
22713,10.369999885559082,9.158085823059082
22714,2.240000009536743,1.5959616899490356
22715,37.689998626708984,36.74583053588867
22716,4.460000038146973,3.2700440883636475
22717,17.43000030517578,16.747472763061523
22718,69.12000274658203,70.1017074584961
22719,16.68000030517578,15.742498397827148
22720,26.170000076293945,25.704021453857422
22721,15.350000381469727,14.765583038330078
22722,32.65999984741211,31.30738067626953
22723,10.539999961853027,9.531112670898438
22724,46.36000061035156,44.2708625793457
22725,31.010000228881836,30.329078674316406
22726,5.380000114440918,4.339049816131592
22727,33.95000076293945,33.2155647277832
22728,25.940000534057617,24.481769561767578
22729,6.929999828338623,5.980947494506836
22730,4.289999961853027,3.1933884620666504
22731,42.22999954223633,39.811458587646484
22732,16.040000915527344,16.412010192871094
22733,46.689998626708984,45.65135192871094
22734,20.479999542236328,19.771547317504883
22735,38.0099983215332,37.55070114135742
22736,41.18000030517578,39.80643081665039
22737,9.869999885559082,8.751686096191406
22738,10.84000015258789,10.014714241027832
22739,21.290000915527344,20.419849395751953
22740,55.029998779296875,53.59981918334961
22741,31.549999237060547,31.481830596923828
22742,24.170000076293945,23.902061462402344
22743,16.81999969482422,16.14286994934082
22744,27.649999618530273,27.95002555847168
22745,60.59000015258789,60.166446685791016
22746,32.90999984741211,30.96044921875
22747,3.5,2.8006508350372314
22748,29.899999618530273,28.62728500366211
22749,71.11000061035156,69.66195678710938
22750,9.789999961853027,9.11504077911377
22751,7.130000114440918,6.558732032775879
22752,21.559999465942383,20.959426879882812
22753,38.06999969482422,37.48310470581055
22754,6.670000076293945,5.714959621429443
22755,81.5199966430664,73.94721221923828
22756,23.93000030517578,22.271987915039062
22757,16.709999084472656,16.066322326660156
22758,30.700000762939453,30.761198043823242
22759,6.869999885559082,5.43613862991333
22760,43.20000076293945,42.270286560058594
22761,33.02000045776367,31.207481384277344
22762,72.04000091552734,62.2739143371582
22763,36.38999938964844,35.09496307373047
22764,24.40999984741211,23.03437614440918
22765,40.45000076293945,39.86660385131836
22766,21.799999237060547,20.788238525390625
22767,12.300000190734863,10.476658821105957
22768,18.18000030517578,17.676334381103516
22769,19.889999389648438,19.31475067138672
22770,30.010000228881836,28.355175018310547
22771,15.170000076293945,14.392508506774902
22772,38.43000030517578,37.93383026123047
22773,33.939998626708984,33.44792938232422
22774,46.689998626708984,44.17387008666992
22775,15.050000190734863,14.350897789001465
22776,30.81999969482422,29.413375854492188
22777,41.66999816894531,42.56520462036133
22778,49.970001220703125,47.2652702331543
22779,48.2599983215332,48.324520111083984
22780,18.360000610351562,17.397510528564453
22781,22.719999313354492,21.20317840576172
22782,30.030000686645508,28.943452835083008
22783,28.1299991607666,27.853195190429688
22784,11.649999618530273,10.960445404052734
22785,12.079999923706055,11.083427429199219
22786,29.68000030517578,28.34589195251465
22787,36.36000061035156,34.9484748840332
22788,43.029998779296875,43.3597297668457
22789,67.23999786376953,71.11597442626953
22790,64.87000274658203,63.46809768676758
22791,35.869998931884766,34.321571350097656
22792,29.790000915527344,28.87417221069336
22793,10.989999771118164,9.932063102722168
22794,69.27999877929688,61.226287841796875
22795,26.030000686645508,25.50148582458496
22796,24.25,23.390274047851562
22797,8.510000228881836,7.470420837402344
22798,28.049999237060547,27.13805389404297
22799,11.109999656677246,10.700593948364258
22800,41.81999969482422,39.99595260620117
22801,16.100000381469727,15.302896499633789
22802,19.959999084472656,18.85318946838379
22803,31.65999984741211,30.29479217529297
22804,16.15999984741211,15.094217300415039
22805,10.279999732971191,8.805855751037598
22806,12.279999732971191,12.11734390258789
22807,16.969999313354492,16.596912384033203
22808,62.119998931884766,59.22798538208008
22809,32.45000076293945,31.919342041015625
22810,38.529998779296875,38.39052963256836
22811,43.459999084472656,42.1612663269043
22812,17.459999084472656,16.781009674072266
22813,74.26000213623047,72.64055633544922
22814,5.53000020980835,3.967135429382324
22815,45.540000915527344,44.28239822387695
22816,10.329999923706055,9.356953620910645
22817,20.59000015258789,19.713409423828125
22818,45.15999984741211,41.71186447143555
22819,17.010000228881836,16.24612808227539
22820,23.139999389648438,22.17518424987793
22821,43.81999969482422,43.7196159362793
22822,55.880001068115234,55.53561782836914
22823,7.239999771118164,7.289668083190918
22824,71.2699966430664,68.85945129394531
22825,29.299999237060547,27.879011154174805
22826,22.639999389648438,21.987712860107422
22827,39.689998626708984,39.2905387878418
22828,37.220001220703125,37.494964599609375
22829,22.59000015258789,21.55294418334961
22830,13.920000076293945,13.677748680114746
22831,28.600000381469727,28.176328659057617
22832,9.8100004196167,9.080939292907715
22833,33.40999984741211,32.236427307128906
22834,27.049999237060547,26.08710479736328
22835,12.649999618530273,12.451404571533203
22836,28.040000915527344,27.468772888183594
22837,2.5299999713897705,1.576428771018982
22838,51.33000183105469,50.786041259765625
22839,22.860000610351562,22.499332427978516
22840,15.649999618530273,15.053646087646484
22841,60.27000045776367,56.30782699584961
22842,35.040000915527344,33.78507614135742
22843,6.690000057220459,6.2385172843933105
22844,22.350000381469727,20.900789260864258
22845,9.329999923706055,7.876699924468994
22846,27.280000686645508,26.28814697265625
22847,9.420000076293945,8.399330139160156
22848,56.63999938964844,54.563377380371094
22849,6.340000152587891,5.741100311279297
22850,44.79999923706055,44.02018356323242
22851,32.9900016784668,32.63233184814453
22852,22.489999771118164,21.574296951293945
22853,35.63999938964844,34.3178596496582
22854,54.40999984741211,52.704078674316406
22855,29.75,28.871936798095703
22856,26.450000762939453,25.815593719482422
22857,30.149999618530273,28.430343627929688
22858,53.790000915527344,50.79114532470703
22859,17.3700008392334,16.90459442138672
22860,52.540000915527344,50.46385955810547
22861,26.270000457763672,26.03313446044922
22862,20.06999969482422,18.91193962097168
22863,50.45000076293945,48.39033126831055
22864,15.829999923706055,15.110721588134766
22865,25.43000030517578,23.91269302368164
22866,78.3499984741211,75.64743041992188
22867,46.81999969482422,45.15697479248047
22868,17.90999984741211,16.60425567626953
22869,19.530000686645508,18.92198944091797
22870,33.2400016784668,31.885601043701172
22871,35.72999954223633,33.39120101928711
22872,9.9399995803833,8.952922821044922
22873,27.190000534057617,25.99079132080078
22874,51.209999084472656,48.68862533569336
22875,7.940000057220459,6.951270580291748
22876,11.210000038146973,9.934279441833496
22877,2.200000047683716,1.34867525100708
22878,18.25,18.084003448486328
22879,8.270000457763672,7.4185662269592285
22880,15.970000267028809,15.433799743652344
22881,42.91999816894531,42.339576721191406
22882,32.369998931884766,31.13402557373047
22883,15.600000381469727,15.639030456542969
22884,49.459999084472656,49.75718688964844
22885,22.559999465942383,21.732336044311523
22886,11.699999809265137,10.60340690612793
22887,26.350000381469727,24.848690032958984
22888,6.130000114440918,4.456170558929443
22889,21.260000228881836,19.994552612304688
22890,20.40999984741211,19.157039642333984
22891,23.790000915527344,22.217836380004883
22892,32.38999938964844,31.95387840270996
22893,8.199999809265137,8.069862365722656
22894,34.970001220703125,34.27933883666992
22895,53.11000061035156,52.391326904296875
22896,33.060001373291016,32.38431167602539
22897,52.959999084472656,53.19209671020508
22898,18.520000457763672,18.18421173095703
22899,70.13999938964844,69.99224090576172
22900,11.270000457763672,10.227792739868164
22901,14.369999885559082,13.355583190917969
22902,9.390000343322754,8.408819198608398
22903,22.010000228881836,21.611330032348633
22904,11.130000114440918,10.87479019165039
22905,14.359999656677246,13.107156753540039
22906,50.040000915527344,48.72175216674805
22907,4.900000095367432,3.764866352081299
22908,30.65999984741211,29.508852005004883
22909,26.709999084472656,24.99612045288086
22910,46.68000030517578,46.16904067993164
22911,46.75,45.76424789428711
22912,55.130001068115234,54.905723571777344
22913,10.220000267028809,10.205401420593262
22914,53.630001068115234,51.66818618774414
22915,30.8799991607666,29.53335952758789
22916,11.930000305175781,11.641217231750488
22917,19.889999389648438,19.252918243408203
22918,51.47999954223633,53.61826705932617
22919,23.6299991607666,23.25127601623535
22920,24.760000228881836,24.183422088623047
22921,21.3799991607666,20.060951232910156
22922,34.689998626708984,33.17507553100586
22923,47.040000915527344,44.6596565246582
22924,20.81999969482422,20.318695068359375
22925,15.729999542236328,14.578360557556152
22926,43.18000030517578,41.86762619018555
22927,24.020000457763672,23.424129486083984
22928,40.15999984741211,39.04880905151367
22929,44.02000045776367,40.58677673339844
22930,19.149999618530273,18.36862564086914
22931,10.890000343322754,11.322827339172363
22932,62.91999816894531,60.96652603149414
22933,27.940000534057617,26.943613052368164
22934,26.020000457763672,25.17495346069336
22935,31.610000610351562,30.380138397216797
22936,45.63999938964844,44.361358642578125
22937,24.0,25.021129608154297
22938,28.399999618530273,28.416236877441406
22939,3.5199999809265137,2.3745522499084473
22940,59.83000183105469,59.70097732543945
22941,18.389999389648438,18.00664520263672
22942,5.909999847412109,4.479241847991943
22943,37.209999084472656,36.56346130371094
22944,55.560001373291016,52.48592758178711
22945,3.819999933242798,2.5149519443511963
22946,35.15999984741211,34.558937072753906
22947,19.399999618530273,18.494142532348633
22948,18.520000457763672,17.7254638671875
22949,34.0,33.375526428222656
22950,44.43000030517578,42.693214416503906
22951,47.599998474121094,46.24503707885742
22952,5.809999942779541,4.421360015869141
22953,16.940000534057617,16.263181686401367
22954,18.729999542236328,18.36309814453125
22955,43.470001220703125,40.9697151184082
22956,32.4900016784668,33.01362609863281
22957,63.31999969482422,63.27731704711914
22958,17.15999984741211,15.849300384521484
22959,2.7100000381469727,1.7881900072097778
22960,6.960000038146973,6.054616928100586
22961,22.280000686645508,21.280492782592773
22962,7.920000076293945,6.602236747741699
22963,15.859999656677246,15.556852340698242
22964,43.189998626708984,42.09283447265625
22965,31.100000381469727,30.036605834960938
22966,22.979999542236328,21.288345336914062
22967,30.389999389648438,30.113222122192383
22968,14.869999885559082,14.371947288513184
22969,37.20000076293945,35.670528411865234
22970,14.0,14.37290096282959
22971,34.040000915527344,32.413211822509766
22972,39.7599983215332,39.531394958496094
22973,23.729999542236328,21.32918930053711
22974,39.369998931884766,38.98418045043945
22975,56.790000915527344,56.84852981567383
22976,40.33000183105469,39.885929107666016
22977,20.010000228881836,19.0827693939209
22978,28.770000457763672,28.598539352416992
22979,25.600000381469727,24.87360191345215
22980,29.149999618530273,29.37143325805664
22981,19.6299991607666,19.637779235839844
22982,9.600000381469727,9.490077018737793
22983,20.68000030517578,20.157306671142578
22984,34.58000183105469,32.07903289794922
22985,66.83000183105469,63.81510543823242
22986,15.789999961853027,14.761283874511719
22987,40.560001373291016,40.007755279541016
22988,2.630000114440918,1.8105283975601196
22989,7.019999980926514,5.890643119812012
22990,12.319999694824219,11.345348358154297
22991,45.59000015258789,43.5355224609375
22992,17.309999465942383,16.657238006591797
22993,25.75,24.81565284729004
