,true_depths,predicted_depths
0,17.889999389648438,15.520495414733887
1,29.5,28.295034408569336
2,40.529998779296875,36.20408248901367
3,5.480000019073486,4.405445098876953
4,51.810001373291016,48.61037826538086
5,7.429999828338623,6.301563262939453
6,23.200000762939453,24.048967361450195
7,26.559999465942383,25.697654724121094
8,28.84000015258789,27.835874557495117
9,22.010000228881836,20.315441131591797
10,5.570000171661377,4.140539169311523
11,4.559999942779541,4.1551194190979
12,20.190000534057617,19.44161605834961
13,8.979999542236328,8.478690147399902
14,27.389999389648438,26.60072898864746
15,37.70000076293945,36.48573303222656
16,3.240000009536743,2.765716075897217
17,3.7899999618530273,3.2058024406433105
18,17.56999969482422,17.541170120239258
19,2.6600000858306885,1.4427921772003174
20,56.2599983215332,51.3621826171875
21,31.149999618530273,29.63235092163086
22,3.2300000190734863,1.6231133937835693
23,14.829999923706055,12.942607879638672
24,17.780000686645508,17.17987632751465
25,38.66999816894531,37.48955535888672
26,12.229999542236328,12.367465019226074
27,22.8700008392334,22.81218910217285
28,24.610000610351562,22.951805114746094
29,35.59000015258789,36.20921325683594
30,28.780000686645508,29.818082809448242
31,44.90999984741211,42.478912353515625
32,28.40999984741211,28.22528839111328
33,3.3499999046325684,1.974043369293213
34,17.34000015258789,16.465482711791992
35,46.68000030517578,47.33207321166992
36,23.239999771118164,23.099380493164062
37,21.290000915527344,20.46182632446289
38,6.599999904632568,5.203212261199951
39,54.119998931884766,49.74532699584961
40,41.47999954223633,41.0196533203125
41,15.40999984741211,14.594718933105469
42,28.34000015258789,27.990123748779297
43,48.5099983215332,47.048038482666016
44,26.899999618530273,25.20488739013672
45,30.18000030517578,28.44758415222168
46,13.920000076293945,13.595193862915039
47,71.33000183105469,73.2740707397461
48,15.729999542236328,15.318336486816406
49,20.489999771118164,19.205537796020508
50,26.469999313354492,25.837024688720703
51,14.760000228881836,14.123150825500488
52,41.650001525878906,38.59822082519531
53,15.220000267028809,13.850854873657227
54,41.86000061035156,41.44798278808594
55,12.149999618530273,10.62814712524414
56,15.729999542236328,14.987540245056152
57,23.389999389648438,20.99577522277832
58,7.559999942779541,3.820028781890869
59,67.7300033569336,67.91755676269531
60,4.800000190734863,4.111739635467529
61,18.860000610351562,18.342159271240234
62,29.719999313354492,27.637123107910156
63,4.989999771118164,3.9868876934051514
64,12.579999923706055,11.072211265563965
65,23.719999313354492,23.07762336730957
66,38.75,37.155094146728516
67,14.119999885559082,14.873586654663086
68,52.56999969482422,52.81742858886719
69,28.81999969482422,28.71137237548828
70,56.060001373291016,50.302032470703125
71,14.260000228881836,13.688554763793945
72,23.969999313354492,21.493125915527344
73,14.039999961853027,14.032273292541504
74,47.790000915527344,48.30278396606445
75,23.969999313354492,23.296865463256836
76,45.970001220703125,45.13418960571289
77,21.299999237060547,19.898075103759766
78,21.760000228881836,20.948036193847656
79,27.65999984741211,26.410837173461914
80,11.729999542236328,10.003973007202148
81,44.29999923706055,44.11662292480469
82,77.37000274658203,72.8316650390625
83,35.84000015258789,35.628971099853516
84,22.15999984741211,20.600624084472656
85,21.440000534057617,20.243228912353516
86,28.65999984741211,28.86831283569336
87,20.350000381469727,18.540386199951172
88,17.190000534057617,17.991943359375
89,35.34000015258789,35.40975570678711
90,16.229999542236328,15.633902549743652
91,12.680000305175781,11.683969497680664
92,31.200000762939453,31.065893173217773
93,42.95000076293945,39.5097770690918
94,34.720001220703125,34.94778060913086
95,9.8100004196167,9.137876510620117
96,29.31999969482422,28.143281936645508
97,47.709999084472656,46.36946487426758
98,24.399999618530273,21.704530715942383
99,23.350000381469727,22.154926300048828
100,44.06999969482422,42.995994567871094
101,7.440000057220459,6.197645664215088
102,24.84000015258789,25.09273910522461
103,21.649999618530273,20.73628044128418
104,38.33000183105469,34.920188903808594
105,18.489999771118164,17.783138275146484
106,23.420000076293945,22.043977737426758
107,18.229999542236328,16.913570404052734
108,32.72999954223633,31.9876708984375
109,20.75,21.880451202392578
110,22.43000030517578,22.465526580810547
111,27.100000381469727,24.935935974121094
112,51.90999984741211,48.2778205871582
113,26.84000015258789,24.9925479888916
114,57.560001373291016,55.479530334472656
115,13.569999694824219,12.234260559082031
116,17.719999313354492,16.007198333740234
117,45.040000915527344,44.98211669921875
118,15.880000114440918,13.575883865356445
119,32.77000045776367,30.051130294799805
120,14.680000305175781,13.392301559448242
121,32.220001220703125,30.60088348388672
122,21.1299991607666,20.803993225097656
123,34.04999923706055,33.473724365234375
124,37.02000045776367,35.844058990478516
125,60.900001525878906,59.23478317260742
126,52.54999923706055,57.40766525268555
127,8.119999885559082,7.196441173553467
128,36.7599983215332,36.67082214355469
129,42.90999984741211,42.125946044921875
130,46.439998626708984,45.45001220703125
131,27.670000076293945,25.4586124420166
132,17.489999771118164,16.439266204833984
133,12.039999961853027,10.89142894744873
134,33.689998626708984,31.551116943359375
135,39.959999084472656,39.58380126953125
136,27.559999465942383,25.36505126953125
137,43.470001220703125,43.050811767578125
138,12.930000305175781,11.218220710754395
139,27.8700008392334,29.947412490844727
140,23.610000610351562,21.35967445373535
141,30.1200008392334,28.574562072753906
142,17.709999084472656,16.88089370727539
143,11.029999732971191,10.24465274810791
144,29.950000762939453,29.691104888916016
145,18.790000915527344,16.499509811401367
146,36.540000915527344,34.54851150512695
147,69.69000244140625,66.66407775878906
148,30.6200008392334,29.11009979248047
149,48.68000030517578,47.23530578613281
150,37.939998626708984,38.584983825683594
151,39.56999969482422,37.75387191772461
152,13.4399995803833,11.8194580078125
153,38.36000061035156,36.00726318359375
154,30.610000610351562,29.441734313964844
155,30.1200008392334,28.423561096191406
156,45.41999816894531,42.84402084350586
157,43.79999923706055,42.105106353759766
158,3.690000057220459,3.682511568069458
159,47.790000915527344,42.758426666259766
160,37.77000045776367,38.81277084350586
161,11.369999885559082,10.47957992553711
162,37.2599983215332,35.456138610839844
163,26.350000381469727,25.301008224487305
164,25.059999465942383,23.645456314086914
165,9.609999656677246,8.38598346710205
166,26.239999771118164,25.128419876098633
167,17.989999771118164,17.17985725402832
168,46.77000045776367,45.58100891113281
169,37.290000915527344,36.71456527709961
170,5.449999809265137,3.663325548171997
171,7.019999980926514,6.3006510734558105
172,49.18000030517578,47.02190017700195
173,5.869999885559082,5.124772071838379
174,33.31999969482422,28.57279396057129
175,62.4900016784668,61.1563835144043
176,21.600000381469727,20.133163452148438
177,26.6200008392334,27.013761520385742
178,24.010000228881836,23.37087059020996
179,12.369999885559082,12.197622299194336
180,17.309999465942383,16.528284072875977
181,42.2599983215332,39.221519470214844
182,77.76000213623047,72.41863250732422
183,21.829999923706055,21.79914093017578
184,32.540000915527344,32.959930419921875
185,9.75,9.093975067138672
186,4.230000019073486,2.7870094776153564
187,41.790000915527344,40.05698013305664
188,22.600000381469727,22.397741317749023
189,27.649999618530273,27.352331161499023
190,44.540000915527344,39.60346984863281
191,17.530000686645508,16.82086944580078
192,14.260000228881836,12.92723274230957
193,7.420000076293945,6.319514274597168
194,36.36000061035156,35.11643600463867
195,62.77000045776367,65.40896606445312
196,34.119998931884766,32.154720306396484
197,3.569999933242798,2.4549336433410645
198,34.20000076293945,31.500347137451172
199,21.6200008392334,18.849048614501953
200,37.209999084472656,37.669471740722656
201,24.649999618530273,22.854816436767578
202,25.100000381469727,23.10228729248047
203,32.970001220703125,31.59714698791504
204,13.390000343322754,12.2958984375
205,24.0,22.0543212890625
206,20.18000030517578,19.616683959960938
207,25.940000534057617,24.20094871520996
208,21.18000030517578,21.228656768798828
209,16.799999237060547,16.72623062133789
210,20.510000228881836,18.553054809570312
211,37.189998626708984,36.84723663330078
212,32.04999923706055,29.45439910888672
213,20.760000228881836,18.666027069091797
214,65.16000366210938,64.4532470703125
215,52.040000915527344,49.23222351074219
216,39.209999084472656,38.42902755737305
217,23.40999984741211,21.82950210571289
218,33.68000030517578,31.99008560180664
219,66.44999694824219,61.30842208862305
220,21.510000228881836,20.908292770385742
221,46.75,43.95880126953125
222,6.550000190734863,5.275017738342285
223,36.93000030517578,36.11138153076172
224,30.3700008392334,30.420894622802734
225,31.139999389648438,27.650049209594727
226,1.7100000381469727,1.685842752456665
227,2.7799999713897705,2.4107754230499268
228,9.819999694824219,8.56851577758789
229,57.900001525878906,57.6363639831543
230,2.690000057220459,1.9113552570343018
231,40.939998626708984,36.34955596923828
232,14.329999923706055,13.227950096130371
233,5.320000171661377,4.8210248947143555
234,51.849998474121094,58.47833251953125
235,28.389999389648438,29.982057571411133
236,43.84000015258789,42.251502990722656
237,25.639999389648438,23.734729766845703
238,18.979999542236328,17.943981170654297
239,32.400001525878906,31.9615421295166
240,23.3799991607666,21.03904914855957
241,13.130000114440918,12.216888427734375
242,35.150001525878906,37.78677749633789
243,14.989999771118164,14.516292572021484
244,54.939998626708984,56.332115173339844
245,9.329999923706055,7.883320331573486
246,40.7400016784668,38.60205841064453
247,32.369998931884766,30.619827270507812
248,8.34000015258789,7.671977519989014
249,48.029998779296875,45.05284118652344
250,29.540000915527344,28.008516311645508
251,5.300000190734863,4.1805338859558105
252,24.299999237060547,22.72272491455078
253,59.310001373291016,57.3014030456543
254,48.0,44.8640251159668
255,6.150000095367432,5.316909313201904
256,6.550000190734863,7.093201160430908
257,23.079999923706055,22.27892303466797
258,33.310001373291016,31.510211944580078
259,18.079999923706055,17.949462890625
260,25.8700008392334,24.687915802001953
261,26.190000534057617,23.476726531982422
262,41.56999969482422,41.87653732299805
263,40.150001525878906,39.28287887573242
264,0.6399999856948853,1.4914439916610718
265,18.760000228881836,18.204822540283203
266,33.970001220703125,35.736263275146484
267,29.350000381469727,28.242700576782227
268,77.52999877929688,72.2262191772461
269,46.0,46.71652603149414
270,51.029998779296875,51.852783203125
271,27.309999465942383,26.06105613708496
272,7.929999828338623,7.237692356109619
273,45.880001068115234,44.63044357299805
274,16.260000228881836,16.10883331298828
275,17.290000915527344,16.099557876586914
276,14.449999809265137,13.390727996826172
277,44.86000061035156,41.41062927246094
278,33.81999969482422,33.83049774169922
279,40.06999969482422,37.59673309326172
280,53.16999816894531,50.77832794189453
281,14.890000343322754,14.903977394104004
282,12.729999542236328,11.56093692779541
283,18.010000228881836,15.316875457763672
284,10.399999618530273,10.584733009338379
285,23.610000610351562,22.15642738342285
286,34.61000061035156,33.0008544921875
287,34.58000183105469,35.26982879638672
288,17.100000381469727,16.665258407592773
289,27.780000686645508,26.60115623474121
290,15.34000015258789,14.897910118103027
291,15.75,15.573902130126953
292,10.65999984741211,9.63866138458252
293,8.329999923706055,3.4089508056640625
294,11.1899995803833,11.132863998413086
295,39.290000915527344,39.8733024597168
296,24.84000015258789,24.982698440551758
297,29.899999618530273,28.38433265686035
298,45.2400016784668,45.392860412597656
299,42.099998474121094,41.401336669921875
300,68.0199966430664,63.25779724121094
301,14.40999984741211,14.313543319702148
302,49.70000076293945,47.25496292114258
303,36.630001068115234,36.633338928222656
304,12.770000457763672,12.698332786560059
305,13.109999656677246,12.065228462219238
306,23.90999984741211,22.711145401000977
307,30.709999084472656,30.693527221679688
308,52.349998474121094,51.050811767578125
309,33.060001373291016,32.41240692138672
310,2.390000104904175,1.6183902025222778
311,23.3799991607666,21.11479377746582
312,9.420000076293945,7.870538234710693
313,33.43000030517578,33.412986755371094
314,28.25,27.046445846557617
315,21.780000686645508,20.361854553222656
316,21.950000762939453,20.130081176757812
317,16.6200008392334,15.451958656311035
318,21.420000076293945,21.43551254272461
319,34.59000015258789,33.70893859863281
320,24.90999984741211,24.077411651611328
321,1.4500000476837158,4.0984086990356445
322,22.950000762939453,21.43920135498047
323,19.600000381469727,18.137168884277344
324,50.619998931884766,51.2432975769043
325,38.68000030517578,36.73588943481445
326,28.5,27.49797821044922
327,25.760000228881836,24.163761138916016
328,31.579999923706055,29.78238296508789
329,18.649999618530273,18.108572006225586
330,18.170000076293945,16.479116439819336
331,7.630000114440918,6.488664627075195
332,29.8799991607666,27.499391555786133
333,27.06999969482422,25.28531837463379
334,19.8799991607666,18.28152847290039
335,68.23999786376953,66.34814453125
336,15.279999732971191,13.560953140258789
337,16.450000762939453,14.416961669921875
338,44.75,44.731605529785156
339,34.77000045776367,31.50790023803711
340,23.489999771118164,23.889995574951172
341,24.25,22.284135818481445
342,20.989999771118164,18.71976661682129
343,16.739999771118164,16.556241989135742
344,44.040000915527344,39.40000534057617
345,5.099999904632568,3.7462573051452637
346,20.899999618530273,20.577836990356445
347,16.1299991607666,14.154462814331055
348,19.860000610351562,18.701444625854492
349,40.45000076293945,39.03328323364258
350,57.02000045776367,57.36112594604492
351,22.719999313354492,21.11450958251953
352,40.630001068115234,42.36682891845703
353,27.93000030517578,26.604713439941406
354,32.77000045776367,29.991960525512695
355,38.2400016784668,38.66142654418945
356,21.459999084472656,21.32119369506836
357,42.599998474121094,37.837181091308594
358,14.25,13.309149742126465
359,36.63999938964844,36.716819763183594
360,25.219999313354492,26.747406005859375
361,9.020000457763672,8.016410827636719
362,16.829999923706055,14.785658836364746
363,52.959999084472656,51.451499938964844
364,20.829999923706055,22.330781936645508
365,43.47999954223633,42.565711975097656
366,8.760000228881836,8.411799430847168
367,18.770000457763672,18.783275604248047
368,24.1299991607666,22.71615219116211
369,19.079999923706055,17.323823928833008
370,24.59000015258789,22.543935775756836
371,41.099998474121094,39.88877868652344
372,15.069999694824219,14.826092720031738
373,28.219999313354492,27.08436393737793
374,25.790000915527344,23.766544342041016
375,16.299999237060547,14.682044982910156
376,24.309999465942383,22.578052520751953
377,20.889999389648438,20.08417320251465
378,6.320000171661377,4.8062005043029785
379,24.260000228881836,23.038354873657227
380,41.66999816894531,42.08648681640625
381,25.600000381469727,24.197956085205078
382,25.6200008392334,26.60902976989746
383,72.1500015258789,70.95964813232422
384,12.989999771118164,11.591158866882324
385,70.86000061035156,65.96018981933594
386,59.41999816894531,57.51210403442383
387,25.920000076293945,24.984848022460938
388,28.780000686645508,26.603303909301758
389,23.56999969482422,20.24151611328125
390,22.579999923706055,23.221744537353516
391,19.09000015258789,19.323713302612305
392,19.270000457763672,18.23063087463379
393,15.100000381469727,14.606644630432129
394,46.720001220703125,45.30561447143555
395,13.520000457763672,12.532443046569824
396,39.959999084472656,39.306396484375
397,17.260000228881836,16.420682907104492
398,24.760000228881836,23.869396209716797
399,15.350000381469727,13.702022552490234
400,29.809999465942383,28.73090171813965
401,28.389999389648438,27.041963577270508
402,11.369999885559082,10.912145614624023
403,7.860000133514404,7.302405834197998
404,23.700000762939453,22.06943702697754
405,25.469999313354492,25.504430770874023
406,17.440000534057617,16.79373550415039
407,10.8100004196167,9.374686241149902
408,21.059999465942383,17.979808807373047
409,13.170000076293945,13.231761932373047
410,44.369998931884766,41.41218948364258
411,37.95000076293945,35.535865783691406
412,16.950000762939453,15.643697738647461
413,19.969999313354492,18.87089729309082
414,33.720001220703125,31.938945770263672
415,16.290000915527344,14.974699020385742
416,16.489999771118164,15.442109107971191
417,5.869999885559082,5.021238327026367
418,67.4000015258789,66.60774230957031
419,71.87000274658203,72.37940979003906
420,10.630000114440918,10.274853706359863
421,59.470001220703125,60.01320266723633
422,12.779999732971191,12.396373748779297
423,34.65999984741211,33.40385818481445
424,12.09000015258789,4.860870838165283
425,25.739999771118164,23.133716583251953
426,5.099999904632568,4.340980529785156
427,21.5,20.602100372314453
428,27.219999313354492,27.78716278076172
429,20.790000915527344,18.228313446044922
430,47.779998779296875,46.071197509765625
431,36.119998931884766,39.258358001708984
432,15.899999618530273,15.133223533630371
433,27.950000762939453,30.77499771118164
434,53.54999923706055,51.300437927246094
435,37.310001373291016,35.57398223876953
436,33.33000183105469,32.35971450805664
437,12.930000305175781,11.670888900756836
438,15.289999961853027,14.888675689697266
439,21.799999237060547,19.954761505126953
440,4.340000152587891,3.853924036026001
441,48.279998779296875,47.84172821044922
442,7.96999979019165,8.12604808807373
443,39.58000183105469,36.448326110839844
444,15.489999771118164,15.803215980529785
445,2.0299999713897705,1.7731684446334839
446,22.559999465942383,23.11263656616211
447,23.790000915527344,22.137983322143555
448,3.990000009536743,4.2275285720825195
449,21.399999618530273,18.233457565307617
450,13.350000381469727,12.850956916809082
451,11.100000381469727,10.687983512878418
452,16.360000610351562,14.195088386535645
453,5.440000057220459,4.470621109008789
454,39.97999954223633,46.150482177734375
455,32.959999084472656,32.50803756713867
456,14.649999618530273,12.863186836242676
457,21.149999618530273,20.569652557373047
458,55.59000015258789,53.085750579833984
459,16.889999389648438,17.091434478759766
460,52.25,49.46097183227539
461,28.649999618530273,25.41774559020996
462,24.06999969482422,23.830665588378906
463,20.020000457763672,19.44562530517578
464,9.199999809265137,7.974740028381348
465,9.359999656677246,8.030179023742676
466,14.0,14.511575698852539
467,4.960000038146973,4.397759437561035
468,58.61000061035156,57.34406280517578
469,20.90999984741211,20.450742721557617
470,30.530000686645508,28.998497009277344
471,42.439998626708984,38.146949768066406
472,13.300000190734863,12.321784973144531
473,25.079999923706055,26.72626495361328
474,46.36000061035156,46.449302673339844
475,21.030000686645508,20.241477966308594
476,18.81999969482422,16.538002014160156
477,42.68000030517578,39.599151611328125
478,16.649999618530273,15.490599632263184
479,25.760000228881836,24.51329803466797
480,41.58000183105469,39.144981384277344
481,9.619999885559082,9.1959810256958
482,20.829999923706055,19.10575294494629
483,43.7400016784668,41.73434066772461
484,39.25,38.71304702758789
485,15.180000305175781,14.502182960510254
486,40.90999984741211,36.00897216796875
487,11.079999923706055,10.539335250854492
488,18.459999084472656,18.88666534423828
489,26.59000015258789,24.662382125854492
490,5.730000019073486,4.539561748504639
491,60.689998626708984,53.97431182861328
492,25.020000457763672,21.10100746154785
493,14.710000038146973,13.65463638305664
494,27.079999923706055,26.390352249145508
495,29.68000030517578,27.118549346923828
496,12.149999618530273,10.597984313964844
497,10.75,9.45549488067627
498,3.190000057220459,1.3377972841262817
499,31.829999923706055,30.21800994873047
500,51.93000030517578,50.49095916748047
501,21.229999542236328,20.28321075439453
502,42.0,38.19670867919922
503,24.889999389648438,24.600095748901367
504,4.71999979019165,2.933336019515991
505,49.209999084472656,49.539772033691406
506,15.329999923706055,13.423622131347656
507,47.959999084472656,45.88273620605469
508,9.520000457763672,9.097978591918945
509,18.719999313354492,18.232402801513672
510,30.84000015258789,26.576017379760742
511,8.880000114440918,8.100630760192871
512,24.8799991607666,23.73032569885254
513,7.909999847412109,7.6487555503845215
514,14.649999618530273,13.223494529724121
515,50.400001525878906,47.674232482910156
516,13.65999984741211,11.517788887023926
517,38.619998931884766,39.052764892578125
518,55.630001068115234,53.705650329589844
519,36.83000183105469,40.433067321777344
520,51.779998779296875,49.36750793457031
521,15.569999694824219,14.121284484863281
522,27.219999313354492,25.997478485107422
523,38.45000076293945,36.81867980957031
524,42.970001220703125,39.837806701660156
525,63.7599983215332,61.013519287109375
526,47.36000061035156,43.892250061035156
527,5.119999885559082,1.8594748973846436
528,27.979999542236328,25.103191375732422
529,45.15999984741211,45.00384521484375
530,1.4900000095367432,2.536990165710449
531,17.0,15.994003295898438
532,6.659999847412109,7.63207483291626
533,41.66999816894531,41.83860778808594
534,7.869999885559082,7.532678604125977
535,53.47999954223633,51.95654296875
536,55.869998931884766,56.623199462890625
537,49.02000045776367,46.64466094970703
538,23.829999923706055,22.828231811523438
539,25.559999465942383,23.419851303100586
540,21.329999923706055,19.89296531677246
541,2.5,2.122016191482544
542,45.11000061035156,41.97509765625
543,30.549999237060547,30.090578079223633
544,10.760000228881836,9.862211227416992
545,8.550000190734863,8.44998836517334
546,42.08000183105469,37.6082878112793
547,23.1200008392334,22.62889862060547
548,27.770000457763672,25.774621963500977
549,22.8700008392334,23.043617248535156
550,14.890000343322754,14.1064453125
551,26.860000610351562,26.560592651367188
552,18.969999313354492,17.522350311279297
553,16.030000686645508,15.191460609436035
554,63.31999969482422,62.34407424926758
555,29.56999969482422,29.127567291259766
556,22.139999389648438,20.661571502685547
557,24.829999923706055,22.40375328063965
558,19.979999542236328,17.832956314086914
559,59.2400016784668,57.50423812866211
560,37.939998626708984,35.858646392822266
561,23.989999771118164,23.891511917114258
562,12.170000076293945,11.640159606933594
563,30.110000610351562,29.514955520629883
564,21.100000381469727,19.492080688476562
565,24.5,22.754535675048828
566,48.689998626708984,46.69332504272461
567,10.0,10.42525577545166
568,28.649999618530273,28.444385528564453
569,18.399999618530273,17.288684844970703
570,46.31999969482422,39.67067337036133
571,27.389999389648438,26.034578323364258
572,15.899999618530273,15.839324951171875
573,30.049999237060547,29.677047729492188
574,24.709999084472656,23.34035873413086
575,68.80000305175781,61.950836181640625
576,21.059999465942383,21.361040115356445
577,9.479999542236328,7.4925312995910645
578,11.710000038146973,10.862521171569824
579,13.75,13.181005477905273
580,50.400001525878906,44.90420150756836
581,16.940000534057617,15.235207557678223
582,40.560001373291016,39.300376892089844
583,19.040000915527344,19.791217803955078
584,41.0099983215332,38.09471130371094
585,20.139999389648438,17.923187255859375
586,42.81999969482422,40.9915885925293
587,35.650001525878906,36.061302185058594
588,34.75,34.15489196777344
589,15.979999542236328,14.143074035644531
590,8.350000381469727,6.341490745544434
591,20.209999084472656,20.049739837646484
592,44.060001373291016,42.59270477294922
593,10.239999771118164,9.949967384338379
594,53.220001220703125,49.468780517578125
595,42.209999084472656,39.35972595214844
596,23.020000457763672,22.52682876586914
597,16.579999923706055,15.79117202758789
598,35.66999816894531,33.056312561035156
599,30.309999465942383,29.750185012817383
600,22.010000228881836,22.580249786376953
601,10.829999923706055,10.614516258239746
602,43.04999923706055,44.152549743652344
603,18.639999389648438,16.52920913696289
604,17.170000076293945,15.121429443359375
605,57.33000183105469,56.24482727050781
606,13.289999961853027,11.626279830932617
607,55.5099983215332,50.6641960144043
608,33.04999923706055,31.80126190185547
609,15.369999885559082,15.066583633422852
610,17.420000076293945,15.988042831420898
611,19.979999542236328,18.58841896057129
612,15.979999542236328,14.385605812072754
613,29.260000228881836,29.896493911743164
614,16.399999618530273,16.61572265625
615,32.72999954223633,31.703237533569336
616,22.010000228881836,20.89436912536621
617,20.139999389648438,19.542665481567383
618,24.459999084472656,24.169296264648438
619,63.91999816894531,63.246070861816406
620,5.199999809265137,4.360365390777588
621,46.7599983215332,45.07383728027344
622,6.679999828338623,5.843712329864502
623,37.599998474121094,38.822689056396484
624,29.670000076293945,30.81690216064453
625,23.010000228881836,21.830482482910156
626,57.150001525878906,58.53129577636719
627,23.15999984741211,21.859220504760742
628,70.08000183105469,63.318260192871094
629,31.649999618530273,31.695270538330078
630,31.65999984741211,29.60982322692871
631,23.770000457763672,22.960102081298828
632,23.260000228881836,21.905467987060547
633,5.789999961853027,3.4608469009399414
634,10.390000343322754,8.979674339294434
635,68.9800033569336,70.0533447265625
636,29.959999084472656,28.91412353515625
637,29.1299991607666,32.11056900024414
638,15.920000076293945,15.834364891052246
639,52.849998474121094,51.81071472167969
640,44.849998474121094,45.21244812011719
641,11.359999656677246,10.589680671691895
642,22.020000457763672,19.56161117553711
643,43.869998931884766,43.30888366699219
644,17.280000686645508,15.941133499145508
645,26.020000457763672,25.922386169433594
646,50.209999084472656,50.91925811767578
647,8.520000457763672,8.443755149841309
648,5.519999980926514,3.349252462387085
649,23.6200008392334,21.515384674072266
650,31.459999084472656,31.186847686767578
651,8.949999809265137,7.723529815673828
652,30.399999618530273,28.754365921020508
653,34.25,36.90636444091797
654,30.139999389648438,29.077560424804688
655,36.88999938964844,37.393341064453125
656,44.060001373291016,41.184261322021484
657,16.219999313354492,15.12279224395752
658,24.229999542236328,22.770936965942383
659,6.800000190734863,5.4783759117126465
660,32.31999969482422,30.19441795349121
661,16.68000030517578,14.39867877960205
662,30.170000076293945,29.949201583862305
663,27.639999389648438,25.55743980407715
664,17.8799991607666,16.868602752685547
665,25.06999969482422,23.7497501373291
666,47.16999816894531,46.13093566894531
667,23.670000076293945,23.31561851501465
668,26.68000030517578,25.809616088867188
669,28.799999237060547,29.34881591796875
670,35.20000076293945,32.316505432128906
671,29.479999542236328,28.619033813476562
672,8.260000228881836,7.587535858154297
673,15.710000038146973,13.80504035949707
674,49.869998931884766,43.437294006347656
675,42.540000915527344,42.448299407958984
676,16.25,15.026162147521973
677,78.3499984741211,67.76881408691406
678,13.180000305175781,12.90223503112793
679,43.2599983215332,41.02336120605469
680,32.869998931884766,33.06169128417969
681,51.43000030517578,48.34847640991211
682,3.549999952316284,2.6533262729644775
683,27.760000228881836,27.293867111206055
684,22.290000915527344,21.63146209716797
685,9.9399995803833,8.693344116210938
686,16.260000228881836,14.69555377960205
687,17.239999771118164,16.20823860168457
688,35.72999954223633,30.27983283996582
689,20.989999771118164,21.030733108520508
690,49.18000030517578,45.52666091918945
691,42.959999084472656,40.81525421142578
692,23.93000030517578,23.427047729492188
693,6.409999847412109,5.9037933349609375
694,18.969999313354492,15.363720893859863
695,52.459999084472656,52.75670623779297
696,25.56999969482422,24.79176902770996
697,40.81999969482422,40.801334381103516
698,66.62000274658203,65.45203399658203
699,3.140000104904175,2.2265443801879883
700,30.979999542236328,28.117656707763672
701,41.7599983215332,38.729801177978516
702,20.239999771118164,20.468156814575195
703,26.8700008392334,24.276460647583008
704,18.170000076293945,17.017070770263672
705,9.949999809265137,8.712146759033203
706,29.68000030517578,29.211795806884766
707,18.899999618530273,17.306529998779297
708,26.290000915527344,28.22411346435547
709,47.540000915527344,48.96348571777344
710,36.310001373291016,35.02283477783203
711,13.350000381469727,12.2308349609375
712,15.6899995803833,16.421646118164062
713,12.59000015258789,12.114167213439941
714,11.470000267028809,8.256964683532715
715,39.58000183105469,38.70381164550781
716,63.369998931884766,59.15894317626953
717,7.170000076293945,7.487196922302246
718,19.65999984741211,19.133663177490234
719,24.0,22.873085021972656
720,30.75,26.035831451416016
721,13.220000267028809,12.360546112060547
722,53.11000061035156,48.628990173339844
723,40.5,39.889522552490234
724,20.190000534057617,19.156597137451172
725,10.369999885559082,10.087183952331543
726,50.5,50.89546203613281
727,24.93000030517578,23.160297393798828
728,8.0600004196167,6.845065116882324
729,41.959999084472656,41.46711349487305
730,32.66999816894531,31.06824493408203
731,7.230000019073486,7.146695613861084
732,6.760000228881836,5.593996047973633
733,10.640000343322754,8.323079109191895
734,29.010000228881836,27.37410545349121
735,67.37999725341797,60.97065734863281
736,9.84000015258789,9.318337440490723
737,50.2400016784668,49.788211822509766
738,3.630000114440918,3.2081751823425293
739,24.850000381469727,23.83163070678711
740,13.869999885559082,12.912969589233398
741,60.75,61.41187286376953
742,25.309999465942383,23.35897445678711
743,13.859999656677246,12.369409561157227
744,25.459999084472656,25.71314811706543
745,20.40999984741211,19.08230972290039
746,54.52000045776367,56.278053283691406
747,8.3100004196167,7.655001640319824
748,36.59000015258789,35.48589324951172
749,21.100000381469727,19.35091209411621
750,20.540000915527344,21.727052688598633
751,22.809999465942383,22.36627769470215
752,60.38999938964844,59.295448303222656
753,23.700000762939453,23.94487190246582
754,18.450000762939453,17.892005920410156
755,32.90999984741211,31.45297622680664
756,31.979999542236328,29.95012664794922
757,39.20000076293945,37.77318572998047
758,9.630000114440918,9.817474365234375
759,3.6700000762939453,2.525251626968384
760,8.020000457763672,6.396886825561523
761,20.8700008392334,20.385971069335938
762,26.979999542236328,25.82915496826172
763,39.060001373291016,36.829681396484375
764,36.369998931884766,33.82530212402344
765,49.709999084472656,52.23224639892578
766,11.84000015258789,12.28354263305664
767,37.959999084472656,35.67728042602539
768,15.039999961853027,14.247182846069336
769,28.559999465942383,28.680999755859375
770,16.90999984741211,16.060623168945312
771,31.299999237060547,30.109468460083008
772,47.38999938964844,45.27976989746094
773,11.140000343322754,10.72048282623291
774,27.559999465942383,27.7055606842041
775,12.029999732971191,11.160408973693848
776,14.449999809265137,13.452065467834473
777,45.95000076293945,45.99216079711914
778,16.270000457763672,15.960017204284668
779,15.770000457763672,14.82664680480957
780,19.329999923706055,18.41814613342285
781,4.679999828338623,2.823380708694458
782,53.68000030517578,50.891395568847656
783,27.280000686645508,26.90699577331543
784,51.70000076293945,51.523956298828125
785,30.780000686645508,28.856548309326172
786,12.760000228881836,11.290261268615723
787,7.570000171661377,6.736982345581055
788,7.809999942779541,7.423827648162842
789,67.87999725341797,65.15325164794922
790,20.270000457763672,18.814697265625
791,34.52000045776367,33.102176666259766
792,51.95000076293945,47.046104431152344
793,9.869999885559082,9.807007789611816
794,20.1299991607666,20.019771575927734
795,3.4800000190734863,3.392089605331421
796,30.040000915527344,27.79745101928711
797,22.479999542236328,22.549638748168945
798,12.039999961853027,10.719184875488281
799,15.270000457763672,14.744917869567871
800,37.83000183105469,38.15342712402344
801,33.439998626708984,27.916540145874023
802,32.79999923706055,30.93604278564453
803,19.639999389648438,19.176559448242188
804,35.20000076293945,35.443939208984375
805,36.900001525878906,36.839805603027344
806,39.349998474121094,37.052825927734375
807,8.529999732971191,7.728305816650391
808,10.760000228881836,9.36687183380127
809,10.25,10.152737617492676
810,35.40999984741211,34.440155029296875
811,32.72999954223633,31.193832397460938
812,13.1899995803833,11.83100700378418
813,15.770000457763672,14.784406661987305
814,15.579999923706055,14.33561897277832
815,19.860000610351562,18.968120574951172
816,30.969999313354492,28.763246536254883
817,53.93000030517578,52.09042739868164
818,41.959999084472656,38.28339767456055
819,4.579999923706055,3.716163396835327
820,29.170000076293945,27.524343490600586
821,20.479999542236328,18.75887680053711
822,40.2599983215332,39.691001892089844
823,22.239999771118164,22.6593074798584
824,18.479999542236328,19.19552230834961
825,72.6500015258789,69.3447265625
826,52.97999954223633,52.81436538696289
827,42.47999954223633,40.99588394165039
828,22.940000534057617,22.025890350341797
829,31.6299991607666,29.27898597717285
830,39.93000030517578,36.871192932128906
831,28.700000762939453,25.642194747924805
832,33.2400016784668,32.91236877441406
833,30.809999465942383,30.683555603027344
834,35.81999969482422,34.49746322631836
835,41.13999938964844,37.58781051635742
836,51.59000015258789,51.63029479980469
837,33.86000061035156,34.52281951904297
838,27.709999084472656,25.294734954833984
839,27.020000457763672,27.13279151916504
840,19.729999542236328,19.590660095214844
841,15.6899995803833,14.725729942321777
842,19.389999389648438,18.30731773376465
843,2.9100000858306885,2.5821752548217773
844,23.299999237060547,21.006690979003906
845,31.290000915527344,30.942459106445312
846,6.920000076293945,5.410085201263428
847,11.529999732971191,11.101719856262207
848,29.549999237060547,25.92641258239746
849,28.299999237060547,26.568037033081055
850,10.930000305175781,9.941354751586914
851,12.270000457763672,10.87337875366211
852,25.780000686645508,24.32492446899414
853,27.959999084472656,25.886802673339844
854,36.099998474121094,36.143924713134766
855,26.59000015258789,24.923749923706055
856,39.16999816894531,37.402008056640625
857,22.010000228881836,21.392778396606445
858,9.800000190734863,11.004487991333008
859,34.2599983215332,36.14287567138672
860,26.15999984741211,23.904529571533203
861,31.149999618530273,29.39527130126953
862,27.229999542236328,25.166366577148438
863,3.4600000381469727,2.7043020725250244
864,26.81999969482422,25.861431121826172
865,13.729999542236328,11.76321792602539
866,27.65999984741211,26.56122398376465
867,26.93000030517578,25.188087463378906
868,27.469999313354492,27.071582794189453
869,19.309999465942383,19.03667449951172
870,17.799999237060547,17.08307456970215
871,9.140000343322754,10.61512279510498
872,8.800000190734863,8.54310417175293
873,42.66999816894531,41.11783218383789
874,17.360000610351562,14.193428993225098
875,14.329999923706055,13.714153289794922
876,13.699999809265137,13.247228622436523
877,25.90999984741211,26.680639266967773
878,35.119998931884766,34.392574310302734
879,14.729999542236328,12.603120803833008
880,15.3100004196167,12.969088554382324
881,24.389999389648438,25.79615020751953
882,44.0099983215332,38.42338562011719
883,12.890000343322754,12.05566692352295
884,50.43000030517578,46.19472122192383
885,27.260000228881836,26.345693588256836
886,53.459999084472656,54.0506591796875
887,7.739999771118164,7.48622465133667
888,42.34000015258789,42.801109313964844
889,20.010000228881836,20.13788604736328
890,12.239999771118164,11.085283279418945
891,21.350000381469727,20.085697174072266
892,35.4900016784668,36.3361701965332
893,51.779998779296875,53.000240325927734
894,7.059999942779541,6.952974319458008
895,27.190000534057617,25.111234664916992
896,30.600000381469727,31.058013916015625
897,31.84000015258789,31.514205932617188
898,26.90999984741211,25.421812057495117
899,71.52999877929688,71.32341766357422
900,39.84000015258789,38.09328079223633
901,39.54999923706055,40.63198471069336
902,41.040000915527344,38.2279052734375
903,16.790000915527344,15.40236759185791
904,32.4900016784668,32.65374755859375
905,11.279999732971191,11.360930442810059
906,39.220001220703125,36.3607177734375
907,16.530000686645508,15.857097625732422
908,9.350000381469727,8.145033836364746
909,45.16999816894531,45.621009826660156
910,74.05000305175781,71.0279769897461
911,15.140000343322754,13.992587089538574
912,11.15999984741211,10.521995544433594
913,8.5600004196167,7.440703392028809
914,17.899999618530273,16.645977020263672
915,17.81999969482422,15.665850639343262
916,15.989999771118164,14.750073432922363
917,2.4600000381469727,1.6814894676208496
918,25.90999984741211,27.188209533691406
919,38.09000015258789,35.52054214477539
920,24.350000381469727,22.015052795410156
921,25.559999465942383,26.88960838317871
922,18.1200008392334,17.158370971679688
923,24.389999389648438,23.381725311279297
924,35.189998626708984,35.086997985839844
925,39.15999984741211,38.876373291015625
926,27.809999465942383,27.582944869995117
927,27.6299991607666,26.65264320373535
928,8.739999771118164,7.764325141906738
929,44.310001373291016,41.61458206176758
930,62.189998626708984,63.133819580078125
931,7.800000190734863,6.6503214836120605
932,15.369999885559082,14.221617698669434
933,39.79999923706055,37.53963851928711
934,38.810001373291016,42.27714157104492
935,13.640000343322754,12.801679611206055
936,77.44000244140625,72.59022521972656
937,4.510000228881836,3.0648229122161865
938,12.460000038146973,10.559640884399414
939,49.75,47.66691589355469
940,43.88999938964844,42.63053894042969
941,71.2699966430664,70.56059265136719
942,8.109999656677246,6.293559551239014
943,8.710000038146973,9.83956527709961
944,13.979999542236328,13.157685279846191
945,29.469999313354492,30.9862060546875
946,11.260000228881836,11.772929191589355
947,26.0,25.892086029052734
948,22.739999771118164,21.906286239624023
949,28.799999237060547,24.988182067871094
950,29.170000076293945,25.333467483520508
951,55.029998779296875,49.526119232177734
952,12.069999694824219,11.37445068359375
953,17.75,15.670160293579102
954,12.729999542236328,10.058147430419922
955,55.220001220703125,57.242340087890625
956,27.989999771118164,28.6196346282959
957,24.200000762939453,23.096603393554688
958,11.59000015258789,12.40445613861084
959,4.840000152587891,3.190281391143799
960,26.489999771118164,24.597333908081055
961,31.549999237060547,30.639368057250977
962,8.850000381469727,9.828352928161621
963,66.91999816894531,66.47286224365234
964,2.430000066757202,3.7303402423858643
965,24.6200008392334,22.031631469726562
966,15.539999961853027,14.709243774414062
967,35.119998931884766,35.39564895629883
968,41.38999938964844,39.3399658203125
969,35.0,32.21430969238281
970,33.83000183105469,32.447166442871094
971,18.360000610351562,17.921133041381836
972,40.470001220703125,36.45830535888672
973,15.539999961853027,14.150124549865723
974,7.289999961853027,6.428366184234619
975,31.020000457763672,30.070213317871094
976,15.869999885559082,15.08482837677002
977,28.65999984741211,27.07257843017578
978,18.65999984741211,16.907535552978516
979,7.300000190734863,4.913394927978516
980,13.84000015258789,13.24190616607666
981,65.19000244140625,64.85247802734375
982,35.83000183105469,33.10871124267578
983,23.399999618530273,21.773027420043945
984,34.56999969482422,33.7259635925293
985,31.270000457763672,27.850383758544922
986,27.479999542236328,26.6285457611084
987,46.34000015258789,48.03837203979492
988,9.6899995803833,8.104004859924316
989,32.290000915527344,36.53981018066406
990,23.670000076293945,24.22569465637207
991,31.020000457763672,30.33235740661621
992,6.570000171661377,6.597052574157715
993,7.349999904632568,7.614235877990723
994,20.31999969482422,18.987655639648438
995,42.720001220703125,41.67079162597656
996,3.619999885559082,2.2570903301239014
997,15.979999542236328,15.44578742980957
998,5.639999866485596,4.580974102020264
999,10.59000015258789,10.222147941589355
1000,39.220001220703125,39.949684143066406
1001,15.4399995803833,14.39803409576416
1002,38.59000015258789,35.78789138793945
1003,34.29999923706055,32.156036376953125
1004,8.90999984741211,8.461810111999512
1005,12.350000381469727,11.768065452575684
1006,18.31999969482422,20.924938201904297
1007,15.319999694824219,15.35402774810791
1008,48.91999816894531,45.40278244018555
1009,21.469999313354492,20.503978729248047
1010,3.569999933242798,2.9550178050994873
1011,28.200000762939453,26.906753540039062
1012,13.989999771118164,12.645132064819336
1013,14.020000457763672,13.249444961547852
1014,32.40999984741211,30.057540893554688
1015,28.93000030517578,27.037118911743164
1016,9.149999618530273,7.451794624328613
1017,40.95000076293945,42.926177978515625
1018,30.530000686645508,26.742433547973633
1019,9.25,7.6561808586120605
1020,41.11000061035156,38.52118682861328
1021,75.18000030517578,74.46846771240234
1022,16.75,17.132570266723633
1023,15.319999694824219,14.292280197143555
1024,23.530000686645508,20.91537857055664
1025,17.190000534057617,15.7868013381958
1026,60.939998626708984,57.26179504394531
1027,16.440000534057617,15.779260635375977
1028,15.869999885559082,14.209600448608398
1029,5.239999771118164,4.849912166595459
1030,31.979999542236328,30.773353576660156
1031,35.400001525878906,34.817543029785156
1032,5.940000057220459,4.146183490753174
1033,44.849998474121094,45.0811767578125
1034,41.56999969482422,42.57088851928711
1035,18.59000015258789,16.259368896484375
1036,32.689998626708984,32.372615814208984
1037,13.039999961853027,10.468783378601074
1038,37.220001220703125,33.83030319213867
1039,15.90999984741211,14.36323070526123
1040,42.630001068115234,44.8483772277832
1041,21.729999542236328,20.427370071411133
1042,8.880000114440918,8.023889541625977
1043,54.04999923706055,48.2464485168457
1044,31.010000228881836,30.79111099243164
1045,31.75,28.99773406982422
1046,22.809999465942383,21.785844802856445
1047,27.450000762939453,30.839181900024414
1048,40.310001373291016,39.247344970703125
1049,28.770000457763672,26.857532501220703
1050,40.619998931884766,40.37887954711914
1051,35.9900016784668,36.10883331298828
1052,22.440000534057617,19.502824783325195
1053,17.030000686645508,14.472944259643555
1054,32.41999816894531,32.64264678955078
1055,35.54999923706055,33.951148986816406
1056,46.56999969482422,44.59320068359375
1057,12.430000305175781,11.425442695617676
1058,44.459999084472656,45.533748626708984
1059,31.979999542236328,32.74368667602539
1060,13.109999656677246,13.076931953430176
1061,26.90999984741211,25.43828582763672
1062,31.700000762939453,29.868383407592773
1063,50.130001068115234,47.417503356933594
1064,15.630000114440918,14.745783805847168
1065,50.72999954223633,49.8130989074707
1066,6.809999942779541,5.750176906585693
1067,28.43000030517578,28.715028762817383
1068,65.30000305175781,65.91030883789062
1069,33.7400016784668,33.09837341308594
1070,25.049999237060547,23.783388137817383
1071,46.75,45.36941909790039
1072,37.25,33.35044479370117
1073,5.659999847412109,4.700649261474609
1074,38.33000183105469,36.28651809692383
1075,17.309999465942383,15.803915977478027
1076,25.40999984741211,22.800098419189453
1077,58.380001068115234,54.999778747558594
1078,23.450000762939453,23.629615783691406
1079,12.130000114440918,11.169587135314941
1080,18.079999923706055,16.72186851501465
1081,21.15999984741211,20.3178653717041
1082,53.650001525878906,54.9633903503418
1083,27.139999389648438,26.60483741760254
1084,37.880001068115234,34.83833312988281
1085,18.93000030517578,17.145076751708984
1086,28.34000015258789,29.52275276184082
1087,45.189998626708984,44.97260665893555
1088,13.470000267028809,12.246686935424805
1089,34.81999969482422,32.173851013183594
1090,42.150001525878906,40.69060134887695
1091,22.600000381469727,22.68840789794922
1092,36.77000045776367,35.4376220703125
1093,7.760000228881836,6.977412223815918
1094,23.760000228881836,22.554662704467773
1095,39.56999969482422,41.907344818115234
1096,18.329999923706055,17.58370018005371
1097,18.209999084472656,16.09004783630371
1098,12.789999961853027,11.96203327178955
1099,19.399999618530273,18.721790313720703
1100,40.61000061035156,39.63620376586914
1101,17.40999984741211,19.05133819580078
1102,11.479999542236328,11.74093246459961
1103,48.7599983215332,47.66632843017578
1104,60.81999969482422,57.507118225097656
1105,33.41999816894531,31.46892547607422
1106,27.1299991607666,25.421276092529297
1107,19.280000686645508,18.511613845825195
1108,15.539999961853027,15.3175630569458
1109,74.98999786376953,67.64262390136719
1110,20.350000381469727,20.60000991821289
1111,74.41999816894531,70.53234100341797
1112,21.170000076293945,19.33465576171875
1113,37.849998474121094,36.85648727416992
1114,30.56999969482422,29.85877227783203
1115,19.530000686645508,18.643978118896484
1116,23.18000030517578,24.680036544799805
1117,29.149999618530273,28.59002685546875
1118,32.7400016784668,29.48562240600586
1119,31.030000686645508,30.210865020751953
1120,10.789999961853027,10.363237380981445
1121,48.75,46.38720703125
1122,41.2599983215332,38.60328674316406
1123,27.110000610351562,25.04921531677246
1124,18.520000457763672,22.87493133544922
1125,41.75,41.957496643066406
1126,26.190000534057617,24.59123420715332
1127,12.899999618530273,12.148648262023926
1128,26.06999969482422,25.484066009521484
1129,64.30999755859375,63.11300277709961
1130,7.349999904632568,7.290411949157715
1131,23.6299991607666,22.357433319091797
1132,20.950000762939453,19.88191032409668
1133,8.079999923706055,7.540943145751953
1134,35.81999969482422,35.92620086669922
1135,7.190000057220459,6.424170017242432
1136,52.95000076293945,49.52067565917969
1137,28.610000610351562,28.232704162597656
1138,29.030000686645508,27.792606353759766
1139,71.27999877929688,69.3834457397461
1140,24.489999771118164,23.416858673095703
1141,25.770000457763672,25.28803825378418
1142,24.809999465942383,24.972042083740234
1143,8.899999618530273,8.470391273498535
1144,29.299999237060547,32.14540481567383
1145,12.5600004196167,11.875598907470703
1146,14.779999732971191,13.831302642822266
1147,10.119999885559082,9.694287300109863
1148,13.699999809265137,11.97179126739502
1149,10.050000190734863,8.897247314453125
1150,24.540000915527344,23.217876434326172
1151,8.960000038146973,9.633573532104492
1152,27.739999771118164,24.352027893066406
1153,45.13999938964844,43.039581298828125
1154,23.459999084472656,21.92308807373047
1155,34.439998626708984,34.17637634277344
1156,22.389999389648438,21.89348602294922
1157,30.270000457763672,29.403663635253906
1158,23.399999618530273,23.463098526000977
1159,23.3700008392334,23.488136291503906
1160,38.439998626708984,38.68297576904297
1161,24.649999618530273,22.36804962158203
1162,35.68000030517578,33.52174758911133
1163,50.81999969482422,49.05139923095703
1164,57.470001220703125,54.60919189453125
1165,47.36000061035156,48.073097229003906
1166,13.680000305175781,13.53406047821045
1167,11.960000038146973,10.909255027770996
1168,46.959999084472656,47.344844818115234
1169,33.619998931884766,28.68401527404785
1170,15.520000457763672,14.410158157348633
1171,14.289999961853027,13.120245933532715
1172,11.960000038146973,10.796072006225586
1173,37.31999969482422,35.673362731933594
1174,28.520000457763672,29.34549331665039
1175,7.150000095367432,6.319453716278076
1176,24.139999389648438,22.19634437561035
1177,13.479999542236328,12.242305755615234
1178,9.180000305175781,8.260917663574219
1179,14.069999694824219,13.851442337036133
1180,27.530000686645508,24.230175018310547
1181,22.100000381469727,21.802326202392578
1182,52.40999984741211,56.880271911621094
1183,23.239999771118164,24.003442764282227
1184,20.0,18.70147705078125
1185,33.88999938964844,33.151702880859375
1186,45.06999969482422,42.3636474609375
1187,32.970001220703125,31.796459197998047
1188,12.0,11.895773887634277
1189,11.880000114440918,11.613248825073242
1190,7.329999923706055,6.724064826965332
1191,31.59000015258789,30.61712646484375
1192,23.860000610351562,21.16921615600586
1193,47.029998779296875,43.57184982299805
1194,44.54999923706055,41.83457946777344
1195,15.270000457763672,14.883822441101074
1196,10.520000457763672,9.827272415161133
1197,29.219999313354492,28.787458419799805
1198,9.149999618530273,8.845849990844727
1199,43.20000076293945,40.72639846801758
1200,19.709999084472656,18.676801681518555
1201,10.649999618530273,10.163458824157715
1202,4.059999942779541,2.8895137310028076
1203,12.569999694824219,11.763917922973633
1204,16.639999389648438,16.884464263916016
1205,8.050000190734863,7.240738391876221
1206,50.68000030517578,48.30427551269531
1207,22.8700008392334,22.215099334716797
1208,51.720001220703125,48.299434661865234
1209,13.199999809265137,12.669797897338867
1210,47.77000045776367,45.96558380126953
1211,6.019999980926514,5.432601451873779
1212,42.04999923706055,39.37131118774414
1213,13.380000114440918,11.870340347290039
1214,17.6299991607666,16.675304412841797
1215,15.029999732971191,14.08999252319336
1216,13.90999984741211,12.186923027038574
1217,24.520000457763672,23.339685440063477
1218,28.510000228881836,25.74496078491211
1219,36.470001220703125,34.634437561035156
1220,45.720001220703125,47.59278106689453
1221,31.84000015258789,30.504596710205078
1222,32.27000045776367,30.22108268737793
1223,22.8700008392334,21.704708099365234
1224,33.349998474121094,33.388858795166016
1225,30.299999237060547,30.436607360839844
1226,21.790000915527344,21.868391036987305
1227,24.670000076293945,22.39290428161621
1228,14.65999984741211,14.352251052856445
1229,53.66999816894531,51.46931838989258
1230,22.65999984741211,21.18374252319336
1231,17.850000381469727,16.64004135131836
1232,7.340000152587891,7.457469463348389
1233,5.710000038146973,5.472672939300537
1234,4.610000133514404,3.7761483192443848
1235,56.63999938964844,58.60298156738281
1236,43.97999954223633,41.7227668762207
1237,27.68000030517578,27.74203872680664
1238,38.52000045776367,40.62370300292969
1239,12.720000267028809,11.918929100036621
1240,3.0,2.3831605911254883
1241,13.8100004196167,14.252218246459961
1242,22.209999084472656,21.098281860351562
1243,28.239999771118164,29.063350677490234
1244,37.56999969482422,33.89490509033203
1245,21.790000915527344,17.79652976989746
1246,23.84000015258789,23.11697006225586
1247,7.960000038146973,6.462373733520508
1248,22.110000610351562,22.29401397705078
1249,41.68000030517578,42.19450378417969
1250,58.060001373291016,52.89869689941406
1251,67.4800033569336,65.39881896972656
1252,8.789999961853027,7.026440143585205
1253,5.75,3.565392017364502
1254,32.06999969482422,32.06237030029297
1255,32.31999969482422,31.117708206176758
1256,16.850000381469727,17.54090118408203
1257,34.040000915527344,35.20756912231445
1258,12.65999984741211,11.622862815856934
1259,19.760000228881836,17.92844581604004
1260,18.299999237060547,17.207767486572266
1261,27.1299991607666,25.270721435546875
1262,35.060001373291016,33.936058044433594
1263,40.599998474121094,44.22467041015625
1264,35.599998474121094,33.28382873535156
1265,24.81999969482422,24.34077262878418
1266,33.209999084472656,43.05515670776367
1267,26.81999969482422,24.47244644165039
1268,15.510000228881836,14.231202125549316
1269,31.959999084472656,30.11981964111328
1270,31.389999389648438,29.094942092895508
1271,10.079999923706055,8.878665924072266
1272,2.7799999713897705,1.415556788444519
1273,13.15999984741211,13.932141304016113
1274,8.460000038146973,8.439085960388184
1275,16.440000534057617,14.47413158416748
1276,34.22999954223633,31.27277946472168
1277,71.11000061035156,59.12857437133789
1278,17.510000228881836,16.216123580932617
1279,53.720001220703125,49.862552642822266
1280,19.81999969482422,18.860801696777344
1281,18.280000686645508,17.48712158203125
1282,2.5899999141693115,2.5947976112365723
1283,22.450000762939453,20.134319305419922
1284,22.40999984741211,19.81821060180664
1285,42.25,42.79823684692383
1286,19.079999923706055,18.775686264038086
1287,32.25,31.391080856323242
1288,7.429999828338623,7.01737642288208
1289,31.09000015258789,31.86456298828125
1290,4.230000019073486,3.5083587169647217
1291,47.470001220703125,49.22162628173828
1292,41.310001373291016,40.88251495361328
1293,22.860000610351562,21.986351013183594
1294,46.22999954223633,45.6273193359375
1295,17.700000762939453,16.521459579467773
1296,18.559999465942383,17.856306076049805
1297,31.829999923706055,31.13739013671875
1298,14.039999961853027,13.370389938354492
1299,13.619999885559082,12.65501880645752
1300,35.66999816894531,34.101600646972656
1301,43.560001373291016,39.90143585205078
1302,25.299999237060547,25.565256118774414
1303,30.59000015258789,29.137340545654297
1304,44.59000015258789,42.49690246582031
1305,10.5,10.027684211730957
1306,20.110000610351562,18.750844955444336
1307,62.939998626708984,57.741477966308594
1308,36.349998474121094,36.362098693847656
1309,17.649999618530273,16.209054946899414
1310,39.310001373291016,36.293724060058594
1311,32.16999816894531,33.54518508911133
1312,19.84000015258789,18.751144409179688
1313,17.200000762939453,16.601232528686523
1314,53.93000030517578,50.42998504638672
1315,15.210000038146973,14.478595733642578
1316,39.060001373291016,40.50705337524414
1317,13.619999885559082,13.433332443237305
1318,33.290000915527344,30.401561737060547
1319,35.72999954223633,36.15936279296875
1320,37.150001525878906,35.99815368652344
1321,26.290000915527344,29.55739974975586
1322,35.34000015258789,34.986637115478516
1323,31.350000381469727,32.19065475463867
1324,30.979999542236328,30.039974212646484
1325,7.03000020980835,6.3297038078308105
1326,32.66999816894531,32.54728698730469
1327,10.84000015258789,10.059563636779785
1328,10.15999984741211,7.466327667236328
1329,23.219999313354492,21.74614906311035
1330,20.06999969482422,18.493305206298828
1331,44.13999938964844,42.08324432373047
1332,20.18000030517578,18.81641960144043
1333,19.8700008392334,18.894914627075195
1334,70.13999938964844,70.63468170166016
1335,15.010000228881836,13.984885215759277
1336,27.18000030517578,27.750518798828125
1337,37.47999954223633,36.0943489074707
1338,12.100000381469727,11.390562057495117
1339,50.720001220703125,49.25485610961914
1340,34.060001373291016,32.70650100708008
1341,36.150001525878906,33.98994064331055
1342,9.630000114440918,9.511610984802246
1343,46.95000076293945,47.37102127075195
1344,56.790000915527344,55.93507385253906
1345,31.670000076293945,32.980594635009766
1346,6.519999980926514,5.217930316925049
1347,5.010000228881836,4.192235946655273
1348,27.639999389648438,27.99489402770996
1349,29.920000076293945,29.704782485961914
1350,35.689998626708984,33.11225891113281
1351,32.13999938964844,31.457592010498047
1352,29.809999465942383,27.306142807006836
1353,30.6299991607666,28.36025047302246
1354,9.489999771118164,9.46056079864502
1355,37.70000076293945,37.010284423828125
1356,22.489999771118164,20.853832244873047
1357,18.579999923706055,16.976388931274414
1358,40.4900016784668,38.60884094238281
1359,58.869998931884766,54.81719207763672
1360,10.989999771118164,10.24059009552002
1361,19.059999465942383,17.72842025756836
1362,19.200000762939453,18.767078399658203
1363,33.7599983215332,31.432579040527344
1364,24.90999984741211,23.908435821533203
1365,49.9900016784668,45.303157806396484
1366,53.63999938964844,51.038330078125
1367,39.04999923706055,36.978599548339844
1368,15.34000015258789,13.53226089477539
1369,9.359999656677246,8.265036582946777
1370,41.54999923706055,39.625953674316406
1371,2.009999990463257,1.7802133560180664
1372,29.90999984741211,29.39468002319336
1373,9.289999961853027,8.14157772064209
1374,38.380001068115234,36.36455535888672
1375,64.27999877929688,59.21331787109375
1376,3.490000009536743,2.7841503620147705
1377,12.979999542236328,12.211493492126465
1378,26.65999984741211,26.353862762451172
1379,55.45000076293945,54.29222869873047
1380,20.549999237060547,20.781564712524414
1381,37.09000015258789,35.18419647216797
1382,43.38999938964844,46.007144927978516
1383,23.399999618530273,22.662872314453125
1384,28.420000076293945,25.96413803100586
1385,40.18000030517578,38.14361572265625
1386,29.549999237060547,32.82878875732422
1387,17.729999542236328,17.120914459228516
1388,30.3700008392334,28.654882431030273
1389,15.729999542236328,14.631403923034668
1390,38.41999816894531,38.428375244140625
1391,34.18000030517578,33.98131561279297
1392,41.560001373291016,41.64797592163086
1393,36.86000061035156,34.94593048095703
1394,79.75,63.62226867675781
1395,48.150001525878906,46.71804428100586
1396,41.38999938964844,38.343963623046875
1397,4.329999923706055,3.357473850250244
1398,17.18000030517578,15.45834732055664
1399,15.270000457763672,14.651686668395996
1400,28.170000076293945,26.601581573486328
1401,6.269999980926514,4.271637439727783
1402,61.43000030517578,50.15254592895508
1403,52.52000045776367,50.974205017089844
1404,18.989999771118164,18.757848739624023
1405,49.22999954223633,47.79888916015625
1406,34.84000015258789,32.91510009765625
1407,10.630000114440918,10.103507995605469
1408,21.209999084472656,19.346590042114258
1409,34.18000030517578,33.17452621459961
1410,17.200000762939453,16.600759506225586
1411,22.65999984741211,21.87539291381836
1412,18.329999923706055,17.30561637878418
1413,26.479999542236328,24.865659713745117
1414,15.760000228881836,16.35711669921875
1415,52.31999969482422,50.151981353759766
1416,9.270000457763672,8.303495407104492
1417,44.869998931884766,42.36439895629883
1418,16.389999389648438,15.491251945495605
1419,16.809999465942383,15.841568946838379
1420,16.520000457763672,15.728224754333496
1421,23.309999465942383,25.631999969482422
1422,11.5,10.899005889892578
1423,49.099998474121094,48.437503814697266
1424,19.239999771118164,18.392772674560547
1425,25.280000686645508,23.201868057250977
1426,18.81999969482422,19.45192527770996
1427,33.09000015258789,28.733417510986328
1428,45.189998626708984,44.20134735107422
1429,22.059999465942383,22.44631576538086
1430,44.939998626708984,45.10120391845703
1431,22.959999084472656,22.585954666137695
1432,43.0099983215332,41.20259475708008
1433,16.510000228881836,16.333492279052734
1434,25.889999389648438,25.826236724853516
1435,20.290000915527344,17.058698654174805
1436,13.119999885559082,12.406495094299316
1437,31.549999237060547,31.02806282043457
1438,19.450000762939453,18.32986831665039
1439,23.899999618530273,23.62120819091797
1440,16.09000015258789,15.578330039978027
1441,20.520000457763672,20.02214813232422
1442,19.040000915527344,17.898967742919922
1443,22.690000534057617,21.334705352783203
1444,24.799999237060547,22.400331497192383
1445,8.180000305175781,5.594133377075195
1446,10.449999809265137,9.792898178100586
1447,39.36000061035156,37.63873291015625
1448,12.329999923706055,11.01038646697998
1449,25.299999237060547,24.494142532348633
1450,27.31999969482422,26.327342987060547
1451,36.65999984741211,34.18275833129883
1452,31.139999389648438,29.937889099121094
1453,8.649999618530273,8.459568977355957
1454,13.789999961853027,14.173833847045898
1455,11.649999618530273,9.801287651062012
1456,53.61000061035156,53.21296310424805
1457,25.34000015258789,22.665279388427734
1458,53.93000030517578,52.38003921508789
1459,10.100000381469727,10.306586265563965
1460,20.469999313354492,19.11553382873535
1461,23.5,21.34079360961914
1462,9.630000114440918,9.80837631225586
1463,17.520000457763672,16.74603843688965
1464,47.56999969482422,47.01225280761719
1465,31.389999389648438,31.403919219970703
1466,35.79999923706055,37.55038833618164
1467,17.760000228881836,16.907604217529297
1468,37.97999954223633,37.168617248535156
1469,31.209999084472656,29.94747543334961
1470,9.34000015258789,8.499349594116211
1471,39.720001220703125,39.75883102416992
1472,8.430000305175781,7.91532564163208
1473,24.489999771118164,22.563522338867188
1474,10.3100004196167,8.567362785339355
1475,13.670000076293945,13.236817359924316
1476,9.039999961853027,7.970239639282227
1477,2.140000104904175,3.7685492038726807
1478,24.40999984741211,25.614015579223633
1479,16.540000915527344,14.925419807434082
1480,12.119999885559082,12.254066467285156
1481,56.72999954223633,56.96809387207031
1482,13.779999732971191,13.405442237854004
1483,60.060001373291016,55.01557159423828
1484,29.969999313354492,29.807743072509766
1485,33.380001068115234,32.12619400024414
1486,12.9399995803833,12.439654350280762
1487,10.149999618530273,10.193477630615234
1488,17.639999389648438,15.99300479888916
1489,18.110000610351562,16.75015640258789
1490,17.43000030517578,16.246807098388672
1491,16.030000686645508,14.944591522216797
1492,21.65999984741211,19.129955291748047
1493,14.670000076293945,14.669963836669922
1494,47.09000015258789,44.74279022216797
1495,62.38999938964844,63.92871856689453
1496,4.809999942779541,3.9552297592163086
1497,10.40999984741211,8.935591697692871
1498,18.510000228881836,16.759904861450195
1499,53.18000030517578,50.98906707763672
1500,3.9200000762939453,2.9880785942077637
1501,18.1299991607666,16.492740631103516
1502,15.329999923706055,14.40679931640625
1503,15.25,14.55422306060791
1504,19.780000686645508,18.250049591064453
1505,11.859999656677246,10.671396255493164
1506,38.290000915527344,40.19903564453125
1507,37.310001373291016,36.97598648071289
1508,37.790000915527344,36.349761962890625
1509,12.510000228881836,11.321288108825684
1510,38.459999084472656,38.189125061035156
1511,55.849998474121094,55.221893310546875
1512,36.72999954223633,35.877174377441406
1513,8.069999694824219,6.9639105796813965
1514,20.3799991607666,19.856121063232422
1515,33.47999954223633,30.810989379882812
1516,14.619999885559082,14.266642570495605
1517,10.8100004196167,9.330061912536621
1518,14.609999656677246,13.571121215820312
1519,25.09000015258789,23.008604049682617
1520,50.869998931884766,54.71977996826172
1521,28.760000228881836,30.886016845703125
1522,8.130000114440918,6.8231096267700195
1523,21.760000228881836,20.26256561279297
1524,16.93000030517578,15.615797996520996
1525,30.510000228881836,29.631303787231445
1526,71.54000091552734,70.0948486328125
1527,8.529999732971191,7.317925930023193
1528,11.960000038146973,11.9104585647583
1529,30.030000686645508,29.202518463134766
1530,11.489999771118164,11.897958755493164
1531,18.399999618530273,16.095272064208984
1532,17.549999237060547,16.76545524597168
1533,62.459999084472656,64.76646423339844
1534,1.6699999570846558,1.1175909042358398
1535,30.65999984741211,30.605743408203125
1536,12.270000457763672,12.224245071411133
1537,11.930000305175781,11.471302032470703
1538,62.720001220703125,61.65660858154297
1539,19.079999923706055,18.829078674316406
1540,28.06999969482422,26.18035888671875
1541,23.100000381469727,22.053207397460938
1542,14.670000076293945,14.68204116821289
1543,50.86000061035156,48.587764739990234
1544,47.220001220703125,45.750518798828125
1545,34.9900016784668,32.930564880371094
1546,13.59000015258789,12.17042350769043
1547,19.81999969482422,18.233312606811523
1548,39.0099983215332,38.29610061645508
1549,17.559999465942383,15.379117012023926
1550,27.639999389648438,24.794801712036133
1551,56.45000076293945,56.442317962646484
1552,13.739999771118164,12.944526672363281
1553,7.949999809265137,6.257759094238281
1554,19.329999923706055,19.800609588623047
1555,21.56999969482422,20.612152099609375
1556,72.11000061035156,68.04475402832031
1557,4.059999942779541,1.7502202987670898
1558,8.020000457763672,7.836766719818115
1559,35.7599983215332,34.564395904541016
1560,48.29999923706055,45.33164978027344
1561,61.93000030517578,60.23553466796875
1562,4.0,2.461904287338257
1563,20.459999084472656,18.93329620361328
1564,11.460000038146973,11.167496681213379
1565,50.470001220703125,48.3072509765625
1566,8.199999809265137,7.4732866287231445
1567,15.989999771118164,14.16940689086914
1568,47.2599983215332,45.79633712768555
1569,52.470001220703125,50.82725524902344
1570,25.100000381469727,21.524795532226562
1571,23.84000015258789,24.199127197265625
1572,16.729999542236328,16.21076011657715
1573,48.900001525878906,46.48271560668945
1574,16.549999237060547,17.126590728759766
1575,36.29999923706055,35.0678596496582
1576,8.529999732971191,8.315644264221191
1577,13.270000457763672,11.135536193847656
1578,52.060001373291016,53.56182098388672
1579,7.53000020980835,6.130568504333496
1580,34.709999084472656,34.532798767089844
1581,28.110000610351562,27.03011703491211
1582,8.289999961853027,7.101366996765137
1583,36.560001373291016,34.02814865112305
1584,34.79999923706055,33.819252014160156
1585,22.809999465942383,22.187835693359375
1586,30.06999969482422,30.071304321289062
1587,8.270000457763672,6.601036071777344
1588,27.65999984741211,25.221988677978516
1589,34.2400016784668,31.971569061279297
1590,17.3799991607666,17.03577423095703
1591,54.380001068115234,47.54056930541992
1592,14.09000015258789,12.439674377441406
1593,31.139999389648438,29.113571166992188
1594,15.710000038146973,15.648337364196777
1595,15.319999694824219,13.718616485595703
1596,52.75,52.607421875
1597,8.100000381469727,7.080867290496826
1598,33.810001373291016,32.54652786254883
1599,58.38999938964844,50.558841705322266
1600,40.83000183105469,41.99361801147461
1601,22.25,21.74318504333496
1602,36.709999084472656,35.65156173706055
1603,36.22999954223633,34.57752227783203
1604,25.920000076293945,25.104902267456055
1605,19.31999969482422,19.145444869995117
1606,34.61000061035156,31.63378143310547
1607,16.440000534057617,16.906265258789062
1608,10.619999885559082,9.489704132080078
1609,29.149999618530273,28.69986343383789
1610,30.219999313354492,30.381092071533203
1611,53.27000045776367,51.79805374145508
1612,59.45000076293945,56.516963958740234
1613,47.900001525878906,46.43400573730469
1614,20.8799991607666,19.046302795410156
1615,21.690000534057617,21.902162551879883
1616,14.369999885559082,13.525238037109375
1617,17.34000015258789,16.52167510986328
1618,52.540000915527344,50.30542755126953
1619,56.7599983215332,53.717403411865234
1620,33.16999816894531,30.798336029052734
1621,27.389999389648438,25.370899200439453
1622,15.510000228881836,13.581066131591797
1623,1.6299999952316284,1.594520926475525
1624,45.310001373291016,42.51799774169922
1625,2.890000104904175,2.3171300888061523
1626,24.790000915527344,24.238142013549805
1627,12.319999694824219,11.404044151306152
1628,9.510000228881836,7.876020431518555
1629,28.799999237060547,28.139713287353516
1630,18.860000610351562,17.967721939086914
1631,42.43000030517578,40.90968322753906
1632,42.77000045776367,43.19560241699219
1633,23.639999389648438,23.57597541809082
1634,10.130000114440918,9.53675651550293
1635,13.289999961853027,12.622818946838379
1636,39.68000030517578,36.607059478759766
1637,46.93000030517578,44.04252243041992
1638,80.5999984741211,63.884979248046875
1639,24.579999923706055,22.601055145263672
1640,17.270000457763672,15.042550086975098
1641,13.920000076293945,12.82151985168457
1642,22.299999237060547,21.45619010925293
1643,33.22999954223633,31.468265533447266
1644,9.720000267028809,9.709216117858887
1645,14.899999618530273,14.483504295349121
1646,53.06999969482422,50.44548416137695
1647,14.649999618530273,13.507654190063477
1648,59.849998474121094,56.417144775390625
1649,14.029999732971191,12.801025390625
1650,14.100000381469727,13.188103675842285
1651,34.13999938964844,34.326751708984375
1652,16.579999923706055,15.6456937789917
1653,41.689998626708984,38.597434997558594
1654,12.3100004196167,11.279693603515625
1655,12.59000015258789,11.88333797454834
1656,44.61000061035156,43.70484161376953
1657,25.6299991607666,22.334362030029297
1658,57.529998779296875,60.62122344970703
1659,22.739999771118164,20.529457092285156
1660,46.7400016784668,43.84428405761719
1661,33.439998626708984,35.91682434082031
1662,29.440000534057617,26.707290649414062
1663,23.770000457763672,23.241010665893555
1664,25.700000762939453,24.114961624145508
1665,19.440000534057617,18.401992797851562
1666,38.93000030517578,38.41477966308594
1667,32.22999954223633,34.16737365722656
1668,19.940000534057617,18.260791778564453
1669,58.16999816894531,56.17854309082031
1670,43.060001373291016,39.521324157714844
1671,21.190000534057617,20.063188552856445
1672,40.279998779296875,45.20686340332031
1673,35.97999954223633,36.31719207763672
1674,20.68000030517578,19.305877685546875
1675,33.38999938964844,31.635723114013672
1676,41.939998626708984,42.58577346801758
1677,16.549999237060547,13.865581512451172
1678,34.709999084472656,31.36635971069336
1679,64.75,63.29248046875
1680,39.06999969482422,39.19000244140625
1681,11.84000015258789,10.647144317626953
1682,24.6200008392334,23.720666885375977
1683,68.1500015258789,66.25668334960938
1684,41.529998779296875,38.11162567138672
1685,57.0099983215332,57.15989303588867
1686,1.6399999856948853,1.8143624067306519
1687,56.130001068115234,57.2007942199707
1688,18.850000381469727,19.142953872680664
1689,29.329999923706055,28.8637752532959
1690,49.029998779296875,48.65507888793945
1691,38.439998626708984,38.184635162353516
1692,38.68000030517578,39.48385238647461
1693,11.989999771118164,10.896652221679688
1694,12.8100004196167,12.36164665222168
1695,18.84000015258789,17.726486206054688
1696,56.470001220703125,45.86406326293945
1697,30.770000457763672,28.61781883239746
1698,36.5099983215332,34.44163513183594
1699,15.850000381469727,16.002866744995117
1700,31.969999313354492,29.206989288330078
1701,54.36000061035156,52.235382080078125
1702,20.719999313354492,19.46053695678711
1703,9.430000305175781,8.335470199584961
1704,21.940000534057617,20.978538513183594
1705,27.3700008392334,27.031522750854492
1706,14.979999542236328,13.004928588867188
1707,28.420000076293945,27.962509155273438
1708,17.469999313354492,17.225404739379883
1709,18.610000610351562,17.599044799804688
1710,50.41999816894531,49.11775207519531
1711,7.5,6.954639911651611
1712,23.479999542236328,23.621511459350586
1713,29.030000686645508,27.696937561035156
1714,6.239999771118164,5.830660343170166
1715,38.060001373291016,38.561920166015625
1716,77.41999816894531,77.39246368408203
1717,11.0,10.343554496765137
1718,18.850000381469727,17.865909576416016
1719,13.920000076293945,12.402538299560547
1720,15.140000343322754,14.334245681762695
1721,19.360000610351562,18.613834381103516
1722,10.380000114440918,10.17175579071045
1723,32.959999084472656,30.134300231933594
1724,46.72999954223633,43.4604377746582
1725,13.960000038146973,13.53066635131836
1726,24.1299991607666,22.76474952697754
1727,53.58000183105469,49.494503021240234
1728,68.27999877929688,61.22991943359375
1729,11.199999809265137,11.34458065032959
1730,29.709999084472656,29.400230407714844
1731,16.979999542236328,16.138288497924805
1732,20.90999984741211,18.9094181060791
1733,24.0,23.247753143310547
1734,25.209999084472656,24.76877212524414
1735,14.640000343322754,14.59986400604248
1736,4.639999866485596,2.6893324851989746
1737,27.520000457763672,25.865846633911133
1738,45.29999923706055,43.39777374267578
1739,35.95000076293945,38.42806625366211
1740,42.2599983215332,42.07429885864258
1741,45.33000183105469,39.597312927246094
1742,28.389999389648438,27.60101318359375
1743,36.38999938964844,31.625507354736328
1744,23.93000030517578,21.95634651184082
1745,53.40999984741211,51.424530029296875
1746,14.640000343322754,13.629975318908691
1747,19.920000076293945,18.917837142944336
1748,3.5399999618530273,2.4396207332611084
1749,15.25,14.146262168884277
1750,1.4700000286102295,3.048305034637451
1751,23.350000381469727,21.754823684692383
1752,52.83000183105469,55.024070739746094
1753,29.200000762939453,27.62568473815918
1754,16.420000076293945,14.971814155578613
1755,18.549999237060547,16.391887664794922
1756,15.5600004196167,15.34433364868164
1757,29.510000228881836,28.926231384277344
1758,23.479999542236328,21.654094696044922
1759,6.389999866485596,5.121803283691406
1760,12.109999656677246,11.345483779907227
1761,11.510000228881836,10.39358139038086
1762,12.84000015258789,12.665033340454102
1763,18.200000762939453,19.881589889526367
1764,43.54999923706055,37.80266189575195
1765,18.6299991607666,17.03753089904785
1766,37.959999084472656,37.483741760253906
1767,8.399999618530273,7.346841812133789
1768,29.93000030517578,27.229921340942383
1769,37.939998626708984,37.74943161010742
1770,5.150000095367432,3.9293336868286133
1771,28.5,28.137239456176758
1772,19.010000228881836,19.246305465698242
1773,33.43000030517578,32.05553436279297
1774,24.31999969482422,23.092533111572266
1775,49.86000061035156,51.17805862426758
1776,14.960000038146973,12.43519401550293
1777,23.709999084472656,24.10838508605957
1778,31.200000762939453,30.460573196411133
1779,38.0,37.43564987182617
1780,69.33999633789062,70.10124206542969
1781,19.110000610351562,17.668987274169922
1782,33.709999084472656,32.87071990966797
1783,51.099998474121094,50.082706451416016
1784,47.63999938964844,43.31755828857422
1785,37.56999969482422,35.896270751953125
1786,40.540000915527344,41.16763687133789
1787,21.1299991607666,21.309751510620117
1788,21.860000610351562,21.691755294799805
1789,15.789999961853027,13.992127418518066
1790,8.510000228881836,7.600866794586182
1791,8.369999885559082,8.275738716125488
1792,22.600000381469727,20.42536163330078
1793,36.970001220703125,35.82029342651367
1794,13.859999656677246,12.927943229675293
1795,26.030000686645508,25.31705093383789
1796,27.610000610351562,26.937700271606445
1797,1.9500000476837158,3.4940848350524902
1798,29.8700008392334,29.965288162231445
1799,17.510000228881836,16.93311309814453
1800,35.56999969482422,38.032569885253906
1801,30.549999237060547,30.551111221313477
1802,43.31999969482422,40.852813720703125
1803,9.8100004196167,8.855889320373535
1804,19.290000915527344,18.235721588134766
1805,32.04999923706055,33.66327667236328
1806,20.530000686645508,18.33583641052246
1807,22.31999969482422,20.433828353881836
1808,45.5099983215332,42.75598907470703
1809,3.819999933242798,3.5997533798217773
1810,12.0600004196167,10.7612886428833
1811,28.799999237060547,27.70490264892578
1812,20.59000015258789,19.52996253967285
1813,29.68000030517578,28.559112548828125
1814,19.1299991607666,17.465042114257812
1815,23.09000015258789,23.492000579833984
1816,13.880000114440918,13.630311012268066
1817,30.219999313354492,28.398534774780273
1818,48.5099983215332,47.161170959472656
1819,37.529998779296875,36.537757873535156
1820,27.110000610351562,25.54532241821289
1821,10.75,9.297236442565918
1822,78.83000183105469,67.84668731689453
1823,54.779998779296875,56.68549346923828
1824,7.03000020980835,6.008395195007324
1825,28.219999313354492,27.238128662109375
1826,15.720000267028809,14.797744750976562
1827,8.829999923706055,7.609107494354248
1828,27.760000228881836,25.569683074951172
1829,9.529999732971191,10.686397552490234
1830,8.34000015258789,8.02119255065918
1831,39.349998474121094,36.45058822631836
1832,62.04999923706055,57.717689514160156
1833,44.900001525878906,47.99681091308594
1834,33.220001220703125,31.532310485839844
1835,10.90999984741211,10.123812675476074
1836,27.350000381469727,25.679893493652344
1837,60.5,58.569305419921875
1838,8.84000015258789,5.236224174499512
1839,2.0299999713897705,1.8360028266906738
1840,17.520000457763672,17.399534225463867
1841,2.930000066757202,2.968852996826172
1842,6.639999866485596,6.141049385070801
1843,23.420000076293945,21.996932983398438
1844,10.539999961853027,10.92837905883789
1845,3.0899999141693115,2.132075071334839
1846,24.229999542236328,23.347248077392578
1847,19.860000610351562,17.569076538085938
1848,53.119998931884766,56.06818771362305
1849,4.190000057220459,3.18849778175354
1850,18.06999969482422,17.60552215576172
1851,60.16999816894531,57.56466293334961
1852,18.1299991607666,17.048341751098633
1853,21.43000030517578,19.93339729309082
1854,58.470001220703125,56.49553298950195
1855,19.40999984741211,18.441186904907227
1856,30.239999771118164,29.46554183959961
1857,8.819999694824219,8.776900291442871
1858,37.22999954223633,37.128082275390625
1859,35.38999938964844,36.9738883972168
1860,9.130000114440918,7.506787300109863
1861,18.549999237060547,17.388715744018555
1862,33.029998779296875,32.43360137939453
1863,42.0,39.87831115722656
1864,52.88999938964844,53.264095306396484
1865,10.270000457763672,10.160571098327637
1866,36.029998779296875,35.56182861328125
1867,50.9900016784668,49.28636932373047
1868,71.0,69.2773208618164
1869,35.04999923706055,32.89430618286133
1870,43.0,43.15253829956055
1871,20.93000030517578,19.30179214477539
1872,52.86000061035156,50.05433654785156
1873,43.630001068115234,41.94202423095703
1874,34.060001373291016,31.233694076538086
1875,7.03000020980835,6.339178562164307
1876,19.549999237060547,18.16122055053711
1877,11.539999961853027,11.014471054077148
1878,34.79999923706055,31.718730926513672
1879,46.38999938964844,42.10456085205078
1880,44.439998626708984,41.93362808227539
1881,20.059999465942383,18.72032356262207
1882,27.8799991607666,26.275697708129883
1883,11.210000038146973,10.384082794189453
1884,57.11000061035156,55.0936279296875
1885,31.989999771118164,29.221149444580078
1886,43.93000030517578,42.32312774658203
1887,62.25,58.011348724365234
1888,22.059999465942383,20.19622230529785
1889,34.34000015258789,32.04155731201172
1890,12.4399995803833,10.934103965759277
1891,10.619999885559082,9.963701248168945
1892,37.790000915527344,38.4713249206543
1893,11.5600004196167,11.836258888244629
1894,47.040000915527344,46.214271545410156
1895,28.239999771118164,27.617860794067383
1896,26.510000228881836,25.948701858520508
1897,29.290000915527344,29.10401153564453
1898,21.860000610351562,19.463478088378906
1899,23.920000076293945,24.118600845336914
1900,9.270000457763672,7.722079277038574
1901,6.880000114440918,5.7556023597717285
1902,30.739999771118164,29.093034744262695
1903,33.400001525878906,34.50635528564453
1904,37.43000030517578,33.55500411987305
1905,44.470001220703125,43.325923919677734
1906,45.33000183105469,43.32162094116211
1907,34.41999816894531,33.3900260925293
1908,77.11000061035156,73.0552749633789
1909,18.940000534057617,19.505817413330078
1910,39.779998779296875,39.671661376953125
1911,25.3799991607666,25.71487045288086
1912,20.25,18.64132308959961
1913,20.920000076293945,17.925168991088867
1914,6.690000057220459,6.104857921600342
1915,15.630000114440918,14.741510391235352
1916,18.190000534057617,17.023090362548828
1917,22.350000381469727,21.211135864257812
1918,9.359999656677246,8.688918113708496
1919,8.460000038146973,7.874088764190674
1920,32.61000061035156,31.749536514282227
1921,19.170000076293945,17.887821197509766
1922,46.47999954223633,47.280860900878906
1923,33.810001373291016,33.52138900756836
1924,40.970001220703125,38.47764205932617
1925,43.33000183105469,45.69102096557617
1926,19.559999465942383,16.732444763183594
1927,8.6899995803833,6.771294593811035
1928,49.4900016784668,46.28430938720703
1929,18.18000030517578,16.17229461669922
1930,19.040000915527344,17.350120544433594
1931,9.729999542236328,8.693472862243652
1932,10.720000267028809,10.992942810058594
1933,20.809999465942383,19.047954559326172
1934,2.3499999046325684,2.102003812789917
1935,7.130000114440918,7.264348983764648
1936,19.290000915527344,19.242544174194336
1937,23.889999389648438,21.024219512939453
1938,48.810001373291016,48.608360290527344
1939,27.34000015258789,25.22295570373535
1940,15.130000114440918,15.105006217956543
1941,7.139999866485596,8.9649658203125
1942,21.010000228881836,19.477901458740234
1943,19.399999618530273,19.479434967041016
1944,27.700000762939453,26.62502098083496
1945,22.520000457763672,21.26426887512207
1946,4.510000228881836,3.20133113861084
1947,37.220001220703125,33.99801254272461
1948,55.380001068115234,51.4669189453125
1949,14.789999961853027,13.959073066711426
1950,34.86000061035156,31.156326293945312
1951,30.040000915527344,29.652746200561523
1952,63.029998779296875,62.27494812011719
1953,64.33000183105469,64.40947723388672
1954,32.2400016784668,32.8732795715332
1955,17.1299991607666,15.712428092956543
1956,46.029998779296875,46.7049674987793
1957,14.880000114440918,14.577442169189453
1958,57.77000045776367,56.07600402832031
1959,23.100000381469727,21.152849197387695
1960,10.289999961853027,9.26037311553955
1961,50.470001220703125,50.64777374267578
1962,18.600000381469727,16.71491241455078
1963,48.45000076293945,44.990333557128906
1964,3.9000000953674316,2.9538755416870117
1965,32.97999954223633,34.60279083251953
1966,23.639999389648438,20.952896118164062
1967,14.460000038146973,14.396553039550781
1968,40.59000015258789,41.99125289916992
1969,32.689998626708984,33.42851638793945
1970,5.949999809265137,6.686883449554443
1971,50.70000076293945,50.38037872314453
1972,11.4399995803833,10.597363471984863
1973,52.20000076293945,53.30780792236328
1974,41.59000015258789,37.91685104370117
1975,23.399999618530273,21.901817321777344
1976,25.15999984741211,25.285728454589844
1977,19.1200008392334,18.6500186920166
1978,25.389999389648438,23.588359832763672
1979,40.7400016784668,38.731746673583984
1980,40.25,41.251136779785156
1981,38.7400016784668,35.392784118652344
1982,27.479999542236328,34.72659683227539
1983,24.229999542236328,22.53606414794922
1984,16.739999771118164,16.19732093811035
1985,66.18000030517578,61.74639892578125
1986,14.140000343322754,14.077768325805664
1987,63.400001525878906,59.94160842895508
1988,39.880001068115234,38.34801483154297
1989,44.77000045776367,43.63193893432617
1990,20.18000030517578,20.090375900268555
1991,42.099998474121094,39.36265563964844
1992,17.940000534057617,16.93377685546875
1993,4.929999828338623,4.11154842376709
1994,64.4800033569336,55.166748046875
1995,47.5,46.082149505615234
1996,33.029998779296875,32.87990951538086
1997,48.86000061035156,47.19831848144531
1998,5.670000076293945,3.2137327194213867
1999,38.720001220703125,38.95093536376953
2000,34.27000045776367,35.04256820678711
2001,36.310001373291016,35.32371139526367
2002,37.15999984741211,36.399513244628906
2003,12.920000076293945,14.399589538574219
2004,24.510000228881836,21.21634864807129
2005,21.06999969482422,19.022327423095703
2006,10.069999694824219,8.642753601074219
2007,64.43000030517578,62.00520324707031
2008,1.350000023841858,5.179464817047119
2009,30.799999237060547,31.485389709472656
2010,46.27000045776367,45.709171295166016
2011,15.130000114440918,13.12168025970459
2012,39.45000076293945,36.73878479003906
2013,3.9200000762939453,1.558973789215088
2014,25.979999542236328,26.439563751220703
2015,61.380001068115234,56.81858825683594
2016,8.199999809265137,7.449207305908203
2017,29.309999465942383,26.667179107666016
2018,13.569999694824219,13.482465744018555
2019,2.240000009536743,1.2923731803894043
2020,34.29999923706055,33.958492279052734
2021,28.1200008392334,26.117244720458984
2022,44.33000183105469,42.5738410949707
2023,41.540000915527344,40.17523956298828
2024,25.850000381469727,25.59479522705078
2025,44.0099983215332,42.59666061401367
2026,29.510000228881836,26.74909782409668
2027,58.279998779296875,56.85672378540039
2028,33.599998474121094,33.94329071044922
2029,48.7400016784668,48.62287139892578
2030,42.650001525878906,40.951385498046875
2031,58.4900016784668,56.601619720458984
2032,24.139999389648438,30.49830436706543
2033,70.83999633789062,68.40367889404297
2034,33.400001525878906,33.04411315917969
2035,43.2400016784668,36.17963409423828
2036,23.290000915527344,22.190509796142578
2037,21.709999084472656,20.635295867919922
2038,21.920000076293945,22.090150833129883
2039,76.86000061035156,71.63671112060547
2040,6.369999885559082,4.950323104858398
2041,68.05000305175781,66.33452606201172
2042,44.720001220703125,41.702598571777344
2043,15.960000038146973,15.425395011901855
2044,11.210000038146973,9.979621887207031
2045,23.280000686645508,24.18846893310547
2046,60.470001220703125,61.67079162597656
2047,32.63999938964844,31.070810317993164
2048,35.52000045776367,32.85366439819336
2049,13.479999542236328,12.725830078125
2050,6.079999923706055,6.627882480621338
2051,7.980000019073486,7.262519359588623
2052,8.239999771118164,8.710077285766602
2053,37.560001373291016,36.926795959472656
2054,51.279998779296875,50.6135139465332
2055,17.030000686645508,17.148395538330078
2056,13.180000305175781,12.971867561340332
2057,22.950000762939453,19.442960739135742
2058,13.420000076293945,12.910117149353027
2059,55.38999938964844,53.95234680175781
2060,28.649999618530273,28.2540283203125
2061,18.079999923706055,16.995683670043945
2062,26.850000381469727,26.352022171020508
2063,71.70999908447266,64.69589233398438
2064,22.549999237060547,21.1940860748291
2065,11.020000457763672,10.13337230682373
2066,17.209999084472656,15.855778694152832
2067,39.47999954223633,40.73492431640625
2068,17.90999984741211,17.07304573059082
2069,43.470001220703125,44.23816680908203
2070,66.62999725341797,66.9083251953125
2071,22.6299991607666,22.413476943969727
2072,28.200000762939453,29.001873016357422
2073,53.27000045776367,56.04653549194336
2074,36.38999938964844,35.80200958251953
2075,25.440000534057617,23.949352264404297
2076,48.119998931884766,49.62997817993164
2077,24.469999313354492,23.94304656982422
2078,16.40999984741211,14.999926567077637
2079,14.899999618530273,13.387552261352539
2080,9.199999809265137,5.642757415771484
2081,12.65999984741211,11.163430213928223
2082,13.109999656677246,12.609180450439453
2083,6.179999828338623,4.534860134124756
2084,27.93000030517578,27.28258514404297
2085,33.2599983215332,33.547576904296875
2086,10.420000076293945,9.017169952392578
2087,38.88999938964844,37.345359802246094
2088,30.389999389648438,27.924219131469727
2089,5.639999866485596,3.959411382675171
2090,31.34000015258789,29.904516220092773
2091,56.209999084472656,55.79866027832031
2092,20.579999923706055,21.24481964111328
2093,30.09000015258789,28.12873077392578
2094,18.3799991607666,14.388747215270996
2095,31.649999618530273,29.793046951293945
2096,43.06999969482422,41.64794921875
2097,61.290000915527344,59.2990608215332
2098,35.25,31.176908493041992
2099,12.260000228881836,12.70382308959961
2100,15.680000305175781,18.512184143066406
2101,45.25,46.00895690917969
2102,39.880001068115234,35.47647476196289
2103,26.889999389648438,24.873573303222656
2104,20.739999771118164,20.52332305908203
2105,73.61000061035156,65.62576293945312
2106,25.649999618530273,21.652603149414062
2107,28.639999389648438,26.903934478759766
2108,40.20000076293945,38.29738235473633
2109,39.36000061035156,40.28567886352539
2110,22.899999618530273,21.745094299316406
2111,41.72999954223633,40.561134338378906
2112,21.579999923706055,20.768081665039062
2113,1.899999976158142,1.8855632543563843
2114,29.920000076293945,28.431930541992188
2115,47.65999984741211,44.631256103515625
2116,64.16999816894531,62.60247039794922
2117,31.40999984741211,30.225383758544922
2118,30.3799991607666,31.947383880615234
2119,22.920000076293945,21.9106502532959
2120,18.09000015258789,15.939303398132324
2121,60.970001220703125,59.46998596191406
2122,36.5,36.25760269165039
2123,22.0,22.394119262695312
2124,30.420000076293945,27.995258331298828
2125,9.220000267028809,8.366734504699707
2126,23.530000686645508,21.06328582763672
2127,36.400001525878906,35.54376220703125
2128,59.38999938964844,59.56678771972656
2129,57.65999984741211,51.52894973754883
2130,16.520000457763672,14.114357948303223
2131,26.540000915527344,24.553089141845703
2132,41.33000183105469,41.68882369995117
2133,28.959999084472656,28.30280876159668
2134,16.309999465942383,15.282928466796875
2135,28.280000686645508,29.027976989746094
2136,15.279999732971191,12.3583984375
2137,50.09000015258789,46.672607421875
2138,8.029999732971191,7.289214134216309
2139,18.549999237060547,17.971410751342773
2140,53.18000030517578,53.1090087890625
2141,40.72999954223633,40.699501037597656
2142,7.760000228881836,6.28701114654541
2143,17.3799991607666,10.993464469909668
2144,3.3499999046325684,2.251288414001465
2145,41.06999969482422,39.328636169433594
2146,23.1200008392334,22.187740325927734
2147,8.369999885559082,7.62954044342041
2148,26.969999313354492,25.761714935302734
2149,19.65999984741211,18.675031661987305
2150,62.2400016784668,60.133941650390625
2151,9.180000305175781,8.036409378051758
2152,81.5199966430664,77.10850524902344
2153,16.81999969482422,16.150114059448242
2154,32.36000061035156,32.076515197753906
2155,17.280000686645508,16.62742042541504
2156,22.040000915527344,20.48383331298828
2157,34.66999816894531,33.717533111572266
2158,26.600000381469727,26.535137176513672
2159,20.459999084472656,18.993675231933594
2160,23.770000457763672,22.911909103393555
2161,12.15999984741211,11.378334999084473
2162,34.970001220703125,34.36833572387695
2163,59.16999816894531,54.51642990112305
2164,6.130000114440918,5.45150899887085
2165,21.639999389648438,19.93477439880371
2166,26.440000534057617,24.496055603027344
2167,29.65999984741211,31.187408447265625
2168,22.139999389648438,20.970216751098633
2169,6.670000076293945,4.452644348144531
2170,15.149999618530273,14.353261947631836
2171,42.470001220703125,40.002098083496094
2172,12.489999771118164,12.089571952819824
2173,7.019999980926514,5.836025238037109
2174,48.52000045776367,48.83063507080078
2175,20.489999771118164,20.08308982849121
2176,39.52000045776367,38.996337890625
2177,2.9000000953674316,2.7165873050689697
2178,22.670000076293945,22.586580276489258
2179,21.780000686645508,20.322572708129883
2180,27.030000686645508,26.90011978149414
2181,21.459999084472656,21.503467559814453
2182,42.650001525878906,42.71379089355469
2183,35.900001525878906,34.5666618347168
2184,36.439998626708984,35.074951171875
2185,37.41999816894531,34.133140563964844
2186,22.670000076293945,21.964248657226562
2187,35.16999816894531,33.4216423034668
2188,55.06999969482422,50.603309631347656
2189,41.38999938964844,40.74846267700195
2190,45.209999084472656,39.20867919921875
2191,25.209999084472656,23.7315673828125
2192,16.790000915527344,16.968830108642578
2193,14.369999885559082,14.440677642822266
2194,25.0,25.27245330810547
2195,27.540000915527344,24.071359634399414
2196,26.649999618530273,23.158231735229492
2197,19.670000076293945,19.016950607299805
2198,21.360000610351562,18.797161102294922
2199,34.91999816894531,32.97822189331055
2200,58.470001220703125,54.61589813232422
2201,31.719999313354492,28.891027450561523
2202,24.850000381469727,24.19519805908203
2203,6.130000114440918,4.939812183380127
2204,41.09000015258789,40.02045440673828
2205,29.68000030517578,29.632408142089844
2206,65.83000183105469,60.70965576171875
2207,42.790000915527344,46.335182189941406
2208,11.100000381469727,10.838276863098145
2209,34.630001068115234,34.71501541137695
2210,44.599998474121094,44.78243637084961
2211,21.25,20.700454711914062
2212,16.0,13.920578956604004
2213,51.22999954223633,50.31576919555664
2214,22.040000915527344,21.59351348876953
2215,27.889999389648438,27.614044189453125
2216,42.099998474121094,37.93935775756836
2217,43.65999984741211,40.999061584472656
2218,3.4000000953674316,2.933899402618408
2219,16.81999969482422,16.572689056396484
2220,22.940000534057617,23.34370994567871
2221,48.650001525878906,47.938385009765625
2222,29.389999389648438,29.019346237182617
2223,48.34000015258789,46.05278778076172
2224,64.30000305175781,63.70771026611328
2225,4.769999980926514,3.2037503719329834
2226,36.2599983215332,35.11975860595703
2227,6.929999828338623,6.750349998474121
2228,44.150001525878906,43.64881896972656
2229,36.369998931884766,33.435665130615234
2230,13.010000228881836,12.338595390319824
2231,13.59000015258789,13.060132026672363
2232,5.340000152587891,4.687108039855957
2233,13.380000114440918,13.51176643371582
2234,0.9200000166893005,3.5171427726745605
2235,63.5,61.7530403137207
2236,36.65999984741211,34.48130798339844
2237,31.93000030517578,29.65460205078125
2238,16.729999542236328,16.595727920532227
2239,11.199999809265137,10.4310302734375
2240,66.06999969482422,64.647705078125
2241,10.489999771118164,9.703351020812988
2242,34.27000045776367,32.08212661743164
2243,15.9399995803833,15.296287536621094
2244,53.79999923706055,52.66942596435547
2245,14.399999618530273,13.39609432220459
2246,13.279999732971191,11.572577476501465
2247,30.709999084472656,27.870893478393555
2248,32.56999969482422,31.851730346679688
2249,22.399999618530273,21.9920597076416
2250,5.119999885559082,3.9743871688842773
2251,29.209999084472656,27.915681838989258
2252,23.75,21.76034927368164
2253,26.65999984741211,23.658573150634766
2254,26.549999237060547,24.32052993774414
2255,12.880000114440918,12.465370178222656
2256,17.68000030517578,17.58362579345703
2257,28.950000762939453,27.591875076293945
2258,22.200000762939453,21.727920532226562
2259,25.25,24.052106857299805
2260,8.5600004196167,8.647676467895508
2261,21.860000610351562,21.0479679107666
2262,14.789999961853027,13.759669303894043
2263,42.060001373291016,39.556819915771484
2264,41.189998626708984,40.4796028137207
2265,12.09000015258789,11.424833297729492
2266,39.369998931884766,38.21552658081055
2267,10.079999923706055,9.38280200958252
2268,40.70000076293945,38.18506622314453
2269,42.119998931884766,38.0194091796875
2270,17.709999084472656,16.567638397216797
2271,30.84000015258789,28.414993286132812
2272,19.489999771118164,19.302078247070312
2273,7.599999904632568,7.628920555114746
2274,38.81999969482422,36.03874206542969
2275,53.68000030517578,56.44108581542969
2276,15.050000190734863,14.407980918884277
2277,9.920000076293945,9.646453857421875
2278,12.010000228881836,11.319483757019043
2279,9.390000343322754,8.866174697875977
2280,45.130001068115234,39.99468994140625
2281,39.849998474121094,36.19923782348633
2282,48.709999084472656,44.89619064331055
2283,37.720001220703125,38.226173400878906
2284,16.690000534057617,16.179668426513672
2285,56.04999923706055,53.2182502746582
2286,9.359999656677246,9.36327075958252
2287,34.90999984741211,34.23047637939453
2288,27.579999923706055,26.425548553466797
2289,9.229999542236328,7.829453945159912
2290,36.13999938964844,35.45549774169922
2291,33.2599983215332,30.504825592041016
2292,56.630001068115234,61.24878692626953
2293,30.3799991607666,31.40257453918457
2294,7.440000057220459,7.588855266571045
2295,22.059999465942383,25.959836959838867
2296,37.33000183105469,37.706787109375
2297,56.83000183105469,55.66342544555664
2298,26.329999923706055,24.30220603942871
2299,70.97000122070312,67.05949401855469
2300,37.959999084472656,38.18674850463867
2301,13.279999732971191,12.730152130126953
2302,41.810001373291016,40.77940368652344
2303,2.5899999141693115,2.7222368717193604
2304,8.130000114440918,7.726933002471924
2305,23.770000457763672,23.014667510986328
2306,28.75,26.734638214111328
2307,37.56999969482422,34.57798385620117
2308,19.030000686645508,18.353668212890625
2309,2.930000066757202,2.230837345123291
2310,21.190000534057617,20.035585403442383
2311,7.349999904632568,7.36459493637085
2312,12.670000076293945,12.189595222473145
2313,28.459999084472656,27.705181121826172
2314,50.97999954223633,51.56035614013672
2315,75.12000274658203,73.77143859863281
2316,60.47999954223633,59.36000061035156
2317,27.389999389648438,27.381088256835938
2318,7.829999923706055,6.114623069763184
2319,7.909999847412109,7.729008674621582
2320,43.459999084472656,42.386322021484375
2321,13.979999542236328,10.605597496032715
2322,13.729999542236328,13.524386405944824
2323,15.829999923706055,16.15590476989746
2324,32.58000183105469,30.206260681152344
2325,7.440000057220459,7.540798664093018
2326,41.470001220703125,38.80413818359375
2327,20.18000030517578,18.479833602905273
2328,18.540000915527344,16.32577133178711
2329,4.139999866485596,3.4965083599090576
2330,29.299999237060547,27.475337982177734
2331,45.88999938964844,43.94078063964844
2332,27.239999771118164,27.86701202392578
2333,77.04000091552734,67.6181640625
2334,53.18000030517578,50.28413009643555
2335,55.38999938964844,54.670955657958984
2336,2.740000009536743,2.7435762882232666
2337,15.550000190734863,14.906246185302734
2338,45.029998779296875,42.98731231689453
2339,28.799999237060547,24.497758865356445
2340,24.229999542236328,23.15224266052246
2341,29.959999084472656,29.828733444213867
2342,21.989999771118164,21.686227798461914
2343,7.590000152587891,6.263552188873291
2344,32.59000015258789,31.508167266845703
2345,23.81999969482422,23.522003173828125
2346,15.869999885559082,14.55431842803955
2347,47.58000183105469,49.280364990234375
2348,39.369998931884766,39.6850700378418
2349,69.5199966430664,71.27760314941406
2350,25.600000381469727,23.67650604248047
2351,15.0600004196167,13.870408058166504
2352,6.739999771118164,6.583804607391357
2353,15.0,12.807755470275879
2354,22.309999465942383,24.6951904296875
2355,10.699999809265137,10.684684753417969
2356,45.56999969482422,45.17242431640625
2357,36.540000915527344,34.74214172363281
2358,11.880000114440918,10.97370719909668
2359,20.110000610351562,19.279285430908203
2360,29.639999389648438,28.93659210205078
2361,21.360000610351562,20.119979858398438
2362,17.760000228881836,16.23137092590332
2363,11.479999542236328,10.968135833740234
2364,14.4399995803833,12.876337051391602
2365,55.869998931884766,57.25593566894531
2366,49.08000183105469,42.23410415649414
2367,26.40999984741211,28.147180557250977
2368,4.909999847412109,2.6795029640197754
2369,35.279998779296875,33.95777893066406
2370,39.22999954223633,39.310569763183594
2371,28.1299991607666,27.897388458251953
2372,9.279999732971191,8.612241744995117
2373,35.2599983215332,33.26218795776367
2374,8.930000305175781,7.66793155670166
2375,8.510000228881836,6.431386947631836
2376,37.650001525878906,38.41375732421875
2377,47.7599983215332,42.2036018371582
2378,13.270000457763672,12.428152084350586
2379,62.439998626708984,60.19881057739258
2380,33.220001220703125,29.967809677124023
2381,66.91000366210938,63.13932800292969
2382,38.84000015258789,38.76521301269531
2383,41.400001525878906,36.78012466430664
2384,54.45000076293945,52.487064361572266
2385,24.15999984741211,24.554529190063477
2386,45.630001068115234,43.658966064453125
2387,64.08999633789062,58.957847595214844
2388,36.119998931884766,34.842647552490234
2389,34.33000183105469,33.57984924316406
2390,65.30000305175781,62.31256103515625
2391,28.950000762939453,26.80508041381836
2392,45.66999816894531,45.56840515136719
2393,10.779999732971191,9.605596542358398
2394,31.729999542236328,33.10719299316406
2395,40.029998779296875,38.39173889160156
2396,75.76000213623047,74.16555786132812
2397,22.229999542236328,21.576452255249023
2398,14.8100004196167,15.958266258239746
2399,11.710000038146973,11.088976860046387
2400,9.710000038146973,8.433856964111328
2401,53.02000045776367,47.95843505859375
2402,16.780000686645508,16.415090560913086
2403,21.3700008392334,18.468555450439453
2404,31.31999969482422,29.922569274902344
2405,22.450000762939453,23.787446975708008
2406,13.510000228881836,12.446385383605957
2407,13.850000381469727,12.622276306152344
2408,30.719999313354492,32.70888137817383
2409,24.670000076293945,25.841106414794922
2410,47.41999816894531,46.595985412597656
2411,36.619998931884766,35.123435974121094
2412,32.90999984741211,33.49267578125
2413,33.040000915527344,32.01103591918945
2414,17.06999969482422,15.677001953125
2415,41.04999923706055,39.03175354003906
2416,15.970000267028809,14.650444984436035
2417,45.31999969482422,42.71223068237305
2418,27.940000534057617,27.635276794433594
2419,24.030000686645508,23.778400421142578
2420,12.9399995803833,11.795661926269531
2421,36.84000015258789,36.47591781616211
2422,27.780000686645508,24.786331176757812
2423,55.900001525878906,48.74644470214844
2424,28.190000534057617,27.50804901123047
2425,40.58000183105469,38.070457458496094
2426,10.010000228881836,9.912203788757324
2427,24.790000915527344,22.989534378051758
2428,42.86000061035156,41.843353271484375
2429,6.619999885559082,5.520857334136963
2430,21.549999237060547,21.426462173461914
2431,38.560001373291016,36.257755279541016
2432,33.529998779296875,31.843048095703125
2433,15.319999694824219,19.527210235595703
2434,7.449999809265137,8.005937576293945
2435,19.809999465942383,18.516889572143555
2436,9.619999885559082,10.294855117797852
2437,28.18000030517578,19.777793884277344
2438,39.290000915527344,40.56902313232422
2439,29.790000915527344,29.20347785949707
2440,45.279998779296875,44.388641357421875
2441,19.1200008392334,16.871097564697266
2442,40.88999938964844,41.5731315612793
2443,6.230000019073486,5.132802963256836
2444,68.0199966430664,65.30958557128906
2445,18.8799991607666,19.037811279296875
2446,10.579999923706055,8.673849105834961
2447,34.869998931884766,32.92648696899414
2448,35.349998474121094,33.021183013916016
2449,19.260000228881836,17.83941650390625
2450,17.420000076293945,16.847211837768555
2451,22.899999618530273,21.75737762451172
2452,40.40999984741211,39.343204498291016
2453,17.469999313354492,16.092369079589844
2454,20.299999237060547,20.8072566986084
2455,20.739999771118164,19.754283905029297
2456,31.59000015258789,31.759668350219727
2457,31.670000076293945,32.56734848022461
2458,23.600000381469727,23.103532791137695
2459,47.439998626708984,45.83861541748047
2460,19.670000076293945,20.110244750976562
2461,27.670000076293945,27.519943237304688
2462,15.25,14.372659683227539
2463,29.700000762939453,27.086776733398438
2464,3.7799999713897705,2.77414870262146
2465,24.399999618530273,23.020980834960938
2466,6.980000019073486,7.08376407623291
2467,38.189998626708984,36.04134750366211
2468,34.099998474121094,33.153648376464844
2469,9.8100004196167,8.217576026916504
2470,19.809999465942383,19.169626235961914
2471,19.15999984741211,18.312458038330078
2472,37.810001373291016,37.97573471069336
2473,14.520000457763672,12.847112655639648
2474,7.949999809265137,7.2473320960998535
2475,8.710000038146973,8.752899169921875
2476,25.469999313354492,24.49496841430664
2477,38.689998626708984,39.70264434814453
2478,44.11000061035156,44.5087890625
2479,25.1200008392334,22.994014739990234
2480,46.310001373291016,46.42053985595703
2481,27.0,27.03726577758789
2482,26.809999465942383,26.377702713012695
2483,24.260000228881836,22.970632553100586
2484,4.639999866485596,3.171546459197998
2485,32.380001068115234,29.274906158447266
2486,47.529998779296875,45.077789306640625
2487,42.810001373291016,43.541229248046875
2488,24.979999542236328,24.998851776123047
2489,21.600000381469727,20.355836868286133
2490,45.709999084472656,45.55049514770508
2491,13.4399995803833,11.86916732788086
2492,7.889999866485596,7.481495380401611
2493,29.979999542236328,29.393566131591797
2494,34.58000183105469,37.63729476928711
2495,15.989999771118164,14.324850082397461
2496,24.579999923706055,23.960554122924805
2497,6.210000038146973,7.222930431365967
2498,2.759999990463257,4.354844093322754
2499,45.439998626708984,46.907501220703125
2500,39.66999816894531,41.50287628173828
2501,20.06999969482422,19.336997985839844
2502,34.439998626708984,39.102012634277344
2503,14.260000228881836,13.991720199584961
2504,25.280000686645508,24.07608413696289
2505,19.479999542236328,18.66701316833496
2506,20.639999389648438,20.217998504638672
2507,45.709999084472656,45.49000930786133
2508,21.149999618530273,17.46847152709961
2509,21.600000381469727,19.563283920288086
2510,26.670000076293945,25.727821350097656
2511,57.7400016784668,57.481842041015625
2512,34.459999084472656,33.063350677490234
2513,10.699999809265137,10.164180755615234
2514,22.579999923706055,22.14509391784668
2515,12.569999694824219,11.976215362548828
2516,17.280000686645508,16.323896408081055
2517,7.059999942779541,5.713655471801758
2518,20.260000228881836,18.869953155517578
2519,30.799999237060547,31.18871307373047
2520,13.34000015258789,12.221449851989746
2521,37.20000076293945,35.90509033203125
2522,54.790000915527344,57.16493606567383
2523,31.649999618530273,30.120187759399414
2524,23.739999771118164,22.245323181152344
2525,48.470001220703125,48.569068908691406
2526,10.529999732971191,10.329355239868164
2527,40.040000915527344,39.77809143066406
2528,51.54999923706055,51.58041000366211
2529,14.130000114440918,12.724174499511719
2530,16.25,16.04743766784668
2531,50.33000183105469,48.36585998535156
2532,22.90999984741211,20.50392723083496
2533,23.5,23.495098114013672
2534,42.47999954223633,38.98033142089844
2535,18.40999984741211,19.078208923339844
2536,23.84000015258789,23.072357177734375
2537,38.9900016784668,36.189090728759766
2538,12.880000114440918,12.168808937072754
2539,30.780000686645508,32.40793991088867
2540,34.54999923706055,30.186147689819336
2541,34.77000045776367,34.54401397705078
2542,7.489999771118164,6.83389139175415
2543,44.959999084472656,44.49148178100586
2544,17.860000610351562,16.93231773376465
2545,10.239999771118164,9.275867462158203
2546,22.760000228881836,23.03792381286621
2547,6.199999809265137,5.597416877746582
2548,26.93000030517578,26.322216033935547
2549,57.54999923706055,46.08901596069336
2550,58.93000030517578,61.566162109375
2551,8.4399995803833,3.08327054977417
2552,24.469999313354492,22.571578979492188
2553,37.279998779296875,38.23316955566406
2554,36.43000030517578,35.44615173339844
2555,34.040000915527344,31.848125457763672
2556,26.450000762939453,25.78156280517578
2557,28.8799991607666,26.499265670776367
2558,50.040000915527344,46.189884185791016
2559,21.959999084472656,19.928226470947266
2560,18.40999984741211,17.010995864868164
2561,28.760000228881836,26.150562286376953
2562,24.65999984741211,23.645505905151367
2563,34.310001373291016,34.405033111572266
2564,2.130000114440918,2.9400956630706787
2565,31.459999084472656,29.621782302856445
2566,33.380001068115234,33.666603088378906
2567,53.04999923706055,52.081260681152344
2568,25.5,24.457172393798828
2569,8.229999542236328,8.367834091186523
2570,56.709999084472656,48.82038116455078
2571,37.310001373291016,34.03813552856445
2572,19.469999313354492,17.598575592041016
2573,47.279998779296875,46.190269470214844
2574,12.489999771118164,10.982942581176758
2575,14.359999656677246,14.390893936157227
2576,48.150001525878906,48.67367935180664
2577,12.979999542236328,12.850807189941406
2578,44.380001068115234,44.08500289916992
2579,5.920000076293945,6.091498851776123
2580,8.380000114440918,7.811123371124268
2581,23.6200008392334,22.447065353393555
2582,39.79999923706055,38.65655517578125
2583,26.780000686645508,26.52281951904297
2584,22.030000686645508,22.367319107055664
2585,30.450000762939453,30.728946685791016
2586,38.43000030517578,38.90927505493164
2587,36.18000030517578,33.47859191894531
2588,12.0,11.75262451171875
2589,53.439998626708984,54.375362396240234
2590,66.27999877929688,68.19683074951172
2591,72.51000213623047,71.79472351074219
2592,14.979999542236328,13.494136810302734
2593,56.81999969482422,57.55092239379883
2594,13.859999656677246,10.12256145477295
2595,25.229999542236328,25.37540054321289
2596,14.25,14.221765518188477
2597,53.400001525878906,54.350868225097656
2598,27.649999618530273,26.408668518066406
2599,31.739999771118164,30.96198272705078
2600,17.1299991607666,16.42597198486328
2601,45.63999938964844,44.61188888549805
2602,52.34000015258789,50.23814392089844
2603,10.130000114440918,8.770777702331543
2604,18.149999618530273,17.32431411743164
2605,61.15999984741211,57.55982971191406
2606,6.730000019073486,6.348970890045166
2607,20.399999618530273,18.15257453918457
2608,57.18000030517578,55.83470153808594
2609,9.170000076293945,9.444746017456055
2610,62.97999954223633,62.98755645751953
2611,25.889999389648438,22.01275634765625
2612,39.75,37.61348342895508
2613,39.2400016784668,37.3406982421875
2614,8.760000228881836,8.20035171508789
2615,33.25,32.9173698425293
2616,37.41999816894531,35.4072151184082
2617,51.65999984741211,48.82377243041992
2618,15.699999809265137,13.360795021057129
2619,67.5,66.2354965209961
2620,28.790000915527344,27.32090187072754
2621,36.97999954223633,37.40162658691406
2622,39.779998779296875,38.63994598388672
2623,10.770000457763672,8.9535493850708
2624,10.289999961853027,9.924686431884766
2625,28.780000686645508,27.76748275756836
2626,11.319999694824219,10.417330741882324
2627,54.18000030517578,48.44944763183594
2628,43.27000045776367,43.27840042114258
2629,7.53000020980835,6.693758010864258
2630,33.189998626708984,28.491968154907227
2631,7.260000228881836,6.012707710266113
2632,22.399999618530273,20.920547485351562
2633,25.18000030517578,22.71653175354004
2634,20.760000228881836,19.731975555419922
2635,24.209999084472656,22.58802604675293
2636,32.47999954223633,30.425588607788086
2637,60.970001220703125,61.40348815917969
2638,29.389999389648438,27.892959594726562
2639,14.729999542236328,13.441946983337402
2640,5.739999771118164,5.523796558380127
2641,15.619999885559082,14.302203178405762
2642,38.630001068115234,38.60173797607422
2643,30.75,31.011980056762695
2644,41.4900016784668,46.915069580078125
2645,31.34000015258789,31.244014739990234
2646,31.649999618530273,29.181964874267578
2647,35.16999816894531,35.656898498535156
2648,21.719999313354492,20.3153018951416
2649,39.029998779296875,39.7548942565918
2650,66.55999755859375,58.55094528198242
2651,27.59000015258789,26.998394012451172
2652,34.5,34.645477294921875
2653,25.469999313354492,27.255008697509766
2654,22.440000534057617,19.544172286987305
2655,1.8600000143051147,1.8300994634628296
2656,21.25,19.15325164794922
2657,29.229999542236328,27.1992130279541
2658,53.11000061035156,51.51947784423828
2659,30.510000228881836,32.20365524291992
2660,34.459999084472656,35.42001724243164
2661,29.56999969482422,26.940427780151367
2662,11.029999732971191,11.716700553894043
2663,7.360000133514404,5.974049091339111
2664,36.619998931884766,33.01390075683594
2665,23.209999084472656,21.764490127563477
2666,6.71999979019165,5.693228721618652
2667,24.940000534057617,23.55008888244629
2668,37.81999969482422,36.96649169921875
2669,36.310001373291016,34.92071533203125
2670,6.329999923706055,5.226256847381592
2671,5.519999980926514,4.775065898895264
2672,3.3499999046325684,2.166447401046753
2673,16.559999465942383,15.904767990112305
2674,11.180000305175781,10.786903381347656
2675,15.039999961853027,13.040816307067871
2676,27.209999084472656,26.999370574951172
2677,30.489999771118164,26.55535125732422
2678,5.650000095367432,4.190042495727539
2679,33.27000045776367,31.938777923583984
2680,18.559999465942383,18.136001586914062
2681,5.829999923706055,5.134077548980713
2682,50.18000030517578,47.90240478515625
2683,13.050000190734863,10.969223022460938
2684,67.66999816894531,63.359840393066406
2685,13.359999656677246,11.970306396484375
2686,5.099999904632568,3.4783496856689453
2687,5.059999942779541,3.322856903076172
2688,12.5,12.128275871276855
2689,23.709999084472656,23.855684280395508
2690,16.649999618530273,15.421575546264648
2691,32.95000076293945,32.71356964111328
2692,61.439998626708984,60.172569274902344
2693,20.93000030517578,19.624860763549805
2694,28.6200008392334,28.56833267211914
2695,30.510000228881836,32.2856330871582
2696,5.059999942779541,3.824347972869873
2697,12.100000381469727,11.019240379333496
2698,49.459999084472656,45.80447769165039
2699,12.710000038146973,12.343220710754395
2700,14.8100004196167,13.635261535644531
2701,25.06999969482422,22.980878829956055
2702,20.219999313354492,20.00676727294922
2703,46.56999969482422,42.417545318603516
2704,14.960000038146973,13.269312858581543
2705,68.5,68.05592346191406
2706,36.97999954223633,35.77351379394531
2707,48.7400016784668,48.24820327758789
2708,8.079999923706055,10.043120384216309
2709,41.689998626708984,39.176048278808594
2710,5.349999904632568,3.5721774101257324
2711,33.220001220703125,30.341665267944336
2712,36.25,34.7554931640625
2713,27.549999237060547,26.526371002197266
2714,7.019999980926514,5.652690410614014
2715,22.43000030517578,22.594097137451172
2716,28.209999084472656,27.360729217529297
2717,45.880001068115234,43.44009017944336
2718,30.31999969482422,28.635818481445312
2719,33.560001373291016,32.700477600097656
2720,12.109999656677246,11.563929557800293
2721,7.269999980926514,6.904957294464111
2722,10.130000114440918,10.522649765014648
2723,62.04999923706055,62.30426025390625
2724,41.34000015258789,39.20337677001953
2725,6.349999904632568,5.487174034118652
2726,9.529999732971191,8.527932167053223
2727,18.31999969482422,17.180831909179688
2728,73.55999755859375,73.10371398925781
2729,21.440000534057617,21.583160400390625
2730,15.789999961853027,14.952262878417969
2731,53.18000030517578,48.34013366699219
2732,18.420000076293945,18.821317672729492
2733,33.810001373291016,30.28781509399414
2734,59.959999084472656,60.78291702270508
2735,33.59000015258789,32.32096481323242
2736,4.559999942779541,2.58965802192688
2737,23.600000381469727,24.34979248046875
2738,14.989999771118164,13.452485084533691
2739,33.43000030517578,34.43274688720703
2740,5.150000095367432,3.9940850734710693
2741,45.61000061035156,43.613250732421875
2742,13.010000228881836,10.951318740844727
2743,24.350000381469727,21.969970703125
2744,45.45000076293945,37.22371292114258
2745,53.86000061035156,53.15001678466797
2746,32.34000015258789,32.73408508300781
2747,74.31999969482422,69.27225494384766
2748,67.5199966430664,68.30528259277344
2749,12.470000267028809,12.132721900939941
2750,22.1200008392334,21.716381072998047
2751,7.340000152587891,7.156691551208496
2752,19.420000076293945,18.252918243408203
2753,19.049999237060547,17.371623992919922
2754,18.360000610351562,16.78343391418457
2755,51.380001068115234,53.27253723144531
2756,11.260000228881836,11.385334968566895
2757,6.849999904632568,6.31130838394165
2758,32.540000915527344,30.72589683532715
2759,48.52000045776367,46.61991882324219
2760,10.460000038146973,9.918099403381348
2761,55.560001373291016,55.013763427734375
2762,24.90999984741211,25.05979347229004
2763,38.83000183105469,39.36191940307617
2764,32.869998931884766,32.098121643066406
2765,37.540000915527344,34.94919967651367
2766,26.6200008392334,25.559785842895508
2767,21.020000457763672,19.618677139282227
2768,26.229999542236328,25.080678939819336
2769,32.77000045776367,33.97962188720703
2770,16.530000686645508,14.583542823791504
2771,53.189998626708984,51.45076370239258
2772,10.65999984741211,8.932307243347168
2773,12.210000038146973,11.165609359741211
2774,48.15999984741211,46.10693359375
2775,15.140000343322754,14.871404647827148
2776,11.479999542236328,11.902060508728027
2777,21.110000610351562,19.064876556396484
2778,53.650001525878906,50.22989273071289
2779,45.75,41.41807174682617
2780,24.969999313354492,24.38420867919922
2781,29.81999969482422,29.97681427001953
2782,32.5099983215332,29.141345977783203
2783,44.029998779296875,43.3620491027832
2784,21.3700008392334,19.707656860351562
2785,9.420000076293945,9.329126358032227
2786,12.369999885559082,13.051703453063965
2787,24.81999969482422,23.715126037597656
2788,55.65999984741211,54.380516052246094
2789,53.2599983215332,54.768184661865234
2790,9.25,8.054229736328125
2791,33.38999938964844,31.892841339111328
2792,38.88999938964844,38.131534576416016
2793,19.15999984741211,17.935302734375
2794,15.579999923706055,13.686873435974121
2795,38.150001525878906,37.508216857910156
2796,29.110000610351562,26.045448303222656
2797,17.25,14.69620418548584
2798,16.260000228881836,15.35262680053711
2799,18.31999969482422,17.701274871826172
2800,18.6200008392334,18.30565643310547
2801,28.940000534057617,30.73758316040039
2802,44.09000015258789,46.17469787597656
2803,44.650001525878906,44.45292282104492
2804,24.1299991607666,21.62262535095215
2805,15.430000305175781,13.745877265930176
2806,29.600000381469727,29.36996841430664
2807,8.739999771118164,7.6580610275268555
2808,41.720001220703125,39.183616638183594
2809,4.579999923706055,2.665692090988159
2810,23.530000686645508,21.17779541015625
2811,36.4900016784668,35.22085952758789
2812,16.850000381469727,15.27082347869873
2813,38.09000015258789,36.43195724487305
2814,34.290000915527344,32.085201263427734
2815,38.119998931884766,36.08974075317383
2816,19.75,18.86426544189453
2817,39.52000045776367,38.51287078857422
2818,27.34000015258789,27.78103256225586
2819,18.510000228881836,17.472265243530273
2820,5.170000076293945,3.9595861434936523
2821,2.4600000381469727,1.9802778959274292
2822,13.609999656677246,13.169289588928223
2823,31.90999984741211,30.81048583984375
2824,6.690000057220459,6.09224271774292
2825,41.599998474121094,42.045719146728516
2826,52.099998474121094,51.12950134277344
2827,50.41999816894531,47.00818634033203
2828,17.200000762939453,17.302663803100586
2829,9.699999809265137,8.034941673278809
2830,47.2599983215332,49.11170959472656
2831,41.0,39.593505859375
2832,35.81999969482422,32.30091094970703
2833,43.099998474121094,39.780921936035156
2834,33.220001220703125,31.26152229309082
2835,6.130000114440918,5.267310619354248
2836,3.8399999141693115,2.9351468086242676
2837,12.329999923706055,12.56718921661377
2838,23.969999313354492,22.813199996948242
2839,12.609999656677246,12.039066314697266
2840,12.010000228881836,10.856436729431152
2841,48.630001068115234,48.3974609375
2842,27.459999084472656,27.29761505126953
2843,40.709999084472656,38.91374206542969
2844,31.639999389648438,29.319934844970703
2845,16.1200008392334,14.050286293029785
2846,53.099998474121094,48.171817779541016
2847,13.140000343322754,12.793862342834473
2848,27.43000030517578,28.8214054107666
2849,19.209999084472656,18.696609497070312
2850,33.15999984741211,32.11919403076172
2851,23.469999313354492,22.192794799804688
2852,24.399999618530273,22.98289680480957
2853,74.37999725341797,67.56633758544922
2854,32.16999816894531,32.60364532470703
2855,40.70000076293945,38.94568634033203
2856,42.970001220703125,42.974647521972656
2857,10.829999923706055,9.759864807128906
2858,28.6200008392334,26.10344696044922
2859,30.860000610351562,30.353515625
2860,8.3100004196167,6.835186958312988
2861,76.0999984741211,69.4583740234375
2862,18.010000228881836,17.25638198852539
2863,50.63999938964844,48.850341796875
2864,15.829999923706055,15.208839416503906
2865,22.8700008392334,23.13522720336914
2866,22.700000762939453,21.656749725341797
2867,13.539999961853027,12.913592338562012
2868,17.770000457763672,16.969131469726562
2869,31.709999084472656,31.577177047729492
2870,44.279998779296875,43.13184356689453
2871,24.190000534057617,23.426603317260742
2872,18.56999969482422,16.728408813476562
2873,17.5,14.909506797790527
2874,13.609999656677246,13.090027809143066
2875,40.279998779296875,37.900367736816406
2876,60.380001068115234,59.03733444213867
2877,61.11000061035156,58.32029342651367
2878,24.829999923706055,23.091711044311523
2879,8.760000228881836,8.195807456970215
2880,17.020000457763672,16.55956268310547
2881,5.340000152587891,4.2263336181640625
2882,49.029998779296875,46.02895736694336
2883,27.350000381469727,25.327232360839844
2884,18.010000228881836,16.852357864379883
2885,27.90999984741211,28.272178649902344
2886,58.150001525878906,60.248878479003906
2887,22.31999969482422,21.677724838256836
2888,9.020000457763672,8.29788589477539
2889,38.209999084472656,35.90230178833008
2890,12.9399995803833,12.49023723602295
2891,47.84000015258789,45.25568771362305
2892,16.979999542236328,16.38833999633789
2893,61.15999984741211,60.665771484375
2894,14.100000381469727,12.88029670715332
2895,4.110000133514404,2.7640905380249023
2896,16.56999969482422,14.718795776367188
2897,13.819999694824219,12.904391288757324
2898,56.400001525878906,55.45855712890625
2899,29.049999237060547,27.998390197753906
2900,15.039999961853027,14.359619140625
2901,28.8700008392334,29.111116409301758
2902,15.40999984741211,15.027527809143066
2903,8.920000076293945,7.961097240447998
2904,22.989999771118164,22.47562026977539
2905,43.41999816894531,41.8341064453125
2906,32.970001220703125,30.95591926574707
2907,53.90999984741211,50.683406829833984
2908,69.4000015258789,64.70169830322266
2909,25.260000228881836,24.987693786621094
2910,36.650001525878906,29.133390426635742
2911,62.369998931884766,61.74846649169922
2912,23.899999618530273,24.65960121154785
2913,10.6899995803833,10.279123306274414
2914,27.059999465942383,26.142223358154297
2915,37.7400016784668,36.369998931884766
2916,12.270000457763672,12.239429473876953
2917,8.4399995803833,6.306174278259277
2918,10.0600004196167,9.194202423095703
2919,25.6299991607666,23.756107330322266
2920,24.969999313354492,21.876203536987305
2921,30.3799991607666,29.715129852294922
2922,17.56999969482422,16.15620994567871
2923,48.34000015258789,47.13935089111328
2924,37.4900016784668,41.90373992919922
2925,24.760000228881836,25.013463973999023
2926,11.609999656677246,12.145230293273926
2927,39.95000076293945,37.7960319519043
2928,40.7400016784668,34.17390441894531
2929,47.93000030517578,45.28676986694336
2930,14.140000343322754,13.240788459777832
2931,23.459999084472656,22.99479103088379
2932,15.25,15.112801551818848
2933,27.34000015258789,25.8150577545166
2934,16.34000015258789,15.305826187133789
2935,13.760000228881836,13.219439506530762
2936,63.18000030517578,60.06015396118164
2937,61.91999816894531,63.847938537597656
2938,12.930000305175781,11.236246109008789
2939,32.72999954223633,32.4661865234375
2940,27.709999084472656,25.207542419433594
2941,43.310001373291016,43.47731018066406
2942,15.829999923706055,14.97089672088623
2943,18.34000015258789,16.78752899169922
2944,22.09000015258789,20.067312240600586
2945,9.8100004196167,8.334568977355957
2946,9.479999542236328,8.750746726989746
2947,53.88999938964844,50.58531188964844
2948,22.68000030517578,20.652677536010742
2949,23.530000686645508,22.24921226501465
2950,5.869999885559082,5.519372940063477
2951,20.229999542236328,17.989681243896484
2952,54.599998474121094,51.8543701171875
2953,2.380000114440918,2.2611966133117676
2954,23.440000534057617,22.226242065429688
2955,11.880000114440918,11.841902732849121
2956,13.1899995803833,12.397393226623535
2957,13.529999732971191,21.4520206451416
2958,30.530000686645508,31.104442596435547
2959,34.58000183105469,34.74980926513672
2960,36.79999923706055,36.31459426879883
2961,61.880001068115234,53.38904571533203
2962,26.299999237060547,24.816560745239258
2963,47.20000076293945,44.790985107421875
2964,46.099998474121094,48.507850646972656
2965,6.46999979019165,5.262898921966553
2966,27.079999923706055,25.323528289794922
2967,24.600000381469727,24.91270637512207
2968,22.979999542236328,20.9300537109375
2969,18.489999771118164,18.011356353759766
2970,14.0,13.096899032592773
2971,65.6500015258789,63.775455474853516
2972,4.269999980926514,2.327028512954712
2973,9.039999961853027,7.985772609710693
2974,14.109999656677246,12.912446975708008
2975,50.81999969482422,48.7097053527832
2976,13.90999984741211,13.597502708435059
2977,41.08000183105469,40.969905853271484
2978,29.90999984741211,26.00312042236328
2979,26.350000381469727,25.9166202545166
2980,11.270000457763672,10.488330841064453
2981,28.989999771118164,27.745758056640625
2982,29.950000762939453,26.21018409729004
2983,11.420000076293945,10.67491626739502
2984,44.310001373291016,46.061973571777344
2985,2.8499999046325684,1.7438390254974365
2986,8.470000267028809,8.045331954956055
2987,36.27000045776367,36.306209564208984
2988,4.260000228881836,3.4819869995117188
2989,43.130001068115234,42.211944580078125
2990,15.880000114440918,15.208709716796875
2991,15.0600004196167,15.326290130615234
2992,44.54999923706055,43.74016189575195
2993,24.799999237060547,21.29029083251953
2994,36.630001068115234,36.372432708740234
2995,18.489999771118164,18.89324378967285
2996,19.299999237060547,16.578258514404297
2997,46.63999938964844,42.68471908569336
2998,46.779998779296875,46.3536262512207
2999,19.25,17.80156898498535
3000,32.400001525878906,31.101533889770508
3001,58.29999923706055,52.26919937133789
3002,47.709999084472656,46.92479705810547
3003,13.369999885559082,12.192988395690918
3004,21.799999237060547,21.018390655517578
3005,48.0,46.654964447021484
3006,45.75,43.90037155151367
3007,30.549999237060547,25.573673248291016
3008,8.020000457763672,7.618778705596924
3009,18.290000915527344,16.325407028198242
3010,21.469999313354492,21.45505714416504
3011,64.91000366210938,64.80770111083984
3012,24.139999389648438,23.006954193115234
3013,44.77000045776367,42.493553161621094
3014,24.889999389648438,22.874454498291016
3015,35.5099983215332,33.88812255859375
3016,52.0099983215332,49.41261291503906
3017,13.319999694824219,12.469414710998535
3018,10.829999923706055,10.384060859680176
3019,46.84000015258789,42.050750732421875
3020,21.06999969482422,18.777706146240234
3021,21.219999313354492,21.133892059326172
3022,43.029998779296875,42.99641036987305
3023,5.690000057220459,6.5750837326049805
3024,21.020000457763672,20.278560638427734
3025,20.239999771118164,18.84783172607422
3026,66.76000213623047,65.4620132446289
3027,23.709999084472656,23.66621208190918
3028,4.400000095367432,3.3666088581085205
3029,28.65999984741211,27.53877067565918
3030,16.59000015258789,15.002333641052246
3031,15.880000114440918,14.144099235534668
3032,61.75,55.684791564941406
3033,37.130001068115234,37.41864013671875
3034,10.369999885559082,11.043130874633789
3035,11.970000267028809,11.167314529418945
3036,28.639999389648438,27.256778717041016
3037,11.130000114440918,9.974963188171387
3038,43.189998626708984,40.94090270996094
3039,16.950000762939453,16.366291046142578
3040,46.79999923706055,44.95039367675781
3041,42.18000030517578,41.09928894042969
3042,19.079999923706055,18.079002380371094
3043,13.510000228881836,12.314753532409668
3044,28.190000534057617,28.05917739868164
3045,23.229999542236328,24.816879272460938
3046,50.290000915527344,46.2050666809082
3047,5.659999847412109,4.341807842254639
3048,30.200000762939453,28.331356048583984
3049,24.65999984741211,23.43463134765625
3050,43.61000061035156,43.06584930419922
3051,28.079999923706055,27.416345596313477
3052,17.209999084472656,16.783306121826172
3053,48.619998931884766,47.48524475097656
3054,17.649999618530273,16.668954849243164
3055,21.270000457763672,20.59530258178711
3056,60.0,57.84117126464844
3057,20.920000076293945,20.306686401367188
3058,34.27000045776367,32.262569427490234
3059,6.599999904632568,5.566586971282959
3060,33.970001220703125,32.450443267822266
3061,15.109999656677246,13.254937171936035
3062,35.36000061035156,35.36333465576172
3063,29.65999984741211,30.275218963623047
3064,32.630001068115234,30.45528221130371
3065,67.81999969482422,66.88967895507812
3066,60.72999954223633,62.729713439941406
3067,17.280000686645508,16.076923370361328
3068,9.149999618530273,8.24193286895752
3069,21.100000381469727,19.86224937438965
3070,23.670000076293945,24.501846313476562
3071,28.010000228881836,29.145828247070312
3072,27.690000534057617,26.621442794799805
3073,39.939998626708984,36.07817840576172
3074,30.8700008392334,28.069000244140625
3075,36.68000030517578,35.39360809326172
3076,14.050000190734863,12.44231128692627
3077,16.889999389648438,20.90062141418457
3078,27.030000686645508,24.99617576599121
3079,12.770000457763672,12.620081901550293
3080,30.3799991607666,31.747167587280273
3081,71.30000305175781,68.0636978149414
3082,52.56999969482422,50.7994499206543
3083,39.599998474121094,38.617183685302734
3084,8.619999885559082,8.24496078491211
3085,31.549999237060547,31.51898193359375
3086,9.600000381469727,8.84632682800293
3087,7.019999980926514,6.080026149749756
3088,29.030000686645508,29.811189651489258
3089,26.959999084472656,27.634119033813477
3090,17.739999771118164,16.91304588317871
3091,17.020000457763672,14.684765815734863
3092,15.649999618530273,6.150897026062012
3093,26.489999771118164,22.968271255493164
3094,14.390000343322754,13.880311965942383
3095,33.66999816894531,32.094200134277344
3096,42.66999816894531,39.56926345825195
3097,4.510000228881836,4.216031551361084
3098,32.849998474121094,31.90904998779297
3099,33.7400016784668,30.350893020629883
3100,28.59000015258789,29.444108963012695
3101,16.440000534057617,16.474565505981445
3102,26.59000015258789,26.363574981689453
3103,16.5,15.703764915466309
3104,22.860000610351562,21.573453903198242
3105,6.940000057220459,6.486767768859863
3106,42.5,39.63111877441406
3107,32.900001525878906,33.46436309814453
3108,20.530000686645508,18.469297409057617
3109,8.0600004196167,4.603315830230713
3110,14.229999542236328,13.472725868225098
3111,16.670000076293945,16.417699813842773
3112,17.979999542236328,18.59518051147461
3113,6.449999809265137,5.213464736938477
3114,23.309999465942383,24.056846618652344
3115,13.9399995803833,12.105456352233887
3116,16.6200008392334,16.651735305786133
3117,15.460000038146973,14.072962760925293
3118,44.689998626708984,42.005409240722656
3119,27.8799991607666,24.508684158325195
3120,15.420000076293945,15.143315315246582
3121,29.540000915527344,27.922048568725586
3122,26.260000228881836,27.492279052734375
3123,34.029998779296875,31.89171600341797
3124,22.530000686645508,21.553890228271484
3125,9.300000190734863,8.495031356811523
3126,54.529998779296875,54.81644821166992
3127,19.25,19.243206024169922
3128,28.860000610351562,29.113616943359375
3129,67.16999816894531,67.05651092529297
3130,43.61000061035156,41.1433219909668
3131,62.22999954223633,61.24618148803711
3132,12.539999961853027,11.560404777526855
3133,22.209999084472656,20.690593719482422
3134,19.799999237060547,18.015274047851562
3135,12.550000190734863,11.286136627197266
3136,17.540000915527344,15.976338386535645
3137,56.33000183105469,57.15068435668945
3138,48.38999938964844,48.495487213134766
3139,19.559999465942383,20.362245559692383
3140,39.540000915527344,37.88181686401367
3141,20.350000381469727,20.13623046875
3142,20.360000610351562,19.39815902709961
3143,40.52000045776367,39.829612731933594
3144,3.7699999809265137,3.10677170753479
3145,7.510000228881836,5.046045780181885
3146,5.599999904632568,4.648542404174805
3147,22.829999923706055,20.794376373291016
3148,19.15999984741211,18.522960662841797
3149,35.060001373291016,33.404197692871094
3150,40.52000045776367,36.910926818847656
3151,21.940000534057617,19.574357986450195
3152,3.1500000953674316,2.87072491645813
3153,17.760000228881836,17.169498443603516
3154,40.400001525878906,39.691650390625
3155,22.860000610351562,21.4475154876709
3156,22.420000076293945,20.776119232177734
3157,7.739999771118164,7.197108268737793
3158,12.5,10.83169174194336
3159,30.1200008392334,29.45684242248535
3160,28.229999542236328,25.627593994140625
3161,38.380001068115234,37.38124465942383
3162,32.13999938964844,32.4233512878418
3163,43.810001373291016,39.74797439575195
3164,38.20000076293945,39.65489959716797
3165,18.440000534057617,17.402179718017578
3166,4.679999828338623,3.349508047103882
3167,6.960000038146973,5.853471279144287
3168,12.680000305175781,12.158055305480957
3169,19.84000015258789,18.89904022216797
3170,57.61000061035156,55.69560623168945
3171,25.56999969482422,24.837778091430664
3172,24.8700008392334,24.188961029052734
3173,11.229999542236328,10.90248966217041
3174,60.66999816894531,63.03382873535156
3175,19.459999084472656,18.389036178588867
3176,42.029998779296875,41.20861053466797
3177,31.799999237060547,29.531591415405273
3178,43.52000045776367,41.39793014526367
3179,26.139999389648438,24.75657081604004
3180,10.039999961853027,9.265671730041504
3181,3.359999895095825,2.1005985736846924
3182,18.850000381469727,18.443099975585938
3183,17.440000534057617,16.985912322998047
3184,2.990000009536743,1.9183104038238525
3185,44.41999816894531,45.99983215332031
3186,19.479999542236328,18.577861785888672
3187,18.170000076293945,19.40940284729004
3188,12.390000343322754,11.786587715148926
3189,14.010000228881836,12.897605895996094
3190,24.43000030517578,23.49947738647461
3191,7.409999847412109,7.561094284057617
3192,4.619999885559082,4.714931011199951
3193,18.309999465942383,17.51485252380371
3194,71.94000244140625,63.76396942138672
3195,7.480000019073486,6.409254550933838
3196,28.540000915527344,26.44942283630371
3197,22.049999237060547,18.943857192993164
3198,3.3299999237060547,2.4113101959228516
3199,23.139999389648438,21.405839920043945
3200,11.3100004196167,11.168647766113281
3201,6.489999771118164,5.587681293487549
3202,61.09000015258789,55.24180603027344
3203,63.93000030517578,63.674400329589844
3204,46.43000030517578,46.64118576049805
3205,41.400001525878906,38.00222396850586
3206,32.709999084472656,31.690950393676758
3207,12.609999656677246,10.495458602905273
3208,18.459999084472656,16.341201782226562
3209,31.6200008392334,28.969928741455078
3210,20.959999084472656,19.72504234313965
3211,42.189998626708984,40.13739013671875
3212,14.699999809265137,13.269330978393555
3213,16.65999984741211,15.904051780700684
3214,36.369998931884766,37.200225830078125
3215,34.16999816894531,35.44132995605469
3216,28.329999923706055,26.11025619506836
3217,22.559999465942383,21.935625076293945
3218,9.180000305175781,9.021240234375
3219,47.970001220703125,45.163185119628906
3220,21.059999465942383,20.113338470458984
3221,45.54999923706055,44.18213653564453
3222,39.09000015258789,36.94202423095703
3223,31.559999465942383,29.783143997192383
3224,20.260000228881836,19.196430206298828
3225,1.0299999713897705,3.286475896835327
3226,19.290000915527344,17.79389762878418
3227,26.190000534057617,26.290542602539062
3228,23.299999237060547,26.097503662109375
3229,8.569999694824219,7.348388671875
3230,39.40999984741211,37.493324279785156
3231,23.920000076293945,20.502805709838867
3232,40.5,37.40868377685547
3233,19.34000015258789,17.485185623168945
3234,35.36000061035156,34.720645904541016
3235,21.030000686645508,19.689592361450195
3236,17.719999313354492,17.155319213867188
3237,26.959999084472656,26.066619873046875
3238,24.649999618530273,22.956932067871094
3239,19.579999923706055,19.690505981445312
3240,25.739999771118164,23.781665802001953
3241,34.779998779296875,33.66841506958008
3242,33.90999984741211,33.226654052734375
3243,45.529998779296875,42.490257263183594
3244,7.139999866485596,5.061905384063721
3245,26.940000534057617,24.907468795776367
3246,70.30000305175781,64.99591064453125
3247,7.849999904632568,7.433374881744385
3248,30.190000534057617,25.73078155517578
3249,16.559999465942383,15.360957145690918
3250,69.29000091552734,72.55545806884766
3251,23.700000762939453,22.22771644592285
3252,44.529998779296875,41.22997283935547
3253,43.97999954223633,43.91877746582031
3254,41.380001068115234,39.86396026611328
3255,26.489999771118164,25.020248413085938
3256,17.969999313354492,18.186986923217773
3257,40.61000061035156,38.23786926269531
3258,11.260000228881836,10.522201538085938
3259,21.239999771118164,20.449861526489258
3260,16.149999618530273,15.828970909118652
3261,17.530000686645508,16.60257911682129
3262,19.459999084472656,18.87497901916504
3263,27.479999542236328,27.496074676513672
3264,13.739999771118164,12.074642181396484
3265,39.310001373291016,40.866432189941406
3266,2.609999895095825,2.51644229888916
3267,45.40999984741211,48.6563835144043
3268,31.459999084472656,30.725421905517578
3269,35.7400016784668,35.48570251464844
3270,49.560001373291016,49.089576721191406
3271,33.959999084472656,35.869911193847656
3272,66.5199966430664,63.90056228637695
3273,32.310001373291016,31.283559799194336
3274,40.439998626708984,37.6862678527832
3275,18.420000076293945,15.905665397644043
3276,28.270000457763672,29.09559440612793
3277,34.040000915527344,30.495849609375
3278,24.81999969482422,23.451541900634766
3279,58.63999938964844,52.08897399902344
3280,24.100000381469727,23.699180603027344
3281,42.459999084472656,41.575347900390625
3282,71.27999877929688,66.62959289550781
3283,7.539999961853027,6.694887161254883
3284,14.180000305175781,13.60637092590332
3285,73.19000244140625,68.21505737304688
3286,6.03000020980835,5.3602776527404785
3287,51.790000915527344,51.047752380371094
3288,53.630001068115234,54.40038299560547
3289,16.469999313354492,14.124670028686523
3290,45.79999923706055,45.4845085144043
3291,22.079999923706055,21.428266525268555
3292,55.560001373291016,55.127010345458984
3293,30.799999237060547,31.693729400634766
3294,25.43000030517578,25.339136123657227
3295,40.11000061035156,36.90833282470703
3296,7.099999904632568,6.76175594329834
3297,50.59000015258789,49.306026458740234
3298,15.399999618530273,14.88106632232666
3299,68.5199966430664,68.95916748046875
3300,16.079999923706055,14.388116836547852
3301,46.349998474121094,45.93474197387695
3302,22.729999542236328,22.713302612304688
3303,11.90999984741211,12.779620170593262
3304,2.7699999809265137,2.490595817565918
3305,38.43000030517578,35.66274642944336
3306,35.70000076293945,37.33918380737305
3307,10.260000228881836,9.446073532104492
3308,28.34000015258789,27.04709815979004
3309,40.16999816894531,37.85839080810547
3310,4.679999828338623,3.658730983734131
3311,39.90999984741211,38.36625671386719
3312,46.72999954223633,45.24259567260742
3313,47.849998474121094,42.96281051635742
3314,19.899999618530273,20.04694938659668
3315,46.41999816894531,45.837989807128906
3316,53.16999816894531,54.08900451660156
3317,19.06999969482422,18.28584861755371
3318,48.31999969482422,47.69344711303711
3319,6.739999771118164,5.7580885887146
3320,11.180000305175781,9.98049545288086
3321,20.1200008392334,19.17719841003418
3322,23.290000915527344,22.834558486938477
3323,11.260000228881836,11.011774063110352
3324,22.350000381469727,22.82398223876953
3325,15.359999656677246,13.54011344909668
3326,32.7599983215332,31.409543991088867
3327,26.6200008392334,27.933141708374023
3328,24.969999313354492,22.38211441040039
3329,17.489999771118164,15.650358200073242
3330,42.04999923706055,41.426795959472656
3331,26.110000610351562,25.473968505859375
3332,34.849998474121094,33.781394958496094
3333,13.100000381469727,12.817888259887695
3334,75.29000091552734,69.98104858398438
3335,70.36000061035156,71.39627838134766
3336,28.84000015258789,29.087364196777344
3337,9.699999809265137,9.002986907958984
3338,13.710000038146973,12.116358757019043
3339,5.090000152587891,2.5405566692352295
3340,15.069999694824219,13.317477226257324
3341,7.860000133514404,7.508909702301025
3342,27.530000686645508,24.708253860473633
3343,69.73999786376953,69.33724975585938
3344,33.22999954223633,33.0830192565918
3345,37.599998474121094,39.932403564453125
3346,25.719999313354492,23.77109146118164
3347,17.8700008392334,21.301273345947266
3348,57.09000015258789,56.07917404174805
3349,22.68000030517578,21.188446044921875
3350,16.200000762939453,15.27307415008545
3351,26.420000076293945,29.129051208496094
3352,12.15999984741211,11.7428617477417
3353,18.489999771118164,17.183448791503906
3354,22.649999618530273,21.465961456298828
3355,22.510000228881836,20.119976043701172
3356,63.7599983215332,61.89191818237305
3357,6.96999979019165,8.100203514099121
3358,48.72999954223633,43.2529411315918
3359,30.93000030517578,30.59858512878418
3360,10.15999984741211,9.718090057373047
3361,8.649999618530273,8.685516357421875
3362,7.230000019073486,5.934736728668213
3363,33.70000076293945,32.84683609008789
3364,15.670000076293945,15.16724967956543
3365,26.850000381469727,27.043643951416016
3366,20.65999984741211,18.112163543701172
3367,11.170000076293945,9.920798301696777
3368,24.829999923706055,24.00342559814453
3369,24.020000457763672,23.307111740112305
3370,8.609999656677246,7.577536106109619
3371,7.809999942779541,7.79458475112915
3372,57.83000183105469,55.033145904541016
3373,51.380001068115234,47.633663177490234
3374,32.45000076293945,32.17732620239258
3375,11.920000076293945,11.34842586517334
3376,54.04999923706055,52.51576232910156
3377,10.020000457763672,8.693291664123535
3378,50.529998779296875,49.476348876953125
3379,19.15999984741211,18.289106369018555
3380,24.18000030517578,22.40903091430664
3381,12.850000381469727,12.426384925842285
3382,30.40999984741211,32.53654098510742
3383,47.22999954223633,44.49557113647461
3384,3.7200000286102295,3.691208600997925
3385,44.13999938964844,45.81901550292969
3386,38.310001373291016,37.58420944213867
3387,9.210000038146973,8.635226249694824
3388,34.36000061035156,34.904659271240234
3389,34.36000061035156,32.32120895385742
3390,50.630001068115234,47.91122055053711
3391,51.4900016784668,49.052215576171875
3392,38.599998474121094,37.162715911865234
3393,5.019999980926514,4.198509216308594
3394,6.869999885559082,5.851765155792236
3395,40.58000183105469,39.504486083984375
3396,18.299999237060547,16.407447814941406
3397,26.559999465942383,36.30061340332031
3398,36.04999923706055,35.219966888427734
3399,54.16999816894531,50.596038818359375
3400,6.230000019073486,4.989816665649414
3401,20.149999618530273,18.046213150024414
3402,22.799999237060547,21.437673568725586
3403,43.84000015258789,39.4305419921875
3404,51.54999923706055,48.92128372192383
3405,24.450000762939453,23.865280151367188
3406,68.44000244140625,69.04545593261719
3407,6.230000019073486,5.550832271575928
3408,32.9900016784668,33.190460205078125
3409,23.989999771118164,23.629087448120117
3410,8.5,7.009706974029541
3411,45.369998931884766,45.549964904785156
3412,31.610000610351562,31.190141677856445
3413,16.479999542236328,17.673437118530273
3414,7.059999942779541,7.372282981872559
3415,34.619998931884766,32.96820831298828
3416,32.34000015258789,30.810091018676758
3417,20.299999237060547,17.34183692932129
3418,41.02000045776367,37.705692291259766
3419,32.939998626708984,30.44097900390625
3420,39.349998474121094,36.8159294128418
3421,36.5099983215332,35.179649353027344
3422,31.139999389648438,26.251197814941406
3423,7.730000019073486,6.914801597595215
3424,39.40999984741211,38.425777435302734
3425,27.639999389648438,24.041601181030273
3426,22.709999084472656,21.369110107421875
3427,15.65999984741211,15.492913246154785
3428,37.91999816894531,37.39671325683594
3429,23.760000228881836,20.897153854370117
3430,14.979999542236328,14.164572715759277
3431,23.0,21.961986541748047
3432,10.90999984741211,12.261306762695312
3433,24.6299991607666,23.87626075744629
3434,8.569999694824219,7.811418056488037
3435,46.4900016784668,46.71183776855469
3436,30.770000457763672,29.419227600097656
3437,17.459999084472656,15.645356178283691
3438,7.960000038146973,7.820382595062256
3439,22.5,18.65081024169922
3440,20.700000762939453,19.083534240722656
3441,12.65999984741211,11.429679870605469
3442,66.08000183105469,65.47688293457031
3443,10.119999885559082,10.02499771118164
3444,23.969999313354492,23.59290885925293
3445,47.13999938964844,46.485809326171875
3446,24.049999237060547,21.93567657470703
3447,15.380000114440918,13.986909866333008
3448,50.619998931884766,50.42535400390625
3449,28.25,28.66781234741211
3450,14.390000343322754,12.54997730255127
3451,34.970001220703125,35.41459655761719
3452,62.08000183105469,59.39669418334961
3453,22.56999969482422,22.290119171142578
3454,9.5600004196167,7.906256198883057
3455,32.2400016784668,30.156497955322266
3456,18.040000915527344,16.96959686279297
3457,25.8700008392334,25.055143356323242
3458,28.229999542236328,27.6059513092041
3459,37.029998779296875,36.77499771118164
3460,10.100000381469727,9.267248153686523
3461,25.969999313354492,25.32053565979004
3462,33.5,37.007347106933594
3463,15.0,14.057353019714355
3464,14.100000381469727,13.494426727294922
3465,22.860000610351562,23.783119201660156
3466,40.34000015258789,42.036136627197266
3467,9.90999984741211,6.8507795333862305
3468,24.979999542236328,24.18553924560547
3469,30.469999313354492,31.26355743408203
3470,34.189998626708984,32.49899673461914
3471,34.84000015258789,35.635643005371094
3472,71.29000091552734,70.6426010131836
3473,10.729999542236328,10.781457901000977
3474,15.770000457763672,13.287795066833496
3475,17.729999542236328,16.420040130615234
3476,30.600000381469727,29.565391540527344
3477,36.84000015258789,36.4051399230957
3478,12.420000076293945,11.877113342285156
3479,7.010000228881836,6.309904098510742
3480,21.6200008392334,21.761219024658203
3481,15.739999771118164,14.985980033874512
3482,37.88999938964844,36.362030029296875
3483,14.220000267028809,13.760292053222656
3484,39.040000915527344,40.89659118652344
3485,66.4800033569336,61.885475158691406
3486,21.3799991607666,19.73307228088379
3487,20.760000228881836,19.705541610717773
3488,39.56999969482422,36.56230545043945
3489,21.56999969482422,20.27156639099121
3490,4.300000190734863,3.1527225971221924
3491,50.36000061035156,49.245140075683594
3492,15.170000076293945,14.226805686950684
3493,10.470000267028809,8.873974800109863
3494,32.290000915527344,30.74641227722168
3495,22.309999465942383,22.1953125
3496,32.27000045776367,29.904027938842773
3497,35.7599983215332,34.37568283081055
3498,24.950000762939453,23.155515670776367
3499,28.010000228881836,26.35215950012207
3500,11.15999984741211,10.11954402923584
3501,13.65999984741211,12.750433921813965
3502,5.050000190734863,5.212199687957764
3503,19.010000228881836,18.985960006713867
3504,8.0,8.326981544494629
3505,5.230000019073486,4.167679786682129
3506,24.030000686645508,24.657129287719727
3507,6.599999904632568,5.566396713256836
3508,18.18000030517578,17.113506317138672
3509,23.34000015258789,21.51154136657715
3510,33.31999969482422,33.146968841552734
3511,21.079999923706055,19.39017105102539
3512,7.71999979019165,7.181647300720215
3513,25.139999389648438,25.194801330566406
3514,8.880000114440918,8.028909683227539
3515,27.15999984741211,28.746858596801758
3516,6.210000038146973,6.652003765106201
3517,28.010000228881836,39.409706115722656
3518,32.11000061035156,31.729581832885742
3519,39.0,36.070281982421875
3520,23.75,21.82609748840332
3521,21.110000610351562,21.787487030029297
3522,38.08000183105469,37.4422607421875
3523,29.829999923706055,29.982810974121094
3524,57.400001525878906,54.99736022949219
3525,33.20000076293945,31.87197494506836
3526,37.84000015258789,37.523643493652344
3527,26.290000915527344,26.07326889038086
3528,30.790000915527344,29.34233856201172
3529,40.54999923706055,41.734413146972656
3530,17.579999923706055,17.650358200073242
3531,9.960000038146973,10.402177810668945
3532,13.0600004196167,11.189445495605469
3533,41.470001220703125,40.01399612426758
3534,4.510000228881836,2.8248672485351562
3535,46.66999816894531,46.52597427368164
3536,52.689998626708984,50.476966857910156
3537,13.729999542236328,11.857345581054688
3538,16.489999771118164,14.326366424560547
3539,18.030000686645508,17.096336364746094
3540,31.600000381469727,29.076335906982422
3541,24.329999923706055,22.859102249145508
3542,10.09000015258789,9.486072540283203
3543,39.66999816894531,41.320316314697266
3544,3.0399999618530273,1.4387894868850708
3545,2.1500000953674316,1.2420707941055298
3546,20.190000534057617,20.32819938659668
3547,9.90999984741211,9.565994262695312
3548,39.86000061035156,39.580116271972656
3549,6.800000190734863,6.028575420379639
3550,21.229999542236328,20.97633171081543
3551,39.849998474121094,37.93963623046875
3552,29.34000015258789,28.36246109008789
3553,29.8799991607666,27.369447708129883
3554,38.09000015258789,38.977088928222656
3555,32.90999984741211,32.01706314086914
3556,13.890000343322754,13.178939819335938
3557,36.97999954223633,38.80436706542969
3558,29.68000030517578,28.549150466918945
3559,77.7699966430664,68.32796478271484
3560,25.729999542236328,25.636615753173828
3561,22.809999465942383,20.87423324584961
3562,16.459999084472656,15.191285133361816
3563,34.16999816894531,31.613956451416016
3564,48.61000061035156,47.367820739746094
3565,37.75,36.433319091796875
3566,37.2599983215332,35.804927825927734
3567,49.11000061035156,44.86541748046875
3568,28.790000915527344,35.740177154541016
3569,8.819999694824219,7.651434898376465
3570,52.040000915527344,47.47277069091797
3571,5.300000190734863,5.073550701141357
3572,24.979999542236328,24.507896423339844
3573,36.290000915527344,33.33014678955078
3574,29.940000534057617,29.235977172851562
3575,51.619998931884766,53.214134216308594
3576,44.709999084472656,40.73053741455078
3577,22.360000610351562,20.365644454956055
3578,24.690000534057617,23.358028411865234
3579,21.809999465942383,22.585147857666016
3580,18.770000457763672,19.050485610961914
3581,3.690000057220459,2.619386911392212
3582,43.58000183105469,40.88901138305664
3583,60.59000015258789,58.016563415527344
3584,40.349998474121094,38.12662124633789
3585,34.84000015258789,34.58702850341797
3586,58.439998626708984,59.96070098876953
3587,39.459999084472656,42.00692367553711
3588,4.010000228881836,2.9820191860198975
3589,48.88999938964844,47.49705123901367
3590,56.59000015258789,49.83345031738281
3591,37.810001373291016,37.07912826538086
3592,30.040000915527344,30.04661750793457
3593,47.939998626708984,61.669044494628906
3594,60.119998931884766,58.27482986450195
3595,41.720001220703125,40.11238098144531
3596,61.2599983215332,59.45442199707031
3597,13.399999618530273,12.310098648071289
3598,19.75,17.95149040222168
3599,11.899999618530273,11.20755672454834
3600,30.56999969482422,33.34227752685547
3601,19.1200008392334,18.148624420166016
3602,11.5600004196167,10.991433143615723
3603,9.640000343322754,7.938546657562256
3604,5.389999866485596,4.218047618865967
3605,44.27000045776367,43.75238037109375
3606,6.329999923706055,4.798328399658203
3607,12.979999542236328,11.941601753234863
3608,63.13999938964844,58.909751892089844
3609,47.77000045776367,47.6195068359375
3610,8.130000114440918,8.200431823730469
3611,38.02000045776367,37.86820983886719
3612,28.059999465942383,27.569805145263672
3613,31.25,31.917617797851562
3614,18.690000534057617,17.58018684387207
3615,32.380001068115234,31.82764434814453
3616,2.299999952316284,2.422469139099121
3617,58.029998779296875,56.652099609375
3618,31.610000610351562,28.45762825012207
3619,29.170000076293945,27.01713752746582
3620,21.280000686645508,20.44143295288086
3621,20.760000228881836,19.46455955505371
3622,20.18000030517578,19.41261863708496
3623,24.889999389648438,25.72663116455078
3624,39.56999969482422,37.90284729003906
3625,8.569999694824219,8.056653022766113
3626,56.959999084472656,57.49404525756836
3627,32.470001220703125,31.385814666748047
3628,15.569999694824219,13.659584045410156
3629,8.4399995803833,7.007734298706055
3630,33.4900016784668,32.98453903198242
3631,11.920000076293945,11.140899658203125
3632,9.8100004196167,7.6963276863098145
3633,19.90999984741211,19.218114852905273
3634,9.510000228881836,8.729068756103516
3635,19.639999389648438,20.546527862548828
3636,25.309999465942383,23.636924743652344
3637,35.70000076293945,36.71305847167969
3638,4.360000133514404,2.939786911010742
3639,50.650001525878906,50.230735778808594
3640,22.809999465942383,21.826061248779297
3641,21.190000534057617,21.00870704650879
3642,31.829999923706055,33.91358184814453
3643,11.1899995803833,10.852445602416992
3644,8.170000076293945,8.669631958007812
3645,9.399999618530273,9.021677017211914
3646,53.630001068115234,53.532833099365234
3647,2.759999990463257,1.7164846658706665
3648,14.890000343322754,13.95471477508545
3649,53.93000030517578,53.701812744140625
3650,23.719999313354492,21.887710571289062
3651,30.860000610351562,28.50613784790039
3652,18.829999923706055,18.1175594329834
3653,41.38999938964844,41.18537902832031
3654,32.08000183105469,31.449920654296875
3655,41.869998931884766,40.706695556640625
3656,6.329999923706055,5.99666690826416
3657,42.380001068115234,42.18083953857422
3658,48.41999816894531,50.49876403808594
3659,11.779999732971191,11.171402931213379
3660,9.180000305175781,9.05273723602295
3661,43.849998474121094,41.94511413574219
3662,14.369999885559082,13.658660888671875
3663,15.210000038146973,15.129022598266602
3664,8.369999885559082,7.55529260635376
3665,5.699999809265137,5.248666763305664
3666,60.130001068115234,58.092552185058594
3667,12.619999885559082,10.74751091003418
3668,24.5,23.644180297851562
3669,22.1299991607666,20.704883575439453
3670,8.890000343322754,8.488109588623047
3671,7.840000152587891,6.811976432800293
3672,34.380001068115234,31.7106990814209
3673,13.489999771118164,12.789600372314453
3674,22.690000534057617,22.223880767822266
3675,12.149999618530273,9.926027297973633
3676,14.119999885559082,11.947806358337402
3677,27.829999923706055,24.890342712402344
3678,42.720001220703125,43.693546295166016
3679,27.56999969482422,25.515396118164062
3680,2.2699999809265137,1.9785606861114502
3681,21.90999984741211,21.276885986328125
3682,25.15999984741211,25.329912185668945
3683,50.459999084472656,51.36785125732422
3684,50.58000183105469,50.846473693847656
3685,25.469999313354492,23.59566307067871
3686,24.1200008392334,23.706388473510742
3687,8.210000038146973,7.272654056549072
3688,20.81999969482422,19.390581130981445
3689,37.52000045776367,35.8518180847168
3690,31.920000076293945,31.219247817993164
3691,32.83000183105469,32.870182037353516
3692,26.829999923706055,24.855316162109375
3693,46.04999923706055,43.47020721435547
3694,40.029998779296875,45.94310760498047
3695,44.83000183105469,46.16060256958008
3696,34.95000076293945,34.66545867919922
3697,37.790000915527344,36.58638000488281
3698,19.739999771118164,19.099557876586914
3699,54.66999816894531,52.766624450683594
3700,53.36000061035156,54.09020233154297
3701,39.72999954223633,38.725379943847656
3702,55.83000183105469,54.936309814453125
3703,45.470001220703125,43.420875549316406
3704,7.579999923706055,7.437775611877441
3705,21.84000015258789,20.594356536865234
3706,25.389999389648438,26.963985443115234
3707,26.690000534057617,28.102359771728516
3708,7.03000020980835,6.662067890167236
3709,13.229999542236328,12.197031021118164
3710,17.989999771118164,15.631958961486816
3711,37.75,36.76089096069336
3712,28.350000381469727,28.15042495727539
3713,32.95000076293945,32.08799362182617
3714,45.2400016784668,44.13435363769531
3715,38.2400016784668,35.65563201904297
3716,53.099998474121094,51.62433624267578
3717,13.65999984741211,12.27762222290039
3718,68.91000366210938,69.88674926757812
3719,16.229999542236328,14.551814079284668
3720,4.210000038146973,2.714693784713745
3721,33.11000061035156,33.04170608520508
3722,47.09000015258789,44.938865661621094
3723,30.940000534057617,30.39783477783203
3724,34.810001373291016,35.262168884277344
3725,64.7699966430664,63.305511474609375
3726,24.84000015258789,24.6292724609375
3727,22.739999771118164,23.100656509399414
3728,22.40999984741211,20.950389862060547
3729,9.829999923706055,8.072408676147461
3730,54.470001220703125,58.407691955566406
3731,24.690000534057617,23.08163070678711
3732,38.0,38.313331604003906
3733,13.239999771118164,7.0501389503479
3734,11.770000457763672,10.791111946105957
3735,40.16999816894531,36.17951583862305
3736,23.920000076293945,22.145484924316406
3737,41.779998779296875,42.49586486816406
3738,51.25,46.343082427978516
3739,20.6200008392334,18.42470359802246
3740,20.040000915527344,19.511219024658203
3741,34.84000015258789,32.42328643798828
3742,21.290000915527344,20.172786712646484
3743,26.600000381469727,25.02887725830078
3744,7.590000152587891,6.865146160125732
3745,26.8799991607666,27.325984954833984
3746,36.439998626708984,36.67311096191406
3747,19.700000762939453,18.122665405273438
3748,20.280000686645508,19.721080780029297
3749,28.09000015258789,26.791793823242188
3750,39.790000915527344,38.814239501953125
3751,23.399999618530273,21.680709838867188
3752,46.79999923706055,44.2293815612793
3753,33.93000030517578,31.344886779785156
3754,58.810001373291016,58.62274169921875
3755,11.5600004196167,11.536584854125977
3756,8.930000305175781,8.935627937316895
3757,23.75,23.171945571899414
3758,57.900001525878906,60.901588439941406
3759,40.040000915527344,39.628395080566406
3760,26.770000457763672,24.651365280151367
3761,10.630000114440918,11.089197158813477
3762,10.569999694824219,10.080191612243652
3763,12.220000267028809,11.24219036102295
3764,22.610000610351562,21.20391845703125
3765,12.239999771118164,11.362072944641113
3766,18.899999618530273,17.438827514648438
3767,25.510000228881836,22.921113967895508
3768,27.59000015258789,28.281343460083008
3769,34.5099983215332,33.521888732910156
3770,26.68000030517578,24.537593841552734
3771,43.369998931884766,43.388038635253906
3772,38.33000183105469,39.14808654785156
3773,14.479999542236328,13.586349487304688
3774,13.529999732971191,12.254342079162598
3775,40.4900016784668,39.731842041015625
3776,28.18000030517578,26.95001220703125
3777,30.100000381469727,29.005603790283203
3778,45.029998779296875,42.433467864990234
3779,15.390000343322754,14.433451652526855
3780,27.889999389648438,26.923019409179688
3781,11.380000114440918,9.385560035705566
3782,50.52000045776367,49.604557037353516
3783,47.7400016784668,46.64646530151367
3784,26.110000610351562,25.59517478942871
3785,38.68000030517578,31.11513900756836
3786,7.119999885559082,7.264107704162598
3787,67.30999755859375,68.47166442871094
3788,27.139999389648438,27.484954833984375
3789,23.829999923706055,21.85346221923828
3790,11.0600004196167,9.816709518432617
3791,54.33000183105469,52.59941101074219
3792,36.83000183105469,36.662803649902344
3793,32.77000045776367,31.111347198486328
3794,40.29999923706055,40.39033126831055
3795,11.630000114440918,10.244399070739746
3796,38.040000915527344,35.02229309082031
3797,18.700000762939453,17.740571975708008
3798,71.77999877929688,70.20532989501953
3799,36.16999816894531,33.994384765625
3800,73.43000030517578,75.88045501708984
3801,56.04999923706055,55.14616012573242
3802,38.15999984741211,37.1313591003418
3803,47.130001068115234,45.777015686035156
3804,48.56999969482422,45.25703811645508
3805,14.390000343322754,13.625173568725586
3806,54.209999084472656,49.44977569580078
3807,60.220001220703125,55.91286087036133
3808,8.600000381469727,7.351539611816406
3809,16.469999313354492,14.444385528564453
3810,23.81999969482422,22.826416015625
3811,37.689998626708984,35.83367919921875
3812,4.570000171661377,3.573160171508789
3813,60.75,58.6989860534668
3814,28.270000457763672,29.135086059570312
3815,49.630001068115234,49.146060943603516
3816,15.640000343322754,14.889449119567871
3817,34.349998474121094,33.57139587402344
3818,17.889999389648438,17.053918838500977
3819,18.209999084472656,15.844780921936035
3820,11.59000015258789,10.32468032836914
3821,28.309999465942383,26.586105346679688
3822,51.56999969482422,50.30462646484375
3823,11.079999923706055,10.13182544708252
3824,14.649999618530273,13.705647468566895
3825,25.260000228881836,22.779409408569336
3826,33.099998474121094,32.51830291748047
3827,35.599998474121094,35.53246307373047
3828,10.289999961853027,9.906865119934082
3829,32.27000045776367,28.545583724975586
3830,15.100000381469727,14.290715217590332
3831,13.90999984741211,12.8937406539917
3832,46.849998474121094,46.12733459472656
3833,13.279999732971191,11.054821014404297
3834,37.11000061035156,40.487247467041016
3835,46.25,43.14780807495117
3836,3.369999885559082,2.3044230937957764
3837,48.75,48.109169006347656
3838,35.40999984741211,33.991397857666016
3839,6.599999904632568,6.23239803314209
3840,59.959999084472656,63.45317459106445
3841,33.029998779296875,32.390323638916016
3842,23.280000686645508,21.800762176513672
3843,36.560001373291016,35.26116180419922
3844,31.729999542236328,31.34999656677246
3845,37.939998626708984,35.33310317993164
3846,39.83000183105469,38.816566467285156
3847,46.27000045776367,48.93904113769531
3848,44.72999954223633,41.96879577636719
3849,21.90999984741211,21.558570861816406
3850,18.100000381469727,16.246139526367188
3851,19.610000610351562,18.727598190307617
3852,13.609999656677246,13.697869300842285
3853,39.09000015258789,38.064273834228516
3854,20.600000381469727,18.669601440429688
3855,21.520000457763672,21.076522827148438
3856,2.2799999713897705,3.549518585205078
3857,11.0600004196167,10.412303924560547
3858,34.59000015258789,32.59309768676758
3859,20.309999465942383,21.751728057861328
3860,50.310001373291016,48.407249450683594
3861,17.549999237060547,17.39382553100586
3862,24.799999237060547,26.402393341064453
3863,6.550000190734863,5.438145637512207
3864,13.619999885559082,13.42978286743164
3865,22.309999465942383,23.701858520507812
3866,46.790000915527344,48.64573669433594
3867,7.78000020980835,6.732863426208496
3868,54.59000015258789,55.7330436706543
3869,28.030000686645508,27.22488021850586
3870,53.33000183105469,49.105098724365234
3871,46.689998626708984,47.351749420166016
3872,22.34000015258789,20.766212463378906
3873,22.350000381469727,21.146240234375
3874,10.279999732971191,7.608569145202637
3875,25.700000762939453,22.664962768554688
3876,18.520000457763672,17.30118751525879
3877,18.270000457763672,16.232736587524414
3878,53.18000030517578,55.57940673828125
3879,13.289999961853027,12.420612335205078
3880,12.930000305175781,12.490700721740723
3881,22.950000762939453,18.57475471496582
3882,51.599998474121094,51.72348403930664
3883,58.2400016784668,58.23618698120117
3884,51.2400016784668,45.1649055480957
3885,20.5,20.3919677734375
3886,7.840000152587891,7.5150957107543945
3887,13.359999656677246,12.301597595214844
3888,27.559999465942383,27.71109390258789
3889,16.079999923706055,15.840776443481445
3890,17.59000015258789,15.047087669372559
3891,22.780000686645508,19.959226608276367
3892,9.550000190734863,8.866440773010254
3893,42.720001220703125,39.984840393066406
3894,36.38999938964844,36.55408477783203
3895,7.929999828338623,5.7407426834106445
3896,57.7599983215332,53.281009674072266
3897,10.899999618530273,10.127748489379883
3898,30.139999389648438,31.061372756958008
3899,36.560001373291016,34.34233474731445
3900,33.779998779296875,35.19275665283203
3901,15.6899995803833,15.099116325378418
3902,53.650001525878906,50.827545166015625
3903,3.3499999046325684,2.2393529415130615
3904,50.27000045776367,49.62712478637695
3905,26.149999618530273,31.564071655273438
3906,20.899999618530273,20.369365692138672
3907,37.400001525878906,36.27088165283203
3908,55.43000030517578,52.175167083740234
3909,12.149999618530273,11.491127967834473
3910,20.389999389648438,18.755149841308594
3911,10.069999694824219,10.673002243041992
3912,9.59000015258789,9.149045944213867
3913,21.040000915527344,18.85316276550293
3914,44.02000045776367,44.87856674194336
3915,14.720000267028809,13.5105562210083
3916,34.380001068115234,33.340667724609375
3917,45.5099983215332,42.41650390625
3918,29.899999618530273,28.124967575073242
3919,0.7200000286102295,5.689207553863525
3920,57.68000030517578,51.122291564941406
3921,43.4900016784668,42.686676025390625
3922,48.2599983215332,46.299400329589844
3923,61.189998626708984,59.43782424926758
3924,49.290000915527344,50.39190673828125
3925,9.0,8.051969528198242
3926,38.43000030517578,37.972503662109375
3927,10.430000305175781,10.501558303833008
3928,6.239999771118164,5.554201602935791
3929,21.209999084472656,19.583520889282227
3930,31.280000686645508,28.809310913085938
3931,27.329999923706055,26.216571807861328
3932,30.200000762939453,32.655494689941406
3933,45.689998626708984,43.23955535888672
3934,48.43000030517578,45.343849182128906
3935,23.739999771118164,24.12166976928711
3936,41.0099983215332,41.45905303955078
3937,18.010000228881836,16.936588287353516
3938,51.61000061035156,49.488609313964844
3939,12.670000076293945,11.746842384338379
3940,32.439998626708984,28.517932891845703
3941,4.980000019073486,4.262820720672607
3942,17.34000015258789,15.291401863098145
3943,29.290000915527344,28.6723575592041
3944,46.58000183105469,45.06401062011719
3945,29.520000457763672,26.630294799804688
3946,27.149999618530273,25.348548889160156
3947,50.61000061035156,49.2998046875
3948,35.810001373291016,33.78419876098633
3949,46.36000061035156,44.83637619018555
3950,52.02000045776367,50.826637268066406
3951,23.079999923706055,22.040945053100586
3952,76.69999694824219,76.73612976074219
3953,26.799999237060547,26.5773983001709
3954,27.770000457763672,24.72195053100586
3955,15.09000015258789,14.090614318847656
3956,8.550000190734863,7.6502251625061035
3957,46.63999938964844,44.73916244506836
3958,21.8799991607666,20.938003540039062
3959,65.77999877929688,65.79576110839844
3960,25.600000381469727,23.833648681640625
3961,45.11000061035156,47.36835479736328
3962,21.309999465942383,20.873022079467773
3963,42.279998779296875,38.09095764160156
3964,11.350000381469727,11.236685752868652
3965,23.18000030517578,22.036659240722656
3966,9.699999809265137,8.19493293762207
3967,37.58000183105469,34.5257453918457
3968,23.520000457763672,22.858898162841797
3969,15.9399995803833,14.854927062988281
3970,33.970001220703125,32.417724609375
3971,19.31999969482422,17.958099365234375
3972,20.729999542236328,19.14969253540039
3973,5.559999942779541,6.2575297355651855
3974,21.510000228881836,19.94237518310547
3975,44.16999816894531,41.730552673339844
3976,8.470000267028809,6.093262195587158
3977,16.440000534057617,15.35043716430664
3978,69.0999984741211,65.66477966308594
3979,27.700000762939453,26.878948211669922
3980,32.45000076293945,28.6379337310791
3981,19.479999542236328,18.08876609802246
3982,13.6899995803833,13.589242935180664
3983,8.520000457763672,7.4034857749938965
3984,33.08000183105469,30.934234619140625
3985,25.850000381469727,25.071636199951172
3986,42.849998474121094,38.65119171142578
3987,72.48999786376953,72.927734375
3988,30.739999771118164,30.65858268737793
3989,17.3700008392334,15.195655822753906
3990,18.56999969482422,16.903989791870117
3991,43.18000030517578,40.5937385559082
3992,14.220000267028809,13.411192893981934
3993,29.06999969482422,27.079219818115234
3994,24.40999984741211,22.9066162109375
3995,35.189998626708984,36.84972381591797
3996,26.309999465942383,24.906599044799805
3997,64.81999969482422,61.0605583190918
3998,45.2400016784668,46.02022933959961
3999,18.989999771118164,16.93524932861328
4000,18.270000457763672,17.48224639892578
4001,11.739999771118164,10.897136688232422
4002,15.149999618530273,13.827943801879883
4003,9.010000228881836,7.7639641761779785
4004,29.239999771118164,28.414308547973633
4005,1.6200000047683716,1.3907707929611206
4006,19.389999389648438,17.02686882019043
4007,11.609999656677246,11.331428527832031
4008,16.8799991607666,15.93049144744873
4009,15.619999885559082,14.45050048828125
4010,76.52999877929688,76.42449951171875
4011,44.900001525878906,47.65322494506836
4012,9.930000305175781,9.221933364868164
4013,6.590000152587891,5.131077766418457
4014,3.6700000762939453,2.24892520904541
4015,73.31999969482422,69.53973388671875
4016,16.489999771118164,15.990569114685059
4017,38.40999984741211,37.61174392700195
4018,40.689998626708984,41.625972747802734
4019,6.28000020980835,6.107869625091553
4020,28.549999237060547,27.343242645263672
4021,30.299999237060547,29.607864379882812
4022,42.06999969482422,41.71826934814453
4023,29.260000228881836,25.705562591552734
4024,9.279999732971191,8.188581466674805
4025,25.040000915527344,23.719253540039062
4026,12.399999618530273,11.573631286621094
4027,23.760000228881836,23.646350860595703
4028,3.9000000953674316,2.80663800239563
4029,29.100000381469727,28.097042083740234
4030,22.110000610351562,20.90323257446289
4031,22.520000457763672,21.00912094116211
4032,17.489999771118164,14.44180679321289
4033,21.09000015258789,20.422534942626953
4034,3.7300000190734863,7.8895039558410645
4035,11.479999542236328,11.380661010742188
4036,23.799999237060547,21.828290939331055
4037,70.58000183105469,63.49580383300781
4038,58.84000015258789,50.75310516357422
4039,18.899999618530273,16.171899795532227
4040,28.100000381469727,26.239316940307617
4041,8.229999542236328,7.340451240539551
4042,20.84000015258789,18.301891326904297
4043,36.5,34.23543930053711
4044,5.300000190734863,4.248344421386719
4045,12.279999732971191,11.630151748657227
4046,18.18000030517578,16.23487091064453
4047,65.70999908447266,64.0599365234375
4048,9.170000076293945,6.216279029846191
4049,5.929999828338623,3.9065122604370117
4050,50.720001220703125,49.874568939208984
4051,37.369998931884766,38.88686752319336
4052,38.2400016784668,35.76118469238281
4053,32.310001373291016,31.172805786132812
4054,37.619998931884766,37.35972595214844
4055,33.689998626708984,32.70853805541992
4056,1.659999966621399,1.8137938976287842
4057,32.040000915527344,29.01922607421875
4058,4.619999885559082,3.4053823947906494
4059,11.109999656677246,10.682340621948242
4060,18.1200008392334,17.322864532470703
4061,34.56999969482422,33.271888732910156
4062,15.130000114440918,15.240202903747559
4063,24.989999771118164,23.598163604736328
4064,23.549999237060547,21.5764217376709
4065,56.310001373291016,55.066162109375
4066,55.599998474121094,55.727970123291016
4067,9.770000457763672,9.21435832977295
4068,33.040000915527344,32.082801818847656
4069,35.38999938964844,34.94799041748047
4070,13.09000015258789,10.365057945251465
4071,54.470001220703125,54.13374328613281
4072,9.4399995803833,8.366527557373047
4073,40.810001373291016,41.296783447265625
4074,19.020000457763672,16.39409828186035
4075,28.6200008392334,26.80166244506836
4076,30.799999237060547,30.80281639099121
4077,29.8700008392334,28.547771453857422
4078,6.570000171661377,6.17267370223999
4079,71.36000061035156,69.92120361328125
4080,20.260000228881836,17.795642852783203
4081,20.030000686645508,19.215801239013672
4082,23.8799991607666,25.73743438720703
4083,23.770000457763672,21.707263946533203
4084,8.050000190734863,7.6516289710998535
4085,13.079999923706055,12.448195457458496
4086,19.969999313354492,18.04486846923828
4087,75.8499984741211,72.58338928222656
4088,9.050000190734863,6.245287895202637
4089,46.9900016784668,46.29671859741211
4090,72.70999908447266,71.29700469970703
4091,41.18000030517578,38.26615905761719
4092,22.799999237060547,22.380279541015625
4093,14.300000190734863,12.579272270202637
4094,23.010000228881836,22.13739776611328
4095,16.059999465942383,14.831517219543457
4096,36.97999954223633,31.43347930908203
4097,35.220001220703125,32.44900131225586
4098,60.959999084472656,60.2677001953125
4099,11.329999923706055,8.39518928527832
4100,6.800000190734863,5.738025188446045
4101,20.489999771118164,20.028644561767578
4102,50.2599983215332,47.004390716552734
4103,23.020000457763672,22.958415985107422
4104,8.770000457763672,8.450972557067871
4105,65.91999816894531,63.96312713623047
4106,29.700000762939453,28.908260345458984
4107,14.100000381469727,12.25113582611084
4108,12.579999923706055,11.772377967834473
4109,24.670000076293945,24.017433166503906
4110,14.229999542236328,13.680567741394043
4111,11.069999694824219,9.33791732788086
4112,49.52000045776367,41.57278060913086
4113,39.95000076293945,39.469970703125
4114,19.360000610351562,18.714611053466797
4115,39.70000076293945,40.75049591064453
4116,8.720000267028809,7.604855537414551
4117,28.43000030517578,27.534666061401367
4118,16.899999618530273,19.30506706237793
4119,53.040000915527344,45.81199264526367
4120,28.549999237060547,25.943359375
4121,14.460000038146973,13.451940536499023
4122,28.8700008392334,30.237390518188477
4123,18.100000381469727,16.060016632080078
4124,29.329999923706055,27.822582244873047
4125,17.170000076293945,15.6724271774292
4126,15.670000076293945,13.183884620666504
4127,17.030000686645508,17.00011444091797
4128,27.40999984741211,26.761280059814453
4129,28.649999618530273,28.06616973876953
4130,10.829999923706055,10.229247093200684
4131,11.90999984741211,11.026531219482422
4132,20.40999984741211,22.11324691772461
4133,33.9900016784668,30.91610336303711
4134,2.75,3.6854348182678223
4135,35.70000076293945,34.41682815551758
4136,41.2599983215332,42.51487350463867
4137,43.220001220703125,44.01430130004883
4138,48.52000045776367,47.85539627075195
4139,35.5099983215332,35.260902404785156
4140,48.95000076293945,48.2053108215332
4141,30.469999313354492,28.502351760864258
4142,50.04999923706055,51.17221450805664
4143,4.119999885559082,2.790620803833008
4144,30.1299991607666,29.04507827758789
4145,24.299999237060547,23.347354888916016
4146,32.959999084472656,31.26445198059082
4147,46.349998474121094,44.87522888183594
4148,20.860000610351562,18.125158309936523
4149,22.270000457763672,22.183958053588867
4150,30.209999084472656,29.804428100585938
4151,39.97999954223633,38.9527587890625
4152,24.6299991607666,28.731460571289062
4153,14.329999923706055,13.524596214294434
4154,26.760000228881836,26.90594482421875
4155,24.270000457763672,22.632349014282227
4156,33.68000030517578,31.918407440185547
4157,35.099998474121094,34.55107116699219
4158,35.52000045776367,32.1403694152832
4159,17.18000030517578,16.352933883666992
4160,5.610000133514404,5.236819744110107
4161,33.560001373291016,32.709510803222656
4162,12.300000190734863,12.283317565917969
4163,48.4900016784668,45.653507232666016
4164,73.33999633789062,74.37902069091797
4165,19.8799991607666,17.568603515625
4166,33.2599983215332,32.220375061035156
4167,40.029998779296875,44.34659194946289
4168,67.6500015258789,64.68989562988281
4169,38.66999816894531,35.766597747802734
4170,67.9000015258789,66.80419921875
4171,29.389999389648438,28.13668441772461
4172,18.469999313354492,18.11743927001953
4173,3.069999933242798,3.012664556503296
4174,17.950000762939453,15.67116928100586
4175,51.86000061035156,47.906490325927734
4176,12.869999885559082,12.654111862182617
4177,40.29999923706055,39.62560272216797
4178,36.709999084472656,33.49137496948242
4179,0.9100000262260437,4.236742973327637
4180,16.579999923706055,15.460731506347656
4181,20.040000915527344,19.552860260009766
4182,4.28000020980835,3.394378900527954
4183,18.579999923706055,16.504308700561523
4184,12.739999771118164,11.668804168701172
4185,9.949999809265137,6.1281561851501465
4186,37.529998779296875,36.13028335571289
4187,7.53000020980835,6.590411186218262
4188,8.640000343322754,8.351871490478516
4189,24.469999313354492,21.924280166625977
4190,6.650000095367432,5.778445720672607
4191,42.68000030517578,41.430171966552734
4192,3.759999990463257,3.599613904953003
4193,7.340000152587891,6.703240394592285
4194,11.199999809265137,9.857558250427246
4195,8.90999984741211,7.76528787612915
4196,14.300000190734863,13.381521224975586
4197,55.5,48.639530181884766
4198,21.610000610351562,20.653575897216797
4199,31.860000610351562,30.2967529296875
4200,33.380001068115234,33.06072998046875
4201,73.30999755859375,74.46829986572266
4202,4.670000076293945,3.499415397644043
4203,36.97999954223633,36.310115814208984
4204,69.80000305175781,67.27223205566406
4205,26.049999237060547,25.402212142944336
4206,8.960000038146973,8.80138874053955
4207,27.520000457763672,24.94797134399414
4208,29.139999389648438,29.05482292175293
4209,35.689998626708984,36.222713470458984
4210,46.04999923706055,45.01419448852539
4211,57.61000061035156,52.80508041381836
4212,26.290000915527344,27.04317283630371
4213,60.84000015258789,59.02711486816406
4214,7.949999809265137,7.510001182556152
4215,46.41999816894531,44.58966064453125
4216,26.709999084472656,25.247882843017578
4217,40.869998931884766,37.005733489990234
4218,17.56999969482422,15.434141159057617
4219,31.079999923706055,29.369075775146484
4220,17.920000076293945,17.38101577758789
4221,15.779999732971191,15.146681785583496
4222,66.86000061035156,64.31105041503906
4223,25.139999389648438,23.65528106689453
4224,41.290000915527344,40.3817138671875
4225,32.63999938964844,31.33995819091797
4226,46.689998626708984,45.87821578979492
4227,28.360000610351562,27.850664138793945
4228,29.6299991607666,30.208322525024414
4229,18.18000030517578,16.567087173461914
4230,68.33999633789062,67.90139770507812
4231,32.459999084472656,32.539772033691406
4232,23.459999084472656,22.208263397216797
4233,4.460000038146973,4.574906826019287
4234,48.040000915527344,45.10407638549805
4235,46.81999969482422,46.807952880859375
4236,13.109999656677246,11.069830894470215
4237,20.989999771118164,19.840805053710938
4238,34.689998626708984,34.09008026123047
4239,22.770000457763672,22.52440071105957
4240,37.72999954223633,35.239891052246094
4241,43.08000183105469,44.47581100463867
4242,37.470001220703125,35.45079803466797
4243,19.440000534057617,18.14488410949707
4244,20.959999084472656,21.31522560119629
4245,7.590000152587891,7.604465007781982
4246,6.079999923706055,4.5107035636901855
4247,5.28000020980835,3.2592668533325195
4248,34.369998931884766,30.97627830505371
4249,34.25,32.27971267700195
4250,10.539999961853027,9.457612991333008
4251,26.850000381469727,24.584928512573242
4252,56.619998931884766,56.756072998046875
4253,21.75,21.001781463623047
4254,11.529999732971191,10.846580505371094
4255,25.950000762939453,25.762046813964844
4256,40.130001068115234,40.02472686767578
4257,27.6299991607666,27.482851028442383
4258,21.06999969482422,19.26125717163086
4259,70.19999694824219,69.79615783691406
4260,40.31999969482422,37.884742736816406
4261,45.31999969482422,43.78500747680664
4262,45.380001068115234,44.918006896972656
4263,7.019999980926514,6.649630546569824
4264,36.599998474121094,35.975547790527344
4265,15.479999542236328,14.168343544006348
4266,21.450000762939453,23.14044761657715
4267,21.0,20.590599060058594
4268,33.45000076293945,32.89520263671875
4269,11.579999923706055,11.09895133972168
4270,7.710000038146973,7.52101993560791
4271,41.40999984741211,42.35792541503906
4272,36.40999984741211,37.89509201049805
4273,60.880001068115234,61.87242126464844
4274,27.530000686645508,27.615907669067383
4275,16.010000228881836,16.04098892211914
4276,57.689998626708984,55.619956970214844
4277,15.020000457763672,14.688658714294434
4278,21.309999465942383,19.27108383178711
4279,51.09000015258789,52.30068588256836
4280,4.170000076293945,4.225736141204834
4281,8.460000038146973,8.015714645385742
4282,3.5399999618530273,2.6571192741394043
4283,16.920000076293945,17.249643325805664
4284,14.920000076293945,13.579141616821289
4285,7.239999771118164,6.459578037261963
4286,23.639999389648438,22.8470401763916
4287,6.210000038146973,3.9419732093811035
4288,53.06999969482422,52.92552185058594
4289,8.199999809265137,8.254433631896973
4290,25.559999465942383,24.52765464782715
4291,26.760000228881836,25.429088592529297
4292,35.40999984741211,36.1856689453125
4293,6.019999980926514,5.537613868713379
4294,16.649999618530273,15.130845069885254
4295,21.31999969482422,19.97216033935547
4296,40.709999084472656,36.754615783691406
4297,56.369998931884766,56.94630432128906
4298,11.75,9.592150688171387
4299,18.690000534057617,16.857513427734375
4300,19.200000762939453,18.61028289794922
4301,9.720000267028809,10.119751930236816
4302,6.46999979019165,5.184535503387451
4303,19.959999084472656,18.26724624633789
4304,27.399999618530273,27.080533981323242
4305,56.810001373291016,52.50533676147461
4306,37.4900016784668,39.604061126708984
4307,33.619998931884766,32.430999755859375
4308,37.959999084472656,36.794158935546875
4309,9.680000305175781,8.997491836547852
4310,37.08000183105469,35.52525329589844
4311,25.649999618530273,23.92580223083496
4312,19.059999465942383,18.35700798034668
4313,71.5199966430664,62.561668395996094
4314,48.9900016784668,49.83399200439453
4315,16.8700008392334,15.611254692077637
4316,43.290000915527344,42.230899810791016
4317,36.52000045776367,37.30236053466797
4318,71.69999694824219,69.14473724365234
4319,45.689998626708984,43.38053512573242
4320,63.31999969482422,62.40242385864258
4321,52.689998626708984,56.62659454345703
4322,29.600000381469727,30.15813636779785
4323,39.72999954223633,37.27737045288086
4324,64.12999725341797,60.44763946533203
4325,12.1899995803833,11.936858177185059
4326,22.68000030517578,22.447288513183594
4327,23.25,23.84589385986328
4328,18.200000762939453,15.662899017333984
4329,14.489999771118164,14.099813461303711
4330,15.229999542236328,13.992756843566895
4331,7.71999979019165,6.365372657775879
4332,33.029998779296875,33.775909423828125
4333,8.619999885559082,8.234703063964844
4334,41.0099983215332,39.54583740234375
4335,35.560001373291016,35.855140686035156
4336,11.350000381469727,10.734780311584473
4337,41.56999969482422,40.73493194580078
4338,19.68000030517578,20.18514060974121
4339,37.130001068115234,34.432273864746094
4340,3.5299999713897705,2.776747703552246
4341,22.440000534057617,21.179624557495117
4342,17.25,16.461292266845703
4343,3.3399999141693115,2.5091331005096436
4344,11.25,10.380728721618652
4345,22.280000686645508,21.458913803100586
4346,25.93000030517578,24.674217224121094
4347,29.06999969482422,28.05970001220703
4348,22.739999771118164,22.163768768310547
4349,17.079999923706055,16.696216583251953
4350,36.45000076293945,40.10604476928711
4351,49.70000076293945,45.45964050292969
4352,35.959999084472656,32.14334487915039
4353,9.699999809265137,9.55128288269043
4354,74.7300033569336,64.3064956665039
4355,23.56999969482422,21.148155212402344
4356,16.610000610351562,14.97769832611084
4357,26.790000915527344,25.09992027282715
4358,36.7400016784668,35.49018478393555
4359,16.329999923706055,15.00405216217041
4360,33.060001373291016,34.16061019897461
4361,12.380000114440918,11.320250511169434
4362,7.880000114440918,6.056230068206787
4363,30.889999389648438,28.290847778320312
4364,30.280000686645508,30.231042861938477
4365,55.70000076293945,51.78852844238281
4366,40.84000015258789,41.29899597167969
4367,16.100000381469727,15.58667278289795
4368,23.110000610351562,20.555152893066406
4369,14.649999618530273,13.10142707824707
4370,27.829999923706055,27.584423065185547
4371,14.0600004196167,15.119057655334473
4372,7.070000171661377,6.894857406616211
4373,19.790000915527344,18.8389835357666
4374,51.81999969482422,52.273311614990234
4375,18.56999969482422,16.834430694580078
4376,5.179999828338623,5.087048530578613
4377,45.13999938964844,43.32081985473633
4378,42.29999923706055,42.249244689941406
4379,21.780000686645508,20.151424407958984
4380,8.520000457763672,8.32179069519043
4381,33.790000915527344,32.633277893066406
4382,32.369998931884766,30.95502471923828
4383,51.52000045776367,51.89790344238281
4384,12.760000228881836,11.660836219787598
4385,21.559999465942383,20.45568084716797
4386,53.220001220703125,52.428123474121094
4387,76.69000244140625,65.79437255859375
4388,18.459999084472656,17.04539680480957
4389,34.77000045776367,32.36034393310547
4390,19.719999313354492,18.447219848632812
4391,26.270000457763672,24.842275619506836
4392,27.920000076293945,27.880496978759766
4393,20.700000762939453,20.7899169921875
4394,19.56999969482422,18.46448516845703
4395,35.290000915527344,33.12814712524414
4396,12.649999618530273,11.531901359558105
4397,52.290000915527344,49.00067138671875
4398,72.29000091552734,66.05366516113281
4399,38.779998779296875,40.172306060791016
4400,71.13999938964844,69.3259506225586
4401,32.43000030517578,29.67469596862793
4402,60.209999084472656,58.49455261230469
4403,23.389999389648438,22.17186737060547
4404,60.2599983215332,53.94942092895508
4405,30.18000030517578,27.313400268554688
4406,20.959999084472656,19.22287940979004
4407,13.960000038146973,12.676809310913086
4408,40.630001068115234,42.16895294189453
4409,30.8700008392334,27.503328323364258
4410,27.969999313354492,24.624080657958984
4411,7.559999942779541,6.870359420776367
4412,31.889999389648438,30.16045379638672
4413,10.59000015258789,9.443034172058105
4414,7.829999923706055,7.730334281921387
4415,6.059999942779541,4.951474666595459
4416,25.010000228881836,23.289554595947266
4417,8.640000343322754,9.923521041870117
4418,33.83000183105469,31.719636917114258
4419,35.630001068115234,31.01776695251465
4420,17.969999313354492,18.506765365600586
4421,23.59000015258789,23.087751388549805
4422,61.83000183105469,58.05154800415039
4423,37.58000183105469,35.26765441894531
4424,57.869998931884766,53.61996078491211
4425,11.9399995803833,11.296675682067871
4426,15.789999961853027,14.765189170837402
4427,31.8700008392334,31.422019958496094
4428,17.110000610351562,16.266576766967773
4429,23.649999618530273,23.32666015625
4430,36.02000045776367,36.05013656616211
4431,4.710000038146973,3.915602207183838
4432,29.360000610351562,29.366531372070312
4433,19.459999084472656,17.033933639526367
4434,12.460000038146973,11.020357131958008
4435,38.75,38.249237060546875
4436,28.969999313354492,30.16693878173828
4437,20.6299991607666,20.76593780517578
4438,13.260000228881836,12.603594779968262
4439,19.920000076293945,18.711109161376953
4440,14.460000038146973,12.962358474731445
4441,6.369999885559082,5.876400470733643
4442,15.359999656677246,14.502073287963867
4443,20.90999984741211,19.30184555053711
4444,48.2400016784668,46.0338020324707
4445,12.920000076293945,11.92950439453125
4446,55.52000045776367,56.18858337402344
4447,9.25,8.756587028503418
4448,23.860000610351562,22.287118911743164
4449,65.0,65.27954864501953
4450,33.79999923706055,34.20988845825195
4451,10.529999732971191,11.30325698852539
4452,49.11000061035156,54.07601547241211
4453,7.320000171661377,5.904796600341797
4454,27.6299991607666,26.000476837158203
4455,7.150000095367432,6.34005069732666
4456,35.70000076293945,35.16692352294922
4457,39.599998474121094,37.33738708496094
4458,14.430000305175781,11.830414772033691
4459,33.369998931884766,32.10325241088867
4460,24.899999618530273,23.550861358642578
4461,31.079999923706055,29.133834838867188
4462,45.040000915527344,46.881126403808594
4463,15.260000228881836,14.678309440612793
4464,34.34000015258789,33.69106674194336
4465,33.560001373291016,31.948131561279297
4466,35.77000045776367,33.64337158203125
4467,36.790000915527344,34.423866271972656
4468,34.59000015258789,32.13704299926758
4469,10.229999542236328,8.926228523254395
4470,8.460000038146973,7.6261067390441895
4471,19.149999618530273,18.281600952148438
4472,6.269999980926514,5.722042083740234
4473,62.63999938964844,63.896240234375
4474,60.25,60.410301208496094
4475,17.850000381469727,16.7529239654541
4476,27.959999084472656,26.157970428466797
4477,19.549999237060547,17.838327407836914
4478,12.029999732971191,11.395018577575684
4479,54.86000061035156,50.23902893066406
4480,11.960000038146973,12.126903533935547
4481,16.790000915527344,15.049166679382324
4482,49.63999938964844,50.25910568237305
4483,17.270000457763672,15.566720008850098
4484,7.349999904632568,6.234984874725342
4485,32.7599983215332,30.871562957763672
4486,45.630001068115234,45.267696380615234
4487,14.550000190734863,13.62938404083252
4488,44.060001373291016,42.63042449951172
4489,24.06999969482422,21.779090881347656
4490,75.20999908447266,55.233158111572266
4491,19.829999923706055,18.574798583984375
4492,18.84000015258789,18.31888198852539
4493,20.350000381469727,18.022838592529297
4494,14.369999885559082,12.639495849609375
4495,15.390000343322754,14.3171968460083
4496,19.3799991607666,18.51097869873047
4497,20.200000762939453,18.9136962890625
4498,33.209999084472656,31.236276626586914
4499,36.86000061035156,33.53651428222656
4500,24.3799991607666,22.577072143554688
4501,15.5,14.107851028442383
4502,28.93000030517578,28.648595809936523
4503,47.25,44.51815414428711
4504,4.900000095367432,3.7894234657287598
4505,26.56999969482422,23.83336639404297
4506,15.609999656677246,13.780060768127441
4507,18.559999465942383,18.61819076538086
4508,35.93000030517578,35.27359390258789
4509,21.290000915527344,20.980852127075195
4510,69.37999725341797,66.56474304199219
4511,52.900001525878906,49.20476150512695
4512,22.079999923706055,21.410194396972656
4513,28.5,26.434900283813477
4514,45.7599983215332,44.365379333496094
4515,13.640000343322754,12.596134185791016
4516,27.420000076293945,27.442014694213867
4517,27.729999542236328,26.349916458129883
4518,30.860000610351562,31.426937103271484
4519,19.200000762939453,19.065902709960938
4520,6.119999885559082,5.079493045806885
4521,24.479999542236328,22.677391052246094
4522,47.029998779296875,45.81098175048828
4523,10.890000343322754,9.78386116027832
4524,52.54999923706055,53.193355560302734
4525,10.579999923706055,9.844927787780762
4526,14.25,13.04420280456543
4527,23.56999969482422,24.10782814025879
4528,16.459999084472656,15.668083190917969
4529,44.63999938964844,42.27952575683594
4530,30.8799991607666,29.527809143066406
4531,10.079999923706055,8.94841480255127
4532,34.77000045776367,33.88237762451172
4533,11.880000114440918,11.843857765197754
4534,36.47999954223633,35.45358657836914
4535,36.06999969482422,36.541290283203125
4536,17.459999084472656,17.458892822265625
4537,33.36000061035156,31.850624084472656
4538,17.15999984741211,14.523721694946289
4539,42.93000030517578,43.51581954956055
4540,24.829999923706055,23.218717575073242
4541,11.550000190734863,10.424930572509766
4542,13.670000076293945,12.65262222290039
4543,66.0999984741211,66.3279037475586
4544,53.34000015258789,50.99741744995117
4545,32.119998931884766,30.129520416259766
4546,27.450000762939453,26.85111427307129
4547,23.8700008392334,21.393054962158203
4548,11.130000114440918,11.405776977539062
4549,48.5,46.10039138793945
4550,5.050000190734863,4.343263626098633
4551,17.469999313354492,15.924249649047852
4552,17.360000610351562,16.49408531188965
4553,6.179999828338623,5.372694969177246
4554,7.110000133514404,6.24296760559082
4555,60.61000061035156,56.17622375488281
4556,15.930000305175781,14.359109878540039
4557,31.959999084472656,32.611610412597656
4558,42.7400016784668,40.35762405395508
4559,50.470001220703125,47.58543395996094
4560,12.1899995803833,11.497611045837402
4561,23.360000610351562,21.433732986450195
4562,7.800000190734863,6.46108341217041
4563,9.75,7.319272518157959
4564,24.15999984741211,22.977867126464844
4565,34.150001525878906,35.761077880859375
4566,32.220001220703125,28.641193389892578
4567,51.220001220703125,49.36769104003906
4568,16.229999542236328,15.560490608215332
4569,15.380000114440918,14.791182518005371
4570,13.029999732971191,12.527722358703613
4571,19.170000076293945,18.068910598754883
4572,26.780000686645508,26.946372985839844
4573,13.770000457763672,13.470943450927734
4574,37.2599983215332,34.03754806518555
4575,6.369999885559082,5.521327972412109
4576,18.309999465942383,17.916473388671875
4577,34.45000076293945,33.92530059814453
4578,32.4900016784668,30.738454818725586
4579,49.16999816894531,43.564918518066406
4580,21.770000457763672,21.603666305541992
4581,18.739999771118164,17.074647903442383
4582,31.360000610351562,29.43907356262207
4583,63.63999938964844,64.40377044677734
4584,43.790000915527344,39.515716552734375
4585,19.110000610351562,17.901519775390625
4586,20.3799991607666,18.742549896240234
4587,21.209999084472656,20.879085540771484
4588,26.639999389648438,25.63314437866211
4589,28.1299991607666,26.922767639160156
4590,63.599998474121094,65.14059448242188
4591,17.770000457763672,17.21225357055664
4592,15.75,15.1487398147583
4593,33.65999984741211,30.892295837402344
4594,64.5999984741211,59.337181091308594
4595,23.860000610351562,21.796863555908203
4596,26.420000076293945,26.7008056640625
4597,13.020000457763672,12.209733009338379
4598,10.960000038146973,7.023959159851074
4599,41.130001068115234,40.85960006713867
4600,14.779999732971191,13.872245788574219
4601,3.359999895095825,1.6810752153396606
4602,7.449999809265137,7.106457233428955
4603,7.440000057220459,7.246171474456787
4604,15.34000015258789,13.387743949890137
4605,59.70000076293945,56.28131866455078
4606,11.180000305175781,10.054458618164062
4607,21.43000030517578,22.04298973083496
4608,34.83000183105469,32.5944938659668
4609,23.219999313354492,23.00863265991211
4610,35.380001068115234,34.96415710449219
4611,23.799999237060547,23.01449203491211
4612,28.75,26.45635986328125
4613,45.439998626708984,51.12877655029297
4614,22.639999389648438,18.816787719726562
4615,49.18000030517578,46.521034240722656
4616,22.59000015258789,23.06822967529297
4617,33.720001220703125,33.47900390625
4618,20.6299991607666,19.077484130859375
4619,29.75,30.342681884765625
4620,28.84000015258789,28.53835105895996
4621,11.260000228881836,10.392684936523438
4622,37.7400016784668,38.010555267333984
4623,9.579999923706055,8.465978622436523
4624,39.150001525878906,37.547462463378906
4625,46.779998779296875,45.150917053222656
4626,7.170000076293945,5.62093448638916
4627,1.6299999952316284,2.041106939315796
4628,14.449999809265137,12.598774909973145
4629,38.189998626708984,35.783119201660156
4630,53.630001068115234,51.133270263671875
4631,29.229999542236328,27.166019439697266
4632,24.489999771118164,22.22197723388672
4633,35.790000915527344,35.20609664916992
4634,18.600000381469727,16.36846160888672
4635,30.979999542236328,30.561859130859375
4636,12.270000457763672,10.878581047058105
4637,63.52000045776367,57.22967529296875
4638,62.150001525878906,57.51247024536133
4639,38.93000030517578,38.43642807006836
4640,43.45000076293945,42.971580505371094
4641,35.779998779296875,36.595340728759766
4642,52.79999923706055,49.25114822387695
4643,10.420000076293945,10.263772964477539
4644,16.010000228881836,15.546467781066895
4645,22.690000534057617,22.055187225341797
4646,15.670000076293945,14.605377197265625
4647,26.739999771118164,25.892478942871094
4648,19.139999389648438,18.24087905883789
4649,1.75,1.518250584602356
4650,47.310001373291016,46.969783782958984
4651,35.150001525878906,34.76530075073242
4652,17.709999084472656,16.049518585205078
4653,49.029998779296875,50.98777770996094
4654,23.690000534057617,24.017303466796875
4655,74.30999755859375,73.55402374267578
4656,49.84000015258789,45.85947036743164
4657,33.16999816894531,31.124963760375977
4658,11.180000305175781,10.27660083770752
4659,15.920000076293945,14.707616806030273
4660,16.270000457763672,13.834842681884766
4661,5.46999979019165,4.177456378936768
4662,13.789999961853027,12.934491157531738
4663,39.040000915527344,38.662845611572266
4664,29.770000457763672,27.609867095947266
4665,7.710000038146973,5.0413360595703125
4666,47.349998474121094,42.4620361328125
4667,23.959999084472656,22.48326873779297
4668,3.359999895095825,2.3137965202331543
4669,9.789999961853027,7.724416732788086
4670,44.369998931884766,42.099239349365234
4671,12.600000381469727,10.570413589477539
4672,19.649999618530273,19.40999984741211
4673,4.920000076293945,3.4514403343200684
4674,14.5600004196167,13.339893341064453
4675,22.81999969482422,22.52584457397461
4676,33.310001373291016,29.822525024414062
4677,9.09000015258789,8.828460693359375
4678,24.829999923706055,25.47046661376953
4679,32.4900016784668,35.09328079223633
4680,41.779998779296875,37.433494567871094
4681,52.040000915527344,50.577518463134766
4682,19.020000457763672,17.864990234375
4683,21.969999313354492,24.046457290649414
4684,39.83000183105469,39.3738899230957
4685,29.43000030517578,29.164012908935547
4686,15.720000267028809,14.621088981628418
4687,21.350000381469727,18.504959106445312
4688,19.700000762939453,17.979021072387695
4689,7.429999828338623,7.65973424911499
4690,43.77000045776367,42.431434631347656
4691,23.360000610351562,22.779804229736328
4692,55.7400016784668,55.86375045776367
4693,52.20000076293945,52.34184646606445
4694,29.520000457763672,27.071094512939453
4695,23.540000915527344,21.776704788208008
4696,36.11000061035156,37.98237228393555
4697,18.260000228881836,17.51380729675293
4698,28.610000610351562,25.05315399169922
4699,26.290000915527344,24.34185791015625
4700,12.199999809265137,11.931665420532227
4701,25.719999313354492,23.807035446166992
4702,11.260000228881836,9.425151824951172
4703,43.119998931884766,43.07598876953125
4704,29.059999465942383,29.935863494873047
4705,35.5,35.43335723876953
4706,28.489999771118164,27.720699310302734
4707,66.70999908447266,64.64356231689453
4708,61.310001373291016,58.969886779785156
4709,23.989999771118164,21.474206924438477
4710,17.329999923706055,14.609646797180176
4711,21.43000030517578,20.011032104492188
4712,43.02000045776367,40.84419631958008
4713,34.66999816894531,34.15250015258789
4714,15.0,15.852751731872559
4715,40.2599983215332,38.8253059387207
4716,22.719999313354492,20.568937301635742
4717,17.719999313354492,17.374919891357422
4718,32.810001373291016,30.986400604248047
4719,12.579999923706055,11.646477699279785
4720,37.4900016784668,35.45137023925781
4721,27.90999984741211,27.741748809814453
4722,14.949999809265137,13.12005615234375
4723,25.770000457763672,26.50008201599121
4724,27.25,26.205841064453125
4725,24.520000457763672,23.749486923217773
4726,13.760000228881836,13.021096229553223
4727,35.43000030517578,33.94630813598633
4728,7.53000020980835,5.551407337188721
4729,6.730000019073486,6.4665656089782715
4730,37.33000183105469,36.675201416015625
4731,13.609999656677246,13.5192232131958
4732,20.34000015258789,20.008983612060547
4733,8.619999885559082,7.918298721313477
4734,42.27000045776367,41.051536560058594
4735,23.979999542236328,23.870485305786133
4736,18.479999542236328,17.657569885253906
4737,17.1299991607666,16.1201171875
4738,10.399999618530273,9.4428071975708
4739,43.709999084472656,42.260498046875
4740,8.510000228881836,7.823183059692383
4741,32.97999954223633,29.321792602539062
4742,63.65999984741211,60.017967224121094
4743,27.59000015258789,28.146320343017578
4744,7.710000038146973,7.83723783493042
4745,30.520000457763672,32.1711540222168
4746,27.93000030517578,27.971027374267578
4747,32.439998626708984,30.271541595458984
4748,41.02000045776367,38.64952850341797
4749,56.2400016784668,58.86796188354492
4750,19.489999771118164,18.670700073242188
4751,32.45000076293945,31.869888305664062
4752,24.920000076293945,24.059410095214844
4753,21.1299991607666,20.982858657836914
4754,26.799999237060547,23.09046745300293
4755,9.140000343322754,9.132863998413086
4756,29.1200008392334,26.557964324951172
4757,5.5,4.030330657958984
4758,43.25,42.05278015136719
4759,21.549999237060547,19.56448745727539
4760,21.690000534057617,21.287429809570312
4761,28.770000457763672,28.048904418945312
4762,14.550000190734863,13.659139633178711
4763,37.43000030517578,34.03785705566406
4764,16.459999084472656,15.094239234924316
4765,30.030000686645508,27.85689926147461
4766,45.869998931884766,46.5347785949707
4767,58.45000076293945,58.09056091308594
4768,4.619999885559082,4.195336818695068
4769,2.5,1.3342571258544922
4770,56.11000061035156,53.8206787109375
4771,25.440000534057617,23.866981506347656
4772,54.310001373291016,51.20201873779297
4773,9.430000305175781,9.835700035095215
4774,5.420000076293945,5.353594779968262
4775,30.3700008392334,30.74908447265625
4776,49.939998626708984,52.30887222290039
4777,18.81999969482422,17.385940551757812
4778,18.90999984741211,17.383304595947266
4779,26.889999389648438,27.380138397216797
4780,3.799999952316284,3.0572845935821533
4781,38.38999938964844,39.59280014038086
4782,34.349998474121094,34.177818298339844
4783,22.81999969482422,21.688186645507812
4784,14.25,14.066583633422852
4785,32.099998474121094,33.69660949707031
4786,66.6500015258789,68.36058044433594
4787,25.139999389648438,22.591827392578125
4788,35.22999954223633,34.8464469909668
4789,12.460000038146973,10.578140258789062
4790,47.439998626708984,48.618770599365234
4791,48.27000045776367,45.21363830566406
4792,19.290000915527344,17.744279861450195
4793,15.649999618530273,14.49315357208252
4794,23.530000686645508,22.807415008544922
4795,15.260000228881836,14.062959671020508
4796,11.829999923706055,10.938075065612793
4797,5.869999885559082,6.022668361663818
4798,9.520000457763672,7.876680374145508
4799,56.02000045776367,54.63299560546875
4800,15.729999542236328,14.599764823913574
4801,16.760000228881836,15.381575584411621
4802,10.6899995803833,10.613801956176758
4803,18.739999771118164,18.62013816833496
4804,13.350000381469727,12.051436424255371
4805,22.229999542236328,21.933021545410156
4806,6.349999904632568,4.925420761108398
4807,17.700000762939453,16.721250534057617
4808,20.209999084472656,19.352951049804688
4809,52.04999923706055,50.84907531738281
4810,70.43000030517578,64.51577758789062
4811,21.139999389648438,19.921337127685547
4812,50.43000030517578,49.159427642822266
4813,13.0600004196167,13.264622688293457
4814,61.04999923706055,62.28590393066406
4815,20.299999237060547,19.42637062072754
4816,29.34000015258789,27.061748504638672
4817,12.039999961853027,10.852228164672852
4818,72.7699966430664,67.70267486572266
4819,30.84000015258789,30.05248260498047
4820,8.569999694824219,7.7672224044799805
4821,8.670000076293945,7.557126045227051
4822,47.02000045776367,45.74071502685547
4823,52.369998931884766,39.62963104248047
4824,14.479999542236328,13.984540939331055
4825,18.950000762939453,18.625896453857422
4826,35.47999954223633,33.99283981323242
4827,45.779998779296875,46.28754806518555
4828,60.810001373291016,58.6406135559082
4829,20.280000686645508,20.615276336669922
4830,62.5,62.465248107910156
4831,5.110000133514404,3.8852920532226562
4832,31.31999969482422,29.921749114990234
4833,53.65999984741211,55.06901550292969
4834,61.380001068115234,57.80345916748047
4835,12.34000015258789,13.091435432434082
4836,8.539999961853027,6.526776313781738
4837,16.84000015258789,16.010204315185547
4838,50.90999984741211,42.399803161621094
4839,39.0,36.84142303466797
4840,44.11000061035156,47.842899322509766
4841,9.789999961853027,8.4072904586792
4842,55.189998626708984,52.72643280029297
4843,25.729999542236328,26.45303726196289
4844,33.369998931884766,31.800045013427734
4845,27.860000610351562,27.97588539123535
4846,5.309999942779541,3.9154305458068848
4847,28.350000381469727,27.116519927978516
4848,20.290000915527344,17.448410034179688
4849,4.75,3.390681266784668
4850,55.70000076293945,54.26665496826172
4851,12.729999542236328,12.7945556640625
4852,22.459999084472656,23.41431427001953
4853,31.8700008392334,31.17620277404785
4854,12.569999694824219,11.662635803222656
4855,23.25,23.55768585205078
4856,36.84000015258789,35.24576187133789
4857,24.479999542236328,22.88054084777832
4858,33.02000045776367,32.72257995605469
4859,29.780000686645508,30.692100524902344
4860,4.829999923706055,2.7049193382263184
4861,37.459999084472656,36.6654167175293
4862,52.869998931884766,51.604007720947266
4863,15.529999732971191,16.09347152709961
4864,53.130001068115234,51.8056640625
4865,24.34000015258789,22.003326416015625
4866,37.16999816894531,40.62445831298828
4867,52.16999816894531,53.44099426269531
4868,67.79000091552734,68.03126525878906
4869,29.350000381469727,27.91278076171875
4870,28.860000610351562,27.477066040039062
4871,5.489999771118164,3.409205675125122
4872,14.329999923706055,13.519716262817383
4873,19.610000610351562,19.076568603515625
4874,49.630001068115234,45.67551803588867
4875,10.699999809265137,9.49256420135498
4876,15.180000305175781,13.846368789672852
4877,51.279998779296875,52.32208251953125
4878,22.780000686645508,21.989768981933594
4879,38.470001220703125,36.85495376586914
4880,18.75,18.406383514404297
4881,5.0,3.3599112033843994
4882,73.18000030517578,69.56591796875
4883,21.389999389648438,19.709476470947266
4884,33.369998931884766,33.069454193115234
4885,15.8100004196167,14.364557266235352
4886,16.579999923706055,16.21660804748535
4887,42.060001373291016,38.81597900390625
4888,25.09000015258789,24.684303283691406
4889,56.25,56.30935287475586
4890,15.960000038146973,15.138154983520508
4891,7.050000190734863,7.3403215408325195
4892,13.979999542236328,12.931735038757324
4893,31.510000228881836,29.398181915283203
4894,16.8799991607666,16.498010635375977
4895,38.31999969482422,37.242027282714844
4896,52.56999969482422,50.06073760986328
4897,44.5099983215332,42.113609313964844
4898,15.390000343322754,14.940075874328613
4899,49.43000030517578,44.37761688232422
4900,50.540000915527344,51.24927520751953
4901,40.11000061035156,37.7723274230957
4902,75.48999786376953,60.66023635864258
4903,26.950000762939453,24.897390365600586
4904,45.209999084472656,44.399898529052734
4905,15.65999984741211,12.282745361328125
4906,11.15999984741211,10.132590293884277
4907,8.239999771118164,7.5132951736450195
4908,56.70000076293945,52.39669418334961
4909,38.810001373291016,37.33131790161133
4910,40.2599983215332,37.38169479370117
4911,31.719999313354492,28.949993133544922
4912,8.960000038146973,8.092845916748047
4913,2.240000009536743,2.1048505306243896
4914,38.88999938964844,38.705078125
4915,33.900001525878906,32.978729248046875
4916,9.579999923706055,7.975553035736084
4917,12.640000343322754,12.005001068115234
4918,9.479999542236328,9.12299919128418
4919,54.5,52.78507995605469
4920,29.229999542236328,25.372339248657227
4921,20.670000076293945,19.217641830444336
4922,46.40999984741211,46.39316940307617
4923,40.83000183105469,43.06412124633789
4924,20.81999969482422,19.313425064086914
4925,13.960000038146973,12.464200019836426
4926,40.779998779296875,39.963829040527344
4927,44.560001373291016,46.58317184448242
4928,16.299999237060547,15.787337303161621
4929,45.650001525878906,47.53470230102539
4930,45.38999938964844,39.06145477294922
4931,13.300000190734863,11.710829734802246
4932,43.04999923706055,45.01283264160156
4933,29.510000228881836,27.584369659423828
4934,24.170000076293945,21.837982177734375
4935,15.369999885559082,15.672812461853027
4936,19.3799991607666,18.109949111938477
4937,11.779999732971191,10.864267349243164
4938,73.44000244140625,72.93111419677734
4939,31.959999084472656,31.973140716552734
4940,55.560001373291016,52.79738235473633
4941,62.79999923706055,63.70817947387695
4942,32.43000030517578,32.33600997924805
4943,4.010000228881836,3.0444416999816895
4944,30.09000015258789,28.051864624023438
4945,4.690000057220459,3.444634437561035
4946,7.460000038146973,5.583504676818848
4947,46.209999084472656,44.30738067626953
4948,9.25,8.457600593566895
4949,41.959999084472656,40.61750793457031
4950,15.369999885559082,14.298806190490723
4951,27.360000610351562,25.673919677734375
4952,64.79000091552734,63.080711364746094
4953,15.0,13.427648544311523
4954,16.81999969482422,16.02043342590332
4955,21.899999618530273,21.246227264404297
4956,44.630001068115234,44.28651428222656
4957,27.780000686645508,26.928447723388672
4958,24.209999084472656,23.84864044189453
4959,7.699999809265137,7.02690315246582
4960,44.650001525878906,38.91035079956055
4961,46.4900016784668,47.03892517089844
4962,65.6500015258789,59.59037780761719
4963,39.45000076293945,37.60722351074219
4964,26.149999618530273,24.69881820678711
4965,55.83000183105469,54.32599639892578
4966,67.05999755859375,68.45771026611328
4967,22.40999984741211,22.051298141479492
4968,13.289999961853027,13.339665412902832
4969,10.529999732971191,10.721083641052246
4970,37.650001525878906,35.31181335449219
4971,21.829999923706055,20.747295379638672
4972,37.060001373291016,37.143760681152344
4973,9.34000015258789,8.278995513916016
4974,17.579999923706055,15.965621948242188
4975,21.149999618530273,20.245525360107422
4976,9.199999809265137,9.504416465759277
4977,24.049999237060547,22.82087516784668
4978,11.149999618530273,11.203583717346191
4979,17.1200008392334,15.579915046691895
4980,16.959999084472656,13.249979972839355
4981,10.829999923706055,11.214797019958496
4982,4.019999980926514,1.7349460124969482
4983,49.59000015258789,47.43756866455078
4984,53.63999938964844,49.32819747924805
4985,27.350000381469727,26.297496795654297
4986,21.600000381469727,20.73108673095703
4987,26.15999984741211,25.863771438598633
4988,67.45999908447266,58.60116958618164
4989,10.180000305175781,9.031736373901367
4990,11.949999809265137,11.351572036743164
4991,30.81999969482422,29.582231521606445
4992,19.600000381469727,18.23322868347168
4993,28.43000030517578,27.34454917907715
4994,19.770000457763672,19.94401741027832
4995,21.139999389648438,22.265256881713867
4996,54.11000061035156,53.6485595703125
4997,29.729999542236328,28.874267578125
4998,40.88999938964844,38.18867874145508
4999,57.959999084472656,53.155174255371094
5000,12.300000190734863,11.904243469238281
5001,43.880001068115234,42.71699142456055
5002,21.489999771118164,19.491230010986328
5003,30.110000610351562,28.30877113342285
5004,20.149999618530273,17.63682746887207
5005,8.34000015258789,7.271577835083008
5006,24.110000610351562,22.148591995239258
5007,20.1299991607666,18.46520233154297
5008,6.679999828338623,8.106796264648438
5009,36.18000030517578,30.174131393432617
5010,9.989999771118164,9.632101058959961
5011,35.7599983215332,35.76487350463867
5012,10.260000228881836,9.497550964355469
5013,33.70000076293945,36.09858703613281
5014,40.79999923706055,40.43128204345703
5015,17.280000686645508,16.12179946899414
5016,12.779999732971191,11.266274452209473
5017,3.7899999618530273,2.6307260990142822
5018,4.329999923706055,4.274414539337158
5019,46.11000061035156,46.71604919433594
5020,8.670000076293945,7.3514790534973145
5021,15.65999984741211,14.916847229003906
5022,16.329999923706055,13.727837562561035
5023,79.12000274658203,76.9869613647461
5024,18.75,18.03631591796875
5025,30.649999618530273,27.778276443481445
5026,23.56999969482422,22.553712844848633
5027,18.139999389648438,17.8064022064209
5028,31.25,27.701210021972656
5029,10.710000038146973,9.799769401550293
5030,0.7300000190734863,1.1049927473068237
5031,57.650001525878906,59.304107666015625
5032,31.100000381469727,29.77337646484375
5033,44.130001068115234,41.392356872558594
5034,12.239999771118164,11.105316162109375
5035,15.0600004196167,13.671285629272461
5036,56.810001373291016,54.590721130371094
5037,38.93000030517578,36.39903259277344
5038,24.290000915527344,23.22418975830078
5039,41.29999923706055,40.8297119140625
5040,17.209999084472656,16.21351432800293
5041,21.18000030517578,19.854629516601562
5042,28.239999771118164,29.70663833618164
5043,10.300000190734863,10.203861236572266
5044,22.25,20.336088180541992
5045,28.850000381469727,26.365257263183594
5046,18.479999542236328,19.504880905151367
5047,32.34000015258789,33.499813079833984
5048,24.459999084472656,23.291597366333008
5049,47.970001220703125,41.99433898925781
5050,22.760000228881836,21.705400466918945
5051,49.029998779296875,49.1217041015625
5052,36.83000183105469,35.693870544433594
5053,47.2400016784668,47.834285736083984
5054,26.56999969482422,23.693058013916016
5055,46.83000183105469,44.76707458496094
5056,37.619998931884766,37.67795944213867
5057,6.269999980926514,5.22737455368042
5058,49.04999923706055,45.76758575439453
5059,19.989999771118164,17.393526077270508
5060,10.489999771118164,10.011514663696289
5061,18.920000076293945,17.192235946655273
5062,24.18000030517578,23.714170455932617
5063,7.03000020980835,6.221555709838867
5064,8.0,7.201784610748291
5065,39.4900016784668,39.5804328918457
5066,11.319999694824219,11.172048568725586
5067,21.719999313354492,19.773618698120117
5068,53.25,51.91041564941406
5069,23.8799991607666,23.022884368896484
5070,14.0,10.718742370605469
5071,8.029999732971191,7.950750350952148
5072,33.43000030517578,33.25429153442383
5073,8.800000190734863,8.40951919555664
5074,30.899999618530273,30.659706115722656
5075,29.979999542236328,27.786874771118164
5076,15.529999732971191,14.667540550231934
5077,9.319999694824219,8.38209342956543
5078,32.560001373291016,30.385005950927734
5079,38.41999816894531,36.79125213623047
5080,31.239999771118164,28.710494995117188
5081,31.700000762939453,30.526506423950195
5082,36.72999954223633,35.14008331298828
5083,5.28000020980835,3.8171730041503906
5084,7.550000190734863,4.662506103515625
5085,54.47999954223633,55.14182662963867
5086,17.31999969482422,16.710290908813477
5087,37.61000061035156,37.244659423828125
5088,36.0,33.47679901123047
5089,36.939998626708984,30.767833709716797
5090,13.600000381469727,13.162104606628418
5091,55.84000015258789,51.05182647705078
5092,42.869998931884766,40.083702087402344
5093,58.0,52.48773193359375
5094,35.810001373291016,33.539947509765625
5095,14.510000228881836,13.870535850524902
5096,25.520000457763672,31.888254165649414
5097,10.880000114440918,8.311960220336914
5098,52.040000915527344,54.388710021972656
5099,43.18000030517578,44.39445495605469
5100,2.680000066757202,3.366783380508423
5101,27.809999465942383,25.21098518371582
5102,36.83000183105469,41.4482536315918
5103,37.630001068115234,35.25253677368164
5104,39.810001373291016,38.12261199951172
5105,6.429999828338623,5.347523212432861
5106,6.489999771118164,4.909542083740234
5107,26.649999618530273,24.95145034790039
5108,36.7400016784668,35.46186828613281
5109,5.599999904632568,4.616393089294434
5110,54.369998931884766,55.717655181884766
5111,12.489999771118164,12.99817943572998
5112,17.09000015258789,15.462016105651855
5113,44.52000045776367,43.28165817260742
5114,1.9500000476837158,1.132062315940857
5115,17.799999237060547,16.269514083862305
5116,1.8300000429153442,1.6961115598678589
5117,13.460000038146973,12.939658164978027
5118,12.0600004196167,11.075342178344727
5119,19.43000030517578,17.856046676635742
5120,6.119999885559082,4.525304794311523
5121,32.2599983215332,31.008651733398438
5122,33.27000045776367,32.834957122802734
5123,21.389999389648438,19.715587615966797
5124,5.570000171661377,4.553560256958008
5125,26.829999923706055,26.846044540405273
5126,15.270000457763672,14.459299087524414
5127,29.290000915527344,29.111602783203125
5128,19.799999237060547,19.026538848876953
5129,4.679999828338623,4.151508808135986
5130,24.979999542236328,23.88671112060547
5131,33.290000915527344,33.730533599853516
5132,18.950000762939453,18.89793586730957
5133,26.729999542236328,28.53631591796875
5134,17.079999923706055,16.325458526611328
5135,17.790000915527344,18.2380313873291
5136,13.130000114440918,12.396463394165039
5137,7.230000019073486,6.718608856201172
5138,33.130001068115234,34.968849182128906
5139,46.880001068115234,46.692047119140625
5140,8.569999694824219,5.848685264587402
5141,27.170000076293945,26.309141159057617
5142,38.97999954223633,37.33998107910156
5143,38.02000045776367,35.71685028076172
5144,22.170000076293945,20.039417266845703
5145,23.170000076293945,22.342266082763672
5146,19.459999084472656,19.19917869567871
5147,27.030000686645508,25.600547790527344
5148,37.20000076293945,34.757381439208984
5149,15.15999984741211,13.217704772949219
5150,21.690000534057617,20.633554458618164
5151,18.8799991607666,19.262405395507812
5152,26.450000762939453,23.727128982543945
5153,16.809999465942383,16.160303115844727
5154,9.729999542236328,9.276712417602539
5155,9.09000015258789,6.031229019165039
5156,34.95000076293945,32.587398529052734
5157,14.829999923706055,13.156413078308105
5158,26.09000015258789,24.537689208984375
5159,30.68000030517578,30.80414581298828
5160,40.650001525878906,39.47367477416992
5161,27.489999771118164,26.61858367919922
5162,35.13999938964844,28.853483200073242
5163,11.859999656677246,11.080368041992188
5164,8.920000076293945,9.109511375427246
5165,21.420000076293945,24.984844207763672
5166,32.77000045776367,32.73323059082031
5167,16.459999084472656,14.86472225189209
5168,14.600000381469727,13.255986213684082
5169,30.09000015258789,28.515117645263672
5170,47.709999084472656,45.49781036376953
5171,42.439998626708984,43.95717239379883
5172,17.920000076293945,16.972238540649414
5173,30.559999465942383,31.1278076171875
5174,29.799999237060547,30.386302947998047
5175,45.189998626708984,44.89572525024414
5176,15.0600004196167,14.404230117797852
5177,12.899999618530273,12.943845748901367
5178,5.130000114440918,3.9643635749816895
5179,55.20000076293945,53.07269287109375
5180,22.450000762939453,21.024248123168945
5181,25.799999237060547,24.74530601501465
5182,10.539999961853027,9.916279792785645
5183,26.440000534057617,25.458908081054688
5184,28.469999313354492,27.54852294921875
5185,23.600000381469727,23.668842315673828
5186,36.25,35.43732833862305
5187,37.9900016784668,36.40316390991211
5188,20.809999465942383,20.10782814025879
5189,12.550000190734863,12.573296546936035
5190,37.47999954223633,38.744590759277344
5191,17.739999771118164,14.518792152404785
5192,43.939998626708984,42.49854278564453
5193,39.720001220703125,39.166526794433594
5194,23.31999969482422,22.4209041595459
5195,27.739999771118164,27.723953247070312
5196,52.2599983215332,51.47870635986328
5197,40.25,40.5849609375
5198,5.349999904632568,3.980281114578247
5199,67.27999877929688,67.59278869628906
5200,2.7200000286102295,1.554770827293396
5201,49.06999969482422,49.512176513671875
5202,19.790000915527344,18.84558868408203
5203,18.309999465942383,17.839088439941406
5204,27.239999771118164,28.241680145263672
5205,13.109999656677246,12.309890747070312
5206,16.84000015258789,17.956594467163086
5207,61.959999084472656,59.98027420043945
5208,19.75,19.312515258789062
5209,21.079999923706055,20.247817993164062
5210,31.899999618530273,30.91055679321289
5211,15.9399995803833,14.304479598999023
5212,71.93000030517578,58.13930892944336
5213,19.690000534057617,19.498756408691406
5214,16.520000457763672,14.414790153503418
5215,28.479999542236328,27.923946380615234
5216,51.70000076293945,44.89772033691406
5217,21.809999465942383,20.98238754272461
5218,25.489999771118164,22.579792022705078
5219,25.209999084472656,22.700679779052734
5220,42.650001525878906,43.751495361328125
5221,10.210000038146973,7.674217224121094
5222,25.809999465942383,26.35198974609375
5223,45.72999954223633,46.300811767578125
5224,21.6200008392334,19.757781982421875
5225,42.7400016784668,43.59587860107422
5226,27.440000534057617,24.999778747558594
5227,8.779999732971191,7.885784149169922
5228,29.959999084472656,29.006750106811523
5229,7.010000228881836,5.859583377838135
5230,15.529999732971191,14.857535362243652
5231,55.04999923706055,62.02082061767578
5232,21.6200008392334,22.305334091186523
5233,26.350000381469727,26.939659118652344
5234,40.099998474121094,37.00332260131836
5235,10.979999542236328,10.206130027770996
5236,25.5,24.99648666381836
5237,33.43000030517578,33.44044494628906
5238,16.610000610351562,17.8842830657959
5239,53.36000061035156,50.53105545043945
5240,41.2599983215332,40.41080856323242
5241,14.829999923706055,13.628271102905273
5242,7.03000020980835,6.015988826751709
5243,16.329999923706055,14.777905464172363
5244,26.280000686645508,25.750831604003906
5245,7.360000133514404,8.23636531829834
5246,35.720001220703125,36.19987106323242
5247,37.11000061035156,36.86453628540039
5248,36.33000183105469,34.14638137817383
5249,7.550000190734863,7.0369954109191895
5250,10.020000457763672,8.655618667602539
5251,14.449999809265137,13.375726699829102
5252,42.900001525878906,42.33726501464844
5253,4.730000019073486,4.154752731323242
5254,39.7599983215332,43.43126678466797
5255,54.56999969482422,51.249473571777344
5256,5.159999847412109,3.6784656047821045
5257,43.93000030517578,42.677146911621094
5258,29.219999313354492,27.359094619750977
5259,24.239999771118164,22.653696060180664
5260,16.489999771118164,16.42817497253418
5261,48.849998474121094,47.50092697143555
5262,3.690000057220459,3.059048652648926
5263,47.56999969482422,46.12981414794922
5264,30.860000610351562,29.087499618530273
5265,25.770000457763672,25.75904083251953
5266,35.810001373291016,35.71579360961914
5267,27.6200008392334,25.345252990722656
5268,11.729999542236328,10.72607135772705
5269,32.65999984741211,31.37811851501465
5270,36.34000015258789,33.01136016845703
5271,8.649999618530273,7.526114463806152
5272,6.03000020980835,6.082423686981201
5273,32.720001220703125,33.558380126953125
5274,8.5600004196167,8.614888191223145
5275,58.630001068115234,57.66162109375
5276,29.709999084472656,31.266786575317383
5277,20.530000686645508,20.78013801574707
5278,27.049999237060547,25.84286117553711
5279,19.010000228881836,17.707063674926758
5280,56.22999954223633,53.55506896972656
5281,50.75,48.51774215698242
5282,19.1299991607666,16.868995666503906
5283,37.220001220703125,34.54838562011719
5284,35.869998931884766,35.86581039428711
5285,36.11000061035156,33.919090270996094
5286,36.119998931884766,36.33606719970703
5287,32.97999954223633,31.601146697998047
5288,27.639999389648438,26.849281311035156
5289,34.09000015258789,31.93644142150879
5290,26.31999969482422,24.947872161865234
5291,34.470001220703125,35.107112884521484
5292,10.0,9.455841064453125
5293,44.189998626708984,44.975852966308594
5294,60.290000915527344,54.12836456298828
5295,8.0,7.521031379699707
5296,38.41999816894531,40.13232421875
5297,22.989999771118164,20.273658752441406
5298,23.579999923706055,23.026363372802734
5299,39.88999938964844,37.847434997558594
5300,23.149999618530273,22.522567749023438
5301,28.25,28.25114631652832
5302,52.2400016784668,51.47766876220703
5303,10.09000015258789,9.640934944152832
5304,33.54999923706055,35.97621536254883
5305,23.139999389648438,20.903087615966797
5306,2.9200000762939453,2.462486982345581
5307,25.040000915527344,23.443634033203125
5308,33.849998474121094,32.893917083740234
5309,42.91999816894531,41.115966796875
5310,41.849998474121094,36.566627502441406
5311,24.950000762939453,25.120615005493164
5312,66.31999969482422,64.0980453491211
5313,57.47999954223633,59.39329528808594
5314,16.81999969482422,15.272724151611328
5315,34.36000061035156,32.79920959472656
5316,25.719999313354492,25.835098266601562
5317,26.1299991607666,26.67853546142578
5318,29.700000762939453,29.91801643371582
5319,21.139999389648438,20.703950881958008
5320,51.290000915527344,49.98222732543945
5321,16.139999389648438,15.632564544677734
5322,42.41999816894531,41.98755645751953
5323,10.649999618530273,7.980000972747803
5324,57.959999084472656,54.033050537109375
5325,25.290000915527344,24.639087677001953
5326,46.029998779296875,43.36976623535156
5327,29.479999542236328,30.299644470214844
5328,23.0,21.978771209716797
5329,18.6200008392334,16.96173858642578
5330,3.359999895095825,2.229872226715088
5331,9.979999542236328,10.777216911315918
5332,5.440000057220459,4.520399570465088
5333,4.090000152587891,3.2197775840759277
5334,17.459999084472656,17.05121612548828
5335,35.349998474121094,35.38048553466797
5336,30.6200008392334,29.12263298034668
5337,25.84000015258789,23.944311141967773
5338,15.199999809265137,14.101607322692871
5339,3.0399999618530273,2.172694206237793
5340,17.59000015258789,16.617610931396484
5341,37.310001373291016,34.30564880371094
5342,8.390000343322754,7.842443943023682
5343,30.81999969482422,28.684206008911133
5344,3.5199999809265137,2.5474278926849365
5345,37.2599983215332,35.62562561035156
5346,20.600000381469727,19.244653701782227
5347,29.549999237060547,27.72154998779297
5348,41.470001220703125,39.0502815246582
5349,38.16999816894531,36.65067672729492
5350,8.260000228881836,5.8524861335754395
5351,35.529998779296875,34.484031677246094
5352,36.65999984741211,35.5919189453125
5353,12.739999771118164,11.99467658996582
5354,31.639999389648438,31.732295989990234
5355,24.190000534057617,22.083232879638672
5356,12.460000038146973,11.230342864990234
5357,14.65999984741211,14.71920394897461
5358,34.15999984741211,33.17605209350586
5359,58.869998931884766,61.61037063598633
5360,8.489999771118164,7.855889797210693
5361,18.600000381469727,17.838062286376953
5362,26.719999313354492,25.252241134643555
5363,29.65999984741211,28.397132873535156
5364,9.729999542236328,8.945653915405273
5365,28.239999771118164,27.87957191467285
5366,22.899999618530273,22.922542572021484
5367,11.600000381469727,10.886960983276367
5368,9.399999618530273,9.13660717010498
5369,54.31999969482422,55.036033630371094
5370,39.16999816894531,34.516502380371094
5371,53.29999923706055,56.680301666259766
5372,48.619998931884766,48.075531005859375
5373,23.270000457763672,22.657804489135742
5374,41.58000183105469,40.874351501464844
5375,30.329999923706055,29.465593338012695
5376,28.889999389648438,29.8946533203125
5377,35.959999084472656,36.8826904296875
5378,12.720000267028809,11.937653541564941
5379,13.199999809265137,12.408781051635742
5380,19.15999984741211,18.046966552734375
5381,26.450000762939453,25.515268325805664
5382,24.579999923706055,23.636280059814453
5383,28.899999618530273,28.005084991455078
5384,17.690000534057617,17.471715927124023
5385,21.0,19.95654296875
5386,43.209999084472656,40.52620315551758
5387,28.260000228881836,27.835582733154297
5388,41.65999984741211,38.75263977050781
5389,11.329999923706055,8.879589080810547
5390,6.690000057220459,7.911665439605713
5391,19.059999465942383,17.58842658996582
5392,30.329999923706055,27.725112915039062
5393,19.3700008392334,17.187179565429688
5394,44.349998474121094,44.77526092529297
5395,22.93000030517578,21.339168548583984
5396,51.9900016784668,52.83091354370117
5397,39.150001525878906,37.85823059082031
5398,56.65999984741211,57.902061462402344
5399,23.6200008392334,21.80483055114746
5400,22.989999771118164,22.76315689086914
5401,37.060001373291016,35.46731185913086
5402,40.029998779296875,38.814414978027344
5403,5.619999885559082,4.2060747146606445
5404,42.029998779296875,41.96696853637695
5405,40.02000045776367,40.7028694152832
5406,13.569999694824219,12.722620010375977
5407,19.639999389648438,18.64415168762207
5408,36.939998626708984,38.25691223144531
5409,29.190000534057617,29.644573211669922
5410,31.729999542236328,31.70856475830078
5411,15.430000305175781,14.388909339904785
5412,32.939998626708984,33.513336181640625
5413,32.9900016784668,32.7823486328125
5414,6.860000133514404,6.616830825805664
5415,3.7799999713897705,2.3982837200164795
5416,23.489999771118164,20.43951988220215
5417,12.4399995803833,11.883537292480469
5418,71.06999969482422,67.4023666381836
5419,9.699999809265137,8.71338176727295
5420,36.79999923706055,37.185028076171875
5421,14.350000381469727,13.74307632446289
5422,1.5800000429153442,1.1452635526657104
5423,4.960000038146973,4.945065021514893
5424,43.189998626708984,44.20491409301758
5425,70.83000183105469,71.8425064086914
5426,22.6299991607666,20.906015396118164
5427,48.75,48.43883514404297
5428,33.290000915527344,32.1921501159668
5429,18.889999389648438,18.445493698120117
5430,5.329999923706055,4.403285026550293
5431,39.66999816894531,37.357093811035156
5432,18.280000686645508,18.090627670288086
5433,29.84000015258789,28.827972412109375
5434,21.329999923706055,20.2305908203125
5435,64.55000305175781,59.64630889892578
5436,36.15999984741211,36.43865203857422
5437,6.369999885559082,4.681090831756592
5438,18.709999084472656,18.008493423461914
5439,23.549999237060547,22.83048439025879
5440,24.75,24.128738403320312
5441,44.04999923706055,46.115020751953125
5442,15.829999923706055,13.489598274230957
5443,17.600000381469727,15.914782524108887
5444,20.600000381469727,19.5582218170166
5445,27.3799991607666,26.078262329101562
5446,21.299999237060547,19.50696563720703
5447,27.43000030517578,25.43326187133789
5448,29.1299991607666,27.353473663330078
5449,19.790000915527344,19.620874404907227
5450,12.279999732971191,10.836904525756836
5451,36.15999984741211,36.720035552978516
5452,26.309999465942383,24.846343994140625
5453,36.939998626708984,36.37040328979492
5454,64.75,64.1490707397461
5455,29.270000457763672,27.212078094482422
5456,4.929999828338623,3.831343650817871
5457,18.030000686645508,16.64024543762207
5458,27.219999313354492,29.260046005249023
5459,7.989999771118164,7.120209217071533
5460,30.34000015258789,28.4482479095459
5461,42.38999938964844,43.965938568115234
5462,23.520000457763672,22.700170516967773
5463,56.2400016784668,55.965843200683594
5464,32.310001373291016,31.622783660888672
5465,34.06999969482422,32.10670471191406
5466,12.289999961853027,11.510909080505371
5467,2.4200000762939453,2.6142683029174805
5468,35.900001525878906,37.844276428222656
5469,2.9800000190734863,2.5059192180633545
5470,70.2699966430664,66.87226867675781
5471,64.31999969482422,63.71070098876953
5472,19.100000381469727,19.1607666015625
5473,62.970001220703125,62.042236328125
5474,39.70000076293945,41.419837951660156
5475,32.56999969482422,33.18296432495117
5476,14.850000381469727,15.582014083862305
5477,19.059999465942383,18.754735946655273
5478,13.949999809265137,13.17751693725586
5479,34.4900016784668,31.77729034423828
5480,67.9800033569336,67.51361083984375
5481,22.81999969482422,19.26516342163086
5482,5.340000152587891,4.358168601989746
5483,44.81999969482422,40.08674240112305
5484,22.610000610351562,19.708723068237305
5485,46.16999816894531,44.11870193481445
5486,33.81999969482422,32.68339920043945
5487,12.119999885559082,12.139451026916504
5488,46.529998779296875,46.731712341308594
5489,34.4900016784668,32.74977111816406
5490,38.459999084472656,34.944679260253906
5491,9.520000457763672,9.70676326751709
5492,20.219999313354492,19.362119674682617
5493,55.11000061035156,48.1783447265625
5494,22.1200008392334,20.700119018554688
5495,18.40999984741211,17.03779411315918
5496,41.75,40.98012161254883
5497,27.31999969482422,26.529277801513672
5498,31.459999084472656,27.410892486572266
5499,19.719999313354492,18.679529190063477
5500,25.979999542236328,26.108142852783203
5501,6.210000038146973,5.840085983276367
5502,11.1899995803833,10.307550430297852
5503,13.239999771118164,13.169724464416504
5504,55.43000030517578,56.77665710449219
5505,43.40999984741211,41.71250534057617
5506,3.890000104904175,3.3213672637939453
5507,15.359999656677246,14.43996524810791
5508,15.180000305175781,13.918848991394043
5509,18.270000457763672,16.75248908996582
5510,17.469999313354492,15.845904350280762
5511,38.2599983215332,37.850494384765625
5512,63.06999969482422,59.301788330078125
5513,41.529998779296875,44.06420135498047
5514,29.1200008392334,25.918764114379883
5515,30.799999237060547,30.927997589111328
5516,28.059999465942383,29.817747116088867
5517,22.010000228881836,21.103647232055664
5518,5.78000020980835,4.107063293457031
5519,28.0,36.90101623535156
5520,46.59000015258789,44.797855377197266
5521,10.789999961853027,9.921730041503906
5522,73.2699966430664,72.61052703857422
5523,14.229999542236328,13.815593719482422
5524,52.61000061035156,53.967384338378906
5525,23.5,21.871789932250977
5526,28.81999969482422,27.311927795410156
5527,25.260000228881836,22.875307083129883
5528,12.039999961853027,11.211438179016113
5529,14.029999732971191,13.883947372436523
5530,9.069999694824219,8.876607894897461
5531,19.84000015258789,19.748245239257812
5532,59.04999923706055,57.69660568237305
5533,20.610000610351562,20.61255645751953
5534,13.0600004196167,12.25590705871582
5535,17.559999465942383,17.597497940063477
5536,29.670000076293945,28.484853744506836
5537,26.799999237060547,24.722854614257812
5538,25.1200008392334,23.670738220214844
5539,66.43000030517578,65.77726745605469
5540,28.100000381469727,27.04867935180664
5541,2.990000009536743,1.935755729675293
5542,23.420000076293945,23.7100830078125
5543,22.799999237060547,20.999286651611328
5544,22.90999984741211,22.060321807861328
5545,50.13999938964844,49.90570831298828
5546,6.659999847412109,6.011503219604492
5547,36.900001525878906,37.561492919921875
5548,47.47999954223633,45.60521697998047
5549,22.770000457763672,20.150989532470703
5550,12.59000015258789,12.474623680114746
5551,15.9399995803833,15.246220588684082
5552,3.140000104904175,2.308866262435913
5553,23.18000030517578,21.523731231689453
5554,28.600000381469727,30.358924865722656
5555,7.909999847412109,7.406579494476318
5556,40.130001068115234,41.07334899902344
5557,45.790000915527344,42.2729377746582
5558,14.369999885559082,14.066832542419434
5559,22.84000015258789,21.00104522705078
5560,24.760000228881836,23.879314422607422
5561,13.489999771118164,13.130725860595703
5562,10.130000114440918,9.55979061126709
5563,25.06999969482422,24.146408081054688
5564,75.06999969482422,75.21589660644531
5565,1.6100000143051147,3.2144768238067627
5566,19.6200008392334,18.561050415039062
5567,5.400000095367432,4.478079795837402
5568,45.40999984741211,44.88550567626953
5569,7.679999828338623,7.382664680480957
5570,27.299999237060547,26.21179962158203
5571,40.439998626708984,37.89540100097656
5572,57.939998626708984,55.53578567504883
5573,29.540000915527344,28.157894134521484
5574,41.869998931884766,38.871864318847656
5575,5.429999828338623,4.676116466522217
5576,51.189998626708984,49.27016830444336
5577,46.68000030517578,44.79210662841797
5578,37.709999084472656,36.818416595458984
5579,28.139999389648438,27.402589797973633
5580,19.079999923706055,17.561426162719727
5581,12.699999809265137,11.555039405822754
5582,37.130001068115234,35.86693572998047
5583,8.079999923706055,7.4872660636901855
5584,20.450000762939453,20.12961196899414
5585,3.3499999046325684,2.078291416168213
5586,15.0,14.255066871643066
5587,13.300000190734863,12.942347526550293
5588,49.630001068115234,49.7575569152832
5589,45.689998626708984,42.40052032470703
5590,40.689998626708984,38.06307601928711
5591,54.45000076293945,52.97105026245117
5592,31.200000762939453,33.86669921875
5593,35.5,33.27619552612305
5594,12.460000038146973,11.897616386413574
5595,10.6899995803833,9.025649070739746
5596,23.639999389648438,21.860403060913086
5597,6.880000114440918,5.272039890289307
5598,4.690000057220459,3.58613920211792
5599,54.75,53.07415771484375
5600,25.139999389648438,23.18115234375
5601,15.020000457763672,13.720001220703125
5602,29.280000686645508,28.871437072753906
5603,46.7599983215332,47.45296859741211
5604,50.88999938964844,45.341346740722656
5605,43.65999984741211,42.828948974609375
5606,34.16999816894531,35.467803955078125
5607,19.6299991607666,18.137939453125
5608,14.819999694824219,13.69505786895752
5609,27.969999313354492,25.005659103393555
5610,15.859999656677246,13.840601921081543
5611,60.04999923706055,58.80571365356445
5612,20.1299991607666,18.467775344848633
5613,34.790000915527344,30.64217758178711
5614,11.770000457763672,9.9413480758667
5615,52.13999938964844,51.08209991455078
5616,35.720001220703125,33.44037628173828
5617,41.88999938964844,39.782196044921875
5618,1.590000033378601,1.0136831998825073
5619,35.7599983215332,35.49248123168945
5620,78.04000091552734,70.96379089355469
5621,31.790000915527344,29.461978912353516
5622,20.440000534057617,19.753677368164062
5623,31.959999084472656,31.59485626220703
5624,30.149999618530273,29.317716598510742
5625,54.59000015258789,51.20262908935547
5626,14.829999923706055,13.835811614990234
5627,11.739999771118164,11.482222557067871
5628,13.789999961853027,12.856860160827637
5629,3.3399999141693115,1.9083853960037231
5630,31.479999542236328,29.736591339111328
5631,15.8100004196167,14.665349960327148
5632,38.63999938964844,33.39807891845703
5633,6.909999847412109,6.450779438018799
5634,25.899999618530273,26.084440231323242
5635,37.13999938964844,36.200462341308594
5636,42.59000015258789,39.86833190917969
5637,19.520000457763672,19.8817195892334
5638,51.95000076293945,51.020538330078125
5639,25.690000534057617,24.61904525756836
5640,39.630001068115234,38.61684799194336
5641,18.190000534057617,16.02161407470703
5642,42.86000061035156,42.862308502197266
5643,7.78000020980835,4.652890682220459
5644,55.54999923706055,57.93702697753906
5645,7.5,6.992878437042236
5646,12.0,12.05764102935791
5647,6.03000020980835,5.732489109039307
5648,23.459999084472656,22.490732192993164
5649,41.5,42.93794250488281
5650,12.779999732971191,11.830702781677246
5651,56.689998626708984,54.280792236328125
5652,40.34000015258789,36.97105407714844
5653,35.380001068115234,33.27806091308594
5654,11.09000015258789,12.437868118286133
5655,18.290000915527344,17.99417495727539
5656,22.81999969482422,19.801172256469727
5657,7.980000019073486,7.400893688201904
5658,45.779998779296875,45.58094787597656
5659,57.849998474121094,51.303062438964844
5660,5.429999828338623,6.0010294914245605
5661,49.27000045776367,46.60861587524414
5662,4.760000228881836,3.459299087524414
5663,49.099998474121094,48.513587951660156
5664,33.88999938964844,34.71794128417969
5665,39.939998626708984,38.77871322631836
5666,62.439998626708984,60.56356430053711
5667,39.540000915527344,40.4691162109375
5668,31.719999313354492,29.920074462890625
5669,23.899999618530273,23.63823890686035
5670,10.399999618530273,8.912330627441406
5671,23.739999771118164,22.74673080444336
5672,6.110000133514404,4.013837814331055
5673,47.31999969482422,45.677276611328125
5674,12.130000114440918,11.007107734680176
5675,7.590000152587891,6.109220504760742
5676,32.75,34.32958984375
5677,36.619998931884766,34.79420471191406
5678,27.8799991607666,26.27948570251465
5679,45.880001068115234,42.7725830078125
5680,55.560001373291016,55.18217086791992
5681,7.829999923706055,7.578326225280762
5682,68.73999786376953,67.44092559814453
5683,52.04999923706055,57.67548370361328
5684,45.09000015258789,36.494163513183594
5685,12.319999694824219,11.693201065063477
5686,24.68000030517578,24.404186248779297
5687,49.459999084472656,49.03684997558594
5688,25.899999618530273,25.313955307006836
5689,32.9900016784668,32.532405853271484
5690,4.710000038146973,3.446220874786377
5691,25.969999313354492,23.800437927246094
5692,40.5,41.0421028137207
5693,10.5600004196167,10.536792755126953
5694,6.050000190734863,5.465521335601807
5695,16.270000457763672,17.17289161682129
5696,43.38999938964844,42.533294677734375
5697,23.829999923706055,23.305234909057617
5698,17.25,15.24628734588623
5699,45.27000045776367,42.53085708618164
5700,32.93000030517578,32.378604888916016
5701,47.0,47.542293548583984
5702,9.0,8.411165237426758
5703,46.900001525878906,44.814613342285156
5704,13.079999923706055,12.379342079162598
5705,47.529998779296875,48.69613265991211
5706,24.020000457763672,22.895612716674805
5707,30.639999389648438,30.535024642944336
5708,27.6200008392334,26.977031707763672
5709,46.70000076293945,43.91450500488281
5710,29.360000610351562,28.786222457885742
5711,12.770000457763672,12.668891906738281
5712,7.760000228881836,7.23364782333374
5713,36.2400016784668,35.102325439453125
5714,27.34000015258789,27.854122161865234
5715,0.18000000715255737,1.0075623989105225
5716,20.75,21.655292510986328
5717,7.090000152587891,6.452426910400391
5718,19.459999084472656,15.644745826721191
5719,24.809999465942383,22.591461181640625
5720,9.380000114440918,7.863221168518066
5721,71.83000183105469,75.64219665527344
5722,45.86000061035156,44.634254455566406
5723,40.16999816894531,38.777671813964844
5724,43.02000045776367,42.7877311706543
5725,41.43000030517578,42.9918327331543
5726,32.38999938964844,33.23571014404297
5727,56.7599983215332,55.59535598754883
5728,52.22999954223633,48.0078125
5729,45.5099983215332,43.42906951904297
5730,6.769999980926514,5.5848517417907715
5731,8.0,8.021099090576172
5732,20.8799991607666,17.948532104492188
5733,35.18000030517578,35.892913818359375
5734,10.420000076293945,9.322089195251465
5735,32.939998626708984,30.165220260620117
5736,53.61000061035156,57.957061767578125
5737,52.529998779296875,49.938899993896484
5738,5.380000114440918,4.9671101570129395
5739,16.690000534057617,14.369012832641602
5740,7.130000114440918,6.287873268127441
5741,61.619998931884766,60.3897705078125
5742,15.020000457763672,15.364415168762207
5743,3.690000057220459,1.5105082988739014
5744,38.25,38.19957733154297
5745,15.760000228881836,15.297537803649902
5746,8.720000267028809,8.055164337158203
5747,10.25,8.24855899810791
5748,24.950000762939453,24.386585235595703
5749,24.950000762939453,23.670133590698242
5750,44.560001373291016,43.649559020996094
5751,22.93000030517578,21.618778228759766
5752,51.459999084472656,47.32042694091797
5753,28.450000762939453,30.500511169433594
5754,17.510000228881836,16.338733673095703
5755,12.1899995803833,11.244043350219727
5756,18.600000381469727,16.677600860595703
5757,15.239999771118164,14.51927375793457
5758,13.069999694824219,12.663745880126953
5759,10.9399995803833,11.298442840576172
5760,2.430000066757202,3.0743303298950195
5761,27.600000381469727,26.194129943847656
5762,30.8700008392334,30.97593116760254
5763,28.049999237060547,27.299396514892578
5764,25.579999923706055,25.6743106842041
5765,17.18000030517578,14.973790168762207
5766,3.2200000286102295,2.9160070419311523
5767,11.220000267028809,9.787232398986816
5768,23.389999389648438,21.145610809326172
5769,18.530000686645508,17.180728912353516
5770,18.6299991607666,17.772884368896484
5771,28.920000076293945,25.87038230895996
5772,9.010000228881836,8.921551704406738
5773,4.389999866485596,4.706271648406982
5774,13.489999771118164,12.242254257202148
5775,35.599998474121094,36.01356506347656
5776,10.119999885559082,9.953534126281738
5777,23.0,23.114656448364258
5778,63.84000015258789,63.95354461669922
5779,19.1200008392334,18.344806671142578
5780,39.45000076293945,38.96240997314453
5781,36.150001525878906,35.52294921875
5782,33.880001068115234,31.338544845581055
5783,25.299999237060547,24.569732666015625
5784,10.819999694824219,9.81236743927002
5785,32.61000061035156,33.87739562988281
5786,23.040000915527344,22.776681900024414
5787,28.889999389648438,27.545623779296875
5788,64.98999786376953,67.09402465820312
5789,19.850000381469727,18.263612747192383
5790,49.349998474121094,45.53891372680664
5791,29.229999542236328,27.23828887939453
5792,23.68000030517578,23.219924926757812
5793,44.58000183105469,42.30620574951172
5794,15.819999694824219,14.000838279724121
5795,31.610000610351562,31.53321075439453
5796,38.75,34.4255485534668
5797,22.079999923706055,20.83965301513672
5798,60.2599983215332,63.05369567871094
5799,38.97999954223633,37.28064727783203
5800,22.010000228881836,20.829931259155273
5801,30.489999771118164,28.912548065185547
5802,41.810001373291016,39.32869338989258
5803,34.939998626708984,33.09315872192383
5804,21.719999313354492,19.932003021240234
5805,21.229999542236328,20.884910583496094
5806,37.560001373291016,36.396629333496094
5807,23.3700008392334,22.873249053955078
5808,3.2100000381469727,1.9753444194793701
5809,33.58000183105469,33.47427749633789
5810,36.0099983215332,34.265647888183594
5811,24.309999465942383,23.971267700195312
5812,51.529998779296875,49.626380920410156
5813,24.610000610351562,24.261051177978516
5814,42.56999969482422,42.540191650390625
5815,28.600000381469727,26.710514068603516
5816,13.430000305175781,12.303193092346191
5817,8.420000076293945,7.523689270019531
5818,42.41999816894531,41.009132385253906
5819,48.08000183105469,45.529510498046875
5820,37.61000061035156,38.921112060546875
5821,29.459999084472656,28.84708595275879
5822,17.059999465942383,15.400638580322266
5823,37.290000915527344,34.25895690917969
5824,44.349998474121094,42.09728240966797
5825,28.299999237060547,28.659038543701172
5826,30.829999923706055,29.954273223876953
5827,23.8700008392334,22.780733108520508
5828,24.40999984741211,24.488868713378906
5829,36.70000076293945,36.18223571777344
5830,64.22000122070312,60.691749572753906
5831,2.5199999809265137,1.3648072481155396
5832,38.0,38.03837966918945
5833,52.20000076293945,51.758785247802734
5834,16.790000915527344,16.089319229125977
5835,24.729999542236328,23.28889274597168
5836,43.22999954223633,45.03422164916992
5837,9.210000038146973,8.678926467895508
5838,7.860000133514404,8.214859008789062
5839,9.670000076293945,8.002726554870605
5840,26.729999542236328,26.21133041381836
5841,8.670000076293945,6.967897415161133
5842,18.049999237060547,17.221261978149414
5843,21.760000228881836,21.161182403564453
5844,32.310001373291016,29.94429588317871
5845,41.04999923706055,37.02157211303711
5846,18.209999084472656,16.974227905273438
5847,41.58000183105469,40.0880126953125
5848,15.680000305175781,14.038566589355469
5849,12.550000190734863,11.66405963897705
5850,20.049999237060547,19.045164108276367
5851,24.530000686645508,23.839677810668945
5852,25.600000381469727,23.19856834411621
5853,4.260000228881836,3.509477376937866
5854,18.520000457763672,17.98491668701172
5855,27.18000030517578,27.48497772216797
5856,25.510000228881836,22.58706283569336
5857,53.7599983215332,51.92721176147461
5858,37.470001220703125,36.603057861328125
5859,34.40999984741211,31.341381072998047
5860,18.540000915527344,17.297929763793945
5861,26.93000030517578,26.261146545410156
5862,15.420000076293945,14.238438606262207
5863,4.860000133514404,3.756986379623413
5864,14.890000343322754,14.277314186096191
5865,14.819999694824219,17.418973922729492
5866,43.619998931884766,41.27641296386719
5867,8.350000381469727,7.4094343185424805
5868,57.54999923706055,56.83567810058594
5869,51.720001220703125,47.55840301513672
5870,13.319999694824219,13.104531288146973
5871,57.810001373291016,56.05833053588867
5872,17.979999542236328,17.47162628173828
5873,25.09000015258789,23.692012786865234
5874,45.77000045776367,41.806190490722656
5875,65.51000213623047,63.01374053955078
5876,4.139999866485596,5.441471099853516
5877,21.290000915527344,20.328184127807617
5878,23.299999237060547,20.989898681640625
5879,51.880001068115234,48.5509033203125
5880,7.630000114440918,6.79262113571167
5881,21.010000228881836,20.310232162475586
5882,14.739999771118164,13.345383644104004
5883,25.329999923706055,25.145626068115234
5884,2.4100000858306885,1.40580153465271
5885,28.020000457763672,26.981884002685547
5886,11.0600004196167,10.638776779174805
5887,44.54999923706055,43.33002471923828
5888,26.09000015258789,27.46588897705078
5889,44.54999923706055,44.704566955566406
5890,11.149999618530273,10.0260591506958
5891,22.299999237060547,21.06871795654297
5892,22.959999084472656,21.105594635009766
5893,12.569999694824219,12.139932632446289
5894,40.31999969482422,39.605506896972656
5895,43.77000045776367,40.39892578125
5896,19.25,16.87020492553711
5897,19.260000228881836,14.840280532836914
5898,44.58000183105469,42.65000534057617
5899,22.25,20.709369659423828
5900,8.670000076293945,7.420182704925537
5901,20.520000457763672,19.0087833404541
5902,25.350000381469727,27.853530883789062
5903,18.360000610351562,17.030485153198242
5904,46.52000045776367,46.111167907714844
5905,31.649999618530273,30.17193603515625
5906,32.900001525878906,32.515628814697266
5907,26.06999969482422,25.7524471282959
5908,20.899999618530273,21.49243927001953
5909,52.06999969482422,51.7834358215332
5910,23.020000457763672,21.943918228149414
5911,41.04999923706055,41.358551025390625
5912,48.709999084472656,44.147987365722656
5913,50.900001525878906,50.35368347167969
5914,15.949999809265137,14.691330909729004
5915,35.15999984741211,34.225425720214844
5916,2.890000104904175,1.9588379859924316
5917,33.650001525878906,32.18982696533203
5918,17.079999923706055,15.266280174255371
5919,28.690000534057617,29.00172233581543
5920,32.75,30.537921905517578
5921,49.11000061035156,50.69134521484375
5922,8.949999809265137,8.041824340820312
5923,47.439998626708984,48.90268325805664
5924,33.63999938964844,31.470420837402344
5925,37.20000076293945,36.792823791503906
5926,23.34000015258789,21.93819236755371
5927,28.100000381469727,27.03635025024414
5928,43.689998626708984,41.51313781738281
5929,41.529998779296875,40.82817459106445
5930,16.90999984741211,15.378887176513672
5931,6.690000057220459,5.946829795837402
5932,44.529998779296875,45.032691955566406
5933,53.91999816894531,51.65943145751953
5934,33.22999954223633,30.906631469726562
5935,22.700000762939453,20.712501525878906
5936,23.770000457763672,21.73615264892578
5937,20.06999969482422,19.493610382080078
5938,37.11000061035156,34.547542572021484
5939,9.5600004196167,9.268169403076172
5940,3.950000047683716,3.2528574466705322
5941,32.02000045776367,31.135326385498047
5942,26.049999237060547,25.686141967773438
5943,11.229999542236328,9.987564086914062
5944,26.75,25.479042053222656
5945,57.25,59.271244049072266
5946,73.83000183105469,69.09903717041016
5947,29.709999084472656,28.18026351928711
5948,29.09000015258789,28.566341400146484
5949,31.260000228881836,28.396282196044922
5950,10.630000114440918,11.577675819396973
5951,36.970001220703125,32.90414047241211
5952,21.350000381469727,19.86037254333496
5953,14.1899995803833,13.290230751037598
5954,8.279999732971191,6.779481410980225
5955,49.18000030517578,48.07431411743164
5956,6.159999847412109,4.352117538452148
5957,13.59000015258789,11.765643119812012
5958,29.280000686645508,28.671327590942383
5959,19.860000610351562,18.668197631835938
5960,20.579999923706055,19.718358993530273
5961,5.539999961853027,5.049193382263184
5962,73.48999786376953,72.69097137451172
5963,30.270000457763672,29.106491088867188
5964,7.039999961853027,6.972830295562744
5965,17.709999084472656,16.156641006469727
5966,8.720000267028809,10.523523330688477
5967,8.119999885559082,7.2583489418029785
5968,8.920000076293945,8.348262786865234
5969,6.099999904632568,4.9524617195129395
5970,46.400001525878906,45.95368194580078
5971,9.1899995803833,8.449980735778809
5972,14.470000267028809,12.911397933959961
5973,64.52999877929688,66.36705780029297
5974,15.720000267028809,16.160005569458008
5975,30.270000457763672,28.771690368652344
5976,10.449999809265137,9.33365249633789
5977,11.4399995803833,11.236483573913574
5978,5.869999885559082,5.397146701812744
5979,8.520000457763672,7.768942832946777
5980,38.11000061035156,34.78828430175781
5981,43.0,40.69778823852539
5982,29.190000534057617,29.793270111083984
5983,42.25,42.97743225097656
5984,24.829999923706055,23.892358779907227
5985,13.029999732971191,11.422362327575684
5986,51.20000076293945,47.444679260253906
5987,15.630000114440918,14.849377632141113
5988,8.529999732971191,7.407215118408203
5989,23.670000076293945,21.589744567871094
5990,16.030000686645508,15.981186866760254
5991,10.699999809265137,9.838919639587402
5992,28.06999969482422,25.728866577148438
5993,6.130000114440918,1.372921347618103
5994,31.43000030517578,30.43291473388672
5995,24.34000015258789,23.38453483581543
5996,20.200000762939453,19.490184783935547
5997,50.849998474121094,49.0291862487793
5998,38.16999816894531,40.11125183105469
5999,25.110000610351562,23.826255798339844
6000,10.550000190734863,10.033313751220703
6001,52.22999954223633,54.66560363769531
6002,3.8399999141693115,3.789252758026123
6003,45.849998474121094,44.941490173339844
6004,31.200000762939453,29.412336349487305
6005,50.4900016784668,50.599456787109375
6006,63.04999923706055,61.02837371826172
6007,23.350000381469727,21.25684356689453
6008,34.779998779296875,34.54090118408203
6009,23.200000762939453,21.762678146362305
6010,26.510000228881836,26.652437210083008
6011,21.329999923706055,20.62276268005371
6012,10.369999885559082,10.317328453063965
6013,23.209999084472656,21.168977737426758
6014,31.09000015258789,30.071937561035156
6015,21.260000228881836,19.593761444091797
6016,6.650000095367432,5.678463459014893
6017,40.90999984741211,39.444881439208984
6018,10.720000267028809,10.205364227294922
6019,29.1200008392334,28.153339385986328
6020,21.280000686645508,20.197614669799805
6021,10.869999885559082,10.10045337677002
6022,27.649999618530273,25.46998405456543
6023,34.709999084472656,35.61085510253906
6024,16.649999618530273,17.11563491821289
6025,18.059999465942383,17.155899047851562
6026,10.670000076293945,10.741510391235352
6027,3.609999895095825,2.7498562335968018
6028,18.110000610351562,16.570436477661133
6029,52.56999969482422,54.20747375488281
6030,45.06999969482422,46.397613525390625
6031,2.5299999713897705,1.9808228015899658
6032,27.65999984741211,25.919275283813477
6033,19.899999618530273,19.145668029785156
6034,15.770000457763672,15.342864990234375
6035,69.18000030517578,60.15064239501953
6036,54.849998474121094,56.49235534667969
6037,6.559999942779541,4.527965545654297
6038,1.690000057220459,2.4979209899902344
6039,19.059999465942383,18.227521896362305
6040,40.099998474121094,36.68939971923828
6041,38.189998626708984,38.269813537597656
6042,23.979999542236328,23.924217224121094
6043,38.58000183105469,34.64202117919922
6044,42.400001525878906,38.8446044921875
6045,22.110000610351562,19.23629379272461
6046,21.1299991607666,18.4844970703125
6047,53.869998931884766,53.537940979003906
6048,44.220001220703125,45.94267272949219
6049,14.050000190734863,14.393943786621094
6050,16.260000228881836,15.358086585998535
6051,15.890000343322754,14.286666870117188
6052,33.58000183105469,31.947982788085938
6053,55.83000183105469,52.70863342285156
6054,28.719999313354492,29.296875
6055,30.6200008392334,30.631155014038086
6056,9.15999984741211,9.384727478027344
6057,20.90999984741211,21.30588150024414
6058,32.84000015258789,29.758071899414062
6059,23.34000015258789,23.0135498046875
6060,29.780000686645508,29.404083251953125
6061,14.670000076293945,13.626611709594727
6062,43.95000076293945,40.8419303894043
6063,10.260000228881836,8.970159530639648
6064,23.360000610351562,20.743797302246094
6065,18.020000457763672,17.994037628173828
6066,57.09000015258789,52.40793991088867
6067,28.450000762939453,29.117860794067383
6068,22.969999313354492,23.173006057739258
6069,38.93000030517578,35.99690246582031
6070,71.66999816894531,68.08402252197266
6071,72.51000213623047,65.61981964111328
6072,20.110000610351562,18.73785400390625
6073,31.239999771118164,32.217350006103516
6074,25.510000228881836,22.510541915893555
6075,18.8700008392334,16.63644790649414
6076,24.40999984741211,23.660419464111328
6077,50.720001220703125,49.05827331542969
6078,22.75,22.5078125
6079,30.350000381469727,27.58531951904297
6080,24.770000457763672,23.092613220214844
6081,25.690000534057617,26.031686782836914
6082,62.880001068115234,63.666168212890625
6083,35.34000015258789,35.99101257324219
6084,32.900001525878906,32.427772521972656
6085,23.65999984741211,22.944761276245117
6086,19.65999984741211,18.315244674682617
6087,4.519999980926514,3.5712366104125977
6088,29.510000228881836,27.978878021240234
6089,8.329999923706055,7.287088394165039
6090,40.54999923706055,41.507911682128906
6091,31.3799991607666,31.281421661376953
6092,74.38999938964844,68.52841186523438
6093,46.16999816894531,45.174583435058594
6094,22.579999923706055,22.019472122192383
6095,64.4000015258789,61.340694427490234
6096,21.75,20.67786407470703
6097,48.43000030517578,48.08556365966797
6098,24.139999389648438,22.73651123046875
6099,7.170000076293945,6.282190322875977
6100,30.899999618530273,32.6758918762207
6101,27.260000228881836,25.43227767944336
6102,32.400001525878906,31.160768508911133
6103,74.1500015258789,71.97467041015625
6104,16.360000610351562,16.366792678833008
6105,32.08000183105469,29.423095703125
6106,68.02999877929688,69.78143310546875
6107,25.190000534057617,36.92673110961914
6108,23.549999237060547,21.716447830200195
6109,18.030000686645508,17.183181762695312
6110,23.09000015258789,22.33344268798828
6111,26.229999542236328,24.563167572021484
6112,14.609999656677246,13.986343383789062
6113,22.889999389648438,22.151412963867188
6114,32.810001373291016,32.348636627197266
6115,19.780000686645508,18.674571990966797
6116,24.31999969482422,24.280029296875
6117,34.63999938964844,33.71854019165039
6118,9.9399995803833,9.191598892211914
6119,35.029998779296875,34.661224365234375
6120,50.0099983215332,48.149810791015625
6121,11.40999984741211,10.654632568359375
6122,17.969999313354492,17.821901321411133
6123,23.760000228881836,21.74668312072754
6124,19.309999465942383,18.014219284057617
6125,34.77000045776367,33.40412902832031
6126,69.55999755859375,71.01959228515625
6127,30.469999313354492,28.733814239501953
6128,18.290000915527344,16.98056411743164
6129,32.91999816894531,31.983421325683594
6130,20.270000457763672,19.866695404052734
6131,63.77000045776367,63.37710189819336
6132,25.510000228881836,22.816448211669922
6133,3.1500000953674316,2.8836472034454346
6134,31.6200008392334,31.869373321533203
6135,41.599998474121094,41.524600982666016
6136,40.220001220703125,35.9951286315918
6137,8.279999732971191,8.728124618530273
6138,33.84000015258789,33.696163177490234
6139,31.479999542236328,29.395530700683594
6140,54.0,54.886016845703125
6141,22.34000015258789,21.08230972290039
6142,24.030000686645508,22.790470123291016
6143,58.0099983215332,60.828636169433594
6144,25.229999542236328,24.62265396118164
6145,28.739999771118164,27.04313087463379
6146,30.440000534057617,30.690141677856445
6147,33.310001373291016,30.05953025817871
6148,31.020000457763672,30.680065155029297
6149,31.979999542236328,32.18308639526367
6150,16.469999313354492,15.22008991241455
6151,34.0,33.0565185546875
6152,23.729999542236328,23.75775909423828
6153,3.880000114440918,1.4313318729400635
6154,24.950000762939453,23.812665939331055
6155,37.220001220703125,33.62798309326172
6156,9.680000305175781,10.737245559692383
6157,13.819999694824219,13.259049415588379
6158,20.360000610351562,19.37009048461914
6159,17.770000457763672,16.550230026245117
6160,24.719999313354492,23.427087783813477
6161,15.479999542236328,14.550798416137695
6162,13.270000457763672,13.241423606872559
6163,24.5,24.748371124267578
6164,27.360000610351562,26.444320678710938
6165,18.8799991607666,16.872817993164062
6166,32.13999938964844,30.596355438232422
6167,15.15999984741211,14.35056209564209
6168,11.8100004196167,11.676937103271484
6169,28.1200008392334,28.05889892578125
6170,18.450000762939453,17.604021072387695
6171,22.959999084472656,22.56686782836914
6172,35.63999938964844,33.69282913208008
6173,46.70000076293945,47.22554016113281
6174,23.34000015258789,23.26596450805664
6175,65.27999877929688,60.96784210205078
6176,17.170000076293945,15.313775062561035
6177,13.59000015258789,12.486985206604004
6178,62.16999816894531,58.621334075927734
6179,27.329999923706055,25.835662841796875
6180,60.52000045776367,61.066951751708984
6181,18.68000030517578,16.538288116455078
6182,23.989999771118164,22.32094955444336
6183,5.090000152587891,3.3798811435699463
6184,13.380000114440918,12.61579418182373
6185,50.41999816894531,49.950950622558594
6186,40.84000015258789,40.13752365112305
6187,54.0099983215332,54.522335052490234
6188,19.809999465942383,19.561325073242188
6189,43.470001220703125,43.221073150634766
6190,15.579999923706055,14.46084976196289
6191,48.43000030517578,46.049102783203125
6192,47.06999969482422,42.429534912109375
6193,19.770000457763672,17.873855590820312
6194,12.0,10.790848731994629
6195,10.130000114440918,10.37847900390625
6196,24.739999771118164,24.388959884643555
6197,19.68000030517578,18.49045181274414
6198,25.719999313354492,25.75284194946289
6199,12.930000305175781,10.968453407287598
6200,12.15999984741211,10.824188232421875
6201,29.729999542236328,28.43498992919922
6202,3.3499999046325684,2.238370895385742
6203,48.540000915527344,46.418617248535156
6204,51.04999923706055,51.1923828125
6205,53.95000076293945,53.14152526855469
6206,25.0,23.262285232543945
6207,22.100000381469727,20.45155906677246
6208,8.609999656677246,8.540258407592773
6209,32.06999969482422,31.94680404663086
6210,18.530000686645508,17.820697784423828
6211,23.530000686645508,21.05331039428711
6212,27.549999237060547,23.939958572387695
6213,55.36000061035156,51.059654235839844
6214,35.29999923706055,33.289466857910156
6215,17.8799991607666,17.951831817626953
6216,42.84000015258789,41.750484466552734
6217,5.840000152587891,6.293753623962402
6218,45.849998474121094,45.37921905517578
6219,34.86000061035156,34.96199035644531
6220,54.11000061035156,54.560123443603516
6221,45.18000030517578,40.7617073059082
6222,32.439998626708984,30.73509407043457
6223,9.010000228881836,8.102771759033203
6224,8.829999923706055,7.353853225708008
6225,48.84000015258789,47.680084228515625
6226,3.880000114440918,3.803866147994995
6227,25.209999084472656,24.884719848632812
6228,19.530000686645508,18.13623046875
6229,36.779998779296875,34.37217712402344
6230,3.6500000953674316,2.3767106533050537
6231,40.290000915527344,40.93199157714844
6232,12.15999984741211,10.4426851272583
6233,25.920000076293945,22.881750106811523
6234,30.600000381469727,27.828264236450195
6235,24.8700008392334,23.589847564697266
6236,12.40999984741211,10.845208168029785
6237,7.179999828338623,5.070455074310303
6238,20.479999542236328,18.992687225341797
6239,8.289999961853027,7.154721260070801
6240,31.510000228881836,29.70521354675293
6241,5.829999923706055,4.9911603927612305
6242,10.149999618530273,9.283845901489258
6243,26.670000076293945,27.18935775756836
6244,28.889999389648438,27.072425842285156
6245,19.799999237060547,19.852420806884766
6246,26.700000762939453,25.216033935546875
6247,27.719999313354492,26.978015899658203
6248,49.18000030517578,46.4101448059082
6249,20.719999313354492,20.58637237548828
6250,21.059999465942383,19.86173439025879
6251,38.79999923706055,38.767662048339844
6252,15.09000015258789,14.308014869689941
6253,26.360000610351562,23.716819763183594
6254,20.940000534057617,19.180021286010742
6255,39.02000045776367,38.999183654785156
6256,21.600000381469727,20.617525100708008
6257,61.38999938964844,58.88331604003906
6258,27.280000686645508,27.327144622802734
6259,55.08000183105469,54.35585403442383
6260,42.2400016784668,44.97595977783203
6261,67.54000091552734,64.0803451538086
6262,5.380000114440918,1.203216791152954
6263,4.630000114440918,3.682156562805176
6264,27.780000686645508,26.6653995513916
6265,38.150001525878906,40.011741638183594
6266,24.100000381469727,21.773393630981445
6267,2.390000104904175,2.984734535217285
6268,23.850000381469727,22.16038703918457
6269,69.05000305175781,67.94508361816406
6270,22.850000381469727,23.21327018737793
6271,35.189998626708984,35.352684020996094
6272,9.390000343322754,9.144025802612305
6273,5.380000114440918,3.7482755184173584
6274,33.29999923706055,29.16327667236328
6275,11.420000076293945,9.94937801361084
6276,27.56999969482422,24.586322784423828
6277,24.1299991607666,22.793519973754883
6278,61.72999954223633,58.15302276611328
6279,37.779998779296875,35.080684661865234
6280,4.260000228881836,3.421157121658325
6281,11.15999984741211,10.834177017211914
6282,30.56999969482422,29.979812622070312
6283,21.5,18.809024810791016
6284,43.7400016784668,44.2821044921875
6285,6.789999961853027,6.112236022949219
6286,21.170000076293945,21.302268981933594
6287,27.940000534057617,26.385353088378906
6288,20.299999237060547,20.5213623046875
6289,13.15999984741211,10.61829948425293
6290,73.87999725341797,68.86978149414062
6291,42.209999084472656,44.48259735107422
6292,10.960000038146973,10.830244064331055
6293,37.52000045776367,36.42169189453125
6294,28.40999984741211,26.208240509033203
6295,25.079999923706055,22.972793579101562
6296,17.31999969482422,16.181440353393555
6297,50.61000061035156,49.483009338378906
6298,21.799999237060547,22.083297729492188
6299,29.530000686645508,29.03094482421875
6300,3.0999999046325684,3.421220541000366
6301,9.890000343322754,8.115389823913574
6302,32.5099983215332,34.66909408569336
6303,9.119999885559082,8.582347869873047
6304,27.610000610351562,26.407913208007812
6305,35.11000061035156,33.69407272338867
6306,22.110000610351562,20.483707427978516
6307,6.139999866485596,5.523499488830566
6308,70.3499984741211,67.4429931640625
6309,33.5,32.04718780517578
6310,20.920000076293945,20.277603149414062
6311,12.8100004196167,12.45136547088623
6312,46.7599983215332,46.83598327636719
6313,68.9000015258789,69.24758911132812
6314,10.720000267028809,9.8757905960083
6315,53.43000030517578,51.03615951538086
6316,28.690000534057617,28.848859786987305
6317,17.81999969482422,17.52634048461914
6318,68.33000183105469,67.25121307373047
6319,8.84000015258789,8.86350154876709
6320,14.369999885559082,13.311116218566895
6321,17.149999618530273,14.815546035766602
6322,3.3499999046325684,1.9882599115371704
6323,28.270000457763672,28.161405563354492
6324,9.479999542236328,8.566102981567383
6325,8.829999923706055,7.164792537689209
6326,24.920000076293945,23.221853256225586
6327,34.02000045776367,32.91343688964844
6328,6.929999828338623,6.092740535736084
6329,6.159999847412109,5.328653335571289
6330,30.760000228881836,31.567874908447266
6331,46.88999938964844,49.404396057128906
6332,45.36000061035156,43.332847595214844
6333,71.69999694824219,67.82693481445312
6334,13.600000381469727,12.37666130065918
6335,46.2400016784668,44.06255340576172
6336,3.759999990463257,3.290759563446045
6337,61.45000076293945,53.55299377441406
6338,17.84000015258789,17.125484466552734
6339,29.170000076293945,28.308725357055664
6340,8.479999542236328,7.684196472167969
6341,20.3799991607666,18.81357765197754
6342,13.90999984741211,12.660420417785645
6343,32.38999938964844,32.61342239379883
6344,13.859999656677246,13.326727867126465
6345,7.940000057220459,7.378091335296631
6346,34.630001068115234,34.151390075683594
6347,19.149999618530273,18.505977630615234
6348,40.97999954223633,42.65847396850586
6349,25.110000610351562,23.547651290893555
6350,43.810001373291016,47.41566467285156
6351,32.38999938964844,30.828861236572266
6352,47.88999938964844,46.09630584716797
6353,31.15999984741211,26.650062561035156
6354,13.859999656677246,12.170244216918945
6355,5.210000038146973,3.9640281200408936
6356,14.8100004196167,14.072778701782227
6357,6.239999771118164,6.139987468719482
6358,25.459999084472656,24.069551467895508
6359,16.450000762939453,15.246421813964844
6360,11.609999656677246,11.873041152954102
6361,6.449999809265137,7.572805404663086
6362,21.8799991607666,21.50041389465332
6363,29.549999237060547,28.48911476135254
6364,22.010000228881836,20.557106018066406
6365,74.12000274658203,72.20152282714844
6366,14.710000038146973,14.204816818237305
6367,24.229999542236328,22.4794921875
6368,3.9200000762939453,2.539944648742676
6369,7.960000038146973,7.868925094604492
6370,51.380001068115234,51.54274368286133
6371,55.189998626708984,56.73712158203125
6372,30.520000457763672,29.35566520690918
6373,37.619998931884766,38.23760223388672
6374,25.100000381469727,23.58343505859375
6375,50.7599983215332,48.26053237915039
6376,38.86000061035156,35.86772918701172
6377,12.90999984741211,11.949584007263184
6378,1.7300000190734863,3.2289772033691406
6379,15.199999809265137,14.346685409545898
6380,45.470001220703125,43.42622375488281
6381,47.79999923706055,41.868106842041016
6382,16.979999542236328,16.849458694458008
6383,3.7100000381469727,2.1655068397521973
6384,23.40999984741211,23.117549896240234
6385,49.150001525878906,46.439056396484375
6386,16.299999237060547,15.000396728515625
6387,60.790000915527344,55.88457489013672
6388,38.43000030517578,37.27223205566406
6389,13.8100004196167,10.537796974182129
6390,42.04999923706055,36.84823989868164
6391,58.810001373291016,59.32194519042969
6392,5.230000019073486,7.6807756423950195
6393,8.770000457763672,8.597932815551758
6394,42.33000183105469,43.07790756225586
6395,27.079999923706055,29.71398162841797
6396,9.3100004196167,8.840352058410645
6397,33.130001068115234,30.933677673339844
6398,18.219999313354492,17.84520721435547
6399,21.530000686645508,19.13756561279297
6400,9.739999771118164,8.77719783782959
6401,5.110000133514404,3.5345726013183594
6402,58.459999084472656,58.083221435546875
6403,48.63999938964844,48.25471115112305
6404,61.27000045776367,59.99501037597656
6405,14.90999984741211,14.604843139648438
6406,7.070000171661377,5.5011701583862305
6407,6.840000152587891,6.355401992797852
6408,21.889999389648438,21.737539291381836
6409,27.299999237060547,26.019227981567383
6410,14.760000228881836,12.636516571044922
6411,44.349998474121094,44.78437423706055
6412,14.270000457763672,12.798624038696289
6413,10.859999656677246,9.737325668334961
6414,15.789999961853027,14.394851684570312
6415,56.060001373291016,51.3624267578125
6416,42.220001220703125,40.89696502685547
6417,35.189998626708984,33.003692626953125
6418,23.420000076293945,21.57126808166504
6419,22.530000686645508,22.16715431213379
6420,50.529998779296875,51.479209899902344
6421,32.040000915527344,32.53473663330078
6422,29.059999465942383,28.883317947387695
6423,17.420000076293945,15.864535331726074
6424,38.59000015258789,37.954429626464844
6425,13.029999732971191,11.337560653686523
6426,50.79999923706055,49.07709503173828
6427,16.030000686645508,15.254415512084961
6428,13.130000114440918,11.983575820922852
6429,3.2699999809265137,2.7449452877044678
6430,46.88999938964844,46.12904739379883
6431,14.699999809265137,12.278091430664062
6432,44.4900016784668,43.25861358642578
6433,75.69000244140625,69.42183685302734
6434,9.529999732971191,9.661114692687988
6435,9.460000038146973,8.846832275390625
6436,24.479999542236328,23.085811614990234
6437,5.460000038146973,3.419214963912964
6438,42.20000076293945,40.51616668701172
6439,9.59000015258789,9.193876266479492
6440,2.799999952316284,1.8705999851226807
6441,30.610000610351562,30.049625396728516
6442,53.58000183105469,51.597259521484375
6443,26.68000030517578,24.599720001220703
6444,37.779998779296875,35.39153289794922
6445,34.83000183105469,34.75642395019531
6446,33.47999954223633,31.613582611083984
6447,25.43000030517578,23.811559677124023
6448,76.18000030517578,72.38841247558594
6449,23.020000457763672,21.696613311767578
6450,23.850000381469727,21.878807067871094
6451,14.739999771118164,15.187984466552734
6452,57.83000183105469,52.36477279663086
6453,19.979999542236328,18.66495132446289
6454,5.860000133514404,6.453063488006592
6455,12.800000190734863,12.525838851928711
6456,19.56999969482422,19.578990936279297
6457,33.16999816894531,32.695247650146484
6458,28.770000457763672,24.715848922729492
6459,34.959999084472656,33.92557907104492
6460,19.309999465942383,16.939905166625977
6461,26.68000030517578,24.5579776763916
6462,15.739999771118164,15.129024505615234
6463,27.790000915527344,26.721206665039062
6464,28.860000610351562,27.992259979248047
6465,33.939998626708984,30.952512741088867
6466,45.31999969482422,44.957786560058594
6467,25.149999618530273,23.300472259521484
6468,48.439998626708984,47.47515869140625
6469,49.310001373291016,43.95458984375
6470,28.530000686645508,27.775606155395508
6471,11.369999885559082,10.118664741516113
6472,28.079999923706055,25.521549224853516
6473,10.449999809265137,5.352147579193115
6474,15.979999542236328,15.484503746032715
6475,40.0,37.80919647216797
6476,23.170000076293945,23.616273880004883
6477,72.13999938964844,71.39283752441406
6478,15.470000267028809,15.212602615356445
6479,26.709999084472656,25.999591827392578
6480,33.18000030517578,29.901674270629883
6481,9.520000457763672,8.88032054901123
6482,9.380000114440918,8.19786548614502
6483,31.979999542236328,32.2935905456543
6484,13.479999542236328,13.16838550567627
6485,38.79999923706055,36.869110107421875
6486,8.359999656677246,6.387881755828857
6487,57.099998474121094,53.377349853515625
6488,45.81999969482422,44.013545989990234
6489,35.2599983215332,33.84431838989258
6490,60.43000030517578,60.57017135620117
6491,24.229999542236328,22.1466064453125
6492,51.52000045776367,50.041969299316406
6493,43.470001220703125,46.64488220214844
6494,25.649999618530273,24.044143676757812
6495,40.47999954223633,38.613746643066406
6496,21.709999084472656,22.065773010253906
6497,29.56999969482422,29.618656158447266
6498,18.899999618530273,17.795677185058594
6499,31.1200008392334,30.083965301513672
6500,7.570000171661377,7.456491470336914
6501,15.270000457763672,14.139705657958984
6502,9.4399995803833,7.7448954582214355
6503,39.66999816894531,49.088661193847656
6504,32.720001220703125,33.1435546875
6505,29.59000015258789,29.191781997680664
6506,10.829999923706055,10.105392456054688
6507,39.47999954223633,36.6835823059082
6508,28.280000686645508,28.284465789794922
6509,16.229999542236328,14.29758071899414
6510,31.110000610351562,27.724050521850586
6511,32.189998626708984,30.43538475036621
6512,17.440000534057617,15.989336967468262
6513,24.479999542236328,22.930810928344727
6514,48.88999938964844,46.94267272949219
6515,11.989999771118164,10.90831470489502
6516,43.09000015258789,41.546058654785156
6517,24.979999542236328,23.191287994384766
6518,17.75,17.456390380859375
6519,9.699999809265137,9.368278503417969
6520,8.789999961853027,6.670989036560059
6521,10.449999809265137,11.06418514251709
6522,5.630000114440918,4.24356746673584
6523,38.61000061035156,38.57488250732422
6524,38.79999923706055,36.48988342285156
6525,29.09000015258789,29.041725158691406
6526,22.020000457763672,21.577484130859375
6527,77.94000244140625,62.36682891845703
6528,22.239999771118164,21.54161834716797
6529,51.880001068115234,51.227725982666016
6530,12.84000015258789,12.569388389587402
6531,11.399999618530273,10.382973670959473
6532,11.5,10.892874717712402
6533,3.3499999046325684,2.1754190921783447
6534,31.549999237060547,26.51380157470703
6535,38.400001525878906,37.30649948120117
6536,4.179999828338623,3.584134101867676
6537,24.229999542236328,21.631534576416016
6538,51.209999084472656,49.125267028808594
6539,25.75,22.187881469726562
6540,18.0,16.770309448242188
6541,47.08000183105469,46.9990234375
6542,34.130001068115234,31.778167724609375
6543,27.739999771118164,26.983470916748047
6544,14.420000076293945,14.437610626220703
6545,55.630001068115234,50.629207611083984
6546,11.0600004196167,10.72114086151123
6547,20.790000915527344,20.47199821472168
6548,22.639999389648438,22.801279067993164
6549,14.5,12.945700645446777
6550,14.869999885559082,13.627041816711426
6551,49.880001068115234,47.336097717285156
6552,53.83000183105469,53.14386749267578
6553,29.190000534057617,27.5897216796875
6554,33.66999816894531,32.97113800048828
6555,19.860000610351562,19.170040130615234
6556,39.9900016784668,35.808799743652344
6557,65.5,63.33932876586914
6558,46.630001068115234,44.54194641113281
6559,58.119998931884766,57.5216064453125
6560,17.299999237060547,16.284923553466797
6561,68.97000122070312,66.9775161743164
6562,25.190000534057617,24.819841384887695
6563,38.220001220703125,37.40830993652344
6564,65.8499984741211,64.8304214477539
6565,13.84000015258789,11.639364242553711
6566,27.989999771118164,26.21460723876953
6567,32.849998474121094,32.90399169921875
6568,14.220000267028809,14.273713111877441
6569,27.280000686645508,27.77927017211914
6570,38.310001373291016,34.05936813354492
6571,6.900000095367432,7.604477405548096
6572,24.579999923706055,23.415973663330078
6573,23.700000762939453,23.671871185302734
6574,39.90999984741211,39.57075500488281
6575,10.970000267028809,9.400362968444824
6576,46.68000030517578,47.89714050292969
6577,18.229999542236328,17.843713760375977
6578,27.059999465942383,25.854646682739258
6579,45.29999923706055,41.30187225341797
6580,23.889999389648438,21.22475242614746
6581,56.5099983215332,55.688045501708984
6582,13.229999542236328,12.793477058410645
6583,25.489999771118164,24.323835372924805
6584,19.780000686645508,18.275083541870117
6585,30.489999771118164,28.974227905273438
6586,14.40999984741211,15.057689666748047
6587,57.060001373291016,53.87089920043945
6588,17.3799991607666,16.82416534423828
6589,9.15999984741211,9.0993070602417
6590,22.799999237060547,22.94650650024414
6591,41.869998931884766,40.51901626586914
6592,22.860000610351562,21.953426361083984
6593,26.969999313354492,26.552703857421875
6594,47.22999954223633,45.280616760253906
6595,32.7599983215332,32.55149841308594
6596,5.889999866485596,4.6312665939331055
6597,37.65999984741211,35.373680114746094
6598,30.889999389648438,29.29438018798828
6599,60.099998474121094,58.01629638671875
6600,20.139999389648438,19.4090633392334
6601,10.140000343322754,10.37618637084961
6602,5.630000114440918,4.108503818511963
6603,13.0600004196167,12.426434516906738
6604,3.6600000858306885,2.2912631034851074
6605,63.63999938964844,63.16810607910156
6606,8.270000457763672,7.402482986450195
6607,24.540000915527344,23.031967163085938
6608,33.310001373291016,33.22829055786133
6609,18.639999389648438,17.912940979003906
6610,39.83000183105469,37.196529388427734
6611,29.149999618530273,28.164812088012695
6612,44.36000061035156,41.708805084228516
6613,56.84000015258789,56.66402053833008
6614,29.959999084472656,28.517383575439453
6615,32.209999084472656,29.71110725402832
6616,31.40999984741211,32.17466354370117
6617,40.970001220703125,39.3017578125
6618,50.16999816894531,47.27798080444336
6619,40.119998931884766,40.76626968383789
6620,32.15999984741211,31.36701011657715
6621,46.529998779296875,45.65391159057617
6622,12.5600004196167,11.781652450561523
6623,32.11000061035156,32.490413665771484
6624,8.170000076293945,8.113724708557129
6625,73.52999877929688,71.41252136230469
6626,43.790000915527344,42.64341735839844
6627,21.440000534057617,20.247291564941406
6628,43.16999816894531,41.54912567138672
6629,7.489999771118164,6.219208240509033
6630,37.970001220703125,36.35050964355469
6631,27.31999969482422,25.834331512451172
6632,13.0,13.5253267288208
6633,20.100000381469727,20.65604019165039
6634,13.069999694824219,12.299964904785156
6635,48.290000915527344,46.557899475097656
6636,18.729999542236328,18.286834716796875
6637,37.20000076293945,34.809356689453125
6638,33.91999816894531,32.030670166015625
6639,11.0600004196167,10.2520170211792
6640,24.489999771118164,22.68071937561035
6641,36.619998931884766,35.263187408447266
6642,50.91999816894531,49.49803924560547
6643,20.239999771118164,18.93008041381836
6644,23.969999313354492,24.519426345825195
6645,4.46999979019165,3.8379387855529785
6646,7.010000228881836,5.9853010177612305
6647,46.9900016784668,45.038780212402344
6648,22.510000228881836,22.837677001953125
6649,20.68000030517578,20.079635620117188
6650,10.680000305175781,9.742168426513672
6651,15.600000381469727,14.592074394226074
6652,47.040000915527344,47.058799743652344
6653,20.360000610351562,18.740333557128906
6654,12.319999694824219,12.776456832885742
6655,14.75,14.040409088134766
6656,46.130001068115234,44.8785514831543
6657,29.3799991607666,25.620189666748047
6658,33.65999984741211,36.11735534667969
6659,8.420000076293945,8.196773529052734
6660,28.739999771118164,26.07263946533203
6661,47.02000045776367,45.075862884521484
6662,11.489999771118164,9.636369705200195
6663,40.84000015258789,40.24125671386719
6664,26.149999618530273,26.147567749023438
6665,23.729999542236328,22.240833282470703
6666,24.65999984741211,22.795122146606445
6667,27.889999389648438,26.513200759887695
6668,28.270000457763672,28.118026733398438
6669,28.549999237060547,29.22170639038086
6670,16.739999771118164,15.369040489196777
6671,68.1500015258789,66.09765625
6672,51.459999084472656,50.29173278808594
6673,6.260000228881836,5.01492977142334
6674,65.58999633789062,64.96137237548828
6675,24.489999771118164,23.675018310546875
6676,52.0,48.59703063964844
6677,34.060001373291016,33.521568298339844
6678,23.90999984741211,22.394729614257812
6679,26.709999084472656,25.249282836914062
6680,27.389999389648438,25.815933227539062
6681,23.719999313354492,21.119808197021484
6682,67.0,65.23884582519531
6683,5.789999961853027,5.206739902496338
6684,33.65999984741211,34.33294677734375
6685,17.6299991607666,19.101177215576172
6686,24.920000076293945,23.546300888061523
6687,26.299999237060547,23.80561065673828
6688,27.219999313354492,27.992692947387695
6689,45.97999954223633,45.642005920410156
6690,21.520000457763672,19.541473388671875
6691,46.150001525878906,43.22549819946289
6692,36.900001525878906,35.622493743896484
6693,12.25,10.647947311401367
6694,79.94999694824219,72.59764862060547
6695,59.400001525878906,60.330509185791016
6696,5.860000133514404,4.958084583282471
6697,26.389999389648438,24.604328155517578
6698,19.010000228881836,21.013282775878906
6699,28.549999237060547,28.215408325195312
6700,20.239999771118164,18.748645782470703
6701,21.479999542236328,19.124622344970703
6702,27.479999542236328,25.87322998046875
6703,23.329999923706055,21.900157928466797
6704,32.290000915527344,28.13098907470703
6705,13.859999656677246,12.607453346252441
6706,35.4900016784668,34.85496520996094
6707,29.020000457763672,29.193008422851562
6708,29.829999923706055,28.2613525390625
6709,22.780000686645508,20.339561462402344
6710,9.3100004196167,8.589797973632812
6711,28.149999618530273,26.789331436157227
6712,20.280000686645508,21.238840103149414
6713,42.43000030517578,43.04619598388672
6714,27.8700008392334,27.3475341796875
6715,17.43000030517578,19.133941650390625
6716,25.520000457763672,25.506731033325195
6717,32.209999084472656,29.883602142333984
6718,55.209999084472656,52.227630615234375
6719,39.61000061035156,38.55809783935547
6720,4.829999923706055,3.848118782043457
6721,24.739999771118164,23.54358673095703
6722,23.809999465942383,23.036865234375
6723,18.829999923706055,16.90567970275879
6724,17.579999923706055,17.189212799072266
6725,29.280000686645508,29.461498260498047
6726,14.180000305175781,14.472783088684082
6727,30.709999084472656,30.214950561523438
6728,18.34000015258789,17.359130859375
6729,23.959999084472656,21.712846755981445
6730,19.639999389648438,17.942646026611328
6731,60.59000015258789,61.87278747558594
6732,76.69999694824219,71.72933959960938
6733,23.899999618530273,27.519180297851562
6734,34.86000061035156,31.93963623046875
6735,21.8700008392334,19.38957405090332
6736,14.5,13.881681442260742
6737,42.650001525878906,40.76713180541992
6738,3.1700000762939453,2.922672748565674
6739,59.79999923706055,50.98093032836914
6740,39.470001220703125,37.78627014160156
6741,8.59000015258789,7.684686183929443
6742,42.959999084472656,41.82775115966797
6743,16.709999084472656,15.436296463012695
6744,7.739999771118164,7.651325225830078
6745,54.779998779296875,49.761592864990234
6746,22.049999237060547,19.76348114013672
6747,32.56999969482422,32.917877197265625
6748,17.90999984741211,17.36142349243164
6749,5.71999979019165,4.194559097290039
6750,22.010000228881836,20.608154296875
6751,8.630000114440918,8.113537788391113
6752,57.41999816894531,59.515296936035156
6753,62.369998931884766,63.058170318603516
6754,33.970001220703125,35.22779846191406
6755,9.510000228881836,8.541400909423828
6756,16.200000762939453,15.875639915466309
6757,24.229999542236328,22.94022560119629
6758,15.109999656677246,14.047572135925293
6759,11.390000343322754,9.694393157958984
6760,69.08000183105469,68.2776870727539
6761,6.789999961853027,6.201756954193115
6762,33.58000183105469,31.182415008544922
6763,7.380000114440918,7.170369625091553
6764,27.959999084472656,25.581275939941406
6765,4.099999904632568,3.141338586807251
6766,59.11000061035156,58.201026916503906
6767,29.200000762939453,27.320037841796875
6768,26.479999542236328,25.558259963989258
6769,30.260000228881836,30.087387084960938
6770,21.010000228881836,19.88865852355957
6771,42.16999816894531,37.76164245605469
6772,20.329999923706055,19.377538681030273
6773,5.829999923706055,4.8181867599487305
6774,32.86000061035156,33.887821197509766
6775,69.12000274658203,67.33099365234375
6776,7.989999771118164,6.966139793395996
6777,5.119999885559082,3.4833545684814453
6778,30.25,29.72920036315918
6779,21.510000228881836,21.9156436920166
6780,15.770000457763672,14.714861869812012
6781,56.650001525878906,58.117435455322266
6782,12.199999809265137,11.359257698059082
6783,23.260000228881836,22.611473083496094
6784,10.829999923706055,9.528244972229004
6785,18.040000915527344,17.773784637451172
6786,12.069999694824219,11.85721206665039
6787,14.350000381469727,13.908181190490723
6788,50.939998626708984,49.899024963378906
6789,40.97999954223633,36.836944580078125
6790,14.960000038146973,14.396263122558594
6791,60.27000045776367,54.47990798950195
6792,11.90999984741211,11.33837890625
6793,37.97999954223633,36.02719497680664
6794,23.59000015258789,22.5544490814209
6795,8.350000381469727,6.2414116859436035
6796,15.069999694824219,14.870965003967285
6797,43.2599983215332,41.602169036865234
6798,12.930000305175781,12.443038940429688
6799,21.399999618530273,21.299423217773438
6800,39.2400016784668,37.730831146240234
6801,4.130000114440918,3.3178632259368896
6802,6.610000133514404,3.8024017810821533
6803,19.309999465942383,18.905349731445312
6804,50.400001525878906,50.38123321533203
6805,36.58000183105469,35.59165954589844
6806,64.44999694824219,61.837547302246094
6807,7.559999942779541,7.2831878662109375
6808,11.359999656677246,10.674123764038086
6809,42.0099983215332,40.0844612121582
6810,16.65999984741211,15.084612846374512
6811,19.290000915527344,19.04010772705078
6812,49.40999984741211,50.24521255493164
6813,16.030000686645508,14.723588943481445
6814,25.25,25.218303680419922
6815,12.779999732971191,11.581475257873535
6816,3.119999885559082,3.3901822566986084
6817,70.83999633789062,66.63605499267578
6818,52.099998474121094,50.63203811645508
6819,46.959999084472656,45.93307876586914
6820,38.63999938964844,41.332481384277344
6821,11.270000457763672,10.23289680480957
6822,4.650000095367432,4.169336795806885
6823,47.900001525878906,51.623653411865234
6824,22.899999618530273,22.777557373046875
6825,31.030000686645508,31.806386947631836
6826,14.010000228881836,13.4456205368042
6827,46.81999969482422,46.09389877319336
6828,40.47999954223633,41.12851333618164
6829,48.06999969482422,47.884979248046875
6830,26.030000686645508,24.587583541870117
6831,19.520000457763672,17.98910903930664
6832,33.75,31.09841537475586
6833,49.75,49.43721008300781
6834,19.190000534057617,17.946413040161133
6835,64.0999984741211,61.89854431152344
6836,6.980000019073486,6.54757833480835
6837,31.149999618530273,29.87425422668457
6838,63.83000183105469,63.70061492919922
6839,38.41999816894531,38.917816162109375
6840,36.75,33.100791931152344
6841,67.87000274658203,60.73774719238281
6842,18.729999542236328,17.376890182495117
6843,2.0399999618530273,1.228732943534851
6844,11.649999618530273,10.98117446899414
6845,25.110000610351562,23.74756622314453
6846,24.969999313354492,23.810564041137695
6847,29.149999618530273,29.455490112304688
6848,17.06999969482422,16.899520874023438
6849,20.799999237060547,19.84626579284668
6850,40.689998626708984,39.629356384277344
6851,51.84000015258789,53.058780670166016
6852,20.90999984741211,20.297748565673828
6853,53.63999938964844,49.713775634765625
6854,18.940000534057617,18.282947540283203
6855,4.679999828338623,4.199470043182373
6856,24.600000381469727,23.182266235351562
6857,44.439998626708984,43.02947998046875
6858,21.479999542236328,20.478229522705078
6859,28.3799991607666,26.568477630615234
6860,8.100000381469727,7.667313575744629
6861,37.91999816894531,36.833290100097656
6862,43.900001525878906,43.03663635253906
6863,67.88999938964844,65.71593475341797
6864,18.3700008392334,16.958324432373047
6865,10.9399995803833,10.293829917907715
6866,61.689998626708984,61.821441650390625
6867,15.119999885559082,14.3349027633667
6868,11.390000343322754,10.46916675567627
6869,12.260000228881836,8.536140441894531
6870,6.159999847412109,5.25767707824707
6871,8.779999732971191,5.465316295623779
6872,10.149999618530273,9.800643920898438
6873,54.029998779296875,52.854034423828125
6874,22.350000381469727,20.783828735351562
6875,26.139999389648438,26.50989532470703
6876,35.599998474121094,36.25938415527344
6877,42.880001068115234,44.513389587402344
6878,18.850000381469727,16.664146423339844
6879,25.389999389648438,22.859529495239258
6880,15.119999885559082,14.452398300170898
6881,29.780000686645508,28.342056274414062
6882,12.3100004196167,11.41159725189209
6883,12.1899995803833,12.080122947692871
6884,22.979999542236328,22.38743019104004
6885,30.739999771118164,27.65065574645996
6886,44.84000015258789,43.73182678222656
6887,55.0,57.12884521484375
6888,10.029999732971191,10.165189743041992
6889,53.93000030517578,50.798927307128906
6890,24.040000915527344,23.087276458740234
6891,20.6200008392334,19.998714447021484
6892,35.400001525878906,33.693565368652344
6893,42.97999954223633,43.41801834106445
6894,80.86000061035156,72.2347412109375
6895,23.75,22.403064727783203
6896,6.929999828338623,5.743000030517578
6897,43.810001373291016,43.93696975708008
6898,31.469999313354492,30.35723114013672
6899,9.279999732971191,8.275851249694824
6900,32.33000183105469,30.597429275512695
6901,21.360000610351562,20.42990493774414
6902,19.1299991607666,18.25152587890625
6903,27.6200008392334,26.128883361816406
6904,55.77000045776367,51.03913879394531
6905,39.970001220703125,40.204063415527344
6906,21.639999389648438,19.507831573486328
6907,8.90999984741211,7.405853271484375
6908,53.45000076293945,53.52772903442383
6909,32.06999969482422,30.317995071411133
6910,21.399999618530273,20.887187957763672
6911,34.040000915527344,34.38882064819336
6912,32.130001068115234,29.667512893676758
6913,9.279999732971191,8.397109031677246
6914,4.989999771118164,3.910876750946045
6915,44.33000183105469,48.48263931274414
6916,10.710000038146973,8.355541229248047
6917,26.239999771118164,26.34183120727539
6918,26.260000228881836,25.533496856689453
6919,9.149999618530273,6.424177646636963
6920,10.039999961853027,9.854084968566895
6921,1.940000057220459,1.7665395736694336
6922,14.649999618530273,13.910209655761719
6923,2.6500000953674316,1.809813380241394
6924,30.0,26.6715087890625
6925,40.52000045776367,39.683616638183594
6926,7.920000076293945,9.033472061157227
6927,16.579999923706055,14.932595252990723
6928,34.40999984741211,33.10154724121094
6929,71.19999694824219,70.25172424316406
6930,17.889999389648438,17.62810707092285
6931,47.790000915527344,49.063201904296875
6932,31.5,31.314590454101562
6933,41.189998626708984,41.84428405761719
6934,40.130001068115234,37.66526794433594
6935,31.75,31.933284759521484
6936,11.5600004196167,10.486849784851074
6937,26.200000762939453,25.83249282836914
6938,29.93000030517578,29.339927673339844
6939,2.380000114440918,2.251345634460449
6940,11.640000343322754,10.185376167297363
6941,20.18000030517578,19.53035545349121
6942,37.310001373291016,33.67849349975586
6943,14.760000228881836,13.11066722869873
6944,27.209999084472656,25.59290313720703
6945,61.38999938964844,57.866600036621094
6946,11.0,7.600896835327148
6947,41.84000015258789,38.76136016845703
6948,14.270000457763672,14.705615043640137
6949,50.459999084472656,50.26978302001953
6950,21.829999923706055,19.245996475219727
6951,6.170000076293945,4.562134742736816
6952,19.850000381469727,20.518123626708984
6953,33.290000915527344,34.00294494628906
6954,22.100000381469727,21.13569450378418
6955,21.68000030517578,19.191173553466797
6956,26.790000915527344,25.156246185302734
6957,35.27000045776367,31.90172004699707
6958,21.540000915527344,21.65176010131836
6959,34.47999954223633,31.555810928344727
6960,39.939998626708984,36.569480895996094
6961,22.469999313354492,21.791364669799805
6962,73.7300033569336,66.26537322998047
6963,15.010000228881836,14.04659652709961
6964,10.489999771118164,9.55750560760498
6965,4.130000114440918,2.5651049613952637
6966,29.709999084472656,29.496070861816406
6967,43.040000915527344,43.54198455810547
6968,39.18000030517578,36.959190368652344
6969,7.079999923706055,5.3506035804748535
6970,11.630000114440918,11.593013763427734
6971,33.880001068115234,32.234535217285156
6972,9.34000015258789,8.177395820617676
6973,25.479999542236328,23.313339233398438
6974,15.039999961853027,13.958202362060547
6975,30.56999969482422,27.544355392456055
6976,16.8799991607666,15.424246788024902
6977,20.209999084472656,19.141496658325195
6978,26.829999923706055,24.43740463256836
6979,10.579999923706055,10.141129493713379
6980,6.800000190734863,6.000669479370117
6981,57.52000045776367,55.55083465576172
6982,20.1200008392334,20.569957733154297
6983,46.31999969482422,46.68153381347656
6984,29.799999237060547,31.10294532775879
6985,14.579999923706055,13.39017105102539
6986,14.899999618530273,14.200996398925781
6987,34.09000015258789,33.4079475402832
6988,11.630000114440918,11.361659049987793
6989,14.989999771118164,11.102998733520508
6990,11.6899995803833,11.04556655883789
6991,19.06999969482422,15.077596664428711
6992,23.690000534057617,21.801612854003906
6993,14.0600004196167,13.775604248046875
6994,59.150001525878906,55.86907196044922
6995,8.34000015258789,7.688196182250977
6996,5.809999942779541,3.646376609802246
6997,24.770000457763672,23.059795379638672
6998,52.56999969482422,53.660072326660156
6999,28.559999465942383,27.23443603515625
7000,19.3799991607666,18.554603576660156
7001,71.05000305175781,69.56945037841797
7002,2.5899999141693115,2.8154540061950684
7003,9.989999771118164,9.398323059082031
7004,38.02000045776367,38.29245376586914
7005,24.56999969482422,21.93308448791504
7006,25.780000686645508,25.698171615600586
7007,52.41999816894531,52.841400146484375
7008,37.52000045776367,36.553955078125
7009,44.380001068115234,39.95344543457031
7010,54.63999938964844,50.566097259521484
7011,13.829999923706055,12.712810516357422
7012,19.280000686645508,18.272043228149414
7013,9.489999771118164,8.6220703125
7014,26.530000686645508,25.07872200012207
7015,63.13999938964844,65.05130004882812
7016,15.819999694824219,14.529207229614258
7017,26.360000610351562,25.49036979675293
7018,65.27999877929688,59.71049499511719
7019,46.97999954223633,46.534393310546875
7020,33.68000030517578,31.00886344909668
7021,24.549999237060547,24.235897064208984
7022,7.820000171661377,7.004519939422607
7023,13.050000190734863,11.989358901977539
7024,16.979999542236328,16.147335052490234
7025,59.83000183105469,58.4033317565918
7026,30.530000686645508,27.24143409729004
7027,40.099998474121094,40.216617584228516
7028,52.43000030517578,54.08833312988281
7029,21.290000915527344,19.36008644104004
7030,23.110000610351562,22.255084991455078
7031,74.5199966430664,73.03441619873047
7032,35.65999984741211,36.423858642578125
7033,55.15999984741211,52.15497970581055
7034,19.780000686645508,19.283851623535156
7035,15.859999656677246,11.844072341918945
7036,24.670000076293945,23.51773452758789
7037,75.79000091552734,69.01825714111328
7038,7.679999828338623,7.098334789276123
7039,24.90999984741211,23.883390426635742
7040,13.199999809265137,12.086613655090332
7041,44.220001220703125,43.65489196777344
7042,46.130001068115234,46.836212158203125
7043,46.7599983215332,46.59033203125
7044,34.91999816894531,34.7753791809082
7045,17.049999237060547,15.82901668548584
7046,21.010000228881836,19.8287410736084
7047,28.40999984741211,27.428924560546875
7048,46.439998626708984,48.508995056152344
7049,23.950000762939453,22.361499786376953
7050,52.380001068115234,53.88134002685547
7051,25.56999969482422,25.40509033203125
7052,21.790000915527344,21.575502395629883
7053,24.200000762939453,21.74167251586914
7054,20.56999969482422,20.52235984802246
7055,21.309999465942383,20.03615379333496
7056,11.979999542236328,11.6771821975708
7057,16.450000762939453,15.393682479858398
7058,37.279998779296875,35.67013168334961
7059,14.25,13.257866859436035
7060,40.849998474121094,40.11016845703125
7061,39.459999084472656,37.37726593017578
7062,14.449999809265137,13.371254920959473
7063,39.7400016784668,39.42901611328125
7064,27.260000228881836,26.608972549438477
7065,24.65999984741211,23.77145004272461
7066,11.600000381469727,10.613953590393066
7067,19.969999313354492,19.607662200927734
7068,47.709999084472656,44.27031707763672
7069,30.010000228881836,29.060935974121094
7070,27.93000030517578,26.282127380371094
7071,52.56999969482422,52.441978454589844
7072,64.12000274658203,63.083885192871094
7073,14.149999618530273,13.757855415344238
7074,6.860000133514404,6.119912624359131
7075,31.030000686645508,28.278858184814453
7076,10.350000381469727,10.405837059020996
7077,15.029999732971191,13.844423294067383
7078,13.09000015258789,12.006539344787598
7079,2.890000104904175,1.9615815877914429
7080,23.040000915527344,21.583066940307617
7081,1.6699999570846558,3.431691884994507
7082,58.7599983215332,58.35073471069336
7083,22.25,20.23284339904785
7084,48.18000030517578,44.471126556396484
7085,63.90999984741211,58.796104431152344
7086,31.239999771118164,30.742786407470703
7087,52.34000015258789,50.72466278076172
7088,58.369998931884766,54.40233612060547
7089,36.79999923706055,35.71976089477539
7090,24.81999969482422,25.64886474609375
7091,7.28000020980835,6.2408294677734375
7092,46.68000030517578,48.635093688964844
7093,35.09000015258789,31.461193084716797
7094,8.699999809265137,8.582094192504883
7095,15.729999542236328,14.912095069885254
7096,26.90999984741211,26.759775161743164
7097,14.279999732971191,13.527209281921387
7098,39.88999938964844,39.45695877075195
7099,49.29999923706055,44.97661590576172
7100,11.729999542236328,11.49950885772705
7101,34.56999969482422,34.00091552734375
7102,33.029998779296875,29.87982749938965
7103,14.75,14.16504955291748
7104,34.56999969482422,35.47467803955078
7105,43.7599983215332,42.05778121948242
7106,37.61000061035156,33.71589660644531
7107,19.149999618530273,16.2860164642334
7108,15.279999732971191,14.422835350036621
7109,35.2400016784668,34.18637466430664
7110,26.399999618530273,24.84211540222168
7111,10.430000305175781,8.511484146118164
7112,16.950000762939453,15.9600248336792
7113,5.829999923706055,5.612509250640869
7114,22.299999237060547,20.964561462402344
7115,47.040000915527344,45.87403106689453
7116,23.329999923706055,22.960773468017578
7117,40.66999816894531,38.34952926635742
7118,36.63999938964844,34.000003814697266
7119,77.13999938964844,77.30499267578125
7120,24.739999771118164,23.56951141357422
7121,34.220001220703125,33.20733642578125
7122,31.139999389648438,28.642709732055664
7123,45.849998474121094,44.61157989501953
7124,18.889999389648438,17.535694122314453
7125,26.809999465942383,26.88718605041504
7126,8.680000305175781,8.79822826385498
7127,16.440000534057617,15.503748893737793
7128,55.0099983215332,54.93232345581055
7129,20.440000534057617,19.470502853393555
7130,49.68000030517578,47.076175689697266
7131,20.350000381469727,18.820068359375
7132,14.029999732971191,14.127639770507812
7133,20.270000457763672,18.912050247192383
7134,9.460000038146973,8.602097511291504
7135,36.869998931884766,36.31013488769531
7136,31.309999465942383,31.7052001953125
7137,8.510000228881836,7.268064498901367
7138,36.68000030517578,34.69996643066406
7139,34.099998474121094,34.33136749267578
7140,14.989999771118164,14.056607246398926
7141,10.100000381469727,8.62671184539795
7142,21.459999084472656,20.768281936645508
7143,4.03000020980835,2.808875560760498
7144,53.83000183105469,54.69328308105469
7145,4.570000171661377,3.788785457611084
7146,57.4900016784668,51.45561218261719
7147,23.600000381469727,21.22370147705078
7148,22.860000610351562,22.119314193725586
7149,20.979999542236328,19.921707153320312
7150,7.059999942779541,5.237712860107422
7151,33.0,30.916088104248047
7152,53.689998626708984,51.85205078125
7153,9.630000114440918,9.250614166259766
7154,18.34000015258789,16.71338653564453
7155,19.350000381469727,18.805835723876953
7156,60.97999954223633,62.2821044921875
7157,35.779998779296875,34.4234733581543
7158,34.060001373291016,36.695709228515625
7159,48.38999938964844,48.30623245239258
7160,24.90999984741211,21.954835891723633
7161,22.260000228881836,21.717378616333008
7162,19.139999389648438,19.456714630126953
7163,22.530000686645508,21.140310287475586
7164,22.40999984741211,22.616628646850586
7165,13.3100004196167,12.430922508239746
7166,45.689998626708984,44.450294494628906
7167,54.09000015258789,52.701080322265625
7168,14.09000015258789,12.737464904785156
7169,6.929999828338623,5.494805335998535
7170,65.76000213623047,61.48427200317383
7171,30.649999618530273,27.16287612915039
7172,8.319999694824219,9.237473487854004
7173,33.099998474121094,32.62598419189453
7174,29.479999542236328,29.5239315032959
7175,13.489999771118164,10.76750373840332
7176,7.019999980926514,5.697291851043701
7177,57.0099983215332,54.00916290283203
7178,40.18000030517578,41.357421875
7179,27.8799991607666,25.540205001831055
7180,11.729999542236328,11.585614204406738
7181,18.200000762939453,17.621334075927734
7182,23.1299991607666,21.801849365234375
7183,27.899999618530273,26.24405860900879
7184,6.0,2.1896562576293945
7185,42.849998474121094,42.93841552734375
7186,45.2599983215332,44.943363189697266
7187,19.3700008392334,18.055709838867188
7188,35.540000915527344,33.46440124511719
7189,30.799999237060547,30.052732467651367
7190,61.27000045776367,59.68486785888672
7191,45.560001373291016,42.883792877197266
7192,38.380001068115234,39.274513244628906
7193,15.670000076293945,15.306561470031738
7194,38.22999954223633,36.05217742919922
7195,77.16999816894531,70.02491760253906
7196,22.399999618530273,20.567825317382812
7197,37.41999816894531,34.96167755126953
7198,8.279999732971191,7.926283359527588
7199,21.59000015258789,18.67520523071289
7200,10.380000114440918,9.501291275024414
7201,30.549999237060547,30.79741668701172
7202,19.639999389648438,17.440101623535156
7203,30.729999542236328,28.897315979003906
7204,21.81999969482422,20.540119171142578
7205,34.20000076293945,32.21508026123047
7206,29.989999771118164,32.76753616333008
7207,10.90999984741211,10.073683738708496
7208,9.460000038146973,8.534514427185059
7209,16.360000610351562,15.384739875793457
7210,35.880001068115234,32.72970199584961
7211,20.290000915527344,19.361618041992188
7212,44.77000045776367,42.42940139770508
7213,43.43000030517578,43.763427734375
7214,61.040000915527344,61.78782653808594
7215,10.90999984741211,9.692441940307617
7216,10.199999809265137,8.954131126403809
7217,4.900000095367432,4.47715950012207
7218,16.729999542236328,15.966869354248047
7219,3.8399999141693115,3.6724672317504883
7220,17.600000381469727,18.146833419799805
7221,19.520000457763672,17.44194793701172
7222,22.829999923706055,28.30669593811035
7223,46.380001068115234,46.13587951660156
7224,20.709999084472656,20.01131248474121
7225,11.59000015258789,10.322992324829102
7226,20.959999084472656,20.34560775756836
7227,28.040000915527344,27.35009765625
7228,43.86000061035156,44.16205596923828
7229,33.689998626708984,36.167442321777344
7230,56.36000061035156,48.14216613769531
7231,5.980000019073486,5.634382247924805
7232,23.530000686645508,21.520370483398438
7233,9.819999694824219,9.454537391662598
7234,33.970001220703125,32.482357025146484
7235,6.730000019073486,5.929013252258301
7236,31.889999389648438,30.377033233642578
7237,35.4900016784668,36.64508819580078
7238,37.040000915527344,36.49972152709961
7239,11.100000381469727,9.802943229675293
7240,3.2300000190734863,3.451714277267456
7241,66.0199966430664,66.6471939086914
7242,52.56999969482422,52.805484771728516
7243,62.91999816894531,60.454002380371094
7244,56.029998779296875,53.283721923828125
7245,48.52000045776367,46.627349853515625
7246,34.630001068115234,33.21799087524414
7247,18.290000915527344,17.319971084594727
7248,47.619998931884766,47.678138732910156
7249,43.33000183105469,42.373863220214844
7250,14.779999732971191,13.959864616394043
7251,27.290000915527344,29.54720115661621
7252,18.959999084472656,17.910959243774414
7253,23.479999542236328,21.623882293701172
7254,10.329999923706055,8.530104637145996
7255,41.599998474121094,40.11785125732422
7256,34.650001525878906,33.931236267089844
7257,20.34000015258789,19.80511474609375
7258,6.980000019073486,6.088473320007324
7259,20.110000610351562,19.592544555664062
7260,12.359999656677246,11.008042335510254
7261,5.820000171661377,5.0621232986450195
7262,9.75,9.59660816192627
7263,18.600000381469727,16.84537124633789
7264,14.220000267028809,13.600488662719727
7265,12.75,12.180063247680664
7266,64.94999694824219,65.61553955078125
7267,53.279998779296875,51.291080474853516
7268,25.329999923706055,24.826580047607422
7269,41.5099983215332,43.582149505615234
7270,44.43000030517578,46.31120300292969
7271,36.41999816894531,39.65693664550781
7272,48.52000045776367,47.21402359008789
7273,6.570000171661377,6.203741550445557
7274,17.40999984741211,17.745079040527344
7275,30.690000534057617,27.605010986328125
7276,7.340000152587891,7.206201553344727
7277,25.0,22.454158782958984
7278,5.0,3.840514898300171
7279,15.350000381469727,13.139396667480469
7280,48.529998779296875,44.530372619628906
7281,24.84000015258789,23.743785858154297
7282,38.5099983215332,38.10246658325195
7283,8.5,6.345336437225342
7284,27.809999465942383,25.120498657226562
7285,6.71999979019165,5.4810943603515625
7286,34.47999954223633,35.25382995605469
7287,31.56999969482422,30.092681884765625
7288,13.079999923706055,12.649698257446289
7289,67.08999633789062,67.41487121582031
7290,5.159999847412109,3.815553665161133
7291,39.290000915527344,39.28340148925781
7292,39.33000183105469,39.16966247558594
7293,68.4000015258789,69.05467224121094
7294,18.010000228881836,17.608108520507812
7295,7.690000057220459,6.8925251960754395
7296,20.09000015258789,18.861631393432617
7297,33.11000061035156,33.85051345825195
7298,14.34000015258789,13.478384017944336
7299,24.799999237060547,22.778564453125
7300,46.31999969482422,44.729774475097656
7301,46.810001373291016,45.88140869140625
7302,49.0099983215332,47.31825637817383
7303,19.31999969482422,18.012475967407227
7304,18.420000076293945,17.285682678222656
7305,21.6299991607666,21.184986114501953
7306,14.329999923706055,14.43576431274414
7307,21.729999542236328,20.72205924987793
7308,46.86000061035156,44.356529235839844
7309,46.38999938964844,46.37525177001953
7310,21.139999389648438,19.593826293945312
7311,28.450000762939453,27.25389289855957
7312,27.270000457763672,28.555644989013672
7313,32.380001068115234,32.66339874267578
7314,34.060001373291016,30.932823181152344
7315,29.610000610351562,29.9677734375
7316,63.540000915527344,62.15673065185547
7317,16.8799991607666,15.584124565124512
7318,37.0,35.225791931152344
7319,12.420000076293945,12.568188667297363
7320,24.989999771118164,21.418392181396484
7321,23.5,23.29098129272461
7322,30.780000686645508,29.484039306640625
7323,49.290000915527344,51.950313568115234
7324,8.670000076293945,8.40579605102539
7325,24.309999465942383,24.78411102294922
7326,23.350000381469727,22.352197647094727
7327,28.59000015258789,26.535823822021484
7328,17.1299991607666,16.54646110534668
7329,4.579999923706055,3.2557106018066406
7330,24.479999542236328,21.6910400390625
7331,7.619999885559082,6.590365409851074
7332,32.599998474121094,31.547731399536133
7333,14.449999809265137,13.858491897583008
7334,10.119999885559082,11.077123641967773
7335,43.27000045776367,41.98358917236328
7336,8.9399995803833,8.411062240600586
7337,51.150001525878906,48.86992645263672
7338,54.43000030517578,51.99729537963867
7339,23.229999542236328,23.700769424438477
7340,11.180000305175781,11.040565490722656
7341,9.760000228881836,8.009825706481934
7342,31.170000076293945,31.247325897216797
7343,25.889999389648438,24.747039794921875
7344,16.5,16.01056671142578
7345,19.079999923706055,17.99875259399414
7346,33.06999969482422,30.282381057739258
7347,9.609999656677246,8.521322250366211
7348,19.43000030517578,18.784595489501953
7349,10.329999923706055,9.323895454406738
7350,14.670000076293945,13.346144676208496
7351,29.280000686645508,28.240039825439453
7352,42.58000183105469,41.40219497680664
7353,43.150001525878906,42.76507568359375
7354,59.33000183105469,55.783905029296875
7355,11.770000457763672,10.235352516174316
7356,12.619999885559082,11.69502067565918
7357,17.549999237060547,16.388084411621094
7358,6.389999866485596,5.465224742889404
7359,2.069999933242798,1.0920521020889282
7360,28.780000686645508,28.262592315673828
7361,29.389999389648438,27.3310489654541
7362,30.229999542236328,29.49917984008789
7363,25.010000228881836,24.116771697998047
7364,17.43000030517578,15.1581392288208
7365,9.600000381469727,9.193207740783691
7366,25.399999618530273,23.79698944091797
7367,11.100000381469727,3.7134900093078613
7368,31.979999542236328,29.779430389404297
7369,14.210000038146973,12.988666534423828
7370,19.420000076293945,19.17279052734375
7371,35.040000915527344,31.21059226989746
7372,28.190000534057617,28.813264846801758
7373,22.889999389648438,21.091842651367188
7374,38.75,33.291507720947266
7375,9.470000267028809,7.867392063140869
7376,19.899999618530273,18.466140747070312
7377,22.059999465942383,21.211814880371094
7378,30.010000228881836,30.78404426574707
7379,55.88999938964844,45.11735916137695
7380,20.31999969482422,19.4810733795166
7381,24.989999771118164,22.88672637939453
7382,13.449999809265137,13.519233703613281
7383,50.310001373291016,46.52629470825195
7384,31.90999984741211,29.9248046875
7385,76.31999969482422,72.77581024169922
7386,5.809999942779541,3.3558149337768555
7387,32.13999938964844,29.962234497070312
7388,21.670000076293945,21.558591842651367
7389,38.16999816894531,37.36049270629883
7390,17.850000381469727,16.488035202026367
7391,22.670000076293945,21.430017471313477
7392,13.529999732971191,12.76883316040039
7393,52.83000183105469,51.867523193359375
7394,59.29999923706055,60.444366455078125
7395,36.119998931884766,37.36233901977539
7396,44.540000915527344,40.84019470214844
7397,24.40999984741211,24.032655715942383
7398,38.65999984741211,37.888458251953125
7399,6.21999979019165,6.363430023193359
7400,55.689998626708984,52.106693267822266
7401,43.4900016784668,42.2938346862793
7402,62.119998931884766,58.2603645324707
7403,45.61000061035156,44.194541931152344
7404,55.040000915527344,51.37122344970703
7405,45.52000045776367,46.84403991699219
7406,13.890000343322754,12.906527519226074
7407,40.9900016784668,40.690792083740234
7408,32.130001068115234,29.186885833740234
7409,29.6200008392334,27.76894760131836
7410,28.1299991607666,31.415348052978516
7411,11.479999542236328,11.936599731445312
7412,13.069999694824219,12.581823348999023
7413,21.18000030517578,19.668697357177734
7414,8.1899995803833,7.388264179229736
7415,17.209999084472656,16.9215145111084
7416,14.449999809265137,12.675796508789062
7417,10.109999656677246,9.058740615844727
7418,35.45000076293945,32.835533142089844
7419,28.790000915527344,29.39769744873047
7420,21.420000076293945,20.961040496826172
7421,34.779998779296875,32.64096450805664
7422,34.27000045776367,32.830867767333984
7423,7.230000019073486,6.804099082946777
7424,10.880000114440918,10.769433975219727
7425,27.6299991607666,25.50863265991211
7426,53.61000061035156,51.81444549560547
7427,53.900001525878906,51.746315002441406
7428,3.309999942779541,2.131643295288086
7429,30.959999084472656,28.816621780395508
7430,62.06999969482422,61.01750946044922
7431,25.950000762939453,24.78923225402832
7432,26.639999389648438,25.979564666748047
7433,14.1899995803833,14.258267402648926
7434,29.290000915527344,27.744709014892578
7435,0.9300000071525574,1.7637269496917725
7436,48.56999969482422,48.70086669921875
7437,19.600000381469727,18.857929229736328
7438,21.329999923706055,20.239282608032227
7439,37.77000045776367,36.29882049560547
7440,19.030000686645508,18.18225860595703
7441,5.75,4.702746868133545
7442,43.41999816894531,44.41986083984375
7443,5.489999771118164,3.5325679779052734
7444,31.010000228881836,30.512554168701172
7445,23.420000076293945,22.59676742553711
7446,24.649999618530273,23.2893123626709
7447,49.220001220703125,47.92002868652344
7448,3.309999942779541,2.581369400024414
7449,28.030000686645508,24.90119743347168
7450,29.43000030517578,30.437511444091797
7451,46.91999816894531,45.219337463378906
7452,21.8700008392334,21.435739517211914
7453,24.950000762939453,24.751800537109375
7454,22.34000015258789,20.848861694335938
7455,27.149999618530273,25.17671012878418
7456,19.68000030517578,18.033451080322266
7457,21.239999771118164,20.423477172851562
7458,7.760000228881836,7.986990451812744
7459,17.34000015258789,16.3547420501709
7460,31.190000534057617,29.147192001342773
7461,30.290000915527344,30.099594116210938
7462,23.649999618530273,22.52651596069336
7463,6.059999942779541,6.409613132476807
7464,17.93000030517578,15.927796363830566
7465,7.21999979019165,6.774080276489258
7466,44.86000061035156,45.598175048828125
7467,21.899999618530273,22.041563034057617
7468,48.349998474121094,46.141265869140625
7469,69.91999816894531,63.25753402709961
7470,18.610000610351562,18.012008666992188
7471,21.31999969482422,19.548765182495117
7472,34.63999938964844,36.115150451660156
7473,49.119998931884766,47.980018615722656
7474,73.36000061035156,71.22819519042969
7475,19.020000457763672,17.846479415893555
7476,34.36000061035156,32.9543571472168
7477,24.34000015258789,23.766176223754883
7478,19.920000076293945,19.04922866821289
7479,15.390000343322754,14.30343246459961
7480,10.0,8.716816902160645
7481,31.899999618530273,29.018516540527344
7482,22.610000610351562,21.988927841186523
7483,59.45000076293945,60.29676055908203
7484,66.26000213623047,67.36371612548828
7485,13.319999694824219,13.276774406433105
7486,43.75,45.09858703613281
7487,30.010000228881836,31.151756286621094
7488,12.239999771118164,11.422943115234375
7489,72.31999969482422,64.77108001708984
7490,32.04999923706055,31.997907638549805
7491,33.310001373291016,31.92572021484375
7492,19.139999389648438,17.276107788085938
7493,8.079999923706055,7.660349369049072
7494,61.34000015258789,61.03233337402344
7495,25.889999389648438,24.155960083007812
7496,9.210000038146973,8.860676765441895
7497,22.6299991607666,22.79558563232422
7498,75.08999633789062,66.90837097167969
7499,21.260000228881836,21.03837013244629
7500,27.510000228881836,27.162322998046875
7501,35.779998779296875,34.223812103271484
7502,16.6200008392334,15.900497436523438
7503,19.469999313354492,17.376731872558594
7504,24.760000228881836,22.787803649902344
7505,29.969999313354492,25.95148277282715
7506,29.809999465942383,29.134265899658203
7507,37.880001068115234,36.7479362487793
7508,45.15999984741211,44.10472106933594
7509,61.84000015258789,60.10346221923828
7510,2.700000047683716,2.0740113258361816
7511,48.279998779296875,47.021575927734375
7512,25.059999465942383,25.581567764282227
7513,8.710000038146973,7.793327331542969
7514,9.539999961853027,7.250065803527832
7515,26.959999084472656,26.903274536132812
7516,36.939998626708984,33.952598571777344
7517,57.290000915527344,57.13667678833008
7518,28.299999237060547,25.961196899414062
7519,20.15999984741211,18.965408325195312
7520,8.229999542236328,8.381723403930664
7521,57.209999084472656,52.480953216552734
7522,32.25,32.348419189453125
7523,17.989999771118164,17.409832000732422
7524,22.1200008392334,22.248411178588867
7525,34.970001220703125,29.71487808227539
7526,73.01000213623047,62.00849151611328
7527,23.729999542236328,22.265140533447266
7528,23.3700008392334,23.749900817871094
7529,9.850000381469727,9.383368492126465
7530,21.280000686645508,21.732009887695312
7531,32.529998779296875,32.067649841308594
7532,34.79999923706055,37.22199249267578
7533,22.450000762939453,21.14720344543457
7534,32.689998626708984,32.02259063720703
7535,36.83000183105469,37.82969665527344
7536,4.099999904632568,3.245795965194702
7537,1.6100000143051147,1.163638710975647
7538,15.609999656677246,13.821680068969727
7539,7.289999961853027,7.284128189086914
7540,9.609999656677246,8.945867538452148
7541,49.459999084472656,50.04896926879883
7542,27.610000610351562,27.937698364257812
7543,13.470000267028809,12.923755645751953
7544,10.5,10.176705360412598
7545,25.15999984741211,24.392417907714844
7546,29.200000762939453,27.677400588989258
7547,58.58000183105469,58.800994873046875
7548,24.399999618530273,23.292648315429688
7549,8.420000076293945,7.400432586669922
7550,12.579999923706055,12.283279418945312
7551,61.9900016784668,57.79288101196289
7552,62.08000183105469,59.26435470581055
7553,57.349998474121094,54.953941345214844
7554,29.6299991607666,27.781070709228516
7555,17.31999969482422,16.125995635986328
7556,17.649999618530273,17.369224548339844
7557,13.880000114440918,13.225993156433105
7558,17.239999771118164,16.486881256103516
7559,20.65999984741211,20.844655990600586
7560,44.529998779296875,42.24223709106445
7561,15.960000038146973,14.930092811584473
7562,46.4900016784668,44.66622543334961
7563,52.209999084472656,48.936851501464844
7564,12.010000228881836,11.236892700195312
7565,37.16999816894531,35.90483093261719
7566,53.61000061035156,49.49302673339844
7567,27.8799991607666,25.360389709472656
7568,2.2300000190734863,2.9615559577941895
7569,34.13999938964844,35.59417724609375
7570,5.639999866485596,6.313471794128418
7571,35.810001373291016,35.189002990722656
7572,54.2599983215332,51.677040100097656
7573,20.530000686645508,19.246448516845703
7574,34.58000183105469,34.35694122314453
7575,28.18000030517578,26.730968475341797
7576,39.04999923706055,39.50834655761719
7577,7.119999885559082,3.4901177883148193
7578,33.900001525878906,34.058013916015625
7579,15.270000457763672,14.762669563293457
7580,16.75,15.910491943359375
7581,53.119998931884766,51.55195999145508
7582,38.36000061035156,35.58534240722656
7583,72.44999694824219,71.94905090332031
7584,23.030000686645508,20.639312744140625
7585,26.950000762939453,24.699155807495117
7586,32.41999816894531,31.471851348876953
7587,41.130001068115234,38.00164031982422
7588,36.349998474121094,34.704811096191406
7589,20.3799991607666,18.803728103637695
7590,51.38999938964844,55.67305374145508
7591,26.209999084472656,25.214183807373047
7592,12.989999771118164,12.330757141113281
7593,69.43000030517578,65.11363220214844
7594,41.349998474121094,41.957210540771484
7595,4.760000228881836,3.3671329021453857
7596,18.93000030517578,18.930068969726562
7597,22.8799991607666,20.586381912231445
7598,6.269999980926514,4.7407732009887695
7599,44.0,42.489585876464844
7600,18.709999084472656,18.439956665039062
7601,9.020000457763672,7.985188961029053
7602,15.199999809265137,11.64588737487793
7603,11.229999542236328,11.312798500061035
7604,15.760000228881836,14.335460662841797
7605,39.16999816894531,35.79908752441406
7606,26.510000228881836,24.49176025390625
7607,25.170000076293945,24.245763778686523
7608,16.729999542236328,15.672869682312012
7609,14.789999961853027,14.105630874633789
7610,23.309999465942383,24.120750427246094
7611,36.06999969482422,34.28820037841797
7612,6.800000190734863,5.115653038024902
7613,14.09000015258789,12.908689498901367
7614,28.8799991607666,26.205886840820312
7615,26.700000762939453,25.410268783569336
7616,47.97999954223633,47.948204040527344
7617,3.9200000762939453,2.781475067138672
7618,55.560001373291016,48.991798400878906
7619,14.9399995803833,14.272543907165527
7620,14.0,13.803722381591797
7621,37.79999923706055,35.494483947753906
7622,33.7400016784668,31.169727325439453
7623,9.65999984741211,9.14249324798584
7624,9.710000038146973,8.642322540283203
7625,9.470000267028809,9.12340259552002
7626,38.310001373291016,36.70886993408203
7627,12.239999771118164,12.249985694885254
7628,18.1200008392334,16.98625373840332
7629,34.4900016784668,32.50304412841797
7630,63.04999923706055,61.51220703125
7631,12.90999984741211,12.183085441589355
7632,2.299999952316284,1.6971474885940552
7633,18.530000686645508,17.856468200683594
7634,47.119998931884766,42.42405319213867
7635,7.289999961853027,6.072623252868652
7636,45.54999923706055,38.61001205444336
7637,27.649999618530273,25.8463134765625
7638,35.119998931884766,33.94841766357422
7639,64.56999969482422,62.262054443359375
7640,7.210000038146973,6.9807233810424805
7641,40.54999923706055,38.47441101074219
7642,45.790000915527344,45.173892974853516
7643,7.489999771118164,7.6352715492248535
7644,20.540000915527344,19.67967987060547
7645,21.809999465942383,19.78977394104004
7646,6.75,5.375620365142822
7647,21.940000534057617,21.54905128479004
7648,39.720001220703125,41.59122085571289
7649,43.0099983215332,42.36821746826172
7650,21.729999542236328,20.72168731689453
7651,14.630000114440918,13.538637161254883
7652,28.040000915527344,27.001249313354492
7653,62.150001525878906,58.749427795410156
7654,25.440000534057617,24.135082244873047
7655,39.61000061035156,39.83112716674805
7656,44.709999084472656,43.47528839111328
7657,31.020000457763672,32.07196044921875
7658,52.189998626708984,56.04117965698242
7659,17.139999389648438,15.565150260925293
7660,57.41999816894531,57.46836853027344
7661,30.81999969482422,31.481552124023438
7662,7.519999980926514,6.15606164932251
7663,23.510000228881836,24.44904327392578
7664,3.5199999809265137,3.0152037143707275
7665,10.069999694824219,9.218254089355469
7666,27.100000381469727,25.330642700195312
7667,19.170000076293945,19.647981643676758
7668,15.279999732971191,14.536457061767578
7669,19.8799991607666,17.984771728515625
7670,31.290000915527344,31.763498306274414
7671,19.969999313354492,18.55636215209961
7672,76.16999816894531,72.15733337402344
7673,4.28000020980835,2.5405211448669434
7674,33.689998626708984,33.20240783691406
7675,31.31999969482422,28.554885864257812
7676,16.979999542236328,16.402423858642578
7677,30.190000534057617,30.394569396972656
7678,11.619999885559082,11.188359260559082
7679,39.619998931884766,37.635009765625
7680,14.260000228881836,13.59196949005127
7681,53.689998626708984,52.6726188659668
7682,35.619998931884766,34.3219108581543
7683,25.489999771118164,26.19620132446289
7684,45.93000030517578,46.81711959838867
7685,9.869999885559082,9.2975435256958
7686,6.800000190734863,6.018182754516602
7687,32.720001220703125,30.514385223388672
7688,31.920000076293945,31.2391300201416
7689,30.559999465942383,30.14719581604004
7690,6.119999885559082,1.8532981872558594
7691,25.3700008392334,23.6342830657959
7692,10.949999809265137,10.187346458435059
7693,24.56999969482422,23.907257080078125
7694,56.040000915527344,50.56988525390625
7695,48.040000915527344,46.923404693603516
7696,14.170000076293945,14.188787460327148
7697,13.779999732971191,12.590351104736328
7698,7.0,4.906938552856445
7699,33.880001068115234,32.52131652832031
7700,23.049999237060547,22.164567947387695
7701,52.790000915527344,50.57136535644531
7702,31.270000457763672,32.18232727050781
7703,22.8799991607666,21.971576690673828
7704,16.760000228881836,15.70828914642334
7705,15.90999984741211,14.28237247467041
7706,37.209999084472656,35.85902404785156
7707,13.079999923706055,12.620842933654785
7708,42.2400016784668,40.80708312988281
7709,7.559999942779541,7.175554275512695
7710,43.0099983215332,41.9271354675293
7711,1.9299999475479126,4.634695529937744
7712,25.75,26.05868148803711
7713,7.119999885559082,7.153555870056152
7714,12.40999984741211,10.782425880432129
7715,41.7400016784668,39.6319694519043
7716,12.630000114440918,11.188206672668457
7717,31.729999542236328,30.578907012939453
7718,28.989999771118164,27.069854736328125
7719,20.6200008392334,20.397802352905273
7720,23.420000076293945,22.438533782958984
7721,7.340000152587891,5.433162212371826
7722,23.899999618530273,21.77364158630371
7723,60.720001220703125,55.290557861328125
7724,54.88999938964844,47.248043060302734
7725,34.209999084472656,34.01602554321289
7726,13.40999984741211,12.823298454284668
7727,29.229999542236328,27.516353607177734
7728,12.5,10.320208549499512
7729,25.81999969482422,25.271461486816406
7730,12.319999694824219,11.260246276855469
7731,32.880001068115234,31.320444107055664
7732,23.84000015258789,23.042844772338867
7733,33.27000045776367,31.505022048950195
7734,10.460000038146973,10.42838191986084
7735,12.760000228881836,11.902369499206543
7736,30.239999771118164,28.385656356811523
7737,13.229999542236328,12.73075008392334
7738,22.079999923706055,19.153736114501953
7739,53.630001068115234,54.263916015625
7740,6.840000152587891,7.349005699157715
7741,42.9900016784668,45.49864196777344
7742,40.56999969482422,40.969688415527344
7743,38.75,36.0652961730957
7744,7.110000133514404,6.153407573699951
7745,14.430000305175781,13.856632232666016
7746,45.93000030517578,45.17247009277344
7747,43.52000045776367,41.61865234375
7748,44.15999984741211,46.633033752441406
7749,32.099998474121094,30.160966873168945
7750,16.440000534057617,14.810985565185547
7751,45.9900016784668,42.95042037963867
7752,11.65999984741211,11.132377624511719
7753,36.27000045776367,34.77964782714844
7754,22.290000915527344,19.52281379699707
7755,13.9399995803833,13.451126098632812
7756,41.7400016784668,43.51100540161133
7757,51.470001220703125,48.12987518310547
7758,7.800000190734863,7.578306198120117
7759,35.040000915527344,35.87174606323242
7760,7.599999904632568,7.760461807250977
7761,20.8700008392334,20.236461639404297
7762,22.860000610351562,21.723604202270508
7763,41.61000061035156,40.5980110168457
7764,41.22999954223633,38.50904083251953
7765,31.56999969482422,32.405906677246094
7766,38.11000061035156,34.191001892089844
7767,18.25,19.114843368530273
7768,16.079999923706055,15.585782051086426
7769,40.970001220703125,40.942283630371094
7770,16.100000381469727,14.67358684539795
7771,58.65999984741211,58.55647277832031
7772,23.5,22.604928970336914
7773,29.8700008392334,27.542076110839844
7774,33.04999923706055,34.51251983642578
7775,64.23999786376953,63.51170349121094
7776,12.020000457763672,10.770771980285645
7777,27.18000030517578,25.79883575439453
7778,4.369999885559082,3.4208576679229736
7779,34.650001525878906,34.18773651123047
7780,54.93000030517578,51.83194351196289
7781,15.770000457763672,13.907866477966309
7782,29.729999542236328,30.04668426513672
7783,11.369999885559082,9.689642906188965
7784,59.2599983215332,55.94997024536133
7785,34.13999938964844,34.24984359741211
7786,15.640000343322754,14.433976173400879
7787,42.72999954223633,43.07982635498047
7788,28.690000534057617,26.28314208984375
7789,52.08000183105469,51.37291717529297
7790,71.30999755859375,68.90958404541016
7791,16.889999389648438,16.03483009338379
7792,23.969999313354492,22.652904510498047
7793,13.609999656677246,13.402617454528809
7794,24.989999771118164,22.569162368774414
7795,19.690000534057617,18.20189666748047
7796,17.8700008392334,15.8207426071167
7797,47.040000915527344,45.99931716918945
7798,68.19000244140625,67.710205078125
7799,39.099998474121094,34.74550247192383
7800,25.3799991607666,25.422788619995117
7801,35.41999816894531,34.36201477050781
7802,43.900001525878906,43.71238708496094
7803,13.869999885559082,12.482481002807617
7804,7.900000095367432,7.554518222808838
7805,22.18000030517578,22.758628845214844
7806,20.25,19.77404022216797
7807,7.079999923706055,7.007170677185059
7808,36.54999923706055,35.50537109375
7809,48.369998931884766,46.51297378540039
7810,4.420000076293945,2.581886053085327
7811,50.400001525878906,50.507930755615234
7812,57.869998931884766,53.12183380126953
7813,13.75,13.365747451782227
7814,39.81999969482422,41.063575744628906
7815,17.309999465942383,16.355737686157227
7816,37.529998779296875,39.045440673828125
7817,37.9900016784668,38.06303787231445
7818,12.699999809265137,11.606350898742676
7819,12.9399995803833,11.966639518737793
7820,40.84000015258789,40.93373107910156
7821,7.639999866485596,6.90752649307251
7822,40.130001068115234,41.59160614013672
7823,11.84000015258789,10.997663497924805
7824,15.9399995803833,15.962987899780273
7825,46.630001068115234,46.53508758544922
7826,13.819999694824219,13.23478889465332
7827,32.560001373291016,31.8908748626709
7828,46.880001068115234,46.182586669921875
7829,40.939998626708984,38.76373291015625
7830,7.659999847412109,2.1208603382110596
7831,29.90999984741211,28.25861358642578
7832,52.130001068115234,48.59567642211914
7833,31.760000228881836,30.695833206176758
7834,19.510000228881836,19.14594078063965
7835,33.61000061035156,33.64567184448242
7836,29.729999542236328,26.60088348388672
7837,16.610000610351562,14.659683227539062
7838,8.720000267028809,8.541945457458496
7839,45.959999084472656,47.313987731933594
7840,34.93000030517578,32.372581481933594
7841,56.970001220703125,51.891624450683594
7842,31.34000015258789,31.156455993652344
7843,11.930000305175781,11.884432792663574
7844,52.02000045776367,50.16392517089844
7845,61.369998931884766,59.70025634765625
7846,27.899999618530273,28.438159942626953
7847,40.7400016784668,41.0901985168457
7848,38.45000076293945,36.2111701965332
7849,20.15999984741211,19.191375732421875
7850,56.7400016784668,53.79322052001953
7851,6.449999809265137,4.684229850769043
7852,16.549999237060547,15.322790145874023
7853,14.390000343322754,13.295023918151855
7854,23.299999237060547,19.59853744506836
7855,42.34000015258789,41.712554931640625
7856,37.15999984741211,44.01923751831055
7857,34.54999923706055,34.579837799072266
7858,21.06999969482422,20.380807876586914
7859,23.420000076293945,22.750320434570312
7860,39.779998779296875,38.23088836669922
7861,47.41999816894531,47.072235107421875
7862,31.290000915527344,30.934049606323242
7863,8.479999542236328,8.171553611755371
7864,38.79999923706055,36.67005157470703
7865,37.869998931884766,37.10450744628906
7866,18.799999237060547,17.487030029296875
7867,4.75,3.887063980102539
7868,17.81999969482422,15.350993156433105
7869,47.790000915527344,44.397701263427734
7870,21.709999084472656,19.535245895385742
7871,53.810001373291016,52.33420181274414
7872,8.59000015258789,7.106863021850586
7873,69.37999725341797,71.15724182128906
7874,6.699999809265137,6.445282936096191
7875,19.780000686645508,18.69649314880371
7876,37.09000015258789,36.85529708862305
7877,12.850000381469727,11.834996223449707
7878,13.079999923706055,14.072457313537598
7879,39.720001220703125,38.996124267578125
7880,32.52000045776367,31.09755516052246
7881,28.639999389648438,28.923770904541016
7882,22.239999771118164,20.766929626464844
7883,14.010000228881836,13.186192512512207
7884,31.139999389648438,26.829792022705078
7885,14.1899995803833,13.193406105041504
7886,38.369998931884766,37.23262023925781
7887,17.770000457763672,16.898435592651367
7888,43.400001525878906,42.51469039916992
7889,38.06999969482422,36.81426239013672
7890,24.84000015258789,24.35782814025879
7891,10.029999732971191,8.665901184082031
7892,52.290000915527344,51.08662414550781
7893,43.220001220703125,41.6568489074707
7894,57.52000045776367,52.861148834228516
7895,41.040000915527344,36.13545227050781
7896,30.450000762939453,30.881845474243164
7897,22.65999984741211,22.56475830078125
7898,48.06999969482422,45.89216995239258
7899,34.56999969482422,34.54507064819336
7900,5.349999904632568,3.8208768367767334
7901,23.690000534057617,22.15220832824707
7902,19.709999084472656,19.24759864807129
7903,9.479999542236328,8.981456756591797
7904,11.020000457763672,10.362534523010254
7905,4.300000190734863,3.092534065246582
7906,32.02000045776367,33.277339935302734
7907,15.300000190734863,14.817286491394043
7908,22.299999237060547,21.951358795166016
7909,5.619999885559082,4.915004730224609
7910,52.529998779296875,49.30388259887695
7911,7.800000190734863,7.459770679473877
7912,28.059999465942383,28.62706184387207
7913,29.829999923706055,28.48847198486328
7914,20.329999923706055,18.878149032592773
7915,41.2599983215332,38.237422943115234
7916,33.63999938964844,32.68006896972656
7917,35.720001220703125,34.83525085449219
7918,26.360000610351562,27.07073211669922
7919,16.579999923706055,16.210208892822266
7920,49.189998626708984,47.236793518066406
7921,39.52000045776367,39.70450973510742
7922,27.6299991607666,25.918853759765625
7923,23.649999618530273,21.974489212036133
7924,26.200000762939453,27.245994567871094
7925,30.100000381469727,28.82944107055664
7926,17.579999923706055,16.221750259399414
7927,19.450000762939453,21.03729248046875
7928,29.850000381469727,27.921817779541016
7929,62.099998474121094,56.683250427246094
7930,25.670000076293945,24.71515655517578
7931,21.43000030517578,19.487396240234375
7932,19.40999984741211,17.1474552154541
7933,30.059999465942383,28.552608489990234
7934,26.549999237060547,25.59380340576172
7935,40.459999084472656,41.04710388183594
7936,55.7400016784668,54.19802474975586
7937,8.619999885559082,5.10215425491333
7938,13.84000015258789,12.646904945373535
7939,16.110000610351562,15.09071159362793
7940,45.08000183105469,42.953880310058594
7941,46.70000076293945,44.48102951049805
7942,21.920000076293945,22.739377975463867
7943,8.819999694824219,8.762547492980957
7944,41.75,41.182865142822266
7945,2.75,3.2592740058898926
7946,14.970000267028809,15.048270225524902
7947,43.209999084472656,42.22325134277344
7948,5.579999923706055,5.538207530975342
7949,35.15999984741211,35.5159912109375
7950,14.619999885559082,13.458002090454102
7951,45.709999084472656,44.121681213378906
7952,13.220000267028809,13.655675888061523
7953,2.0199999809265137,2.3479061126708984
7954,34.709999084472656,36.77396011352539
7955,37.70000076293945,35.857513427734375
7956,53.81999969482422,51.78666687011719
7957,8.579999923706055,7.930420398712158
7958,42.81999969482422,42.03804397583008
7959,22.489999771118164,21.484766006469727
7960,29.709999084472656,28.941709518432617
7961,11.1899995803833,11.109796524047852
7962,79.7699966430664,75.76995849609375
7963,50.689998626708984,52.13829803466797
7964,34.59000015258789,33.20677185058594
7965,32.400001525878906,30.178531646728516
7966,31.950000762939453,30.90433120727539
7967,50.529998779296875,47.48768997192383
7968,34.72999954223633,32.50657653808594
7969,3.109999895095825,2.219423294067383
7970,35.29999923706055,33.638790130615234
7971,14.010000228881836,12.934380531311035
7972,44.119998931884766,39.76765441894531
7973,5.650000095367432,4.433782577514648
7974,13.430000305175781,13.136849403381348
7975,19.18000030517578,17.91008758544922
7976,43.58000183105469,41.25507736206055
7977,29.770000457763672,29.106163024902344
7978,65.18000030517578,64.7991943359375
7979,27.780000686645508,27.131641387939453
7980,38.060001373291016,35.97574996948242
7981,33.720001220703125,33.689735412597656
7982,1.7300000190734863,1.4097355604171753
7983,12.069999694824219,11.526711463928223
7984,39.86000061035156,40.08467483520508
7985,31.5,31.172330856323242
7986,42.310001373291016,41.91323471069336
7987,45.709999084472656,43.591678619384766
7988,21.510000228881836,21.08139419555664
7989,16.899999618530273,16.17051124572754
7990,15.300000190734863,13.937662124633789
7991,22.059999465942383,22.418392181396484
7992,59.970001220703125,59.837921142578125
7993,22.959999084472656,21.690326690673828
7994,3.430000066757202,2.4276487827301025
7995,19.139999389648438,17.893688201904297
7996,7.449999809265137,5.276651382446289
7997,38.439998626708984,36.01435089111328
7998,44.25,42.233604431152344
7999,24.889999389648438,23.519081115722656
8000,38.7400016784668,35.94292068481445
8001,38.61000061035156,36.888031005859375
8002,32.900001525878906,31.118263244628906
8003,45.97999954223633,45.483890533447266
8004,14.40999984741211,13.15754508972168
8005,28.360000610351562,27.173465728759766
8006,25.940000534057617,25.963254928588867
8007,8.930000305175781,8.604424476623535
8008,2.0899999141693115,2.865251302719116
8009,16.229999542236328,16.044347763061523
8010,13.75,12.148916244506836
8011,13.220000267028809,12.295141220092773
8012,31.350000381469727,30.410720825195312
8013,48.939998626708984,47.10652542114258
8014,71.20999908447266,60.74127197265625
8015,50.279998779296875,49.993309020996094
8016,31.93000030517578,32.19008255004883
8017,14.140000343322754,12.963602066040039
8018,18.420000076293945,16.87261199951172
8019,54.65999984741211,54.03912353515625
8020,67.18000030517578,66.7098617553711
8021,17.329999923706055,16.053531646728516
8022,25.860000610351562,24.121429443359375
8023,51.31999969482422,49.860530853271484
8024,22.68000030517578,22.024335861206055
8025,3.7300000190734863,2.1598687171936035
8026,21.81999969482422,20.45079803466797
8027,48.810001373291016,50.17978286743164
8028,34.630001068115234,32.112483978271484
8029,32.27000045776367,31.519725799560547
8030,44.369998931884766,41.9954948425293
8031,50.75,51.20718002319336
8032,38.61000061035156,34.78343200683594
8033,48.470001220703125,47.59681701660156
8034,9.880000114440918,7.959358215332031
8035,53.650001525878906,51.2539176940918
8036,35.220001220703125,33.99828338623047
8037,10.949999809265137,10.720097541809082
8038,13.649999618530273,11.938063621520996
8039,6.289999961853027,5.116360187530518
8040,43.66999816894531,42.42058181762695
8041,19.510000228881836,20.12820816040039
8042,13.630000114440918,13.028822898864746
8043,28.15999984741211,32.51584243774414
8044,56.20000076293945,53.913108825683594
8045,34.33000183105469,29.920082092285156
8046,19.06999969482422,18.40584945678711
8047,24.299999237060547,22.894804000854492
8048,21.309999465942383,20.249046325683594
8049,39.45000076293945,36.49055480957031
8050,12.649999618530273,11.5667142868042
8051,27.170000076293945,28.58847999572754
8052,75.37000274658203,72.10355377197266
8053,18.239999771118164,16.650211334228516
8054,16.610000610351562,15.46859073638916
8055,24.1200008392334,24.702022552490234
8056,28.850000381469727,27.72052764892578
8057,27.399999618530273,26.36152458190918
8058,31.5,31.13443946838379
8059,3.1500000953674316,2.071868896484375
8060,33.95000076293945,32.743324279785156
8061,51.13999938964844,47.93147659301758
8062,8.989999771118164,5.815867900848389
8063,18.290000915527344,17.0960636138916
8064,22.079999923706055,19.97920036315918
8065,50.45000076293945,47.85660934448242
8066,52.650001525878906,55.129554748535156
8067,34.25,31.68708038330078
8068,7.869999885559082,7.746479511260986
8069,39.209999084472656,36.34079360961914
8070,33.02000045776367,34.02861022949219
8071,10.84000015258789,9.245686531066895
8072,55.04999923706055,45.13727951049805
8073,7.309999942779541,5.830580711364746
8074,15.079999923706055,13.861553192138672
8075,11.100000381469727,10.930524826049805
8076,68.2699966430664,66.76526641845703
8077,21.450000762939453,20.052358627319336
8078,71.12000274658203,70.88667297363281
8079,14.270000457763672,12.19139575958252
8080,30.020000457763672,29.3786678314209
8081,19.329999923706055,17.94611358642578
8082,12.239999771118164,9.972942352294922
8083,23.350000381469727,23.3538818359375
8084,61.79999923706055,62.863155364990234
8085,25.06999969482422,22.74189567565918
8086,27.729999542236328,28.89093017578125
8087,22.229999542236328,20.44805908203125
8088,13.359999656677246,11.75086784362793
8089,27.639999389648438,26.26922607421875
8090,43.95000076293945,43.862937927246094
8091,38.529998779296875,33.42399978637695
8092,45.209999084472656,43.590396881103516
8093,11.329999923706055,10.619233131408691
8094,6.409999847412109,6.002917289733887
8095,67.12999725341797,67.28012084960938
8096,28.709999084472656,26.894453048706055
8097,58.70000076293945,59.519264221191406
8098,8.050000190734863,8.454654693603516
8099,11.25,8.779199600219727
8100,13.670000076293945,11.869869232177734
8101,13.640000343322754,12.354426383972168
8102,21.540000915527344,20.317338943481445
8103,16.68000030517578,15.166668891906738
8104,12.25,11.877302169799805
8105,21.299999237060547,21.978267669677734
8106,26.75,29.961387634277344
8107,2.6700000762939453,2.8456199169158936
8108,22.350000381469727,22.140106201171875
8109,11.819999694824219,10.989636421203613
8110,4.449999809265137,4.274318695068359
8111,24.8799991607666,23.369281768798828
8112,6.96999979019165,6.635328769683838
8113,8.729999542236328,8.577054023742676
8114,24.350000381469727,22.431928634643555
8115,47.79999923706055,45.594627380371094
8116,9.220000267028809,7.534839153289795
8117,18.850000381469727,18.266536712646484
8118,51.43000030517578,50.594913482666016
8119,62.06999969482422,64.45421600341797
8120,36.18000030517578,33.01631546020508
8121,5.239999771118164,4.3120551109313965
8122,10.479999542236328,10.46291732788086
8123,18.489999771118164,17.368160247802734
8124,8.890000343322754,8.799627304077148
8125,35.45000076293945,37.13550567626953
8126,19.290000915527344,18.80963897705078
8127,9.09000015258789,7.809376239776611
8128,32.15999984741211,31.096555709838867
8129,17.040000915527344,15.944318771362305
8130,52.709999084472656,53.96626281738281
8131,29.979999542236328,26.784088134765625
8132,20.65999984741211,19.612024307250977
8133,39.119998931884766,38.63740539550781
8134,31.93000030517578,29.8480224609375
8135,35.81999969482422,30.096410751342773
8136,27.600000381469727,29.75001335144043
8137,26.1200008392334,23.82450294494629
8138,12.279999732971191,13.42403793334961
8139,19.040000915527344,17.27559471130371
8140,30.75,29.830810546875
8141,71.55000305175781,71.70226287841797
8142,34.70000076293945,35.08037567138672
8143,52.47999954223633,48.84918212890625
8144,15.880000114440918,15.55869197845459
8145,21.579999923706055,21.409391403198242
8146,34.689998626708984,35.066505432128906
8147,10.010000228881836,9.463659286499023
8148,14.479999542236328,14.020930290222168
8149,15.239999771118164,14.4593505859375
8150,9.619999885559082,8.33452033996582
8151,23.049999237060547,20.441970825195312
8152,29.770000457763672,30.160619735717773
8153,36.29999923706055,35.82944107055664
8154,36.70000076293945,38.362483978271484
8155,32.79999923706055,32.305477142333984
8156,49.5099983215332,46.530574798583984
8157,5.800000190734863,4.604958534240723
8158,11.859999656677246,11.23038101196289
8159,14.619999885559082,13.785360336303711
8160,26.850000381469727,26.109291076660156
8161,20.670000076293945,19.435617446899414
8162,15.5600004196167,14.022066116333008
8163,23.600000381469727,23.041019439697266
8164,61.18000030517578,59.910640716552734
8165,42.7400016784668,41.700645446777344
8166,31.989999771118164,30.80065155029297
8167,31.829999923706055,31.072124481201172
8168,58.36000061035156,59.33796310424805
8169,8.5600004196167,8.131682395935059
8170,51.5,50.80740737915039
8171,34.470001220703125,32.36104202270508
8172,21.760000228881836,21.278810501098633
8173,68.5199966430664,67.61514282226562
8174,16.530000686645508,15.319561004638672
8175,26.690000534057617,26.33049964904785
8176,26.299999237060547,25.14670181274414
8177,22.65999984741211,21.29098892211914
8178,6.670000076293945,5.461745262145996
8179,24.1299991607666,22.136531829833984
8180,27.809999465942383,27.587541580200195
8181,23.31999969482422,21.443801879882812
8182,27.40999984741211,24.794057846069336
8183,21.190000534057617,19.87274932861328
8184,61.400001525878906,59.20579528808594
8185,10.779999732971191,9.640746116638184
8186,72.4800033569336,70.09542083740234
8187,16.059999465942383,15.706316947937012
8188,10.15999984741211,9.960756301879883
8189,7.239999771118164,7.075456142425537
8190,30.979999542236328,28.5156192779541
8191,43.7400016784668,47.22998809814453
8192,28.84000015258789,29.082542419433594
8193,36.560001373291016,35.220794677734375
8194,12.170000076293945,11.349737167358398
8195,32.95000076293945,33.96086883544922
8196,22.1299991607666,21.361087799072266
8197,68.94999694824219,69.25403594970703
8198,8.020000457763672,8.18100357055664
8199,17.110000610351562,16.53451919555664
8200,59.88999938964844,58.84785842895508
8201,31.899999618530273,31.753093719482422
8202,36.790000915527344,35.12794494628906
8203,28.149999618530273,28.986557006835938
8204,47.29999923706055,46.44231414794922
8205,17.56999969482422,18.24984359741211
8206,38.439998626708984,37.58010482788086
8207,6.079999923706055,4.6591796875
8208,14.489999771118164,14.397730827331543
8209,33.06999969482422,31.079952239990234
8210,9.239999771118164,8.885482788085938
8211,41.650001525878906,40.50773239135742
8212,27.709999084472656,27.43893814086914
8213,21.649999618530273,20.44329833984375
8214,7.730000019073486,8.792092323303223
8215,22.600000381469727,21.694913864135742
8216,11.130000114440918,10.5936861038208
8217,32.04999923706055,32.60266876220703
8218,18.299999237060547,18.23152732849121
8219,4.480000019073486,3.661515951156616
8220,35.11000061035156,33.89552688598633
8221,21.420000076293945,22.99588394165039
8222,28.290000915527344,26.863126754760742
8223,5.489999771118164,4.9787726402282715
8224,39.290000915527344,38.164283752441406
8225,32.119998931884766,30.028167724609375
8226,23.290000915527344,21.020076751708984
8227,7.650000095367432,6.206473350524902
8228,46.2599983215332,46.57127380371094
8229,57.849998474121094,55.76095962524414
8230,18.489999771118164,17.727458953857422
8231,29.889999389648438,30.676122665405273
8232,10.399999618530273,9.510289192199707
8233,12.010000228881836,11.252959251403809
8234,7.489999771118164,5.861435413360596
8235,2.069999933242798,1.7652649879455566
8236,29.84000015258789,28.021224975585938
8237,18.950000762939453,16.69304847717285
8238,56.41999816894531,57.999916076660156
8239,49.2599983215332,45.77629852294922
8240,36.33000183105469,36.15309143066406
8241,12.0,11.134159088134766
8242,29.15999984741211,29.72980308532715
8243,60.290000915527344,59.412940979003906
8244,24.15999984741211,23.571857452392578
8245,45.79999923706055,42.3697509765625
8246,25.989999771118164,24.92371940612793
8247,10.65999984741211,9.677452087402344
8248,33.290000915527344,31.896957397460938
8249,43.540000915527344,42.96198654174805
8250,41.630001068115234,41.416934967041016
8251,52.02000045776367,52.57514190673828
8252,3.2699999809265137,1.409006953239441
8253,25.3799991607666,25.536481857299805
8254,14.09000015258789,12.840892791748047
8255,41.68000030517578,39.57017135620117
8256,34.04999923706055,35.174861907958984
8257,33.68000030517578,33.94001388549805
8258,11.380000114440918,10.55276107788086
8259,16.100000381469727,14.820183753967285
8260,46.34000015258789,47.588470458984375
8261,27.559999465942383,26.282344818115234
8262,26.479999542236328,25.804819107055664
8263,33.84000015258789,34.74232482910156
8264,21.170000076293945,19.58135223388672
8265,38.689998626708984,38.03142547607422
8266,6.710000038146973,5.153883934020996
8267,19.940000534057617,19.178647994995117
8268,35.45000076293945,35.582035064697266
8269,21.969999313354492,20.20227813720703
8270,10.729999542236328,9.165390968322754
8271,47.630001068115234,43.947410583496094
8272,21.93000030517578,22.484519958496094
8273,17.850000381469727,16.77323341369629
8274,8.789999961853027,7.958302021026611
8275,1.1699999570846558,3.2499136924743652
8276,38.369998931884766,37.34306335449219
8277,46.0099983215332,44.285736083984375
8278,19.579999923706055,18.621065139770508
8279,35.869998931884766,35.223663330078125
8280,19.719999313354492,17.485929489135742
8281,25.8700008392334,24.718647003173828
8282,66.9800033569336,64.8174057006836
8283,27.450000762939453,26.05260467529297
8284,16.90999984741211,13.903900146484375
8285,17.600000381469727,16.48849105834961
8286,13.600000381469727,13.019396781921387
8287,31.649999618530273,28.611892700195312
8288,7.110000133514404,5.364240646362305
8289,22.299999237060547,20.163694381713867
8290,28.139999389648438,27.486154556274414
8291,22.75,21.37702178955078
8292,75.5,67.85718536376953
8293,16.8700008392334,15.538625717163086
8294,14.720000267028809,13.229490280151367
8295,19.969999313354492,20.170757293701172
8296,17.780000686645508,16.437158584594727
8297,70.33000183105469,69.67822265625
8298,40.380001068115234,38.700408935546875
8299,35.11000061035156,33.73245620727539
8300,46.65999984741211,43.44621658325195
8301,13.640000343322754,11.638761520385742
8302,8.430000305175781,8.398297309875488
8303,30.639999389648438,29.151697158813477
8304,14.989999771118164,12.307477951049805
8305,19.899999618530273,19.746885299682617
8306,54.40999984741211,49.17314529418945
8307,22.209999084472656,21.149595260620117
8308,26.860000610351562,24.378528594970703
8309,23.440000534057617,22.52729034423828
8310,6.369999885559082,4.978868007659912
8311,45.0099983215332,47.0621452331543
8312,10.720000267028809,10.245903968811035
8313,14.25,10.81551456451416
8314,17.5,16.65806007385254
8315,54.52000045776367,56.09897232055664
8316,17.15999984741211,16.36374282836914
8317,14.260000228881836,13.259672164916992
8318,36.650001525878906,35.804195404052734
8319,27.81999969482422,27.482694625854492
8320,53.18000030517578,52.17224884033203
8321,19.850000381469727,18.296451568603516
8322,52.06999969482422,53.3116340637207
8323,22.1299991607666,21.01425552368164
8324,51.02000045776367,48.445518493652344
8325,55.380001068115234,57.89247131347656
8326,21.56999969482422,19.419509887695312
8327,33.36000061035156,31.68488121032715
8328,37.060001373291016,36.28532791137695
8329,40.119998931884766,40.52642059326172
8330,30.649999618530273,27.562454223632812
8331,22.6200008392334,23.471343994140625
8332,29.450000762939453,29.354368209838867
8333,38.33000183105469,44.40715789794922
8334,25.079999923706055,24.329065322875977
8335,59.59000015258789,57.73295974731445
8336,42.220001220703125,40.268917083740234
8337,40.970001220703125,39.73712158203125
8338,29.59000015258789,29.662738800048828
8339,51.84000015258789,49.18212127685547
8340,18.450000762939453,17.146026611328125
8341,30.489999771118164,29.630718231201172
8342,19.200000762939453,17.279521942138672
8343,33.470001220703125,31.600919723510742
8344,16.860000610351562,16.1848201751709
8345,17.229999542236328,16.528167724609375
8346,8.880000114440918,8.47632884979248
8347,28.0,26.184810638427734
8348,10.050000190734863,8.82594108581543
8349,30.25,27.83193588256836
8350,31.219999313354492,29.545787811279297
8351,11.859999656677246,12.178711891174316
8352,31.40999984741211,30.75017547607422
8353,37.5,39.51644515991211
8354,53.68000030517578,50.925777435302734
8355,78.19999694824219,71.81636047363281
8356,25.350000381469727,24.306964874267578
8357,28.799999237060547,26.383853912353516
8358,34.72999954223633,33.96863555908203
8359,23.299999237060547,22.79496192932129
8360,57.25,55.113094329833984
8361,3.950000047683716,3.3626515865325928
8362,17.280000686645508,17.198509216308594
8363,14.449999809265137,13.098477363586426
8364,53.099998474121094,50.89284896850586
8365,64.9000015258789,62.578575134277344
8366,31.670000076293945,30.386924743652344
8367,43.7400016784668,42.310302734375
8368,13.390000343322754,10.345795631408691
8369,16.270000457763672,15.615453720092773
8370,12.460000038146973,11.054695129394531
8371,25.350000381469727,24.697574615478516
8372,6.400000095367432,4.9584174156188965
8373,22.84000015258789,21.684423446655273
8374,38.09000015258789,35.2529296875
8375,53.18000030517578,50.98094940185547
8376,37.06999969482422,37.8486442565918
8377,27.100000381469727,31.96597671508789
8378,26.1200008392334,26.514806747436523
8379,21.1200008392334,20.19511604309082
8380,17.260000228881836,15.148765563964844
8381,16.760000228881836,14.769643783569336
8382,47.939998626708984,46.628326416015625
8383,37.349998474121094,36.804622650146484
8384,19.290000915527344,18.275718688964844
8385,26.149999618530273,25.065675735473633
8386,24.520000457763672,22.20946502685547
8387,10.220000267028809,10.005836486816406
8388,14.09000015258789,12.703295707702637
8389,3.9200000762939453,2.3140294551849365
8390,50.689998626708984,49.76348114013672
8391,62.619998931884766,65.57720947265625
8392,59.560001373291016,58.58377456665039
8393,52.56999969482422,51.328941345214844
8394,31.979999542236328,32.26226043701172
8395,26.6299991607666,23.809307098388672
8396,18.479999542236328,17.814603805541992
8397,12.350000381469727,12.150179862976074
8398,35.22999954223633,36.083229064941406
8399,46.18000030517578,49.881038665771484
8400,48.84000015258789,49.022430419921875
8401,18.59000015258789,17.36391258239746
8402,9.319999694824219,8.454017639160156
8403,72.11000061035156,68.06797790527344
8404,53.09000015258789,53.34672546386719
8405,35.34000015258789,35.48888397216797
8406,18.43000030517578,16.82484245300293
8407,9.90999984741211,9.23760986328125
8408,13.180000305175781,12.43822956085205
8409,46.59000015258789,45.03208541870117
8410,16.09000015258789,15.512677192687988
8411,46.599998474121094,45.808372497558594
8412,34.09000015258789,30.931493759155273
8413,39.220001220703125,38.211891174316406
8414,10.989999771118164,9.711933135986328
8415,10.430000305175781,8.053462982177734
8416,70.11000061035156,64.31895446777344
8417,10.710000038146973,9.230687141418457
8418,25.780000686645508,23.809234619140625
8419,22.450000762939453,21.620635986328125
8420,29.790000915527344,30.59134864807129
8421,34.099998474121094,33.99659729003906
8422,53.77000045776367,54.47593688964844
8423,43.7400016784668,38.25166702270508
8424,29.93000030517578,30.584989547729492
8425,35.150001525878906,36.036678314208984
8426,5.230000019073486,4.392717361450195
8427,64.69999694824219,61.68520736694336
8428,37.06999969482422,38.84251403808594
8429,24.219999313354492,24.216869354248047
8430,46.630001068115234,44.1208610534668
8431,28.079999923706055,26.02888298034668
8432,29.969999313354492,31.34102439880371
8433,45.619998931884766,40.87860107421875
8434,48.869998931884766,45.55434036254883
8435,40.56999969482422,39.438480377197266
8436,71.81999969482422,68.38056945800781
8437,18.969999313354492,18.49271011352539
8438,26.530000686645508,27.92263412475586
8439,18.579999923706055,17.659496307373047
8440,32.959999084472656,30.217512130737305
8441,55.060001373291016,54.86774444580078
8442,43.09000015258789,42.351806640625
8443,45.849998474121094,43.8939094543457
8444,3.3499999046325684,2.325479030609131
8445,6.309999942779541,4.551963806152344
8446,20.920000076293945,19.07245635986328
8447,42.65999984741211,41.034507751464844
8448,6.119999885559082,4.486415863037109
8449,56.650001525878906,55.481040954589844
8450,22.260000228881836,21.573062896728516
8451,9.649999618530273,10.742759704589844
8452,17.309999465942383,17.01885986328125
8453,29.239999771118164,28.445621490478516
8454,18.920000076293945,17.93368148803711
8455,38.04999923706055,37.905181884765625
8456,28.049999237060547,29.668638229370117
8457,29.829999923706055,27.335508346557617
8458,13.449999809265137,12.36002254486084
8459,57.47999954223633,55.827110290527344
8460,21.25,17.87211036682129
8461,50.459999084472656,46.81745147705078
8462,68.51000213623047,65.19845581054688
8463,25.100000381469727,23.507394790649414
8464,34.63999938964844,34.79023742675781
8465,12.390000343322754,11.395828247070312
8466,31.3799991607666,28.755943298339844
8467,39.38999938964844,42.61188507080078
8468,32.66999816894531,32.990806579589844
8469,46.81999969482422,47.11579132080078
8470,34.369998931884766,33.83884811401367
8471,62.0099983215332,60.27284240722656
8472,24.510000228881836,22.336658477783203
8473,24.979999542236328,22.910242080688477
8474,45.22999954223633,42.557464599609375
8475,45.970001220703125,45.30645751953125
8476,42.150001525878906,38.807159423828125
8477,40.790000915527344,39.390071868896484
8478,11.420000076293945,10.996918678283691
8479,41.43000030517578,41.955535888671875
8480,2.819999933242798,1.8523420095443726
8481,38.79999923706055,37.83443832397461
8482,23.899999618530273,23.101661682128906
8483,27.09000015258789,26.882423400878906
8484,14.760000228881836,13.60861587524414
8485,43.43000030517578,40.58993148803711
8486,36.349998474121094,36.064971923828125
8487,11.739999771118164,11.042685508728027
8488,18.940000534057617,19.23096466064453
8489,62.91999816894531,64.25892639160156
8490,23.889999389648438,22.878353118896484
8491,9.699999809265137,9.011878967285156
8492,7.820000171661377,7.315746784210205
8493,12.819999694824219,12.195379257202148
8494,23.760000228881836,24.705982208251953
8495,20.3799991607666,18.614290237426758
8496,36.099998474121094,34.83683776855469
8497,19.940000534057617,19.748960494995117
8498,35.7599983215332,35.050804138183594
8499,38.459999084472656,34.84584045410156
8500,51.869998931884766,51.091880798339844
8501,44.13999938964844,43.1863899230957
8502,47.93000030517578,46.40776443481445
8503,33.7599983215332,31.38569450378418
8504,41.720001220703125,39.6261100769043
8505,25.440000534057617,27.266647338867188
8506,28.25,27.315683364868164
8507,33.08000183105469,30.844486236572266
8508,52.31999969482422,52.377593994140625
8509,24.200000762939453,23.956567764282227
8510,7.53000020980835,7.335727214813232
8511,34.029998779296875,31.548328399658203
8512,6.989999771118164,5.646965980529785
8513,40.75,41.74486541748047
8514,38.18000030517578,38.62989807128906
8515,12.65999984741211,12.117279052734375
8516,33.790000915527344,34.11659240722656
8517,24.440000534057617,23.821592330932617
8518,51.83000183105469,49.23310089111328
8519,29.81999969482422,28.673921585083008
8520,10.109999656677246,8.748055458068848
8521,4.789999961853027,3.357166051864624
8522,19.59000015258789,18.996124267578125
8523,19.510000228881836,17.507976531982422
8524,50.33000183105469,51.425716400146484
8525,38.060001373291016,34.804996490478516
8526,44.33000183105469,45.208919525146484
8527,19.579999923706055,19.04598617553711
8528,11.279999732971191,9.81484603881836
8529,5.25,4.171940326690674
8530,27.190000534057617,25.881301879882812
8531,23.719999313354492,22.16638946533203
8532,37.2400016784668,38.84392166137695
8533,29.84000015258789,29.579639434814453
8534,23.5,21.552637100219727
8535,38.45000076293945,36.191986083984375
8536,26.31999969482422,25.044734954833984
8537,19.959999084472656,18.108495712280273
8538,4.010000228881836,2.438439130783081
8539,25.440000534057617,24.17986488342285
8540,28.65999984741211,26.250076293945312
8541,24.209999084472656,29.084869384765625
8542,52.560001373291016,45.67649841308594
8543,16.450000762939453,15.824477195739746
8544,41.470001220703125,40.0390625
8545,39.29999923706055,41.68354034423828
8546,47.709999084472656,46.281341552734375
8547,13.039999961853027,14.361122131347656
8548,28.860000610351562,29.93448829650879
8549,22.700000762939453,22.271759033203125
8550,30.520000457763672,30.66365623474121
8551,24.030000686645508,22.431560516357422
8552,27.670000076293945,25.306625366210938
8553,21.389999389648438,19.77777862548828
8554,20.5,19.35125732421875
8555,44.439998626708984,44.03658676147461
8556,21.479999542236328,21.745925903320312
8557,37.189998626708984,35.82362365722656
8558,25.059999465942383,24.661239624023438
8559,5.010000228881836,4.188514709472656
8560,14.109999656677246,13.351688385009766
8561,18.15999984741211,16.560333251953125
8562,4.760000228881836,3.6925320625305176
8563,8.300000190734863,7.798028945922852
8564,29.18000030517578,27.756683349609375
8565,26.690000534057617,26.2136173248291
8566,23.479999542236328,23.360454559326172
8567,54.88999938964844,54.20518112182617
8568,20.799999237060547,20.91425895690918
8569,52.290000915527344,51.254798889160156
8570,5.769999980926514,4.793027877807617
8571,14.260000228881836,13.733720779418945
8572,37.65999984741211,32.99131393432617
8573,38.849998474121094,39.931129455566406
8574,61.529998779296875,59.1174201965332
8575,24.170000076293945,23.10704231262207
8576,6.519999980926514,5.903164863586426
8577,21.149999618530273,19.46160888671875
8578,38.93000030517578,37.39600372314453
8579,56.459999084472656,53.13386154174805
8580,36.41999816894531,36.45853042602539
8581,36.4900016784668,38.544891357421875
8582,8.489999771118164,8.201583862304688
8583,30.209999084472656,29.424335479736328
8584,66.54000091552734,64.45259094238281
8585,16.670000076293945,16.430830001831055
8586,27.790000915527344,31.851703643798828
8587,60.68000030517578,58.15910720825195
8588,10.300000190734863,9.593875885009766
8589,34.65999984741211,33.149383544921875
8590,28.15999984741211,27.151710510253906
8591,15.3100004196167,14.997468948364258
8592,12.289999961853027,11.53303050994873
8593,21.18000030517578,20.96541404724121
8594,24.530000686645508,24.92989158630371
8595,13.850000381469727,12.699310302734375
8596,11.510000228881836,10.362658500671387
8597,19.700000762939453,18.849090576171875
8598,11.899999618530273,11.05431842803955
8599,45.86000061035156,42.89900207519531
8600,18.049999237060547,14.328462600708008
8601,9.5,7.930935382843018
8602,30.1200008392334,31.21622085571289
8603,1.5800000429153442,2.5376908779144287
8604,33.310001373291016,34.522159576416016
8605,68.95999908447266,66.6934814453125
8606,15.420000076293945,14.68725872039795
8607,23.350000381469727,23.422195434570312
8608,25.84000015258789,25.917905807495117
8609,7.03000020980835,6.426265716552734
8610,65.7300033569336,59.775550842285156
8611,10.029999732971191,10.032243728637695
8612,39.08000183105469,38.145782470703125
8613,45.56999969482422,44.49857711791992
8614,32.22999954223633,34.873313903808594
8615,29.260000228881836,27.369298934936523
8616,7.980000019073486,4.71149206161499
8617,16.469999313354492,15.861266136169434
8618,36.599998474121094,34.1507568359375
8619,71.19000244140625,66.23262786865234
8620,59.060001373291016,60.327816009521484
8621,40.220001220703125,36.16901779174805
8622,43.290000915527344,45.299285888671875
8623,21.219999313354492,20.594181060791016
8624,32.34000015258789,31.345823287963867
8625,46.41999816894531,39.966888427734375
8626,11.470000267028809,10.58565616607666
8627,62.099998474121094,62.53615951538086
8628,28.56999969482422,28.48290252685547
8629,24.6200008392334,24.416053771972656
8630,23.6299991607666,21.650894165039062
8631,45.810001373291016,44.589820861816406
8632,25.760000228881836,24.81540870666504
8633,17.739999771118164,16.25426483154297
8634,22.780000686645508,20.99689483642578
8635,28.059999465942383,33.97509002685547
8636,10.680000305175781,9.448713302612305
8637,5.099999904632568,3.2099554538726807
8638,33.93000030517578,33.33989334106445
8639,47.099998474121094,47.957664489746094
8640,9.270000457763672,8.111085891723633
8641,14.930000305175781,14.398143768310547
8642,46.529998779296875,45.981605529785156
8643,59.38999938964844,59.06614303588867
8644,21.209999084472656,19.647632598876953
8645,64.66000366210938,62.885581970214844
8646,24.520000457763672,22.17159080505371
8647,49.380001068115234,48.7294921875
8648,60.9900016784668,60.15178680419922
8649,21.809999465942383,21.348102569580078
8650,59.2400016784668,60.09690856933594
8651,34.52000045776367,31.80406951904297
8652,25.079999923706055,25.084789276123047
8653,30.959999084472656,28.15011215209961
8654,36.189998626708984,34.98184585571289
8655,28.969999313354492,26.165172576904297
8656,17.31999969482422,16.7600040435791
8657,21.8799991607666,21.11711883544922
8658,12.449999809265137,11.974516868591309
8659,17.1200008392334,16.32099723815918
8660,38.63999938964844,35.70504379272461
8661,24.09000015258789,22.168148040771484
8662,30.15999984741211,28.42399024963379
8663,33.9900016784668,33.985721588134766
8664,36.709999084472656,35.40267562866211
8665,36.90999984741211,33.85929870605469
8666,11.569999694824219,10.616674423217773
8667,44.290000915527344,42.924964904785156
8668,37.970001220703125,36.221282958984375
8669,16.15999984741211,15.190518379211426
8670,25.06999969482422,24.809328079223633
8671,33.15999984741211,30.8419132232666
8672,2.5299999713897705,2.6926307678222656
8673,45.15999984741211,44.459381103515625
8674,70.19000244140625,68.31049346923828
8675,35.939998626708984,33.123634338378906
8676,21.239999771118164,20.59771728515625
8677,71.91999816894531,72.47781372070312
8678,15.069999694824219,14.227313041687012
8679,6.599999904632568,5.414240837097168
8680,12.880000114440918,10.848846435546875
8681,34.060001373291016,35.61274337768555
8682,18.850000381469727,17.329994201660156
8683,23.729999542236328,23.352306365966797
8684,43.439998626708984,42.59739685058594
8685,30.829999923706055,33.207096099853516
8686,54.63999938964844,54.53044128417969
8687,27.030000686645508,28.186906814575195
8688,8.149999618530273,7.4057698249816895
8689,25.34000015258789,23.809005737304688
8690,10.789999961853027,8.724722862243652
8691,37.31999969482422,36.16679763793945
8692,4.710000038146973,4.164478778839111
8693,55.029998779296875,52.4602165222168
8694,2.75,1.8660074472427368
8695,48.220001220703125,44.850547790527344
8696,20.299999237060547,18.465740203857422
8697,38.959999084472656,38.402774810791016
8698,10.140000343322754,9.827146530151367
8699,38.41999816894531,36.220829010009766
8700,14.609999656677246,12.495476722717285
8701,24.100000381469727,25.130170822143555
8702,25.639999389648438,22.808351516723633
8703,28.549999237060547,25.368432998657227
8704,31.81999969482422,30.73276710510254
8705,67.4800033569336,69.0257339477539
8706,32.529998779296875,33.036949157714844
8707,33.9900016784668,29.50726318359375
8708,43.529998779296875,42.403404235839844
8709,34.72999954223633,35.22686767578125
8710,18.790000915527344,18.86246109008789
8711,9.4399995803833,8.669474601745605
8712,3.3499999046325684,2.226970672607422
8713,53.95000076293945,57.43214416503906
8714,3.7200000286102295,2.6226391792297363
8715,17.010000228881836,16.268091201782227
8716,18.3700008392334,16.75423812866211
8717,19.530000686645508,17.295822143554688
8718,26.760000228881836,24.580446243286133
8719,23.770000457763672,22.74582290649414
8720,66.47000122070312,61.56354904174805
8721,56.58000183105469,57.405033111572266
8722,22.670000076293945,21.602489471435547
8723,30.329999923706055,31.81802749633789
8724,44.33000183105469,44.98320770263672
8725,16.940000534057617,16.229549407958984
8726,16.959999084472656,14.4292573928833
8727,3.059999942779541,2.9885737895965576
8728,9.109999656677246,11.383240699768066
8729,51.79999923706055,50.61608123779297
8730,9.520000457763672,6.4099202156066895
8731,3.5199999809265137,2.887883186340332
8732,12.239999771118164,12.1915283203125
8733,34.68000030517578,35.28523254394531
8734,37.619998931884766,36.55183410644531
8735,21.40999984741211,20.83831214904785
8736,17.290000915527344,15.20198917388916
8737,7.920000076293945,6.80311918258667
8738,14.199999809265137,13.279563903808594
8739,2.299999952316284,2.617223024368286
8740,20.5,20.571495056152344
8741,43.08000183105469,43.00262451171875
8742,17.399999618530273,17.512718200683594
8743,28.25,26.640506744384766
8744,1.3600000143051147,1.7253844738006592
8745,18.360000610351562,19.530717849731445
8746,30.739999771118164,31.59302520751953
8747,15.329999923706055,12.913434028625488
8748,34.130001068115234,32.970821380615234
8749,46.79999923706055,45.75210189819336
8750,6.650000095367432,5.619258403778076
8751,21.170000076293945,20.77654266357422
8752,30.360000610351562,29.664291381835938
8753,7.880000114440918,7.934706211090088
8754,57.54999923706055,57.661373138427734
8755,5.860000133514404,6.448173522949219
8756,65.68000030517578,64.02964782714844
8757,32.63999938964844,30.97571563720703
8758,12.239999771118164,12.354789733886719
8759,31.43000030517578,27.48447036743164
8760,56.2400016784668,48.07215118408203
8761,16.3799991607666,18.840248107910156
8762,43.939998626708984,39.282875061035156
8763,8.859999656677246,9.007038116455078
8764,56.0,51.016639709472656
8765,23.110000610351562,22.056438446044922
8766,43.20000076293945,44.36471939086914
8767,42.529998779296875,42.278804779052734
8768,15.510000228881836,14.379828453063965
8769,34.75,31.84756851196289
8770,46.5099983215332,44.71916961669922
8771,17.969999313354492,17.169832229614258
8772,30.25,28.214717864990234
8773,33.70000076293945,31.35570526123047
8774,34.439998626708984,33.744598388671875
8775,10.789999961853027,8.8652982711792
8776,48.90999984741211,48.910972595214844
8777,4.789999961853027,4.116000652313232
8778,9.4399995803833,7.936691761016846
8779,14.90999984741211,15.057076454162598
8780,50.47999954223633,50.036582946777344
8781,34.380001068115234,34.7305908203125
8782,15.479999542236328,14.430196762084961
8783,47.540000915527344,47.06148910522461
8784,22.09000015258789,21.245080947875977
8785,19.59000015258789,19.864763259887695
8786,31.540000915527344,29.96839141845703
8787,56.599998474121094,56.07843780517578
8788,23.110000610351562,23.79344940185547
8789,28.360000610351562,24.35808753967285
8790,38.93000030517578,37.545265197753906
8791,23.549999237060547,22.77490234375
8792,24.420000076293945,22.6790714263916
8793,34.61000061035156,34.31577682495117
8794,26.389999389648438,24.925922393798828
8795,27.719999313354492,26.25287437438965
8796,45.150001525878906,41.671241760253906
8797,13.40999984741211,12.300186157226562
8798,29.920000076293945,27.59717559814453
8799,70.19000244140625,72.90384674072266
8800,18.760000228881836,17.47986602783203
8801,33.959999084472656,32.64641189575195
8802,17.959999084472656,16.62727928161621
8803,68.5999984741211,68.20142364501953
8804,23.649999618530273,22.796201705932617
8805,20.540000915527344,19.004987716674805
8806,17.969999313354492,16.930335998535156
8807,23.34000015258789,22.299184799194336
8808,12.140000343322754,11.862630844116211
8809,10.630000114440918,9.807564735412598
8810,43.810001373291016,41.917545318603516
8811,38.619998931884766,35.82937240600586
8812,8.25,7.190829277038574
8813,30.18000030517578,28.425382614135742
8814,9.84000015258789,9.542830467224121
8815,41.0,47.80473327636719
8816,15.390000343322754,14.544822692871094
8817,24.049999237060547,24.207508087158203
8818,31.8799991607666,32.59662628173828
8819,13.59000015258789,12.360552787780762
8820,57.25,58.272987365722656
8821,14.010000228881836,13.32541275024414
8822,48.310001373291016,47.930572509765625
8823,47.630001068115234,47.9453125
8824,13.5600004196167,13.236388206481934
8825,19.889999389648438,18.857797622680664
8826,11.789999961853027,11.575233459472656
8827,22.200000762939453,20.864273071289062
8828,7.809999942779541,7.5943756103515625
8829,53.15999984741211,51.05794143676758
8830,29.299999237060547,28.404979705810547
8831,40.779998779296875,38.40113830566406
8832,64.76000213623047,64.39303588867188
8833,30.719999313354492,29.8539981842041
8834,17.329999923706055,16.633813858032227
8835,1.7799999713897705,5.65491247177124
8836,37.790000915527344,36.43421936035156
8837,12.65999984741211,10.688569068908691
8838,12.920000076293945,13.088143348693848
8839,33.5,31.468294143676758
8840,13.710000038146973,12.26099967956543
8841,53.7400016784668,55.380210876464844
8842,17.850000381469727,15.605948448181152
8843,45.849998474121094,43.99289321899414
8844,60.13999938964844,60.62421798706055
8845,19.729999542236328,20.300186157226562
8846,42.0,41.07292938232422
8847,14.880000114440918,17.10821533203125
8848,23.139999389648438,21.813213348388672
8849,11.470000267028809,11.273548126220703
8850,55.47999954223633,55.38789367675781
8851,25.540000915527344,24.160140991210938
8852,36.5,34.38383483886719
8853,37.38999938964844,37.181121826171875
8854,43.939998626708984,46.37651824951172
8855,4.309999942779541,3.7039713859558105
8856,42.38999938964844,36.87566375732422
8857,7.329999923706055,8.9613618850708
8858,11.119999885559082,9.198806762695312
8859,16.239999771118164,17.096887588500977
8860,35.5,35.04229736328125
8861,41.31999969482422,38.606563568115234
8862,28.760000228881836,27.977943420410156
8863,51.68000030517578,49.92888641357422
8864,29.110000610351562,26.318744659423828
8865,62.18000030517578,58.110321044921875
8866,46.47999954223633,41.839805603027344
8867,21.399999618530273,19.860580444335938
8868,15.90999984741211,14.918660163879395
8869,47.58000183105469,46.922950744628906
8870,64.7300033569336,65.38543701171875
8871,15.880000114440918,14.10700798034668
8872,18.34000015258789,17.215530395507812
8873,30.520000457763672,27.94214630126953
8874,33.77000045776367,32.36166000366211
8875,20.190000534057617,18.941787719726562
8876,57.459999084472656,54.9315299987793
8877,35.060001373291016,33.975154876708984
8878,27.34000015258789,27.94588851928711
8879,25.81999969482422,24.395986557006836
8880,28.8700008392334,29.57830047607422
8881,17.8700008392334,17.22625160217285
8882,10.84000015258789,9.555869102478027
8883,16.950000762939453,16.30290412902832
8884,13.850000381469727,14.876255989074707
8885,28.610000610351562,26.571239471435547
8886,27.950000762939453,27.00353240966797
8887,30.700000762939453,28.490337371826172
8888,13.800000190734863,13.433456420898438
8889,8.789999961853027,8.687519073486328
8890,75.05000305175781,68.18411254882812
8891,41.77000045776367,40.84651565551758
8892,62.90999984741211,51.1787223815918
8893,50.77000045776367,50.43358612060547
8894,16.049999237060547,15.318644523620605
8895,28.950000762939453,26.49625015258789
8896,26.6200008392334,25.36769676208496
8897,64.27999877929688,62.84678649902344
8898,42.90999984741211,42.51921081542969
8899,12.640000343322754,11.495206832885742
8900,32.84000015258789,32.01557159423828
8901,22.399999618530273,21.391368865966797
8902,8.65999984741211,7.936729907989502
8903,11.680000305175781,9.14819622039795
8904,18.979999542236328,20.196691513061523
8905,11.199999809265137,10.043876647949219
8906,23.149999618530273,22.599061965942383
8907,72.5199966430664,69.0938720703125
8908,4.510000228881836,3.504625082015991
8909,46.83000183105469,47.05242156982422
8910,47.619998931884766,49.3875846862793
8911,44.040000915527344,42.715232849121094
8912,26.709999084472656,24.727197647094727
8913,26.600000381469727,26.605422973632812
8914,28.260000228881836,25.57941246032715
8915,20.540000915527344,20.356216430664062
8916,10.699999809265137,9.337053298950195
8917,7.519999980926514,7.316858291625977
8918,21.149999618530273,19.928142547607422
8919,37.68000030517578,38.16004943847656
8920,22.719999313354492,22.82318115234375
8921,12.039999961853027,10.956207275390625
8922,45.7599983215332,42.837158203125
8923,14.8100004196167,12.924179077148438
8924,35.209999084472656,33.24766159057617
8925,20.190000534057617,18.598398208618164
8926,14.5600004196167,14.126663208007812
8927,9.699999809265137,8.779581069946289
8928,53.66999816894531,51.561161041259766
8929,3.5199999809265137,1.8656501770019531
8930,15.880000114440918,15.083060264587402
8931,23.989999771118164,23.945720672607422
8932,23.34000015258789,24.91020393371582
8933,26.31999969482422,25.809890747070312
8934,19.100000381469727,18.118881225585938
8935,33.86000061035156,32.7477912902832
8936,27.3700008392334,25.62120819091797
8937,33.91999816894531,32.17023468017578
8938,32.369998931884766,32.28033447265625
8939,40.34000015258789,36.405120849609375
8940,33.689998626708984,33.52245330810547
8941,25.260000228881836,23.91886329650879
8942,34.58000183105469,31.421371459960938
8943,38.72999954223633,38.42542266845703
8944,44.88999938964844,41.64133834838867
8945,47.810001373291016,46.822818756103516
8946,31.09000015258789,29.48291015625
8947,26.270000457763672,26.355594635009766
8948,26.989999771118164,26.872692108154297
8949,17.020000457763672,16.95307731628418
8950,34.70000076293945,33.9188117980957
8951,23.5,24.244949340820312
8952,30.6200008392334,28.251449584960938
8953,30.799999237060547,29.291812896728516
8954,12.25,12.182441711425781
8955,5.820000171661377,3.959097146987915
8956,11.729999542236328,10.792304039001465
8957,3.8499999046325684,2.4217379093170166
8958,34.209999084472656,33.57646942138672
8959,46.900001525878906,44.30864715576172
8960,15.0,14.416802406311035
8961,22.440000534057617,19.927858352661133
8962,22.40999984741211,21.282377243041992
8963,9.960000038146973,10.439537048339844
8964,43.84000015258789,45.83804702758789
8965,47.33000183105469,44.44080352783203
8966,36.029998779296875,34.186790466308594
8967,8.210000038146973,7.85301399230957
8968,42.869998931884766,40.1826057434082
8969,45.400001525878906,42.22124099731445
8970,14.220000267028809,12.940710067749023
8971,18.1299991607666,16.90289878845215
8972,64.19999694824219,62.33820724487305
8973,10.84000015258789,8.743488311767578
8974,15.680000305175781,14.593862533569336
8975,8.489999771118164,9.786802291870117
8976,47.54999923706055,47.30663299560547
8977,35.0,32.322269439697266
8978,43.939998626708984,43.79914855957031
8979,28.549999237060547,28.017688751220703
8980,11.819999694824219,10.8560152053833
8981,30.299999237060547,28.45233917236328
8982,52.97999954223633,54.442962646484375
8983,16.15999984741211,15.066417694091797
8984,25.600000381469727,24.409040451049805
8985,18.549999237060547,17.63442039489746
8986,34.099998474121094,33.82127380371094
8987,11.869999885559082,10.561796188354492
8988,35.650001525878906,33.50849914550781
8989,3.7799999713897705,3.2826027870178223
8990,46.0,45.40583801269531
8991,38.40999984741211,39.977352142333984
8992,9.119999885559082,7.99285364151001
8993,64.06999969482422,61.57406997680664
8994,46.349998474121094,45.71194839477539
8995,17.420000076293945,16.450624465942383
8996,25.06999969482422,24.761089324951172
8997,42.22999954223633,41.52741241455078
8998,30.299999237060547,30.393329620361328
8999,17.239999771118164,16.34282875061035
9000,34.68000030517578,34.90066909790039
9001,45.900001525878906,45.90199279785156
9002,19.3700008392334,20.507823944091797
9003,48.540000915527344,48.09080505371094
9004,4.800000190734863,3.640512466430664
9005,17.09000015258789,16.10883331298828
9006,26.43000030517578,25.906585693359375
9007,14.779999732971191,12.979463577270508
9008,25.299999237060547,25.459497451782227
9009,23.860000610351562,21.32493782043457
9010,20.56999969482422,19.566892623901367
9011,31.06999969482422,29.926748275756836
9012,47.189998626708984,44.079166412353516
9013,7.019999980926514,5.770124912261963
9014,18.8700008392334,21.002235412597656
9015,29.450000762939453,25.71910858154297
9016,6.519999980926514,6.1760945320129395
9017,20.56999969482422,19.94655990600586
9018,67.05999755859375,65.2732162475586
9019,31.8700008392334,30.698816299438477
9020,12.460000038146973,12.053098678588867
9021,47.939998626708984,46.017887115478516
9022,24.989999771118164,23.481151580810547
9023,16.40999984741211,15.045207977294922
9024,28.010000228881836,29.046979904174805
9025,14.760000228881836,12.760536193847656
9026,41.81999969482422,42.91984176635742
9027,53.029998779296875,51.83699035644531
9028,35.970001220703125,35.874839782714844
9029,50.13999938964844,49.4356575012207
9030,27.540000915527344,26.15395164489746
9031,48.15999984741211,47.286842346191406
9032,24.75,23.007509231567383
9033,72.37000274658203,67.80512237548828
9034,13.09000015258789,11.804974555969238
9035,12.970000267028809,12.708333969116211
9036,28.700000762939453,26.65056610107422
9037,28.0,25.914342880249023
9038,42.97999954223633,42.51264572143555
9039,49.56999969482422,49.98662185668945
9040,26.440000534057617,23.577194213867188
9041,12.569999694824219,11.313467979431152
9042,27.6299991607666,24.80958366394043
9043,49.83000183105469,48.68373489379883
9044,42.130001068115234,40.36681365966797
9045,46.43000030517578,45.13307189941406
9046,19.450000762939453,19.06117057800293
9047,13.140000343322754,13.569084167480469
9048,59.06999969482422,54.504974365234375
9049,26.18000030517578,24.130434036254883
9050,18.6299991607666,17.303783416748047
9051,33.310001373291016,32.1440544128418
9052,40.47999954223633,40.08647918701172
9053,7.010000228881836,6.0174946784973145
9054,3.619999885559082,2.5469236373901367
9055,24.020000457763672,23.340641021728516
9056,35.369998931884766,35.04872512817383
9057,51.04999923706055,50.864322662353516
9058,12.859999656677246,12.010019302368164
9059,22.040000915527344,21.855188369750977
9060,30.729999542236328,28.74987030029297
9061,5.900000095367432,3.465829610824585
9062,26.59000015258789,25.403215408325195
9063,24.889999389648438,23.886947631835938
9064,32.150001525878906,31.668909072875977
9065,30.969999313354492,29.15955352783203
9066,28.469999313354492,26.755638122558594
9067,30.950000762939453,30.872886657714844
9068,27.739999771118164,25.0302791595459
9069,9.510000228881836,9.454702377319336
9070,21.549999237060547,20.520708084106445
9071,16.889999389648438,15.900406837463379
9072,61.59000015258789,61.099857330322266
9073,22.149999618530273,20.067855834960938
9074,36.34000015258789,34.308387756347656
9075,32.5099983215332,32.19845962524414
9076,13.199999809265137,12.302889823913574
9077,21.329999923706055,20.954879760742188
9078,22.579999923706055,22.072452545166016
9079,30.049999237060547,28.645627975463867
9080,18.229999542236328,16.705787658691406
9081,28.329999923706055,30.347640991210938
9082,21.979999542236328,21.43175506591797
9083,9.979999542236328,9.147688865661621
9084,35.84000015258789,34.43647003173828
9085,17.06999969482422,17.12674331665039
9086,23.559999465942383,20.857559204101562
9087,39.2400016784668,39.661067962646484
9088,21.299999237060547,20.148788452148438
9089,38.150001525878906,36.86370086669922
9090,22.559999465942383,20.90205192565918
9091,50.7400016784668,48.68320083618164
9092,33.439998626708984,31.19194984436035
9093,23.510000228881836,21.65976333618164
9094,40.66999816894531,34.42767333984375
9095,15.039999961853027,15.112017631530762
9096,16.190000534057617,15.23356819152832
9097,29.770000457763672,31.583845138549805
9098,22.639999389648438,23.338775634765625
9099,17.90999984741211,18.17186164855957
9100,23.520000457763672,22.42920684814453
9101,44.25,49.75878143310547
9102,52.97999954223633,51.66796112060547
9103,32.529998779296875,31.231689453125
9104,25.360000610351562,24.106355667114258
9105,25.950000762939453,24.559438705444336
9106,41.06999969482422,38.60043716430664
9107,34.209999084472656,32.22396469116211
9108,46.689998626708984,44.415950775146484
9109,17.389999389648438,16.294347763061523
9110,9.760000228881836,8.452986717224121
9111,41.70000076293945,42.92256546020508
9112,10.329999923706055,8.991446495056152
9113,21.139999389648438,20.292360305786133
9114,12.0600004196167,11.683626174926758
9115,33.349998474121094,29.432090759277344
9116,36.27000045776367,36.55354690551758
9117,25.170000076293945,24.21584701538086
9118,28.489999771118164,27.23660659790039
9119,13.930000305175781,13.641654014587402
9120,18.420000076293945,18.28924560546875
9121,42.209999084472656,41.087833404541016
9122,9.130000114440918,8.864431381225586
9123,32.15999984741211,30.892282485961914
9124,29.799999237060547,29.87446403503418
9125,21.829999923706055,18.834102630615234
9126,23.809999465942383,20.932655334472656
9127,30.719999313354492,29.587100982666016
9128,18.270000457763672,16.939414978027344
9129,29.469999313354492,28.689533233642578
9130,44.86000061035156,45.96247100830078
9131,22.5,20.78531265258789
9132,8.220000267028809,7.566415309906006
9133,26.139999389648438,26.672422409057617
9134,26.209999084472656,27.000152587890625
9135,29.489999771118164,29.373247146606445
9136,26.889999389648438,27.533226013183594
9137,27.950000762939453,25.327869415283203
9138,10.579999923706055,9.126035690307617
9139,10.890000343322754,9.679092407226562
9140,51.2400016784668,50.78466796875
9141,51.95000076293945,54.01759338378906
9142,34.279998779296875,33.577239990234375
9143,7.5,8.066741943359375
9144,24.299999237060547,21.486621856689453
9145,13.609999656677246,11.763848304748535
9146,3.759999990463257,2.645016670227051
9147,13.109999656677246,12.510293960571289
9148,15.369999885559082,14.27596378326416
9149,24.020000457763672,22.807876586914062
9150,10.84000015258789,9.624149322509766
9151,41.150001525878906,36.889976501464844
9152,8.380000114440918,8.16966438293457
9153,50.5099983215332,42.27530288696289
9154,45.150001525878906,43.994972229003906
9155,18.799999237060547,18.944454193115234
9156,53.119998931884766,50.137142181396484
9157,27.360000610351562,25.818904876708984
9158,48.97999954223633,48.73405456542969
9159,25.81999969482422,25.311084747314453
9160,29.209999084472656,27.977025985717773
9161,28.229999542236328,26.29430389404297
9162,3.990000009536743,3.055358648300171
9163,21.09000015258789,19.456504821777344
9164,27.190000534057617,28.098817825317383
9165,6.349999904632568,4.212846279144287
9166,18.979999542236328,18.55634307861328
9167,34.7599983215332,32.679325103759766
9168,11.40999984741211,10.529547691345215
9169,17.43000030517578,15.4462308883667
9170,34.61000061035156,32.12297821044922
9171,42.33000183105469,40.176353454589844
9172,12.149999618530273,11.727527618408203
9173,2.7100000381469727,1.5145263671875
9174,76.33000183105469,75.2052993774414
9175,13.050000190734863,13.230545043945312
9176,26.600000381469727,24.456451416015625
9177,24.1200008392334,22.045982360839844
9178,11.010000228881836,10.260324478149414
9179,55.689998626708984,52.440338134765625
9180,9.670000076293945,8.826410293579102
9181,23.15999984741211,24.44124984741211
9182,11.34000015258789,10.677872657775879
9183,29.559999465942383,27.048593521118164
9184,20.639999389648438,20.144428253173828
9185,27.93000030517578,30.330429077148438
9186,34.029998779296875,33.978240966796875
9187,7.989999771118164,7.316818714141846
9188,27.600000381469727,24.49823760986328
9189,52.93000030517578,51.089141845703125
9190,58.4900016784668,53.478248596191406
9191,21.040000915527344,19.379535675048828
9192,10.369999885559082,9.389193534851074
9193,60.54999923706055,56.710391998291016
9194,58.790000915527344,57.303504943847656
9195,16.43000030517578,14.623358726501465
9196,18.809999465942383,18.134422302246094
9197,12.170000076293945,10.968332290649414
9198,16.770000457763672,14.515168190002441
9199,10.0600004196167,8.549406051635742
9200,29.93000030517578,29.272859573364258
9201,26.690000534057617,26.330101013183594
9202,8.470000267028809,6.975307464599609
9203,61.470001220703125,58.13377380371094
9204,33.0099983215332,32.513885498046875
9205,46.33000183105469,44.391510009765625
9206,26.229999542236328,24.81422996520996
9207,3.9200000762939453,3.7805166244506836
9208,2.5799999237060547,1.2771029472351074
9209,15.319999694824219,14.390262603759766
9210,31.75,30.41385269165039
9211,31.600000381469727,32.014583587646484
9212,53.060001373291016,52.712158203125
9213,9.180000305175781,8.701955795288086
9214,8.529999732971191,8.206486701965332
9215,48.95000076293945,45.24628448486328
9216,10.760000228881836,9.433941841125488
9217,44.61000061035156,42.660552978515625
9218,32.58000183105469,32.54397964477539
9219,30.0,28.42669105529785
9220,57.13999938964844,56.403221130371094
9221,51.36000061035156,46.70257568359375
9222,38.959999084472656,37.103797912597656
9223,56.029998779296875,55.550533294677734
9224,23.360000610351562,25.482803344726562
9225,26.489999771118164,27.451797485351562
9226,5.650000095367432,5.307055473327637
9227,31.610000610351562,31.404144287109375
9228,33.279998779296875,31.182430267333984
9229,27.940000534057617,27.078231811523438
9230,7.730000019073486,7.419535160064697
9231,12.460000038146973,11.715293884277344
9232,27.690000534057617,28.046493530273438
9233,8.550000190734863,9.049235343933105
9234,27.3799991607666,25.29800796508789
9235,15.460000038146973,14.58149528503418
9236,29.469999313354492,27.0958194732666
9237,21.209999084472656,19.966943740844727
9238,5.739999771118164,4.565299987792969
9239,33.220001220703125,31.57933807373047
9240,14.369999885559082,13.68372917175293
9241,26.1299991607666,24.19647216796875
9242,16.040000915527344,15.490286827087402
9243,33.79999923706055,33.69123077392578
9244,33.939998626708984,30.56402587890625
9245,56.2400016784668,57.61274337768555
9246,25.799999237060547,25.73992156982422
9247,7.920000076293945,7.498196125030518
9248,22.34000015258789,20.01116180419922
9249,46.75,47.87781524658203
9250,12.699999809265137,12.284554481506348
9251,21.18000030517578,20.12645149230957
9252,5.309999942779541,4.279091835021973
9253,35.41999816894531,34.6250114440918
9254,8.779999732971191,7.665315628051758
9255,53.40999984741211,47.610595703125
9256,16.149999618530273,13.778279304504395
9257,39.540000915527344,38.02118682861328
9258,47.5,43.083595275878906
9259,21.68000030517578,20.7830867767334
9260,17.18000030517578,15.814043998718262
9261,35.380001068115234,34.20697784423828
9262,27.84000015258789,26.4091739654541
9263,4.449999809265137,2.632575035095215
9264,18.6200008392334,17.871841430664062
9265,5.809999942779541,3.20159912109375
9266,25.790000915527344,24.32434844970703
9267,22.8799991607666,22.03546714782715
9268,49.97999954223633,54.82720947265625
9269,13.949999809265137,13.4739351272583
9270,24.989999771118164,23.773056030273438
9271,66.6500015258789,63.4779052734375
9272,8.800000190734863,7.345803737640381
9273,29.59000015258789,27.819299697875977
9274,36.2400016784668,33.08586120605469
9275,4.829999923706055,4.021962642669678
9276,7.110000133514404,6.137325286865234
9277,28.780000686645508,29.147003173828125
9278,21.360000610351562,20.204334259033203
9279,35.25,33.45880126953125
9280,50.41999816894531,42.5295524597168
9281,15.050000190734863,15.29806900024414
9282,13.069999694824219,11.927005767822266
9283,22.040000915527344,19.726924896240234
9284,56.36000061035156,49.985958099365234
9285,6.429999828338623,5.37173318862915
9286,41.02000045776367,43.68353271484375
9287,26.450000762939453,26.19989776611328
9288,9.710000038146973,10.991459846496582
9289,35.709999084472656,36.074485778808594
9290,12.729999542236328,12.810746192932129
9291,50.459999084472656,49.232784271240234
9292,22.780000686645508,21.647464752197266
9293,15.59000015258789,15.112384796142578
9294,56.22999954223633,53.979896545410156
9295,52.61000061035156,53.870399475097656
9296,31.209999084472656,28.65385627746582
9297,5.139999866485596,3.6200191974639893
9298,2.609999895095825,1.4551894664764404
9299,23.579999923706055,23.676916122436523
9300,23.690000534057617,23.615081787109375
9301,35.81999969482422,37.497989654541016
9302,4.039999961853027,3.5925495624542236
9303,24.479999542236328,22.005477905273438
9304,16.06999969482422,14.853411674499512
9305,36.810001373291016,35.49523162841797
9306,32.41999816894531,31.9260196685791
9307,53.2400016784668,50.43663024902344
9308,33.029998779296875,33.128719329833984
9309,53.72999954223633,51.432865142822266
9310,18.579999923706055,17.202516555786133
9311,5.050000190734863,4.05136251449585
9312,51.34000015258789,50.252479553222656
9313,27.010000228881836,24.172645568847656
9314,24.079999923706055,23.030725479125977
9315,60.66999816894531,56.635311126708984
9316,24.280000686645508,21.86326789855957
9317,42.029998779296875,39.53756332397461
9318,32.720001220703125,30.71523666381836
9319,13.279999732971191,13.254759788513184
9320,34.81999969482422,34.58070373535156
9321,16.770000457763672,15.234910011291504
9322,1.840000033378601,2.9891197681427
9323,21.700000762939453,20.851327896118164
9324,43.56999969482422,42.03295135498047
9325,44.810001373291016,43.81711196899414
9326,28.59000015258789,27.098344802856445
9327,10.479999542236328,10.242616653442383
9328,7.849999904632568,7.392636775970459
9329,27.219999313354492,26.32239532470703
9330,57.650001525878906,55.7313117980957
9331,48.27000045776367,49.58607482910156
9332,13.5,12.118036270141602
9333,38.61000061035156,39.55584716796875
9334,15.829999923706055,15.007447242736816
9335,15.109999656677246,13.778387069702148
9336,7.849999904632568,8.035910606384277
9337,19.020000457763672,18.023937225341797
9338,10.510000228881836,10.30122184753418
9339,2.190000057220459,2.7148184776306152
9340,19.079999923706055,17.304418563842773
9341,36.119998931884766,33.08626174926758
9342,35.779998779296875,35.33720397949219
9343,53.220001220703125,52.156063079833984
9344,27.8700008392334,26.02231216430664
9345,12.699999809265137,11.930581092834473
9346,24.0,24.122533798217773
9347,53.2599983215332,53.12541580200195
9348,23.670000076293945,24.306516647338867
9349,56.439998626708984,55.446502685546875
9350,69.12999725341797,68.21170043945312
9351,15.630000114440918,14.369364738464355
9352,24.829999923706055,22.603919982910156
9353,2.369999885559082,2.800501823425293
9354,30.600000381469727,29.264379501342773
9355,20.700000762939453,20.1751708984375
9356,30.940000534057617,29.199337005615234
9357,54.470001220703125,53.578853607177734
9358,5.5,4.005230903625488
9359,49.130001068115234,44.6397705078125
9360,43.290000915527344,44.25103759765625
9361,35.16999816894531,32.86100387573242
9362,23.309999465942383,21.564170837402344
9363,35.81999969482422,36.30689239501953
9364,23.170000076293945,21.376583099365234
9365,37.52000045776367,36.150997161865234
9366,22.18000030517578,20.78226089477539
9367,17.389999389648438,15.608075141906738
9368,47.20000076293945,49.52724075317383
9369,24.329999923706055,23.331052780151367
9370,40.41999816894531,39.31083679199219
9371,52.34000015258789,50.517822265625
9372,11.770000457763672,11.475496292114258
9373,18.84000015258789,18.54499053955078
9374,10.760000228881836,10.15895938873291
9375,66.38999938964844,62.85596466064453
9376,37.06999969482422,35.79801559448242
9377,22.010000228881836,20.651805877685547
9378,13.460000038146973,14.312972068786621
9379,20.520000457763672,18.39988899230957
9380,14.390000343322754,12.830772399902344
9381,12.630000114440918,11.817275047302246
9382,26.540000915527344,24.732656478881836
9383,33.22999954223633,32.087188720703125
9384,44.54999923706055,42.979183197021484
9385,10.430000305175781,10.052614212036133
9386,19.739999771118164,17.44027328491211
9387,15.640000343322754,15.655695915222168
9388,38.40999984741211,38.06081771850586
9389,38.70000076293945,38.72966384887695
9390,18.459999084472656,19.139741897583008
9391,27.1200008392334,25.574094772338867
9392,10.619999885559082,10.447875022888184
9393,8.449999809265137,7.274571895599365
9394,31.809999465942383,30.04986572265625
9395,48.099998474121094,44.02314758300781
9396,15.850000381469727,14.863798141479492
9397,50.369998931884766,50.855262756347656
9398,47.869998931884766,45.6510009765625
9399,8.5600004196167,8.960001945495605
9400,9.0,7.839317321777344
9401,23.110000610351562,21.93506622314453
9402,14.920000076293945,13.28429126739502
9403,46.0,45.150238037109375
9404,17.59000015258789,15.797623634338379
9405,73.4800033569336,65.5528335571289
9406,33.189998626708984,32.057369232177734
9407,20.260000228881836,17.79932403564453
9408,1.6200000047683716,1.0040794610977173
9409,39.779998779296875,38.01537322998047
9410,45.88999938964844,47.22271728515625
9411,23.059999465942383,23.05457878112793
9412,32.369998931884766,31.20472526550293
9413,34.0,31.958789825439453
9414,20.459999084472656,17.708444595336914
9415,27.209999084472656,26.268047332763672
9416,26.43000030517578,24.172508239746094
9417,49.7400016784668,49.316951751708984
9418,51.45000076293945,53.259132385253906
9419,19.690000534057617,17.9427433013916
9420,40.40999984741211,35.09247970581055
9421,11.470000267028809,10.060367584228516
9422,5.449999809265137,4.332862854003906
9423,61.130001068115234,60.579097747802734
9424,8.34000015258789,6.636384010314941
9425,4.809999942779541,3.395864963531494
9426,5.460000038146973,4.030907154083252
9427,5.429999828338623,4.909677028656006
9428,46.15999984741211,43.320621490478516
9429,34.060001373291016,31.82324981689453
9430,34.790000915527344,32.92177963256836
9431,17.049999237060547,15.513611793518066
9432,8.739999771118164,7.610708713531494
9433,9.130000114440918,8.496609687805176
9434,35.16999816894531,32.27683639526367
9435,28.459999084472656,27.466777801513672
9436,36.16999816894531,35.94190979003906
9437,32.83000183105469,32.24806213378906
9438,65.73999786376953,63.953102111816406
9439,2.5299999713897705,1.5268785953521729
9440,46.099998474121094,46.278221130371094
9441,2.809999942779541,1.6864843368530273
9442,30.110000610351562,29.508228302001953
9443,27.290000915527344,25.592609405517578
9444,19.399999618530273,17.862226486206055
9445,36.380001068115234,34.089996337890625
9446,16.829999923706055,15.551466941833496
9447,11.600000381469727,11.431384086608887
9448,32.720001220703125,31.288951873779297
9449,23.3799991607666,24.261714935302734
9450,57.599998474121094,57.23112869262695
9451,39.66999816894531,39.134307861328125
9452,20.8700008392334,20.44580078125
9453,18.510000228881836,17.251680374145508
9454,34.2599983215332,31.836658477783203
9455,24.68000030517578,28.601322174072266
9456,21.09000015258789,20.639062881469727
9457,25.469999313354492,24.268198013305664
9458,42.02000045776367,40.04296875
9459,11.5600004196167,11.298690795898438
9460,71.66000366210938,73.90229797363281
9461,53.40999984741211,52.809844970703125
9462,29.1299991607666,28.380027770996094
9463,43.90999984741211,43.98270797729492
9464,32.65999984741211,29.192502975463867
9465,14.949999809265137,12.679043769836426
9466,35.63999938964844,34.79877471923828
9467,4.75,4.322415351867676
9468,37.33000183105469,38.42911911010742
9469,30.209999084472656,29.92873764038086
9470,26.469999313354492,24.82006072998047
9471,53.97999954223633,55.59706497192383
9472,6.449999809265137,5.951855182647705
9473,22.010000228881836,21.209123611450195
9474,36.400001525878906,36.05988693237305
9475,8.15999984741211,7.3148722648620605
9476,14.640000343322754,14.118040084838867
9477,16.809999465942383,14.86822509765625
9478,38.34000015258789,34.81703567504883
9479,71.97000122070312,71.37947845458984
9480,16.989999771118164,16.038137435913086
9481,32.9900016784668,33.22137451171875
9482,47.310001373291016,44.508018493652344
9483,25.440000534057617,24.882707595825195
9484,33.7400016784668,31.055301666259766
9485,15.739999771118164,14.778548240661621
9486,22.31999969482422,21.45026397705078
9487,41.33000183105469,39.56413650512695
9488,8.039999961853027,5.525397777557373
9489,3.569999933242798,3.680894613265991
9490,16.079999923706055,14.79368782043457
9491,44.5099983215332,39.18635559082031
9492,32.59000015258789,31.162220001220703
9493,39.2599983215332,38.075782775878906
9494,5.670000076293945,3.650102376937866
9495,5.03000020980835,3.96614933013916
9496,12.210000038146973,10.379789352416992
9497,42.099998474121094,39.85022735595703
9498,6.260000228881836,4.954487323760986
9499,17.799999237060547,18.956924438476562
9500,2.0299999713897705,2.2361583709716797
9501,54.72999954223633,53.236473083496094
9502,36.7400016784668,34.6235466003418
9503,35.7400016784668,33.59931945800781
9504,13.899999618530273,12.592098236083984
9505,41.720001220703125,40.70249938964844
9506,10.079999923706055,8.353781700134277
9507,36.2400016784668,35.9640998840332
9508,64.01000213623047,57.85613250732422
9509,15.0600004196167,14.171894073486328
9510,18.579999923706055,18.36543083190918
9511,14.210000038146973,13.450193405151367
9512,9.789999961853027,8.74041748046875
9513,7.130000114440918,5.903175354003906
9514,32.630001068115234,30.143768310546875
9515,30.719999313354492,31.617008209228516
9516,17.020000457763672,15.35068130493164
9517,45.15999984741211,41.0188102722168
9518,37.36000061035156,36.32377243041992
9519,39.849998474121094,38.122642517089844
9520,27.950000762939453,24.78484535217285
9521,9.229999542236328,8.498376846313477
9522,12.920000076293945,11.655872344970703
9523,30.829999923706055,30.468734741210938
9524,26.940000534057617,23.44833755493164
9525,15.460000038146973,14.794790267944336
9526,22.889999389648438,22.667835235595703
9527,30.579999923706055,27.927234649658203
9528,21.56999969482422,21.543275833129883
9529,25.18000030517578,23.96581268310547
9530,22.549999237060547,21.873706817626953
9531,32.81999969482422,31.132186889648438
9532,48.79999923706055,48.004573822021484
9533,16.34000015258789,15.402993202209473
9534,2.7899999618530273,1.542320728302002
9535,62.040000915527344,59.42201614379883
9536,37.7599983215332,37.53375244140625
9537,13.479999542236328,12.382206916809082
9538,44.689998626708984,41.4095573425293
9539,37.310001373291016,36.04183578491211
9540,15.140000343322754,14.125669479370117
9541,34.27000045776367,35.711814880371094
9542,29.459999084472656,29.1968936920166
9543,37.369998931884766,35.54505920410156
9544,3.559999942779541,3.6208455562591553
9545,38.4900016784668,35.117427825927734
9546,43.0,42.25102996826172
9547,26.260000228881836,26.074859619140625
9548,20.229999542236328,18.917587280273438
9549,7.300000190734863,5.89354944229126
9550,27.309999465942383,27.29463005065918
9551,24.170000076293945,23.138395309448242
9552,4.730000019073486,4.597575664520264
9553,21.110000610351562,19.754276275634766
9554,59.84000015258789,63.24734115600586
9555,26.920000076293945,31.883041381835938
9556,45.38999938964844,45.60653305053711
9557,13.970000267028809,13.355086326599121
9558,9.350000381469727,9.233452796936035
9559,13.899999618530273,12.642436027526855
9560,47.2599983215332,41.34843063354492
9561,21.049999237060547,20.827953338623047
9562,10.470000267028809,9.637734413146973
9563,12.630000114440918,11.11989974975586
9564,9.470000267028809,7.871387958526611
9565,21.579999923706055,22.571063995361328
9566,52.04999923706055,51.176658630371094
9567,30.690000534057617,29.98583221435547
9568,31.1299991607666,32.740318298339844
9569,45.369998931884766,42.40885925292969
9570,47.58000183105469,48.09428787231445
9571,23.469999313354492,22.872299194335938
9572,44.84000015258789,43.912845611572266
9573,23.950000762939453,23.03505516052246
9574,22.459999084472656,22.550525665283203
9575,28.06999969482422,26.75210189819336
9576,21.260000228881836,20.71415901184082
9577,20.56999969482422,19.875919342041016
9578,58.43000030517578,59.20209503173828
9579,21.09000015258789,20.034923553466797
9580,33.56999969482422,31.66708755493164
9581,19.479999542236328,18.726877212524414
9582,20.93000030517578,18.5103702545166
9583,30.15999984741211,28.839736938476562
9584,13.680000305175781,12.809810638427734
9585,33.209999084472656,31.665063858032227
9586,24.280000686645508,23.728256225585938
9587,31.1200008392334,29.819385528564453
9588,18.209999084472656,18.74187660217285
9589,38.119998931884766,36.705528259277344
9590,25.510000228881836,23.44829750061035
9591,16.559999465942383,15.577923774719238
9592,16.940000534057617,15.05724048614502
9593,25.649999618530273,26.833772659301758
9594,50.20000076293945,51.11292266845703
9595,9.029999732971191,8.321934700012207
9596,9.970000267028809,9.781704902648926
9597,24.709999084472656,22.854454040527344
9598,21.770000457763672,21.35076332092285
9599,23.81999969482422,23.95332145690918
9600,71.87999725341797,70.28739929199219
9601,15.390000343322754,14.715415000915527
9602,18.6200008392334,17.665796279907227
9603,47.43000030517578,44.25550842285156
9604,29.610000610351562,28.66943359375
9605,42.06999969482422,41.43852233886719
9606,32.47999954223633,32.30569839477539
9607,53.650001525878906,51.23750305175781
9608,2.4000000953674316,2.8635716438293457
9609,50.060001373291016,49.94949722290039
9610,32.540000915527344,32.70639419555664
9611,3.759999990463257,2.0787649154663086
9612,52.290000915527344,49.360076904296875
9613,41.38999938964844,40.46128845214844
9614,42.45000076293945,38.90129852294922
9615,8.220000267028809,7.66016149520874
9616,23.479999542236328,21.395488739013672
9617,26.040000915527344,24.897441864013672
9618,28.56999969482422,27.519289016723633
9619,27.860000610351562,25.65314483642578
9620,12.829999923706055,10.954553604125977
9621,46.88999938964844,46.448455810546875
9622,40.130001068115234,35.90135955810547
9623,62.849998474121094,59.28728485107422
9624,13.770000457763672,12.138629913330078
9625,32.150001525878906,31.213993072509766
9626,41.400001525878906,41.72873306274414
9627,41.20000076293945,41.43661117553711
9628,26.770000457763672,25.565032958984375
9629,31.209999084472656,30.650665283203125
9630,32.290000915527344,29.876440048217773
9631,57.86000061035156,56.47987365722656
9632,12.970000267028809,11.584945678710938
9633,34.470001220703125,32.64386749267578
9634,38.27000045776367,41.03463363647461
9635,24.520000457763672,21.963727951049805
9636,67.77999877929688,60.548885345458984
9637,17.329999923706055,16.231990814208984
9638,22.020000457763672,21.199512481689453
9639,14.920000076293945,13.862813949584961
9640,53.599998474121094,55.70790100097656
9641,14.359999656677246,13.900967597961426
9642,49.040000915527344,47.76023864746094
9643,9.6899995803833,8.772789001464844
9644,16.1299991607666,14.814618110656738
9645,51.470001220703125,49.22177505493164
9646,4.380000114440918,3.7560975551605225
9647,38.939998626708984,35.95529556274414
9648,19.0,18.694869995117188
9649,15.800000190734863,14.792044639587402
9650,67.11000061035156,64.10277557373047
9651,34.43000030517578,33.616329193115234
9652,28.049999237060547,28.023983001708984
9653,16.8700008392334,17.487762451171875
9654,17.709999084472656,16.668073654174805
9655,18.1200008392334,16.64265251159668
9656,16.639999389648438,15.889740943908691
9657,11.850000381469727,11.52955150604248
9658,23.700000762939453,24.595840454101562
9659,33.709999084472656,33.64646530151367
9660,32.08000183105469,31.92283058166504
9661,13.119999885559082,12.364107131958008
9662,35.7400016784668,32.875999450683594
9663,7.300000190734863,6.8704094886779785
9664,22.0,22.5722713470459
9665,57.630001068115234,59.10829162597656
9666,48.36000061035156,45.331336975097656
9667,16.389999389648438,15.017813682556152
9668,40.400001525878906,40.22853469848633
9669,26.780000686645508,25.503952026367188
9670,7.449999809265137,5.093509197235107
9671,33.45000076293945,32.366722106933594
9672,29.280000686645508,27.697620391845703
9673,8.180000305175781,7.36970329284668
9674,47.09000015258789,45.304359436035156
9675,16.059999465942383,15.322955131530762
9676,53.630001068115234,53.27394104003906
9677,13.210000038146973,12.737615585327148
9678,12.640000343322754,12.88420581817627
9679,12.039999961853027,12.183232307434082
9680,43.93000030517578,42.32889175415039
9681,26.360000610351562,26.10588836669922
9682,8.449999809265137,7.805612564086914
9683,39.880001068115234,39.00128936767578
9684,38.459999084472656,40.472984313964844
9685,31.690000534057617,30.244247436523438
9686,62.27000045776367,62.312217712402344
9687,24.670000076293945,23.301908493041992
9688,30.25,29.54658317565918
9689,30.219999313354492,27.672456741333008
9690,23.1299991607666,23.65579605102539
9691,23.510000228881836,21.89607048034668
9692,10.989999771118164,10.845441818237305
9693,29.809999465942383,29.664371490478516
9694,10.380000114440918,9.262125968933105
9695,16.790000915527344,16.595735549926758
9696,28.079999923706055,28.816478729248047
9697,28.979999542236328,29.32302474975586
9698,39.43000030517578,39.92506408691406
9699,4.179999828338623,2.6370346546173096
9700,20.040000915527344,17.732990264892578
9701,5.300000190734863,3.8811819553375244
9702,14.0,13.955255508422852
9703,20.959999084472656,20.539026260375977
9704,26.219999313354492,25.474231719970703
9705,23.90999984741211,22.9786319732666
9706,56.310001373291016,54.50321960449219
9707,23.729999542236328,23.35477066040039
9708,27.059999465942383,25.319232940673828
9709,59.72999954223633,56.3170051574707
9710,19.06999969482422,17.54994773864746
9711,29.959999084472656,28.25049591064453
9712,10.890000343322754,10.718549728393555
9713,17.639999389648438,17.31393814086914
9714,53.16999816894531,51.69794464111328
9715,6.559999942779541,4.059442520141602
9716,26.6200008392334,25.01348304748535
9717,23.860000610351562,23.694496154785156
9718,15.649999618530273,15.1675443649292
9719,66.55000305175781,53.21003723144531
9720,48.75,49.057167053222656
9721,28.860000610351562,29.6918888092041
9722,46.939998626708984,48.00389862060547
9723,55.11000061035156,52.09990692138672
9724,39.20000076293945,35.5675048828125
9725,25.950000762939453,24.837663650512695
9726,78.20999908447266,77.48591613769531
9727,10.369999885559082,9.271112442016602
9728,55.060001373291016,47.1723747253418
9729,35.95000076293945,34.890907287597656
9730,47.209999084472656,44.56892395019531
9731,32.41999816894531,33.51046371459961
9732,16.229999542236328,14.86074161529541
9733,41.93000030517578,39.003089904785156
9734,15.859999656677246,14.03723430633545
9735,42.119998931884766,41.19373321533203
9736,20.209999084472656,19.53839111328125
9737,5.820000171661377,5.001291751861572
9738,28.850000381469727,29.317520141601562
9739,61.79999923706055,59.432193756103516
9740,39.720001220703125,43.182369232177734
9741,33.20000076293945,32.79106903076172
9742,27.860000610351562,28.209627151489258
9743,69.68000030517578,63.71240997314453
9744,17.030000686645508,15.354182243347168
9745,47.650001525878906,47.55255126953125
9746,28.760000228881836,27.854930877685547
9747,3.809999942779541,2.7679052352905273
9748,21.3799991607666,21.10912322998047
9749,19.8799991607666,18.673751831054688
9750,8.90999984741211,8.33220100402832
9751,25.549999237060547,21.9731502532959
9752,16.950000762939453,17.13849449157715
9753,13.84000015258789,13.391039848327637
9754,20.670000076293945,19.008325576782227
9755,12.420000076293945,12.197152137756348
9756,16.989999771118164,16.154071807861328
9757,20.81999969482422,20.458486557006836
9758,18.610000610351562,18.569982528686523
9759,38.20000076293945,35.24845886230469
9760,8.640000343322754,7.590160369873047
9761,49.560001373291016,48.07725143432617
9762,19.549999237060547,17.624801635742188
9763,40.75,40.124290466308594
9764,20.639999389648438,19.027687072753906
9765,39.13999938964844,36.46482467651367
9766,34.43000030517578,33.40482711791992
9767,19.90999984741211,18.468538284301758
9768,32.81999969482422,30.997291564941406
9769,2.1600000858306885,2.7275209426879883
9770,56.08000183105469,58.200035095214844
9771,39.18000030517578,38.709495544433594
9772,29.200000762939453,28.032180786132812
9773,59.61000061035156,43.602134704589844
9774,57.40999984741211,57.440975189208984
9775,27.59000015258789,26.170394897460938
9776,7.599999904632568,5.902920246124268
9777,21.3799991607666,18.913957595825195
9778,28.079999923706055,29.286701202392578
9779,35.43000030517578,34.07383346557617
9780,8.239999771118164,6.750228404998779
9781,61.209999084472656,57.3752555847168
9782,33.86000061035156,34.44366455078125
9783,5.989999771118164,7.532789707183838
9784,8.899999618530273,8.508809089660645
9785,17.979999542236328,16.61654281616211
9786,37.119998931884766,36.7835807800293
9787,25.09000015258789,23.554471969604492
9788,47.15999984741211,46.092247009277344
9789,35.75,38.747581481933594
9790,23.270000457763672,21.439701080322266
9791,39.7599983215332,38.75010299682617
9792,13.180000305175781,11.586033821105957
9793,31.709999084472656,29.94074821472168
9794,46.380001068115234,43.699981689453125
9795,46.27000045776367,46.75257110595703
9796,13.710000038146973,12.604146957397461
9797,13.90999984741211,12.830729484558105
9798,65.06999969482422,62.40810775756836
9799,10.699999809265137,9.442225456237793
9800,37.22999954223633,36.795326232910156
9801,37.25,37.00713348388672
9802,17.209999084472656,16.592266082763672
9803,31.219999313354492,32.27985763549805
9804,11.619999885559082,10.905685424804688
9805,20.219999313354492,20.379629135131836
9806,7.360000133514404,7.839641094207764
9807,20.649999618530273,20.42807960510254
9808,17.770000457763672,16.181093215942383
9809,16.790000915527344,14.397265434265137
9810,60.0099983215332,59.10985565185547
9811,13.34000015258789,15.311253547668457
9812,54.08000183105469,51.11302185058594
9813,11.260000228881836,9.992018699645996
9814,2.0999999046325684,2.598665237426758
9815,7.579999923706055,6.668703079223633
9816,24.969999313354492,24.477724075317383
9817,9.470000267028809,8.313288688659668
9818,11.779999732971191,10.91925048828125
9819,24.65999984741211,23.395200729370117
9820,51.380001068115234,50.62434768676758
9821,26.729999542236328,25.94039535522461
9822,6.78000020980835,8.400861740112305
9823,55.66999816894531,55.01144790649414
9824,7.269999980926514,6.861603260040283
9825,68.41999816894531,64.21794128417969
9826,29.360000610351562,28.931922912597656
9827,7.579999923706055,6.711756229400635
9828,41.54999923706055,41.534603118896484
9829,31.579999923706055,30.541244506835938
9830,50.369998931884766,46.36870574951172
9831,67.66999816894531,63.424781799316406
9832,23.5,22.279455184936523
9833,6.519999980926514,4.5854387283325195
9834,9.720000267028809,8.901180267333984
9835,44.209999084472656,43.09645462036133
9836,17.719999313354492,16.855798721313477
9837,14.25,16.04823112487793
9838,33.2599983215332,32.051612854003906
9839,29.93000030517578,29.880687713623047
9840,25.6299991607666,22.70059585571289
9841,18.479999542236328,17.653911590576172
9842,28.420000076293945,26.543670654296875
9843,46.7400016784668,46.924617767333984
9844,32.54999923706055,31.994190216064453
9845,21.040000915527344,19.2846736907959
9846,43.68000030517578,40.273460388183594
9847,69.83999633789062,68.95079803466797
9848,6.25,6.078823089599609
9849,37.130001068115234,35.780277252197266
9850,32.36000061035156,32.16650390625
9851,31.520000457763672,33.149932861328125
9852,24.8700008392334,24.630226135253906
9853,31.610000610351562,29.2738094329834
9854,22.540000915527344,19.566701889038086
9855,4.329999923706055,2.5668301582336426
9856,20.209999084472656,19.620508193969727
9857,73.04000091552734,72.24666595458984
9858,9.420000076293945,8.029427528381348
9859,10.25,9.813322067260742
9860,3.7699999809265137,2.285569667816162
9861,22.700000762939453,20.560396194458008
9862,22.920000076293945,21.282611846923828
9863,56.91999816894531,58.626502990722656
9864,14.369999885559082,13.40473461151123
9865,22.479999542236328,20.316625595092773
9866,40.63999938964844,41.606353759765625
9867,17.940000534057617,16.06999397277832
9868,39.36000061035156,35.53697204589844
9869,69.51000213623047,67.91337585449219
9870,52.4900016784668,51.449153900146484
9871,48.5099983215332,51.41301727294922
9872,3.700000047683716,2.94441294670105
9873,3.2699999809265137,2.4592788219451904
9874,10.220000267028809,6.208844184875488
9875,22.889999389648438,20.683109283447266
9876,14.630000114440918,13.452298164367676
9877,20.579999923706055,20.16630744934082
9878,46.560001373291016,47.17879867553711
9879,22.75,21.709087371826172
9880,16.760000228881836,15.87077808380127
9881,31.579999923706055,30.878568649291992
9882,13.6899995803833,11.269798278808594
9883,37.22999954223633,32.633758544921875
9884,30.459999084472656,28.0400390625
9885,31.15999984741211,29.699522018432617
9886,48.08000183105469,44.99394226074219
9887,7.869999885559082,8.252901077270508
9888,32.70000076293945,29.15787124633789
9889,32.290000915527344,31.234291076660156
9890,17.030000686645508,16.096370697021484
9891,10.020000457763672,8.822305679321289
9892,63.06999969482422,66.9250717163086
9893,32.189998626708984,30.591663360595703
9894,36.380001068115234,38.29154968261719
9895,6.110000133514404,4.250339508056641
9896,10.729999542236328,10.262792587280273
9897,53.709999084472656,48.061126708984375
9898,72.80999755859375,71.4310302734375
9899,19.209999084472656,17.8669490814209
9900,25.09000015258789,24.524829864501953
9901,2.9000000953674316,2.3054122924804688
9902,17.229999542236328,15.22098445892334
9903,38.36000061035156,38.01810073852539
9904,40.380001068115234,39.46533966064453
9905,28.850000381469727,27.71607780456543
9906,35.650001525878906,35.407474517822266
9907,12.6899995803833,11.802103042602539
9908,29.079999923706055,27.93839454650879
9909,49.63999938964844,47.148780822753906
9910,32.38999938964844,29.982406616210938
9911,15.15999984741211,13.7239351272583
9912,45.06999969482422,43.278770446777344
9913,34.630001068115234,32.624000549316406
9914,26.260000228881836,24.71381187438965
9915,33.599998474121094,34.36823272705078
9916,11.100000381469727,10.100086212158203
9917,5.510000228881836,4.502549648284912
9918,64.29000091552734,65.99351501464844
9919,25.31999969482422,22.75613021850586
9920,23.90999984741211,21.10866928100586
9921,25.790000915527344,23.312801361083984
9922,40.36000061035156,37.363746643066406
9923,24.43000030517578,23.215227127075195
9924,41.29999923706055,43.140872955322266
9925,53.5,53.7408561706543
9926,30.31999969482422,27.828514099121094
9927,23.760000228881836,22.257389068603516
9928,22.290000915527344,20.662887573242188
9929,57.86000061035156,54.538509368896484
9930,28.139999389648438,26.554607391357422
9931,7.909999847412109,7.81471586227417
9932,27.399999618530273,25.666353225708008
9933,22.93000030517578,21.83669090270996
9934,22.969999313354492,21.067398071289062
9935,19.959999084472656,18.998233795166016
9936,34.09000015258789,32.72637176513672
9937,28.6299991607666,27.3468017578125
9938,42.20000076293945,42.51543426513672
9939,25.530000686645508,24.619888305664062
9940,42.77000045776367,40.244972229003906
9941,10.819999694824219,10.220425605773926
9942,45.310001373291016,43.92751693725586
9943,16.809999465942383,15.550671577453613
9944,17.100000381469727,16.172645568847656
9945,16.59000015258789,14.739051818847656
9946,37.689998626708984,35.95247268676758
9947,60.7400016784668,59.22752380371094
9948,19.25,18.582738876342773
9949,28.889999389648438,27.009231567382812
9950,18.940000534057617,17.379592895507812
9951,27.09000015258789,26.974063873291016
9952,24.8799991607666,25.54070281982422
9953,14.920000076293945,14.17908000946045
9954,4.429999828338623,3.8091952800750732
9955,47.5,43.0892448425293
9956,15.699999809265137,15.02274227142334
9957,8.8100004196167,6.658036231994629
9958,18.829999923706055,18.52405548095703
9959,8.5600004196167,8.720441818237305
9960,68.13999938964844,63.65861511230469
9961,45.20000076293945,39.7294921875
9962,30.18000030517578,28.251728057861328
9963,9.829999923706055,9.861026763916016
9964,11.170000076293945,9.447160720825195
9965,30.280000686645508,29.547147750854492
9966,20.93000030517578,21.032154083251953
9967,12.430000305175781,12.063633918762207
9968,22.31999969482422,20.995838165283203
9969,18.489999771118164,17.360538482666016
9970,27.0,26.28309440612793
9971,41.36000061035156,41.61781311035156
9972,16.149999618530273,15.196154594421387
9973,26.25,24.967987060546875
9974,24.520000457763672,22.486331939697266
9975,24.489999771118164,22.925195693969727
9976,17.3799991607666,15.759753227233887
9977,20.459999084472656,20.038619995117188
9978,41.279998779296875,37.83618927001953
9979,7.71999979019165,7.5366902351379395
9980,57.290000915527344,54.08995819091797
9981,29.200000762939453,28.271076202392578
9982,34.04999923706055,33.5930290222168
9983,13.300000190734863,12.400273323059082
9984,25.06999969482422,23.071582794189453
9985,59.7400016784668,47.709022521972656
9986,33.150001525878906,31.785673141479492
9987,67.91000366210938,67.11296844482422
9988,55.349998474121094,54.313262939453125
9989,10.859999656677246,10.658864974975586
9990,38.06999969482422,36.58335876464844
9991,13.050000190734863,12.392518043518066
9992,33.9900016784668,33.4885139465332
9993,23.1200008392334,21.626949310302734
9994,15.930000305175781,15.593756675720215
9995,13.850000381469727,12.81402587890625
9996,32.439998626708984,30.27439308166504
9997,6.53000020980835,6.115823745727539
9998,72.93000030517578,68.21136474609375
9999,9.40999984741211,8.781827926635742
10000,15.5,15.427962303161621
10001,41.099998474121094,39.96477508544922
10002,18.5,17.044986724853516
10003,3.6600000858306885,3.1722865104675293
10004,38.529998779296875,37.28361129760742
10005,40.86000061035156,37.44212341308594
10006,16.43000030517578,15.010794639587402
10007,25.280000686645508,24.421676635742188
10008,29.34000015258789,28.46669578552246
10009,20.239999771118164,19.265066146850586
10010,44.25,41.9185676574707
10011,5.829999923706055,5.0738420486450195
10012,7.489999771118164,6.937270164489746
10013,11.880000114440918,8.960701942443848
10014,34.7599983215332,34.771549224853516
10015,6.170000076293945,6.3558173179626465
10016,17.899999618530273,17.067066192626953
10017,29.139999389648438,25.672019958496094
10018,23.1299991607666,21.721240997314453
10019,35.970001220703125,32.71114730834961
10020,25.770000457763672,23.986953735351562
10021,54.65999984741211,56.896461486816406
10022,18.200000762939453,15.982013702392578
10023,44.40999984741211,47.8097038269043
10024,22.940000534057617,24.911596298217773
10025,4.659999847412109,3.8265573978424072
10026,4.880000114440918,3.540044069290161
10027,16.579999923706055,14.78840160369873
10028,24.700000762939453,24.755924224853516
10029,18.34000015258789,17.885601043701172
10030,9.369999885559082,9.982609748840332
10031,22.360000610351562,21.625516891479492
10032,31.190000534057617,33.197818756103516
10033,29.309999465942383,28.082862854003906
10034,19.049999237060547,18.55403709411621
10035,22.059999465942383,21.691848754882812
10036,52.970001220703125,51.17459487915039
10037,21.90999984741211,21.945823669433594
10038,28.190000534057617,26.499114990234375
10039,33.09000015258789,31.34933853149414
10040,8.649999618530273,7.800599098205566
10041,19.389999389648438,17.544734954833984
10042,32.04999923706055,30.638050079345703
10043,42.650001525878906,40.79234313964844
10044,26.899999618530273,25.702224731445312
10045,21.260000228881836,20.91724967956543
10046,40.79999923706055,41.723175048828125
10047,40.099998474121094,41.925201416015625
10048,34.20000076293945,33.40053176879883
10049,17.989999771118164,16.0601806640625
10050,38.79999923706055,36.66545104980469
10051,12.449999809265137,11.450666427612305
10052,18.489999771118164,16.463397979736328
10053,8.279999732971191,7.295478820800781
10054,25.950000762939453,27.086822509765625
10055,25.030000686645508,24.454904556274414
10056,26.420000076293945,23.38074493408203
10057,36.33000183105469,35.61379623413086
10058,22.75,21.437681198120117
10059,27.540000915527344,25.970369338989258
10060,19.100000381469727,17.694543838500977
10061,22.280000686645508,21.298694610595703
10062,39.7599983215332,39.41608428955078
10063,7.989999771118164,7.468025207519531
10064,14.3100004196167,13.484899520874023
10065,13.729999542236328,13.302154541015625
10066,49.61000061035156,48.89253234863281
10067,28.059999465942383,26.744888305664062
10068,36.369998931884766,35.23754119873047
10069,49.470001220703125,43.98240661621094
10070,16.040000915527344,15.032700538635254
10071,35.81999969482422,34.24861526489258
10072,54.189998626708984,51.831241607666016
10073,48.4900016784668,49.3923454284668
10074,41.52000045776367,38.501373291015625
10075,5.429999828338623,5.643732070922852
10076,41.86000061035156,40.841712951660156
10077,29.920000076293945,28.00747299194336
10078,58.939998626708984,59.64582824707031
10079,18.969999313354492,16.540504455566406
10080,9.59000015258789,9.102193832397461
10081,15.100000381469727,15.118619918823242
10082,18.43000030517578,16.737300872802734
10083,23.040000915527344,22.07462501525879
10084,20.889999389648438,20.952796936035156
10085,53.65999984741211,56.02358627319336
10086,76.47000122070312,71.94816589355469
10087,20.670000076293945,20.06324005126953
10088,64.87000274658203,64.34799194335938
10089,11.350000381469727,10.590267181396484
10090,26.40999984741211,23.85399627685547
10091,31.549999237060547,29.87106704711914
10092,17.290000915527344,16.939136505126953
10093,46.310001373291016,46.462562561035156
10094,24.639999389648438,21.9061279296875
10095,36.95000076293945,35.91871643066406
10096,16.59000015258789,15.183577537536621
10097,10.40999984741211,9.951260566711426
10098,36.52000045776367,36.56207275390625
10099,50.869998931884766,45.83338165283203
10100,12.329999923706055,11.688874244689941
10101,60.77000045776367,61.41638946533203
10102,45.13999938964844,42.95628356933594
10103,33.95000076293945,33.98868942260742
10104,11.619999885559082,10.562323570251465
10105,40.150001525878906,41.25856399536133
10106,38.25,39.070674896240234
10107,26.209999084472656,25.160987854003906
10108,36.02000045776367,35.335655212402344
10109,39.25,39.56016159057617
10110,27.299999237060547,26.386165618896484
10111,19.3799991607666,18.07622528076172
10112,49.47999954223633,49.381629943847656
10113,23.75,21.47604751586914
10114,35.900001525878906,34.604522705078125
10115,42.2400016784668,40.60304260253906
10116,28.06999969482422,28.467031478881836
10117,47.15999984741211,43.77845001220703
10118,21.450000762939453,20.272136688232422
10119,21.100000381469727,18.8970947265625
10120,27.309999465942383,25.352169036865234
10121,8.479999542236328,6.952590465545654
10122,48.88999938964844,46.49161911010742
10123,6.269999980926514,6.749094009399414
10124,17.530000686645508,16.605871200561523
10125,20.709999084472656,19.700027465820312
10126,49.54999923706055,49.30665969848633
10127,11.4399995803833,9.231454849243164
10128,24.6200008392334,24.260597229003906
10129,32.66999816894531,30.37012481689453
10130,16.860000610351562,16.613880157470703
10131,24.229999542236328,24.233366012573242
10132,18.239999771118164,16.830036163330078
10133,42.58000183105469,41.13855743408203
10134,13.550000190734863,12.562084197998047
10135,8.640000343322754,6.352114200592041
10136,13.449999809265137,12.442343711853027
10137,15.930000305175781,15.758212089538574
10138,30.760000228881836,29.63133430480957
10139,33.83000183105469,34.85894012451172
10140,36.369998931884766,37.02454376220703
10141,33.630001068115234,33.182098388671875
10142,53.95000076293945,53.94048309326172
10143,21.610000610351562,23.038969039916992
10144,36.83000183105469,36.59662628173828
10145,15.520000457763672,15.943526268005371
10146,39.540000915527344,36.09341812133789
10147,40.790000915527344,40.61795425415039
10148,16.81999969482422,17.063934326171875
10149,16.34000015258789,15.796730995178223
10150,37.959999084472656,38.81651306152344
10151,70.66999816894531,66.84228515625
10152,34.18000030517578,33.915348052978516
10153,32.02000045776367,29.544273376464844
10154,13.970000267028809,13.027525901794434
10155,45.279998779296875,43.82151794433594
10156,12.130000114440918,11.036316871643066
10157,11.239999771118164,9.20291805267334
10158,3.3399999141693115,2.6491239070892334
10159,52.16999816894531,50.93693542480469
10160,31.489999771118164,32.33786392211914
10161,28.049999237060547,27.087982177734375
10162,15.319999694824219,15.769848823547363
10163,2.890000104904175,1.7359607219696045
10164,10.260000228881836,9.843222618103027
10165,14.149999618530273,13.23954963684082
10166,53.45000076293945,51.68985366821289
10167,36.2400016784668,36.417903900146484
10168,32.33000183105469,30.89118194580078
10169,30.510000228881836,28.49138069152832
10170,6.989999771118164,5.948666572570801
10171,43.18000030517578,43.886695861816406
10172,8.880000114440918,8.709808349609375
10173,22.510000228881836,21.31009292602539
10174,14.34000015258789,13.331414222717285
10175,45.84000015258789,41.10175323486328
10176,34.68000030517578,29.334426879882812
10177,24.549999237060547,23.633045196533203
10178,6.340000152587891,6.214694499969482
10179,41.38999938964844,39.76860046386719
10180,7.610000133514404,6.449907302856445
10181,27.889999389648438,27.957378387451172
10182,12.90999984741211,12.205811500549316
10183,4.289999961853027,3.532149076461792
10184,21.940000534057617,20.584270477294922
10185,38.63999938964844,36.98271942138672
10186,23.56999969482422,22.439558029174805
10187,46.900001525878906,46.81822967529297
10188,43.540000915527344,47.11418533325195
10189,51.959999084472656,52.77741241455078
10190,10.199999809265137,9.056930541992188
10191,52.9900016784668,51.100276947021484
10192,45.88999938964844,45.181941986083984
10193,28.829999923706055,27.4713077545166
10194,17.110000610351562,17.1459903717041
10195,49.52000045776367,46.613304138183594
10196,22.600000381469727,21.692882537841797
10197,19.469999313354492,17.273029327392578
10198,21.239999771118164,19.672494888305664
10199,60.88999938964844,56.274803161621094
10200,38.5099983215332,38.618621826171875
10201,21.049999237060547,22.029014587402344
10202,53.439998626708984,52.1966552734375
10203,48.25,46.80232620239258
10204,53.13999938964844,53.873268127441406
10205,22.600000381469727,21.479244232177734
10206,35.04999923706055,35.23405838012695
10207,22.989999771118164,20.656606674194336
10208,24.549999237060547,24.135059356689453
10209,16.479999542236328,15.765753746032715
10210,29.270000457763672,28.86746597290039
10211,33.70000076293945,34.66320037841797
10212,11.930000305175781,10.13984203338623
10213,35.869998931884766,32.8377799987793
10214,14.880000114440918,13.969828605651855
10215,50.54999923706055,47.752906799316406
10216,47.7400016784668,47.54558563232422
10217,20.889999389648438,19.16364860534668
10218,11.619999885559082,12.153033256530762
10219,49.18000030517578,42.5810661315918
10220,19.290000915527344,17.59603500366211
10221,7.139999866485596,4.939858436584473
10222,10.520000457763672,8.278404235839844
10223,35.97999954223633,29.76898765563965
10224,70.8499984741211,68.98672485351562
10225,51.25,48.173805236816406
10226,22.280000686645508,22.924192428588867
10227,23.639999389648438,22.445003509521484
10228,23.940000534057617,22.45818328857422
10229,58.91999816894531,59.35868835449219
10230,7.909999847412109,7.258588790893555
10231,31.639999389648438,32.71595001220703
10232,36.2400016784668,38.70697021484375
10233,25.40999984741211,23.01279067993164
10234,35.33000183105469,36.08879852294922
10235,33.45000076293945,33.812721252441406
10236,30.420000076293945,30.20467185974121
10237,32.7400016784668,34.64714813232422
10238,52.79999923706055,50.71061706542969
10239,46.84000015258789,45.43438720703125
10240,49.25,46.23920440673828
10241,8.65999984741211,6.443352222442627
10242,31.209999084472656,28.001079559326172
10243,58.90999984741211,54.93219757080078
10244,27.8799991607666,27.98917007446289
10245,54.529998779296875,50.015865325927734
10246,16.030000686645508,14.0614652633667
10247,31.280000686645508,28.787174224853516
10248,15.680000305175781,12.703448295593262
10249,25.540000915527344,24.351598739624023
10250,29.34000015258789,30.32636260986328
10251,27.690000534057617,26.869524002075195
10252,15.0,13.191472053527832
10253,15.949999809265137,15.25008487701416
10254,43.040000915527344,40.767555236816406
10255,6.789999961853027,7.197654724121094
10256,8.920000076293945,7.958843231201172
10257,5.989999771118164,5.034579753875732
10258,16.8799991607666,16.136316299438477
10259,41.22999954223633,41.44484329223633
10260,23.350000381469727,22.914348602294922
10261,59.119998931884766,58.77513122558594
10262,34.13999938964844,32.174827575683594
10263,33.91999816894531,32.19583511352539
10264,35.209999084472656,33.4266471862793
10265,30.440000534057617,29.343505859375
10266,9.180000305175781,9.447120666503906
10267,14.760000228881836,14.39931583404541
10268,27.760000228881836,25.82229232788086
10269,46.59000015258789,44.108184814453125
10270,46.810001373291016,45.272186279296875
10271,69.20999908447266,63.72510528564453
10272,10.0600004196167,9.671972274780273
10273,29.530000686645508,28.968690872192383
10274,9.489999771118164,7.957937240600586
10275,54.56999969482422,55.388492584228516
10276,49.86000061035156,47.99443435668945
10277,8.640000343322754,7.3106560707092285
10278,7.329999923706055,6.322762966156006
10279,16.950000762939453,16.327714920043945
10280,11.0,10.845407485961914
10281,10.739999771118164,10.717277526855469
10282,4.809999942779541,4.056858539581299
10283,33.709999084472656,31.462249755859375
10284,54.34000015258789,49.261783599853516
10285,37.43000030517578,37.04901885986328
10286,19.219999313354492,18.766149520874023
10287,39.189998626708984,38.6192512512207
10288,2.740000009536743,1.8359235525131226
10289,32.689998626708984,33.90645980834961
10290,15.800000190734863,14.984234809875488
10291,23.530000686645508,22.415863037109375
10292,21.450000762939453,18.502788543701172
10293,23.270000457763672,23.076961517333984
10294,31.520000457763672,30.643596649169922
10295,25.600000381469727,25.260778427124023
10296,49.31999969482422,49.928443908691406
10297,22.530000686645508,20.090246200561523
10298,21.290000915527344,19.19388771057129
10299,26.90999984741211,26.55609893798828
10300,39.68000030517578,35.867401123046875
10301,25.520000457763672,24.85251235961914
10302,59.720001220703125,60.373512268066406
10303,25.3700008392334,23.937824249267578
10304,20.489999771118164,18.56172752380371
10305,20.959999084472656,21.533544540405273
10306,31.700000762939453,28.30024528503418
10307,3.690000057220459,2.8894524574279785
10308,32.15999984741211,32.21293640136719
10309,19.049999237060547,18.276775360107422
10310,12.6899995803833,11.256741523742676
10311,13.199999809265137,11.411299705505371
10312,7.019999980926514,5.981138229370117
10313,42.91999816894531,41.404449462890625
10314,11.09000015258789,9.787222862243652
10315,7.949999809265137,4.534832000732422
10316,52.77000045776367,52.60929489135742
10317,39.060001373291016,38.49921798706055
10318,42.52000045776367,42.70014953613281
10319,9.100000381469727,8.583338737487793
10320,42.54999923706055,42.58146667480469
10321,12.550000190734863,12.380091667175293
10322,26.0,24.928245544433594
10323,16.049999237060547,15.194548606872559
10324,18.700000762939453,17.774150848388672
10325,16.739999771118164,13.093840599060059
10326,20.59000015258789,18.507753372192383
10327,6.309999942779541,5.074722766876221
10328,11.970000267028809,11.810951232910156
10329,11.220000267028809,10.242667198181152
10330,19.889999389648438,19.657960891723633
10331,28.360000610351562,26.646747589111328
10332,60.90999984741211,60.161991119384766
10333,44.75,44.052181243896484
10334,36.58000183105469,33.382469177246094
10335,6.090000152587891,4.9821906089782715
10336,59.150001525878906,59.669578552246094
10337,21.56999969482422,19.0839786529541
10338,32.18000030517578,30.803680419921875
10339,32.22999954223633,31.681072235107422
10340,16.59000015258789,15.052325248718262
10341,8.75,7.928247928619385
10342,35.970001220703125,38.673946380615234
10343,12.949999809265137,11.786120414733887
10344,9.390000343322754,9.749155044555664
10345,16.389999389648438,14.986387252807617
10346,60.689998626708984,58.84064865112305
10347,24.549999237060547,23.66114044189453
10348,32.5,29.131675720214844
10349,23.329999923706055,21.317115783691406
10350,42.099998474121094,41.60728454589844
10351,5.070000171661377,4.281566143035889
10352,24.149999618530273,23.49899673461914
10353,69.08999633789062,65.74217224121094
10354,46.86000061035156,45.46626281738281
10355,43.40999984741211,35.124359130859375
10356,36.5,35.3431396484375
10357,20.65999984741211,19.71550750732422
10358,40.31999969482422,38.686180114746094
10359,52.560001373291016,50.37125015258789
10360,13.390000343322754,12.6436767578125
10361,27.219999313354492,27.285945892333984
10362,27.65999984741211,29.323360443115234
10363,17.59000015258789,16.394834518432617
10364,15.899999618530273,14.89516830444336
10365,26.200000762939453,25.712764739990234
10366,13.239999771118164,12.511070251464844
10367,25.760000228881836,24.300600051879883
10368,8.25,8.147744178771973
10369,29.56999969482422,29.176734924316406
10370,25.059999465942383,24.06839942932129
10371,13.380000114440918,12.354753494262695
10372,20.389999389648438,19.132183074951172
10373,40.439998626708984,40.330902099609375
10374,36.4900016784668,32.92980194091797
10375,53.880001068115234,51.78144454956055
10376,14.640000343322754,13.943887710571289
10377,34.630001068115234,33.991249084472656
10378,24.809999465942383,22.74311065673828
10379,9.420000076293945,9.167901039123535
10380,74.29000091552734,75.49459838867188
10381,33.52000045776367,32.37327575683594
10382,37.849998474121094,37.1608772277832
10383,12.9399995803833,12.08156681060791
10384,47.7400016784668,47.108192443847656
10385,21.799999237060547,20.693798065185547
10386,29.829999923706055,30.429473876953125
10387,21.68000030517578,21.763391494750977
10388,30.559999465942383,25.40005874633789
10389,64.7699966430664,60.60976028442383
10390,20.68000030517578,21.267784118652344
10391,25.149999618530273,24.3608455657959
10392,7.059999942779541,6.2530741691589355
10393,43.689998626708984,44.66846466064453
10394,1.8200000524520874,2.982011318206787
10395,2.4100000858306885,1.4135515689849854
10396,22.040000915527344,23.180866241455078
10397,30.780000686645508,29.70758056640625
10398,10.630000114440918,10.564411163330078
10399,31.219999313354492,28.336748123168945
10400,13.130000114440918,12.499801635742188
10401,17.0,15.783927917480469
10402,11.869999885559082,9.254426956176758
10403,14.800000190734863,13.530362129211426
10404,44.9900016784668,44.464088439941406
10405,26.239999771118164,25.298749923706055
10406,29.049999237060547,27.872201919555664
10407,2.7300000190734863,1.3606668710708618
10408,43.06999969482422,42.675445556640625
10409,17.1299991607666,15.561050415039062
10410,38.25,37.09678268432617
10411,15.229999542236328,14.015993118286133
10412,15.1899995803833,13.703449249267578
10413,8.710000038146973,8.036080360412598
10414,15.680000305175781,15.427445411682129
10415,7.590000152587891,7.006407737731934
10416,56.22999954223633,56.488182067871094
10417,29.030000686645508,27.549213409423828
10418,3.9700000286102295,3.042116403579712
10419,49.849998474121094,54.10071563720703
10420,28.670000076293945,27.634441375732422
10421,32.56999969482422,31.049617767333984
10422,29.530000686645508,29.45804214477539
10423,38.18000030517578,34.05613327026367
10424,45.33000183105469,44.922454833984375
10425,30.709999084472656,28.60825538635254
10426,10.170000076293945,9.119150161743164
10427,60.470001220703125,61.5653076171875
10428,49.25,44.458473205566406
10429,9.050000190734863,7.351926803588867
10430,30.399999618530273,30.176963806152344
10431,11.449999809265137,11.41048526763916
10432,20.309999465942383,19.369117736816406
10433,17.920000076293945,16.666614532470703
10434,8.3100004196167,8.274874687194824
10435,3.8299999237060547,2.2253975868225098
10436,11.279999732971191,9.513962745666504
10437,44.560001373291016,39.7674560546875
10438,16.959999084472656,15.4368257522583
10439,7.019999980926514,5.927776336669922
10440,56.7400016784668,56.80480194091797
10441,10.1899995803833,9.2236328125
10442,14.399999618530273,13.255757331848145
10443,11.600000381469727,10.622608184814453
10444,12.4399995803833,11.359177589416504
10445,40.310001373291016,41.07307815551758
10446,16.440000534057617,14.651022911071777
10447,21.579999923706055,21.373355865478516
10448,35.45000076293945,33.45166778564453
10449,21.979999542236328,20.60295867919922
10450,40.34000015258789,38.48866271972656
10451,14.890000343322754,13.3178129196167
10452,8.800000190734863,7.908566474914551
10453,31.360000610351562,30.67862892150879
10454,3.509999990463257,2.4839868545532227
10455,45.849998474121094,46.38494873046875
10456,32.220001220703125,31.486968994140625
10457,4.309999942779541,3.4079198837280273
10458,42.61000061035156,42.98411178588867
10459,42.25,35.951171875
10460,37.97999954223633,37.5439453125
10461,8.670000076293945,6.917133808135986
10462,13.369999885559082,12.89723014831543
10463,47.9900016784668,45.32918167114258
10464,43.90999984741211,43.06040954589844
10465,14.770000457763672,14.070388793945312
10466,3.2699999809265137,2.6783406734466553
10467,3.950000047683716,3.3295552730560303
10468,29.31999969482422,28.687129974365234
10469,56.06999969482422,55.01945877075195
10470,62.470001220703125,61.21310806274414
10471,37.65999984741211,34.541908264160156
10472,30.5,31.164546966552734
10473,35.97999954223633,34.93684768676758
10474,8.5,7.532502174377441
10475,25.079999923706055,24.650468826293945
10476,22.299999237060547,22.14354705810547
10477,43.43000030517578,43.21144485473633
10478,30.969999313354492,29.27797508239746
10479,9.329999923706055,8.10983943939209
10480,15.729999542236328,14.583271980285645
10481,27.280000686645508,26.916526794433594
10482,29.56999969482422,28.513944625854492
10483,51.83000183105469,48.942779541015625
10484,60.060001373291016,53.97114944458008
10485,33.4900016784668,29.713281631469727
10486,10.5,9.392898559570312
10487,34.529998779296875,33.22368240356445
10488,71.12999725341797,67.34493255615234
10489,29.780000686645508,27.892253875732422
10490,41.45000076293945,42.23366928100586
10491,34.66999816894531,31.443784713745117
10492,5.059999942779541,5.5145392417907715
10493,34.310001373291016,32.624229431152344
10494,47.650001525878906,47.909950256347656
10495,55.4900016784668,52.940528869628906
10496,19.969999313354492,19.733562469482422
10497,31.969999313354492,31.68425178527832
10498,52.47999954223633,50.5208625793457
10499,18.360000610351562,18.043277740478516
10500,30.280000686645508,29.3309268951416
10501,18.229999542236328,17.561067581176758
10502,30.440000534057617,28.68585968017578
10503,4.860000133514404,3.879652261734009
10504,33.22999954223633,32.49112319946289
10505,26.110000610351562,29.016157150268555
10506,24.610000610351562,24.012592315673828
10507,35.97999954223633,36.647159576416016
10508,54.810001373291016,50.62293243408203
10509,15.630000114440918,14.281890869140625
10510,36.400001525878906,34.29252624511719
10511,33.2400016784668,32.25657653808594
10512,10.25,9.407029151916504
10513,9.149999618530273,7.691047191619873
10514,39.130001068115234,38.21703338623047
10515,38.130001068115234,34.956722259521484
10516,34.58000183105469,33.86269760131836
10517,8.920000076293945,8.30440616607666
10518,25.329999923706055,24.199390411376953
10519,28.5,26.198238372802734
10520,22.1299991607666,20.555084228515625
10521,43.95000076293945,42.81755447387695
10522,49.939998626708984,47.49900817871094
10523,75.6500015258789,72.62730407714844
10524,8.460000038146973,8.861835479736328
10525,25.18000030517578,24.82158851623535
10526,12.5600004196167,9.500472068786621
10527,9.789999961853027,7.954136848449707
10528,1.2599999904632568,1.4725067615509033
10529,40.099998474121094,38.110023498535156
10530,22.170000076293945,22.52787208557129
10531,8.619999885559082,8.842979431152344
10532,50.439998626708984,51.33245849609375
10533,28.290000915527344,27.485340118408203
10534,5.440000057220459,3.8938775062561035
10535,31.729999542236328,33.404170989990234
10536,18.110000610351562,16.975475311279297
10537,29.229999542236328,29.367029190063477
10538,5.46999979019165,5.250417232513428
10539,21.8700008392334,21.582347869873047
10540,11.460000038146973,11.010852813720703
10541,7.559999942779541,6.388794898986816
10542,28.18000030517578,26.109722137451172
10543,40.41999816894531,41.71882247924805
10544,31.989999771118164,31.391441345214844
10545,20.889999389648438,19.583972930908203
10546,22.829999923706055,21.353466033935547
10547,19.469999313354492,18.97915267944336
10548,42.4900016784668,36.611045837402344
10549,36.529998779296875,35.218650817871094
10550,64.9000015258789,61.214324951171875
10551,47.540000915527344,43.492576599121094
10552,36.220001220703125,34.15980911254883
10553,18.56999969482422,17.33083152770996
10554,34.130001068115234,34.37476348876953
10555,47.849998474121094,45.295082092285156
10556,8.729999542236328,7.6834492683410645
10557,27.56999969482422,25.081958770751953
10558,11.5,11.04442024230957
10559,8.65999984741211,8.357626914978027
10560,26.3700008392334,23.98166275024414
10561,4.940000057220459,3.6462714672088623
10562,14.359999656677246,14.272764205932617
10563,27.84000015258789,25.74803352355957
10564,20.190000534057617,20.210975646972656
10565,53.65999984741211,48.50121307373047
10566,37.380001068115234,33.734397888183594
10567,6.96999979019165,5.75605583190918
10568,58.70000076293945,59.74557113647461
10569,58.40999984741211,57.81391906738281
10570,7.03000020980835,5.940088272094727
10571,39.529998779296875,33.854148864746094
10572,22.719999313354492,21.26470947265625
10573,25.489999771118164,25.38210678100586
10574,38.150001525878906,35.49143981933594
10575,14.600000381469727,13.305427551269531
10576,35.119998931884766,33.14606857299805
10577,27.75,27.37495994567871
10578,27.139999389648438,25.941404342651367
10579,9.010000228881836,7.53209924697876
10580,18.3799991607666,18.992958068847656
10581,30.15999984741211,29.6426944732666
10582,24.479999542236328,21.977489471435547
10583,20.43000030517578,19.90753746032715
10584,37.09000015258789,36.301490783691406
10585,45.33000183105469,42.55990982055664
10586,43.52000045776367,43.998443603515625
10587,24.959999084472656,24.533668518066406
10588,13.800000190734863,13.466385841369629
10589,16.8700008392334,15.447640419006348
10590,51.33000183105469,47.7789306640625
10591,10.989999771118164,9.775623321533203
10592,40.77000045776367,39.56829833984375
10593,39.2400016784668,37.85703659057617
10594,10.119999885559082,11.009257316589355
10595,43.060001373291016,42.12480163574219
10596,30.559999465942383,30.805179595947266
10597,5.800000190734863,5.262664794921875
10598,16.709999084472656,16.361122131347656
10599,19.3700008392334,19.0006046295166
10600,5.929999828338623,4.361457824707031
10601,2.759999990463257,1.863324761390686
10602,24.299999237060547,22.595577239990234
10603,55.029998779296875,53.915679931640625
10604,46.15999984741211,46.14523696899414
10605,4.53000020980835,4.020346164703369
10606,17.06999969482422,15.80743408203125
10607,11.109999656677246,10.01666259765625
10608,17.670000076293945,17.257476806640625
10609,18.489999771118164,16.28290367126465
10610,50.29999923706055,49.77667236328125
10611,42.189998626708984,44.419315338134766
10612,39.25,38.941978454589844
10613,33.5,32.48833084106445
10614,40.90999984741211,39.85757827758789
10615,15.960000038146973,14.818355560302734
10616,41.900001525878906,45.409061431884766
10617,60.59000015258789,60.20319747924805
10618,21.31999969482422,21.034595489501953
10619,15.800000190734863,14.392027854919434
10620,25.110000610351562,23.62070083618164
10621,49.65999984741211,48.13786315917969
10622,9.729999542236328,8.780909538269043
10623,32.70000076293945,33.06094741821289
10624,49.02000045776367,45.99269104003906
10625,68.94000244140625,67.56158447265625
10626,13.100000381469727,12.680971145629883
10627,37.0,35.99230194091797
10628,26.520000457763672,24.112651824951172
10629,39.68000030517578,40.19723892211914
10630,53.09000015258789,53.356849670410156
10631,26.440000534057617,27.328750610351562
10632,28.25,27.887544631958008
10633,54.119998931884766,51.98103332519531
10634,9.680000305175781,8.579821586608887
10635,21.190000534057617,18.950382232666016
10636,38.2599983215332,35.81885528564453
10637,24.3799991607666,23.67580795288086
10638,28.68000030517578,26.277774810791016
10639,40.06999969482422,37.65311813354492
10640,50.959999084472656,49.48557662963867
10641,42.36000061035156,41.67672348022461
10642,14.529999732971191,14.454266548156738
10643,11.710000038146973,11.862441062927246
10644,36.04999923706055,35.384796142578125
10645,37.54999923706055,38.639251708984375
10646,25.920000076293945,32.534812927246094
10647,10.470000267028809,8.737902641296387
10648,23.079999923706055,22.627107620239258
10649,19.3799991607666,17.369657516479492
10650,40.959999084472656,38.200199127197266
10651,20.219999313354492,17.440673828125
10652,24.860000610351562,22.82906723022461
10653,16.360000610351562,15.270642280578613
10654,7.96999979019165,8.428154945373535
10655,22.469999313354492,20.05215072631836
10656,15.550000190734863,15.590224266052246
10657,44.84000015258789,40.951419830322266
10658,22.110000610351562,21.495235443115234
10659,22.959999084472656,21.017868041992188
10660,3.640000104904175,2.686948299407959
10661,59.790000915527344,40.81224060058594
10662,8.760000228881836,8.708259582519531
10663,29.43000030517578,30.425344467163086
10664,31.09000015258789,29.941743850708008
10665,1.9299999475479126,1.1191012859344482
10666,38.43000030517578,37.9525260925293
10667,45.880001068115234,45.356109619140625
10668,33.61000061035156,30.209409713745117
10669,8.890000343322754,7.180815696716309
10670,16.40999984741211,15.239176750183105
10671,26.979999542236328,26.386016845703125
10672,48.45000076293945,48.24080276489258
10673,19.229999542236328,18.676132202148438
10674,31.0,30.752592086791992
10675,11.59000015258789,8.114623069763184
10676,55.54999923706055,56.64079666137695
10677,3.3499999046325684,2.1126527786254883
10678,14.65999984741211,14.614354133605957
10679,17.25,16.16657257080078
10680,34.41999816894531,35.168609619140625
10681,7.610000133514404,6.9086456298828125
10682,19.459999084472656,17.992944717407227
10683,29.239999771118164,28.902446746826172
10684,28.3700008392334,26.78386878967285
10685,24.229999542236328,23.129919052124023
10686,37.650001525878906,37.69416046142578
10687,8.270000457763672,7.87168025970459
10688,9.739999771118164,8.782752990722656
10689,45.2400016784668,46.23889923095703
10690,23.559999465942383,24.510520935058594
10691,21.40999984741211,20.185604095458984
10692,31.889999389648438,31.304832458496094
10693,45.25,46.03605270385742
10694,32.18000030517578,31.56285858154297
10695,20.559999465942383,19.921052932739258
10696,15.6899995803833,14.88929271697998
10697,11.329999923706055,11.333038330078125
10698,40.97999954223633,37.80868911743164
10699,32.849998474121094,32.50972366333008
10700,10.460000038146973,8.403316497802734
10701,18.850000381469727,18.598703384399414
10702,3.7799999713897705,3.6615567207336426
10703,6.739999771118164,6.340332984924316
10704,21.260000228881836,19.542484283447266
10705,15.420000076293945,14.602821350097656
10706,20.3799991607666,20.729122161865234
10707,11.15999984741211,10.824323654174805
10708,55.77000045776367,55.22789764404297
10709,28.06999969482422,25.00741958618164
10710,20.649999618530273,20.199222564697266
10711,51.15999984741211,50.42433547973633
10712,1.8799999952316284,2.7264325618743896
10713,18.219999313354492,19.25737953186035
10714,17.280000686645508,16.48412322998047
10715,50.619998931884766,50.15706253051758
10716,54.72999954223633,58.128482818603516
10717,9.600000381469727,9.910348892211914
10718,57.22999954223633,56.15974044799805
10719,19.100000381469727,19.12342071533203
10720,17.1299991607666,15.557246208190918
10721,29.3799991607666,27.462018966674805
10722,35.720001220703125,36.73342514038086
10723,17.709999084472656,15.636582374572754
10724,28.290000915527344,27.678993225097656
10725,35.7599983215332,35.47454833984375
10726,61.40999984741211,55.97600555419922
10727,69.44999694824219,67.56151580810547
10728,49.779998779296875,43.78622055053711
10729,16.6299991607666,15.108148574829102
10730,24.1200008392334,22.382469177246094
10731,45.119998931884766,45.28771209716797
10732,15.279999732971191,13.88973331451416
10733,30.079999923706055,27.109649658203125
10734,35.349998474121094,33.12815856933594
10735,20.690000534057617,20.349533081054688
10736,11.680000305175781,10.684592247009277
10737,9.869999885559082,9.279218673706055
10738,30.520000457763672,29.375873565673828
10739,4.090000152587891,3.733267307281494
10740,25.139999389648438,23.74633026123047
10741,36.40999984741211,34.46785354614258
10742,49.529998779296875,48.729576110839844
10743,18.18000030517578,18.57227325439453
10744,40.83000183105469,46.024147033691406
10745,10.109999656677246,10.358668327331543
10746,27.90999984741211,26.660863876342773
10747,21.399999618530273,20.532751083374023
10748,9.170000076293945,8.990157127380371
10749,45.95000076293945,46.24249267578125
10750,21.399999618530273,20.123029708862305
10751,67.1500015258789,64.74073028564453
10752,26.389999389648438,28.143903732299805
10753,17.170000076293945,15.72365951538086
10754,26.219999313354492,25.543270111083984
10755,20.270000457763672,19.526248931884766
10756,18.239999771118164,16.585844039916992
10757,76.58999633789062,73.23765563964844
10758,24.790000915527344,25.862791061401367
10759,16.56999969482422,15.860636711120605
10760,12.079999923706055,11.730680465698242
10761,10.100000381469727,8.731954574584961
10762,34.27000045776367,33.60757827758789
10763,31.940000534057617,31.10541343688965
10764,43.970001220703125,42.874656677246094
10765,20.1200008392334,19.53302001953125
10766,18.450000762939453,17.410425186157227
10767,14.539999961853027,12.652841567993164
10768,11.869999885559082,11.583547592163086
10769,44.220001220703125,42.538394927978516
10770,41.27000045776367,40.41050720214844
10771,7.019999980926514,6.226408958435059
10772,41.130001068115234,35.61183166503906
10773,4.860000133514404,4.028545379638672
10774,23.059999465942383,21.85256576538086
10775,28.079999923706055,26.226123809814453
10776,8.100000381469727,6.406580924987793
10777,24.6200008392334,22.801918029785156
10778,30.739999771118164,28.147933959960938
10779,21.84000015258789,20.174453735351562
10780,20.059999465942383,19.342622756958008
10781,12.0,11.220312118530273
10782,5.210000038146973,4.198928356170654
10783,60.400001525878906,62.849769592285156
10784,50.02000045776367,51.23175048828125
10785,47.689998626708984,47.7274284362793
10786,29.770000457763672,25.065649032592773
10787,13.039999961853027,11.868426322937012
10788,6.829999923706055,6.3349385261535645
10789,9.75,8.776633262634277
10790,6.070000171661377,3.242532253265381
10791,2.7899999618530273,1.6059255599975586
10792,49.79999923706055,47.97092819213867
10793,42.470001220703125,42.71662139892578
10794,14.579999923706055,13.742568016052246
10795,10.510000228881836,9.611534118652344
10796,17.170000076293945,15.763618469238281
10797,44.08000183105469,43.45464324951172
10798,35.0099983215332,33.3603515625
10799,45.939998626708984,46.103721618652344
10800,52.220001220703125,50.98345184326172
10801,19.010000228881836,18.499217987060547
10802,17.6299991607666,16.476911544799805
10803,28.059999465942383,28.640392303466797
10804,34.77000045776367,34.705955505371094
10805,45.630001068115234,44.80787658691406
10806,8.760000228881836,8.260225296020508
10807,38.61000061035156,37.28779220581055
10808,3.3499999046325684,2.061394691467285
10809,20.479999542236328,18.749616622924805
10810,37.029998779296875,36.61514663696289
10811,20.950000762939453,21.372543334960938
10812,9.619999885559082,8.844159126281738
10813,10.6899995803833,9.612174034118652
10814,20.59000015258789,20.42586326599121
10815,24.260000228881836,24.375112533569336
10816,8.25,8.276175498962402
10817,39.029998779296875,37.983917236328125
10818,7.489999771118164,6.507460594177246
10819,30.209999084472656,28.66962432861328
10820,26.440000534057617,25.316097259521484
10821,34.0099983215332,37.04258346557617
10822,11.1899995803833,10.306023597717285
10823,29.600000381469727,28.044490814208984
10824,49.25,46.04050064086914
10825,25.3799991607666,24.691699981689453
10826,32.560001373291016,30.49649429321289
10827,4.389999866485596,3.252528190612793
10828,28.290000915527344,27.46131706237793
10829,36.290000915527344,35.3634147644043
10830,9.100000381469727,7.764006614685059
10831,30.809999465942383,29.556411743164062
10832,26.690000534057617,26.091005325317383
10833,36.18000030517578,34.817752838134766
10834,26.270000457763672,24.321964263916016
10835,39.7599983215332,39.51355743408203
10836,5.809999942779541,5.786720275878906
10837,8.1899995803833,7.808197021484375
10838,11.369999885559082,10.553911209106445
10839,57.2400016784668,55.997562408447266
10840,39.70000076293945,38.29298400878906
10841,28.719999313354492,26.212366104125977
10842,25.1299991607666,23.517333984375
10843,68.16000366210938,66.1624984741211
10844,32.650001525878906,31.458635330200195
10845,21.959999084472656,21.724828720092773
10846,25.280000686645508,25.049829483032227
10847,12.449999809265137,11.643599510192871
10848,45.5099983215332,45.38729476928711
10849,24.959999084472656,21.984045028686523
10850,65.66999816894531,63.87840270996094
10851,37.06999969482422,36.47175598144531
10852,17.530000686645508,17.174224853515625
10853,10.119999885559082,10.117566108703613
10854,16.030000686645508,14.456518173217773
10855,9.260000228881836,7.421782493591309
10856,5.679999828338623,5.598422527313232
10857,12.739999771118164,11.570359230041504
10858,20.110000610351562,18.203149795532227
10859,19.809999465942383,18.474275588989258
10860,13.59000015258789,13.260472297668457
10861,9.539999961853027,9.581704139709473
10862,20.770000457763672,20.124343872070312
10863,5.53000020980835,3.734239101409912
10864,41.02000045776367,43.139625549316406
10865,12.300000190734863,11.165809631347656
10866,18.110000610351562,17.512344360351562
10867,17.219999313354492,16.38981819152832
10868,15.550000190734863,13.24724006652832
10869,12.170000076293945,11.868265151977539
10870,8.329999923706055,7.340242385864258
10871,16.8799991607666,15.222383499145508
10872,63.220001220703125,61.31134033203125
10873,18.780000686645508,16.93709373474121
10874,38.400001525878906,40.414329528808594
10875,23.010000228881836,22.024921417236328
10876,52.88999938964844,51.350624084472656
10877,32.029998779296875,32.02248001098633
10878,32.52000045776367,30.62897300720215
10879,46.83000183105469,43.58664321899414
10880,63.099998474121094,62.98244857788086
10881,9.489999771118164,8.569259643554688
10882,21.040000915527344,19.562397003173828
10883,36.400001525878906,39.02117919921875
10884,45.849998474121094,45.611778259277344
10885,37.779998779296875,36.247581481933594
10886,8.670000076293945,7.8065876960754395
10887,76.47000122070312,69.0007095336914
10888,47.869998931884766,43.3231086730957
10889,44.29999923706055,41.39968490600586
10890,79.37000274658203,72.19812774658203
10891,24.149999618530273,23.07027816772461
10892,28.030000686645508,26.74274444580078
10893,21.239999771118164,21.875885009765625
10894,18.959999084472656,18.32449722290039
10895,17.600000381469727,18.013294219970703
10896,23.799999237060547,22.40669059753418
10897,34.9900016784668,34.29402542114258
10898,13.34000015258789,13.660362243652344
10899,25.8700008392334,23.89231300354004
10900,24.389999389648438,21.955768585205078
10901,34.209999084472656,33.08375930786133
10902,3.140000104904175,1.9163554906845093
10903,22.860000610351562,22.776002883911133
10904,19.299999237060547,19.20147705078125
10905,9.899999618530273,10.674090385437012
10906,26.709999084472656,24.427732467651367
10907,32.279998779296875,32.68931198120117
10908,19.709999084472656,17.878231048583984
10909,17.780000686645508,17.39304542541504
10910,46.15999984741211,44.2594108581543
10911,32.34000015258789,33.23237991333008
10912,26.84000015258789,25.807052612304688
10913,11.420000076293945,9.890401840209961
10914,17.18000030517578,15.988667488098145
10915,57.61000061035156,54.596923828125
10916,28.75,27.654075622558594
10917,73.5999984741211,72.34107208251953
10918,33.08000183105469,31.800569534301758
10919,37.47999954223633,39.3835334777832
10920,18.190000534057617,17.3137264251709
10921,12.199999809265137,11.226712226867676
10922,33.77000045776367,31.599239349365234
10923,23.690000534057617,22.086994171142578
10924,18.6299991607666,17.766826629638672
10925,7.130000114440918,6.269252300262451
10926,30.1200008392334,29.611669540405273
10927,4.760000228881836,3.5299854278564453
10928,5.75,4.360536098480225
10929,5.820000171661377,4.42628812789917
10930,9.609999656677246,8.390970230102539
10931,47.2400016784668,43.07440948486328
10932,29.670000076293945,27.501251220703125
10933,37.31999969482422,34.624149322509766
10934,9.4399995803833,9.981416702270508
10935,22.170000076293945,21.96186065673828
10936,31.059999465942383,30.772140502929688
10937,16.979999542236328,14.945326805114746
10938,75.58000183105469,76.1454086303711
10939,3.0,1.5365302562713623
10940,16.709999084472656,16.88606071472168
10941,8.380000114440918,7.602234363555908
10942,40.25,39.96518325805664
10943,50.5099983215332,47.65851974487305
10944,55.959999084472656,46.614749908447266
10945,18.920000076293945,17.58071517944336
10946,43.5,40.52691650390625
10947,33.689998626708984,32.38096618652344
10948,3.549999952316284,2.631166458129883
10949,50.52000045776367,51.00810241699219
10950,40.720001220703125,40.021663665771484
10951,35.5,34.88425827026367
10952,20.5,20.28276252746582
10953,41.18000030517578,41.52396774291992
10954,27.780000686645508,26.120437622070312
10955,16.25,15.477746963500977
10956,7.71999979019165,7.774048805236816
10957,68.38999938964844,66.20201873779297
10958,7.599999904632568,4.3599772453308105
10959,9.930000305175781,10.260695457458496
10960,25.209999084472656,24.135452270507812
10961,7.210000038146973,7.952843189239502
10962,76.68000030517578,68.03666687011719
10963,29.079999923706055,27.34031105041504
10964,8.40999984741211,7.485070705413818
10965,48.81999969482422,49.44813537597656
10966,26.030000686645508,25.438932418823242
10967,15.010000228881836,14.194681167602539
10968,11.600000381469727,9.616698265075684
10969,19.989999771118164,20.046131134033203
10970,16.360000610351562,16.837614059448242
10971,53.59000015258789,55.28022003173828
10972,28.540000915527344,25.96403694152832
10973,31.549999237060547,32.206504821777344
10974,22.239999771118164,20.654468536376953
10975,31.389999389648438,31.758689880371094
10976,15.069999694824219,14.204572677612305
10977,70.08000183105469,67.749267578125
10978,43.91999816894531,42.52276611328125
10979,23.989999771118164,19.16206932067871
10980,20.329999923706055,19.0484619140625
10981,41.79999923706055,39.77424240112305
10982,38.63999938964844,38.56502914428711
10983,5.179999828338623,3.70436429977417
10984,2.5299999713897705,1.8106507062911987
10985,12.649999618530273,11.49498176574707
10986,15.960000038146973,15.243151664733887
10987,2.5199999809265137,2.176445722579956
10988,26.1299991607666,23.481605529785156
10989,49.529998779296875,48.559547424316406
10990,24.1299991607666,22.310239791870117
10991,14.039999961853027,11.844291687011719
10992,48.93000030517578,49.698970794677734
10993,3.3499999046325684,2.2001750469207764
10994,29.770000457763672,27.170860290527344
10995,25.110000610351562,25.770292282104492
10996,16.799999237060547,15.164810180664062
10997,12.989999771118164,12.237934112548828
10998,5.880000114440918,6.288447380065918
10999,16.969999313354492,16.063425064086914
11000,27.0,25.86988067626953
11001,13.710000038146973,13.121735572814941
11002,32.560001373291016,30.61947250366211
11003,3.0999999046325684,2.635128974914551
11004,41.27000045776367,39.8429069519043
11005,15.130000114440918,14.348678588867188
11006,17.790000915527344,16.139911651611328
11007,28.059999465942383,26.183656692504883
11008,34.02000045776367,35.15471649169922
11009,28.270000457763672,28.27650260925293
11010,75.04000091552734,71.10770416259766
11011,38.34000015258789,34.88721466064453
11012,7.989999771118164,6.3577446937561035
11013,20.170000076293945,20.508956909179688
11014,18.65999984741211,17.446889877319336
11015,18.940000534057617,18.81658363342285
11016,24.190000534057617,23.00339126586914
11017,68.33000183105469,67.14952850341797
11018,4.849999904632568,3.975726842880249
11019,37.709999084472656,34.677433013916016
11020,26.729999542236328,25.489524841308594
11021,30.010000228881836,31.819602966308594
11022,29.75,27.276538848876953
11023,26.229999542236328,26.99068260192871
11024,42.5,40.06559753417969
11025,19.270000457763672,17.398977279663086
11026,36.58000183105469,37.123329162597656
11027,9.119999885559082,9.0110445022583
11028,18.200000762939453,16.691747665405273
11029,14.1899995803833,12.505419731140137
11030,12.390000343322754,10.4239501953125
11031,44.630001068115234,46.205833435058594
11032,22.010000228881836,21.40650177001953
11033,8.710000038146973,9.337347984313965
11034,49.220001220703125,47.00071334838867
11035,48.040000915527344,45.13008117675781
11036,20.1200008392334,19.38066291809082
11037,38.4900016784668,36.33075714111328
11038,23.6299991607666,22.71660041809082
11039,66.76000213623047,63.459800720214844
11040,21.670000076293945,20.850852966308594
11041,15.010000228881836,13.702560424804688
11042,46.529998779296875,46.17182922363281
11043,42.72999954223633,41.52378845214844
11044,9.34000015258789,8.451108932495117
11045,26.6200008392334,26.27935791015625
11046,36.560001373291016,34.590248107910156
11047,50.77000045776367,49.34967803955078
11048,10.130000114440918,9.416085243225098
11049,14.710000038146973,13.419026374816895
11050,12.84000015258789,12.236448287963867
11051,12.479999542236328,9.352228164672852
11052,33.9900016784668,31.576435089111328
11053,54.650001525878906,53.42639923095703
11054,24.790000915527344,22.742870330810547
11055,27.440000534057617,26.698564529418945
11056,4.619999885559082,3.7592313289642334
11057,39.43000030517578,35.151390075683594
11058,41.47999954223633,40.96653747558594
11059,48.54999923706055,44.145774841308594
11060,44.560001373291016,44.23651123046875
11061,10.350000381469727,9.872237205505371
11062,12.9399995803833,12.158080101013184
11063,63.04999923706055,59.11112976074219
11064,21.25,22.127222061157227
11065,22.809999465942383,26.904373168945312
11066,23.270000457763672,22.324443817138672
11067,13.050000190734863,11.941032409667969
11068,69.87000274658203,64.15938568115234
11069,33.65999984741211,31.665321350097656
11070,28.709999084472656,26.42575454711914
11071,15.510000228881836,15.367351531982422
11072,19.75,17.828508377075195
11073,39.540000915527344,44.45470428466797
11074,44.20000076293945,40.863548278808594
11075,36.15999984741211,34.06547546386719
11076,67.05999755859375,63.440975189208984
11077,71.01000213623047,69.83822631835938
11078,7.230000019073486,6.939138412475586
11079,13.779999732971191,12.568126678466797
11080,16.950000762939453,15.85614013671875
11081,9.289999961853027,8.076315879821777
11082,7.489999771118164,7.059151649475098
11083,12.630000114440918,11.373296737670898
11084,57.65999984741211,56.614646911621094
11085,13.6899995803833,12.645922660827637
11086,25.950000762939453,24.789661407470703
11087,16.540000915527344,15.055325508117676
11088,29.209999084472656,26.33180046081543
11089,39.56999969482422,37.245269775390625
11090,18.06999969482422,17.11322784423828
11091,19.270000457763672,17.650054931640625
11092,23.479999542236328,22.90517807006836
11093,44.970001220703125,44.68501281738281
11094,13.899999618530273,11.866220474243164
11095,19.139999389648438,17.478090286254883
11096,41.02000045776367,39.98388671875
11097,52.209999084472656,53.620445251464844
11098,26.389999389648438,24.65591049194336
11099,65.83999633789062,63.13816452026367
11100,68.33000183105469,67.0896987915039
11101,26.100000381469727,25.339427947998047
11102,46.7599983215332,44.0076789855957
11103,36.029998779296875,35.75966262817383
11104,17.959999084472656,17.864748001098633
11105,30.790000915527344,31.8438777923584
11106,36.599998474121094,38.35602569580078
11107,60.13999938964844,63.10319900512695
11108,47.04999923706055,45.62105178833008
11109,30.75,32.20889663696289
11110,39.959999084472656,38.364383697509766
11111,11.65999984741211,10.801558494567871
11112,11.979999542236328,10.28410816192627
11113,30.65999984741211,29.505863189697266
11114,5.510000228881836,4.107680797576904
11115,34.11000061035156,34.246578216552734
11116,42.15999984741211,44.3902587890625
11117,39.47999954223633,39.79479217529297
11118,8.630000114440918,8.307052612304688
11119,51.5099983215332,46.505584716796875
11120,12.890000343322754,11.316278457641602
11121,27.450000762939453,27.104101181030273
11122,34.310001373291016,33.85117721557617
11123,39.0099983215332,41.7397575378418
11124,73.5,69.79180145263672
11125,19.100000381469727,17.348636627197266
11126,13.0,12.560999870300293
11127,14.319999694824219,12.979009628295898
11128,8.529999732971191,8.780900955200195
11129,22.690000534057617,21.435762405395508
11130,20.149999618530273,18.537940979003906
11131,32.70000076293945,31.426227569580078
11132,26.90999984741211,26.22226333618164
11133,11.770000457763672,10.477227210998535
11134,31.049999237060547,30.67908477783203
11135,40.970001220703125,41.182090759277344
11136,15.8100004196167,15.792325973510742
11137,35.16999816894531,34.01653289794922
11138,10.239999771118164,9.412209510803223
11139,25.440000534057617,24.455646514892578
11140,21.170000076293945,18.988962173461914
11141,14.930000305175781,14.105688095092773
11142,12.989999771118164,12.38905143737793
11143,44.099998474121094,42.77268600463867
11144,64.08000183105469,64.50572204589844
11145,60.130001068115234,60.915016174316406
11146,79.9800033569336,73.2649154663086
11147,39.33000183105469,35.40292739868164
11148,29.850000381469727,28.058361053466797
11149,6.659999847412109,5.547317981719971
11150,32.279998779296875,32.67628860473633
11151,22.239999771118164,22.286178588867188
11152,35.15999984741211,33.61457824707031
11153,16.190000534057617,15.680049896240234
11154,32.52000045776367,34.99085235595703
11155,20.260000228881836,18.60811996459961
11156,19.579999923706055,20.560884475708008
11157,25.510000228881836,25.470111846923828
11158,11.869999885559082,11.028742790222168
11159,19.649999618530273,19.0787296295166
11160,6.239999771118164,5.11604118347168
11161,4.610000133514404,3.4887032508850098
11162,32.56999969482422,30.856529235839844
11163,44.84000015258789,45.29571533203125
11164,46.310001373291016,45.554412841796875
11165,50.11000061035156,47.796539306640625
11166,54.75,51.49742126464844
11167,8.0,8.034006118774414
11168,19.040000915527344,17.285980224609375
11169,29.100000381469727,29.19186019897461
11170,15.09000015258789,13.8989839553833
11171,49.18000030517578,48.19319152832031
11172,37.119998931884766,35.096923828125
11173,23.8700008392334,25.009178161621094
11174,14.899999618530273,13.09790325164795
11175,49.59000015258789,51.18688201904297
11176,35.209999084472656,36.12006759643555
11177,19.15999984741211,18.52712631225586
11178,24.610000610351562,25.338197708129883
11179,46.040000915527344,47.6031608581543
11180,7.03000020980835,6.038818836212158
11181,30.8700008392334,30.462451934814453
11182,52.439998626708984,48.05889892578125
11183,33.88999938964844,33.38849639892578
11184,40.4900016784668,39.115806579589844
11185,11.5,11.166669845581055
11186,38.040000915527344,38.132232666015625
11187,15.010000228881836,13.879680633544922
11188,43.310001373291016,41.06346893310547
11189,22.850000381469727,22.205150604248047
11190,57.7400016784668,56.6344108581543
11191,36.88999938964844,38.5817985534668
11192,38.349998474121094,39.747318267822266
11193,50.650001525878906,45.77350997924805
11194,23.450000762939453,21.837827682495117
11195,22.690000534057617,21.986434936523438
11196,2.9600000381469727,2.7718372344970703
11197,9.180000305175781,7.749551773071289
11198,12.489999771118164,11.886817932128906
11199,2.140000104904175,1.0861625671386719
11200,48.91999816894531,47.408302307128906
11201,37.97999954223633,36.64714431762695
11202,21.959999084472656,21.13808250427246
11203,39.119998931884766,37.97587585449219
11204,18.979999542236328,17.42389678955078
11205,12.109999656677246,10.881148338317871
11206,18.329999923706055,16.982858657836914
11207,36.40999984741211,39.05677032470703
11208,26.170000076293945,24.8221435546875
11209,6.570000171661377,4.880980968475342
11210,45.619998931884766,45.34918975830078
11211,22.110000610351562,22.414077758789062
11212,1.3899999856948853,1.6826082468032837
11213,9.859999656677246,8.699565887451172
11214,25.56999969482422,25.191139221191406
11215,35.25,34.01409149169922
11216,17.3700008392334,15.298356056213379
11217,19.229999542236328,18.25997543334961
11218,23.440000534057617,21.946250915527344
11219,48.52000045776367,46.823455810546875
11220,54.43000030517578,55.951507568359375
11221,44.869998931884766,43.135684967041016
11222,9.8100004196167,8.928506851196289
11223,5.409999847412109,4.455211639404297
11224,16.229999542236328,16.08530044555664
11225,10.8100004196167,9.363490104675293
11226,29.899999618530273,28.57209587097168
11227,11.829999923706055,11.40314769744873
11228,44.880001068115234,42.3994140625
11229,30.989999771118164,27.285667419433594
11230,47.720001220703125,48.294925689697266
11231,79.44999694824219,73.8134765625
11232,16.059999465942383,15.162236213684082
11233,18.81999969482422,16.4608097076416
11234,25.93000030517578,25.475078582763672
11235,37.220001220703125,36.10783004760742
11236,22.75,22.704648971557617
11237,40.279998779296875,39.397193908691406
11238,30.170000076293945,28.448062896728516
11239,3.4000000953674316,2.3353896141052246
11240,40.540000915527344,39.07368087768555
11241,6.570000171661377,5.390796184539795
11242,11.0600004196167,10.329629898071289
11243,13.34000015258789,12.075389862060547
11244,72.05000305175781,71.4665756225586
11245,6.21999979019165,6.720618724822998
11246,13.710000038146973,12.417391777038574
11247,34.0099983215332,33.568565368652344
11248,31.690000534057617,32.001285552978516
11249,10.479999542236328,9.208061218261719
11250,23.1299991607666,21.975135803222656
11251,45.810001373291016,46.27294158935547
11252,69.0199966430664,70.28707885742188
11253,32.7599983215332,32.46592712402344
11254,14.140000343322754,12.936163902282715
11255,28.950000762939453,26.729318618774414
11256,16.34000015258789,15.560664176940918
11257,50.13999938964844,48.13457107543945
11258,25.649999618530273,24.96334457397461
11259,49.029998779296875,46.964683532714844
11260,8.119999885559082,7.239096641540527
11261,32.84000015258789,33.062965393066406
11262,49.790000915527344,52.001644134521484
11263,47.02000045776367,43.92030334472656
11264,46.029998779296875,46.70765686035156
11265,32.47999954223633,32.875732421875
11266,31.059999465942383,28.292211532592773
11267,3.259999990463257,2.2460029125213623
11268,6.550000190734863,5.6346306800842285
11269,10.59000015258789,10.629483222961426
11270,56.2400016784668,58.525333404541016
11271,72.58999633789062,70.05368041992188
11272,4.510000228881836,3.6295409202575684
11273,4.800000190734863,3.087811231613159
11274,39.5,34.966773986816406
11275,18.610000610351562,16.95094871520996
11276,12.010000228881836,10.759867668151855
11277,19.670000076293945,18.439239501953125
11278,17.709999084472656,15.783116340637207
11279,58.29999923706055,59.5129508972168
11280,39.970001220703125,40.290252685546875
11281,16.40999984741211,15.693671226501465
11282,3.759999990463257,2.506542921066284
11283,30.18000030517578,30.930431365966797
11284,14.210000038146973,12.939334869384766
11285,38.4900016784668,36.17735290527344
11286,1.3600000143051147,1.1978838443756104
11287,33.220001220703125,32.52165603637695
11288,25.579999923706055,25.058374404907227
11289,17.56999969482422,16.979894638061523
11290,21.639999389648438,20.898910522460938
11291,18.1299991607666,17.049779891967773
11292,26.309999465942383,23.977630615234375
11293,46.36000061035156,44.96286392211914
11294,36.27000045776367,37.22148895263672
11295,19.030000686645508,19.471210479736328
11296,9.859999656677246,9.210665702819824
11297,51.41999816894531,53.06971740722656
11298,15.960000038146973,14.583952903747559
11299,51.349998474121094,49.40059280395508
11300,30.530000686645508,29.18307113647461
11301,71.20999908447266,70.0140609741211
11302,26.610000610351562,23.49636459350586
11303,35.22999954223633,36.17177963256836
11304,6.860000133514404,6.563388824462891
11305,19.540000915527344,18.325881958007812
11306,10.970000267028809,10.45499324798584
11307,38.25,36.3238525390625
11308,15.770000457763672,14.976244926452637
11309,14.039999961853027,12.586593627929688
11310,44.310001373291016,41.78861999511719
11311,33.209999084472656,34.40928649902344
11312,15.529999732971191,15.204361915588379
11313,3.9000000953674316,2.9751334190368652
11314,5.610000133514404,5.43134069442749
11315,16.309999465942383,15.851977348327637
11316,14.220000267028809,13.35840129852295
11317,26.760000228881836,26.4832820892334
11318,40.290000915527344,39.34453582763672
11319,4.460000038146973,3.199406623840332
11320,16.520000457763672,16.116252899169922
11321,61.7400016784668,60.39100646972656
11322,30.690000534057617,30.0374755859375
11323,28.280000686645508,26.86726188659668
11324,19.43000030517578,18.446441650390625
11325,20.06999969482422,18.869600296020508
11326,8.289999961853027,7.247898101806641
11327,38.2400016784668,38.547203063964844
11328,3.809999942779541,2.8424086570739746
11329,12.3100004196167,11.408220291137695
11330,20.559999465942383,20.987457275390625
11331,37.7400016784668,37.28617477416992
11332,17.649999618530273,16.723867416381836
11333,22.450000762939453,22.285966873168945
11334,54.45000076293945,53.522315979003906
11335,46.40999984741211,46.067874908447266
11336,3.740000009536743,2.5459113121032715
11337,44.5099983215332,44.05876922607422
11338,49.83000183105469,46.857086181640625
11339,79.58999633789062,75.66236877441406
11340,50.470001220703125,51.14974594116211
11341,6.019999980926514,4.4141435623168945
11342,25.760000228881836,24.78801918029785
11343,30.420000076293945,28.485462188720703
11344,6.0,5.8398284912109375
11345,66.52999877929688,62.40311813354492
11346,4.570000171661377,3.614710807800293
11347,33.310001373291016,31.25347900390625
11348,51.45000076293945,51.50658416748047
11349,26.459999084472656,25.16016960144043
11350,9.149999618530273,7.37609338760376
11351,14.220000267028809,13.83642292022705
11352,8.210000038146973,8.424859046936035
11353,21.510000228881836,20.808597564697266
11354,25.350000381469727,25.272235870361328
11355,37.20000076293945,38.958641052246094
11356,9.210000038146973,8.044005393981934
11357,29.780000686645508,28.063636779785156
11358,42.279998779296875,38.72419738769531
11359,16.610000610351562,15.524696350097656
11360,61.16999816894531,60.22126007080078
11361,5.559999942779541,5.349030494689941
11362,9.1899995803833,8.268464088439941
11363,30.979999542236328,28.482192993164062
11364,11.970000267028809,11.600486755371094
11365,25.559999465942383,25.007606506347656
11366,63.91999816894531,66.64631652832031
11367,23.969999313354492,21.46343231201172
11368,32.16999816894531,30.70281410217285
11369,20.8700008392334,20.939998626708984
11370,14.109999656677246,12.438796043395996
11371,18.059999465942383,17.06105613708496
11372,58.779998779296875,56.708248138427734
11373,42.459999084472656,42.944664001464844
11374,38.95000076293945,38.95811462402344
11375,7.059999942779541,4.9479851722717285
11376,14.270000457763672,13.283117294311523
11377,54.7599983215332,53.832454681396484
11378,24.459999084472656,24.215097427368164
11379,3.700000047683716,2.6025168895721436
11380,57.849998474121094,57.048439025878906
11381,7.960000038146973,8.428461074829102
11382,20.709999084472656,19.210853576660156
11383,20.959999084472656,22.024280548095703
11384,32.029998779296875,31.00084686279297
11385,52.7400016784668,52.491065979003906
11386,24.479999542236328,21.903871536254883
11387,33.47999954223633,33.027549743652344
11388,18.229999542236328,17.546323776245117
11389,21.75,20.24540901184082
11390,8.84000015258789,8.725018501281738
11391,29.329999923706055,30.626808166503906
11392,9.649999618530273,9.921065330505371
11393,44.97999954223633,45.29766845703125
11394,18.559999465942383,18.3778018951416
11395,50.58000183105469,48.32428741455078
11396,1.4700000286102295,1.4047380685806274
11397,20.899999618530273,19.72694206237793
11398,24.3799991607666,22.505508422851562
11399,36.63999938964844,36.274478912353516
11400,49.65999984741211,48.6006965637207
11401,37.41999816894531,35.65626525878906
11402,46.349998474121094,45.01994323730469
11403,7.130000114440918,6.1766839027404785
11404,11.970000267028809,11.866289138793945
11405,51.54999923706055,48.92317581176758
11406,10.529999732971191,9.577500343322754
11407,6.550000190734863,5.6168107986450195
11408,14.119999885559082,13.76499080657959
11409,37.08000183105469,35.119468688964844
11410,58.77000045776367,60.28317642211914
11411,22.90999984741211,22.42208480834961
11412,61.22999954223633,55.67633819580078
11413,30.59000015258789,30.2854061126709
11414,40.470001220703125,38.70492935180664
11415,19.739999771118164,19.444255828857422
11416,30.309999465942383,29.322906494140625
11417,39.630001068115234,42.733612060546875
11418,36.650001525878906,35.45725631713867
11419,37.7599983215332,36.083370208740234
11420,4.03000020980835,3.5077176094055176
11421,13.069999694824219,12.283449172973633
11422,45.470001220703125,46.6700439453125
11423,15.779999732971191,15.192402839660645
11424,51.70000076293945,50.88548278808594
11425,32.119998931884766,28.438671112060547
11426,5.139999866485596,3.385530710220337
11427,18.209999084472656,16.047840118408203
11428,25.34000015258789,23.453475952148438
11429,24.90999984741211,25.824769973754883
11430,21.639999389648438,21.698549270629883
11431,13.550000190734863,12.699792861938477
11432,24.450000762939453,24.334644317626953
11433,35.54999923706055,31.999408721923828
11434,20.479999542236328,19.978940963745117
11435,25.65999984741211,21.34761619567871
11436,20.639999389648438,20.084442138671875
11437,71.56999969482422,66.39251708984375
11438,35.91999816894531,36.92729568481445
11439,20.520000457763672,19.638395309448242
11440,50.97999954223633,48.33155059814453
11441,54.709999084472656,51.37347412109375
11442,16.610000610351562,15.628640174865723
11443,24.079999923706055,17.792709350585938
11444,46.869998931884766,45.91164779663086
11445,26.1299991607666,24.674680709838867
11446,24.079999923706055,22.3878173828125
11447,37.86000061035156,38.009559631347656
11448,7.119999885559082,5.169623374938965
11449,39.59000015258789,36.944374084472656
11450,21.329999923706055,19.039657592773438
11451,22.219999313354492,20.793968200683594
11452,15.890000343322754,14.193867683410645
11453,19.1200008392334,20.183542251586914
11454,12.270000457763672,12.089486122131348
11455,11.680000305175781,11.079092979431152
11456,10.430000305175781,9.916169166564941
11457,47.470001220703125,46.07388687133789
11458,77.20999908447266,71.42047882080078
11459,27.639999389648438,26.99279022216797
11460,46.09000015258789,44.7477912902832
11461,53.0099983215332,58.07785415649414
11462,34.31999969482422,34.2763671875
11463,73.37000274658203,70.26195526123047
11464,21.950000762939453,21.075529098510742
11465,64.80999755859375,61.1313591003418
11466,13.850000381469727,13.179644584655762
11467,51.369998931884766,49.94050598144531
11468,34.47999954223633,34.02014923095703
11469,32.720001220703125,32.79203796386719
11470,12.850000381469727,11.956743240356445
11471,3.7100000381469727,1.7588980197906494
11472,11.1899995803833,8.694010734558105
11473,22.31999969482422,22.186038970947266
11474,24.299999237060547,25.677120208740234
11475,49.56999969482422,47.300933837890625
11476,5.590000152587891,4.658309459686279
11477,21.049999237060547,19.929643630981445
11478,8.3100004196167,8.366600036621094
11479,27.899999618530273,26.478792190551758
11480,39.02000045776367,37.176780700683594
11481,22.93000030517578,21.863025665283203
11482,13.5600004196167,12.664863586425781
11483,4.510000228881836,3.2375388145446777
11484,28.950000762939453,28.177621841430664
11485,71.62000274658203,66.97828674316406
11486,21.899999618530273,22.855247497558594
11487,44.11000061035156,38.87961959838867
11488,14.699999809265137,13.441004753112793
11489,8.220000267028809,7.762067794799805
11490,39.349998474121094,36.707820892333984
11491,18.219999313354492,17.134689331054688
11492,4.929999828338623,4.7646355628967285
11493,21.1299991607666,20.7449893951416
11494,40.959999084472656,40.1436767578125
11495,23.149999618530273,21.729286193847656
11496,13.859999656677246,12.684078216552734
11497,26.93000030517578,27.306854248046875
11498,51.099998474121094,50.938697814941406
11499,29.049999237060547,27.42380142211914
11500,28.6299991607666,26.299306869506836
11501,32.20000076293945,31.931377410888672
11502,19.90999984741211,19.678407669067383
11503,15.369999885559082,14.461424827575684
11504,25.59000015258789,22.64126205444336
11505,80.44999694824219,67.1079330444336
11506,23.959999084472656,23.095844268798828
11507,32.04999923706055,32.31711959838867
11508,35.04999923706055,33.785888671875
11509,17.18000030517578,16.89632797241211
11510,31.450000762939453,27.58349609375
11511,30.8799991607666,29.548765182495117
11512,40.34000015258789,33.538597106933594
11513,20.479999542236328,19.30140495300293
11514,26.719999313354492,26.473562240600586
11515,22.8700008392334,22.752201080322266
11516,38.709999084472656,40.66986083984375
11517,1.0299999713897705,1.1311523914337158
11518,52.93000030517578,51.43305969238281
11519,7.820000171661377,6.42368221282959
11520,10.720000267028809,9.675971031188965
11521,13.09000015258789,12.588610649108887
11522,22.260000228881836,20.62195587158203
11523,22.030000686645508,20.07678985595703
11524,30.8799991607666,32.01591873168945
11525,30.780000686645508,28.42443084716797
11526,60.47999954223633,60.85483932495117
11527,47.70000076293945,43.772037506103516
11528,5.590000152587891,2.2226831912994385
11529,8.640000343322754,7.5404863357543945
11530,26.829999923706055,22.83959197998047
11531,31.549999237060547,34.8221549987793
11532,16.260000228881836,14.830950736999512
11533,9.079999923706055,8.539159774780273
11534,26.829999923706055,24.79755973815918
11535,48.0,47.34428405761719
11536,4.199999809265137,3.050654649734497
11537,21.959999084472656,21.027978897094727
11538,19.649999618530273,18.42865753173828
11539,25.719999313354492,25.20082664489746
11540,76.20999908447266,58.89984893798828
11541,38.529998779296875,41.61524963378906
11542,25.40999984741211,25.05943489074707
11543,18.149999618530273,18.460708618164062
11544,55.08000183105469,57.994773864746094
11545,19.799999237060547,17.934349060058594
11546,47.58000183105469,44.687252044677734
11547,33.45000076293945,28.471609115600586
11548,14.0600004196167,12.672985076904297
11549,37.40999984741211,31.71622085571289
11550,18.200000762939453,16.886571884155273
11551,29.979999542236328,26.429027557373047
11552,23.15999984741211,21.083396911621094
11553,42.93000030517578,44.999176025390625
11554,56.20000076293945,55.631309509277344
11555,44.79999923706055,41.93212127685547
11556,13.079999923706055,11.83647632598877
11557,13.069999694824219,11.633879661560059
11558,16.670000076293945,15.460536003112793
11559,22.260000228881836,21.21605110168457
11560,37.77000045776367,35.0504150390625
11561,27.200000762939453,25.96804428100586
11562,22.3700008392334,18.63634490966797
11563,52.959999084472656,50.761680603027344
11564,15.180000305175781,15.520547866821289
11565,24.31999969482422,23.316699981689453
11566,32.7599983215332,31.218311309814453
11567,30.399999618530273,27.132003784179688
11568,8.869999885559082,7.649692535400391
11569,38.16999816894531,38.15057373046875
11570,26.8700008392334,24.8518123626709
11571,27.360000610351562,25.40648078918457
11572,26.729999542236328,25.021446228027344
11573,32.849998474121094,33.29956817626953
11574,4.880000114440918,2.683260679244995
11575,25.3799991607666,23.995882034301758
11576,32.380001068115234,35.196189880371094
11577,15.640000343322754,14.81324291229248
11578,34.58000183105469,34.313621520996094
11579,22.75,21.156490325927734
11580,32.650001525878906,30.8171443939209
11581,25.739999771118164,23.595867156982422
11582,8.739999771118164,8.18537425994873
11583,10.260000228881836,8.955320358276367
11584,28.31999969482422,28.62751007080078
11585,14.739999771118164,13.793482780456543
11586,21.770000457763672,20.82947540283203
11587,28.850000381469727,28.90168571472168
11588,51.060001373291016,53.38555908203125
11589,11.760000228881836,11.756545066833496
11590,19.600000381469727,17.093048095703125
11591,13.460000038146973,12.958158493041992
11592,29.399999618530273,29.14160919189453
11593,25.170000076293945,22.431655883789062
11594,9.859999656677246,9.918631553649902
11595,23.149999618530273,21.8723087310791
11596,46.939998626708984,44.59859085083008
11597,31.229999542236328,29.0177059173584
11598,13.680000305175781,13.015868186950684
11599,68.25,66.37747192382812
11600,47.0099983215332,44.80255126953125
11601,9.989999771118164,8.998801231384277
11602,14.260000228881836,12.093830108642578
11603,42.93000030517578,42.260658264160156
11604,7.409999847412109,6.270573616027832
11605,3.630000114440918,3.599766731262207
11606,10.520000457763672,9.49246597290039
11607,37.720001220703125,34.68720245361328
11608,9.5,9.020217895507812
11609,35.41999816894531,32.76238250732422
11610,47.40999984741211,45.348670959472656
11611,5.820000171661377,5.168699264526367
11612,15.270000457763672,13.881254196166992
11613,34.91999816894531,34.4542236328125
11614,40.08000183105469,38.545677185058594
11615,18.709999084472656,17.824066162109375
11616,32.16999816894531,31.26126480102539
11617,72.30999755859375,73.53600311279297
11618,36.43000030517578,32.44849395751953
11619,44.619998931884766,42.45504379272461
11620,24.549999237060547,23.726600646972656
11621,64.81999969482422,65.9154052734375
11622,43.41999816894531,44.31219482421875
11623,23.219999313354492,22.141870498657227
11624,28.549999237060547,27.9959716796875
11625,38.91999816894531,37.48176956176758
11626,40.9900016784668,40.72773361206055
11627,27.760000228881836,26.442235946655273
11628,19.940000534057617,17.684614181518555
11629,50.34000015258789,45.97760009765625
11630,29.09000015258789,27.562360763549805
11631,46.97999954223633,47.58465576171875
11632,39.13999938964844,36.50660705566406
11633,2.609999895095825,1.0859283208847046
11634,40.7599983215332,40.442840576171875
11635,13.720000267028809,13.654634475708008
11636,31.3700008392334,30.58340835571289
11637,42.380001068115234,41.56706619262695
11638,30.610000610351562,30.55607032775879
11639,11.210000038146973,11.120447158813477
11640,20.40999984741211,19.36969757080078
11641,63.279998779296875,63.65931701660156
11642,34.20000076293945,38.326805114746094
11643,30.100000381469727,29.682600021362305
11644,72.6500015258789,71.31990051269531
11645,44.0099983215332,44.29293441772461
11646,44.900001525878906,44.70536804199219
11647,12.720000267028809,12.160255432128906
11648,52.709999084472656,46.49650955200195
11649,63.150001525878906,60.57556915283203
11650,15.460000038146973,14.239463806152344
11651,8.170000076293945,7.144554615020752
11652,77.7300033569336,76.15872192382812
11653,32.0099983215332,31.345821380615234
11654,29.149999618530273,28.972328186035156
11655,9.319999694824219,8.049152374267578
11656,34.599998474121094,33.36982345581055
11657,54.810001373291016,53.94993591308594
11658,48.939998626708984,49.04425048828125
11659,17.43000030517578,16.67849349975586
11660,24.530000686645508,23.76495361328125
11661,8.920000076293945,7.881221294403076
11662,36.0,32.38630676269531
11663,48.06999969482422,53.2672233581543
11664,55.380001068115234,53.51799011230469
11665,11.329999923706055,10.3071928024292
11666,4.409999847412109,4.664911270141602
11667,14.420000076293945,13.217354774475098
11668,11.039999961853027,10.657564163208008
11669,18.989999771118164,18.391469955444336
11670,5.110000133514404,4.239201068878174
11671,45.630001068115234,42.92763137817383
11672,24.56999969482422,24.65683364868164
11673,12.5,11.189931869506836
11674,13.5600004196167,12.941110610961914
11675,27.219999313354492,26.0388126373291
11676,13.15999984741211,12.704846382141113
11677,22.030000686645508,21.52528953552246
11678,32.779998779296875,31.572925567626953
11679,24.200000762939453,23.037242889404297
11680,4.980000019073486,3.115518093109131
11681,24.59000015258789,22.514619827270508
11682,54.689998626708984,56.36687469482422
11683,18.100000381469727,17.07832145690918
11684,22.760000228881836,22.128185272216797
11685,10.119999885559082,8.77160358428955
11686,17.790000915527344,17.344058990478516
11687,14.3100004196167,13.220501899719238
11688,9.0,7.689666271209717
11689,29.34000015258789,27.852214813232422
11690,49.619998931884766,50.712791442871094
11691,51.959999084472656,47.56177520751953
11692,7.309999942779541,6.350116729736328
11693,25.559999465942383,23.31011962890625
11694,35.34000015258789,33.08992385864258
11695,24.209999084472656,21.656394958496094
11696,20.15999984741211,19.037960052490234
11697,6.159999847412109,4.822960376739502
11698,39.97999954223633,36.05426788330078
11699,13.710000038146973,13.424598693847656
11700,28.450000762939453,26.345298767089844
11701,42.11000061035156,40.19557571411133
11702,32.65999984741211,31.6307315826416
11703,3.609999895095825,3.7432732582092285
11704,79.72000122070312,75.93876647949219
11705,30.219999313354492,30.662513732910156
11706,56.08000183105469,53.17088317871094
11707,8.289999961853027,6.716048717498779
11708,13.640000343322754,13.021846771240234
11709,57.150001525878906,54.38087463378906
11710,25.420000076293945,23.389263153076172
11711,35.95000076293945,35.805137634277344
11712,31.219999313354492,30.20205307006836
11713,35.869998931884766,33.540367126464844
11714,43.209999084472656,41.463035583496094
11715,19.989999771118164,18.437406539916992
11716,42.56999969482422,40.47149658203125
11717,51.5099983215332,49.998146057128906
11718,21.459999084472656,18.557016372680664
11719,24.190000534057617,23.102813720703125
11720,32.7400016784668,33.486732482910156
11721,39.81999969482422,38.30354690551758
11722,35.400001525878906,34.510501861572266
11723,60.20000076293945,59.59662628173828
11724,49.529998779296875,47.39720153808594
11725,30.350000381469727,31.112380981445312
11726,17.010000228881836,15.15554141998291
11727,32.38999938964844,31.034881591796875
11728,47.959999084472656,48.48817825317383
11729,55.86000061035156,52.44611740112305
11730,4.190000057220459,4.643392562866211
11731,16.450000762939453,15.148721694946289
11732,19.079999923706055,17.89015007019043
11733,8.420000076293945,8.66154956817627
11734,40.31999969482422,33.28093338012695
11735,33.56999969482422,31.842544555664062
11736,8.920000076293945,7.920099258422852
11737,28.760000228881836,27.738805770874023
11738,40.29999923706055,40.86077117919922
11739,40.150001525878906,40.30349349975586
11740,24.540000915527344,23.983810424804688
11741,4.539999961853027,3.214066505432129
11742,49.20000076293945,49.51466751098633
11743,10.680000305175781,9.669005393981934
11744,4.389999866485596,3.482408285140991
11745,41.369998931884766,40.38262176513672
11746,19.799999237060547,19.217626571655273
11747,16.709999084472656,15.980575561523438
11748,20.65999984741211,19.369956970214844
11749,18.31999969482422,17.302303314208984
11750,10.989999771118164,9.562638282775879
11751,19.940000534057617,18.89694595336914
11752,63.220001220703125,55.25917434692383
11753,31.81999969482422,30.15744400024414
11754,32.81999969482422,33.07566833496094
11755,43.58000183105469,42.11125564575195
11756,23.829999923706055,22.3150577545166
11757,45.83000183105469,43.04348373413086
11758,13.720000267028809,15.20244312286377
11759,60.5,61.18910598754883
11760,18.59000015258789,17.133296966552734
11761,16.030000686645508,15.193584442138672
11762,11.380000114440918,10.70732307434082
11763,43.029998779296875,40.39254379272461
11764,9.420000076293945,8.808304786682129
11765,41.939998626708984,38.776554107666016
11766,5.059999942779541,5.0339860916137695
11767,51.959999084472656,50.950748443603516
11768,46.56999969482422,46.220130920410156
11769,10.5600004196167,9.507862091064453
11770,37.099998474121094,36.152652740478516
11771,24.459999084472656,23.694782257080078
11772,5.019999980926514,1.9868452548980713
11773,35.41999816894531,33.37187957763672
11774,12.199999809265137,9.311637878417969
11775,11.199999809265137,10.459641456604004
11776,14.170000076293945,14.260017395019531
11777,52.97999954223633,52.48189163208008
11778,36.63999938964844,33.308074951171875
11779,7.760000228881836,6.765783309936523
11780,7.769999980926514,7.18450403213501
11781,9.430000305175781,7.516050338745117
11782,21.1299991607666,18.650314331054688
11783,33.68000030517578,32.23903274536133
11784,21.969999313354492,21.796772003173828
11785,8.899999618530273,7.589775085449219
11786,22.65999984741211,22.4238224029541
11787,29.729999542236328,28.53382110595703
11788,8.229999542236328,6.959923267364502
11789,78.45999908447266,75.23778533935547
11790,11.529999732971191,10.857512474060059
11791,18.219999313354492,16.144760131835938
11792,49.560001373291016,49.00769805908203
11793,17.190000534057617,16.497987747192383
11794,30.420000076293945,27.22270393371582
11795,41.130001068115234,39.956268310546875
11796,32.310001373291016,30.592191696166992
11797,17.3799991607666,17.238821029663086
11798,40.400001525878906,40.205078125
11799,27.690000534057617,27.369293212890625
11800,14.050000190734863,12.737897872924805
11801,20.229999542236328,19.28628921508789
11802,51.22999954223633,55.122581481933594
11803,5.849999904632568,5.593492031097412
11804,31.549999237060547,29.880517959594727
11805,43.459999084472656,46.26164245605469
11806,16.010000228881836,14.755562782287598
11807,35.63999938964844,31.095294952392578
11808,26.020000457763672,25.730693817138672
11809,13.420000076293945,12.160028457641602
11810,21.209999084472656,19.820690155029297
11811,9.220000267028809,7.852611541748047
11812,18.3799991607666,17.308353424072266
11813,38.279998779296875,35.88178253173828
11814,39.959999084472656,38.20465087890625
11815,3.549999952316284,4.187222957611084
11816,17.200000762939453,16.332073211669922
11817,14.550000190734863,13.80520248413086
11818,36.45000076293945,34.89790344238281
11819,4.170000076293945,3.4094271659851074
11820,2.549999952316284,2.0587944984436035
11821,12.970000267028809,10.83177375793457
11822,26.700000762939453,25.670093536376953
11823,32.650001525878906,32.86068344116211
11824,19.06999969482422,18.474031448364258
11825,67.12000274658203,61.518802642822266
11826,51.689998626708984,47.178714752197266
11827,6.829999923706055,1.9331070184707642
11828,17.200000762939453,14.493035316467285
11829,16.3700008392334,17.016036987304688
11830,33.18000030517578,30.683780670166016
11831,10.140000343322754,8.51494026184082
11832,10.850000381469727,10.62961196899414
11833,40.0,36.82859802246094
11834,19.350000381469727,17.556743621826172
11835,4.519999980926514,8.099639892578125
11836,30.06999969482422,27.56783676147461
11837,14.569999694824219,13.407841682434082
11838,0.6299999952316284,2.01094913482666
11839,19.020000457763672,17.497676849365234
11840,20.520000457763672,19.14606475830078
11841,18.40999984741211,17.214418411254883
11842,6.679999828338623,6.819700241088867
11843,53.790000915527344,54.71687316894531
11844,34.209999084472656,36.06092071533203
11845,36.5099983215332,34.324974060058594
11846,9.970000267028809,10.258438110351562
11847,36.369998931884766,34.64516830444336
11848,23.09000015258789,22.858951568603516
11849,21.049999237060547,19.919315338134766
11850,39.630001068115234,37.46424865722656
11851,41.529998779296875,39.38844299316406
11852,21.280000686645508,21.516267776489258
11853,32.849998474121094,34.05340576171875
11854,31.020000457763672,30.22311019897461
11855,20.90999984741211,20.19440269470215
11856,34.25,40.955081939697266
11857,30.850000381469727,31.116159439086914
11858,11.829999923706055,10.89592170715332
11859,42.369998931884766,41.36157989501953
11860,52.06999969482422,51.62488555908203
11861,33.2599983215332,31.762718200683594
11862,17.549999237060547,16.485313415527344
11863,57.06999969482422,59.1180419921875
11864,6.050000190734863,5.407778263092041
11865,66.94000244140625,69.62518310546875
11866,14.300000190734863,13.694304466247559
11867,25.450000762939453,24.012680053710938
11868,10.75,8.42137622833252
11869,68.43000030517578,66.60184478759766
11870,30.81999969482422,29.34381103515625
11871,8.010000228881836,8.97590446472168
11872,35.630001068115234,33.23074722290039
11873,8.539999961853027,7.814149856567383
11874,20.6299991607666,19.16547203063965
11875,21.899999618530273,23.972896575927734
11876,8.819999694824219,7.898648738861084
11877,36.040000915527344,35.50473403930664
11878,34.650001525878906,32.91666030883789
11879,59.790000915527344,59.14249038696289
11880,35.20000076293945,36.28891372680664
11881,44.54999923706055,41.430076599121094
11882,22.1200008392334,20.897586822509766
11883,25.56999969482422,24.332134246826172
11884,40.119998931884766,38.854759216308594
11885,44.84000015258789,43.09061813354492
11886,78.44999694824219,77.68543243408203
11887,3.3499999046325684,2.2038676738739014
11888,45.459999084472656,45.57382583618164
11889,21.270000457763672,19.944259643554688
11890,11.270000457763672,9.878478050231934
11891,10.010000228881836,9.536224365234375
11892,22.170000076293945,21.719982147216797
11893,32.77000045776367,32.353126525878906
11894,24.899999618530273,25.141141891479492
11895,31.559999465942383,30.85152244567871
11896,48.08000183105469,45.168216705322266
11897,18.510000228881836,17.17446517944336
11898,33.540000915527344,31.714244842529297
11899,80.80000305175781,65.53239440917969
11900,46.04999923706055,46.05607604980469
11901,8.800000190734863,8.19812297821045
11902,42.2400016784668,42.45332336425781
11903,60.22999954223633,53.60114288330078
11904,13.890000343322754,13.425932884216309
11905,34.56999969482422,31.84203338623047
11906,30.829999923706055,30.14031219482422
11907,72.86000061035156,74.48011779785156
11908,66.81999969482422,66.09312438964844
11909,41.18000030517578,38.82893371582031
11910,26.75,25.378662109375
11911,56.459999084472656,49.48597717285156
11912,0.9300000071525574,1.1351189613342285
11913,20.969999313354492,19.79311752319336
11914,40.810001373291016,37.767539978027344
11915,13.539999961853027,11.893860816955566
11916,42.95000076293945,38.78053665161133
11917,17.290000915527344,15.795371055603027
11918,55.599998474121094,54.03840637207031
11919,13.739999771118164,13.461803436279297
11920,38.939998626708984,37.7979850769043
11921,15.819999694824219,14.13658332824707
11922,25.260000228881836,24.701919555664062
11923,56.439998626708984,54.762489318847656
11924,14.680000305175781,13.346221923828125
11925,25.790000915527344,25.848936080932617
11926,16.639999389648438,14.34927749633789
11927,20.68000030517578,19.36992645263672
11928,28.770000457763672,26.71428108215332
11929,3.3499999046325684,1.975703239440918
11930,29.020000457763672,27.555465698242188
11931,20.389999389648438,20.92226219177246
11932,67.13999938964844,64.90821838378906
11933,14.289999961853027,12.782858848571777
11934,17.6299991607666,16.15747833251953
11935,25.770000457763672,23.85875129699707
11936,11.109999656677246,9.30078411102295
11937,29.170000076293945,27.97283363342285
11938,10.869999885559082,10.317325592041016
11939,26.43000030517578,24.84773063659668
11940,11.850000381469727,12.14328670501709
11941,60.20000076293945,52.362850189208984
11942,53.61000061035156,51.599517822265625
11943,16.110000610351562,14.729944229125977
11944,22.309999465942383,21.461658477783203
11945,34.09000015258789,34.958351135253906
11946,19.899999618530273,19.26822280883789
11947,45.470001220703125,47.66514587402344
11948,5.619999885559082,4.462329864501953
11949,44.84000015258789,45.071006774902344
11950,16.8799991607666,15.770768165588379
11951,76.01000213623047,69.71554565429688
11952,33.15999984741211,33.58137512207031
11953,59.52000045776367,59.484439849853516
11954,11.770000457763672,10.76756477355957
11955,45.81999969482422,42.527557373046875
11956,12.479999542236328,11.011816024780273
11957,15.25,15.056748390197754
11958,48.5,52.029354095458984
11959,40.81999969482422,40.53207015991211
11960,5.690000057220459,4.3571457862854
11961,53.56999969482422,50.39950180053711
11962,27.860000610351562,26.563106536865234
11963,33.599998474121094,31.15376853942871
11964,41.560001373291016,37.09886932373047
11965,20.350000381469727,20.99272918701172
11966,11.029999732971191,9.71240520477295
11967,5.369999885559082,4.020300388336182
11968,3.2799999713897705,2.5204641819000244
11969,40.77000045776367,38.85177993774414
11970,28.739999771118164,27.693382263183594
11971,13.380000114440918,12.311192512512207
11972,36.83000183105469,37.29374694824219
11973,53.2599983215332,52.19902038574219
11974,4.730000019073486,3.4543251991271973
11975,5.139999866485596,3.99041485786438
11976,12.359999656677246,10.592406272888184
11977,25.190000534057617,22.533702850341797
11978,22.899999618530273,22.233489990234375
11979,22.899999618530273,22.13490104675293
11980,29.260000228881836,29.09831428527832
11981,33.83000183105469,33.91535186767578
11982,53.099998474121094,57.357154846191406
11983,46.2599983215332,46.012413024902344
11984,60.959999084472656,62.5955810546875
11985,6.190000057220459,5.140038013458252
11986,47.09000015258789,46.99453353881836
11987,36.47999954223633,36.62678909301758
11988,36.95000076293945,34.98158645629883
11989,43.439998626708984,42.36463165283203
11990,42.720001220703125,39.09514617919922
11991,14.789999961853027,14.048428535461426
11992,38.72999954223633,36.54536437988281
11993,34.15999984741211,31.62460708618164
11994,24.06999969482422,21.321535110473633
11995,47.869998931884766,45.24007034301758
11996,7.929999828338623,7.5928955078125
11997,64.94999694824219,62.524723052978516
11998,24.469999313354492,25.159740447998047
11999,62.77000045776367,61.68307113647461
12000,29.139999389648438,28.506929397583008
12001,41.869998931884766,38.66999053955078
12002,44.75,44.365447998046875
12003,20.739999771118164,20.313152313232422
12004,12.579999923706055,9.978507041931152
12005,17.8700008392334,16.697368621826172
12006,52.400001525878906,52.504581451416016
12007,33.939998626708984,32.801025390625
12008,18.959999084472656,17.463274002075195
12009,25.68000030517578,24.384559631347656
12010,39.84000015258789,39.931640625
12011,13.920000076293945,12.245235443115234
12012,22.600000381469727,21.437097549438477
12013,25.229999542236328,23.61830711364746
12014,41.56999969482422,41.55146026611328
12015,24.40999984741211,23.04816436767578
12016,17.690000534057617,17.37518310546875
12017,31.270000457763672,30.539134979248047
12018,25.489999771118164,25.90419578552246
12019,27.25,26.327720642089844
12020,26.0,23.492149353027344
12021,44.27000045776367,42.5656852722168
12022,20.479999542236328,20.828433990478516
12023,20.020000457763672,18.67078399658203
12024,32.79999923706055,30.587068557739258
12025,18.959999084472656,18.495832443237305
12026,22.809999465942383,22.34752082824707
12027,12.520000457763672,11.441507339477539
12028,23.93000030517578,24.787166595458984
12029,12.279999732971191,11.658284187316895
12030,8.989999771118164,7.928600788116455
12031,35.27000045776367,32.38545227050781
12032,8.989999771118164,7.459618091583252
12033,46.290000915527344,43.27851867675781
12034,34.77000045776367,32.672828674316406
12035,35.7400016784668,36.86290740966797
12036,42.470001220703125,41.0040397644043
12037,15.600000381469727,14.456624031066895
12038,60.380001068115234,54.03340148925781
12039,22.15999984741211,21.333362579345703
12040,24.229999542236328,22.44331169128418
12041,40.84000015258789,38.72942352294922
12042,34.349998474121094,33.47712707519531
12043,13.65999984741211,12.311136245727539
12044,51.599998474121094,48.417572021484375
12045,43.68000030517578,41.116310119628906
12046,38.279998779296875,36.868370056152344
12047,13.300000190734863,11.70859146118164
12048,21.639999389648438,19.360904693603516
12049,26.739999771118164,23.30466079711914
12050,23.040000915527344,21.593082427978516
12051,52.560001373291016,51.98744201660156
12052,21.600000381469727,21.726970672607422
12053,23.790000915527344,23.641136169433594
12054,8.569999694824219,8.52907657623291
12055,0.9399999976158142,2.5815212726593018
12056,58.58000183105469,58.342796325683594
12057,2.059999942779541,2.358123302459717
12058,40.099998474121094,37.49494934082031
12059,20.06999969482422,19.157386779785156
12060,31.389999389648438,30.6248779296875
12061,70.83999633789062,67.85964965820312
12062,20.75,20.44512939453125
12063,9.8100004196167,8.704078674316406
12064,27.25,24.62798500061035
12065,7.489999771118164,5.484759330749512
12066,34.40999984741211,34.37580108642578
12067,8.350000381469727,8.228483200073242
12068,45.72999954223633,44.23958969116211
12069,30.350000381469727,29.10106086730957
12070,47.790000915527344,48.932098388671875
12071,39.040000915527344,40.021114349365234
12072,33.93000030517578,32.41031265258789
12073,46.189998626708984,44.553890228271484
12074,66.18000030517578,65.91638946533203
12075,59.720001220703125,56.43202209472656
12076,36.86000061035156,37.118629455566406
12077,7.630000114440918,6.667600154876709
12078,16.360000610351562,15.338181495666504
12079,39.06999969482422,37.168418884277344
12080,13.4399995803833,12.97047233581543
12081,30.75,27.30101776123047
12082,41.5,42.1602783203125
12083,10.4399995803833,9.655577659606934
12084,33.36000061035156,33.13924789428711
12085,60.52000045776367,61.994850158691406
12086,17.06999969482422,15.884358406066895
12087,46.11000061035156,48.7279052734375
12088,55.540000915527344,55.3277587890625
12089,20.81999969482422,21.195594787597656
12090,23.100000381469727,20.922256469726562
12091,21.700000762939453,20.443012237548828
12092,32.16999816894531,31.368894577026367
12093,21.84000015258789,19.889493942260742
12094,8.220000267028809,5.905997276306152
12095,41.59000015258789,39.76787567138672
12096,15.149999618530273,13.961493492126465
12097,26.860000610351562,24.805191040039062
12098,79.80000305175781,74.6187973022461
12099,27.940000534057617,27.952484130859375
12100,28.93000030517578,29.127424240112305
12101,23.040000915527344,21.694278717041016
12102,39.16999816894531,39.893367767333984
12103,36.09000015258789,33.81944274902344
12104,7.619999885559082,6.593189239501953
12105,64.91999816894531,60.64295196533203
12106,21.0,21.33826446533203
12107,2.4000000953674316,1.8279248476028442
12108,24.479999542236328,22.40719223022461
12109,6.570000171661377,5.855166435241699
12110,5.929999828338623,4.67948579788208
12111,48.099998474121094,42.88825988769531
12112,72.2699966430664,70.11483001708984
12113,36.130001068115234,34.78341293334961
12114,4.230000019073486,2.6829566955566406
12115,17.68000030517578,15.369257926940918
12116,16.350000381469727,15.779692649841309
12117,18.520000457763672,17.36520767211914
12118,3.880000114440918,3.0904722213745117
12119,29.34000015258789,26.610366821289062
12120,61.130001068115234,60.364097595214844
12121,15.369999885559082,14.433259963989258
12122,17.6200008392334,15.769198417663574
12123,12.640000343322754,11.818957328796387
12124,22.520000457763672,21.677021026611328
12125,16.65999984741211,15.866644859313965
12126,35.220001220703125,34.75421905517578
12127,6.190000057220459,5.3095808029174805
12128,24.489999771118164,22.015100479125977
12129,17.190000534057617,16.12813949584961
12130,14.470000267028809,13.722518920898438
12131,43.7599983215332,42.65571212768555
12132,53.61000061035156,49.36353302001953
12133,19.65999984741211,17.333478927612305
12134,46.189998626708984,44.89268112182617
12135,35.869998931884766,36.040618896484375
12136,23.5,23.556543350219727
12137,52.529998779296875,52.045772552490234
12138,38.439998626708984,38.691734313964844
12139,3.2200000286102295,1.8143633604049683
12140,25.239999771118164,24.749177932739258
12141,28.09000015258789,25.42290496826172
12142,16.229999542236328,15.44153881072998
12143,18.579999923706055,17.593379974365234
12144,47.709999084472656,48.80907440185547
12145,37.0099983215332,35.888790130615234
12146,56.349998474121094,53.35195541381836
12147,13.180000305175781,14.564720153808594
12148,50.650001525878906,45.896568298339844
12149,39.2400016784668,40.05084228515625
12150,1.9199999570846558,1.5531272888183594
12151,39.709999084472656,39.03055953979492
12152,4.199999809265137,2.6245369911193848
12153,19.610000610351562,20.222393035888672
12154,23.190000534057617,23.002614974975586
12155,29.600000381469727,31.059555053710938
12156,29.81999969482422,29.520435333251953
12157,19.200000762939453,17.641326904296875
12158,34.11000061035156,39.96194076538086
12159,32.9900016784668,31.381498336791992
12160,23.700000762939453,21.876815795898438
12161,21.899999618530273,20.380081176757812
12162,37.11000061035156,37.293914794921875
12163,41.209999084472656,39.55238342285156
12164,14.130000114440918,12.028188705444336
12165,17.209999084472656,15.785784721374512
12166,10.0600004196167,9.142937660217285
12167,23.389999389648438,21.62464714050293
12168,48.119998931884766,46.90089416503906
12169,43.34000015258789,43.40195846557617
12170,34.5099983215332,33.701393127441406
12171,8.819999694824219,8.551325798034668
12172,53.529998779296875,49.03296661376953
12173,38.36000061035156,37.89559555053711
12174,45.83000183105469,43.565574645996094
12175,28.889999389648438,28.30072021484375
12176,20.469999313354492,19.825321197509766
12177,13.890000343322754,12.871133804321289
12178,7.429999828338623,5.96627950668335
12179,19.81999969482422,19.303205490112305
12180,16.899999618530273,15.650456428527832
12181,12.329999923706055,11.102372169494629
12182,22.329999923706055,20.129444122314453
12183,36.459999084472656,35.011268615722656
12184,34.2599983215332,32.77235794067383
12185,36.2400016784668,36.5352668762207
12186,13.5600004196167,13.251534461975098
12187,12.479999542236328,12.377272605895996
12188,41.630001068115234,40.298728942871094
12189,25.5,24.677705764770508
12190,13.880000114440918,12.416950225830078
12191,16.049999237060547,14.83768367767334
12192,23.25,23.10870361328125
12193,10.949999809265137,10.291764259338379
12194,7.139999866485596,6.519047260284424
12195,59.20000076293945,55.705902099609375
12196,44.970001220703125,43.032196044921875
12197,8.670000076293945,6.660526752471924
12198,26.729999542236328,24.41502571105957
12199,20.809999465942383,21.256458282470703
12200,6.679999828338623,5.4407854080200195
12201,19.190000534057617,17.514699935913086
12202,25.170000076293945,24.944250106811523
12203,21.360000610351562,20.443016052246094
12204,13.630000114440918,12.689643859863281
12205,66.7699966430664,63.82990646362305
12206,21.559999465942383,19.712162017822266
12207,25.479999542236328,22.883464813232422
12208,52.349998474121094,51.63477325439453
12209,9.300000190734863,8.528812408447266
12210,22.979999542236328,22.181285858154297
12211,4.340000152587891,3.1676828861236572
12212,47.02000045776367,48.15501403808594
12213,35.900001525878906,34.389549255371094
12214,30.770000457763672,30.07547378540039
12215,30.649999618530273,31.444503784179688
12216,29.190000534057617,28.366926193237305
12217,31.729999542236328,29.2158145904541
12218,16.8799991607666,16.373432159423828
12219,20.350000381469727,17.158506393432617
12220,27.739999771118164,26.17180824279785
12221,72.36000061035156,72.86564636230469
12222,12.489999771118164,9.876070976257324
12223,48.650001525878906,44.81364440917969
12224,29.719999313354492,28.491865158081055
12225,48.54999923706055,44.90088653564453
12226,38.41999816894531,38.868316650390625
12227,22.700000762939453,23.62051773071289
12228,14.399999618530273,13.03215217590332
12229,19.700000762939453,17.931428909301758
12230,34.65999984741211,32.333740234375
12231,46.84000015258789,46.664886474609375
12232,59.09000015258789,63.07062911987305
12233,4.420000076293945,3.574632167816162
12234,23.139999389648438,22.204193115234375
12235,31.139999389648438,30.73090171813965
12236,28.610000610351562,27.14008331298828
12237,37.90999984741211,37.36542510986328
12238,27.719999313354492,27.378711700439453
12239,52.58000183105469,49.465576171875
12240,23.75,24.50916290283203
12241,69.37000274658203,68.02466583251953
12242,14.470000267028809,13.948270797729492
12243,18.229999542236328,17.638107299804688
12244,43.900001525878906,38.87771987915039
12245,9.449999809265137,9.157957077026367
12246,30.6200008392334,30.00263214111328
12247,36.91999816894531,33.001312255859375
12248,40.779998779296875,39.28710174560547
12249,10.020000457763672,8.412779808044434
12250,7.019999980926514,5.634958744049072
12251,14.579999923706055,14.242746353149414
12252,9.5,9.29699993133545
12253,21.020000457763672,21.810876846313477
12254,11.369999885559082,8.883745193481445
12255,23.260000228881836,24.34794807434082
12256,10.15999984741211,9.329545974731445
12257,20.860000610351562,20.63467788696289
12258,34.70000076293945,32.23602294921875
12259,62.20000076293945,61.05567169189453
12260,35.16999816894531,34.246421813964844
12261,35.97999954223633,37.76129150390625
12262,16.600000381469727,15.02568531036377
12263,16.520000457763672,17.824682235717773
12264,26.510000228881836,29.273277282714844
12265,18.850000381469727,17.958114624023438
12266,74.94000244140625,68.35462951660156
12267,7.96999979019165,8.279183387756348
12268,35.7400016784668,36.34807586669922
12269,28.25,28.28833770751953
12270,57.220001220703125,57.01786422729492
12271,39.72999954223633,39.50255584716797
12272,22.209999084472656,20.442190170288086
12273,13.149999618530273,12.303139686584473
12274,3.940000057220459,2.925511121749878
12275,15.6899995803833,14.86169719696045
12276,5.840000152587891,4.8259477615356445
12277,21.700000762939453,21.457746505737305
12278,6.389999866485596,6.867101669311523
12279,9.380000114440918,8.697975158691406
12280,23.93000030517578,22.07056999206543
12281,9.890000343322754,9.500051498413086
12282,77.69999694824219,70.74736022949219
12283,58.93000030517578,52.411888122558594
12284,31.469999313354492,29.867794036865234
12285,58.27000045776367,62.220680236816406
12286,38.56999969482422,37.81302261352539
12287,58.689998626708984,53.47087860107422
12288,23.229999542236328,21.531005859375
12289,8.119999885559082,7.4772748947143555
12290,57.22999954223633,55.32593536376953
12291,36.400001525878906,32.973514556884766
12292,6.829999923706055,6.1454362869262695
12293,63.150001525878906,66.1861801147461
12294,38.47999954223633,39.772796630859375
12295,18.889999389648438,18.249237060546875
12296,72.08000183105469,69.57000732421875
12297,21.649999618530273,20.08922004699707
12298,35.02000045776367,34.26994323730469
12299,8.069999694824219,7.557462692260742
12300,10.1899995803833,9.1135835647583
12301,31.850000381469727,27.29621696472168
12302,13.300000190734863,12.171359062194824
12303,15.520000457763672,13.650555610656738
12304,15.25,15.047794342041016
12305,31.399999618530273,32.15196228027344
12306,14.119999885559082,13.696954727172852
12307,25.530000686645508,24.07462501525879
12308,29.459999084472656,28.4570255279541
12309,35.560001373291016,32.54338455200195
12310,29.450000762939453,26.544292449951172
12311,38.08000183105469,34.609439849853516
12312,29.979999542236328,29.56305503845215
12313,21.969999313354492,19.580154418945312
12314,15.760000228881836,16.456724166870117
12315,25.170000076293945,23.933488845825195
12316,21.0,19.720823287963867
12317,3.569999933242798,3.066502094268799
12318,34.95000076293945,33.868316650390625
12319,35.04999923706055,31.7100830078125
12320,39.36000061035156,42.17103576660156
12321,9.4399995803833,9.119720458984375
12322,7.070000171661377,5.528619766235352
12323,75.08000183105469,73.4232177734375
12324,74.45999908447266,72.54462432861328
12325,45.709999084472656,43.889190673828125
12326,28.65999984741211,27.90223503112793
12327,59.040000915527344,58.27157974243164
12328,55.08000183105469,50.2189826965332
12329,22.889999389648438,22.019563674926758
12330,19.639999389648438,17.776599884033203
12331,39.470001220703125,37.34785461425781
12332,41.70000076293945,40.316890716552734
12333,26.3700008392334,25.293243408203125
12334,35.2400016784668,33.31193542480469
12335,33.70000076293945,33.73196029663086
12336,29.959999084472656,28.762744903564453
12337,27.940000534057617,28.61803436279297
12338,5.369999885559082,3.146685838699341
12339,33.27000045776367,33.719520568847656
12340,4.880000114440918,3.9424853324890137
12341,44.20000076293945,44.04374694824219
12342,44.31999969482422,42.46503448486328
12343,23.899999618530273,23.075138092041016
12344,14.989999771118164,12.894694328308105
12345,20.09000015258789,18.763473510742188
12346,32.380001068115234,32.10503387451172
12347,33.81999969482422,34.116424560546875
12348,20.110000610351562,19.676616668701172
12349,38.439998626708984,36.94224548339844
12350,11.630000114440918,11.181587219238281
12351,60.7400016784668,61.03266525268555
12352,48.959999084472656,54.730979919433594
12353,52.7599983215332,49.541805267333984
12354,29.520000457763672,31.289493560791016
12355,54.9900016784668,53.48066711425781
12356,31.84000015258789,30.144855499267578
12357,14.90999984741211,13.625452995300293
12358,29.469999313354492,29.406736373901367
12359,18.09000015258789,17.210498809814453
12360,67.5999984741211,55.66300582885742
12361,29.3700008392334,28.09433364868164
12362,56.16999816894531,61.8281364440918
12363,20.31999969482422,19.076444625854492
12364,5.559999942779541,4.389333248138428
12365,21.0,19.651796340942383
12366,53.040000915527344,53.75627136230469
12367,69.5999984741211,68.30267333984375
12368,5.579999923706055,3.5343973636627197
12369,34.22999954223633,37.85322189331055
12370,10.449999809265137,9.440984725952148
12371,10.039999961853027,9.697904586791992
12372,35.470001220703125,37.039188385009766
12373,31.84000015258789,29.149751663208008
12374,46.810001373291016,47.54102325439453
12375,71.56999969482422,66.18238067626953
12376,37.060001373291016,35.04801940917969
12377,15.350000381469727,13.987881660461426
12378,33.45000076293945,30.636903762817383
12379,41.380001068115234,38.88330078125
12380,28.90999984741211,31.033634185791016
12381,31.010000228881836,31.23180389404297
12382,8.899999618530273,9.113187789916992
12383,8.239999771118164,6.989377975463867
12384,23.969999313354492,22.454200744628906
12385,13.25,12.321486473083496
12386,16.729999542236328,14.377063751220703
12387,30.5,30.480745315551758
12388,37.880001068115234,36.99674987792969
12389,33.720001220703125,30.386930465698242
12390,60.65999984741211,60.29903030395508
12391,35.91999816894531,36.20765686035156
12392,29.25,27.136016845703125
12393,40.650001525878906,37.69202423095703
12394,41.75,40.97314453125
12395,20.079999923706055,18.68994903564453
12396,43.52000045776367,43.00713348388672
12397,70.70999908447266,67.46855163574219
12398,17.010000228881836,15.860868453979492
12399,6.400000095367432,5.404874324798584
12400,40.540000915527344,37.90633773803711
12401,16.959999084472656,16.69326400756836
12402,3.440000057220459,1.995049238204956
12403,25.219999313354492,24.49388885498047
12404,51.41999816894531,50.87527847290039
12405,23.6200008392334,23.799945831298828
12406,52.40999984741211,52.233184814453125
12407,15.420000076293945,15.0687894821167
12408,16.75,15.565834999084473
12409,14.239999771118164,13.653762817382812
12410,45.439998626708984,45.894996643066406
12411,60.83000183105469,60.26335144042969
12412,8.930000305175781,7.004429817199707
12413,23.31999969482422,21.430362701416016
12414,45.29999923706055,43.77002716064453
12415,25.489999771118164,24.429574966430664
12416,44.47999954223633,42.64920425415039
12417,11.119999885559082,10.50295352935791
12418,27.18000030517578,25.50770378112793
12419,25.450000762939453,22.965225219726562
12420,22.290000915527344,22.777713775634766
12421,31.100000381469727,31.180953979492188
12422,36.630001068115234,34.72541046142578
12423,42.47999954223633,45.18550109863281
12424,8.579999923706055,9.01380443572998
12425,41.66999816894531,43.573490142822266
12426,35.04999923706055,34.55860137939453
12427,23.8700008392334,22.858444213867188
12428,37.81999969482422,34.637794494628906
12429,60.18000030517578,58.04983901977539
12430,17.079999923706055,15.40982437133789
12431,63.880001068115234,61.344810485839844
12432,38.11000061035156,34.67205047607422
12433,34.61000061035156,32.80613327026367
12434,45.25,40.54792785644531
12435,5.800000190734863,5.29135274887085
12436,12.25,11.639411926269531
12437,33.29999923706055,32.91230773925781
12438,22.139999389648438,20.99612808227539
12439,35.52000045776367,32.12813949584961
12440,11.930000305175781,11.118184089660645
12441,28.170000076293945,27.02371597290039
12442,22.739999771118164,22.018234252929688
12443,19.270000457763672,17.3702392578125
12444,50.150001525878906,46.29186248779297
12445,12.600000381469727,10.71855354309082
12446,16.989999771118164,15.862652778625488
12447,37.15999984741211,35.10013198852539
12448,20.739999771118164,20.828907012939453
12449,32.619998931884766,30.952577590942383
12450,35.08000183105469,33.34159851074219
12451,22.84000015258789,21.860254287719727
12452,7.03000020980835,6.62577486038208
12453,11.539999961853027,10.601960182189941
12454,14.5600004196167,13.725362777709961
12455,48.25,42.29195022583008
12456,23.420000076293945,23.55379867553711
12457,20.989999771118164,20.80868148803711
12458,4.239999771118164,3.604968309402466
12459,24.739999771118164,24.011123657226562
12460,28.899999618530273,26.15923309326172
12461,5.199999809265137,3.3600528240203857
12462,14.930000305175781,14.386954307556152
12463,11.84000015258789,10.409102439880371
12464,21.799999237060547,21.025680541992188
12465,21.459999084472656,20.04586410522461
12466,13.920000076293945,12.814170837402344
12467,51.939998626708984,48.04085159301758
12468,16.719999313354492,15.569528579711914
12469,6.639999866485596,4.7264723777771
12470,35.209999084472656,31.334388732910156
12471,50.869998931884766,51.366947174072266
12472,6.139999866485596,4.647177219390869
12473,17.3700008392334,16.646623611450195
12474,42.52000045776367,37.80359649658203
12475,54.869998931884766,56.89139175415039
12476,33.900001525878906,33.82618713378906
12477,73.9000015258789,71.39190673828125
12478,21.649999618530273,19.48135757446289
12479,16.969999313354492,13.980936050415039
12480,25.459999084472656,22.928058624267578
12481,9.390000343322754,7.679999351501465
12482,18.059999465942383,17.450254440307617
12483,25.760000228881836,24.403127670288086
12484,59.61000061035156,56.60237121582031
12485,13.899999618530273,13.41077995300293
12486,26.079999923706055,24.230083465576172
12487,23.239999771118164,21.972070693969727
12488,39.63999938964844,37.53358459472656
12489,35.709999084472656,34.38631820678711
12490,34.970001220703125,32.81929397583008
12491,45.75,41.7108154296875
12492,27.100000381469727,25.823421478271484
12493,28.899999618530273,27.904909133911133
12494,7.119999885559082,6.093632221221924
12495,18.450000762939453,17.286706924438477
12496,38.47999954223633,36.729007720947266
12497,12.75,12.54196548461914
12498,39.58000183105469,38.08464813232422
12499,13.479999542236328,12.295709609985352
12500,9.960000038146973,9.529633522033691
12501,20.84000015258789,18.75456428527832
12502,15.34000015258789,13.12998104095459
12503,21.829999923706055,20.836938858032227
12504,23.309999465942383,22.671993255615234
12505,28.940000534057617,28.46116828918457
12506,33.810001373291016,34.43719482421875
12507,16.209999084472656,14.746352195739746
12508,46.939998626708984,44.30420684814453
12509,15.010000228881836,14.396747589111328
12510,7.820000171661377,6.51017951965332
12511,15.979999542236328,14.04085636138916
12512,40.25,38.659263610839844
12513,12.5600004196167,12.735469818115234
12514,25.360000610351562,23.470735549926758
12515,3.0399999618530273,2.4400815963745117
12516,36.58000183105469,35.58723831176758
12517,30.18000030517578,29.30707359313965
12518,37.0099983215332,34.31781005859375
12519,57.02000045776367,57.62455749511719
12520,36.56999969482422,34.7478141784668
12521,42.29999923706055,40.439849853515625
12522,31.540000915527344,25.87677001953125
12523,60.38999938964844,59.31781768798828
12524,14.020000457763672,12.97844409942627
12525,26.040000915527344,25.581846237182617
12526,11.050000190734863,9.381916999816895
12527,29.600000381469727,32.58296203613281
12528,31.31999969482422,30.685272216796875
12529,16.420000076293945,14.854660987854004
12530,25.969999313354492,24.31467056274414
12531,25.049999237060547,23.53445053100586
12532,18.75,17.109352111816406
12533,18.079999923706055,16.09308433532715
12534,9.960000038146973,8.175159454345703
12535,28.110000610351562,25.860980987548828
12536,51.40999984741211,49.90911865234375
12537,26.059999465942383,26.87082862854004
12538,68.13999938964844,68.38945007324219
12539,29.760000228881836,26.58241844177246
12540,21.809999465942383,19.853137969970703
12541,50.779998779296875,49.81332778930664
12542,13.6899995803833,13.50938606262207
12543,61.83000183105469,61.6423454284668
12544,14.819999694824219,14.344977378845215
12545,34.540000915527344,32.76001739501953
12546,23.969999313354492,20.992597579956055
12547,10.220000267028809,8.123592376708984
12548,17.700000762939453,16.43156623840332
12549,30.709999084472656,29.58470916748047
12550,35.63999938964844,33.00749588012695
12551,59.689998626708984,59.47584533691406
12552,37.959999084472656,33.48428726196289
12553,13.59000015258789,12.1133394241333
12554,10.380000114440918,11.082837104797363
12555,24.8799991607666,23.853857040405273
12556,77.98999786376953,70.57942199707031
12557,9.489999771118164,9.025794982910156
12558,12.770000457763672,11.411174774169922
12559,44.02000045776367,41.8912239074707
12560,9.1899995803833,8.827691078186035
12561,16.770000457763672,15.851283073425293
12562,26.959999084472656,25.460559844970703
12563,66.47000122070312,63.3111572265625
12564,52.150001525878906,55.75271224975586
12565,20.239999771118164,17.844554901123047
12566,61.97999954223633,57.51154708862305
12567,49.58000183105469,46.04877853393555
12568,8.800000190734863,8.642635345458984
12569,46.13999938964844,43.97731018066406
12570,14.670000076293945,13.155158042907715
12571,11.359999656677246,11.074508666992188
12572,18.56999969482422,18.4164981842041
12573,51.880001068115234,51.29004669189453
12574,31.040000915527344,31.412891387939453
12575,29.520000457763672,27.159259796142578
12576,11.260000228881836,10.02551555633545
12577,42.599998474121094,42.69915008544922
12578,21.780000686645508,20.102235794067383
12579,18.6200008392334,18.12898826599121
12580,38.970001220703125,38.4793701171875
12581,4.420000076293945,1.6769334077835083
12582,35.9900016784668,34.81477355957031
12583,20.989999771118164,19.691741943359375
12584,28.18000030517578,28.033367156982422
12585,25.200000762939453,24.998268127441406
12586,34.43000030517578,32.389373779296875
12587,3.0299999713897705,2.448765516281128
12588,18.81999969482422,18.062007904052734
12589,46.75,45.143585205078125
12590,17.200000762939453,16.86271095275879
12591,10.699999809265137,10.251251220703125
12592,33.52000045776367,33.940826416015625
12593,4.010000228881836,2.9528861045837402
12594,42.95000076293945,43.93431091308594
12595,32.93000030517578,31.260473251342773
12596,3.440000057220459,2.604668140411377
12597,7.96999979019165,7.084657669067383
12598,3.3499999046325684,2.187990188598633
12599,6.170000076293945,5.003190040588379
12600,21.149999618530273,19.921512603759766
12601,9.069999694824219,5.515575885772705
12602,68.83999633789062,67.56233978271484
12603,7.789999961853027,5.459750652313232
12604,14.640000343322754,13.855103492736816
12605,76.44999694824219,75.92329406738281
12606,32.52000045776367,30.98956871032715
12607,5.110000133514404,4.391571521759033
12608,7.679999828338623,6.9470977783203125
12609,28.90999984741211,29.221500396728516
12610,37.150001525878906,35.696537017822266
12611,12.079999923706055,11.074679374694824
12612,29.110000610351562,27.214893341064453
12613,15.4399995803833,14.402928352355957
12614,35.119998931884766,38.25533676147461
12615,37.119998931884766,35.88365936279297
12616,15.510000228881836,13.13202953338623
12617,69.37999725341797,65.55671691894531
12618,17.940000534057617,16.104869842529297
12619,29.1299991607666,28.107044219970703
12620,35.13999938964844,33.10505294799805
12621,28.18000030517578,26.218582153320312
12622,32.81999969482422,31.947429656982422
12623,23.790000915527344,22.321077346801758
12624,46.02000045776367,45.697959899902344
12625,11.470000267028809,10.110610008239746
12626,10.930000305175781,8.174910545349121
12627,52.380001068115234,49.76002502441406
12628,7.800000190734863,7.926811218261719
12629,23.200000762939453,22.94941520690918
12630,44.310001373291016,45.15058135986328
12631,59.45000076293945,56.3636360168457
12632,23.8700008392334,22.40593719482422
12633,63.68000030517578,64.72286987304688
12634,15.680000305175781,13.339804649353027
12635,15.0600004196167,13.299479484558105
12636,14.170000076293945,13.182665824890137
12637,3.4600000381469727,2.8502137660980225
12638,7.679999828338623,7.178926944732666
12639,22.860000610351562,22.10934066772461
12640,19.530000686645508,18.676483154296875
12641,53.54999923706055,49.247169494628906
12642,33.59000015258789,33.004337310791016
12643,24.100000381469727,22.166393280029297
12644,45.27000045776367,44.365028381347656
12645,30.649999618530273,31.048171997070312
12646,46.20000076293945,47.17316436767578
12647,5.650000095367432,4.2439680099487305
12648,31.079999923706055,30.133363723754883
12649,47.5,47.68376541137695
12650,42.84000015258789,40.3010368347168
12651,25.06999969482422,23.468219757080078
12652,38.40999984741211,38.136070251464844
12653,23.100000381469727,21.92009735107422
12654,17.59000015258789,16.628154754638672
12655,12.359999656677246,11.920166969299316
12656,45.959999084472656,44.87366485595703
12657,46.439998626708984,45.62898254394531
12658,47.279998779296875,45.111328125
12659,44.95000076293945,43.69902038574219
12660,10.649999618530273,11.318425178527832
12661,56.7400016784668,60.75003433227539
12662,9.9399995803833,9.715428352355957
12663,51.13999938964844,50.16536331176758
12664,51.93000030517578,50.0556640625
12665,62.84000015258789,60.17372131347656
12666,75.47000122070312,72.82012939453125
12667,50.38999938964844,47.31878662109375
12668,29.079999923706055,25.478328704833984
12669,32.939998626708984,31.334468841552734
12670,0.6399999856948853,1.0567944049835205
12671,33.22999954223633,31.163423538208008
12672,23.100000381469727,22.915037155151367
12673,19.43000030517578,19.368349075317383
12674,16.0,14.991557121276855
12675,34.189998626708984,33.37548828125
12676,14.630000114440918,14.317795753479004
12677,19.809999465942383,18.826438903808594
12678,17.56999969482422,17.09201431274414
12679,8.890000343322754,9.168745994567871
12680,26.100000381469727,23.67361068725586
12681,2.609999895095825,1.7837830781936646
12682,21.860000610351562,20.354095458984375
12683,11.859999656677246,10.765114784240723
12684,46.959999084472656,43.4119873046875
12685,20.360000610351562,20.08036231994629
12686,54.189998626708984,51.97425842285156
12687,24.020000457763672,25.722496032714844
12688,42.88999938964844,39.134246826171875
12689,25.479999542236328,25.641681671142578
12690,24.420000076293945,22.58852767944336
12691,7.230000019073486,5.297329425811768
12692,37.75,39.62097930908203
12693,31.75,31.564584732055664
12694,10.430000305175781,11.057761192321777
12695,9.40999984741211,7.623515605926514
12696,60.790000915527344,57.46411895751953
12697,27.860000610351562,27.723468780517578
12698,30.06999969482422,28.739360809326172
12699,32.11000061035156,31.456628799438477
12700,63.029998779296875,63.908241271972656
12701,9.739999771118164,8.709294319152832
12702,5.559999942779541,4.3603057861328125
12703,29.530000686645508,27.453521728515625
12704,42.099998474121094,40.1099967956543
12705,28.579999923706055,27.423633575439453
12706,31.31999969482422,29.705604553222656
12707,8.050000190734863,7.732540130615234
12708,12.199999809265137,12.641748428344727
12709,27.850000381469727,27.297809600830078
12710,21.889999389648438,20.568296432495117
12711,16.06999969482422,15.738127708435059
12712,46.7599983215332,48.35530471801758
12713,35.290000915527344,35.15507507324219
12714,40.91999816894531,38.26560592651367
12715,50.959999084472656,45.862213134765625
12716,35.459999084472656,36.34614181518555
12717,33.849998474121094,29.806686401367188
12718,13.59000015258789,13.089139938354492
12719,6.230000019073486,5.332540988922119
12720,51.560001373291016,52.562217712402344
12721,34.709999084472656,33.11328887939453
12722,3.380000114440918,3.7352545261383057
12723,4.860000133514404,2.8079097270965576
12724,7.119999885559082,6.570552825927734
12725,32.43000030517578,31.926921844482422
12726,19.75,18.956199645996094
12727,14.329999923706055,12.440878868103027
12728,33.27000045776367,33.41862869262695
12729,29.780000686645508,29.70410919189453
12730,35.18000030517578,34.972198486328125
12731,11.84000015258789,12.303524017333984
12732,48.459999084472656,47.27672576904297
12733,13.260000228881836,13.338513374328613
12734,20.31999969482422,19.094959259033203
12735,27.799999237060547,23.72296714782715
12736,53.52000045776367,51.17103576660156
12737,5.420000076293945,4.45292854309082
12738,43.11000061035156,43.471412658691406
12739,7.300000190734863,7.6301469802856445
12740,7.78000020980835,7.520864009857178
12741,68.2699966430664,67.00732421875
12742,8.600000381469727,8.142471313476562
12743,63.220001220703125,61.51488494873047
12744,48.31999969482422,48.174285888671875
12745,31.200000762939453,29.98058319091797
12746,39.709999084472656,37.13014602661133
12747,35.16999816894531,31.835540771484375
12748,19.1299991607666,16.83834457397461
12749,45.63999938964844,44.794498443603516
12750,21.09000015258789,19.366016387939453
12751,32.9900016784668,30.796627044677734
12752,23.540000915527344,21.727352142333984
12753,20.459999084472656,19.848308563232422
12754,24.59000015258789,23.23955535888672
12755,32.52000045776367,28.802955627441406
12756,26.719999313354492,24.278247833251953
12757,19.329999923706055,17.868268966674805
12758,16.110000610351562,15.995322227478027
12759,49.16999816894531,46.56810760498047
12760,18.34000015258789,16.3991756439209
12761,21.450000762939453,18.918609619140625
12762,31.780000686645508,31.136837005615234
12763,21.8799991607666,19.52503204345703
12764,37.029998779296875,34.79521560668945
12765,31.889999389648438,32.68288803100586
12766,41.790000915527344,41.71876525878906
12767,24.739999771118164,22.284162521362305
12768,6.650000095367432,5.158137321472168
12769,7.010000228881836,6.012171268463135
12770,14.420000076293945,13.844832420349121
12771,22.290000915527344,21.577224731445312
12772,17.889999389648438,17.529422760009766
12773,20.709999084472656,19.812541961669922
12774,10.65999984741211,10.001045227050781
12775,13.9399995803833,13.805025100708008
12776,10.65999984741211,9.52143669128418
12777,20.139999389648438,18.411989212036133
12778,48.45000076293945,48.28248596191406
12779,17.280000686645508,16.586809158325195
12780,2.3499999046325684,1.9955289363861084
12781,14.710000038146973,14.429966926574707
12782,48.7599983215332,45.97889709472656
12783,2.5299999713897705,2.456071376800537
12784,31.959999084472656,30.521560668945312
12785,23.149999618530273,22.47845458984375
12786,28.059999465942383,26.38823127746582
12787,34.220001220703125,31.118392944335938
12788,16.469999313354492,16.80779457092285
12789,18.100000381469727,16.280372619628906
12790,36.45000076293945,35.0062255859375
12791,31.34000015258789,28.429763793945312
12792,12.65999984741211,13.016944885253906
12793,27.639999389648438,26.44706153869629
12794,43.849998474121094,44.77617645263672
12795,24.229999542236328,22.345922470092773
12796,3.890000104904175,3.7810420989990234
12797,33.369998931884766,32.170997619628906
12798,67.2300033569336,64.3826904296875
12799,27.260000228881836,25.35996437072754
12800,35.5099983215332,35.32292938232422
12801,22.709999084472656,24.573999404907227
12802,25.229999542236328,26.654582977294922
12803,44.029998779296875,41.421722412109375
12804,20.459999084472656,19.36358642578125
12805,41.66999816894531,41.4217529296875
12806,10.779999732971191,9.097818374633789
12807,12.710000038146973,14.178569793701172
12808,32.86000061035156,32.184635162353516
12809,69.58999633789062,67.99359130859375
12810,45.15999984741211,42.72382736206055
12811,47.900001525878906,45.349266052246094
12812,3.3499999046325684,2.274503231048584
12813,15.25,14.470788955688477
12814,20.40999984741211,18.33026885986328
12815,6.809999942779541,6.229886531829834
12816,19.049999237060547,18.39218521118164
12817,13.069999694824219,13.229194641113281
12818,47.619998931884766,43.205406188964844
12819,13.529999732971191,12.80498218536377
12820,58.41999816894531,54.736488342285156
12821,30.829999923706055,30.617469787597656
12822,7.639999866485596,6.754474639892578
12823,50.33000183105469,49.12834548950195
12824,9.039999961853027,7.997830390930176
12825,3.8499999046325684,2.3012866973876953
12826,50.130001068115234,48.31108093261719
12827,41.400001525878906,41.34477233886719
12828,43.650001525878906,44.01911163330078
12829,56.959999084472656,56.85666275024414
12830,76.08000183105469,72.05850982666016
12831,48.130001068115234,42.56199645996094
12832,2.7100000381469727,3.720745325088501
12833,23.75,21.547151565551758
12834,14.460000038146973,12.789101600646973
12835,6.909999847412109,8.47327995300293
12836,13.239999771118164,12.463492393493652
12837,22.670000076293945,21.58295440673828
12838,20.139999389648438,18.662132263183594
12839,23.65999984741211,24.269968032836914
12840,64.13999938964844,58.87574005126953
12841,41.61000061035156,43.39741134643555
12842,29.34000015258789,27.523679733276367
12843,28.280000686645508,27.684377670288086
12844,24.610000610351562,23.480730056762695
12845,27.959999084472656,26.69918441772461
12846,29.420000076293945,25.402721405029297
12847,28.799999237060547,28.913341522216797
12848,13.680000305175781,12.255828857421875
12849,28.450000762939453,32.218170166015625
12850,37.95000076293945,36.383155822753906
12851,40.279998779296875,37.930484771728516
12852,12.399999618530273,11.089783668518066
12853,34.91999816894531,35.285888671875
12854,33.09000015258789,29.009258270263672
12855,21.030000686645508,19.874662399291992
12856,61.369998931884766,62.60932540893555
12857,17.3700008392334,18.154226303100586
12858,2.200000047683716,1.7556304931640625
12859,23.940000534057617,21.790477752685547
12860,20.719999313354492,19.85582733154297
12861,25.579999923706055,25.437650680541992
12862,41.900001525878906,38.945823669433594
12863,48.310001373291016,42.586204528808594
12864,33.099998474121094,35.78517532348633
12865,6.829999923706055,5.7247114181518555
12866,44.959999084472656,39.35382843017578
12867,36.68000030517578,35.5235595703125
12868,17.18000030517578,16.067584991455078
12869,15.199999809265137,16.1589412689209
12870,20.200000762939453,18.754329681396484
12871,16.93000030517578,15.583056449890137
12872,8.0,7.11100435256958
12873,24.459999084472656,23.971067428588867
12874,19.3799991607666,18.569963455200195
12875,22.350000381469727,22.006811141967773
12876,13.350000381469727,10.915634155273438
12877,27.989999771118164,29.150264739990234
12878,22.739999771118164,23.774410247802734
12879,26.209999084472656,23.10848617553711
12880,14.869999885559082,15.213197708129883
12881,35.45000076293945,35.25062942504883
12882,63.79999923706055,59.49989318847656
12883,44.81999969482422,43.40350341796875
12884,7.78000020980835,8.1434907913208
12885,19.809999465942383,20.334156036376953
12886,6.699999809265137,6.132848262786865
12887,38.5099983215332,37.03022003173828
12888,21.59000015258789,20.087020874023438
12889,58.06999969482422,57.549373626708984
12890,34.2599983215332,32.717185974121094
12891,26.6200008392334,25.519554138183594
12892,51.2400016784668,48.660400390625
12893,42.09000015258789,42.10965347290039
12894,38.849998474121094,35.40900421142578
12895,20.93000030517578,20.761962890625
12896,22.719999313354492,20.738887786865234
12897,38.310001373291016,37.589134216308594
12898,39.59000015258789,38.33700942993164
12899,22.479999542236328,20.70220375061035
12900,16.030000686645508,14.705144882202148
12901,18.40999984741211,16.963748931884766
12902,34.209999084472656,32.715049743652344
12903,48.31999969482422,48.35041046142578
12904,13.039999961853027,11.450532913208008
12905,36.86000061035156,37.563011169433594
12906,13.010000228881836,11.685832977294922
12907,17.399999618530273,15.520578384399414
12908,33.0099983215332,31.81295394897461
12909,5.900000095367432,3.9982142448425293
12910,30.860000610351562,29.724824905395508
12911,3.9800000190734863,1.7707651853561401
12912,11.449999809265137,10.714092254638672
12913,25.56999969482422,24.35022735595703
12914,48.470001220703125,47.374813079833984
12915,50.689998626708984,49.30830383300781
12916,44.209999084472656,39.64356994628906
12917,38.310001373291016,37.87945556640625
12918,43.7599983215332,42.88074493408203
12919,7.099999904632568,5.883205413818359
12920,10.180000305175781,9.385588645935059
12921,33.40999984741211,30.0782413482666
12922,14.119999885559082,13.016775131225586
12923,39.310001373291016,40.41051483154297
12924,24.739999771118164,24.553096771240234
12925,24.700000762939453,23.95221710205078
12926,35.689998626708984,34.56730651855469
12927,28.149999618530273,26.884166717529297
12928,51.459999084472656,52.51575469970703
12929,33.63999938964844,29.75933837890625
12930,41.41999816894531,40.59478759765625
12931,13.979999542236328,12.521638870239258
12932,34.70000076293945,34.136962890625
12933,2.5,1.8440089225769043
12934,13.109999656677246,12.242167472839355
12935,15.100000381469727,14.435904502868652
12936,24.360000610351562,22.597293853759766
12937,37.939998626708984,36.0101318359375
12938,51.47999954223633,46.857418060302734
12939,5.550000190734863,4.475258827209473
12940,35.5,33.36337661743164
12941,52.88999938964844,51.668575286865234
12942,12.649999618530273,10.069457054138184
12943,36.95000076293945,34.40861892700195
12944,21.34000015258789,18.802438735961914
12945,44.900001525878906,45.809814453125
12946,23.3700008392334,23.0595703125
12947,61.95000076293945,60.48643112182617
12948,36.31999969482422,34.4322395324707
12949,19.84000015258789,18.69115447998047
12950,8.020000457763672,4.2036919593811035
12951,25.770000457763672,24.16584014892578
12952,27.940000534057617,25.010839462280273
12953,40.459999084472656,40.58538818359375
12954,20.450000762939453,19.63385009765625
12955,11.699999809265137,9.193778991699219
12956,14.399999618530273,13.406661987304688
12957,16.579999923706055,15.29175853729248
12958,34.88999938964844,35.358642578125
12959,24.0,20.144454956054688
12960,9.34000015258789,9.028949737548828
12961,16.84000015258789,14.668731689453125
12962,27.549999237060547,27.23052978515625
12963,11.170000076293945,11.27817440032959
12964,20.030000686645508,19.812137603759766
12965,30.920000076293945,30.89324951171875
12966,28.09000015258789,29.269207000732422
12967,25.979999542236328,25.149967193603516
12968,10.789999961853027,9.982288360595703
12969,27.170000076293945,25.435205459594727
12970,31.610000610351562,28.778427124023438
12971,10.880000114440918,10.87048053741455
12972,14.130000114440918,13.2656831741333
12973,32.150001525878906,30.41649055480957
12974,15.210000038146973,14.571087837219238
12975,36.88999938964844,36.59048080444336
12976,37.0099983215332,35.87389373779297
12977,48.16999816894531,49.64832305908203
12978,13.0600004196167,10.552180290222168
12979,48.189998626708984,54.446659088134766
12980,64.47000122070312,66.70401763916016
12981,11.529999732971191,10.681916236877441
12982,18.170000076293945,18.31637954711914
12983,17.469999313354492,16.522109985351562
12984,17.229999542236328,16.4565486907959
12985,12.270000457763672,11.85698127746582
12986,44.130001068115234,42.54236602783203
12987,60.189998626708984,59.976524353027344
12988,52.06999969482422,49.15365219116211
12989,36.0099983215332,35.49884033203125
12990,48.29999923706055,43.88289260864258
12991,14.149999618530273,12.964617729187012
12992,11.350000381469727,11.254667282104492
12993,46.099998474121094,42.97598648071289
12994,39.689998626708984,39.40778732299805
12995,34.59000015258789,32.62710189819336
12996,22.75,21.907554626464844
12997,52.02000045776367,52.2606086730957
12998,4.739999771118164,3.154836893081665
12999,10.510000228881836,10.628957748413086
13000,20.729999542236328,20.4176025390625
13001,47.599998474121094,47.031593322753906
13002,12.800000190734863,11.539158821105957
13003,17.309999465942383,16.188310623168945
13004,24.59000015258789,24.815244674682617
13005,24.110000610351562,22.75575065612793
13006,26.90999984741211,26.947988510131836
13007,11.670000076293945,9.6211519241333
13008,54.150001525878906,54.463409423828125
13009,25.1299991607666,24.771146774291992
13010,47.369998931884766,47.51034164428711
13011,7.570000171661377,7.4591851234436035
13012,7.329999923706055,5.676736354827881
13013,26.56999969482422,25.187788009643555
13014,16.889999389648438,15.357038497924805
13015,19.81999969482422,18.02533531188965
13016,36.27000045776367,34.17424011230469
13017,22.399999618530273,22.278362274169922
13018,13.220000267028809,12.444206237792969
13019,17.6200008392334,14.037466049194336
13020,32.86000061035156,30.382917404174805
13021,5.920000076293945,6.365956783294678
13022,53.869998931884766,51.68487548828125
13023,47.56999969482422,45.1683464050293
13024,25.469999313354492,24.313325881958008
13025,12.729999542236328,11.127197265625
13026,10.020000457763672,9.359498977661133
13027,65.66000366210938,65.06195068359375
13028,43.380001068115234,42.13702392578125
13029,33.54999923706055,32.6597900390625
13030,22.969999313354492,21.628881454467773
13031,22.15999984741211,22.922504425048828
13032,14.760000228881836,14.157549858093262
13033,20.989999771118164,19.71449851989746
13034,3.3399999141693115,4.522536277770996
13035,19.989999771118164,19.038448333740234
13036,28.5,28.555557250976562
13037,8.670000076293945,7.645977020263672
13038,21.290000915527344,19.658000946044922
13039,16.440000534057617,15.270297050476074
13040,20.170000076293945,18.40837860107422
13041,5.389999866485596,3.570905923843384
13042,28.81999969482422,28.685277938842773
13043,17.719999313354492,17.48955535888672
13044,10.979999542236328,8.851997375488281
13045,27.239999771118164,26.801652908325195
13046,28.860000610351562,27.393693923950195
13047,35.040000915527344,34.12564468383789
13048,25.40999984741211,24.826683044433594
13049,42.959999084472656,40.72346878051758
13050,68.06999969482422,61.58294677734375
13051,27.0,25.66708755493164
13052,6.980000019073486,6.603652477264404
13053,71.08000183105469,69.30180358886719
13054,30.860000610351562,29.380781173706055
13055,12.170000076293945,10.047151565551758
13056,27.850000381469727,26.123498916625977
13057,36.61000061035156,34.17640686035156
13058,25.739999771118164,23.493520736694336
13059,51.54999923706055,44.06863784790039
13060,20.399999618530273,17.519779205322266
13061,27.09000015258789,26.27935791015625
13062,50.849998474121094,51.08385467529297
13063,51.130001068115234,51.64596176147461
13064,14.850000381469727,13.865854263305664
13065,17.8700008392334,18.180191040039062
13066,38.29999923706055,37.825016021728516
13067,38.2599983215332,35.65007400512695
13068,21.5,21.760709762573242
13069,24.520000457763672,23.52921485900879
13070,18.889999389648438,17.706207275390625
13071,15.989999771118164,15.061785697937012
13072,42.040000915527344,40.291259765625
13073,34.900001525878906,35.56707763671875
13074,21.149999618530273,20.059505462646484
13075,24.18000030517578,24.64527702331543
13076,11.520000457763672,10.114326477050781
13077,11.529999732971191,9.890049934387207
13078,66.22000122070312,62.184303283691406
13079,20.829999923706055,21.14468002319336
13080,18.8799991607666,18.211528778076172
13081,5.309999942779541,4.46492338180542
13082,18.700000762939453,17.285934448242188
13083,26.34000015258789,24.826339721679688
13084,51.41999816894531,49.22820281982422
13085,21.520000457763672,20.168758392333984
13086,28.84000015258789,26.10910987854004
13087,9.569999694824219,9.142939567565918
13088,38.02000045776367,36.57234191894531
13089,22.8799991607666,20.6404972076416
13090,38.20000076293945,37.415435791015625
13091,37.189998626708984,36.47233200073242
13092,19.190000534057617,18.205453872680664
13093,25.260000228881836,22.544797897338867
13094,10.729999542236328,9.779326438903809
13095,16.25,15.409453392028809
13096,39.16999816894531,38.8979377746582
13097,34.189998626708984,34.235130310058594
13098,34.7400016784668,35.24700164794922
13099,5.829999923706055,5.259696960449219
13100,52.86000061035156,56.4744758605957
13101,25.700000762939453,26.027286529541016
13102,47.83000183105469,47.531551361083984
13103,75.55999755859375,73.32060241699219
13104,10.5600004196167,8.696717262268066
13105,4.090000152587891,3.1646196842193604
13106,12.390000343322754,12.026043891906738
13107,6.5,5.947028160095215
13108,16.68000030517578,16.556400299072266
13109,9.100000381469727,8.380149841308594
13110,49.04999923706055,45.581050872802734
13111,36.90999984741211,36.664405822753906
13112,47.83000183105469,45.306739807128906
13113,14.100000381469727,13.402653694152832
13114,14.0,14.928548812866211
13115,43.58000183105469,42.3106575012207
13116,9.5,8.899657249450684
13117,33.18000030517578,32.470947265625
13118,44.310001373291016,44.20317077636719
13119,2.309999942779541,2.459515333175659
13120,37.70000076293945,36.45777130126953
13121,36.130001068115234,34.80521774291992
13122,38.11000061035156,36.96665573120117
13123,32.66999816894531,32.04395294189453
13124,34.40999984741211,31.28851318359375
13125,42.869998931884766,39.685123443603516
13126,11.859999656677246,11.151132583618164
13127,66.6500015258789,66.9195556640625
13128,43.06999969482422,41.58626937866211
13129,40.470001220703125,36.2397346496582
13130,25.969999313354492,25.704084396362305
13131,36.84000015258789,36.48102569580078
13132,17.5,17.526390075683594
13133,30.700000762939453,26.593019485473633
13134,31.34000015258789,30.241174697875977
13135,64.12000274658203,62.80640411376953
13136,23.809999465942383,23.47142219543457
13137,25.639999389648438,25.61437225341797
13138,27.360000610351562,25.780193328857422
13139,15.9399995803833,14.579959869384766
13140,20.459999084472656,19.929821014404297
13141,68.19000244140625,63.701316833496094
13142,18.6299991607666,17.842252731323242
13143,14.869999885559082,15.312712669372559
13144,35.93000030517578,33.89701461791992
13145,10.470000267028809,10.31864070892334
13146,26.549999237060547,24.0537052154541
13147,40.380001068115234,40.89128875732422
13148,35.869998931884766,35.459632873535156
13149,33.099998474121094,31.157756805419922
13150,10.149999618530273,8.094992637634277
13151,11.430000305175781,9.870076179504395
13152,47.5099983215332,42.37520217895508
13153,18.270000457763672,18.280717849731445
13154,28.479999542236328,25.91982650756836
13155,54.349998474121094,56.0014762878418
13156,4.0,3.8134400844573975
13157,68.0999984741211,65.63041687011719
13158,58.34000015258789,58.374061584472656
13159,38.720001220703125,38.141929626464844
13160,52.459999084472656,51.027183532714844
13161,37.97999954223633,35.837181091308594
13162,14.819999694824219,15.448295593261719
13163,26.530000686645508,24.42519760131836
13164,3.140000104904175,1.9187079668045044
13165,25.649999618530273,24.591962814331055
13166,49.130001068115234,47.69602584838867
13167,14.180000305175781,12.491215705871582
13168,39.099998474121094,37.24760437011719
13169,47.45000076293945,47.50986862182617
13170,41.790000915527344,38.82514953613281
13171,10.34000015258789,9.717633247375488
13172,25.479999542236328,24.21123504638672
13173,36.31999969482422,34.298797607421875
13174,31.049999237060547,29.183818817138672
13175,10.890000343322754,10.953513145446777
13176,16.889999389648438,15.00070858001709
13177,17.440000534057617,17.06292724609375
13178,50.0099983215332,46.36024475097656
13179,34.84000015258789,32.952110290527344
13180,49.47999954223633,45.49208068847656
13181,11.140000343322754,8.976258277893066
13182,60.560001373291016,54.14668273925781
13183,50.310001373291016,48.50308609008789
13184,36.790000915527344,34.668212890625
13185,5.940000057220459,5.392327785491943
13186,10.15999984741211,9.765589714050293
13187,24.219999313354492,22.900392532348633
13188,51.029998779296875,53.41261291503906
13189,32.20000076293945,31.48148536682129
13190,28.420000076293945,27.652774810791016
13191,50.61000061035156,51.565513610839844
13192,4.699999809265137,3.217848539352417
13193,23.270000457763672,22.015928268432617
13194,7.78000020980835,7.560410022735596
13195,43.599998474121094,44.81480407714844
13196,66.16000366210938,57.113624572753906
13197,56.689998626708984,53.058876037597656
13198,50.0099983215332,47.53694152832031
13199,3.359999895095825,2.3696789741516113
13200,5.050000190734863,4.4793243408203125
13201,18.18000030517578,16.992300033569336
13202,11.369999885559082,10.84933090209961
13203,44.63999938964844,44.65353775024414
13204,48.83000183105469,48.390506744384766
13205,7.619999885559082,7.372711658477783
13206,12.819999694824219,11.328110694885254
13207,13.289999961853027,12.521172523498535
13208,6.039999961853027,5.060764789581299
13209,5.800000190734863,4.905294418334961
13210,7.599999904632568,7.129124164581299
13211,10.8100004196167,11.475373268127441
13212,23.899999618530273,24.048974990844727
13213,71.4800033569336,68.08726501464844
13214,29.950000762939453,27.365867614746094
13215,33.279998779296875,30.452808380126953
13216,45.33000183105469,45.203155517578125
13217,45.400001525878906,46.0277099609375
13218,41.040000915527344,37.9713134765625
13219,44.869998931884766,42.555442810058594
13220,45.54999923706055,44.75959014892578
13221,28.010000228881836,26.26881980895996
13222,25.010000228881836,23.81100082397461
13223,48.97999954223633,48.81417465209961
13224,14.880000114440918,14.65870189666748
13225,14.699999809265137,13.873778343200684
13226,18.059999465942383,17.67011833190918
13227,23.399999618530273,20.740068435668945
13228,45.7400016784668,42.92149353027344
13229,30.59000015258789,29.38746452331543
13230,15.550000190734863,13.887140274047852
13231,34.900001525878906,35.89049530029297
13232,17.68000030517578,16.598278045654297
13233,19.219999313354492,18.83660125732422
13234,16.049999237060547,14.57709789276123
13235,40.11000061035156,38.458255767822266
13236,38.709999084472656,36.70406723022461
13237,64.62999725341797,63.01357650756836
13238,40.25,35.547027587890625
13239,48.599998474121094,47.63203430175781
13240,21.440000534057617,20.733245849609375
13241,21.350000381469727,19.53993034362793
13242,63.08000183105469,66.5465316772461
13243,28.469999313354492,28.54965591430664
13244,31.350000381469727,28.8065185546875
13245,34.790000915527344,34.577850341796875
13246,24.8700008392334,23.889060974121094
13247,30.309999465942383,28.159746170043945
13248,33.5099983215332,32.80687713623047
13249,33.9900016784668,33.4320182800293
13250,14.369999885559082,13.900110244750977
13251,12.25,11.664480209350586
13252,23.030000686645508,23.97528076171875
13253,3.009999990463257,2.556349515914917
13254,20.389999389648438,18.66844367980957
13255,23.690000534057617,22.63553237915039
13256,13.449999809265137,13.049962997436523
13257,23.43000030517578,22.838703155517578
13258,6.420000076293945,5.689487934112549
13259,12.6899995803833,12.813687324523926
13260,19.010000228881836,17.184711456298828
13261,40.970001220703125,42.5985107421875
13262,2.6700000762939453,1.4932503700256348
13263,30.809999465942383,29.158428192138672
13264,59.59000015258789,56.09907531738281
13265,16.850000381469727,15.981764793395996
13266,40.70000076293945,39.818763732910156
13267,44.880001068115234,43.66812515258789
13268,12.220000267028809,10.989891052246094
13269,14.180000305175781,13.75432014465332
13270,37.09000015258789,35.2183837890625
13271,36.310001373291016,36.99946212768555
13272,33.060001373291016,32.5423583984375
13273,38.529998779296875,37.79136276245117
13274,21.790000915527344,21.34941864013672
13275,18.420000076293945,16.923521041870117
13276,24.450000762939453,25.26545524597168
13277,7.769999980926514,7.114765167236328
13278,31.239999771118164,30.32033920288086
13279,33.7400016784668,32.85383224487305
13280,32.36000061035156,31.308027267456055
13281,9.15999984741211,8.253148078918457
13282,34.900001525878906,31.76055908203125
13283,54.310001373291016,55.199066162109375
13284,32.689998626708984,33.30502700805664
13285,42.599998474121094,41.14659881591797
13286,4.309999942779541,2.413853406906128
13287,4.360000133514404,3.7068119049072266
13288,17.459999084472656,16.670757293701172
13289,11.470000267028809,10.6127290725708
13290,2.6700000762939453,2.381643295288086
13291,21.690000534057617,21.528234481811523
13292,59.790000915527344,54.88288116455078
13293,34.959999084472656,38.965965270996094
13294,25.860000610351562,25.85529899597168
13295,18.389999389648438,16.14754867553711
13296,39.15999984741211,38.029258728027344
13297,24.329999923706055,22.45946502685547
13298,18.719999313354492,18.214330673217773
13299,57.54999923706055,56.18268585205078
13300,58.880001068115234,57.30237579345703
13301,51.16999816894531,46.514522552490234
13302,16.219999313354492,15.257696151733398
13303,24.59000015258789,22.93918800354004
13304,39.38999938964844,37.07209014892578
13305,13.880000114440918,13.080230712890625
13306,17.309999465942383,15.930850982666016
13307,7.659999847412109,7.635353088378906
13308,20.8700008392334,19.756011962890625
13309,48.52000045776367,47.89834976196289
13310,30.81999969482422,29.53390884399414
13311,70.77999877929688,66.79947662353516
13312,14.020000457763672,14.280046463012695
13313,22.950000762939453,21.33563232421875
13314,32.119998931884766,30.655261993408203
13315,24.8700008392334,24.14335060119629
13316,24.850000381469727,25.852500915527344
13317,9.569999694824219,9.124903678894043
13318,50.150001525878906,48.85409164428711
13319,39.779998779296875,37.66276168823242
13320,16.760000228881836,15.398890495300293
13321,5.340000152587891,4.4277849197387695
13322,37.779998779296875,37.21583557128906
13323,36.810001373291016,40.14340591430664
13324,39.68000030517578,41.01520538330078
13325,7.610000133514404,7.427267551422119
13326,11.4399995803833,11.034355163574219
13327,33.75,31.85373878479004
13328,67.01000213623047,61.30595397949219
13329,45.16999816894531,45.81312561035156
13330,20.469999313354492,20.068946838378906
13331,18.1200008392334,17.399187088012695
13332,43.290000915527344,42.174652099609375
13333,47.689998626708984,47.58277893066406
13334,50.13999938964844,49.02294158935547
13335,33.290000915527344,31.606515884399414
13336,34.209999084472656,33.273841857910156
13337,15.229999542236328,15.960856437683105
13338,16.020000457763672,13.832775115966797
13339,34.540000915527344,31.048023223876953
13340,55.70000076293945,53.57541275024414
13341,14.739999771118164,14.286523818969727
13342,49.880001068115234,47.53521728515625
13343,31.59000015258789,28.99660873413086
13344,59.95000076293945,54.759151458740234
13345,28.93000030517578,25.499759674072266
13346,5.800000190734863,6.581406593322754
13347,41.5099983215332,42.748512268066406
13348,57.119998931884766,54.32782745361328
13349,58.130001068115234,56.59346389770508
13350,39.720001220703125,37.054115295410156
13351,67.88999938964844,68.86244201660156
13352,23.260000228881836,22.1485652923584
13353,28.510000228881836,30.272621154785156
13354,38.380001068115234,35.92707443237305
13355,8.34000015258789,7.265820503234863
13356,25.850000381469727,23.247562408447266
13357,22.010000228881836,20.726545333862305
13358,33.540000915527344,34.58778762817383
13359,38.380001068115234,35.19035720825195
13360,7.25,6.382121562957764
13361,28.559999465942383,27.40093231201172
13362,15.170000076293945,13.535356521606445
13363,12.899999618530273,11.904565811157227
13364,26.040000915527344,24.957847595214844
13365,25.360000610351562,23.092174530029297
13366,17.639999389648438,15.542806625366211
13367,38.189998626708984,37.07931137084961
13368,7.21999979019165,7.283327102661133
13369,41.900001525878906,39.82151412963867
13370,19.690000534057617,18.999713897705078
13371,48.540000915527344,46.42776870727539
13372,14.949999809265137,13.90228271484375
13373,6.980000019073486,5.9064249992370605
13374,22.3700008392334,20.28263282775879
13375,14.84000015258789,13.954596519470215
13376,3.9700000286102295,2.408621311187744
13377,22.610000610351562,20.508689880371094
13378,19.25,19.177440643310547
13379,16.360000610351562,16.52667999267578
13380,40.2400016784668,44.36947250366211
13381,42.95000076293945,41.0350456237793
13382,4.300000190734863,3.783557176589966
13383,17.110000610351562,15.778193473815918
13384,35.72999954223633,34.399375915527344
13385,5.679999828338623,5.259219646453857
13386,18.530000686645508,17.795982360839844
13387,11.329999923706055,11.18971061706543
13388,15.829999923706055,15.34294605255127
13389,21.399999618530273,18.552001953125
13390,5.130000114440918,3.3217663764953613
13391,27.229999542236328,26.890602111816406
13392,52.02000045776367,49.92654800415039
13393,28.329999923706055,27.21835708618164
13394,17.770000457763672,16.77349281311035
13395,39.27000045776367,39.324554443359375
13396,47.9900016784668,45.181053161621094
13397,39.0099983215332,37.6863899230957
13398,23.079999923706055,21.975372314453125
13399,27.56999969482422,27.5474853515625
13400,12.880000114440918,9.184054374694824
13401,32.349998474121094,30.261703491210938
13402,45.43000030517578,44.092063903808594
13403,65.80999755859375,67.23152160644531
13404,41.83000183105469,38.595428466796875
13405,34.0099983215332,32.73713684082031
13406,31.020000457763672,30.632722854614258
13407,28.81999969482422,25.802345275878906
13408,26.440000534057617,25.56302833557129
13409,10.930000305175781,9.686389923095703
13410,31.530000686645508,32.64812088012695
13411,27.200000762939453,26.16680908203125
13412,33.20000076293945,33.10782241821289
13413,13.90999984741211,13.371849060058594
13414,59.209999084472656,56.61485290527344
13415,40.279998779296875,39.5213623046875
13416,29.959999084472656,28.6234130859375
13417,52.15999984741211,45.224063873291016
13418,33.099998474121094,28.87134552001953
13419,53.720001220703125,49.79381561279297
13420,26.610000610351562,27.214160919189453
13421,11.430000305175781,10.256441116333008
13422,37.540000915527344,36.28902053833008
13423,5.0,4.2194719314575195
13424,46.45000076293945,44.357696533203125
13425,27.190000534057617,25.898225784301758
13426,53.68000030517578,53.12516403198242
13427,14.680000305175781,13.164463996887207
13428,28.020000457763672,25.268218994140625
13429,13.239999771118164,11.292879104614258
13430,34.2400016784668,30.217247009277344
13431,52.630001068115234,51.70568084716797
13432,30.239999771118164,28.58587646484375
13433,33.33000183105469,33.38761901855469
13434,5.050000190734863,5.839710235595703
13435,25.260000228881836,24.623703002929688
13436,49.70000076293945,48.5396728515625
13437,32.66999816894531,30.87548828125
13438,16.450000762939453,15.656150817871094
13439,22.219999313354492,20.488662719726562
13440,12.1899995803833,10.81527328491211
13441,25.81999969482422,26.298120498657227
13442,39.470001220703125,39.55479431152344
13443,8.899999618530273,8.327113151550293
13444,35.630001068115234,35.19268035888672
13445,19.270000457763672,19.182884216308594
13446,18.110000610351562,16.80338478088379
13447,28.329999923706055,29.712717056274414
13448,15.010000228881836,13.467280387878418
13449,20.260000228881836,18.63202476501465
13450,28.450000762939453,27.352319717407227
13451,20.670000076293945,19.147502899169922
13452,44.060001373291016,44.094764709472656
13453,11.010000228881836,10.320795059204102
13454,44.16999816894531,44.54725646972656
13455,30.450000762939453,28.665645599365234
13456,2.7799999713897705,2.2474167346954346
13457,28.360000610351562,29.273391723632812
13458,33.790000915527344,32.802406311035156
13459,28.6299991607666,26.98879051208496
13460,26.40999984741211,25.00617218017578
13461,70.66000366210938,66.7380142211914
13462,28.56999969482422,26.43633460998535
13463,7.929999828338623,7.017718315124512
13464,76.73999786376953,71.48262023925781
13465,56.97999954223633,52.58445739746094
13466,25.809999465942383,24.72675323486328
13467,15.899999618530273,14.920378684997559
13468,17.18000030517578,16.179086685180664
13469,12.569999694824219,10.951977729797363
13470,74.5999984741211,71.5285873413086
13471,11.710000038146973,11.349935531616211
13472,17.950000762939453,16.721254348754883
13473,7.559999942779541,5.871866703033447
13474,34.58000183105469,33.74794006347656
13475,0.8600000143051147,1.1636521816253662
13476,44.58000183105469,40.93339920043945
13477,23.6200008392334,23.8850040435791
13478,17.899999618530273,16.886241912841797
13479,14.960000038146973,14.458051681518555
13480,24.549999237060547,24.67608642578125
13481,34.810001373291016,31.290306091308594
13482,31.75,30.536054611206055
13483,37.4900016784668,38.1547737121582
13484,35.150001525878906,32.683685302734375
13485,11.880000114440918,11.277697563171387
13486,10.59000015258789,10.004461288452148
13487,24.06999969482422,22.213645935058594
13488,32.45000076293945,29.924781799316406
13489,24.299999237060547,23.364301681518555
13490,22.34000015258789,23.166263580322266
13491,25.760000228881836,25.665386199951172
13492,30.09000015258789,28.670785903930664
13493,16.59000015258789,15.319103240966797
13494,55.59000015258789,55.96650314331055
13495,24.239999771118164,23.954946517944336
13496,11.970000267028809,11.27938175201416
13497,17.459999084472656,17.017620086669922
13498,66.20999908447266,63.88247299194336
13499,35.43000030517578,33.146183013916016
13500,45.119998931884766,43.33481216430664
13501,25.049999237060547,25.912376403808594
13502,16.079999923706055,15.813628196716309
13503,6.440000057220459,4.4255475997924805
13504,40.400001525878906,35.69013977050781
13505,64.72000122070312,64.83470153808594
13506,67.31999969482422,66.08454132080078
13507,9.760000228881836,10.079145431518555
13508,27.100000381469727,32.60028076171875
13509,13.779999732971191,12.817728042602539
13510,7.019999980926514,6.136972904205322
13511,29.489999771118164,30.852170944213867
13512,52.459999084472656,52.06902313232422
13513,32.400001525878906,32.013553619384766
13514,14.579999923706055,13.113385200500488
13515,46.52000045776367,45.44050598144531
13516,50.09000015258789,47.590702056884766
13517,17.209999084472656,16.7569522857666
13518,29.3799991607666,29.31092643737793
13519,4.119999885559082,3.941621780395508
13520,37.650001525878906,35.11052322387695
13521,20.81999969482422,19.36967658996582
13522,19.989999771118164,19.39960289001465
13523,48.810001373291016,44.05762481689453
13524,33.61000061035156,32.579185485839844
13525,13.380000114440918,12.073296546936035
13526,44.849998474121094,43.39192199707031
13527,10.399999618530273,9.852195739746094
13528,38.66999816894531,36.36388397216797
13529,12.520000457763672,11.169078826904297
13530,21.719999313354492,20.715911865234375
13531,25.219999313354492,22.720413208007812
13532,46.849998474121094,42.02094268798828
13533,31.979999542236328,31.973899841308594
13534,23.479999542236328,23.07870101928711
13535,5.360000133514404,3.826411247253418
13536,10.0600004196167,9.996444702148438
13537,23.860000610351562,20.668148040771484
13538,37.810001373291016,38.6251106262207
13539,19.079999923706055,17.804534912109375
13540,52.43000030517578,50.21935272216797
13541,20.020000457763672,18.845237731933594
13542,59.38999938964844,60.001861572265625
13543,10.140000343322754,9.357690811157227
13544,18.09000015258789,17.013887405395508
13545,23.360000610351562,22.431358337402344
13546,8.470000267028809,8.127152442932129
13547,48.5099983215332,47.2607421875
13548,9.600000381469727,9.297442436218262
13549,16.200000762939453,15.154561042785645
13550,26.889999389648438,25.4635009765625
13551,21.829999923706055,21.405519485473633
13552,5.460000038146973,4.214059352874756
13553,42.25,40.58979034423828
13554,22.290000915527344,21.250595092773438
13555,45.22999954223633,43.43988800048828
13556,8.15999984741211,7.03680944442749
13557,62.09000015258789,60.254249572753906
13558,22.030000686645508,20.373300552368164
13559,3.2300000190734863,3.1951348781585693
13560,13.399999618530273,11.845685958862305
13561,0.6499999761581421,1.1766021251678467
13562,30.010000228881836,27.34579086303711
13563,2.049999952316284,1.7994520664215088
13564,8.859999656677246,7.33034610748291
13565,32.900001525878906,31.002273559570312
13566,13.850000381469727,12.409287452697754
13567,12.84000015258789,12.263894081115723
13568,21.06999969482422,19.88717269897461
13569,12.260000228881836,10.246471405029297
13570,4.480000019073486,3.764253854751587
13571,6.019999980926514,5.198024272918701
13572,20.8799991607666,19.984310150146484
13573,12.569999694824219,11.81930923461914
13574,11.510000228881836,11.182144165039062
13575,3.5799999237060547,3.061676025390625
13576,15.569999694824219,14.242626190185547
13577,16.350000381469727,16.450437545776367
13578,36.40999984741211,34.12651824951172
13579,18.940000534057617,16.163320541381836
13580,36.16999816894531,36.17332077026367
13581,61.63999938964844,59.84609603881836
13582,34.31999969482422,33.520721435546875
13583,37.560001373291016,36.96062469482422
13584,11.920000076293945,11.338132858276367
13585,7.340000152587891,7.392142295837402
13586,5.579999923706055,4.567420482635498
13587,13.329999923706055,12.2078275680542
13588,35.939998626708984,34.55522155761719
13589,45.68000030517578,45.19050979614258
13590,8.130000114440918,7.971741676330566
13591,46.650001525878906,42.118873596191406
13592,30.6299991607666,27.66141700744629
13593,21.65999984741211,20.56739044189453
13594,32.880001068115234,31.22640037536621
13595,7.550000190734863,6.521182060241699
13596,18.790000915527344,17.147558212280273
13597,13.699999809265137,13.07696533203125
13598,24.68000030517578,22.62049674987793
13599,65.7300033569336,62.84075927734375
13600,21.43000030517578,21.058313369750977
13601,12.359999656677246,11.048551559448242
13602,72.45999908447266,69.32351684570312
13603,25.889999389648438,24.60478401184082
13604,22.25,21.51917839050293
13605,41.09000015258789,39.630855560302734
13606,34.08000183105469,32.956382751464844
13607,44.5,40.89650344848633
13608,6.670000076293945,6.248660087585449
13609,14.800000190734863,13.794214248657227
13610,27.329999923706055,24.821338653564453
13611,47.630001068115234,43.5396842956543
13612,12.859999656677246,12.477746963500977
13613,34.15999984741211,30.311450958251953
13614,8.739999771118164,8.219563484191895
13615,10.9399995803833,10.965304374694824
13616,33.459999084472656,32.78401565551758
13617,22.3700008392334,21.9362735748291
13618,45.0,44.44821548461914
13619,10.789999961853027,9.951284408569336
13620,14.670000076293945,15.745314598083496
13621,57.220001220703125,52.68373107910156
13622,32.40999984741211,32.98011779785156
13623,19.90999984741211,19.14360809326172
13624,7.940000057220459,7.923193454742432
13625,9.279999732971191,8.142667770385742
13626,3.3499999046325684,2.1210415363311768
13627,30.229999542236328,28.831815719604492
13628,10.039999961853027,7.839457035064697
13629,21.84000015258789,20.959354400634766
13630,31.760000228881836,30.406169891357422
13631,46.93000030517578,48.23050308227539
13632,26.780000686645508,25.415067672729492
13633,30.15999984741211,31.547285079956055
13634,3.9700000286102295,2.792447566986084
13635,4.710000038146973,3.1571757793426514
13636,25.93000030517578,26.27610969543457
13637,14.670000076293945,14.089499473571777
13638,4.610000133514404,5.221318244934082
13639,47.81999969482422,48.529266357421875
13640,36.25,32.71131134033203
13641,17.780000686645508,16.581445693969727
13642,2.369999885559082,1.4248089790344238
13643,46.650001525878906,46.632022857666016
13644,25.350000381469727,23.896535873413086
13645,52.83000183105469,54.37116241455078
13646,25.790000915527344,24.12725067138672
13647,24.15999984741211,23.145925521850586
13648,25.170000076293945,23.39786148071289
13649,22.3799991607666,21.661338806152344
13650,2.4000000953674316,1.5713139772415161
13651,54.08000183105469,56.232276916503906
13652,11.649999618530273,11.52301025390625
13653,30.31999969482422,29.66050148010254
13654,15.140000343322754,14.383785247802734
13655,11.920000076293945,10.155841827392578
13656,48.2599983215332,46.99139404296875
13657,12.300000190734863,11.607840538024902
13658,19.549999237060547,18.080196380615234
13659,33.150001525878906,31.422210693359375
13660,16.34000015258789,15.273749351501465
13661,38.63999938964844,35.13432312011719
13662,8.220000267028809,8.200959205627441
13663,37.84000015258789,36.700199127197266
13664,24.739999771118164,25.675615310668945
13665,21.6299991607666,20.627086639404297
13666,26.68000030517578,24.12861442565918
13667,56.47999954223633,44.56728744506836
13668,18.829999923706055,18.12657928466797
13669,18.639999389648438,18.609556198120117
13670,41.52000045776367,41.585044860839844
13671,29.219999313354492,28.203401565551758
13672,45.810001373291016,45.69715118408203
13673,39.66999816894531,39.803470611572266
13674,35.459999084472656,32.358787536621094
13675,12.430000305175781,12.131612777709961
13676,13.640000343322754,13.579975128173828
13677,16.860000610351562,16.108549118041992
13678,46.599998474121094,41.672271728515625
13679,25.829999923706055,27.389129638671875
13680,18.81999969482422,18.376571655273438
13681,52.900001525878906,53.866722106933594
13682,36.060001373291016,35.415348052978516
13683,28.229999542236328,27.443988800048828
13684,24.440000534057617,23.45419692993164
13685,13.520000457763672,13.03670597076416
13686,41.95000076293945,38.497005462646484
13687,3.359999895095825,2.2353274822235107
13688,43.529998779296875,41.416908264160156
13689,21.8799991607666,20.08977699279785
13690,43.45000076293945,43.67470932006836
13691,21.579999923706055,20.770790100097656
13692,12.380000114440918,11.487828254699707
13693,18.469999313354492,17.812864303588867
13694,45.90999984741211,47.43220138549805
13695,5.599999904632568,5.2598876953125
13696,9.25,8.346000671386719
13697,13.989999771118164,12.564702033996582
13698,12.229999542236328,11.098494529724121
13699,16.15999984741211,16.206377029418945
13700,8.850000381469727,8.229290962219238
13701,8.430000305175781,7.417592525482178
13702,7.269999980926514,5.188636302947998
13703,24.329999923706055,23.971729278564453
13704,47.380001068115234,41.50902557373047
13705,33.41999816894531,30.926776885986328
13706,25.799999237060547,24.437339782714844
13707,33.40999984741211,32.011688232421875
13708,33.06999969482422,33.1605224609375
13709,11.470000267028809,11.568912506103516
13710,33.869998931884766,33.832054138183594
13711,38.880001068115234,38.491127014160156
13712,75.25,74.41240692138672
13713,32.25,30.321346282958984
13714,14.970000267028809,13.882295608520508
13715,41.20000076293945,38.25012969970703
13716,29.110000610351562,28.814149856567383
13717,24.200000762939453,23.31963539123535
13718,54.16999816894531,51.65237045288086
13719,54.630001068115234,50.38950729370117
13720,7.230000019073486,5.635496616363525
13721,17.15999984741211,15.26476764678955
13722,49.18000030517578,50.16230773925781
13723,49.369998931884766,48.84929656982422
13724,13.020000457763672,12.556679725646973
13725,27.170000076293945,26.837081909179688
13726,30.940000534057617,29.410295486450195
13727,25.8700008392334,25.131458282470703
13728,35.599998474121094,31.57530975341797
13729,11.239999771118164,9.023635864257812
13730,29.190000534057617,27.51624870300293
13731,47.02000045776367,43.275936126708984
13732,5.110000133514404,4.067546367645264
13733,11.199999809265137,10.8313627243042
13734,27.469999313354492,26.494009017944336
13735,55.45000076293945,54.20795440673828
13736,19.760000228881836,19.29203987121582
13737,46.06999969482422,45.30158233642578
13738,22.170000076293945,21.608192443847656
13739,27.1200008392334,25.623130798339844
13740,38.0,35.961849212646484
13741,32.880001068115234,33.7881965637207
13742,23.1200008392334,21.08344268798828
13743,52.0,49.202354431152344
13744,40.290000915527344,41.502410888671875
13745,11.800000190734863,10.746480941772461
13746,17.719999313354492,16.559547424316406
13747,33.790000915527344,34.843727111816406
13748,32.18000030517578,29.56982421875
13749,46.27000045776367,46.11856460571289
13750,18.530000686645508,17.234169006347656
13751,8.930000305175781,7.757475852966309
13752,28.709999084472656,28.04153823852539
13753,41.400001525878906,41.57667541503906
13754,16.84000015258789,18.0183048248291
13755,25.760000228881836,27.236181259155273
13756,25.389999389648438,25.596012115478516
13757,10.850000381469727,11.601752281188965
13758,21.229999542236328,19.628421783447266
13759,14.020000457763672,12.762717247009277
13760,33.61000061035156,32.057861328125
13761,7.840000152587891,7.368542671203613
13762,14.90999984741211,13.670705795288086
13763,42.470001220703125,39.87907409667969
13764,19.670000076293945,17.68377685546875
13765,43.529998779296875,43.37337112426758
13766,31.969999313354492,30.34648323059082
13767,13.15999984741211,12.600362777709961
13768,22.780000686645508,21.91693878173828
13769,39.0099983215332,38.960819244384766
13770,38.939998626708984,35.246917724609375
13771,26.989999771118164,25.211843490600586
13772,35.65999984741211,35.20259094238281
13773,32.349998474121094,31.587860107421875
13774,48.959999084472656,55.102203369140625
13775,13.479999542236328,12.615936279296875
13776,47.08000183105469,51.373714447021484
13777,15.399999618530273,13.920981407165527
13778,35.0,32.8476448059082
13779,40.529998779296875,41.563148498535156
13780,39.4900016784668,40.4926643371582
13781,35.0099983215332,33.01469039916992
13782,32.279998779296875,29.582353591918945
13783,41.18000030517578,40.766780853271484
13784,7.78000020980835,8.028018951416016
13785,55.52000045776367,55.27157211303711
13786,29.729999542236328,27.45502281188965
13787,22.139999389648438,20.73435401916504
13788,12.40999984741211,11.349747657775879
13789,8.649999618530273,7.866650104522705
13790,42.18000030517578,43.27782440185547
13791,30.799999237060547,28.581562042236328
13792,59.099998474121094,61.13373947143555
13793,64.95999908447266,65.0705795288086
13794,3.630000114440918,3.1922035217285156
13795,16.950000762939453,16.838403701782227
13796,69.11000061035156,62.7172966003418
13797,37.099998474121094,33.20405578613281
13798,15.079999923706055,13.748661994934082
13799,13.420000076293945,12.15906047821045
13800,33.4900016784668,32.003883361816406
13801,0.8299999833106995,1.2568806409835815
13802,6.75,5.724527359008789
13803,10.029999732971191,9.389688491821289
13804,21.06999969482422,19.112167358398438
13805,76.37000274658203,72.6955337524414
13806,18.90999984741211,19.481000900268555
13807,44.13999938964844,42.24156951904297
13808,16.059999465942383,15.41354751586914
13809,13.569999694824219,12.908470153808594
13810,21.100000381469727,20.59735107421875
13811,11.609999656677246,10.91798210144043
13812,24.40999984741211,23.12764549255371
13813,46.849998474121094,44.911766052246094
13814,4.409999847412109,3.3747241497039795
13815,23.559999465942383,23.97666358947754
13816,51.97999954223633,50.77631378173828
13817,34.11000061035156,31.115068435668945
13818,21.15999984741211,19.049497604370117
13819,16.010000228881836,14.175882339477539
13820,7.190000057220459,7.28037166595459
13821,46.689998626708984,41.96918869018555
13822,20.1299991607666,18.68227767944336
13823,1.190000057220459,1.0196187496185303
13824,40.790000915527344,39.05820083618164
13825,3.5199999809265137,3.383751153945923
13826,9.600000381469727,8.186407089233398
13827,14.5600004196167,13.990191459655762
13828,44.08000183105469,42.52454376220703
13829,74.41000366210938,66.53880310058594
13830,48.0099983215332,42.970916748046875
13831,49.130001068115234,51.52528381347656
13832,53.470001220703125,52.64017868041992
13833,58.529998779296875,59.2162971496582
13834,59.619998931884766,60.63619613647461
13835,63.279998779296875,64.85694885253906
13836,32.9900016784668,32.65514373779297
13837,27.209999084472656,26.250228881835938
13838,29.600000381469727,30.112140655517578
13839,7.75,6.772183895111084
13840,53.47999954223633,49.39338684082031
13841,49.97999954223633,47.5595703125
13842,29.34000015258789,29.305185317993164
13843,42.709999084472656,42.23905944824219
13844,40.959999084472656,38.30480194091797
13845,17.360000610351562,16.783544540405273
13846,45.0099983215332,47.83590316772461
13847,9.1899995803833,7.670559883117676
13848,27.729999542236328,27.08954620361328
13849,48.08000183105469,50.48316955566406
13850,44.349998474121094,40.113651275634766
13851,53.810001373291016,54.62342071533203
13852,50.72999954223633,49.84614944458008
13853,15.760000228881836,15.127371788024902
13854,25.549999237060547,22.64373016357422
13855,10.029999732971191,8.63610553741455
13856,13.039999961853027,11.53616714477539
13857,74.51000213623047,71.33812713623047
13858,23.790000915527344,23.962480545043945
13859,22.290000915527344,22.04672622680664
13860,40.040000915527344,38.62765884399414
13861,8.270000457763672,7.694007396697998
13862,30.290000915527344,29.16651153564453
13863,38.63999938964844,38.85404586791992
13864,23.360000610351562,21.90341567993164
13865,9.6899995803833,9.068942070007324
13866,10.130000114440918,7.750737190246582
13867,18.1299991607666,17.042654037475586
13868,9.6899995803833,9.833553314208984
13869,6.590000152587891,5.322153568267822
13870,26.290000915527344,24.986522674560547
13871,42.459999084472656,40.340179443359375
13872,19.200000762939453,19.15237045288086
13873,9.729999542236328,9.416156768798828
13874,14.819999694824219,14.238051414489746
13875,36.599998474121094,32.51493835449219
13876,35.970001220703125,34.92313003540039
13877,45.83000183105469,43.54209899902344
13878,17.18000030517578,16.34392738342285
13879,46.060001373291016,47.02625274658203
13880,19.25,18.805801391601562
13881,38.529998779296875,36.41012954711914
13882,14.15999984741211,12.682903289794922
13883,11.579999923706055,10.55068302154541
13884,56.34000015258789,54.40131759643555
13885,23.899999618530273,22.693260192871094
13886,46.349998474121094,38.622318267822266
13887,31.510000228881836,31.85553741455078
13888,32.779998779296875,32.6474609375
13889,74.33000183105469,69.6515121459961
13890,53.79999923706055,52.557701110839844
13891,18.670000076293945,18.0223445892334
13892,16.440000534057617,15.855780601501465
13893,22.600000381469727,21.869237899780273
13894,5.239999771118164,2.3175623416900635
13895,28.799999237060547,27.952957153320312
13896,28.40999984741211,27.277647018432617
13897,23.18000030517578,23.087501525878906
13898,22.520000457763672,31.538724899291992
13899,21.84000015258789,20.3267765045166
13900,54.11000061035156,53.889129638671875
13901,33.77000045776367,31.476253509521484
13902,54.83000183105469,53.77894592285156
13903,14.630000114440918,12.19062328338623
13904,40.31999969482422,39.33821105957031
13905,63.439998626708984,61.73835372924805
13906,60.41999816894531,59.490318298339844
13907,11.510000228881836,9.803194046020508
13908,49.68000030517578,46.453556060791016
13909,63.029998779296875,55.18761444091797
13910,29.25,26.51544761657715
13911,14.619999885559082,13.41850757598877
13912,30.200000762939453,29.164710998535156
13913,25.75,24.690906524658203
13914,44.04999923706055,42.24937057495117
13915,29.899999618530273,27.06880760192871
13916,38.209999084472656,36.50695037841797
13917,48.09000015258789,49.12135696411133
13918,19.530000686645508,20.0736141204834
13919,31.219999313354492,31.885704040527344
13920,42.040000915527344,39.44805908203125
13921,16.739999771118164,14.740445137023926
13922,33.619998931884766,32.37908172607422
13923,3.609999895095825,2.5819530487060547
13924,20.649999618530273,18.156648635864258
13925,23.799999237060547,21.52671241760254
13926,41.540000915527344,38.421260833740234
13927,17.770000457763672,17.218090057373047
13928,31.040000915527344,32.34230422973633
13929,12.649999618530273,11.627416610717773
13930,0.75,2.0814971923828125
13931,31.610000610351562,30.39346694946289
13932,31.260000228881836,30.815975189208984
13933,3.990000009536743,2.854279041290283
13934,28.350000381469727,28.005949020385742
13935,20.360000610351562,18.031911849975586
13936,10.720000267028809,10.312240600585938
13937,17.530000686645508,16.250097274780273
13938,20.270000457763672,19.455629348754883
13939,8.380000114440918,7.624822616577148
13940,43.29999923706055,43.55484390258789
13941,41.2400016784668,40.31849670410156
13942,27.649999618530273,25.229333877563477
13943,23.670000076293945,24.137784957885742
13944,4.760000228881836,3.7542777061462402
13945,15.260000228881836,14.223766326904297
13946,15.350000381469727,15.14387035369873
13947,18.100000381469727,16.554683685302734
13948,51.75,51.324039459228516
13949,16.979999542236328,15.579352378845215
13950,20.829999923706055,20.86872100830078
13951,47.400001525878906,47.770965576171875
13952,55.2599983215332,52.75111389160156
13953,9.329999923706055,7.755148410797119
13954,35.9900016784668,34.9732666015625
13955,3.890000104904175,3.764439105987549
13956,25.8799991607666,24.722692489624023
13957,53.5099983215332,53.800048828125
13958,31.139999389648438,31.350509643554688
13959,28.90999984741211,28.44719696044922
13960,49.88999938964844,49.339481353759766
13961,22.6200008392334,21.116735458374023
13962,9.739999771118164,8.638087272644043
13963,54.5099983215332,50.53519058227539
13964,11.649999618530273,10.533576965332031
13965,38.16999816894531,36.63884735107422
13966,14.220000267028809,12.618256568908691
13967,17.600000381469727,15.779508590698242
13968,6.699999809265137,5.483091831207275
13969,12.779999732971191,12.711633682250977
13970,8.449999809265137,8.474982261657715
13971,67.79000091552734,70.75955200195312
13972,17.829999923706055,16.928739547729492
13973,21.540000915527344,20.31810760498047
13974,6.96999979019165,5.082545757293701
13975,8.300000190734863,8.363672256469727
13976,15.199999809265137,14.882397651672363
13977,31.739999771118164,31.725723266601562
13978,9.899999618530273,9.711054801940918
13979,6.929999828338623,6.551257133483887
13980,22.739999771118164,22.535764694213867
13981,30.649999618530273,31.899972915649414
13982,50.220001220703125,50.58696365356445
13983,9.880000114440918,9.440484046936035
13984,15.600000381469727,14.826220512390137
13985,55.599998474121094,51.92892074584961
13986,41.310001373291016,39.696495056152344
13987,26.100000381469727,25.222991943359375
13988,24.950000762939453,23.009492874145508
13989,18.040000915527344,16.877735137939453
13990,27.579999923706055,26.46617317199707
13991,16.459999084472656,15.920934677124023
13992,19.510000228881836,18.934284210205078
13993,22.049999237060547,21.165952682495117
13994,3.9200000762939453,2.9294583797454834
13995,46.560001373291016,43.39961242675781
13996,10.739999771118164,10.493468284606934
13997,28.329999923706055,32.02431106567383
13998,25.06999969482422,24.669166564941406
13999,36.119998931884766,37.792930603027344
14000,18.170000076293945,16.76406478881836
14001,45.04999923706055,44.32019805908203
14002,14.5,12.853639602661133
14003,29.719999313354492,27.463544845581055
14004,14.640000343322754,13.634279251098633
14005,30.190000534057617,28.55368423461914
14006,20.709999084472656,19.936397552490234
14007,41.310001373291016,38.812599182128906
14008,56.36000061035156,51.2321662902832
14009,22.549999237060547,21.833507537841797
14010,17.399999618530273,15.635937690734863
14011,27.440000534057617,27.001941680908203
14012,55.790000915527344,55.425689697265625
14013,15.619999885559082,14.308343887329102
14014,27.809999465942383,27.256763458251953
14015,12.069999694824219,11.320466041564941
14016,6.889999866485596,5.671050548553467
14017,21.739999771118164,22.041061401367188
14018,38.869998931884766,37.22868347167969
14019,56.11000061035156,55.407859802246094
14020,25.75,26.604339599609375
14021,46.400001525878906,47.19896697998047
14022,46.060001373291016,49.68345260620117
14023,67.23999786376953,69.7093734741211
14024,34.689998626708984,35.19937515258789
14025,30.59000015258789,28.529544830322266
14026,25.780000686645508,26.211469650268555
14027,39.27000045776367,35.65550994873047
14028,34.5099983215332,33.5505256652832
14029,23.149999618530273,21.913339614868164
14030,71.80999755859375,70.59033966064453
14031,43.88999938964844,41.48908615112305
14032,37.099998474121094,37.21240997314453
14033,34.65999984741211,32.887298583984375
14034,36.20000076293945,35.97190856933594
14035,43.88999938964844,40.04373550415039
14036,18.1200008392334,16.729494094848633
14037,34.47999954223633,32.131500244140625
14038,9.140000343322754,7.697885036468506
14039,11.6899995803833,11.741991996765137
14040,45.790000915527344,45.810386657714844
14041,30.270000457763672,30.72150421142578
14042,18.1299991607666,16.116968154907227
14043,73.4800033569336,66.62532806396484
14044,53.4900016784668,51.50895309448242
14045,30.760000228881836,31.576929092407227
14046,25.8700008392334,24.950227737426758
14047,17.969999313354492,17.2789363861084
14048,62.27000045776367,55.19017028808594
14049,19.549999237060547,19.235549926757812
14050,6.53000020980835,6.656737804412842
14051,12.930000305175781,12.651298522949219
14052,79.05999755859375,69.38375091552734
14053,68.83000183105469,70.24034118652344
14054,32.65999984741211,33.12923812866211
14055,48.27000045776367,47.118995666503906
14056,20.8700008392334,19.82480239868164
14057,35.06999969482422,31.82721519470215
14058,41.060001373291016,39.66080093383789
14059,37.40999984741211,37.95698165893555
14060,29.5,28.575767517089844
14061,18.520000457763672,17.27466583251953
14062,17.84000015258789,16.971420288085938
14063,27.399999618530273,26.17582893371582
14064,22.709999084472656,21.560569763183594
14065,28.360000610351562,30.082265853881836
14066,5.369999885559082,4.675054550170898
14067,27.5,26.103992462158203
14068,46.119998931884766,43.38645553588867
14069,29.1299991607666,29.628023147583008
14070,33.130001068115234,31.505765914916992
14071,7.360000133514404,3.8081557750701904
14072,30.170000076293945,29.907878875732422
14073,13.6899995803833,13.214385032653809
14074,31.360000610351562,30.1087646484375
14075,35.22999954223633,34.56847381591797
14076,28.610000610351562,27.53507423400879
14077,51.599998474121094,48.0175895690918
14078,14.279999732971191,14.46329116821289
14079,26.399999618530273,24.47916030883789
14080,17.399999618530273,15.419246673583984
14081,12.649999618530273,13.240023612976074
14082,10.0,9.58781623840332
14083,18.440000534057617,17.7086181640625
14084,24.68000030517578,23.13017463684082
14085,32.27000045776367,32.648399353027344
14086,78.30000305175781,70.97370910644531
14087,35.08000183105469,34.84449768066406
14088,43.36000061035156,41.263275146484375
14089,15.079999923706055,14.768793106079102
14090,68.5999984741211,66.34210205078125
14091,54.400001525878906,55.715179443359375
14092,40.56999969482422,38.952388763427734
14093,74.25,71.57896423339844
14094,56.16999816894531,54.63081359863281
14095,21.34000015258789,20.17340087890625
14096,29.209999084472656,27.98684310913086
14097,9.640000343322754,8.723669052124023
14098,9.050000190734863,9.349132537841797
14099,24.030000686645508,24.444433212280273
14100,41.400001525878906,37.79821014404297
14101,39.41999816894531,39.402198791503906
14102,70.6500015258789,71.49839782714844
14103,34.52000045776367,35.39113235473633
14104,29.770000457763672,31.672256469726562
14105,19.280000686645508,17.562397003173828
14106,6.199999809265137,5.845089435577393
14107,27.40999984741211,27.430713653564453
14108,48.52000045776367,47.57100296020508
14109,45.380001068115234,41.457008361816406
14110,70.41999816894531,66.92227935791016
14111,15.489999771118164,13.685783386230469
14112,9.800000190734863,8.901325225830078
14113,29.489999771118164,27.250890731811523
14114,24.68000030517578,23.80448341369629
14115,7.679999828338623,7.741810321807861
14116,19.969999313354492,20.2808837890625
14117,15.489999771118164,14.427468299865723
14118,28.940000534057617,27.670495986938477
14119,3.0299999713897705,2.4717416763305664
14120,11.109999656677246,11.019977569580078
14121,37.45000076293945,35.95793533325195
14122,6.019999980926514,5.733125686645508
14123,25.139999389648438,24.597644805908203
14124,26.65999984741211,24.134817123413086
14125,48.290000915527344,48.83387756347656
14126,14.930000305175781,13.344313621520996
14127,17.8700008392334,16.152109146118164
14128,15.65999984741211,14.486888885498047
14129,23.649999618530273,23.14251136779785
14130,39.540000915527344,40.631622314453125
14131,14.960000038146973,13.761421203613281
14132,20.110000610351562,17.40145492553711
14133,30.860000610351562,32.2740478515625
14134,44.91999816894531,43.521209716796875
14135,43.650001525878906,41.499671936035156
14136,28.059999465942383,26.221004486083984
14137,30.0,28.207469940185547
14138,26.690000534057617,25.722923278808594
14139,14.1899995803833,13.219727516174316
14140,27.479999542236328,25.761611938476562
14141,39.9900016784668,40.333980560302734
14142,19.600000381469727,17.859821319580078
14143,14.8100004196167,13.202500343322754
14144,46.040000915527344,46.55580520629883
14145,41.779998779296875,41.83751678466797
14146,33.15999984741211,32.051856994628906
14147,66.91000366210938,64.27381134033203
14148,15.069999694824219,13.878780364990234
14149,17.56999969482422,15.434304237365723
14150,16.329999923706055,15.256922721862793
14151,22.489999771118164,21.61471176147461
14152,14.329999923706055,13.274468421936035
14153,18.729999542236328,17.281517028808594
14154,23.18000030517578,19.27916717529297
14155,24.079999923706055,22.250545501708984
14156,33.47999954223633,30.515670776367188
14157,80.41999816894531,72.02687072753906
14158,38.40999984741211,33.32643127441406
14159,43.56999969482422,43.38868713378906
14160,47.529998779296875,48.41655349731445
14161,54.33000183105469,48.158973693847656
14162,37.040000915527344,38.52204513549805
14163,61.720001220703125,60.93868637084961
14164,9.630000114440918,10.297682762145996
14165,24.469999313354492,22.777332305908203
14166,49.709999084472656,47.23955154418945
14167,10.819999694824219,10.32680892944336
14168,35.5,34.13523483276367
14169,25.809999465942383,25.53588104248047
14170,39.5099983215332,35.847068786621094
14171,19.010000228881836,18.285531997680664
14172,43.63999938964844,43.540077209472656
14173,15.449999809265137,15.267672538757324
14174,4.539999961853027,4.32029914855957
14175,18.170000076293945,16.691036224365234
14176,13.100000381469727,12.760726928710938
14177,10.09000015258789,8.403558731079102
14178,34.27000045776367,32.199031829833984
14179,46.720001220703125,44.003475189208984
14180,13.880000114440918,13.144501686096191
14181,7.659999847412109,7.2492265701293945
14182,31.799999237060547,28.947399139404297
14183,25.59000015258789,23.075923919677734
14184,54.4900016784668,54.108062744140625
14185,32.20000076293945,30.64292335510254
14186,37.2400016784668,38.832786560058594
14187,57.970001220703125,56.15415954589844
14188,13.399999618530273,12.990324974060059
14189,15.720000267028809,15.001935958862305
14190,41.36000061035156,38.105587005615234
14191,9.579999923706055,10.196221351623535
14192,35.790000915527344,36.37086486816406
14193,25.790000915527344,23.813310623168945
14194,21.440000534057617,20.877521514892578
14195,45.599998474121094,44.92340087890625
14196,4.039999961853027,4.19810676574707
14197,7.690000057220459,7.381624698638916
14198,41.0099983215332,39.24431610107422
14199,9.34000015258789,6.773825645446777
14200,41.0,38.840641021728516
14201,25.229999542236328,25.41064453125
14202,18.739999771118164,18.58956527709961
14203,5.860000133514404,4.36792516708374
14204,3.569999933242798,3.459672689437866
14205,40.29999923706055,35.64375305175781
14206,38.2599983215332,38.809261322021484
14207,24.6299991607666,23.991594314575195
14208,9.8100004196167,9.232120513916016
14209,45.5,45.535667419433594
14210,33.7599983215332,32.97718048095703
14211,61.810001373291016,60.15350341796875
14212,20.84000015258789,19.031429290771484
14213,24.93000030517578,24.15033721923828
14214,21.0,19.411483764648438
14215,19.5,17.943296432495117
14216,3.869999885559082,3.8204174041748047
14217,4.460000038146973,7.634899616241455
14218,48.560001373291016,46.023311614990234
14219,55.400001525878906,46.37062454223633
14220,7.0,5.2669854164123535
14221,8.399999618530273,7.719170093536377
14222,39.400001525878906,37.52806854248047
14223,13.5,12.25657844543457
14224,30.729999542236328,31.050838470458984
14225,32.59000015258789,31.739280700683594
14226,55.380001068115234,52.31344223022461
14227,22.31999969482422,22.733020782470703
14228,28.219999313354492,26.692279815673828
14229,14.399999618530273,13.506860733032227
14230,8.800000190734863,7.146717548370361
14231,55.95000076293945,59.38029098510742
14232,51.470001220703125,47.57835006713867
14233,47.70000076293945,49.57841110229492
14234,29.010000228881836,28.80791473388672
14235,22.049999237060547,20.599979400634766
14236,23.6200008392334,24.636547088623047
14237,25.489999771118164,25.572622299194336
14238,24.3799991607666,22.458162307739258
14239,22.709999084472656,21.07730484008789
14240,32.689998626708984,30.654979705810547
14241,10.470000267028809,10.391580581665039
14242,17.010000228881836,16.088031768798828
14243,32.7599983215332,32.656517028808594
14244,6.539999961853027,6.350100517272949
14245,25.969999313354492,26.69285011291504
14246,59.060001373291016,63.022560119628906
14247,13.270000457763672,12.164453506469727
14248,48.47999954223633,48.53748321533203
14249,13.029999732971191,12.738780975341797
14250,25.559999465942383,21.905681610107422
14251,18.040000915527344,16.938297271728516
14252,35.849998474121094,35.383506774902344
14253,4.039999961853027,2.276543140411377
14254,11.430000305175781,10.836012840270996
14255,27.770000457763672,26.277284622192383
14256,42.27000045776367,40.790897369384766
14257,51.310001373291016,50.635597229003906
14258,57.029998779296875,52.88985824584961
14259,18.110000610351562,16.452852249145508
14260,7.440000057220459,3.0442676544189453
14261,29.079999923706055,29.076316833496094
14262,17.489999771118164,15.806200981140137
14263,31.6200008392334,30.579566955566406
14264,31.899999618530273,32.874916076660156
14265,27.600000381469727,26.203964233398438
14266,34.5,33.50961685180664
14267,26.81999969482422,24.986082077026367
14268,23.899999618530273,21.836753845214844
14269,27.40999984741211,27.690359115600586
14270,66.7300033569336,66.3377685546875
14271,21.65999984741211,20.15289306640625
14272,61.66999816894531,56.716339111328125
14273,12.850000381469727,12.226508140563965
14274,34.220001220703125,34.84254455566406
14275,16.6299991607666,15.917118072509766
14276,23.6200008392334,21.773115158081055
14277,58.22999954223633,59.99425506591797
14278,10.649999618530273,10.385640144348145
14279,7.809999942779541,8.052679061889648
14280,39.43000030517578,39.90779495239258
14281,11.1899995803833,10.410337448120117
14282,24.850000381469727,21.007123947143555
14283,17.31999969482422,13.121889114379883
14284,17.389999389648438,15.711642265319824
14285,23.219999313354492,23.874317169189453
14286,10.720000267028809,9.60657024383545
14287,21.600000381469727,20.042572021484375
14288,18.040000915527344,16.939973831176758
14289,15.329999923706055,14.600198745727539
14290,13.380000114440918,12.462368965148926
14291,8.680000305175781,8.056241989135742
14292,17.530000686645508,16.72056007385254
14293,29.290000915527344,29.269100189208984
14294,3.4700000286102295,2.1528427600860596
14295,22.020000457763672,22.262264251708984
14296,17.690000534057617,16.19384002685547
14297,74.47000122070312,71.53260040283203
14298,57.02000045776367,47.756500244140625
14299,15.84000015258789,14.590110778808594
14300,13.359999656677246,13.013015747070312
14301,31.760000228881836,32.778079986572266
14302,27.469999313354492,27.902936935424805
14303,41.869998931884766,37.63716125488281
14304,45.0,41.99903869628906
14305,7.929999828338623,6.7546844482421875
14306,51.22999954223633,51.3787727355957
14307,61.61000061035156,64.97593688964844
14308,23.850000381469727,22.112167358398438
14309,38.7599983215332,36.04347229003906
14310,43.599998474121094,40.908531188964844
14311,10.979999542236328,10.34856128692627
14312,72.80999755859375,72.7889404296875
14313,12.4399995803833,10.973654747009277
14314,22.75,21.009281158447266
14315,30.239999771118164,28.19417953491211
14316,33.9900016784668,35.14146041870117
14317,11.710000038146973,11.292153358459473
14318,7.75,3.633479356765747
14319,54.9900016784668,52.912376403808594
14320,17.510000228881836,15.757582664489746
14321,24.3700008392334,24.856569290161133
14322,17.940000534057617,16.33359718322754
14323,23.440000534057617,24.740358352661133
14324,21.889999389648438,20.144102096557617
14325,12.34000015258789,10.648763656616211
14326,49.5099983215332,51.59168243408203
14327,13.9399995803833,12.427939414978027
14328,27.530000686645508,26.480594635009766
14329,7.559999942779541,6.923722267150879
14330,30.649999618530273,31.141399383544922
14331,23.84000015258789,23.7635555267334
14332,32.72999954223633,31.220312118530273
14333,29.149999618530273,28.513050079345703
14334,6.739999771118164,5.559501647949219
14335,72.83999633789062,70.72773742675781
14336,38.599998474121094,36.21233367919922
14337,8.289999961853027,7.704224586486816
14338,44.15999984741211,41.323219299316406
14339,21.520000457763672,21.284137725830078
14340,24.93000030517578,24.868894577026367
14341,66.37000274658203,65.19232177734375
14342,28.510000228881836,28.103015899658203
14343,24.780000686645508,23.978771209716797
14344,24.600000381469727,29.15318489074707
14345,14.399999618530273,13.616629600524902
14346,36.54999923706055,34.000404357910156
14347,39.630001068115234,38.60501480102539
14348,45.06999969482422,43.440452575683594
14349,46.290000915527344,43.36650085449219
14350,47.63999938964844,48.487281799316406
14351,9.210000038146973,7.114291191101074
14352,24.06999969482422,22.819936752319336
14353,27.649999618530273,29.393524169921875
14354,17.81999969482422,18.597272872924805
14355,59.9900016784668,59.85802459716797
14356,6.119999885559082,5.060334205627441
14357,33.099998474121094,30.208438873291016
14358,18.350000381469727,16.99203109741211
14359,53.040000915527344,49.431373596191406
14360,19.510000228881836,20.485795974731445
14361,31.299999237060547,28.747833251953125
14362,48.84000015258789,47.383907318115234
14363,35.93000030517578,38.04547119140625
14364,22.469999313354492,21.543561935424805
14365,9.170000076293945,8.009591102600098
14366,22.709999084472656,26.64093780517578
14367,9.229999542236328,9.193638801574707
14368,8.930000305175781,8.47681999206543
14369,41.65999984741211,40.94607925415039
14370,8.0,4.740090370178223
14371,33.2400016784668,31.29530906677246
14372,39.970001220703125,38.939422607421875
14373,29.200000762939453,27.07508087158203
14374,26.850000381469727,26.221277236938477
14375,11.880000114440918,11.380573272705078
14376,15.0,13.77569580078125
14377,21.290000915527344,20.288780212402344
14378,35.15999984741211,34.1326904296875
14379,13.119999885559082,12.530363082885742
14380,66.83999633789062,64.10794067382812
14381,32.380001068115234,33.203704833984375
14382,41.380001068115234,43.54739761352539
14383,54.66999816894531,52.60615539550781
14384,39.91999816894531,39.77351760864258
14385,41.13999938964844,40.206111907958984
14386,32.2400016784668,32.47272872924805
14387,20.549999237060547,21.332382202148438
14388,27.040000915527344,30.098112106323242
14389,11.949999809265137,10.478527069091797
14390,6.860000133514404,4.489393711090088
14391,36.40999984741211,35.792869567871094
14392,38.439998626708984,36.27687454223633
14393,38.2599983215332,37.51661682128906
14394,17.940000534057617,16.990894317626953
14395,5.150000095367432,5.59487247467041
14396,13.949999809265137,13.24130916595459
14397,61.790000915527344,58.894378662109375
14398,32.599998474121094,30.635366439819336
14399,33.130001068115234,32.27550506591797
14400,15.460000038146973,14.697293281555176
14401,49.59000015258789,53.32067108154297
14402,41.72999954223633,43.20866394042969
14403,12.069999694824219,10.622329711914062
14404,34.43000030517578,32.866641998291016
14405,20.809999465942383,18.43168067932129
14406,10.779999732971191,9.733154296875
14407,14.010000228881836,12.1724853515625
14408,8.289999961853027,8.002281188964844
14409,17.850000381469727,17.60833168029785
14410,49.11000061035156,47.25929260253906
14411,41.099998474121094,40.52851867675781
14412,32.16999816894531,30.538436889648438
14413,8.970000267028809,7.160795211791992
14414,43.189998626708984,40.979373931884766
14415,34.81999969482422,32.959686279296875
14416,35.91999816894531,34.22393798828125
14417,19.15999984741211,17.774160385131836
14418,36.47999954223633,35.366859436035156
14419,17.1200008392334,16.990203857421875
14420,32.13999938964844,33.06813049316406
14421,32.11000061035156,32.74456024169922
14422,45.18000030517578,45.17379379272461
14423,25.25,25.945106506347656
14424,26.8799991607666,25.484159469604492
14425,19.90999984741211,18.700347900390625
14426,8.380000114440918,7.840953826904297
14427,45.95000076293945,45.83466720581055
14428,12.460000038146973,12.286670684814453
14429,16.6299991607666,15.879554748535156
14430,21.270000457763672,20.473155975341797
14431,34.34000015258789,33.50019454956055
14432,11.239999771118164,9.797026634216309
14433,11.199999809265137,10.772567749023438
14434,20.6200008392334,19.00797462463379
14435,31.100000381469727,30.473907470703125
14436,27.709999084472656,24.327743530273438
14437,32.54999923706055,28.831026077270508
14438,28.290000915527344,26.13954734802246
14439,48.0099983215332,47.86112594604492
14440,26.809999465942383,24.742597579956055
14441,33.41999816894531,31.617782592773438
14442,25.139999389648438,24.90325355529785
14443,39.52000045776367,40.53247833251953
14444,12.970000267028809,12.229816436767578
14445,15.579999923706055,14.824294090270996
14446,38.709999084472656,36.054832458496094
14447,24.3799991607666,22.302570343017578
14448,6.039999961853027,4.367602348327637
14449,16.959999084472656,16.291973114013672
14450,5.519999980926514,4.887486457824707
14451,20.190000534057617,19.58050537109375
14452,8.760000228881836,8.283458709716797
14453,73.55999755859375,66.602783203125
14454,18.170000076293945,17.191082000732422
14455,33.56999969482422,31.628948211669922
14456,19.25,18.456541061401367
14457,33.689998626708984,32.12620162963867
14458,20.030000686645508,18.504003524780273
14459,12.539999961853027,12.140159606933594
14460,10.140000343322754,9.127669334411621
14461,23.610000610351562,23.862459182739258
14462,11.930000305175781,10.565799713134766
14463,17.200000762939453,16.05640411376953
14464,45.95000076293945,46.38240432739258
14465,20.31999969482422,20.096248626708984
14466,36.06999969482422,40.04330062866211
14467,12.020000457763672,11.458442687988281
14468,26.700000762939453,24.88407325744629
14469,36.0,36.27769088745117
14470,42.380001068115234,42.1500358581543
14471,13.8100004196167,13.59736156463623
14472,33.689998626708984,32.29218673706055
14473,58.54999923706055,56.87876892089844
14474,20.559999465942383,18.470115661621094
14475,19.540000915527344,19.33091163635254
14476,13.390000343322754,12.545315742492676
14477,45.93000030517578,44.357208251953125
14478,38.4900016784668,38.40693664550781
14479,34.060001373291016,32.4576530456543
14480,13.859999656677246,13.210399627685547
14481,31.479999542236328,30.47931671142578
14482,9.09000015258789,5.888788223266602
14483,8.34000015258789,8.189148902893066
14484,34.7599983215332,32.14726638793945
14485,27.950000762939453,26.162151336669922
14486,53.029998779296875,51.14644241333008
14487,21.8700008392334,21.614885330200195
14488,3.3499999046325684,2.0796003341674805
14489,52.310001373291016,47.036041259765625
14490,46.560001373291016,44.25286865234375
14491,38.43000030517578,38.987571716308594
14492,44.720001220703125,45.20537567138672
14493,23.8700008392334,23.48242950439453
14494,22.559999465942383,24.929445266723633
14495,44.31999969482422,41.5770263671875
14496,5.860000133514404,5.246568202972412
14497,42.439998626708984,41.47697830200195
14498,42.15999984741211,42.3744010925293
14499,6.460000038146973,4.7607855796813965
14500,43.040000915527344,44.27473831176758
14501,35.9900016784668,36.3263053894043
14502,24.25,24.108745574951172
14503,47.529998779296875,48.98423767089844
14504,24.0,23.26682472229004
14505,23.860000610351562,22.902484893798828
14506,28.469999313354492,31.471969604492188
14507,34.59000015258789,34.451541900634766
14508,35.459999084472656,34.86112594604492
14509,10.0600004196167,8.890053749084473
14510,34.22999954223633,30.36989974975586
14511,20.40999984741211,20.805953979492188
14512,43.72999954223633,36.47321701049805
14513,33.75,31.58608055114746
14514,34.63999938964844,31.74660301208496
14515,30.860000610351562,29.392372131347656
14516,55.029998779296875,56.46412658691406
14517,38.5,36.72267150878906
14518,5.449999809265137,5.891593933105469
14519,40.36000061035156,37.07036590576172
14520,48.38999938964844,52.623138427734375
14521,19.0,16.575164794921875
14522,18.780000686645508,18.504531860351562
14523,30.219999313354492,29.729690551757812
14524,33.709999084472656,34.95292663574219
14525,28.940000534057617,28.575023651123047
14526,23.959999084472656,21.01333236694336
14527,44.5,43.77850341796875
14528,46.060001373291016,45.69175720214844
14529,49.380001068115234,47.999855041503906
14530,6.050000190734863,4.430149078369141
14531,18.850000381469727,19.744503021240234
14532,32.34000015258789,32.11007308959961
14533,36.560001373291016,35.53185272216797
14534,35.15999984741211,32.139041900634766
14535,36.91999816894531,37.707908630371094
14536,48.04999923706055,46.53417205810547
14537,22.850000381469727,22.93528175354004
14538,4.630000114440918,4.466729164123535
14539,26.450000762939453,24.484216690063477
14540,8.229999542236328,6.4554572105407715
14541,26.25,23.57345199584961
14542,23.399999618530273,24.89267349243164
14543,12.930000305175781,11.12462043762207
14544,43.9900016784668,43.08993148803711
14545,5.590000152587891,4.2636003494262695
14546,6.900000095367432,6.027402400970459
14547,15.829999923706055,16.09903907775879
14548,15.069999694824219,14.317566871643066
14549,23.139999389648438,22.494754791259766
14550,51.459999084472656,49.64537048339844
14551,46.36000061035156,45.08660888671875
14552,38.06999969482422,35.492191314697266
14553,25.239999771118164,24.759014129638672
14554,28.549999237060547,28.0638427734375
14555,11.050000190734863,10.6343355178833
14556,15.079999923706055,14.046100616455078
14557,47.88999938964844,44.728065490722656
14558,24.030000686645508,25.11279296875
14559,11.3100004196167,10.316238403320312
14560,34.400001525878906,31.489431381225586
14561,29.239999771118164,27.194568634033203
14562,44.59000015258789,45.765586853027344
14563,37.13999938964844,37.86829376220703
14564,16.610000610351562,14.812870979309082
14565,6.550000190734863,4.274467468261719
14566,32.7599983215332,33.90166473388672
14567,25.329999923706055,23.16856575012207
14568,19.139999389648438,17.885793685913086
14569,11.789999961853027,9.615839958190918
14570,15.920000076293945,14.094852447509766
14571,20.229999542236328,18.592113494873047
14572,34.41999816894531,32.94025802612305
14573,3.3499999046325684,2.346843719482422
14574,1.5299999713897705,1.5082231760025024
14575,39.099998474121094,38.62156677246094
14576,25.6200008392334,26.20414924621582
14577,15.319999694824219,14.285472869873047
14578,28.739999771118164,25.943452835083008
14579,29.040000915527344,27.990848541259766
14580,38.56999969482422,37.5224494934082
14581,24.06999969482422,23.661291122436523
14582,56.81999969482422,58.53379821777344
14583,29.110000610351562,28.195602416992188
14584,36.4900016784668,33.8787727355957
14585,25.489999771118164,24.115903854370117
14586,42.540000915527344,41.6272087097168
14587,29.540000915527344,28.764291763305664
14588,56.209999084472656,54.42682647705078
14589,50.66999816894531,47.16853713989258
14590,11.279999732971191,10.32294750213623
14591,39.36000061035156,40.90450668334961
14592,31.149999618530273,30.733102798461914
14593,49.939998626708984,52.61052703857422
14594,14.289999961853027,13.960551261901855
14595,38.310001373291016,35.6930046081543
14596,50.029998779296875,52.309654235839844
14597,22.270000457763672,21.20501136779785
14598,25.5,24.974342346191406
14599,62.0,61.01178741455078
14600,20.100000381469727,22.461135864257812
14601,23.760000228881836,24.087568283081055
14602,20.59000015258789,19.954607009887695
14603,30.760000228881836,28.34568214416504
14604,39.88999938964844,37.15971755981445
14605,25.260000228881836,23.044599533081055
14606,9.15999984741211,9.368522644042969
14607,37.08000183105469,37.672447204589844
14608,13.039999961853027,11.425479888916016
14609,37.529998779296875,33.169647216796875
14610,9.529999732971191,9.11294174194336
14611,63.599998474121094,62.21068572998047
14612,34.77000045776367,29.88974380493164
14613,22.260000228881836,21.606325149536133
14614,48.47999954223633,45.98887634277344
14615,46.400001525878906,41.17997360229492
14616,16.110000610351562,15.2389497756958
14617,49.59000015258789,47.21356964111328
14618,27.93000030517578,27.40736198425293
14619,16.360000610351562,15.084846496582031
14620,27.56999969482422,27.17510986328125
14621,29.350000381469727,26.430770874023438
14622,45.220001220703125,44.370994567871094
14623,2.380000114440918,2.744170665740967
14624,28.559999465942383,27.94086456298828
14625,49.68000030517578,50.22541427612305
14626,18.729999542236328,18.581993103027344
14627,27.780000686645508,27.540163040161133
14628,2.430000066757202,1.3028559684753418
14629,43.849998474121094,34.65732955932617
14630,11.210000038146973,11.042465209960938
14631,24.18000030517578,22.43135643005371
14632,3.640000104904175,3.493504524230957
14633,33.22999954223633,31.363258361816406
14634,51.849998474121094,51.470008850097656
14635,44.45000076293945,44.3980827331543
14636,8.739999771118164,8.07351016998291
14637,48.91999816894531,50.39028549194336
14638,15.300000190734863,14.071619987487793
14639,45.04999923706055,45.55915069580078
14640,52.540000915527344,45.29608154296875
14641,23.100000381469727,22.504714965820312
14642,54.66999816894531,52.11082077026367
14643,8.720000267028809,5.046504974365234
14644,20.1299991607666,17.01740264892578
14645,43.34000015258789,42.477508544921875
14646,46.15999984741211,42.21134567260742
14647,52.2599983215332,52.689674377441406
14648,15.989999771118164,15.795324325561523
14649,14.050000190734863,13.1731595993042
14650,14.359999656677246,13.50612735748291
14651,31.200000762939453,28.757076263427734
14652,18.200000762939453,18.8976993560791
14653,27.31999969482422,25.561019897460938
14654,34.439998626708984,34.669654846191406
14655,61.22999954223633,57.2960205078125
14656,46.97999954223633,43.08540725708008
14657,11.579999923706055,11.359206199645996
14658,9.270000457763672,8.52497673034668
14659,31.610000610351562,29.212158203125
14660,23.860000610351562,21.476707458496094
14661,37.380001068115234,36.371036529541016
14662,36.63999938964844,35.43867874145508
14663,57.68000030517578,57.69646453857422
14664,26.010000228881836,26.404136657714844
14665,25.780000686645508,25.33351707458496
14666,34.529998779296875,35.47959899902344
14667,10.3100004196167,9.466039657592773
14668,29.40999984741211,29.964599609375
14669,31.18000030517578,31.69275665283203
14670,22.950000762939453,22.923931121826172
14671,54.959999084472656,50.079063415527344
14672,14.260000228881836,13.45237922668457
14673,19.829999923706055,18.124086380004883
14674,17.690000534057617,16.88534164428711
14675,7.610000133514404,6.637899398803711
14676,53.040000915527344,54.79780197143555
14677,6.579999923706055,2.1914613246917725
14678,11.449999809265137,11.394726753234863
14679,35.2400016784668,32.46718978881836
14680,72.58000183105469,73.25196075439453
14681,12.619999885559082,12.398258209228516
14682,51.06999969482422,53.80311965942383
14683,21.139999389648438,19.4450740814209
14684,30.520000457763672,29.612079620361328
14685,41.83000183105469,39.87651062011719
14686,25.979999542236328,24.415735244750977
14687,35.2599983215332,35.37135314941406
14688,63.08000183105469,58.7104606628418
14689,29.670000076293945,26.703128814697266
14690,23.940000534057617,23.089616775512695
14691,21.489999771118164,20.9027156829834
14692,6.53000020980835,5.678248882293701
14693,16.84000015258789,17.032669067382812
14694,46.439998626708984,44.587554931640625
14695,21.540000915527344,20.0516300201416
14696,10.010000228881836,9.363329887390137
14697,26.170000076293945,24.65886688232422
14698,16.389999389648438,15.708026885986328
14699,27.079999923706055,23.43368148803711
14700,15.859999656677246,15.507153511047363
14701,14.619999885559082,14.835792541503906
14702,22.100000381469727,20.618465423583984
14703,12.25,11.346170425415039
14704,52.560001373291016,52.924156188964844
14705,48.650001525878906,47.77922821044922
14706,22.309999465942383,22.404991149902344
14707,34.47999954223633,34.0247802734375
14708,12.670000076293945,12.04647159576416
14709,23.469999313354492,21.637413024902344
14710,15.479999542236328,13.907332420349121
14711,18.989999771118164,17.828073501586914
14712,5.170000076293945,3.6949334144592285
14713,2.9800000190734863,1.7357443571090698
14714,11.170000076293945,10.344762802124023
14715,57.33000183105469,56.45158004760742
14716,27.139999389648438,23.938196182250977
14717,11.40999984741211,11.884771347045898
14718,11.6899995803833,9.979166030883789
14719,53.77000045776367,50.278358459472656
14720,68.97000122070312,65.98106384277344
14721,14.510000228881836,14.544299125671387
14722,17.040000915527344,16.374433517456055
14723,25.420000076293945,24.25133514404297
14724,23.760000228881836,22.92300033569336
14725,26.8700008392334,29.899944305419922
14726,71.06999969482422,68.9967041015625
14727,1.8600000143051147,1.0858575105667114
14728,20.579999923706055,20.57061004638672
14729,27.899999618530273,26.831336975097656
14730,45.029998779296875,45.8226203918457
14731,3.9200000762939453,2.9898581504821777
14732,7.590000152587891,8.51919937133789
14733,10.850000381469727,10.355259895324707
14734,17.56999969482422,17.198570251464844
14735,15.010000228881836,14.035285949707031
14736,25.219999313354492,24.217166900634766
14737,9.680000305175781,7.474750995635986
14738,4.849999904632568,3.529245615005493
14739,75.70999908447266,73.95561981201172
14740,44.95000076293945,44.556419372558594
14741,19.200000762939453,17.68307113647461
14742,22.360000610351562,19.305776596069336
14743,13.579999923706055,11.512467384338379
14744,50.18000030517578,48.49347686767578
14745,10.640000343322754,10.216313362121582
14746,22.760000228881836,21.591796875
14747,8.119999885559082,7.488373756408691
14748,25.75,22.78036880493164
14749,33.9900016784668,34.59416198730469
14750,26.950000762939453,26.45355224609375
14751,27.389999389648438,26.652944564819336
14752,4.619999885559082,4.520456790924072
14753,15.670000076293945,15.312335968017578
14754,13.4399995803833,13.54061508178711
14755,1.409999966621399,1.4412646293640137
14756,7.920000076293945,7.206963062286377
14757,18.139999389648438,17.044681549072266
14758,5.849999904632568,4.7343926429748535
14759,32.90999984741211,30.31348419189453
14760,40.40999984741211,38.384849548339844
14761,36.2400016784668,34.470314025878906
14762,27.219999313354492,23.865859985351562
14763,17.25,16.279760360717773
14764,71.45999908447266,69.7900390625
14765,7.010000228881836,4.387110710144043
14766,15.430000305175781,14.231765747070312
14767,17.200000762939453,17.7928466796875
14768,57.369998931884766,56.276214599609375
14769,27.40999984741211,26.780834197998047
14770,33.2400016784668,29.687877655029297
14771,31.899999618530273,30.730419158935547
14772,54.45000076293945,45.922210693359375
14773,45.529998779296875,45.72309875488281
14774,8.0,5.839323997497559
14775,44.970001220703125,46.68682861328125
14776,14.649999618530273,13.1825590133667
14777,7.940000057220459,8.526443481445312
14778,25.450000762939453,24.09457015991211
14779,25.34000015258789,24.02480697631836
14780,15.40999984741211,14.053644180297852
14781,26.190000534057617,26.266582489013672
14782,9.819999694824219,8.696974754333496
14783,14.40999984741211,13.213601112365723
14784,54.45000076293945,52.52522277832031
14785,33.650001525878906,30.850126266479492
14786,42.97999954223633,41.300621032714844
14787,59.34000015258789,54.2258186340332
14788,20.280000686645508,19.445905685424805
14789,17.6299991607666,16.704986572265625
14790,16.34000015258789,14.805388450622559
14791,66.41999816894531,67.2542495727539
14792,4.900000095367432,3.3307037353515625
14793,50.61000061035156,48.06578063964844
14794,10.850000381469727,10.74036693572998
14795,32.380001068115234,31.425779342651367
14796,54.130001068115234,52.24760818481445
14797,57.97999954223633,57.950347900390625
14798,16.1299991607666,16.029760360717773
14799,12.600000381469727,11.159560203552246
14800,28.34000015258789,25.59857177734375
14801,20.299999237060547,19.95703887939453
14802,41.369998931884766,38.85820007324219
14803,10.550000190734863,10.096054077148438
14804,29.950000762939453,28.37291145324707
14805,22.43000030517578,23.42571449279785
14806,31.540000915527344,29.58991241455078
14807,27.139999389648438,24.81797218322754
14808,52.150001525878906,50.548240661621094
14809,10.6899995803833,8.88961124420166
14810,3.3499999046325684,2.018336057662964
14811,17.739999771118164,15.8778076171875
14812,2.8499999046325684,3.9205660820007324
14813,13.449999809265137,12.938187599182129
14814,73.41999816894531,70.16429138183594
14815,31.170000076293945,29.009132385253906
14816,34.15999984741211,33.82943344116211
14817,25.219999313354492,24.982288360595703
14818,21.280000686645508,21.17565155029297
14819,15.760000228881836,14.402756690979004
14820,78.30000305175781,69.43902587890625
14821,33.7599983215332,34.361236572265625
14822,27.59000015258789,26.29363250732422
14823,52.95000076293945,55.96642303466797
14824,21.0,18.459701538085938
14825,50.36000061035156,49.7392463684082
14826,13.0,11.839245796203613
14827,22.790000915527344,22.116039276123047
14828,21.34000015258789,19.642820358276367
14829,23.690000534057617,23.44519805908203
14830,22.420000076293945,21.43601417541504
14831,13.40999984741211,12.027190208435059
14832,14.079999923706055,12.918404579162598
14833,32.13999938964844,30.58336639404297
14834,31.81999969482422,33.92373275756836
14835,56.189998626708984,53.816322326660156
14836,12.720000267028809,11.894817352294922
14837,14.8100004196167,12.993496894836426
14838,38.560001373291016,34.316123962402344
14839,36.40999984741211,31.046451568603516
14840,23.989999771118164,22.722198486328125
14841,27.020000457763672,27.839481353759766
14842,64.77999877929688,62.33566665649414
14843,27.790000915527344,26.50798797607422
14844,38.959999084472656,37.68113708496094
14845,37.79999923706055,37.06771469116211
14846,3.309999942779541,2.0174360275268555
14847,22.649999618530273,20.948896408081055
14848,12.739999771118164,11.765490531921387
14849,18.200000762939453,17.2021484375
14850,45.06999969482422,41.409698486328125
14851,9.90999984741211,7.857824802398682
14852,34.47999954223633,34.95013427734375
14853,24.799999237060547,24.203716278076172
14854,49.75,46.3796272277832
14855,24.610000610351562,24.054439544677734
14856,10.529999732971191,9.197772979736328
14857,40.5,33.63071823120117
14858,46.7400016784668,45.37063217163086
14859,47.630001068115234,45.93889617919922
14860,22.829999923706055,20.016199111938477
14861,31.770000457763672,31.0118465423584
14862,38.029998779296875,36.92198181152344
14863,18.790000915527344,20.998592376708984
14864,41.70000076293945,40.321510314941406
14865,40.540000915527344,39.470306396484375
14866,9.710000038146973,8.750994682312012
14867,15.09000015258789,14.890186309814453
14868,48.0099983215332,46.98782730102539
14869,13.34000015258789,12.481917381286621
14870,33.439998626708984,29.75177764892578
14871,24.489999771118164,25.30718231201172
14872,16.6200008392334,14.62929916381836
14873,59.130001068115234,56.197227478027344
14874,10.449999809265137,9.821060180664062
14875,6.480000019073486,6.281620979309082
14876,55.83000183105469,56.36875915527344
14877,36.369998931884766,36.29363250732422
14878,23.280000686645508,23.273609161376953
14879,27.690000534057617,25.652141571044922
14880,36.810001373291016,33.15009307861328
14881,33.939998626708984,32.41695022583008
14882,40.34000015258789,39.2837028503418
14883,37.380001068115234,35.59752655029297
14884,21.15999984741211,19.142288208007812
14885,18.780000686645508,18.277462005615234
14886,23.1299991607666,23.715003967285156
14887,8.729999542236328,7.53153657913208
14888,33.630001068115234,33.49267578125
14889,23.139999389648438,22.747699737548828
14890,51.84000015258789,52.51072692871094
14891,29.110000610351562,26.76595687866211
14892,22.8700008392334,21.666471481323242
14893,52.040000915527344,53.77569580078125
14894,24.75,24.236427307128906
14895,28.239999771118164,26.834381103515625
14896,51.619998931884766,50.63037109375
14897,38.959999084472656,35.287410736083984
14898,4.239999771118164,2.9857749938964844
14899,29.8799991607666,27.428953170776367
14900,24.6299991607666,25.244258880615234
14901,43.189998626708984,39.858890533447266
14902,26.90999984741211,24.754846572875977
14903,6.079999923706055,5.027900695800781
14904,55.27000045776367,56.97404861450195
14905,21.459999084472656,19.282154083251953
14906,36.86000061035156,36.47950744628906
14907,3.2300000190734863,2.532949686050415
14908,14.40999984741211,13.58721923828125
14909,10.59000015258789,9.782318115234375
14910,22.850000381469727,21.69403839111328
14911,52.150001525878906,56.49308776855469
14912,50.119998931884766,47.883934020996094
14913,23.010000228881836,21.371427536010742
14914,31.860000610351562,29.77090072631836
14915,15.699999809265137,15.857911109924316
14916,22.200000762939453,20.91672134399414
14917,17.229999542236328,16.454111099243164
14918,33.02000045776367,33.1965217590332
14919,18.06999969482422,16.393943786621094
14920,6.769999980926514,5.246983051300049
14921,10.109999656677246,9.586701393127441
14922,9.989999771118164,10.30454158782959
14923,32.72999954223633,32.57491683959961
14924,10.920000076293945,11.531058311462402
14925,59.06999969482422,59.17891311645508
14926,42.619998931884766,39.496978759765625
14927,15.510000228881836,13.48276138305664
14928,2.9700000286102295,2.5001769065856934
14929,44.68000030517578,43.29878234863281
14930,51.849998474121094,51.814781188964844
14931,11.479999542236328,11.981019020080566
14932,34.38999938964844,35.527740478515625
14933,8.020000457763672,7.27175235748291
14934,27.110000610351562,24.633508682250977
14935,4.340000152587891,2.006317377090454
14936,30.440000534057617,29.86935043334961
14937,63.7400016784668,64.5870590209961
14938,26.3799991607666,23.77621078491211
14939,68.04000091552734,66.20706176757812
14940,35.439998626708984,39.19282531738281
14941,12.130000114440918,11.155040740966797
14942,23.979999542236328,22.216869354248047
14943,3.559999942779541,2.4637396335601807
14944,26.8799991607666,27.388351440429688
14945,30.1299991607666,29.447521209716797
14946,34.75,36.174415588378906
14947,50.959999084472656,46.221923828125
14948,5.289999961853027,3.3973169326782227
14949,51.75,51.47502136230469
14950,41.810001373291016,41.53810501098633
14951,33.13999938964844,31.050968170166016
14952,4.21999979019165,3.352548599243164
14953,19.09000015258789,17.706985473632812
14954,24.90999984741211,22.585205078125
14955,30.950000762939453,28.928504943847656
14956,16.899999618530273,16.307838439941406
14957,34.369998931884766,33.87095260620117
14958,17.670000076293945,16.585376739501953
14959,43.09000015258789,43.91339874267578
14960,15.739999771118164,14.686992645263672
14961,13.449999809265137,12.767491340637207
14962,19.450000762939453,18.37620735168457
14963,23.93000030517578,21.786907196044922
14964,27.219999313354492,26.139087677001953
14965,48.689998626708984,47.08454895019531
14966,23.8799991607666,23.564773559570312
14967,26.469999313354492,27.08530616760254
14968,41.75,41.86763381958008
14969,2.700000047683716,2.4113614559173584
14970,15.279999732971191,14.085455894470215
14971,5.019999980926514,5.4260406494140625
14972,42.06999969482422,42.331607818603516
14973,53.279998779296875,51.7509765625
14974,24.649999618530273,24.549457550048828
14975,74.56999969482422,74.08785247802734
14976,2.319999933242798,1.6960501670837402
14977,13.609999656677246,12.416781425476074
14978,30.270000457763672,29.25918197631836
14979,24.329999923706055,23.949783325195312
14980,50.900001525878906,53.28094482421875
14981,47.77000045776367,46.40404510498047
14982,26.43000030517578,24.528827667236328
14983,14.619999885559082,13.45219612121582
14984,12.489999771118164,12.001723289489746
14985,2.119999885559082,1.3386590480804443
14986,25.829999923706055,24.500911712646484
14987,18.979999542236328,16.991992950439453
14988,14.359999656677246,13.836816787719727
14989,11.270000457763672,10.082399368286133
14990,21.989999771118164,21.0086727142334
14991,8.930000305175781,8.208502769470215
14992,10.329999923706055,9.740653038024902
14993,10.170000076293945,10.178716659545898
14994,45.70000076293945,45.202178955078125
14995,39.720001220703125,39.62061309814453
14996,27.280000686645508,25.271284103393555
14997,19.8700008392334,18.936840057373047
14998,56.459999084472656,52.67108154296875
14999,9.710000038146973,8.967107772827148
15000,21.81999969482422,20.699981689453125
15001,11.640000343322754,11.459284782409668
15002,61.70000076293945,64.32616424560547
15003,11.479999542236328,11.220902442932129
15004,24.350000381469727,23.325061798095703
15005,45.7599983215332,42.16913604736328
15006,2.359999895095825,2.3269574642181396
15007,21.6299991607666,20.420209884643555
15008,24.229999542236328,22.900957107543945
15009,12.199999809265137,11.838432312011719
15010,18.34000015258789,16.44860076904297
15011,29.0,28.299591064453125
15012,9.270000457763672,7.9710869789123535
15013,31.360000610351562,32.20640563964844
15014,35.90999984741211,35.405418395996094
15015,19.059999465942383,18.227249145507812
15016,13.550000190734863,13.408913612365723
15017,25.979999542236328,25.358280181884766
15018,16.020000457763672,14.301953315734863
15019,43.45000076293945,43.65308380126953
15020,9.270000457763672,8.11477279663086
15021,16.139999389648438,13.591827392578125
15022,11.5600004196167,10.613390922546387
15023,9.069999694824219,6.308228492736816
15024,17.260000228881836,15.649935722351074
15025,37.209999084472656,34.986000061035156
15026,28.059999465942383,26.545642852783203
15027,8.670000076293945,7.35924768447876
15028,22.579999923706055,22.096654891967773
15029,47.939998626708984,44.56800842285156
15030,25.690000534057617,26.59703826904297
15031,37.59000015258789,36.983272552490234
15032,50.7400016784668,48.707794189453125
15033,46.79999923706055,46.14558410644531
15034,5.110000133514404,3.996218681335449
15035,49.459999084472656,49.51545715332031
15036,4.96999979019165,3.682621955871582
15037,69.55999755859375,70.31366729736328
15038,11.600000381469727,10.722918510437012
15039,11.180000305175781,10.067078590393066
15040,27.639999389648438,26.093778610229492
15041,24.540000915527344,24.02767562866211
15042,42.880001068115234,41.151058197021484
15043,68.20999908447266,68.97315216064453
15044,25.469999313354492,26.104110717773438
15045,24.530000686645508,22.50259780883789
15046,49.86000061035156,50.43688201904297
15047,12.600000381469727,12.77960205078125
15048,43.290000915527344,39.9839973449707
15049,12.510000228881836,12.20034122467041
15050,54.369998931884766,55.03453063964844
15051,40.45000076293945,38.108909606933594
15052,42.22999954223633,39.41173553466797
15053,66.86000061035156,66.4420394897461
15054,10.010000228881836,8.350317001342773
15055,4.789999961853027,3.5714848041534424
15056,31.600000381469727,31.65530014038086
15057,37.459999084472656,40.25763702392578
15058,37.2599983215332,35.46411895751953
15059,29.93000030517578,28.53127098083496
15060,28.059999465942383,28.253936767578125
15061,17.459999084472656,16.534034729003906
15062,19.93000030517578,18.663619995117188
15063,29.399999618530273,29.71149444580078
15064,60.900001525878906,61.8917350769043
15065,46.810001373291016,47.91606903076172
15066,24.440000534057617,23.20009422302246
15067,10.390000343322754,9.770939826965332
15068,39.9900016784668,41.31708526611328
15069,33.880001068115234,34.395362854003906
15070,37.29999923706055,38.30432891845703
15071,54.40999984741211,49.58385467529297
15072,24.670000076293945,24.136327743530273
15073,31.549999237060547,28.83510971069336
15074,9.09000015258789,8.204913139343262
15075,46.150001525878906,44.40952682495117
15076,33.95000076293945,31.207504272460938
15077,2.5999999046325684,2.0736236572265625
15078,40.970001220703125,38.69015884399414
15079,57.540000915527344,58.91156768798828
15080,35.13999938964844,34.99304962158203
15081,19.75,19.56473731994629
15082,10.640000343322754,10.162579536437988
15083,26.75,26.977760314941406
15084,44.11000061035156,41.2144775390625
15085,23.709999084472656,22.806440353393555
15086,30.389999389648438,28.51535415649414
15087,68.12999725341797,63.67051315307617
15088,59.2400016784668,52.53417205810547
15089,32.11000061035156,32.86833572387695
15090,20.979999542236328,19.87144660949707
15091,8.880000114440918,7.930448532104492
15092,35.470001220703125,35.64784622192383
15093,9.25,9.763876914978027
15094,24.040000915527344,23.453325271606445
15095,34.439998626708984,32.37238693237305
15096,36.29999923706055,35.20633316040039
15097,28.670000076293945,21.407089233398438
15098,19.149999618530273,17.137422561645508
15099,11.699999809265137,10.703218460083008
15100,16.8700008392334,16.071584701538086
15101,22.989999771118164,19.565086364746094
15102,58.09000015258789,52.5106086730957
15103,30.979999542236328,29.34820556640625
15104,11.930000305175781,10.747090339660645
15105,25.270000457763672,24.294591903686523
15106,2.109999895095825,1.2077069282531738
15107,50.4900016784668,46.173973083496094
15108,56.79999923706055,57.134254455566406
15109,70.87000274658203,69.64616394042969
15110,3.359999895095825,2.1998817920684814
15111,20.420000076293945,18.589506149291992
15112,19.209999084472656,18.418926239013672
15113,26.020000457763672,25.01305389404297
15114,23.6200008392334,21.750152587890625
15115,46.970001220703125,41.89862823486328
15116,12.34000015258789,12.562174797058105
15117,18.350000381469727,17.66402244567871
15118,3.930000066757202,4.118077754974365
15119,23.729999542236328,23.27431297302246
15120,10.869999885559082,9.617773056030273
15121,18.59000015258789,17.43099594116211
15122,23.420000076293945,22.39311408996582
15123,28.190000534057617,26.023712158203125
15124,28.760000228881836,24.96305274963379
15125,22.280000686645508,20.646432876586914
15126,50.459999084472656,48.21227264404297
15127,7.070000171661377,6.557038307189941
15128,18.170000076293945,17.090591430664062
15129,2.3299999237060547,1.5635833740234375
15130,31.15999984741211,31.112154006958008
15131,48.279998779296875,43.56354904174805
15132,27.8799991607666,27.487369537353516
15133,24.450000762939453,23.77290916442871
15134,35.310001373291016,34.536258697509766
15135,26.700000762939453,26.104839324951172
15136,36.84000015258789,35.96443557739258
15137,4.909999847412109,3.3573927879333496
15138,61.97999954223633,60.227027893066406
15139,29.709999084472656,28.890621185302734
15140,27.8700008392334,27.383621215820312
15141,27.739999771118164,26.43778419494629
15142,14.300000190734863,13.708910942077637
15143,19.93000030517578,18.674137115478516
15144,54.2400016784668,50.83674621582031
15145,8.739999771118164,8.428366661071777
15146,40.189998626708984,41.3071174621582
15147,12.90999984741211,12.843204498291016
15148,10.430000305175781,10.571025848388672
15149,72.9800033569336,68.87808227539062
15150,30.270000457763672,28.0716609954834
15151,18.15999984741211,16.200599670410156
15152,18.940000534057617,16.701904296875
15153,29.329999923706055,30.14034652709961
15154,50.90999984741211,49.13573455810547
15155,10.069999694824219,9.798005104064941
15156,27.989999771118164,25.078956604003906
15157,37.150001525878906,36.67130661010742
15158,40.15999984741211,39.896644592285156
15159,26.110000610351562,25.796798706054688
15160,23.6299991607666,22.154029846191406
15161,22.700000762939453,20.428787231445312
15162,38.380001068115234,35.807151794433594
15163,2.880000114440918,1.4873052835464478
15164,14.9399995803833,13.997171401977539
15165,9.010000228881836,8.378889083862305
15166,36.40999984741211,36.558372497558594
15167,14.800000190734863,13.565044403076172
15168,34.130001068115234,31.429990768432617
15169,6.53000020980835,5.289892196655273
15170,6.420000076293945,6.12669038772583
15171,36.290000915527344,32.70623779296875
15172,57.290000915527344,52.87919998168945
15173,31.100000381469727,30.193395614624023
15174,35.7400016784668,35.561737060546875
15175,14.119999885559082,13.597186088562012
15176,11.739999771118164,11.52587604522705
15177,31.360000610351562,32.3583869934082
15178,44.68000030517578,43.93868637084961
15179,34.4900016784668,31.662092208862305
15180,1.1200000047683716,3.1835379600524902
15181,3.9800000190734863,3.692765951156616
15182,19.610000610351562,20.102779388427734
15183,23.889999389648438,24.17844581604004
15184,30.280000686645508,28.82258415222168
15185,9.420000076293945,8.59759521484375
15186,7.019999980926514,6.05678653717041
15187,33.16999816894531,30.52307891845703
15188,16.100000381469727,18.546968460083008
15189,7.570000171661377,7.121058464050293
15190,26.690000534057617,25.470666885375977
15191,38.15999984741211,36.633453369140625
15192,42.34000015258789,42.01616668701172
15193,10.960000038146973,9.46689224243164
15194,14.079999923706055,12.9152250289917
15195,1.9700000286102295,1.2681241035461426
15196,37.720001220703125,35.324676513671875
15197,21.31999969482422,19.561176300048828
15198,46.88999938964844,43.74232482910156
15199,17.100000381469727,16.198945999145508
15200,27.079999923706055,26.673755645751953
15201,64.75,63.71129608154297
15202,7.010000228881836,5.662904739379883
15203,27.270000457763672,28.3486385345459
15204,22.889999389648438,19.456722259521484
15205,40.0099983215332,38.58283996582031
15206,54.41999816894531,54.20322799682617
15207,10.630000114440918,8.686187744140625
15208,40.02000045776367,38.97124099731445
15209,34.599998474121094,34.44356155395508
15210,34.5099983215332,33.99820327758789
15211,42.47999954223633,41.55415344238281
15212,26.350000381469727,26.065147399902344
15213,29.18000030517578,27.904481887817383
15214,71.16999816894531,73.16600036621094
15215,49.7599983215332,45.589927673339844
15216,22.329999923706055,21.84334945678711
15217,39.29999923706055,36.631492614746094
15218,45.099998474121094,43.452945709228516
15219,17.34000015258789,16.06062126159668
15220,21.5,18.926698684692383
15221,8.09000015258789,7.318127155303955
15222,21.969999313354492,20.478342056274414
15223,30.8799991607666,29.967966079711914
15224,57.45000076293945,56.50257110595703
15225,18.059999465942383,17.42599105834961
15226,13.34000015258789,13.426945686340332
15227,15.520000457763672,13.540066719055176
15228,49.63999938964844,48.407257080078125
15229,24.6200008392334,22.933345794677734
15230,23.68000030517578,21.551389694213867
15231,16.329999923706055,15.912686347961426
15232,13.640000343322754,11.360573768615723
15233,48.040000915527344,47.880279541015625
15234,26.579999923706055,26.680652618408203
15235,6.96999979019165,5.4540252685546875
15236,40.2599983215332,38.38169479370117
15237,74.7699966430664,69.18008422851562
15238,8.710000038146973,7.918910503387451
15239,26.549999237060547,25.60920524597168
15240,45.91999816894531,43.132259368896484
15241,10.460000038146973,9.711468696594238
15242,73.4000015258789,69.655029296875
15243,38.439998626708984,36.757198333740234
15244,9.170000076293945,8.90809154510498
15245,36.220001220703125,36.484901428222656
15246,20.81999969482422,19.721769332885742
15247,31.5,29.94960594177246
15248,25.079999923706055,24.96660614013672
15249,15.220000267028809,14.414156913757324
15250,48.5099983215332,46.437278747558594
15251,9.300000190734863,9.377286911010742
15252,44.47999954223633,44.08155059814453
15253,27.219999313354492,24.742610931396484
15254,26.299999237060547,25.133102416992188
15255,28.489999771118164,27.1901798248291
15256,21.690000534057617,20.587844848632812
15257,15.270000457763672,14.548372268676758
15258,1.2899999618530273,3.3356025218963623
15259,9.279999732971191,7.468057632446289
15260,30.25,28.25269317626953
15261,15.329999923706055,13.921002388000488
15262,18.940000534057617,17.229084014892578
15263,22.520000457763672,22.579980850219727
15264,31.809999465942383,30.823352813720703
15265,25.329999923706055,23.52779197692871
15266,16.020000457763672,16.33147430419922
15267,21.639999389648438,20.883880615234375
15268,30.010000228881836,30.262859344482422
15269,10.630000114440918,10.130192756652832
15270,20.440000534057617,19.25375747680664
15271,32.09000015258789,31.935832977294922
15272,21.520000457763672,20.5250244140625
15273,28.649999618530273,29.381120681762695
15274,31.65999984741211,30.060104370117188
15275,5.539999961853027,4.696940898895264
15276,12.079999923706055,10.688014030456543
15277,10.140000343322754,10.427899360656738
15278,30.3799991607666,27.9653377532959
15279,60.060001373291016,58.74070739746094
15280,23.09000015258789,23.20775604248047
15281,4.570000171661377,2.6188454627990723
15282,26.8799991607666,25.333972930908203
15283,14.470000267028809,13.151073455810547
15284,21.850000381469727,20.091487884521484
15285,24.40999984741211,24.250688552856445
15286,27.6200008392334,26.825210571289062
15287,18.850000381469727,18.53934669494629
15288,3.049999952316284,1.0848565101623535
15289,27.6299991607666,26.274789810180664
15290,39.70000076293945,39.9478645324707
15291,11.260000228881836,10.036307334899902
15292,27.510000228881836,28.417949676513672
15293,5.400000095367432,5.880335807800293
15294,22.190000534057617,21.47512435913086
15295,46.08000183105469,47.54765319824219
15296,8.130000114440918,7.494416236877441
15297,19.520000457763672,19.62244987487793
15298,34.93000030517578,32.73794174194336
15299,30.020000457763672,29.468870162963867
15300,28.6299991607666,27.579864501953125
15301,13.229999542236328,11.987486839294434
15302,34.040000915527344,31.84807014465332
15303,16.540000915527344,15.354487419128418
15304,61.16999816894531,61.00474166870117
15305,3.859999895095825,2.9803500175476074
15306,15.970000267028809,14.942935943603516
15307,47.529998779296875,45.35581970214844
15308,15.609999656677246,14.774813652038574
15309,24.15999984741211,21.95086669921875
15310,23.18000030517578,22.416378021240234
15311,39.34000015258789,40.482154846191406
15312,40.09000015258789,40.059112548828125
15313,11.470000267028809,11.718629837036133
15314,20.5,18.838237762451172
15315,55.81999969482422,55.215824127197266
15316,45.810001373291016,46.92327117919922
15317,13.300000190734863,12.423807144165039
15318,19.139999389648438,18.891996383666992
15319,13.529999732971191,12.310747146606445
15320,29.920000076293945,29.953479766845703
15321,59.70000076293945,60.99980545043945
15322,39.43000030517578,37.004852294921875
15323,10.140000343322754,8.652328491210938
15324,54.31999969482422,50.35931396484375
15325,22.68000030517578,21.489498138427734
15326,26.600000381469727,27.292936325073242
15327,54.040000915527344,51.62232971191406
15328,15.729999542236328,14.500761985778809
15329,44.650001525878906,41.9779167175293
15330,15.59000015258789,14.402217864990234
15331,15.430000305175781,14.315679550170898
15332,15.3100004196167,14.758586883544922
15333,63.790000915527344,63.29149627685547
15334,11.59000015258789,10.550692558288574
15335,24.479999542236328,22.582321166992188
15336,14.890000343322754,13.263282775878906
15337,52.040000915527344,51.052223205566406
15338,13.4399995803833,11.878507614135742
15339,33.72999954223633,33.58993148803711
15340,15.550000190734863,14.571470260620117
15341,16.010000228881836,14.379571914672852
15342,33.18000030517578,33.27513885498047
15343,54.2599983215332,53.475929260253906
15344,31.030000686645508,30.573169708251953
15345,15.979999542236328,15.091046333312988
15346,19.40999984741211,18.36379051208496
15347,15.949999809265137,15.885519027709961
15348,43.27000045776367,40.515785217285156
15349,21.079999923706055,19.187450408935547
15350,12.989999771118164,12.61199951171875
15351,40.31999969482422,41.094581604003906
15352,37.93000030517578,39.3804931640625
15353,36.40999984741211,35.77764892578125
15354,8.829999923706055,7.702780723571777
15355,32.79999923706055,32.764591217041016
15356,47.52000045776367,46.71369934082031
15357,57.36000061035156,55.026145935058594
15358,8.109999656677246,7.117519855499268
15359,21.3799991607666,19.23555564880371
15360,32.040000915527344,30.23249626159668
15361,4.400000095367432,3.855964422225952
15362,26.270000457763672,26.97734832763672
15363,37.439998626708984,37.1116828918457
15364,6.059999942779541,4.102278709411621
15365,38.59000015258789,35.65972900390625
15366,47.5,46.654754638671875
15367,25.559999465942383,24.164958953857422
15368,10.199999809265137,9.473982810974121
15369,50.83000183105469,45.9459342956543
15370,8.100000381469727,6.94562292098999
15371,17.010000228881836,13.893568992614746
15372,55.869998931884766,51.29688262939453
15373,11.699999809265137,10.843238830566406
15374,24.719999313354492,24.66498565673828
15375,9.300000190734863,8.835025787353516
15376,31.020000457763672,29.49298858642578
15377,4.199999809265137,3.6172091960906982
15378,59.400001525878906,60.59483337402344
15379,32.630001068115234,30.238037109375
15380,21.59000015258789,20.594669342041016
15381,58.97999954223633,52.702674865722656
15382,11.550000190734863,11.291335105895996
15383,15.5600004196167,13.203564643859863
15384,21.450000762939453,20.59400177001953
15385,12.819999694824219,12.390185356140137
15386,12.640000343322754,11.966525077819824
15387,27.809999465942383,26.341829299926758
15388,13.239999771118164,11.911434173583984
15389,18.719999313354492,16.663047790527344
15390,18.6200008392334,16.75681495666504
15391,37.9900016784668,37.55949020385742
15392,9.960000038146973,10.123400688171387
15393,37.88999938964844,33.02600860595703
15394,12.779999732971191,11.670434951782227
15395,17.43000030517578,17.110321044921875
15396,50.7599983215332,50.66810607910156
15397,64.5199966430664,60.53670120239258
15398,18.719999313354492,18.838214874267578
15399,9.760000228881836,8.72732162475586
15400,31.700000762939453,31.419906616210938
15401,6.78000020980835,6.596133708953857
15402,31.760000228881836,28.43694305419922
15403,7.710000038146973,7.497446060180664
15404,26.969999313354492,26.408409118652344
15405,46.400001525878906,43.62397003173828
15406,36.88999938964844,33.545326232910156
15407,62.150001525878906,59.993507385253906
15408,53.650001525878906,53.15513229370117
15409,23.75,23.548725128173828
15410,38.279998779296875,37.846920013427734
15411,37.18000030517578,34.0499267578125
15412,10.34000015258789,9.277729034423828
15413,22.43000030517578,21.776321411132812
15414,21.770000457763672,20.133481979370117
15415,24.489999771118164,25.073474884033203
15416,11.0,8.719300270080566
15417,7.769999980926514,6.795119762420654
15418,28.399999618530273,26.523319244384766
15419,27.170000076293945,23.903518676757812
15420,39.2400016784668,37.69619369506836
15421,17.440000534057617,15.659904479980469
15422,34.13999938964844,32.58404541015625
15423,27.59000015258789,26.083633422851562
15424,36.97999954223633,35.096065521240234
15425,14.489999771118164,13.492443084716797
15426,52.7400016784668,51.47965621948242
15427,50.150001525878906,47.10578536987305
15428,24.360000610351562,26.130388259887695
15429,41.0099983215332,37.1358757019043
15430,5.760000228881836,5.281742572784424
15431,22.010000228881836,21.540292739868164
15432,43.779998779296875,38.89276885986328
15433,6.210000038146973,5.514962196350098
15434,5.449999809265137,5.587277412414551
15435,28.729999542236328,29.318822860717773
15436,49.939998626708984,48.022674560546875
15437,26.139999389648438,28.331018447875977
15438,3.559999942779541,2.304138660430908
15439,22.18000030517578,21.421276092529297
15440,11.789999961853027,11.627422332763672
15441,23.8700008392334,22.901565551757812
15442,8.489999771118164,7.775242805480957
15443,12.09000015258789,11.903698921203613
15444,52.9900016784668,51.57290267944336
15445,44.58000183105469,41.09016799926758
15446,22.860000610351562,21.801881790161133
15447,15.819999694824219,14.912647247314453
15448,12.239999771118164,10.462525367736816
15449,38.0099983215332,38.3338737487793
15450,42.970001220703125,42.7994384765625
15451,9.5600004196167,9.392165184020996
15452,13.260000228881836,11.68177318572998
15453,33.77000045776367,32.759490966796875
15454,39.650001525878906,38.83415603637695
15455,30.09000015258789,31.92367935180664
15456,12.710000038146973,12.105883598327637
15457,16.09000015258789,14.845986366271973
15458,41.720001220703125,40.360225677490234
15459,38.70000076293945,37.397438049316406
15460,28.3799991607666,28.8114070892334
15461,15.359999656677246,14.468382835388184
15462,18.979999542236328,18.064523696899414
15463,22.15999984741211,20.822385787963867
15464,8.779999732971191,7.4257426261901855
15465,38.68000030517578,37.221675872802734
15466,33.06999969482422,30.842016220092773
15467,20.239999771118164,18.945114135742188
15468,31.309999465942383,31.876834869384766
15469,17.450000762939453,16.074180603027344
15470,57.529998779296875,56.99878692626953
15471,19.360000610351562,17.928979873657227
15472,22.059999465942383,20.749691009521484
15473,74.37000274658203,72.46609497070312
15474,12.670000076293945,12.023774147033691
15475,5.25,4.201465129852295
15476,30.8799991607666,33.86035919189453
15477,41.529998779296875,38.1304931640625
15478,37.45000076293945,36.534156799316406
15479,9.739999771118164,9.186874389648438
15480,40.209999084472656,38.496971130371094
15481,24.299999237060547,23.384559631347656
15482,27.200000762939453,25.55947494506836
15483,38.84000015258789,36.902435302734375
15484,29.459999084472656,29.13084602355957
15485,4.550000190734863,3.9150872230529785
15486,54.060001373291016,48.375640869140625
15487,21.829999923706055,20.66530990600586
15488,28.209999084472656,26.37931251525879
15489,6.409999847412109,5.72503662109375
15490,4.090000152587891,3.238308906555176
15491,15.029999732971191,13.460488319396973
15492,52.22999954223633,43.085323333740234
15493,16.600000381469727,16.331697463989258
15494,12.5,12.630694389343262
15495,14.25,12.75063705444336
15496,48.91999816894531,46.1457633972168
15497,26.260000228881836,23.987873077392578
15498,26.40999984741211,26.109588623046875
15499,44.150001525878906,41.35694122314453
15500,15.220000267028809,14.362614631652832
15501,44.43000030517578,42.730613708496094
15502,26.440000534057617,26.52368927001953
15503,10.15999984741211,8.90701961517334
15504,23.979999542236328,23.931346893310547
15505,18.799999237060547,21.8419189453125
15506,26.81999969482422,26.857961654663086
15507,15.119999885559082,14.690921783447266
15508,34.02000045776367,33.686256408691406
15509,47.16999816894531,46.09690475463867
15510,18.030000686645508,16.470102310180664
15511,15.949999809265137,14.521618843078613
15512,23.030000686645508,22.932109832763672
15513,10.970000267028809,9.895857810974121
15514,8.510000228881836,8.569109916687012
15515,19.989999771118164,19.4716796875
15516,38.439998626708984,37.80387496948242
15517,28.600000381469727,27.284420013427734
15518,21.0,19.361724853515625
15519,10.579999923706055,9.84085464477539
15520,48.189998626708984,43.36692428588867
15521,32.900001525878906,31.168933868408203
15522,45.2400016784668,44.882320404052734
15523,7.239999771118164,5.736583232879639
15524,25.170000076293945,28.014080047607422
15525,43.54999923706055,39.812103271484375
15526,36.439998626708984,34.080787658691406
15527,27.549999237060547,26.95663070678711
15528,18.290000915527344,17.401575088500977
15529,42.060001373291016,38.7905158996582
15530,26.600000381469727,26.80785369873047
15531,20.440000534057617,18.402183532714844
15532,16.209999084472656,15.096975326538086
15533,51.540000915527344,52.12251281738281
15534,33.720001220703125,32.30794143676758
15535,53.93000030517578,52.394615173339844
15536,41.29999923706055,39.78886032104492
15537,7.550000190734863,7.931380748748779
15538,29.68000030517578,28.29668617248535
15539,23.799999237060547,23.493988037109375
15540,13.260000228881836,12.676551818847656
15541,52.56999969482422,52.05441665649414
15542,25.799999237060547,24.211566925048828
15543,28.809999465942383,27.579851150512695
15544,17.649999618530273,16.718297958374023
15545,23.729999542236328,24.052644729614258
15546,49.02000045776367,45.86779022216797
15547,24.729999542236328,24.395660400390625
15548,41.720001220703125,39.50590896606445
15549,17.850000381469727,17.105539321899414
15550,28.540000915527344,27.909133911132812
15551,3.1600000858306885,3.282512903213501
15552,27.459999084472656,25.760005950927734
15553,20.84000015258789,19.96615219116211
15554,42.91999816894531,40.754478454589844
15555,39.63999938964844,38.9681396484375
15556,17.329999923706055,16.507699966430664
15557,31.90999984741211,30.789630889892578
15558,67.72000122070312,63.516578674316406
15559,12.600000381469727,11.764222145080566
15560,51.209999084472656,48.23605728149414
15561,56.83000183105469,55.036495208740234
15562,8.229999542236328,7.700024127960205
15563,35.5099983215332,40.092864990234375
15564,38.400001525878906,36.95670700073242
15565,7.079999923706055,6.691156387329102
15566,23.90999984741211,23.38404655456543
15567,34.439998626708984,37.12477111816406
15568,65.80999755859375,64.99636840820312
15569,9.960000038146973,8.490435600280762
15570,18.899999618530273,18.706710815429688
15571,41.29999923706055,38.829017639160156
15572,43.04999923706055,35.644432067871094
15573,5.940000057220459,4.831552505493164
15574,14.770000457763672,13.95209789276123
15575,17.690000534057617,16.30458641052246
15576,16.760000228881836,14.925612449645996
15577,3.4100000858306885,2.489116907119751
15578,13.369999885559082,12.738603591918945
15579,10.510000228881836,10.050875663757324
15580,32.869998931884766,30.91318702697754
15581,10.479999542236328,8.495146751403809
15582,60.59000015258789,59.648826599121094
15583,16.940000534057617,14.065872192382812
15584,48.02000045776367,46.24843978881836
15585,21.3799991607666,22.57077407836914
15586,14.680000305175781,13.199337005615234
15587,33.41999816894531,33.34307861328125
15588,26.709999084472656,25.873538970947266
15589,58.61000061035156,56.75358581542969
15590,3.0,2.1709611415863037
15591,22.600000381469727,21.216962814331055
15592,19.3799991607666,18.712305068969727
15593,40.459999084472656,40.31156539916992
15594,41.20000076293945,37.58689880371094
15595,33.11000061035156,32.3115119934082
15596,19.579999923706055,19.596702575683594
15597,9.729999542236328,8.58985424041748
15598,22.68000030517578,22.386028289794922
15599,14.1899995803833,12.503406524658203
15600,15.779999732971191,14.715916633605957
15601,11.430000305175781,11.319082260131836
15602,21.040000915527344,20.17507553100586
15603,37.119998931884766,33.9931755065918
15604,13.760000228881836,13.46169662475586
15605,9.770000457763672,9.621108055114746
15606,17.389999389648438,16.64903450012207
15607,4.730000019073486,3.70451283454895
15608,30.479999542236328,31.635658264160156
15609,33.810001373291016,32.239356994628906
15610,3.5199999809265137,1.8867135047912598
15611,17.700000762939453,16.633892059326172
15612,23.780000686645508,22.29741859436035
15613,43.880001068115234,43.36415481567383
15614,53.93000030517578,48.870094299316406
15615,33.0,32.28383255004883
15616,24.93000030517578,22.997055053710938
15617,12.130000114440918,12.113494873046875
15618,53.65999984741211,50.050819396972656
15619,28.440000534057617,29.358884811401367
15620,44.16999816894531,39.74232482910156
15621,30.469999313354492,29.06467628479004
15622,40.380001068115234,42.25452423095703
15623,27.68000030517578,26.18507194519043
15624,21.530000686645508,21.024202346801758
15625,21.850000381469727,20.118518829345703
15626,13.050000190734863,12.742698669433594
15627,18.770000457763672,17.364612579345703
15628,18.530000686645508,16.066429138183594
15629,23.6299991607666,23.541608810424805
15630,9.09000015258789,8.658549308776855
15631,42.650001525878906,42.24774932861328
15632,19.850000381469727,20.617286682128906
15633,47.20000076293945,45.55699157714844
15634,22.350000381469727,23.115028381347656
15635,52.310001373291016,49.44847869873047
15636,20.850000381469727,20.532291412353516
15637,22.040000915527344,23.6650333404541
15638,37.70000076293945,37.51374435424805
15639,8.170000076293945,5.355160713195801
15640,27.309999465942383,24.713836669921875
15641,14.770000457763672,13.901751518249512
15642,34.439998626708984,35.33827209472656
15643,5.760000228881836,4.226470470428467
15644,1.9299999475479126,1.2795714139938354
15645,13.869999885559082,13.28344440460205
15646,21.809999465942383,20.621723175048828
15647,42.95000076293945,44.722591400146484
15648,35.38999938964844,34.86937713623047
15649,29.18000030517578,29.025184631347656
15650,28.309999465942383,26.181427001953125
15651,20.899999618530273,19.01841163635254
15652,13.630000114440918,13.087531089782715
15653,42.56999969482422,40.691184997558594
15654,10.739999771118164,8.783866882324219
15655,12.010000228881836,11.409647941589355
15656,20.360000610351562,19.693687438964844
15657,31.84000015258789,31.023883819580078
15658,7.690000057220459,7.147679805755615
15659,22.389999389648438,20.43769073486328
15660,11.65999984741211,10.605216026306152
15661,20.559999465942383,18.029293060302734
15662,48.5099983215332,47.94682312011719
15663,27.139999389648438,27.326875686645508
15664,42.29999923706055,40.56403350830078
15665,16.389999389648438,15.122210502624512
15666,35.93000030517578,33.94989776611328
15667,33.2599983215332,31.383459091186523
15668,21.729999542236328,22.142187118530273
15669,26.25,25.873409271240234
15670,3.3299999237060547,2.5073304176330566
15671,8.510000228881836,6.483688831329346
15672,34.970001220703125,34.86119842529297
15673,39.400001525878906,37.38799285888672
15674,6.739999771118164,6.042973041534424
15675,25.31999969482422,23.5986270904541
15676,5.159999847412109,4.1627631187438965
15677,14.829999923706055,14.323774337768555
15678,15.350000381469727,13.838516235351562
15679,10.720000267028809,9.514887809753418
15680,39.779998779296875,38.44443893432617
15681,29.15999984741211,27.383275985717773
15682,34.18000030517578,33.3072624206543
15683,9.539999961853027,7.808073043823242
15684,18.479999542236328,17.345054626464844
15685,63.06999969482422,62.741249084472656
15686,24.489999771118164,22.670982360839844
15687,21.450000762939453,20.00649642944336
15688,6.989999771118164,6.97454309463501
15689,39.720001220703125,37.07038116455078
15690,15.6899995803833,14.809308052062988
15691,29.229999542236328,29.577465057373047
15692,34.689998626708984,34.30046081542969
15693,70.30000305175781,68.8945541381836
15694,63.939998626708984,64.38182067871094
15695,39.310001373291016,41.369041442871094
15696,53.25,56.32249450683594
15697,45.849998474121094,45.02372741699219
15698,9.960000038146973,9.576227188110352
15699,21.420000076293945,19.15951919555664
15700,15.239999771118164,14.383280754089355
15701,32.939998626708984,33.07923889160156
15702,42.54999923706055,44.724891662597656
15703,58.83000183105469,54.04189682006836
15704,9.350000381469727,9.915095329284668
15705,27.760000228881836,26.243141174316406
15706,13.819999694824219,13.453339576721191
15707,28.100000381469727,27.078712463378906
15708,1.649999976158142,2.056165933609009
15709,4.880000114440918,4.438904762268066
15710,27.68000030517578,25.182674407958984
15711,7.329999923706055,5.001892566680908
15712,5.389999866485596,4.392750263214111
15713,16.93000030517578,15.623109817504883
15714,27.139999389648438,27.39215850830078
15715,30.700000762939453,30.202878952026367
15716,52.279998779296875,47.996646881103516
15717,22.489999771118164,21.030302047729492
15718,14.59000015258789,13.913742065429688
15719,32.90999984741211,32.42211151123047
15720,43.31999969482422,43.28583908081055
15721,10.260000228881836,9.413979530334473
15722,45.709999084472656,41.650115966796875
15723,37.369998931884766,36.99554443359375
15724,29.8700008392334,31.39224624633789
15725,61.040000915527344,61.16046905517578
15726,36.369998931884766,33.930233001708984
15727,15.260000228881836,14.19186782836914
15728,7.889999866485596,5.530094146728516
15729,12.720000267028809,12.146127700805664
15730,19.40999984741211,18.423748016357422
15731,16.200000762939453,15.069406509399414
15732,43.2599983215332,43.702144622802734
15733,35.2599983215332,32.89360809326172
15734,73.31999969482422,71.33919525146484
15735,23.6200008392334,23.0168399810791
15736,16.280000686645508,14.292855262756348
15737,5.369999885559082,4.655155181884766
15738,7.119999885559082,8.01987361907959
15739,8.670000076293945,8.266146659851074
15740,11.069999694824219,10.645665168762207
15741,41.13999938964844,39.089599609375
15742,19.809999465942383,18.696651458740234
15743,41.59000015258789,40.489959716796875
15744,4.179999828338623,2.8458425998687744
15745,8.149999618530273,7.555058002471924
15746,34.33000183105469,30.906288146972656
15747,16.06999969482422,14.987957954406738
15748,25.489999771118164,25.1130428314209
15749,13.640000343322754,12.875459671020508
15750,75.93000030517578,70.62287902832031
15751,13.680000305175781,12.700431823730469
15752,55.880001068115234,56.86385726928711
15753,8.329999923706055,7.900335311889648
15754,25.25,25.614662170410156
15755,29.770000457763672,28.51385498046875
15756,21.329999923706055,21.25887680053711
15757,0.38999998569488525,3.8782875537872314
15758,71.98999786376953,67.31703186035156
15759,50.810001373291016,47.1588249206543
15760,24.899999618530273,23.4410457611084
15761,13.75,12.796771049499512
15762,36.869998931884766,34.492027282714844
15763,23.969999313354492,22.738283157348633
15764,24.270000457763672,23.249282836914062
15765,23.760000228881836,23.002288818359375
15766,43.380001068115234,45.04568099975586
15767,16.450000762939453,16.349990844726562
15768,28.950000762939453,27.692001342773438
15769,18.350000381469727,16.867813110351562
15770,50.90999984741211,51.25292205810547
15771,33.43000030517578,33.05801773071289
15772,25.670000076293945,24.59917449951172
15773,10.239999771118164,8.319674491882324
15774,3.3499999046325684,2.2165842056274414
15775,22.329999923706055,21.57418441772461
15776,1.409999966621399,1.95909583568573
15777,12.109999656677246,10.48800277709961
15778,33.58000183105469,32.967037200927734
15779,51.439998626708984,49.83295440673828
15780,18.3700008392334,18.20504379272461
15781,23.559999465942383,18.764249801635742
15782,28.90999984741211,28.244115829467773
15783,14.65999984741211,13.244462966918945
15784,13.619999885559082,11.525843620300293
15785,27.6200008392334,26.073505401611328
15786,7.929999828338623,7.023820877075195
15787,35.56999969482422,32.658912658691406
15788,57.88999938964844,55.8832893371582
15789,47.66999816894531,49.580928802490234
15790,68.69999694824219,66.02311706542969
15791,29.969999313354492,31.49708366394043
15792,7.019999980926514,5.887247562408447
15793,19.860000610351562,18.646053314208984
15794,20.610000610351562,19.697582244873047
15795,16.489999771118164,14.674867630004883
15796,16.530000686645508,16.00759506225586
15797,47.83000183105469,47.539588928222656
15798,19.610000610351562,19.79450035095215
15799,15.260000228881836,14.342945098876953
15800,25.940000534057617,24.16632843017578
15801,74.29000091552734,72.14607238769531
15802,52.029998779296875,49.48017883300781
15803,35.220001220703125,33.1000862121582
15804,32.13999938964844,29.545583724975586
15805,6.21999979019165,6.314888000488281
15806,4.349999904632568,2.209567070007324
15807,32.65999984741211,33.57448959350586
15808,28.40999984741211,27.513200759887695
15809,42.689998626708984,40.220680236816406
15810,6.78000020980835,1.300544023513794
15811,17.09000015258789,16.91176414489746
15812,35.45000076293945,33.52600860595703
15813,32.84000015258789,39.25095748901367
15814,14.260000228881836,11.928293228149414
15815,19.309999465942383,16.531396865844727
15816,30.530000686645508,28.518047332763672
15817,17.510000228881836,16.68281364440918
15818,41.279998779296875,39.669830322265625
15819,14.800000190734863,12.590802192687988
15820,15.039999961853027,14.272237777709961
15821,20.329999923706055,19.14073371887207
15822,33.79999923706055,32.27169418334961
15823,19.93000030517578,18.95781135559082
15824,39.33000183105469,37.90786361694336
15825,35.619998931884766,36.40285873413086
15826,28.93000030517578,28.190879821777344
15827,19.889999389648438,20.52472496032715
15828,22.719999313354492,26.991634368896484
15829,11.800000190734863,11.39060115814209
15830,34.7400016784668,33.04898452758789
15831,11.449999809265137,10.181836128234863
15832,27.219999313354492,27.354454040527344
15833,20.489999771118164,20.657381057739258
15834,62.5099983215332,64.74700927734375
15835,2.5299999713897705,1.1647391319274902
15836,20.639999389648438,19.557104110717773
15837,55.2599983215332,59.15597915649414
15838,27.989999771118164,28.81798553466797
15839,8.989999771118164,7.7345476150512695
15840,19.829999923706055,18.47045135498047
15841,22.489999771118164,20.93181037902832
15842,29.030000686645508,27.105531692504883
15843,30.889999389648438,29.127094268798828
15844,24.229999542236328,22.43267250061035
15845,15.4399995803833,13.838363647460938
15846,32.33000183105469,28.857826232910156
15847,35.54999923706055,36.36757278442383
15848,45.56999969482422,44.493892669677734
15849,33.470001220703125,33.088645935058594
15850,17.110000610351562,16.196434020996094
15851,38.06999969482422,33.88500213623047
15852,39.2599983215332,39.15501022338867
15853,29.770000457763672,30.356380462646484
15854,48.08000183105469,47.70750427246094
15855,39.040000915527344,38.415313720703125
15856,16.209999084472656,14.642098426818848
15857,45.290000915527344,46.670265197753906
15858,20.18000030517578,19.926467895507812
15859,12.920000076293945,11.873527526855469
15860,30.520000457763672,28.831642150878906
15861,63.849998474121094,65.84452056884766
15862,18.739999771118164,16.885194778442383
15863,26.389999389648438,25.089237213134766
15864,13.9399995803833,10.578956604003906
15865,24.93000030517578,22.546066284179688
15866,27.309999465942383,31.45267105102539
15867,49.709999084472656,47.83343505859375
15868,20.479999542236328,18.51946449279785
15869,24.68000030517578,25.778207778930664
15870,44.720001220703125,42.585243225097656
15871,58.47999954223633,56.254295349121094
15872,9.399999618530273,7.860968589782715
15873,9.9399995803833,10.60462474822998
15874,62.5099983215332,55.37478256225586
15875,38.09000015258789,36.89229202270508
15876,20.520000457763672,19.57470703125
15877,2.819999933242798,1.462006688117981
15878,4.409999847412109,3.861292839050293
15879,47.310001373291016,43.31304931640625
15880,40.720001220703125,36.906253814697266
15881,20.559999465942383,20.6885986328125
15882,17.209999084472656,16.576457977294922
15883,9.4399995803833,8.332138061523438
15884,13.75,13.074067115783691
15885,17.760000228881836,16.658958435058594
15886,28.25,26.9464111328125
15887,10.380000114440918,7.177514553070068
15888,39.09000015258789,40.767513275146484
15889,30.06999969482422,29.42315101623535
15890,10.90999984741211,10.033411979675293
15891,33.63999938964844,32.66508102416992
15892,51.720001220703125,51.13751983642578
15893,22.420000076293945,22.4088134765625
15894,3.359999895095825,1.9964805841445923
15895,15.75,14.515777587890625
15896,52.02000045776367,51.89604949951172
15897,34.81999969482422,32.657649993896484
15898,30.709999084472656,28.934141159057617
15899,36.0,37.792579650878906
15900,45.810001373291016,43.29407501220703
15901,1.8300000429153442,1.0047547817230225
15902,4.920000076293945,3.5055534839630127
15903,21.3700008392334,20.79509735107422
15904,7.980000019073486,7.9069905281066895
15905,22.360000610351562,21.862056732177734
15906,41.060001373291016,37.52468490600586
15907,10.350000381469727,9.60886001586914
15908,11.890000343322754,11.102442741394043
15909,43.97999954223633,40.93299865722656
15910,18.959999084472656,18.300514221191406
15911,22.520000457763672,22.907703399658203
15912,30.850000381469727,30.203250885009766
15913,10.289999961853027,9.232483863830566
15914,20.329999923706055,21.088470458984375
15915,44.209999084472656,42.12274932861328
15916,10.239999771118164,10.315289497375488
15917,40.25,38.83544921875
15918,12.420000076293945,12.19471263885498
15919,27.450000762939453,24.481826782226562
15920,28.889999389648438,28.48860740661621
15921,35.16999816894531,37.35614013671875
15922,24.8799991607666,24.929256439208984
15923,30.75,30.497163772583008
15924,71.38999938964844,72.00794982910156
15925,30.43000030517578,29.067171096801758
15926,27.59000015258789,27.267623901367188
15927,37.38999938964844,37.43595886230469
15928,16.3700008392334,16.268468856811523
15929,21.68000030517578,17.915130615234375
15930,33.29999923706055,33.73784637451172
15931,2.0799999237060547,1.7824785709381104
15932,45.619998931884766,39.16547393798828
15933,48.91999816894531,49.37156295776367
15934,32.9900016784668,30.051128387451172
15935,69.16000366210938,64.08011627197266
15936,55.849998474121094,54.3643684387207
15937,23.639999389648438,22.983783721923828
15938,9.930000305175781,8.315262794494629
15939,30.010000228881836,30.09518814086914
15940,74.36000061035156,74.03174591064453
15941,30.020000457763672,27.85114097595215
15942,21.559999465942383,20.68799591064453
15943,12.529999732971191,11.403740882873535
15944,39.70000076293945,39.695003509521484
15945,13.289999961853027,12.5787935256958
15946,49.619998931884766,49.423519134521484
15947,40.970001220703125,40.404937744140625
15948,21.1299991607666,18.900508880615234
15949,18.399999618530273,17.724369049072266
15950,22.190000534057617,21.791501998901367
15951,46.099998474121094,44.55331039428711
15952,27.729999542236328,23.989940643310547
15953,43.2400016784668,40.060302734375
15954,21.139999389648438,20.45044708251953
15955,48.540000915527344,43.38277053833008
15956,13.770000457763672,13.297989845275879
15957,37.38999938964844,32.09263229370117
15958,7.130000114440918,4.749100685119629
15959,8.9399995803833,7.999366760253906
15960,36.540000915527344,34.205955505371094
15961,48.849998474121094,46.042449951171875
15962,49.279998779296875,46.4442138671875
15963,24.450000762939453,23.43600845336914
15964,9.539999961853027,8.800786972045898
15965,30.940000534057617,29.982582092285156
15966,20.989999771118164,20.089427947998047
15967,26.530000686645508,24.544095993041992
15968,16.610000610351562,16.346405029296875
15969,38.029998779296875,33.59244155883789
15970,23.489999771118164,22.394914627075195
15971,10.199999809265137,9.772717475891113
15972,31.31999969482422,34.28221893310547
15973,26.579999923706055,25.19683074951172
15974,34.869998931884766,31.95492935180664
15975,34.0,33.501075744628906
15976,35.209999084472656,34.65149688720703
15977,33.7400016784668,32.81400680541992
15978,16.110000610351562,14.97767448425293
15979,26.260000228881836,24.832368850708008
15980,49.599998474121094,51.77843475341797
15981,18.850000381469727,17.46607208251953
15982,21.020000457763672,19.68544578552246
15983,35.290000915527344,34.14979934692383
15984,53.459999084472656,55.013267517089844
15985,73.45999908447266,69.35506439208984
15986,5.449999809265137,3.3974289894104004
15987,18.959999084472656,20.62236976623535
15988,13.989999771118164,12.290639877319336
15989,8.149999618530273,6.909167289733887
15990,38.290000915527344,38.23811721801758
15991,26.1200008392334,27.980083465576172
15992,14.829999923706055,13.645998001098633
15993,44.779998779296875,45.73334503173828
15994,30.420000076293945,30.142086029052734
15995,25.6299991607666,24.018665313720703
15996,26.440000534057617,23.126873016357422
15997,33.709999084472656,34.116695404052734
15998,9.75,9.035401344299316
15999,28.31999969482422,26.988842010498047
16000,37.45000076293945,36.41841125488281
16001,25.329999923706055,23.640296936035156
16002,3.3499999046325684,1.9482653141021729
16003,29.229999542236328,26.90465545654297
16004,18.8799991607666,17.8951416015625
16005,5.519999980926514,4.190443515777588
16006,25.0,23.57403564453125
16007,28.5,26.12251091003418
16008,35.75,36.71650695800781
16009,30.309999465942383,32.52708435058594
16010,38.709999084472656,37.183013916015625
16011,6.5,7.046456336975098
16012,1.0800000429153442,1.2248257398605347
16013,5.610000133514404,4.549266815185547
16014,43.04999923706055,41.96232986450195
16015,17.760000228881836,17.121715545654297
16016,29.170000076293945,26.548660278320312
16017,15.59000015258789,14.470850944519043
16018,3.109999895095825,3.281658172607422
16019,12.470000267028809,11.402430534362793
16020,15.380000114440918,13.355157852172852
16021,6.03000020980835,5.309934139251709
16022,27.170000076293945,26.792570114135742
16023,67.27999877929688,60.99078369140625
16024,16.850000381469727,16.43940544128418
16025,58.18000030517578,58.11731719970703
16026,7.820000171661377,3.5306553840637207
16027,47.75,53.02790069580078
16028,7.880000114440918,6.2428131103515625
16029,40.86000061035156,39.34074783325195
16030,13.90999984741211,12.74566650390625
16031,9.619999885559082,10.141796112060547
16032,21.059999465942383,19.420066833496094
16033,38.560001373291016,34.92610168457031
16034,42.439998626708984,42.9362678527832
16035,16.079999923706055,14.518721580505371
16036,33.40999984741211,33.16731262207031
16037,38.95000076293945,40.04682540893555
16038,18.579999923706055,16.937591552734375
16039,35.63999938964844,35.65511703491211
16040,58.0099983215332,54.82490921020508
16041,22.34000015258789,20.961191177368164
16042,43.31999969482422,42.67298889160156
16043,19.1299991607666,17.85216522216797
16044,41.119998931884766,40.690860748291016
16045,45.959999084472656,45.773658752441406
16046,3.2100000381469727,2.3733813762664795
16047,43.209999084472656,44.08769226074219
16048,8.90999984741211,7.831361770629883
16049,4.329999923706055,2.2411818504333496
16050,6.619999885559082,6.233449459075928
16051,8.890000343322754,9.164870262145996
16052,8.829999923706055,5.869483947753906
16053,34.439998626708984,34.016578674316406
16054,52.2400016784668,52.16242980957031
16055,58.380001068115234,61.167091369628906
16056,6.03000020980835,5.140646934509277
16057,24.360000610351562,22.3013858795166
16058,10.869999885559082,9.466583251953125
16059,16.18000030517578,15.353174209594727
16060,17.40999984741211,15.777013778686523
16061,14.619999885559082,13.774784088134766
16062,40.59000015258789,41.54071044921875
16063,12.270000457763672,10.091718673706055
16064,55.45000076293945,49.714813232421875
16065,31.329999923706055,29.16067123413086
16066,65.72000122070312,62.13587188720703
16067,23.06999969482422,22.043607711791992
16068,1.090000033378601,1.0706934928894043
16069,31.200000762939453,30.8963565826416
16070,40.40999984741211,41.113895416259766
16071,41.5099983215332,39.36688232421875
16072,11.619999885559082,10.832331657409668
16073,49.20000076293945,48.07486343383789
16074,24.639999389648438,22.68311309814453
16075,30.079999923706055,28.18337059020996
16076,30.860000610351562,31.34120750427246
16077,19.299999237060547,17.538692474365234
16078,66.20999908447266,65.46928405761719
16079,15.779999732971191,14.947714805603027
16080,41.70000076293945,38.903709411621094
16081,48.13999938964844,49.686946868896484
16082,35.63999938964844,34.55017852783203
16083,1.340000033378601,1.5231890678405762
16084,20.729999542236328,19.703033447265625
16085,44.2400016784668,42.816322326660156
16086,15.449999809265137,14.003996849060059
16087,5.920000076293945,4.74586296081543
16088,39.75,41.55164337158203
16089,44.83000183105469,43.009334564208984
16090,7.53000020980835,6.828333854675293
16091,73.16000366210938,70.4873046875
16092,25.8799991607666,24.977252960205078
16093,67.2699966430664,63.31044387817383
16094,32.7400016784668,32.335750579833984
16095,46.099998474121094,46.15196228027344
16096,31.510000228881836,31.236045837402344
16097,68.12000274658203,63.03544998168945
16098,11.630000114440918,10.604443550109863
16099,9.949999809265137,9.183634757995605
16100,37.4900016784668,37.161598205566406
16101,69.9000015258789,72.29356384277344
16102,23.34000015258789,21.191429138183594
16103,24.780000686645508,20.413541793823242
16104,17.149999618530273,15.79438591003418
16105,51.689998626708984,52.40510177612305
16106,17.469999313354492,16.57402801513672
16107,6.900000095367432,7.026015758514404
16108,1.9600000381469727,1.673231840133667
16109,5.300000190734863,4.692584037780762
16110,54.939998626708984,51.427059173583984
16111,33.470001220703125,33.0419807434082
16112,10.0,8.475565910339355
16113,21.989999771118164,20.243728637695312
16114,18.200000762939453,15.146428108215332
16115,5.139999866485596,4.400179862976074
16116,9.779999732971191,9.022918701171875
16117,51.7400016784668,50.44469451904297
16118,35.77000045776367,35.8127555847168
16119,42.72999954223633,41.16200256347656
16120,11.329999923706055,9.842555046081543
16121,38.209999084472656,36.35297775268555
16122,36.15999984741211,35.135528564453125
16123,23.860000610351562,22.125621795654297
16124,32.099998474121094,29.852651596069336
16125,11.430000305175781,9.621628761291504
16126,37.130001068115234,37.49236297607422
16127,39.45000076293945,39.95157241821289
16128,49.0099983215332,49.25286102294922
16129,6.739999771118164,5.68083381652832
16130,10.010000228881836,9.592068672180176
16131,15.180000305175781,15.463537216186523
16132,10.470000267028809,9.475831985473633
16133,17.860000610351562,17.034765243530273
16134,34.349998474121094,31.244653701782227
16135,7.170000076293945,7.668356418609619
16136,19.6200008392334,17.516407012939453
16137,22.610000610351562,21.54218864440918
16138,29.889999389648438,29.054033279418945
16139,40.9900016784668,41.135597229003906
16140,27.06999969482422,24.368507385253906
16141,12.369999885559082,11.423086166381836
16142,28.729999542236328,27.45079803466797
16143,7.5,6.222989082336426
16144,35.099998474121094,32.74002456665039
16145,64.01000213623047,61.81731033325195
16146,34.90999984741211,31.620532989501953
16147,20.780000686645508,19.959985733032227
16148,11.529999732971191,10.804237365722656
16149,27.010000228881836,26.737133026123047
16150,10.199999809265137,9.133598327636719
16151,9.039999961853027,8.470706939697266
16152,78.86000061035156,68.14580535888672
16153,35.810001373291016,34.968544006347656
16154,48.75,50.93742370605469
16155,4.050000190734863,3.1219751834869385
16156,43.540000915527344,42.16339874267578
16157,48.91999816894531,46.468692779541016
16158,59.290000915527344,57.96975326538086
16159,34.02000045776367,32.93157958984375
16160,31.950000762939453,29.83708381652832
16161,17.18000030517578,16.784868240356445
16162,13.430000305175781,13.328726768493652
16163,63.81999969482422,59.79942321777344
16164,19.889999389648438,17.7222957611084
16165,9.5,9.034211158752441
16166,1.309999942779541,1.0042911767959595
16167,22.579999923706055,23.412126541137695
16168,29.209999084472656,29.12995719909668
16169,37.400001525878906,40.49534225463867
16170,34.099998474121094,33.25406265258789
16171,24.969999313354492,23.999439239501953
16172,3.7100000381469727,2.6929945945739746
16173,42.13999938964844,40.396881103515625
16174,58.91999816894531,58.84342956542969
16175,25.84000015258789,25.977230072021484
16176,52.34000015258789,52.88090896606445
16177,23.3700008392334,22.54741096496582
16178,53.060001373291016,53.849727630615234
16179,36.02000045776367,33.461029052734375
16180,26.299999237060547,26.938610076904297
16181,24.209999084472656,24.302207946777344
16182,39.93000030517578,37.24714279174805
16183,12.979999542236328,11.327235221862793
16184,32.83000183105469,33.22809982299805
16185,7.989999771118164,7.446868896484375
16186,28.139999389648438,26.503978729248047
16187,5.380000114440918,1.8174891471862793
16188,34.470001220703125,33.781349182128906
16189,28.600000381469727,25.95488739013672
16190,7.699999809265137,6.75240421295166
16191,39.4900016784668,35.69441223144531
16192,31.690000534057617,30.500139236450195
16193,21.780000686645508,20.888164520263672
16194,17.450000762939453,16.05141258239746
16195,33.70000076293945,32.96355438232422
16196,34.11000061035156,33.04442596435547
16197,26.059999465942383,25.32857894897461
16198,29.579999923706055,29.526569366455078
16199,40.810001373291016,38.46485900878906
16200,23.600000381469727,22.65280532836914
16201,31.31999969482422,31.87860679626465
16202,16.8799991607666,16.194103240966797
16203,57.91999816894531,58.85920715332031
16204,39.47999954223633,38.528533935546875
16205,32.79999923706055,31.43048667907715
16206,50.099998474121094,48.41303253173828
16207,14.90999984741211,13.78425407409668
16208,14.489999771118164,14.388786315917969
16209,41.369998931884766,41.02156066894531
16210,46.90999984741211,45.685909271240234
16211,56.650001525878906,59.53587341308594
16212,8.119999885559082,6.639220714569092
16213,29.18000030517578,29.180561065673828
16214,74.13999938964844,72.37162017822266
16215,39.7599983215332,38.861942291259766
16216,12.34000015258789,10.929364204406738
16217,28.829999923706055,28.17329978942871
16218,27.389999389648438,26.717723846435547
16219,8.130000114440918,7.555642127990723
16220,11.729999542236328,11.158461570739746
16221,7.510000228881836,6.790279865264893
16222,18.950000762939453,18.429027557373047
16223,2.690000057220459,4.060651779174805
16224,7.949999809265137,7.86874532699585
16225,14.229999542236328,14.331941604614258
16226,25.81999969482422,24.78227996826172
16227,10.010000228881836,8.776344299316406
16228,18.639999389648438,19.970863342285156
16229,14.220000267028809,13.080662727355957
16230,11.15999984741211,10.65654182434082
16231,30.25,28.609375
16232,52.09000015258789,52.5609130859375
16233,31.200000762939453,26.480640411376953
16234,21.760000228881836,19.900535583496094
16235,27.690000534057617,27.233844757080078
16236,12.449999809265137,10.998303413391113
16237,18.040000915527344,15.732232093811035
16238,21.40999984741211,21.10751724243164
16239,23.6200008392334,23.397348403930664
16240,29.270000457763672,28.243288040161133
16241,45.16999816894531,44.276039123535156
16242,22.549999237060547,22.160911560058594
16243,35.040000915527344,33.928306579589844
16244,18.81999969482422,17.96465301513672
16245,18.25,17.088897705078125
16246,33.15999984741211,32.59608459472656
16247,56.900001525878906,54.95245361328125
16248,19.59000015258789,18.706451416015625
16249,57.86000061035156,55.23550033569336
16250,18.389999389648438,17.213586807250977
16251,24.920000076293945,24.305850982666016
16252,53.560001373291016,51.15304946899414
16253,4.929999828338623,3.0851516723632812
16254,16.700000762939453,15.747517585754395
16255,21.06999969482422,21.139888763427734
16256,65.95999908447266,61.95092010498047
16257,34.380001068115234,32.83406448364258
16258,26.149999618530273,26.16852569580078
16259,22.56999969482422,22.200862884521484
16260,8.399999618530273,7.575937271118164
16261,19.600000381469727,18.942657470703125
16262,12.220000267028809,11.358490943908691
16263,14.34000015258789,12.533663749694824
16264,25.479999542236328,23.950101852416992
16265,7.389999866485596,7.4528656005859375
16266,43.11000061035156,42.03282928466797
16267,30.420000076293945,29.27874183654785
16268,24.43000030517578,23.514020919799805
16269,34.59000015258789,33.84857940673828
16270,7.449999809265137,5.353725433349609
16271,48.400001525878906,45.864253997802734
16272,34.9900016784668,35.275062561035156
16273,20.969999313354492,20.901397705078125
16274,22.31999969482422,19.885936737060547
16275,41.900001525878906,40.887054443359375
16276,30.81999969482422,29.9107666015625
16277,62.43000030517578,62.999935150146484
16278,7.579999923706055,7.6493144035339355
16279,38.130001068115234,34.3570671081543
16280,53.869998931884766,54.109622955322266
16281,7.329999923706055,5.965585708618164
16282,17.860000610351562,16.400163650512695
16283,30.260000228881836,27.714784622192383
16284,16.639999389648438,13.95838737487793
16285,6.389999866485596,4.104355812072754
16286,26.6299991607666,25.133018493652344
16287,25.950000762939453,24.997838973999023
16288,34.099998474121094,36.80976104736328
16289,34.77000045776367,32.74549102783203
16290,23.530000686645508,23.16233253479004
16291,34.380001068115234,34.03647994995117
16292,3.930000066757202,4.710697174072266
16293,66.62999725341797,64.06224822998047
16294,3.950000047683716,2.9467318058013916
16295,4.199999809265137,3.785635471343994
16296,53.25,46.711578369140625
16297,31.56999969482422,31.514177322387695
16298,20.100000381469727,20.608356475830078
16299,10.520000457763672,9.69724178314209
16300,36.72999954223633,31.471874237060547
16301,21.329999923706055,20.901533126831055
16302,66.63999938964844,68.49168395996094
16303,47.61000061035156,46.85910415649414
16304,12.0,12.273189544677734
16305,73.5199966430664,70.13955688476562
16306,35.560001373291016,33.936466217041016
16307,23.239999771118164,21.10010528564453
16308,35.04999923706055,35.59328842163086
16309,46.790000915527344,47.96049118041992
16310,12.319999694824219,12.956866264343262
16311,6.599999904632568,6.05671501159668
16312,14.140000343322754,13.446310043334961
16313,11.130000114440918,10.637360572814941
16314,25.209999084472656,24.449777603149414
16315,7.519999980926514,6.360048294067383
16316,15.300000190734863,14.70433521270752
16317,25.100000381469727,24.375253677368164
16318,17.59000015258789,17.238672256469727
16319,58.86000061035156,54.30120086669922
16320,30.56999969482422,29.178077697753906
16321,26.229999542236328,22.446308135986328
16322,22.610000610351562,22.192821502685547
16323,22.579999923706055,26.75128936767578
16324,35.130001068115234,32.87703323364258
16325,20.43000030517578,20.076946258544922
16326,17.739999771118164,15.00139331817627
16327,62.099998474121094,63.45237731933594
16328,26.1200008392334,24.5222225189209
16329,76.20999908447266,74.31529235839844
16330,20.600000381469727,18.480077743530273
16331,21.450000762939453,20.30696678161621
16332,22.1200008392334,22.875782012939453
16333,26.709999084472656,27.282865524291992
16334,41.349998474121094,41.16653823852539
16335,31.360000610351562,32.2156982421875
16336,6.130000114440918,5.292718887329102
16337,39.790000915527344,41.00786209106445
16338,39.31999969482422,35.826202392578125
16339,29.75,27.284814834594727
16340,32.27000045776367,32.01129913330078
16341,56.349998474121094,56.384765625
16342,41.18000030517578,37.9479866027832
16343,26.049999237060547,26.903038024902344
16344,9.729999542236328,7.937743186950684
16345,17.799999237060547,16.859275817871094
16346,26.719999313354492,27.746051788330078
16347,28.84000015258789,29.728858947753906
16348,15.279999732971191,13.555899620056152
16349,12.5,12.329755783081055
16350,6.760000228881836,6.316522598266602
16351,22.690000534057617,19.720458984375
16352,49.290000915527344,46.2135009765625
16353,30.709999084472656,29.569461822509766
16354,28.030000686645508,27.77185821533203
16355,35.43000030517578,34.4005241394043
16356,11.729999542236328,10.810195922851562
16357,8.029999732971191,7.263864994049072
16358,10.100000381469727,9.083707809448242
16359,37.38999938964844,35.890541076660156
16360,28.479999542236328,29.321001052856445
16361,12.989999771118164,11.733403205871582
16362,46.02000045776367,46.09442901611328
16363,17.030000686645508,16.981090545654297
16364,22.149999618530273,20.435182571411133
16365,20.399999618530273,19.82559585571289
16366,35.70000076293945,33.82608413696289
16367,44.04999923706055,37.69905471801758
16368,14.369999885559082,13.229920387268066
16369,22.059999465942383,22.19876480102539
16370,5.059999942779541,4.8578619956970215
16371,45.560001373291016,43.7644157409668
16372,19.06999969482422,17.908245086669922
16373,50.650001525878906,49.32823181152344
16374,5.099999904632568,3.586761951446533
16375,73.25,72.14803314208984
16376,21.90999984741211,19.667844772338867
16377,15.800000190734863,14.135581970214844
16378,19.969999313354492,19.322898864746094
16379,7.980000019073486,7.077065467834473
16380,42.81999969482422,39.48809814453125
16381,38.7599983215332,35.864768981933594
16382,28.389999389648438,28.649368286132812
16383,69.30999755859375,68.61715698242188
16384,38.060001373291016,35.456703186035156
16385,4.070000171661377,3.2689621448516846
16386,1.9500000476837158,1.931625485420227
16387,11.890000343322754,10.438994407653809
16388,36.06999969482422,34.9434700012207
16389,4.010000228881836,3.2097384929656982
16390,23.920000076293945,20.737140655517578
16391,18.969999313354492,18.007282257080078
16392,57.95000076293945,56.696006774902344
16393,34.060001373291016,33.76198959350586
16394,27.18000030517578,27.31886863708496
16395,29.219999313354492,28.933591842651367
16396,14.770000457763672,14.100751876831055
16397,9.979999542236328,10.191879272460938
16398,7.760000228881836,6.736690998077393
16399,36.400001525878906,33.963504791259766
16400,12.640000343322754,13.422989845275879
16401,16.31999969482422,15.352996826171875
16402,21.209999084472656,19.711442947387695
16403,18.309999465942383,15.884371757507324
16404,11.8100004196167,11.773398399353027
16405,10.5,9.969943046569824
16406,52.25,55.348358154296875
16407,7.360000133514404,6.278985500335693
16408,30.389999389648438,30.541580200195312
16409,20.0,19.806306838989258
16410,15.170000076293945,12.453537940979004
16411,11.140000343322754,10.133727073669434
16412,13.979999542236328,12.573637962341309
16413,41.720001220703125,39.959930419921875
16414,23.760000228881836,21.0853271484375
16415,47.18000030517578,45.994178771972656
16416,24.3799991607666,22.775394439697266
16417,6.550000190734863,6.268838882446289
16418,67.55000305175781,66.59358978271484
16419,10.619999885559082,10.147029876708984
16420,7.659999847412109,6.761499404907227
16421,46.16999816894531,49.0871467590332
16422,3.759999990463257,2.3228302001953125
16423,37.689998626708984,37.317901611328125
16424,41.2599983215332,39.46006393432617
16425,18.40999984741211,16.8485050201416
16426,12.279999732971191,12.182071685791016
16427,24.209999084472656,23.01876449584961
16428,38.38999938964844,36.68296432495117
16429,36.619998931884766,35.08110046386719
16430,7.019999980926514,6.382837772369385
16431,12.289999961853027,12.115679740905762
16432,27.969999313354492,28.14141082763672
16433,22.729999542236328,20.684371948242188
16434,69.04000091552734,67.51206970214844
16435,27.420000076293945,27.408138275146484
16436,38.599998474121094,37.4278564453125
16437,51.099998474121094,49.64950942993164
16438,23.420000076293945,22.01630210876465
16439,35.06999969482422,34.02875518798828
16440,60.08000183105469,61.19313049316406
16441,39.939998626708984,39.402069091796875
16442,28.6200008392334,27.734323501586914
16443,36.66999816894531,36.89230728149414
16444,58.90999984741211,58.82201385498047
16445,22.59000015258789,25.963111877441406
16446,37.59000015258789,36.39827346801758
16447,26.229999542236328,26.5528564453125
16448,26.149999618530273,25.714950561523438
16449,33.65999984741211,31.354759216308594
16450,22.90999984741211,22.642593383789062
16451,45.72999954223633,41.97562026977539
16452,23.75,21.55805778503418
16453,44.36000061035156,44.06146240234375
16454,17.389999389648438,17.135589599609375
16455,46.77000045776367,46.35014343261719
16456,13.970000267028809,13.149674415588379
16457,27.290000915527344,26.504013061523438
16458,16.1200008392334,14.172052383422852
16459,20.59000015258789,19.189516067504883
16460,9.609999656677246,9.137063026428223
16461,41.790000915527344,42.22332763671875
16462,12.09000015258789,11.087014198303223
16463,18.889999389648438,18.39564323425293
16464,3.569999933242798,3.5270607471466064
16465,52.9900016784668,52.94254684448242
16466,7.019999980926514,5.981991767883301
16467,17.959999084472656,17.179025650024414
16468,4.320000171661377,3.7071192264556885
16469,25.5,23.651260375976562
16470,26.3700008392334,27.576284408569336
16471,48.970001220703125,48.518898010253906
16472,19.450000762939453,19.1962833404541
16473,36.790000915527344,35.567813873291016
16474,9.779999732971191,9.067471504211426
16475,55.959999084472656,45.405982971191406
16476,25.760000228881836,25.40285301208496
16477,33.63999938964844,32.05471420288086
16478,21.739999771118164,19.69276237487793
16479,14.539999961853027,12.841232299804688
16480,43.95000076293945,43.15678024291992
16481,42.529998779296875,41.04326629638672
16482,29.979999542236328,30.62520980834961
16483,20.510000228881836,18.194414138793945
16484,11.460000038146973,11.652880668640137
16485,19.579999923706055,18.257230758666992
16486,56.36000061035156,53.78217315673828
16487,17.190000534057617,16.50874900817871
16488,32.720001220703125,31.31658935546875
16489,47.470001220703125,45.743675231933594
16490,40.349998474121094,39.37494659423828
16491,29.5,26.235107421875
16492,5.090000152587891,4.569080829620361
16493,34.88999938964844,33.08809280395508
16494,6.429999828338623,4.934546947479248
16495,29.450000762939453,31.010791778564453
16496,5.269999980926514,5.63151216506958
16497,40.279998779296875,38.58739471435547
16498,65.37000274658203,62.62779998779297
16499,31.350000381469727,26.47281265258789
16500,4.099999904632568,1.9856889247894287
16501,10.75,9.750834465026855
16502,23.520000457763672,22.470060348510742
16503,28.979999542236328,26.451515197753906
16504,71.27999877929688,61.77468490600586
16505,30.459999084472656,28.80068588256836
16506,12.229999542236328,11.983909606933594
16507,13.510000228881836,12.547632217407227
16508,32.08000183105469,32.133968353271484
16509,55.880001068115234,56.225643157958984
16510,41.060001373291016,34.6701545715332
16511,33.70000076293945,31.745067596435547
16512,48.06999969482422,47.718318939208984
16513,38.029998779296875,36.823631286621094
16514,63.27000045776367,61.3966178894043
16515,40.0099983215332,40.11558532714844
16516,30.020000457763672,28.02972984313965
16517,19.280000686645508,18.268157958984375
16518,7.320000171661377,7.414697170257568
16519,22.360000610351562,21.454004287719727
16520,14.369999885559082,14.153940200805664
16521,41.06999969482422,40.10694885253906
16522,31.260000228881836,31.521257400512695
16523,46.36000061035156,46.95176315307617
16524,43.58000183105469,40.84098815917969
16525,7.409999847412109,7.165651321411133
16526,46.369998931884766,43.89036178588867
16527,23.469999313354492,21.32135009765625
16528,15.739999771118164,15.027480125427246
16529,1.9800000190734863,2.0419600009918213
16530,3.6500000953674316,3.3203725814819336
16531,25.440000534057617,25.29586410522461
16532,28.690000534057617,31.41721534729004
16533,33.56999969482422,31.479175567626953
16534,9.34000015258789,9.351886749267578
16535,25.760000228881836,25.409366607666016
16536,42.38999938964844,41.399208068847656
16537,2.75,2.054776191711426
16538,24.280000686645508,22.452289581298828
16539,50.04999923706055,52.1129264831543
16540,35.060001373291016,33.004356384277344
16541,25.350000381469727,25.936357498168945
16542,32.869998931884766,31.514957427978516
16543,33.130001068115234,30.786479949951172
16544,22.190000534057617,21.11473846435547
16545,23.760000228881836,22.884136199951172
16546,30.579999923706055,28.865230560302734
16547,8.760000228881836,7.763982772827148
16548,2.190000057220459,3.247882127761841
16549,28.149999618530273,27.185312271118164
16550,27.950000762939453,26.746261596679688
16551,32.310001373291016,35.2919807434082
16552,38.04999923706055,37.02294158935547
16553,48.97999954223633,47.96543884277344
16554,49.650001525878906,51.708580017089844
16555,36.529998779296875,41.25569534301758
16556,70.05000305175781,65.34320831298828
16557,32.58000183105469,33.56495666503906
16558,13.760000228881836,11.74699878692627
16559,39.7400016784668,39.683040618896484
16560,8.720000267028809,8.33527946472168
16561,33.54999923706055,32.979881286621094
16562,21.350000381469727,20.464624404907227
16563,24.079999923706055,23.578227996826172
16564,25.690000534057617,23.967144012451172
16565,45.599998474121094,44.97983169555664
16566,23.049999237060547,21.522686004638672
16567,18.6200008392334,18.667564392089844
16568,23.5,22.987342834472656
16569,22.25,21.586071014404297
16570,16.59000015258789,15.209735870361328
16571,33.529998779296875,33.00420379638672
16572,29.079999923706055,26.971263885498047
16573,11.449999809265137,10.212983131408691
16574,32.52000045776367,33.054195404052734
16575,33.310001373291016,33.54729461669922
16576,33.790000915527344,33.64093017578125
16577,22.219999313354492,21.613914489746094
16578,14.170000076293945,13.639177322387695
16579,22.59000015258789,21.34935188293457
16580,41.790000915527344,39.63499450683594
16581,71.75,64.55634307861328
16582,20.579999923706055,20.045455932617188
16583,17.170000076293945,15.93520736694336
16584,32.0,30.585281372070312
16585,19.850000381469727,19.741605758666992
16586,10.59000015258789,9.02867317199707
16587,28.75,28.088747024536133
16588,20.18000030517578,18.059343338012695
16589,21.559999465942383,19.28067970275879
16590,56.40999984741211,52.37158966064453
16591,9.5600004196167,8.55385971069336
16592,37.599998474121094,36.463897705078125
16593,38.18000030517578,39.77836608886719
16594,21.0,19.237642288208008
16595,58.61000061035156,61.512474060058594
16596,43.15999984741211,42.25810241699219
16597,5.179999828338623,4.877547740936279
16598,48.2400016784668,44.21900939941406
16599,19.450000762939453,18.320117950439453
16600,33.47999954223633,34.90790557861328
16601,23.860000610351562,21.326385498046875
16602,34.77000045776367,33.638816833496094
16603,22.200000762939453,21.413936614990234
16604,43.97999954223633,41.645870208740234
16605,37.209999084472656,35.99702453613281
16606,58.0,59.39081573486328
16607,32.119998931884766,29.00572967529297
16608,28.959999084472656,26.785419464111328
16609,31.299999237060547,31.199792861938477
16610,6.579999923706055,5.516185283660889
16611,22.639999389648438,21.17951202392578
16612,27.709999084472656,27.850116729736328
16613,15.1899995803833,13.608983993530273
16614,23.299999237060547,21.600170135498047
16615,6.579999923706055,5.912776947021484
16616,2.5899999141693115,1.4354772567749023
16617,8.619999885559082,7.545511245727539
16618,37.81999969482422,37.434349060058594
16619,24.100000381469727,21.920589447021484
16620,37.0099983215332,33.64375305175781
16621,27.469999313354492,26.267364501953125
16622,14.199999809265137,13.685250282287598
16623,8.390000343322754,8.375677108764648
16624,11.760000228881836,10.926469802856445
16625,41.61000061035156,37.78135299682617
16626,40.13999938964844,39.1861572265625
16627,24.25,21.273746490478516
16628,18.780000686645508,16.942419052124023
16629,28.3700008392334,28.026748657226562
16630,21.030000686645508,19.80153465270996
16631,42.08000183105469,39.846534729003906
16632,49.54999923706055,46.38018798828125
16633,45.7400016784668,45.27522659301758
16634,29.15999984741211,32.46451950073242
16635,14.239999771118164,12.700061798095703
16636,40.630001068115234,40.439666748046875
16637,59.130001068115234,58.470237731933594
16638,6.980000019073486,5.313268184661865
16639,19.780000686645508,18.68480682373047
16640,42.02000045776367,43.812599182128906
16641,38.959999084472656,38.76163864135742
16642,38.380001068115234,37.77958679199219
16643,51.9900016784668,52.75444030761719
16644,19.200000762939453,17.992475509643555
16645,39.40999984741211,37.12322998046875
16646,38.33000183105469,37.12619400024414
16647,28.290000915527344,25.409006118774414
16648,23.040000915527344,22.222347259521484
16649,9.720000267028809,8.894474029541016
16650,41.25,38.428531646728516
16651,16.049999237060547,15.133596420288086
16652,15.90999984741211,15.719979286193848
16653,21.0,21.265169143676758
16654,10.75,9.642037391662598
16655,5.590000152587891,4.937932014465332
16656,11.149999618530273,10.08930492401123
16657,40.400001525878906,38.5316162109375
16658,54.86000061035156,53.89264678955078
16659,19.030000686645508,18.098411560058594
16660,37.0099983215332,36.31343078613281
16661,17.68000030517578,16.542856216430664
16662,33.83000183105469,37.88933563232422
16663,20.729999542236328,19.988445281982422
16664,37.09000015258789,41.480743408203125
16665,8.470000267028809,7.212695121765137
16666,14.0,12.067672729492188
16667,14.380000114440918,12.603792190551758
16668,28.170000076293945,30.86499786376953
16669,1.690000057220459,1.8851573467254639
16670,26.06999969482422,32.237422943115234
16671,28.829999923706055,29.57300567626953
16672,37.369998931884766,37.06531524658203
16673,5.389999866485596,4.198458671569824
16674,5.880000114440918,5.137930393218994
16675,29.239999771118164,26.753345489501953
16676,36.79999923706055,36.62590026855469
16677,50.0099983215332,54.209720611572266
16678,52.66999816894531,52.566619873046875
16679,34.81999969482422,33.11089324951172
16680,23.110000610351562,21.228466033935547
16681,31.940000534057617,31.008468627929688
16682,17.940000534057617,17.434282302856445
16683,2.559999942779541,1.875095248222351
16684,36.31999969482422,33.44499588012695
16685,18.030000686645508,15.12379264831543
16686,24.459999084472656,22.640913009643555
16687,27.6299991607666,23.288673400878906
16688,64.66000366210938,56.43517303466797
16689,22.809999465942383,21.641761779785156
16690,37.130001068115234,35.07148742675781
16691,5.489999771118164,3.603196620941162
16692,52.0099983215332,51.3154296875
16693,21.360000610351562,20.850631713867188
16694,13.039999961853027,10.600903511047363
16695,16.329999923706055,15.97371768951416
16696,41.470001220703125,37.28559875488281
16697,46.86000061035156,42.93434524536133
16698,59.68000030517578,61.89487075805664
16699,33.83000183105469,30.928159713745117
16700,6.429999828338623,6.153902053833008
16701,34.220001220703125,32.68208694458008
16702,33.290000915527344,32.363731384277344
16703,33.90999984741211,32.631683349609375
16704,27.75,26.743648529052734
16705,67.16999816894531,61.61497497558594
16706,29.899999618530273,28.63036346435547
16707,26.219999313354492,27.34381866455078
16708,19.790000915527344,18.04372787475586
16709,10.829999923706055,10.714166641235352
16710,31.09000015258789,29.20490264892578
16711,18.75,17.02239990234375
16712,35.779998779296875,32.601776123046875
16713,28.420000076293945,26.945409774780273
16714,18.59000015258789,16.824373245239258
16715,15.460000038146973,15.531208038330078
16716,22.200000762939453,22.555879592895508
16717,18.760000228881836,17.112274169921875
16718,42.59000015258789,41.562618255615234
16719,61.20000076293945,61.62842559814453
16720,24.93000030517578,23.33962631225586
16721,29.649999618530273,29.987361907958984
16722,35.040000915527344,37.5371208190918
16723,55.2599983215332,46.563575744628906
16724,33.15999984741211,32.12385177612305
16725,13.0,12.008296966552734
16726,14.350000381469727,14.023158073425293
16727,25.850000381469727,22.44266128540039
16728,18.440000534057617,17.6915283203125
16729,22.950000762939453,23.159038543701172
16730,40.33000183105469,41.15244674682617
16731,29.639999389648438,27.31338882446289
16732,5.170000076293945,3.4768500328063965
16733,25.65999984741211,25.080995559692383
16734,23.260000228881836,21.562532424926758
16735,43.029998779296875,41.611419677734375
16736,58.11000061035156,56.26582336425781
16737,29.219999313354492,29.28634262084961
16738,14.649999618530273,13.397110939025879
16739,23.34000015258789,22.357593536376953
16740,15.869999885559082,13.787805557250977
16741,23.549999237060547,23.216764450073242
16742,36.220001220703125,35.167701721191406
16743,57.08000183105469,53.647151947021484
16744,7.869999885559082,6.6468424797058105
16745,23.579999923706055,22.642826080322266
16746,26.290000915527344,26.86627197265625
16747,35.33000183105469,35.528724670410156
16748,27.200000762939453,24.453466415405273
16749,14.619999885559082,13.920968055725098
16750,23.799999237060547,22.370447158813477
16751,14.170000076293945,13.815605163574219
16752,9.979999542236328,9.874678611755371
16753,46.130001068115234,44.90846252441406
16754,16.889999389648438,15.344529151916504
16755,35.75,33.06482696533203
16756,46.79999923706055,45.05616760253906
16757,28.940000534057617,27.54810905456543
16758,38.4900016784668,35.56092834472656
16759,40.58000183105469,36.376670837402344
16760,18.100000381469727,16.661378860473633
16761,23.690000534057617,23.396635055541992
16762,39.54999923706055,35.159202575683594
16763,22.6299991607666,22.243337631225586
16764,38.36000061035156,36.656105041503906
16765,5.559999942779541,4.37287712097168
16766,34.58000183105469,33.96038818359375
16767,28.219999313354492,29.550954818725586
16768,48.16999816894531,43.02864456176758
16769,16.81999969482422,16.18456268310547
16770,36.349998474121094,35.411834716796875
16771,20.6299991607666,20.25303077697754
16772,50.11000061035156,47.23072052001953
16773,36.529998779296875,34.86487579345703
16774,46.029998779296875,43.71509552001953
16775,38.220001220703125,35.93034362792969
16776,24.149999618530273,22.276216506958008
16777,23.639999389648438,21.778221130371094
16778,43.0,40.7793083190918
16779,44.02000045776367,42.57822799682617
16780,18.579999923706055,17.325193405151367
16781,14.210000038146973,14.191701889038086
16782,10.5,8.829532623291016
16783,2.130000114440918,3.097971200942993
16784,17.700000762939453,16.649639129638672
16785,17.34000015258789,16.29945945739746
16786,19.780000686645508,18.558034896850586
16787,12.680000305175781,11.612916946411133
16788,40.86000061035156,39.524574279785156
16789,28.139999389648438,27.560211181640625
16790,20.43000030517578,20.411226272583008
16791,26.56999969482422,30.105026245117188
16792,16.420000076293945,16.32924461364746
16793,41.349998474121094,39.91825866699219
16794,12.90999984741211,12.414289474487305
16795,33.560001373291016,31.999189376831055
16796,24.229999542236328,22.981155395507812
16797,25.459999084472656,25.81989860534668
16798,37.70000076293945,36.08978271484375
16799,19.299999237060547,17.614765167236328
16800,37.459999084472656,34.52814483642578
16801,72.2300033569336,72.3055419921875
16802,24.700000762939453,25.019529342651367
16803,18.93000030517578,17.22578239440918
16804,22.31999969482422,20.962064743041992
16805,26.40999984741211,23.449050903320312
16806,63.599998474121094,60.189796447753906
16807,4.739999771118164,2.5314643383026123
16808,24.229999542236328,23.554363250732422
16809,5.980000019073486,5.1970930099487305
16810,23.549999237060547,22.07892608642578
16811,45.59000015258789,45.384376525878906
16812,8.270000457763672,6.008498191833496
16813,31.649999618530273,29.92015266418457
16814,34.41999816894531,34.69868469238281
16815,36.189998626708984,30.704477310180664
16816,6.050000190734863,4.913879871368408
16817,31.670000076293945,31.330398559570312
16818,21.15999984741211,21.368818283081055
16819,10.170000076293945,9.892589569091797
16820,70.7300033569336,68.27629852294922
16821,26.049999237060547,24.477840423583984
16822,9.079999923706055,8.861542701721191
16823,16.59000015258789,16.439661026000977
16824,28.479999542236328,30.37203598022461
16825,18.18000030517578,16.918071746826172
16826,21.959999084472656,21.6446533203125
16827,5.989999771118164,3.8195900917053223
16828,27.540000915527344,26.938915252685547
16829,8.4399995803833,8.480608940124512
16830,59.29999923706055,57.53367233276367
16831,10.220000267028809,9.279104232788086
16832,33.29999923706055,29.460983276367188
16833,15.4399995803833,13.806861877441406
16834,24.450000762939453,23.38869857788086
16835,15.260000228881836,14.8839750289917
16836,9.15999984741211,7.7503156661987305
16837,14.380000114440918,12.309885025024414
16838,11.65999984741211,11.075179100036621
16839,56.16999816894531,54.718692779541016
16840,17.600000381469727,15.646601676940918
16841,5.070000171661377,4.223123073577881
16842,11.1899995803833,11.166747093200684
16843,17.549999237060547,16.518041610717773
16844,23.200000762939453,22.022048950195312
16845,46.220001220703125,46.9786376953125
16846,43.970001220703125,41.67878723144531
16847,54.119998931884766,54.542274475097656
16848,12.039999961853027,10.5450439453125
16849,31.600000381469727,32.105369567871094
16850,11.890000343322754,9.812540054321289
16851,21.100000381469727,19.825706481933594
16852,29.850000381469727,28.504684448242188
16853,29.3700008392334,29.981176376342773
16854,11.539999961853027,11.143871307373047
16855,14.720000267028809,13.129594802856445
16856,28.399999618530273,26.405242919921875
16857,15.760000228881836,13.871597290039062
16858,37.099998474121094,36.63031768798828
16859,15.010000228881836,14.40820598602295
16860,37.650001525878906,35.598541259765625
16861,23.760000228881836,22.47748565673828
16862,14.119999885559082,13.453032493591309
16863,28.65999984741211,30.10297393798828
16864,37.93000030517578,38.29859161376953
16865,22.639999389648438,21.73069190979004
16866,14.90999984741211,12.534335136413574
16867,29.75,26.00968360900879
16868,9.670000076293945,9.628683090209961
16869,25.280000686645508,25.01382827758789
16870,17.34000015258789,16.493196487426758
16871,8.289999961853027,6.778764247894287
16872,8.329999923706055,7.536025524139404
16873,20.8700008392334,20.375993728637695
16874,18.440000534057617,17.341835021972656
16875,12.779999732971191,11.578064918518066
16876,22.100000381469727,22.14555549621582
16877,27.049999237060547,26.19438362121582
16878,58.91999816894531,60.61928939819336
16879,11.220000267028809,9.677632331848145
16880,7.260000228881836,5.8446526527404785
16881,15.100000381469727,14.41529369354248
16882,24.290000915527344,22.298967361450195
16883,13.25,12.780804634094238
16884,25.709999084472656,24.111467361450195
16885,8.510000228881836,7.057404041290283
16886,48.959999084472656,52.93243408203125
16887,24.100000381469727,23.290542602539062
16888,11.479999542236328,11.132518768310547
16889,17.540000915527344,15.94361400604248
16890,38.439998626708984,39.27690887451172
16891,11.579999923706055,10.665388107299805
16892,25.979999542236328,24.393434524536133
16893,52.63999938964844,51.038612365722656
16894,16.3700008392334,15.857077598571777
16895,3.6600000858306885,3.624016761779785
16896,13.260000228881836,12.33492660522461
16897,64.58000183105469,63.7613525390625
16898,16.6299991607666,16.142391204833984
16899,13.890000343322754,13.568198204040527
16900,20.81999969482422,19.151334762573242
16901,39.310001373291016,36.17893600463867
16902,44.95000076293945,46.222496032714844
16903,19.360000610351562,17.822227478027344
16904,6.019999980926514,4.940962791442871
16905,6.929999828338623,6.851720333099365
16906,44.959999084472656,46.51499938964844
16907,21.84000015258789,21.189781188964844
16908,37.0,38.15923309326172
16909,52.970001220703125,56.431461334228516
16910,70.2699966430664,68.13134765625
16911,21.389999389648438,20.36443519592285
16912,10.09000015258789,8.989018440246582
16913,33.5,32.64668273925781
16914,48.41999816894531,49.60673522949219
16915,71.41999816894531,74.53397369384766
16916,10.880000114440918,10.05472183227539
16917,22.809999465942383,22.962385177612305
16918,31.5,31.754043579101562
16919,17.84000015258789,18.48506736755371
16920,30.90999984741211,31.384693145751953
16921,5.409999847412109,5.276074409484863
16922,40.790000915527344,39.73076629638672
16923,17.229999542236328,16.124685287475586
16924,8.220000267028809,7.650196075439453
16925,43.65999984741211,41.167015075683594
16926,19.829999923706055,18.830764770507812
16927,35.529998779296875,32.980777740478516
16928,3.8499999046325684,2.9510207176208496
16929,6.449999809265137,4.766628265380859
16930,28.780000686645508,28.235187530517578
16931,32.470001220703125,33.58332061767578
16932,3.3499999046325684,2.121570110321045
16933,19.899999618530273,19.17431640625
16934,36.83000183105469,38.31977081298828
16935,15.510000228881836,14.619693756103516
16936,55.189998626708984,51.425743103027344
16937,3.0399999618530273,2.129626750946045
16938,3.490000009536743,2.754214286804199
16939,12.680000305175781,11.739420890808105
16940,52.29999923706055,44.91542053222656
16941,27.09000015258789,27.366167068481445
16942,19.459999084472656,18.837364196777344
16943,19.530000686645508,18.34756088256836
16944,54.720001220703125,53.58049011230469
16945,17.479999542236328,16.3538761138916
16946,12.039999961853027,11.86985969543457
16947,14.25,13.288359642028809
16948,11.930000305175781,10.985057830810547
16949,37.630001068115234,37.28359603881836
16950,34.9900016784668,34.126129150390625
16951,18.56999969482422,18.631141662597656
16952,10.880000114440918,10.27729320526123
16953,5.230000019073486,3.8496291637420654
16954,32.65999984741211,31.045673370361328
16955,7.599999904632568,6.701435565948486
16956,32.709999084472656,30.49985694885254
16957,43.66999816894531,42.565940856933594
16958,9.489999771118164,7.961657524108887
16959,28.920000076293945,28.33548355102539
16960,45.47999954223633,42.72315216064453
16961,24.489999771118164,22.474470138549805
16962,40.5099983215332,41.88716506958008
16963,46.9900016784668,44.56458282470703
16964,20.229999542236328,19.14791488647461
16965,9.789999961853027,9.530535697937012
16966,46.66999816894531,46.15422439575195
16967,44.630001068115234,42.29637908935547
16968,78.62000274658203,70.49806213378906
16969,32.970001220703125,33.791507720947266
16970,7.150000095367432,6.101366996765137
16971,48.060001373291016,47.08454513549805
16972,17.760000228881836,17.486909866333008
16973,10.960000038146973,9.375327110290527
16974,11.869999885559082,9.492633819580078
16975,10.819999694824219,10.955804824829102
16976,58.61000061035156,62.388885498046875
16977,24.399999618530273,23.512508392333984
16978,16.889999389648438,16.33016014099121
16979,14.59000015258789,13.569075584411621
16980,13.029999732971191,11.826943397521973
16981,48.849998474121094,46.909446716308594
16982,12.199999809265137,10.89635944366455
16983,36.47999954223633,36.36192321777344
16984,56.02000045776367,51.61687469482422
16985,7.78000020980835,6.202010631561279
16986,44.13999938964844,42.419559478759766
16987,20.700000762939453,19.871700286865234
16988,38.2400016784668,37.192108154296875
16989,36.720001220703125,34.24708938598633
16990,32.599998474121094,31.6939697265625
16991,51.959999084472656,49.09386444091797
16992,17.360000610351562,16.159095764160156
16993,24.90999984741211,23.187345504760742
16994,6.940000057220459,6.727161884307861
16995,26.3799991607666,27.360971450805664
16996,17.040000915527344,17.004608154296875
16997,7.519999980926514,6.764041900634766
16998,62.20000076293945,60.0661506652832
16999,13.699999809265137,12.91885757446289
17000,18.3799991607666,16.766796112060547
17001,29.8700008392334,29.214550018310547
17002,46.709999084472656,47.40376281738281
17003,20.010000228881836,18.42877769470215
17004,53.11000061035156,55.13377380371094
17005,52.04999923706055,52.537811279296875
17006,41.689998626708984,42.0814323425293
17007,26.229999542236328,29.816349029541016
17008,16.270000457763672,16.43946075439453
17009,29.920000076293945,28.788423538208008
17010,35.279998779296875,35.58658981323242
17011,6.139999866485596,5.038490295410156
17012,32.91999816894531,34.43792724609375
17013,10.869999885559082,10.551509857177734
17014,5.710000038146973,4.979465484619141
17015,15.140000343322754,14.787552833557129
17016,18.229999542236328,20.12807846069336
17017,17.09000015258789,16.00305938720703
17018,10.149999618530273,9.449044227600098
17019,38.38999938964844,33.8581428527832
17020,52.060001373291016,49.09679412841797
17021,23.899999618530273,22.842037200927734
17022,34.5,34.07472229003906
17023,38.43000030517578,38.0000114440918
17024,23.979999542236328,22.050052642822266
17025,28.899999618530273,25.305980682373047
17026,38.29999923706055,37.83915710449219
17027,39.36000061035156,34.47062301635742
17028,40.9900016784668,39.189517974853516
17029,25.489999771118164,22.73638343811035
17030,16.469999313354492,14.353675842285156
17031,32.63999938964844,34.30599594116211
17032,69.97000122070312,68.015625
17033,44.310001373291016,42.140342712402344
17034,10.979999542236328,10.78868579864502
17035,18.93000030517578,17.827089309692383
17036,36.45000076293945,33.20893096923828
17037,24.75,22.91021728515625
17038,42.439998626708984,42.11414337158203
17039,12.5600004196167,11.227066040039062
17040,23.299999237060547,23.506643295288086
17041,39.88999938964844,39.79511260986328
17042,8.399999618530273,7.467126846313477
17043,28.43000030517578,27.06646728515625
17044,37.119998931884766,36.159446716308594
17045,35.02000045776367,32.607112884521484
17046,2.859999895095825,2.0945465564727783
17047,9.630000114440918,9.357085227966309
17048,5.570000171661377,5.470758438110352
17049,17.719999313354492,16.206634521484375
17050,11.579999923706055,10.40892505645752
17051,12.850000381469727,11.515846252441406
17052,8.359999656677246,8.243603706359863
17053,22.81999969482422,21.379411697387695
17054,19.920000076293945,18.793140411376953
17055,6.949999809265137,6.660743236541748
17056,29.780000686645508,29.258102416992188
17057,57.470001220703125,54.707759857177734
17058,59.83000183105469,51.724937438964844
17059,28.950000762939453,25.862197875976562
17060,60.650001525878906,60.32989501953125
17061,19.510000228881836,17.138957977294922
17062,35.650001525878906,34.983497619628906
17063,55.88999938964844,57.21436309814453
17064,12.760000228881836,11.80412769317627
17065,18.059999465942383,17.300628662109375
17066,41.33000183105469,39.359344482421875
17067,35.540000915527344,34.336273193359375
17068,29.850000381469727,29.780736923217773
17069,48.54999923706055,44.73413848876953
17070,24.469999313354492,24.934940338134766
17071,30.260000228881836,29.72394561767578
17072,13.699999809265137,12.328654289245605
17073,16.149999618530273,15.101823806762695
17074,11.5,11.044618606567383
17075,64.83000183105469,58.4567985534668
17076,37.439998626708984,38.1245231628418
17077,31.469999313354492,29.453907012939453
17078,22.389999389648438,21.256227493286133
17079,5.809999942779541,5.81787109375
17080,25.899999618530273,23.845489501953125
17081,13.050000190734863,11.959444046020508
17082,16.59000015258789,15.34782886505127
17083,19.329999923706055,17.986711502075195
17084,20.520000457763672,18.224647521972656
17085,24.290000915527344,22.859254837036133
17086,19.8700008392334,18.328590393066406
17087,44.040000915527344,44.30952835083008
17088,7.429999828338623,6.8013596534729
17089,27.979999542236328,25.909236907958984
17090,12.539999961853027,12.332464218139648
17091,55.02000045776367,51.20941925048828
17092,70.77999877929688,67.20792388916016
17093,20.68000030517578,20.602840423583984
17094,44.689998626708984,44.21489334106445
17095,2.049999952316284,1.1302586793899536
17096,42.709999084472656,40.274559020996094
17097,75.5999984741211,62.10303497314453
17098,15.600000381469727,13.609945297241211
17099,9.770000457763672,8.65860366821289
17100,73.5999984741211,69.11420440673828
17101,21.209999084472656,20.241199493408203
17102,12.279999732971191,10.509916305541992
17103,34.29999923706055,31.968738555908203
17104,45.099998474121094,46.77796173095703
17105,28.350000381469727,27.221744537353516
17106,29.709999084472656,31.92912483215332
17107,53.88999938964844,53.30573272705078
17108,13.579999923706055,11.68514347076416
17109,21.93000030517578,19.62051010131836
17110,34.63999938964844,38.85334396362305
17111,44.15999984741211,46.94343566894531
17112,28.639999389648438,25.670846939086914
17113,42.470001220703125,38.33981704711914
17114,18.84000015258789,18.211584091186523
17115,24.790000915527344,22.847858428955078
17116,58.119998931884766,53.22587585449219
17117,10.479999542236328,10.589438438415527
17118,8.930000305175781,7.377270221710205
17119,14.850000381469727,14.271474838256836
17120,22.670000076293945,21.851470947265625
17121,13.600000381469727,12.794103622436523
17122,28.040000915527344,25.77977752685547
17123,43.029998779296875,40.45035171508789
17124,41.13999938964844,39.2632942199707
17125,19.719999313354492,19.067523956298828
17126,16.709999084472656,16.749549865722656
17127,70.41000366210938,66.99237823486328
17128,79.94999694824219,66.94609832763672
17129,9.100000381469727,7.3093767166137695
17130,23.010000228881836,22.272563934326172
17131,28.059999465942383,26.210187911987305
17132,52.060001373291016,52.92302322387695
17133,27.1299991607666,26.757925033569336
17134,24.350000381469727,22.920902252197266
17135,14.869999885559082,14.336747169494629
17136,31.90999984741211,30.410507202148438
17137,18.889999389648438,17.81216812133789
17138,26.540000915527344,25.00360107421875
17139,23.209999084472656,22.668315887451172
17140,9.180000305175781,7.610354423522949
17141,14.430000305175781,13.045796394348145
17142,35.79999923706055,34.82447814941406
17143,60.77000045776367,59.395294189453125
17144,45.75,42.84736633300781
17145,7.619999885559082,7.860635757446289
17146,30.850000381469727,30.736719131469727
17147,29.889999389648438,26.844820022583008
17148,31.639999389648438,28.66636085510254
17149,13.220000267028809,12.352363586425781
17150,7.889999866485596,7.64472770690918
17151,37.75,37.775630950927734
17152,11.279999732971191,10.482650756835938
17153,39.130001068115234,39.284523010253906
17154,12.0600004196167,9.855273246765137
17155,39.16999816894531,38.29650115966797
17156,15.649999618530273,14.399469375610352
17157,31.579999923706055,37.72943878173828
17158,28.549999237060547,27.76556968688965
17159,10.65999984741211,10.164850234985352
17160,16.8799991607666,16.21181869506836
17161,23.34000015258789,23.50583267211914
17162,52.65999984741211,49.89915466308594
17163,68.9800033569336,69.03514099121094
17164,49.349998474121094,46.944740295410156
17165,49.599998474121094,51.03382873535156
17166,17.65999984741211,16.417816162109375
17167,33.36000061035156,29.73522186279297
17168,43.650001525878906,41.144622802734375
17169,42.15999984741211,41.89731979370117
17170,56.09000015258789,50.9272346496582
17171,30.56999969482422,29.086645126342773
17172,36.15999984741211,37.68462371826172
17173,26.829999923706055,25.83300018310547
17174,75.30999755859375,73.22666931152344
17175,15.630000114440918,14.503211975097656
17176,24.809999465942383,25.736225128173828
17177,12.850000381469727,12.051745414733887
17178,18.299999237060547,16.975318908691406
17179,46.79999923706055,45.83696365356445
17180,12.930000305175781,12.387422561645508
17181,13.800000190734863,13.07907485961914
17182,36.029998779296875,38.868892669677734
17183,6.53000020980835,4.7157440185546875
17184,32.61000061035156,29.5980224609375
17185,24.649999618530273,24.42502212524414
17186,19.389999389648438,19.275470733642578
17187,22.90999984741211,24.77923583984375
17188,26.059999465942383,23.836179733276367
17189,9.739999771118164,8.657413482666016
17190,32.119998931884766,32.27988815307617
17191,20.969999313354492,19.32585906982422
17192,13.510000228881836,11.898408889770508
17193,72.26000213623047,73.20941162109375
17194,46.79999923706055,46.05592346191406
17195,14.84000015258789,13.74654769897461
17196,19.729999542236328,19.525257110595703
17197,12.25,11.78853988647461
17198,20.079999923706055,21.08742332458496
17199,12.15999984741211,10.77609920501709
17200,45.5099983215332,45.916343688964844
17201,24.829999923706055,22.721599578857422
17202,45.189998626708984,47.4841423034668
17203,26.170000076293945,26.538434982299805
17204,39.18000030517578,39.366764068603516
17205,45.52000045776367,41.63075256347656
17206,51.06999969482422,45.616153717041016
17207,24.8799991607666,24.078866958618164
17208,25.690000534057617,26.525569915771484
17209,47.939998626708984,49.09705352783203
17210,41.189998626708984,40.242855072021484
17211,6.139999866485596,5.196667671203613
17212,19.40999984741211,18.277713775634766
17213,27.969999313354492,26.464401245117188
17214,40.77000045776367,39.378021240234375
17215,26.1200008392334,25.20560073852539
17216,7.429999828338623,6.646010398864746
17217,20.739999771118164,19.376590728759766
17218,60.7400016784668,61.50421905517578
17219,10.279999732971191,9.37642765045166
17220,69.29000091552734,70.70282745361328
17221,36.18000030517578,34.556854248046875
17222,40.58000183105469,39.69480514526367
17223,22.969999313354492,21.615341186523438
17224,46.869998931884766,45.43397521972656
17225,28.290000915527344,26.49033546447754
17226,40.09000015258789,38.08930206298828
17227,1.2599999904632568,2.7602379322052
17228,22.09000015258789,21.46036148071289
17229,12.529999732971191,12.216742515563965
17230,24.1200008392334,23.891977310180664
17231,24.93000030517578,23.829124450683594
17232,19.90999984741211,18.32282257080078
17233,17.81999969482422,16.479267120361328
17234,7.599999904632568,7.8375163078308105
17235,17.190000534057617,15.535350799560547
17236,76.87999725341797,70.2356948852539
17237,34.36000061035156,30.573379516601562
17238,53.66999816894531,52.449668884277344
17239,7.010000228881836,6.107728481292725
17240,15.5600004196167,14.297462463378906
17241,37.33000183105469,34.738224029541016
17242,52.97999954223633,45.650611877441406
17243,11.670000076293945,10.686644554138184
17244,18.06999969482422,16.3095703125
17245,26.84000015258789,26.047637939453125
17246,25.479999542236328,24.23116111755371
17247,18.399999618530273,17.347888946533203
17248,25.93000030517578,22.811857223510742
17249,32.7400016784668,28.423025131225586
17250,25.959999084472656,22.23415184020996
17251,7.409999847412109,5.341455936431885
17252,2.319999933242798,2.8831918239593506
17253,12.229999542236328,10.482660293579102
17254,28.1299991607666,28.594470977783203
17255,34.47999954223633,32.21048355102539
17256,38.09000015258789,36.16581726074219
17257,15.640000343322754,13.791911125183105
17258,40.400001525878906,37.71208190917969
17259,38.689998626708984,41.16017150878906
17260,24.670000076293945,24.503156661987305
17261,20.149999618530273,19.421966552734375
17262,42.599998474121094,43.88739776611328
17263,13.739999771118164,13.3490629196167
17264,41.900001525878906,41.92894744873047
17265,25.489999771118164,25.35869598388672
17266,30.3799991607666,29.245872497558594
17267,40.970001220703125,39.14533615112305
17268,24.920000076293945,22.7437686920166
17269,25.790000915527344,24.166751861572266
17270,26.690000534057617,24.700042724609375
17271,10.75,8.581281661987305
17272,26.40999984741211,25.672809600830078
17273,23.600000381469727,24.274654388427734
17274,10.300000190734863,9.480915069580078
17275,25.18000030517578,22.285499572753906
17276,53.650001525878906,50.6594123840332
17277,33.75,31.95798110961914
17278,10.010000228881836,9.779088973999023
17279,16.860000610351562,14.570395469665527
17280,33.43000030517578,30.837129592895508
17281,7.449999809265137,7.53974723815918
17282,14.09000015258789,12.672233581542969
17283,8.430000305175781,7.682891845703125
17284,34.83000183105469,32.28410339355469
17285,35.52000045776367,33.45448684692383
17286,46.79999923706055,45.132354736328125
17287,32.68000030517578,35.033164978027344
17288,12.350000381469727,11.770594596862793
17289,24.729999542236328,25.623092651367188
17290,33.630001068115234,30.719249725341797
17291,35.16999816894531,31.077659606933594
17292,20.139999389648438,19.222410202026367
17293,16.760000228881836,15.694552421569824
17294,33.939998626708984,30.407629013061523
17295,16.0,14.672993659973145
17296,50.54999923706055,43.95050811767578
17297,24.969999313354492,23.94005012512207
17298,42.9900016784668,39.88850021362305
17299,64.12000274658203,63.33259582519531
17300,7.289999961853027,7.562390327453613
17301,19.610000610351562,18.060453414916992
17302,24.1299991607666,22.611289978027344
17303,8.640000343322754,7.297091484069824
17304,39.310001373291016,40.494544982910156
17305,7.340000152587891,5.558088779449463
17306,12.899999618530273,12.725441932678223
17307,6.800000190734863,5.946537971496582
17308,40.099998474121094,37.80731201171875
17309,14.170000076293945,13.558344841003418
17310,59.2400016784668,58.628456115722656
17311,18.860000610351562,18.449491500854492
17312,19.110000610351562,18.413084030151367
17313,29.420000076293945,28.080875396728516
17314,34.150001525878906,35.810302734375
17315,9.760000228881836,10.017123222351074
17316,10.569999694824219,9.764615058898926
17317,7.309999942779541,7.223521709442139
17318,18.860000610351562,17.380870819091797
17319,37.29999923706055,29.02605628967285
17320,41.619998931884766,46.623138427734375
17321,51.90999984741211,48.162109375
17322,63.34000015258789,60.892738342285156
17323,42.02000045776367,38.90401077270508
17324,9.5600004196167,8.666067123413086
17325,59.20000076293945,60.4499397277832
17326,24.18000030517578,24.401968002319336
17327,8.600000381469727,8.645356178283691
17328,15.270000457763672,14.82490062713623
17329,73.63999938964844,72.00665283203125
17330,9.930000305175781,8.933762550354004
17331,25.229999542236328,23.930145263671875
17332,11.149999618530273,10.364215850830078
17333,35.29999923706055,33.63232421875
17334,38.5099983215332,36.09954833984375
17335,21.110000610351562,20.626169204711914
17336,14.289999961853027,12.761086463928223
17337,12.289999961853027,11.54734992980957
17338,7.400000095367432,7.521506309509277
17339,35.5,32.85005187988281
17340,38.09000015258789,37.71744155883789
17341,15.260000228881836,13.326584815979004
17342,7.690000057220459,7.797118186950684
17343,6.409999847412109,5.398059368133545
17344,27.68000030517578,25.91623306274414
17345,16.360000610351562,15.309804916381836
17346,30.149999618530273,29.370040893554688
17347,30.010000228881836,28.269479751586914
17348,25.809999465942383,24.257125854492188
17349,32.869998931884766,32.51195526123047
17350,17.459999084472656,16.663475036621094
17351,50.630001068115234,50.10551071166992
17352,9.130000114440918,8.473490715026855
17353,60.220001220703125,58.57429504394531
17354,41.130001068115234,40.715904235839844
17355,42.540000915527344,41.14924240112305
17356,27.25,27.107656478881836
17357,20.399999618530273,20.117095947265625
17358,14.680000305175781,14.36765193939209
17359,32.68000030517578,32.723628997802734
17360,46.630001068115234,46.5438232421875
17361,12.479999542236328,12.133675575256348
17362,52.400001525878906,53.21875762939453
17363,12.069999694824219,10.773258209228516
17364,12.369999885559082,11.748825073242188
17365,6.440000057220459,4.820167541503906
17366,9.229999542236328,7.629608154296875
17367,55.130001068115234,50.69772720336914
17368,41.060001373291016,40.13273239135742
17369,34.310001373291016,32.31263732910156
17370,24.729999542236328,23.13844108581543
17371,10.34000015258789,9.084662437438965
17372,33.38999938964844,31.475173950195312
17373,2.5,2.4870638847351074
17374,3.8299999237060547,2.400510549545288
17375,5.039999961853027,3.2610795497894287
17376,36.439998626708984,39.70012283325195
17377,12.470000267028809,10.021906852722168
17378,39.650001525878906,37.886077880859375
17379,18.389999389648438,17.26854133605957
17380,24.940000534057617,25.839336395263672
17381,3.2200000286102295,3.1615068912506104
17382,33.70000076293945,32.780921936035156
17383,19.3799991607666,18.448699951171875
17384,30.549999237060547,30.354124069213867
17385,35.599998474121094,38.161895751953125
17386,27.149999618530273,25.657670974731445
17387,20.510000228881836,18.127334594726562
17388,45.279998779296875,46.56769561767578
17389,53.650001525878906,51.343074798583984
17390,7.409999847412109,7.274619102478027
17391,50.349998474121094,51.41496276855469
17392,26.989999771118164,27.43183135986328
17393,25.670000076293945,27.451921463012695
17394,24.469999313354492,22.575031280517578
17395,8.600000381469727,7.746213436126709
17396,7.829999923706055,6.763574123382568
17397,15.199999809265137,14.53481674194336
17398,1.409999966621399,1.532486915588379
17399,25.420000076293945,23.142210006713867
17400,3.569999933242798,3.613708257675171
17401,50.79999923706055,50.90997314453125
17402,6.300000190734863,6.049140930175781
17403,56.86000061035156,55.46390151977539
17404,8.289999961853027,7.911165237426758
17405,51.63999938964844,51.78556823730469
17406,21.31999969482422,18.98464012145996
17407,17.059999465942383,16.716306686401367
17408,53.5,48.056427001953125
17409,8.520000457763672,8.26171875
17410,63.09000015258789,62.72062683105469
17411,33.75,32.727073669433594
17412,6.46999979019165,4.87205171585083
17413,21.010000228881836,20.41080093383789
17414,19.90999984741211,18.065074920654297
17415,9.819999694824219,8.225485801696777
17416,8.970000267028809,8.084259986877441
17417,33.84000015258789,31.841291427612305
17418,33.439998626708984,32.15925598144531
17419,3.3499999046325684,2.1211512088775635
17420,18.270000457763672,17.08248519897461
17421,7.010000228881836,5.944247722625732
17422,42.2400016784668,46.27470397949219
17423,3.5799999237060547,1.7464487552642822
17424,20.530000686645508,17.58755874633789
17425,14.609999656677246,13.784788131713867
17426,20.209999084472656,19.48046112060547
17427,23.809999465942383,23.41915512084961
17428,16.329999923706055,15.653878211975098
17429,17.8700008392334,16.48182487487793
17430,37.45000076293945,33.018856048583984
17431,9.739999771118164,9.17063045501709
17432,55.470001220703125,55.87162399291992
17433,32.93000030517578,32.11055374145508
17434,14.529999732971191,14.743453025817871
17435,1.649999976158142,6.494181156158447
17436,70.04000091552734,71.5286636352539
17437,18.18000030517578,17.175260543823242
17438,17.100000381469727,18.327184677124023
17439,47.130001068115234,45.443138122558594
17440,44.83000183105469,47.38834762573242
17441,15.529999732971191,14.281179428100586
17442,60.84000015258789,57.13727569580078
17443,43.38999938964844,43.41266632080078
17444,36.380001068115234,35.973365783691406
17445,39.11000061035156,39.46083068847656
17446,8.779999732971191,9.347689628601074
17447,59.279998779296875,63.862998962402344
17448,34.29999923706055,33.36965560913086
17449,23.739999771118164,22.13644790649414
17450,6.869999885559082,6.87594747543335
17451,50.83000183105469,44.67555236816406
17452,9.220000267028809,7.8730292320251465
17453,51.790000915527344,53.76460647583008
17454,9.220000267028809,8.832779884338379
17455,8.1899995803833,7.302334308624268
17456,23.329999923706055,22.1289005279541
17457,45.09000015258789,44.02043533325195
17458,1.3799999952316284,1.2688742876052856
17459,40.709999084472656,40.3631591796875
17460,11.119999885559082,10.838976860046387
17461,47.33000183105469,45.390933990478516
17462,46.5099983215332,50.382835388183594
17463,18.75,19.752639770507812
17464,21.56999969482422,20.388599395751953
17465,19.850000381469727,19.035438537597656
17466,4.440000057220459,4.587049961090088
17467,16.600000381469727,15.256953239440918
17468,15.390000343322754,15.058445930480957
17469,42.58000183105469,41.464717864990234
17470,43.18000030517578,42.512672424316406
17471,11.119999885559082,9.536874771118164
17472,4.920000076293945,4.4359965324401855
17473,42.849998474121094,39.66181182861328
17474,2.1700000762939453,4.071642875671387
17475,32.79999923706055,30.412141799926758
17476,17.329999923706055,15.882172584533691
17477,6.869999885559082,5.189146041870117
17478,55.529998779296875,55.44089126586914
17479,40.08000183105469,38.7777214050293
17480,18.0,17.406536102294922
17481,12.739999771118164,11.543245315551758
17482,22.190000534057617,21.777795791625977
17483,21.389999389648438,23.446392059326172
17484,10.930000305175781,10.185694694519043
17485,9.930000305175781,9.120116233825684
17486,10.510000228881836,8.130476951599121
17487,23.56999969482422,22.219249725341797
17488,6.329999923706055,5.06132173538208
17489,20.399999618530273,18.985443115234375
17490,29.239999771118164,27.434810638427734
17491,35.0,32.473690032958984
17492,22.06999969482422,21.076807022094727
17493,48.439998626708984,52.46638488769531
17494,16.8799991607666,15.812085151672363
17495,24.760000228881836,24.67491912841797
17496,25.1299991607666,23.568500518798828
17497,45.09000015258789,40.99552536010742
17498,36.97999954223633,35.08283233642578
17499,45.68000030517578,39.936424255371094
17500,14.899999618530273,13.947244644165039
17501,31.219999313354492,32.484092712402344
17502,34.310001373291016,35.41575622558594
17503,39.18000030517578,40.9478645324707
17504,9.460000038146973,8.606667518615723
17505,22.6299991607666,21.980026245117188
17506,7.579999923706055,7.514468669891357
17507,24.920000076293945,24.42261505126953
17508,24.479999542236328,21.93992805480957
17509,8.100000381469727,8.831184387207031
17510,35.68000030517578,36.04015350341797
17511,23.280000686645508,21.607074737548828
17512,6.869999885559082,6.076437473297119
17513,10.869999885559082,9.974296569824219
17514,2.7799999713897705,1.5859283208847046
17515,3.3499999046325684,2.174267053604126
17516,46.2599983215332,42.41896438598633
17517,10.130000114440918,6.680325984954834
17518,17.579999923706055,15.832088470458984
17519,24.469999313354492,22.667484283447266
17520,29.479999542236328,28.914642333984375
17521,33.36000061035156,31.29447364807129
17522,9.729999542236328,8.369784355163574
17523,30.579999923706055,30.680492401123047
17524,48.599998474121094,48.47154998779297
17525,53.02000045776367,51.317813873291016
17526,25.149999618530273,23.139404296875
17527,70.94000244140625,67.73674011230469
17528,18.559999465942383,17.206382751464844
17529,29.040000915527344,26.977436065673828
17530,6.269999980926514,6.639439582824707
17531,42.369998931884766,43.104217529296875
17532,38.439998626708984,38.83510971069336
17533,18.84000015258789,16.442625045776367
17534,60.59000015258789,56.94840621948242
17535,30.600000381469727,29.14453887939453
17536,15.600000381469727,15.185669898986816
17537,35.54999923706055,34.10585021972656
17538,16.030000686645508,15.726252555847168
17539,31.170000076293945,29.86577606201172
17540,18.06999969482422,16.875486373901367
17541,32.02000045776367,29.96651840209961
17542,14.710000038146973,13.002960205078125
17543,37.13999938964844,36.176795959472656
17544,2.990000009536743,1.9591209888458252
17545,24.479999542236328,23.997581481933594
17546,32.27000045776367,32.170188903808594
17547,13.880000114440918,13.794905662536621
17548,56.72999954223633,52.43147277832031
17549,11.319999694824219,11.893470764160156
17550,20.040000915527344,19.522464752197266
17551,41.84000015258789,39.78373718261719
17552,22.329999923706055,20.596424102783203
17553,17.280000686645508,16.540029525756836
17554,38.470001220703125,39.73610305786133
17555,35.93000030517578,39.376060485839844
17556,40.13999938964844,37.26055908203125
17557,45.9900016784668,48.409423828125
17558,14.4399995803833,12.833045959472656
17559,22.59000015258789,21.87615394592285
17560,20.200000762939453,18.413494110107422
17561,36.20000076293945,33.31036376953125
17562,26.229999542236328,24.702579498291016
17563,38.16999816894531,38.491580963134766
17564,28.649999618530273,26.760330200195312
17565,6.550000190734863,5.734809398651123
17566,22.309999465942383,23.685861587524414
17567,10.4399995803833,8.964286804199219
17568,30.010000228881836,28.618501663208008
17569,24.5,24.95848846435547
17570,34.2400016784668,31.144935607910156
17571,16.239999771118164,16.18012237548828
17572,48.880001068115234,45.85285186767578
17573,42.119998931884766,39.7438850402832
17574,73.36000061035156,69.08162689208984
17575,38.20000076293945,36.07161331176758
17576,8.829999923706055,8.261289596557617
17577,21.610000610351562,22.017498016357422
17578,19.149999618530273,18.509599685668945
17579,59.18000030517578,56.39921569824219
17580,28.920000076293945,26.677379608154297
17581,27.559999465942383,24.60248565673828
17582,20.079999923706055,18.02986717224121
17583,35.290000915527344,34.810794830322266
17584,12.220000267028809,11.083558082580566
17585,17.829999923706055,16.402509689331055
17586,11.40999984741211,10.543585777282715
17587,11.9399995803833,11.936832427978516
17588,6.53000020980835,4.292238235473633
17589,27.09000015258789,26.639562606811523
17590,25.219999313354492,22.526412963867188
17591,28.1200008392334,26.502979278564453
17592,62.68000030517578,59.14366912841797
17593,47.959999084472656,46.913307189941406
17594,38.540000915527344,37.5470085144043
17595,2.700000047683716,1.9677149057388306
17596,58.31999969482422,58.30744934082031
17597,23.270000457763672,24.96030616760254
17598,23.549999237060547,22.730777740478516
17599,54.459999084472656,47.201759338378906
17600,16.09000015258789,15.361261367797852
17601,21.520000457763672,21.247495651245117
17602,70.72000122070312,66.59999084472656
17603,19.760000228881836,20.567459106445312
17604,67.47000122070312,66.17140197753906
17605,15.390000343322754,15.501989364624023
17606,18.709999084472656,16.933504104614258
17607,11.40999984741211,10.385048866271973
17608,37.63999938964844,36.49290466308594
17609,55.220001220703125,52.892269134521484
17610,43.04999923706055,43.30439376831055
17611,35.880001068115234,33.45774459838867
17612,8.520000457763672,8.221044540405273
17613,54.22999954223633,52.29302978515625
17614,9.09000015258789,9.281460762023926
17615,21.170000076293945,19.468948364257812
17616,18.25,17.48691749572754
17617,36.84000015258789,35.655601501464844
17618,14.970000267028809,14.254233360290527
17619,52.4900016784668,53.831783294677734
17620,44.79999923706055,41.94880676269531
17621,14.399999618530273,13.907867431640625
17622,7.789999961853027,7.298394680023193
17623,12.600000381469727,12.235380172729492
17624,47.25,44.982688903808594
17625,41.84000015258789,45.321712493896484
17626,73.4000015258789,70.17581939697266
17627,43.869998931884766,43.3557014465332
17628,44.540000915527344,41.42131805419922
17629,59.04999923706055,54.2255744934082
17630,11.380000114440918,11.030681610107422
17631,6.619999885559082,5.465524673461914
17632,36.959999084472656,39.03453063964844
17633,19.200000762939453,17.258981704711914
17634,10.270000457763672,8.16610050201416
17635,63.68000030517578,63.54228210449219
17636,43.11000061035156,39.68497085571289
17637,50.02000045776367,48.49354934692383
17638,12.829999923706055,11.825547218322754
17639,10.079999923706055,9.724174499511719
17640,29.809999465942383,30.61575698852539
17641,29.260000228881836,26.223398208618164
17642,42.63999938964844,39.79789733886719
17643,41.75,40.9246711730957
17644,35.40999984741211,35.27643585205078
17645,8.229999542236328,7.06204080581665
17646,13.859999656677246,13.187244415283203
17647,41.529998779296875,42.96014404296875
17648,37.810001373291016,38.24507522583008
17649,7.28000020980835,4.35921573638916
17650,15.430000305175781,14.425023078918457
17651,38.400001525878906,40.03246307373047
17652,39.189998626708984,39.20209884643555
17653,10.550000190734863,9.631101608276367
17654,34.2599983215332,34.952701568603516
17655,31.739999771118164,33.946842193603516
17656,59.209999084472656,58.67485427856445
17657,28.389999389648438,30.377159118652344
17658,9.579999923706055,5.8122878074646
17659,22.579999923706055,23.79806137084961
17660,12.520000457763672,11.891420364379883
17661,15.229999542236328,14.83325481414795
17662,11.069999694824219,9.764715194702148
17663,32.38999938964844,29.1912784576416
17664,31.850000381469727,30.23284912109375
17665,21.649999618530273,20.571304321289062
17666,18.799999237060547,18.51816749572754
17667,28.059999465942383,26.884666442871094
17668,26.170000076293945,27.025897979736328
17669,24.200000762939453,22.401865005493164
17670,28.8700008392334,27.103384017944336
17671,36.310001373291016,41.6333122253418
17672,6.599999904632568,7.065306186676025
17673,26.729999542236328,24.74507713317871
17674,24.020000457763672,23.437517166137695
17675,36.040000915527344,35.43534469604492
17676,25.34000015258789,23.539409637451172
17677,8.199999809265137,7.809924602508545
17678,38.06999969482422,40.08522033691406
17679,49.439998626708984,48.028263092041016
17680,13.670000076293945,17.09954071044922
17681,8.869999885559082,8.437841415405273
17682,14.859999656677246,13.687934875488281
17683,70.63999938964844,70.1163330078125
17684,5.179999828338623,4.131633758544922
17685,17.34000015258789,15.569361686706543
17686,20.780000686645508,20.508983612060547
17687,3.5299999713897705,2.5508780479431152
17688,22.170000076293945,21.773941040039062
17689,10.34000015258789,9.280961990356445
17690,19.420000076293945,17.14568328857422
17691,3.640000104904175,2.1032931804656982
17692,27.989999771118164,30.091829299926758
17693,10.729999542236328,9.646291732788086
17694,30.15999984741211,29.44757652282715
17695,29.860000610351562,27.745155334472656
17696,16.959999084472656,15.49055004119873
17697,40.81999969482422,41.50465774536133
17698,44.02000045776367,45.26350402832031
17699,14.65999984741211,13.781401634216309
17700,37.310001373291016,36.17613983154297
17701,18.469999313354492,16.59678840637207
17702,29.600000381469727,30.55150604248047
17703,25.469999313354492,24.04197883605957
17704,8.619999885559082,9.058225631713867
17705,27.65999984741211,26.12032699584961
17706,69.01000213623047,66.9444580078125
17707,3.9000000953674316,2.9084415435791016
17708,58.16999816894531,54.43157958984375
17709,8.710000038146973,7.426108360290527
17710,24.190000534057617,23.82123565673828
17711,27.15999984741211,25.63568687438965
17712,27.969999313354492,28.32021713256836
17713,9.130000114440918,8.292346000671387
17714,36.04999923706055,34.409141540527344
17715,14.34000015258789,13.589322090148926
17716,35.33000183105469,34.46392059326172
17717,14.869999885559082,13.281377792358398
17718,23.829999923706055,23.64255714416504
17719,14.619999885559082,12.54053783416748
17720,45.63999938964844,45.182861328125
17721,43.349998474121094,44.16987609863281
17722,23.18000030517578,21.048595428466797
17723,30.520000457763672,30.778949737548828
17724,36.310001373291016,35.3607177734375
17725,66.91000366210938,66.86145782470703
17726,23.0,22.61359405517578
17727,35.7400016784668,34.41241455078125
17728,17.950000762939453,16.37676239013672
17729,39.439998626708984,38.59786605834961
17730,1.350000023841858,1.1507492065429688
17731,29.530000686645508,28.970609664916992
17732,31.719999313354492,30.723587036132812
17733,23.940000534057617,22.996171951293945
17734,49.91999816894531,48.90242385864258
17735,17.450000762939453,15.66491985321045
17736,2.490000009536743,3.0828778743743896
17737,60.88999938964844,56.97222900390625
17738,28.40999984741211,27.957210540771484
17739,46.099998474121094,43.94266891479492
17740,12.520000457763672,11.384197235107422
17741,34.810001373291016,35.6797981262207
17742,17.579999923706055,16.702917098999023
17743,23.790000915527344,23.749713897705078
17744,12.069999694824219,10.64291763305664
17745,30.049999237060547,30.052799224853516
17746,53.02000045776367,49.86493682861328
17747,9.829999923706055,8.96281623840332
17748,18.68000030517578,17.17693328857422
17749,3.809999942779541,3.113556146621704
17750,32.369998931884766,28.836498260498047
17751,29.760000228881836,28.763843536376953
17752,17.34000015258789,14.736077308654785
17753,18.81999969482422,17.721521377563477
17754,27.889999389648438,26.64605712890625
17755,25.799999237060547,24.674530029296875
17756,57.36000061035156,57.657772064208984
17757,35.9900016784668,34.29121017456055
17758,9.3100004196167,8.691788673400879
17759,34.56999969482422,36.081321716308594
17760,3.509999990463257,2.9321117401123047
17761,36.52000045776367,37.16527557373047
17762,34.43000030517578,30.74091911315918
17763,19.25,17.38224220275879
17764,29.6200008392334,31.907434463500977
17765,25.1299991607666,25.00910758972168
17766,39.13999938964844,38.839962005615234
17767,37.84000015258789,36.82933807373047
17768,19.940000534057617,18.760129928588867
17769,20.979999542236328,20.199831008911133
17770,17.90999984741211,16.613616943359375
17771,6.539999961853027,5.510632514953613
17772,42.310001373291016,39.906288146972656
17773,30.56999969482422,28.929777145385742
17774,3.359999895095825,2.29179048538208
17775,36.75,35.14520263671875
17776,41.36000061035156,40.166961669921875
17777,32.5099983215332,31.394611358642578
17778,3.0799999237060547,3.898418426513672
17779,14.420000076293945,12.988783836364746
17780,8.350000381469727,7.405898094177246
17781,7.760000228881836,7.138370990753174
17782,20.81999969482422,20.644399642944336
17783,11.680000305175781,10.20022964477539
17784,33.7400016784668,33.841888427734375
17785,75.0999984741211,71.99153137207031
17786,62.0,64.60270690917969
17787,43.220001220703125,42.21173095703125
17788,19.450000762939453,18.658119201660156
17789,38.90999984741211,37.18031692504883
17790,22.309999465942383,21.073148727416992
17791,14.050000190734863,14.470486640930176
17792,61.81999969482422,61.52101135253906
17793,41.459999084472656,40.377105712890625
17794,21.670000076293945,21.040931701660156
17795,31.670000076293945,29.601470947265625
17796,46.16999816894531,46.675262451171875
17797,20.6299991607666,20.633785247802734
17798,32.36000061035156,30.20606231689453
17799,36.459999084472656,32.593753814697266
17800,22.260000228881836,20.800994873046875
17801,25.5,23.674877166748047
17802,40.189998626708984,35.45144271850586
17803,31.110000610351562,30.21147918701172
17804,52.029998779296875,48.63838577270508
17805,10.239999771118164,9.802910804748535
17806,42.56999969482422,43.23222351074219
17807,20.969999313354492,19.406917572021484
17808,50.52000045776367,45.59026336669922
17809,36.290000915527344,36.33096694946289
17810,26.719999313354492,24.71672821044922
17811,7.639999866485596,7.47388219833374
17812,17.860000610351562,17.14990234375
17813,21.239999771118164,19.089004516601562
17814,9.899999618530273,8.940061569213867
17815,0.8500000238418579,5.542574405670166
17816,35.650001525878906,33.54642105102539
17817,19.600000381469727,17.88133430480957
17818,14.260000228881836,12.555850982666016
17819,31.770000457763672,31.25653648376465
17820,31.610000610351562,29.96915054321289
17821,44.61000061035156,41.85346221923828
17822,27.899999618530273,28.29474639892578
17823,15.329999923706055,14.138864517211914
17824,10.9399995803833,11.083035469055176
17825,41.0099983215332,41.311161041259766
17826,6.239999771118164,5.99885368347168
17827,23.90999984741211,22.11479949951172
17828,28.15999984741211,27.223222732543945
17829,66.1500015258789,63.65099334716797
17830,19.959999084472656,19.062747955322266
17831,60.27000045776367,56.057945251464844
17832,24.469999313354492,23.119943618774414
17833,8.569999694824219,8.401888847351074
17834,18.540000915527344,17.654747009277344
17835,49.060001373291016,47.02861022949219
17836,33.099998474121094,30.951887130737305
17837,34.43000030517578,32.516815185546875
17838,47.560001373291016,45.692176818847656
17839,12.289999961853027,10.975484848022461
17840,12.5,11.649646759033203
17841,36.91999816894531,36.429443359375
17842,33.279998779296875,32.83937454223633
17843,38.279998779296875,32.429935455322266
17844,22.260000228881836,21.911636352539062
17845,15.649999618530273,15.56684684753418
17846,22.3700008392334,19.622638702392578
17847,39.66999816894531,37.98816680908203
17848,19.8799991607666,18.445003509521484
17849,29.93000030517578,30.826358795166016
17850,34.11000061035156,32.39723587036133
17851,21.260000228881836,20.57791519165039
17852,16.579999923706055,15.393074989318848
17853,42.189998626708984,45.095375061035156
17854,29.979999542236328,28.817012786865234
17855,2.940000057220459,2.1957480907440186
17856,7.309999942779541,6.333335876464844
17857,48.209999084472656,43.538246154785156
17858,45.95000076293945,46.53266143798828
17859,51.97999954223633,55.292938232421875
17860,47.63999938964844,47.59528350830078
17861,26.59000015258789,27.221487045288086
17862,30.559999465942383,29.515249252319336
17863,12.479999542236328,11.916977882385254
17864,11.210000038146973,10.65440559387207
17865,23.399999618530273,22.490825653076172
17866,34.27000045776367,33.00447463989258
17867,25.049999237060547,24.28717613220215
17868,19.09000015258789,17.232519149780273
17869,26.450000762939453,26.78911781311035
17870,13.880000114440918,12.864209175109863
17871,36.18000030517578,36.43818283081055
17872,23.5,22.178367614746094
17873,18.690000534057617,17.13753890991211
17874,5.070000171661377,3.943358898162842
17875,18.829999923706055,18.040433883666992
17876,55.439998626708984,52.67298889160156
17877,7.300000190734863,6.933254241943359
17878,32.150001525878906,32.88186264038086
17879,17.809999465942383,15.791152954101562
17880,9.9399995803833,9.97718620300293
17881,52.06999969482422,52.28255081176758
17882,17.3700008392334,15.774130821228027
17883,36.279998779296875,34.38970947265625
17884,16.5,14.840706825256348
17885,16.75,12.846277236938477
17886,38.150001525878906,36.646514892578125
17887,20.809999465942383,19.775135040283203
17888,45.7400016784668,47.23406219482422
17889,58.779998779296875,55.02006912231445
17890,15.609999656677246,15.619499206542969
17891,15.710000038146973,14.745089530944824
17892,6.179999828338623,4.35647439956665
17893,40.790000915527344,41.88194274902344
17894,19.170000076293945,19.316104888916016
17895,13.869999885559082,12.26015567779541
17896,41.790000915527344,40.61882019042969
17897,41.369998931884766,39.798545837402344
17898,50.9900016784668,50.109989166259766
17899,8.039999961853027,6.87375545501709
17900,20.290000915527344,18.69877052307129
17901,48.900001525878906,46.81285858154297
17902,30.850000381469727,28.173032760620117
17903,20.59000015258789,18.24269676208496
17904,25.68000030517578,23.78309440612793
17905,17.110000610351562,16.567136764526367
17906,8.0600004196167,7.651124477386475
17907,69.9000015258789,64.10459899902344
17908,12.239999771118164,10.605520248413086
17909,46.029998779296875,41.64503479003906
17910,27.5,25.908489227294922
17911,14.229999542236328,14.183550834655762
17912,31.329999923706055,29.182397842407227
17913,10.890000343322754,10.299553871154785
17914,76.94999694824219,65.11724853515625
17915,24.530000686645508,23.658218383789062
17916,58.91999816894531,47.13946533203125
17917,35.97999954223633,37.32059860229492
17918,23.739999771118164,23.21243667602539
17919,37.75,36.892608642578125
17920,30.15999984741211,29.86446189880371
17921,20.950000762939453,19.841768264770508
17922,15.880000114440918,14.938240051269531
17923,12.020000457763672,11.124164581298828
17924,31.579999923706055,29.93206787109375
17925,3.049999952316284,2.094170570373535
17926,13.300000190734863,13.105286598205566
17927,11.6899995803833,12.25643539428711
17928,19.940000534057617,21.077716827392578
17929,50.810001373291016,43.395790100097656
17930,15.579999923706055,15.150437355041504
17931,21.639999389648438,22.276132583618164
17932,22.709999084472656,21.94557762145996
17933,14.25,12.882091522216797
17934,37.130001068115234,37.05172348022461
17935,20.5,19.041194915771484
17936,42.970001220703125,42.15361404418945
17937,37.560001373291016,34.086788177490234
17938,35.06999969482422,32.420738220214844
17939,13.770000457763672,12.983187675476074
17940,5.71999979019165,4.72844934463501
17941,20.760000228881836,19.819671630859375
17942,17.809999465942383,17.93731689453125
17943,19.270000457763672,19.7591609954834
17944,16.739999771118164,16.501296997070312
17945,37.189998626708984,35.478546142578125
17946,33.150001525878906,31.324169158935547
17947,32.599998474121094,29.082427978515625
17948,24.639999389648438,23.2419490814209
17949,15.34000015258789,13.306200981140137
17950,7.920000076293945,7.907783031463623
17951,24.8799991607666,24.53882598876953
17952,18.6200008392334,17.940929412841797
17953,24.920000076293945,25.638582229614258
17954,31.969999313354492,31.247276306152344
17955,27.649999618530273,26.465068817138672
17956,15.3100004196167,14.637116432189941
17957,18.760000228881836,17.655141830444336
17958,34.63999938964844,33.4305534362793
17959,61.36000061035156,52.95327377319336
17960,22.149999618530273,20.749980926513672
17961,16.010000228881836,14.725168228149414
17962,12.380000114440918,11.332571983337402
17963,40.4900016784668,42.733150482177734
17964,43.560001373291016,43.306915283203125
17965,17.739999771118164,16.708393096923828
17966,14.020000457763672,13.513598442077637
17967,29.059999465942383,28.362838745117188
17968,51.40999984741211,44.34382629394531
17969,27.93000030517578,26.955333709716797
17970,48.11000061035156,41.557254791259766
17971,19.209999084472656,17.157289505004883
17972,20.190000534057617,19.240459442138672
17973,40.38999938964844,43.465087890625
17974,45.25,42.72236633300781
17975,3.3499999046325684,2.18982195854187
17976,25.84000015258789,24.925580978393555
17977,70.68000030517578,67.79033660888672
17978,19.75,20.377071380615234
17979,37.29999923706055,34.81056213378906
17980,33.189998626708984,36.7021484375
17981,51.58000183105469,51.48023986816406
17982,16.469999313354492,14.819523811340332
17983,45.38999938964844,44.677574157714844
17984,18.850000381469727,17.525039672851562
17985,40.33000183105469,43.68537139892578
17986,66.05000305175781,66.00040435791016
17987,15.279999732971191,14.42347526550293
17988,21.399999618530273,19.242076873779297
17989,43.31999969482422,45.15494155883789
17990,62.220001220703125,59.05928421020508
17991,9.180000305175781,8.07774543762207
17992,11.59000015258789,11.460328102111816
17993,23.920000076293945,22.25648307800293
17994,39.27000045776367,37.863059997558594
17995,57.93000030517578,57.392757415771484
17996,15.9399995803833,16.72657012939453
17997,57.369998931884766,55.130374908447266
17998,43.68000030517578,41.10121154785156
17999,39.599998474121094,39.6055908203125
18000,29.639999389648438,29.796842575073242
18001,35.279998779296875,33.844417572021484
18002,30.0,29.369712829589844
18003,14.539999961853027,13.536985397338867
18004,44.150001525878906,45.21441650390625
18005,21.770000457763672,19.15310287475586
18006,40.15999984741211,38.96975326538086
18007,29.329999923706055,27.700687408447266
18008,2.0999999046325684,1.0878411531448364
18009,67.52999877929688,65.3210220336914
18010,9.420000076293945,8.25329303741455
18011,67.76000213623047,69.33463287353516
18012,21.770000457763672,20.943126678466797
18013,10.880000114440918,10.583964347839355
18014,12.899999618530273,11.988319396972656
18015,47.849998474121094,46.90587615966797
18016,4.989999771118164,2.6232993602752686
18017,51.02000045776367,52.08035659790039
18018,48.599998474121094,54.97770309448242
18019,2.200000047683716,1.4665374755859375
18020,14.550000190734863,12.6567964553833
18021,18.520000457763672,18.239227294921875
18022,19.809999465942383,18.420116424560547
18023,23.959999084472656,21.728778839111328
18024,25.729999542236328,23.070232391357422
18025,57.40999984741211,53.829010009765625
18026,30.850000381469727,27.170116424560547
18027,24.170000076293945,22.673555374145508
18028,9.40999984741211,8.220788955688477
18029,18.520000457763672,17.804550170898438
18030,39.529998779296875,38.60071563720703
18031,4.409999847412109,3.7747364044189453
18032,7.21999979019165,6.38205099105835
18033,12.550000190734863,11.693455696105957
18034,21.969999313354492,20.3707275390625
18035,14.350000381469727,13.543586730957031
18036,1.899999976158142,1.2885005474090576
18037,44.4900016784668,43.98188781738281
18038,1.9700000286102295,1.8003515005111694
18039,52.349998474121094,54.245933532714844
18040,43.060001373291016,41.80726623535156
18041,30.709999084472656,34.082237243652344
18042,36.31999969482422,36.03938674926758
18043,55.119998931884766,55.69987869262695
18044,20.56999969482422,19.69538688659668
18045,42.11000061035156,40.63850402832031
18046,40.380001068115234,42.66103744506836
18047,63.119998931884766,67.1237564086914
18048,19.68000030517578,18.67047882080078
18049,43.52000045776367,42.622467041015625
18050,16.81999969482422,15.062228202819824
18051,13.59000015258789,11.849679946899414
18052,24.850000381469727,24.21088409423828
18053,21.200000762939453,21.017093658447266
18054,26.81999969482422,26.739837646484375
18055,40.029998779296875,38.20633316040039
18056,31.040000915527344,30.20743179321289
18057,3.430000066757202,3.051736831665039
18058,7.949999809265137,6.704173564910889
18059,20.440000534057617,19.679931640625
18060,6.349999904632568,7.24885368347168
18061,72.05000305175781,70.91734313964844
18062,43.95000076293945,39.13332748413086
18063,34.939998626708984,32.68663024902344
18064,16.1200008392334,14.941210746765137
18065,31.68000030517578,33.84486389160156
18066,15.90999984741211,14.544303894042969
18067,33.79999923706055,30.287113189697266
18068,3.880000114440918,2.308123826980591
18069,54.52000045776367,49.480552673339844
18070,23.170000076293945,22.361576080322266
18071,20.450000762939453,18.91745948791504
18072,48.040000915527344,47.24139404296875
18073,46.189998626708984,47.113216400146484
18074,14.039999961853027,13.179701805114746
18075,50.790000915527344,46.01555633544922
18076,14.979999542236328,13.447720527648926
18077,45.540000915527344,44.675601959228516
18078,57.09000015258789,58.072425842285156
18079,31.239999771118164,30.348865509033203
18080,39.59000015258789,40.247802734375
18081,35.08000183105469,36.22178268432617
18082,7.869999885559082,7.249770164489746
18083,11.399999618530273,8.912565231323242
18084,34.90999984741211,35.474281311035156
18085,29.600000381469727,29.78323745727539
18086,39.06999969482422,42.764774322509766
18087,29.440000534057617,29.0692138671875
18088,9.079999923706055,8.017218589782715
18089,20.520000457763672,19.99903106689453
18090,31.81999969482422,31.684032440185547
18091,11.65999984741211,11.45370101928711
18092,40.72999954223633,38.728981018066406
18093,23.579999923706055,23.05552864074707
18094,54.720001220703125,51.69242858886719
18095,11.09000015258789,10.481782913208008
18096,36.02000045776367,34.84486770629883
18097,15.289999961853027,14.384796142578125
18098,22.850000381469727,19.523975372314453
18099,33.869998931884766,32.474822998046875
18100,9.039999961853027,7.526724338531494
18101,10.630000114440918,9.780473709106445
18102,17.43000030517578,15.48863697052002
18103,32.84000015258789,31.632322311401367
18104,17.3700008392334,15.678805351257324
18105,11.949999809265137,11.081634521484375
18106,31.209999084472656,30.077655792236328
18107,7.019999980926514,5.930013656616211
18108,17.440000534057617,17.284175872802734
18109,10.869999885559082,10.415069580078125
18110,24.290000915527344,23.588703155517578
18111,16.350000381469727,15.64989185333252
18112,1.7200000286102295,3.848595142364502
18113,6.869999885559082,6.448133945465088
18114,50.54999923706055,51.59604263305664
18115,49.470001220703125,48.39243698120117
18116,31.850000381469727,29.69346809387207
18117,26.0,25.890460968017578
18118,13.609999656677246,12.021379470825195
18119,15.699999809265137,15.39075756072998
18120,48.52000045776367,48.035125732421875
18121,13.279999732971191,12.27232551574707
18122,47.34000015258789,45.251869201660156
18123,9.619999885559082,8.42339038848877
18124,40.2599983215332,38.54108428955078
18125,3.1500000953674316,2.7867238521575928
18126,60.619998931884766,61.4427604675293
18127,31.209999084472656,28.94630241394043
18128,20.0,18.670001983642578
18129,8.569999694824219,7.606739044189453
18130,50.380001068115234,46.18675994873047
18131,3.0,2.2715840339660645
18132,59.81999969482422,60.77370071411133
18133,20.770000457763672,20.977190017700195
18134,29.93000030517578,30.01006507873535
18135,10.25,9.180930137634277
18136,46.7400016784668,44.19291687011719
18137,52.029998779296875,51.4884033203125
18138,13.479999542236328,12.7972412109375
18139,68.70999908447266,64.12747192382812
18140,30.440000534057617,30.131847381591797
18141,16.5,16.30955696105957
18142,23.260000228881836,22.826736450195312
18143,24.860000610351562,23.846439361572266
18144,23.8799991607666,22.688451766967773
18145,8.529999732971191,8.29997730255127
18146,49.11000061035156,48.95267868041992
18147,25.920000076293945,25.948251724243164
18148,4.079999923706055,3.26076340675354
18149,25.350000381469727,26.72396469116211
18150,50.220001220703125,49.694923400878906
18151,7.159999847412109,5.426861763000488
18152,23.8700008392334,22.995325088500977
18153,27.049999237060547,26.730571746826172
18154,1.3600000143051147,2.1087021827697754
18155,23.389999389648438,21.919391632080078
18156,38.97999954223633,34.43748474121094
18157,2.450000047683716,1.996822714805603
18158,48.119998931884766,40.17235565185547
18159,60.779998779296875,57.774818420410156
18160,17.8799991607666,16.21297264099121
18161,16.360000610351562,14.43100643157959
18162,22.579999923706055,23.228527069091797
18163,48.869998931884766,50.904945373535156
18164,24.829999923706055,24.135164260864258
18165,7.21999979019165,5.379227161407471
18166,29.040000915527344,26.737966537475586
18167,11.930000305175781,10.953567504882812
18168,28.290000915527344,26.61611557006836
18169,30.780000686645508,28.867568969726562
18170,57.16999816894531,55.767311096191406
18171,57.75,56.52837371826172
18172,28.440000534057617,28.018844604492188
18173,17.43000030517578,17.129196166992188
18174,13.109999656677246,12.476264953613281
18175,10.619999885559082,10.127863883972168
18176,16.530000686645508,15.572652816772461
18177,11.25,10.937773704528809
18178,13.359999656677246,13.065837860107422
18179,18.700000762939453,15.693391799926758
18180,47.720001220703125,48.522682189941406
18181,15.289999961853027,14.451241493225098
18182,27.780000686645508,25.808822631835938
18183,29.440000534057617,28.11831283569336
18184,36.4900016784668,35.11747741699219
18185,23.969999313354492,22.212316513061523
18186,52.54999923706055,48.08525848388672
18187,58.529998779296875,58.6634635925293
18188,27.59000015258789,25.710521697998047
18189,15.399999618530273,14.45927906036377
18190,28.059999465942383,28.853391647338867
18191,21.940000534057617,22.016429901123047
18192,22.239999771118164,21.29947280883789
18193,59.88999938964844,57.07470703125
18194,5.78000020980835,5.009091377258301
18195,6.349999904632568,5.211327075958252
18196,30.709999084472656,30.34756088256836
18197,53.790000915527344,57.5739631652832
18198,11.539999961853027,10.527936935424805
18199,16.1200008392334,15.526680946350098
18200,52.18000030517578,50.58962631225586
18201,53.099998474121094,53.423240661621094
18202,9.220000267028809,8.554984092712402
18203,8.3100004196167,7.517627716064453
18204,21.139999389648438,20.751754760742188
18205,69.5,67.14925384521484
18206,37.959999084472656,37.46682357788086
18207,43.779998779296875,42.543521881103516
18208,42.22999954223633,41.40591049194336
18209,47.119998931884766,46.77173614501953
18210,18.6299991607666,17.116405487060547
18211,32.220001220703125,30.612323760986328
18212,17.90999984741211,16.978330612182617
18213,23.559999465942383,22.08824920654297
18214,24.229999542236328,22.273265838623047
18215,33.33000183105469,32.026851654052734
18216,25.68000030517578,23.554149627685547
18217,25.889999389648438,24.887451171875
18218,31.06999969482422,32.144813537597656
18219,37.40999984741211,38.22918701171875
18220,13.4399995803833,12.952577590942383
18221,46.349998474121094,45.15047073364258
18222,38.33000183105469,37.17335510253906
18223,11.6899995803833,8.713622093200684
18224,0.4699999988079071,9.756942749023438
18225,9.239999771118164,8.441937446594238
18226,41.720001220703125,44.423187255859375
18227,36.75,34.29084777832031
18228,11.220000267028809,9.712190628051758
18229,18.799999237060547,17.615734100341797
18230,35.650001525878906,36.13275146484375
18231,30.010000228881836,28.665096282958984
18232,19.6200008392334,19.67694854736328
18233,58.900001525878906,58.306968688964844
18234,15.520000457763672,14.23733901977539
18235,25.739999771118164,23.785680770874023
18236,34.459999084472656,34.3316764831543
18237,17.690000534057617,17.199254989624023
18238,36.22999954223633,33.55406188964844
18239,57.02000045776367,57.4304084777832
18240,26.81999969482422,29.07537841796875
18241,13.359999656677246,12.818563461303711
18242,17.15999984741211,15.423344612121582
18243,19.530000686645508,16.75083351135254
18244,23.459999084472656,21.7487735748291
18245,35.7400016784668,33.689117431640625
18246,5.909999847412109,4.064201831817627
18247,30.68000030517578,32.4638786315918
18248,12.25,11.370613098144531
18249,37.36000061035156,34.37654113769531
18250,12.130000114440918,11.117121696472168
18251,23.75,21.662296295166016
18252,30.850000381469727,31.429908752441406
18253,57.47999954223633,54.68795394897461
18254,24.450000762939453,23.850914001464844
18255,27.75,27.523303985595703
18256,3.359999895095825,2.2510006427764893
18257,47.09000015258789,48.21092224121094
18258,36.720001220703125,34.91916275024414
18259,25.030000686645508,24.107208251953125
18260,36.04999923706055,31.695079803466797
18261,27.6200008392334,26.137895584106445
18262,21.209999084472656,20.223562240600586
18263,12.920000076293945,11.41120433807373
18264,20.469999313354492,20.669212341308594
18265,8.979999542236328,7.73539400100708
18266,12.869999885559082,11.129253387451172
18267,45.279998779296875,41.477699279785156
18268,39.130001068115234,38.180519104003906
18269,5.75,4.934695243835449
18270,28.969999313354492,27.181568145751953
18271,19.719999313354492,17.82758140563965
18272,44.810001373291016,44.46227264404297
18273,23.0,21.485218048095703
18274,10.760000228881836,9.844368934631348
18275,20.81999969482422,19.520217895507812
18276,46.0099983215332,45.761314392089844
18277,19.989999771118164,17.826515197753906
18278,22.06999969482422,20.20989990234375
18279,16.690000534057617,15.301862716674805
18280,27.329999923706055,25.093116760253906
18281,19.6299991607666,18.366718292236328
18282,17.600000381469727,16.941091537475586
18283,21.06999969482422,20.607860565185547
18284,36.34000015258789,33.26707458496094
18285,27.43000030517578,26.969928741455078
18286,13.260000228881836,13.866076469421387
18287,29.15999984741211,26.440837860107422
18288,43.380001068115234,39.946693420410156
18289,6.519999980926514,5.139472484588623
18290,33.65999984741211,32.805301666259766
18291,26.450000762939453,27.269672393798828
18292,45.38999938964844,44.61451721191406
18293,11.260000228881836,9.65062141418457
18294,26.25,25.148149490356445
18295,47.56999969482422,43.8171501159668
18296,55.290000915527344,55.642723083496094
18297,15.09000015258789,12.89205551147461
18298,10.539999961853027,10.287891387939453
18299,34.970001220703125,33.683692932128906
18300,36.709999084472656,31.573333740234375
18301,19.309999465942383,17.121002197265625
18302,34.72999954223633,33.683650970458984
18303,3.9100000858306885,2.5245304107666016
18304,10.829999923706055,9.521163940429688
18305,27.959999084472656,27.084884643554688
18306,31.280000686645508,29.603878021240234
18307,20.329999923706055,18.66027069091797
18308,44.31999969482422,42.71250915527344
18309,58.08000183105469,50.499542236328125
18310,60.88999938964844,58.09846878051758
18311,29.559999465942383,28.76699447631836
18312,34.70000076293945,34.1738395690918
18313,48.5099983215332,48.16473388671875
18314,74.95999908447266,72.84465026855469
18315,16.829999923706055,16.21063995361328
18316,3.4100000858306885,2.151132106781006
18317,21.43000030517578,20.4276123046875
18318,19.59000015258789,19.730688095092773
18319,46.279998779296875,40.69261169433594
18320,16.920000076293945,17.172943115234375
18321,8.369999885559082,8.741692543029785
18322,13.670000076293945,12.465024948120117
18323,11.529999732971191,11.225707054138184
18324,19.040000915527344,17.80638313293457
18325,26.540000915527344,25.157123565673828
18326,13.729999542236328,13.055845260620117
18327,34.25,34.74296188354492
18328,1.4199999570846558,4.160697937011719
18329,12.220000267028809,11.517812728881836
18330,11.449999809265137,10.130634307861328
18331,65.9800033569336,58.67001724243164
18332,65.56999969482422,46.596839904785156
18333,61.900001525878906,61.190025329589844
18334,13.949999809265137,15.089615821838379
18335,23.09000015258789,23.134523391723633
18336,32.75,32.09822463989258
18337,44.79999923706055,41.478912353515625
18338,26.729999542236328,27.41805648803711
18339,1.9700000286102295,1.2651855945587158
18340,14.930000305175781,13.991739273071289
18341,17.6200008392334,15.958662986755371
18342,40.060001373291016,38.299964904785156
18343,38.900001525878906,37.803565979003906
18344,45.7400016784668,46.7603645324707
18345,29.329999923706055,28.964099884033203
18346,32.599998474121094,28.667768478393555
18347,9.170000076293945,8.836718559265137
18348,14.989999771118164,13.930108070373535
18349,34.619998931884766,34.667301177978516
18350,54.40999984741211,52.69879913330078
18351,17.540000915527344,15.610767364501953
18352,11.390000343322754,9.692649841308594
18353,51.630001068115234,49.72920227050781
18354,52.9900016784668,51.87362289428711
18355,40.290000915527344,40.57887268066406
18356,31.209999084472656,30.53314208984375
18357,25.389999389648438,24.60163688659668
18358,15.779999732971191,14.767346382141113
18359,10.90999984741211,10.511202812194824
18360,29.700000762939453,28.846790313720703
18361,14.449999809265137,13.375543594360352
18362,55.91999816894531,55.32142639160156
18363,20.360000610351562,17.410484313964844
18364,46.13999938964844,44.00186538696289
18365,14.170000076293945,14.076822280883789
18366,64.83000183105469,60.16603088378906
18367,52.13999938964844,47.94120407104492
18368,18.790000915527344,18.170047760009766
18369,19.65999984741211,19.406742095947266
18370,20.170000076293945,19.34707260131836
18371,24.760000228881836,24.0401611328125
18372,30.290000915527344,28.99539566040039
18373,5.730000019073486,2.9370412826538086
18374,31.40999984741211,30.220073699951172
18375,25.860000610351562,27.58881378173828
18376,32.38999938964844,31.10602569580078
18377,24.850000381469727,23.58635139465332
18378,45.79999923706055,43.142616271972656
18379,15.430000305175781,13.924394607543945
18380,31.530000686645508,29.628019332885742
18381,52.27000045776367,46.70037841796875
18382,48.5099983215332,47.02406311035156
18383,45.470001220703125,41.98469543457031
18384,12.460000038146973,11.60518741607666
18385,33.86000061035156,32.031578063964844
18386,4.599999904632568,3.3344554901123047
18387,13.390000343322754,13.146319389343262
18388,52.040000915527344,52.66609573364258
18389,24.31999969482422,23.813535690307617
18390,53.59000015258789,51.14344024658203
18391,9.010000228881836,8.46259593963623
18392,1.9600000381469727,3.9760360717773438
18393,53.16999816894531,51.69898986816406
18394,1.7400000095367432,4.191662788391113
18395,54.880001068115234,50.67586135864258
18396,7.010000228881836,5.560693264007568
18397,3.2699999809265137,2.2457127571105957
18398,43.130001068115234,39.85271453857422
18399,26.0,24.385290145874023
18400,17.18000030517578,17.005741119384766
18401,47.61000061035156,47.961639404296875
18402,6.21999979019165,5.499387741088867
18403,39.04999923706055,38.823326110839844
18404,32.279998779296875,31.505002975463867
18405,18.40999984741211,17.243083953857422
18406,30.170000076293945,31.09725570678711
18407,4.769999980926514,3.8691768646240234
18408,58.47999954223633,49.78053283691406
18409,6.579999923706055,4.210379123687744
18410,11.210000038146973,10.92144775390625
18411,19.940000534057617,19.728065490722656
18412,10.420000076293945,11.102499008178711
18413,12.0600004196167,11.49445915222168
18414,34.099998474121094,34.9071044921875
18415,62.47999954223633,58.270503997802734
18416,39.7400016784668,38.04547119140625
18417,4.739999771118164,3.110245704650879
18418,29.399999618530273,29.150415420532227
18419,23.40999984741211,23.926467895507812
18420,12.260000228881836,11.181310653686523
18421,18.65999984741211,17.507902145385742
18422,35.75,34.66089630126953
18423,26.260000228881836,24.900224685668945
18424,26.65999984741211,26.019193649291992
18425,69.33000183105469,65.35198211669922
18426,18.790000915527344,17.9364013671875
18427,3.5399999618530273,2.9530422687530518
18428,12.880000114440918,11.551945686340332
18429,28.5,27.311233520507812
18430,73.95999908447266,66.64193725585938
18431,17.030000686645508,15.367097854614258
18432,9.40999984741211,8.825634956359863
18433,16.899999618530273,16.301462173461914
18434,53.880001068115234,52.403846740722656
18435,16.200000762939453,15.221573829650879
18436,23.920000076293945,23.619659423828125
18437,28.040000915527344,25.52329444885254
18438,37.77000045776367,34.864742279052734
18439,37.2599983215332,37.258216857910156
18440,56.9900016784668,52.763404846191406
18441,51.5,42.60723876953125
18442,16.709999084472656,12.90074348449707
18443,16.760000228881836,14.664155960083008
18444,27.709999084472656,26.723926544189453
18445,12.449999809265137,11.91146469116211
18446,18.920000076293945,18.963973999023438
18447,17.219999313354492,16.134639739990234
18448,12.140000343322754,10.973587989807129
18449,62.939998626708984,58.83969497680664
18450,50.22999954223633,53.16148376464844
18451,24.459999084472656,21.817371368408203
18452,12.859999656677246,12.123429298400879
18453,26.84000015258789,26.96591567993164
18454,22.829999923706055,22.113357543945312
18455,21.200000762939453,19.58991241455078
18456,3.369999885559082,2.384895086288452
18457,3.690000057220459,1.6713342666625977
18458,27.84000015258789,26.122766494750977
18459,9.109999656677246,5.907375335693359
18460,19.84000015258789,17.59044647216797
18461,8.59000015258789,6.9492340087890625
18462,20.959999084472656,20.046005249023438
18463,10.40999984741211,8.137601852416992
18464,24.190000534057617,22.14487648010254
18465,8.789999961853027,6.914936065673828
18466,23.579999923706055,21.521169662475586
18467,9.430000305175781,8.624601364135742
18468,50.209999084472656,45.29412078857422
18469,27.219999313354492,28.735898971557617
18470,29.420000076293945,28.943359375
18471,9.079999923706055,8.730615615844727
18472,27.440000534057617,24.377843856811523
18473,13.0600004196167,12.535926818847656
18474,11.369999885559082,10.979231834411621
18475,21.200000762939453,19.93019676208496
18476,18.06999969482422,17.962732315063477
18477,34.349998474121094,30.64034080505371
18478,38.439998626708984,38.54652786254883
18479,44.56999969482422,42.23089599609375
18480,4.519999980926514,3.117806911468506
18481,31.139999389648438,29.641765594482422
18482,25.190000534057617,25.37390899658203
18483,16.260000228881836,15.251350402832031
18484,43.81999969482422,40.55418395996094
18485,31.309999465942383,32.095947265625
18486,29.329999923706055,29.313135147094727
18487,21.639999389648438,21.01096534729004
18488,23.079999923706055,20.681488037109375
18489,31.81999969482422,29.612178802490234
18490,49.369998931884766,48.711585998535156
18491,30.469999313354492,28.897846221923828
18492,17.829999923706055,14.555230140686035
18493,24.170000076293945,23.955705642700195
18494,7.090000152587891,5.9737443923950195
18495,18.520000457763672,17.28791618347168
18496,24.940000534057617,24.500614166259766
18497,21.280000686645508,18.794261932373047
18498,71.62000274658203,70.49156188964844
18499,31.139999389648438,31.30210304260254
18500,29.040000915527344,28.4542293548584
18501,10.729999542236328,10.484947204589844
18502,13.170000076293945,11.581506729125977
18503,42.0099983215332,40.61245346069336
18504,9.399999618530273,8.46059799194336
18505,44.849998474121094,43.53684997558594
18506,10.420000076293945,8.640350341796875
18507,55.560001373291016,50.89461898803711
18508,15.649999618530273,15.042129516601562
18509,20.540000915527344,19.811492919921875
18510,50.65999984741211,48.81140899658203
18511,19.3700008392334,18.743906021118164
18512,40.7599983215332,40.95681381225586
18513,13.869999885559082,13.306371688842773
18514,56.13999938964844,56.89811706542969
18515,25.969999313354492,26.770851135253906
18516,27.649999618530273,25.42424774169922
18517,8.970000267028809,8.941073417663574
18518,10.930000305175781,7.750486373901367
18519,41.61000061035156,38.455753326416016
18520,29.920000076293945,28.228839874267578
18521,22.690000534057617,22.262052536010742
18522,21.360000610351562,20.268028259277344
18523,11.40999984741211,11.536803245544434
18524,13.260000228881836,12.041305541992188
18525,36.869998931884766,39.04528045654297
18526,43.36000061035156,46.520503997802734
18527,24.950000762939453,23.582021713256836
18528,16.479999542236328,14.797503471374512
18529,50.25,48.702980041503906
18530,33.84000015258789,32.97260665893555
18531,46.0099983215332,46.12772750854492
18532,16.139999389648438,14.552382469177246
18533,31.200000762939453,30.252490997314453
18534,29.440000534057617,31.12116813659668
18535,18.610000610351562,19.091413497924805
18536,26.43000030517578,25.513124465942383
18537,25.290000915527344,24.41704559326172
18538,23.690000534057617,22.281620025634766
18539,30.940000534057617,29.64977264404297
18540,18.31999969482422,18.283206939697266
18541,12.289999961853027,10.867683410644531
18542,18.420000076293945,18.118961334228516
18543,27.780000686645508,27.460927963256836
18544,32.34000015258789,29.124717712402344
18545,36.83000183105469,36.84626007080078
18546,6.260000228881836,4.150181770324707
18547,55.650001525878906,57.00619888305664
18548,33.5,33.879825592041016
18549,9.270000457763672,8.97603702545166
18550,54.86000061035156,53.851985931396484
18551,42.06999969482422,42.73332214355469
18552,20.540000915527344,19.54615020751953
18553,14.960000038146973,13.777144432067871
18554,15.65999984741211,14.573822975158691
18555,16.290000915527344,15.21924877166748
18556,39.66999816894531,37.74686813354492
18557,20.739999771118164,20.019514083862305
18558,48.93000030517578,45.27591323852539
18559,16.90999984741211,16.27959632873535
18560,42.09000015258789,41.09757995605469
18561,33.119998931884766,29.997629165649414
18562,22.100000381469727,21.018047332763672
18563,12.65999984741211,12.024724960327148
18564,18.25,17.01040267944336
18565,31.040000915527344,29.585121154785156
18566,47.459999084472656,46.59364700317383
18567,28.540000915527344,27.802330017089844
18568,53.18000030517578,49.806087493896484
18569,45.61000061035156,42.55357360839844
18570,20.579999923706055,21.63568878173828
18571,52.470001220703125,52.12681198120117
18572,29.889999389648438,29.03765106201172
18573,26.989999771118164,27.109317779541016
18574,31.549999237060547,30.95108985900879
18575,14.920000076293945,14.132484436035156
18576,3.3499999046325684,2.1355252265930176
18577,7.449999809265137,6.608343124389648
18578,54.720001220703125,45.311824798583984
18579,12.800000190734863,12.279784202575684
18580,30.649999618530273,29.905792236328125
18581,11.960000038146973,10.844880104064941
18582,13.229999542236328,11.47374439239502
18583,45.869998931884766,42.083309173583984
18584,26.110000610351562,25.103940963745117
18585,9.210000038146973,9.405184745788574
18586,44.869998931884766,42.4778938293457
18587,38.689998626708984,37.67788314819336
18588,13.390000343322754,11.921525955200195
18589,56.41999816894531,56.17182922363281
18590,28.190000534057617,26.05738067626953
18591,51.68000030517578,48.72304153442383
18592,16.90999984741211,14.896181106567383
18593,10.09000015258789,9.307422637939453
18594,5.75,5.097605228424072
18595,14.029999732971191,12.63387680053711
18596,8.460000038146973,8.917604446411133
18597,14.930000305175781,13.891233444213867
18598,51.70000076293945,49.540428161621094
18599,70.51000213623047,73.4730224609375
18600,16.65999984741211,16.377470016479492
18601,20.31999969482422,17.756114959716797
18602,18.030000686645508,16.175413131713867
18603,2.8299999237060547,1.968953251838684
18604,58.18000030517578,58.61468505859375
18605,7.130000114440918,4.192917823791504
18606,6.860000133514404,6.225191593170166
18607,21.1299991607666,18.994279861450195
18608,34.08000183105469,31.66489028930664
18609,21.360000610351562,20.175668716430664
18610,15.569999694824219,13.723733901977539
18611,7.460000038146973,6.575172424316406
18612,9.460000038146973,8.225327491760254
18613,42.75,49.13833999633789
18614,72.9800033569336,69.02391815185547
18615,44.13999938964844,44.63810729980469
18616,17.84000015258789,17.0665225982666
18617,11.779999732971191,11.775980949401855
18618,28.950000762939453,29.561443328857422
18619,59.95000076293945,55.59130859375
18620,16.200000762939453,15.218669891357422
18621,24.479999542236328,23.557567596435547
18622,2.9200000762939453,1.2253718376159668
18623,71.0199966430664,70.67838287353516
18624,34.29999923706055,31.159072875976562
18625,21.09000015258789,19.19412612915039
18626,27.309999465942383,25.897308349609375
18627,7.190000057220459,6.602264404296875
18628,28.56999969482422,27.721370697021484
18629,18.700000762939453,17.250253677368164
18630,45.63999938964844,46.85661315917969
18631,7.849999904632568,7.238821029663086
18632,60.04999923706055,56.52040100097656
18633,44.0,44.478126525878906
18634,53.630001068115234,49.96434783935547
18635,29.420000076293945,29.42101287841797
18636,39.15999984741211,39.615943908691406
18637,19.809999465942383,17.820484161376953
18638,18.399999618530273,16.880054473876953
18639,39.060001373291016,38.13114929199219
18640,19.649999618530273,18.43349266052246
18641,20.729999542236328,20.418977737426758
18642,57.779998779296875,57.309627532958984
18643,40.970001220703125,37.5992546081543
18644,74.54000091552734,68.8544921875
18645,49.900001525878906,46.82207489013672
18646,44.38999938964844,44.30369567871094
18647,16.59000015258789,15.803997993469238
18648,2.5399999618530273,1.4524422883987427
18649,69.05999755859375,70.48233032226562
18650,11.619999885559082,10.826083183288574
18651,47.099998474121094,43.050716400146484
18652,24.489999771118164,22.739337921142578
18653,29.6200008392334,27.694992065429688
18654,51.66999816894531,49.01370620727539
18655,41.27000045776367,41.153160095214844
18656,19.920000076293945,19.439302444458008
18657,8.510000228881836,8.089019775390625
18658,18.889999389648438,17.87087631225586
18659,16.860000610351562,15.607146263122559
18660,16.709999084472656,16.3327579498291
18661,26.260000228881836,25.068435668945312
18662,40.72999954223633,39.36233901977539
18663,12.069999694824219,11.047468185424805
18664,34.77000045776367,34.182640075683594
18665,23.219999313354492,22.5689640045166
18666,3.240000009536743,4.408387184143066
18667,37.939998626708984,37.069496154785156
18668,33.720001220703125,32.73924255371094
18669,27.81999969482422,27.593101501464844
18670,24.889999389648438,23.76421356201172
18671,29.479999542236328,27.33485984802246
18672,41.040000915527344,41.06486892700195
18673,19.639999389648438,19.863115310668945
18674,25.940000534057617,23.258577346801758
18675,16.25,15.794093132019043
18676,14.640000343322754,13.488607406616211
18677,4.989999771118164,4.41633415222168
18678,25.670000076293945,27.28646469116211
18679,31.770000457763672,33.33830642700195
18680,37.220001220703125,34.12041091918945
18681,42.939998626708984,43.07477569580078
18682,13.710000038146973,13.734573364257812
18683,6.71999979019165,5.510399341583252
18684,43.099998474121094,43.104347229003906
18685,18.850000381469727,16.907459259033203
18686,48.97999954223633,48.76063537597656
18687,19.670000076293945,19.170255661010742
18688,14.460000038146973,14.401813507080078
18689,21.790000915527344,20.15192222595215
18690,19.100000381469727,16.857303619384766
18691,28.510000228881836,27.043930053710938
18692,6.420000076293945,4.9600982666015625
18693,9.649999618530273,9.285480499267578
18694,20.0,18.16494369506836
18695,27.1299991607666,26.667865753173828
18696,37.220001220703125,35.35192108154297
18697,29.25,29.143892288208008
18698,3.180000066757202,2.388320207595825
18699,46.599998474121094,43.74134063720703
18700,16.440000534057617,15.548893928527832
18701,35.150001525878906,32.25601577758789
18702,9.0600004196167,9.398287773132324
18703,32.06999969482422,31.792633056640625
18704,32.88999938964844,34.01453399658203
18705,24.399999618530273,21.72511863708496
18706,56.38999938964844,57.32170104980469
18707,35.439998626708984,33.203086853027344
18708,27.829999923706055,27.101661682128906
18709,47.599998474121094,40.54557418823242
18710,7.230000019073486,6.129889965057373
18711,39.43000030517578,38.41851806640625
18712,42.720001220703125,43.42814636230469
18713,38.349998474121094,36.416866302490234
18714,9.640000343322754,8.281594276428223
18715,21.5,19.805147171020508
18716,38.58000183105469,37.65812683105469
18717,15.170000076293945,14.438508987426758
18718,8.880000114440918,7.602703094482422
18719,2.5,2.3166253566741943
18720,18.670000076293945,16.736282348632812
18721,26.200000762939453,24.083112716674805
18722,11.6899995803833,13.463281631469727
18723,21.950000762939453,22.898967742919922
18724,23.81999969482422,22.066465377807617
18725,19.649999618530273,17.714736938476562
18726,16.6200008392334,15.18093490600586
18727,3.240000009536743,4.035633563995361
18728,16.690000534057617,15.191420555114746
18729,34.66999816894531,35.80748748779297
18730,16.68000030517578,14.396581649780273
18731,49.52000045776367,49.78852844238281
18732,48.900001525878906,46.76038360595703
18733,6.730000019073486,6.990954875946045
18734,21.15999984741211,20.013992309570312
18735,18.850000381469727,17.995014190673828
18736,4.760000228881836,4.1106438636779785
18737,8.0600004196167,7.089118480682373
18738,9.420000076293945,9.115453720092773
18739,3.140000104904175,2.1328535079956055
18740,28.770000457763672,25.959148406982422
18741,30.979999542236328,30.523176193237305
18742,11.960000038146973,11.824225425720215
18743,29.8799991607666,29.001497268676758
18744,7.869999885559082,7.661524772644043
18745,7.809999942779541,9.726106643676758
18746,27.65999984741211,27.33721160888672
18747,54.81999969482422,53.383155822753906
18748,18.079999923706055,16.45273780822754
18749,13.40999984741211,13.766500473022461
18750,49.58000183105469,46.46905517578125
18751,24.1200008392334,22.22051429748535
18752,28.520000457763672,26.846467971801758
18753,26.350000381469727,25.24817657470703
18754,27.84000015258789,25.803972244262695
18755,5.980000019073486,5.398571014404297
18756,12.270000457763672,10.549569129943848
18757,52.31999969482422,49.46783447265625
18758,12.350000381469727,11.776105880737305
18759,61.029998779296875,63.254695892333984
18760,18.670000076293945,17.801715850830078
18761,43.029998779296875,38.63458251953125
18762,38.099998474121094,39.57683181762695
18763,2.1700000762939453,2.349686622619629
18764,10.40999984741211,9.359026908874512
18765,40.970001220703125,40.816856384277344
18766,15.09000015258789,14.390279769897461
18767,46.439998626708984,45.27124786376953
18768,53.18000030517578,49.15950393676758
18769,22.899999618530273,23.169509887695312
18770,7.0,5.8941497802734375
18771,17.84000015258789,16.46489143371582
18772,10.84000015258789,10.154623031616211
18773,64.4000015258789,65.06986999511719
18774,30.229999542236328,28.10519790649414
18775,40.7599983215332,37.037567138671875
18776,17.780000686645508,16.826261520385742
18777,21.020000457763672,20.5430965423584
18778,46.529998779296875,46.35285949707031
18779,42.900001525878906,38.17681884765625
18780,54.31999969482422,55.327606201171875
18781,13.699999809265137,11.215954780578613
18782,8.539999961853027,8.361387252807617
18783,11.579999923706055,10.027116775512695
18784,35.27000045776367,36.14177322387695
18785,14.9399995803833,13.662400245666504
18786,47.77000045776367,43.74774932861328
18787,23.75,21.815855026245117
18788,41.400001525878906,41.724327087402344
18789,51.9900016784668,47.65237808227539
18790,55.79999923706055,52.55255126953125
18791,25.649999618530273,23.907546997070312
18792,41.619998931884766,40.873382568359375
18793,33.650001525878906,31.4820556640625
18794,8.75,8.077553749084473
18795,6.46999979019165,7.539196968078613
18796,51.790000915527344,52.39813232421875
18797,41.720001220703125,39.30500793457031
18798,20.09000015258789,19.465518951416016
18799,33.959999084472656,32.99928283691406
18800,10.420000076293945,9.832342147827148
18801,21.350000381469727,22.001346588134766
18802,3.4800000190734863,1.6859999895095825
18803,53.470001220703125,51.798702239990234
18804,57.41999816894531,55.2750358581543
18805,22.649999618530273,21.429214477539062
18806,11.079999923706055,7.987626552581787
18807,35.59000015258789,34.17897033691406
18808,37.529998779296875,36.654388427734375
18809,6.730000019073486,7.093851566314697
18810,54.130001068115234,52.27595520019531
18811,30.59000015258789,34.65099334716797
18812,34.40999984741211,34.6650276184082
18813,19.309999465942383,19.592443466186523
18814,22.81999969482422,22.610614776611328
18815,8.239999771118164,6.090109348297119
18816,62.5099983215332,62.129127502441406
18817,15.779999732971191,13.349183082580566
18818,20.360000610351562,19.720067977905273
18819,17.31999969482422,16.676280975341797
18820,40.43000030517578,38.397212982177734
18821,6.079999923706055,5.059776782989502
18822,20.649999618530273,19.901899337768555
18823,24.1299991607666,22.297941207885742
18824,23.239999771118164,22.20126724243164
18825,11.210000038146973,10.694656372070312
18826,42.400001525878906,42.83868408203125
18827,30.329999923706055,30.10603141784668
18828,10.369999885559082,9.92188835144043
18829,31.420000076293945,31.450393676757812
18830,20.959999084472656,19.566152572631836
18831,36.84000015258789,33.22178649902344
18832,10.859999656677246,10.15530776977539
18833,72.62000274658203,70.46537780761719
18834,10.600000381469727,10.519292831420898
18835,56.84000015258789,56.6134147644043
18836,30.56999969482422,31.176589965820312
18837,11.449999809265137,10.846109390258789
18838,13.140000343322754,13.209399223327637
18839,28.850000381469727,28.213794708251953
18840,36.560001373291016,35.41843795776367
18841,34.38999938964844,33.48149871826172
18842,8.510000228881836,8.596908569335938
18843,44.41999816894531,42.312435150146484
18844,38.58000183105469,37.99761199951172
18845,3.3499999046325684,2.0212416648864746
18846,25.6299991607666,23.645187377929688
18847,15.609999656677246,15.123702049255371
18848,25.809999465942383,24.023910522460938
18849,50.439998626708984,51.19514465332031
18850,11.229999542236328,12.68058967590332
18851,7.389999866485596,5.650636672973633
18852,17.06999969482422,14.540456771850586
18853,5.710000038146973,5.211794853210449
18854,20.079999923706055,17.83045196533203
18855,49.31999969482422,46.80763626098633
18856,35.36000061035156,35.68827438354492
18857,12.59000015258789,13.047708511352539
18858,25.309999465942383,25.686487197875977
18859,15.34000015258789,15.415336608886719
18860,37.970001220703125,36.06415557861328
18861,8.479999542236328,7.716745853424072
18862,16.34000015258789,15.787205696105957
18863,30.469999313354492,31.831375122070312
18864,50.36000061035156,50.697731018066406
18865,12.640000343322754,13.201766014099121
18866,9.710000038146973,10.044439315795898
18867,30.239999771118164,28.957509994506836
18868,34.310001373291016,32.41739273071289
18869,13.65999984741211,13.04082202911377
18870,8.979999542236328,7.641506195068359
18871,15.600000381469727,14.891789436340332
18872,43.68000030517578,45.098289489746094
18873,22.639999389648438,20.4039249420166
18874,32.349998474121094,30.443721771240234
18875,12.380000114440918,11.51474380493164
18876,39.43000030517578,37.54571533203125
18877,28.690000534057617,26.814599990844727
18878,19.450000762939453,17.785938262939453
18879,7.460000038146973,8.850259780883789
18880,44.599998474121094,46.094688415527344
18881,37.70000076293945,37.804115295410156
18882,10.460000038146973,9.459280967712402
18883,14.210000038146973,13.147178649902344
18884,23.709999084472656,23.230684280395508
18885,30.739999771118164,29.155261993408203
18886,13.489999771118164,12.074613571166992
18887,15.210000038146973,14.002161026000977
18888,19.440000534057617,18.872831344604492
18889,26.760000228881836,25.130901336669922
18890,24.0,22.444190979003906
18891,22.3700008392334,21.61491584777832
18892,34.41999816894531,33.235511779785156
18893,20.469999313354492,19.775035858154297
18894,16.34000015258789,15.32147216796875
18895,44.06999969482422,43.89668273925781
18896,21.239999771118164,21.06995391845703
18897,23.75,21.480255126953125
18898,39.41999816894531,38.94462203979492
18899,62.77000045776367,65.45968627929688
18900,22.31999969482422,22.747535705566406
18901,16.600000381469727,15.32524585723877
18902,23.399999618530273,22.02728271484375
18903,7.820000171661377,5.519944667816162
18904,3.309999942779541,3.6678075790405273
18905,20.360000610351562,19.572479248046875
18906,34.63999938964844,33.98815155029297
18907,23.709999084472656,23.418758392333984
18908,23.489999771118164,28.041475296020508
18909,63.439998626708984,58.65312576293945
18910,54.43000030517578,56.22325134277344
18911,12.9399995803833,11.738621711730957
18912,11.109999656677246,10.48922348022461
18913,16.15999984741211,15.348626136779785
18914,4.900000095367432,3.4569220542907715
18915,17.25,15.641491889953613
18916,52.02000045776367,57.559303283691406
18917,27.90999984741211,24.52788734436035
18918,46.66999816894531,41.329673767089844
18919,33.369998931884766,32.63066864013672
18920,35.290000915527344,32.49361801147461
18921,21.190000534057617,19.53238868713379
18922,52.290000915527344,47.936553955078125
18923,5.190000057220459,3.85874342918396
18924,19.780000686645508,19.806777954101562
18925,9.930000305175781,9.65803050994873
18926,45.619998931884766,43.3054313659668
18927,11.170000076293945,10.60309886932373
18928,13.029999732971191,12.07184886932373
18929,29.549999237060547,30.0588436126709
18930,48.459999084472656,48.390445709228516
18931,7.159999847412109,6.3988542556762695
18932,11.40999984741211,11.520705223083496
18933,22.459999084472656,20.609418869018555
18934,18.530000686645508,15.334589958190918
18935,8.8100004196167,9.005480766296387
18936,20.649999618530273,20.131664276123047
18937,15.930000305175781,15.323729515075684
18938,37.52000045776367,34.52093505859375
18939,20.899999618530273,19.691293716430664
18940,6.199999809265137,5.1179304122924805
18941,34.86000061035156,32.914833068847656
18942,27.889999389648438,30.349706649780273
18943,19.3799991607666,17.895240783691406
18944,7.179999828338623,5.762630462646484
18945,21.549999237060547,20.835474014282227
18946,13.850000381469727,12.671187400817871
18947,45.4900016784668,43.455074310302734
18948,44.66999816894531,45.19880294799805
18949,18.65999984741211,17.694799423217773
18950,37.91999816894531,37.421958923339844
18951,23.510000228881836,24.050655364990234
18952,9.720000267028809,9.161211013793945
18953,4.619999885559082,2.704017400741577
18954,17.15999984741211,16.41132354736328
18955,64.9800033569336,64.6509017944336
18956,26.399999618530273,25.231277465820312
18957,29.979999542236328,29.947824478149414
18958,8.949999809265137,8.292643547058105
18959,6.900000095367432,6.006406784057617
18960,15.1899995803833,13.471806526184082
18961,4.900000095367432,4.478939533233643
18962,30.100000381469727,27.40176773071289
18963,6.349999904632568,6.640137672424316
18964,11.390000343322754,10.794321060180664
18965,10.739999771118164,9.745651245117188
18966,78.01000213623047,74.9527816772461
18967,20.079999923706055,19.286636352539062
18968,10.260000228881836,7.379853248596191
18969,14.279999732971191,13.20923900604248
18970,4.71999979019165,3.8031163215637207
18971,8.75,8.176324844360352
18972,19.299999237060547,18.770463943481445
18973,37.310001373291016,38.22422409057617
18974,15.420000076293945,15.460518836975098
18975,29.239999771118164,27.730607986450195
18976,30.84000015258789,28.597332000732422
18977,36.349998474121094,35.93291473388672
18978,14.550000190734863,13.971366882324219
18979,63.15999984741211,63.55015182495117
18980,29.969999313354492,28.882068634033203
18981,72.68000030517578,67.50664520263672
18982,17.59000015258789,16.279584884643555
18983,55.27000045776367,54.07643127441406
18984,3.630000114440918,2.647754192352295
18985,5.900000095367432,4.1052632331848145
18986,56.63999938964844,56.080177307128906
18987,22.010000228881836,21.477500915527344
18988,61.7599983215332,59.640892028808594
18989,19.059999465942383,18.561742782592773
18990,37.369998931884766,36.753108978271484
18991,32.630001068115234,30.477550506591797
18992,40.560001373291016,43.81456756591797
18993,21.920000076293945,22.00539779663086
18994,6.630000114440918,5.461141586303711
18995,48.900001525878906,46.311729431152344
18996,39.0,37.966556549072266
18997,36.25,32.996192932128906
18998,6.110000133514404,5.260456562042236
18999,29.829999923706055,29.00202751159668
19000,42.25,41.01038360595703
19001,47.400001525878906,45.90016174316406
19002,20.690000534057617,19.639408111572266
19003,11.819999694824219,10.462679862976074
19004,7.21999979019165,7.591488838195801
19005,10.25,10.051682472229004
19006,35.33000183105469,34.09675598144531
19007,14.170000076293945,12.93697452545166
19008,9.180000305175781,6.548529624938965
19009,35.349998474121094,32.92184829711914
19010,34.54999923706055,33.29960632324219
19011,10.59000015258789,11.502549171447754
19012,33.540000915527344,35.04978561401367
19013,37.20000076293945,35.39453125
19014,46.959999084472656,43.60160827636719
19015,64.36000061035156,59.69481658935547
19016,7.019999980926514,5.807595729827881
19017,9.34000015258789,9.690009117126465
19018,25.079999923706055,23.192197799682617
19019,7.010000228881836,5.6106743812561035
19020,25.940000534057617,25.05327033996582
19021,27.899999618530273,26.811222076416016
19022,11.4399995803833,10.279061317443848
19023,24.420000076293945,24.610004425048828
19024,26.969999313354492,26.971776962280273
19025,59.83000183105469,52.57599639892578
19026,41.06999969482422,39.707855224609375
19027,6.239999771118164,5.596139907836914
19028,12.989999771118164,13.17737102508545
19029,41.959999084472656,40.39426040649414
19030,27.899999618530273,27.111757278442383
19031,28.420000076293945,26.859325408935547
19032,32.27000045776367,30.743209838867188
19033,55.040000915527344,53.36257553100586
19034,18.790000915527344,16.152009963989258
19035,6.880000114440918,5.911224365234375
19036,20.93000030517578,19.247896194458008
19037,23.3700008392334,21.898765563964844
19038,1.7300000190734863,1.32303786277771
19039,52.36000061035156,51.822242736816406
19040,20.610000610351562,18.597511291503906
19041,19.290000915527344,18.735248565673828
19042,54.560001373291016,56.476783752441406
19043,21.899999618530273,21.394695281982422
19044,4.559999942779541,3.2312142848968506
19045,50.02000045776367,46.785888671875
19046,14.649999618530273,13.519240379333496
19047,9.40999984741211,8.976381301879883
19048,40.900001525878906,42.39311218261719
19049,61.790000915527344,61.41819381713867
19050,23.149999618530273,23.10977554321289
19051,33.09000015258789,33.089847564697266
19052,48.150001525878906,46.95194625854492
19053,18.860000610351562,17.2531681060791
19054,58.61000061035156,57.28190994262695
19055,33.97999954223633,31.829761505126953
19056,8.989999771118164,7.0493927001953125
19057,28.93000030517578,27.659421920776367
19058,23.059999465942383,21.33765411376953
19059,31.540000915527344,29.55573272705078
19060,42.310001373291016,37.037574768066406
19061,13.619999885559082,13.537542343139648
19062,31.979999542236328,29.571847915649414
19063,4.179999828338623,3.3046905994415283
19064,3.2300000190734863,2.3028147220611572
19065,46.70000076293945,46.252464294433594
19066,34.83000183105469,34.08369064331055
19067,17.770000457763672,17.018178939819336
19068,12.34000015258789,12.455208778381348
19069,32.20000076293945,30.0094051361084
19070,34.13999938964844,32.88172912597656
19071,36.2599983215332,36.31272888183594
19072,11.949999809265137,11.783919334411621
19073,27.540000915527344,25.93352699279785
19074,44.97999954223633,42.59816360473633
19075,16.6299991607666,16.57529067993164
19076,48.56999969482422,48.39232635498047
19077,8.569999694824219,7.723768711090088
19078,22.68000030517578,23.726268768310547
19079,15.819999694824219,14.011530876159668
19080,19.93000030517578,19.3279972076416
19081,14.930000305175781,13.638070106506348
19082,31.65999984741211,28.695114135742188
19083,29.43000030517578,28.956995010375977
19084,7.199999809265137,8.906889915466309
19085,23.219999313354492,22.41018295288086
19086,57.06999969482422,54.089683532714844
19087,23.290000915527344,21.838672637939453
19088,46.599998474121094,45.80376052856445
19089,38.15999984741211,37.167301177978516
19090,7.739999771118164,7.545971393585205
19091,61.47999954223633,65.01322937011719
19092,71.68000030517578,65.9565658569336
19093,28.5,27.182889938354492
19094,31.59000015258789,29.065731048583984
19095,9.270000457763672,7.991672039031982
19096,79.55000305175781,75.06999206542969
19097,56.650001525878906,59.894771575927734
19098,37.369998931884766,35.681358337402344
19099,50.86000061035156,48.83763122558594
19100,13.029999732971191,11.622941017150879
19101,2.200000047683716,2.07671856880188
19102,13.489999771118164,12.418695449829102
19103,28.829999923706055,26.538782119750977
19104,21.25,20.594669342041016
19105,19.309999465942383,17.169267654418945
19106,43.93000030517578,42.812965393066406
19107,15.880000114440918,14.867321968078613
19108,6.110000133514404,5.885089874267578
19109,5.610000133514404,3.96695876121521
19110,15.4399995803833,14.517818450927734
19111,21.780000686645508,21.05827522277832
19112,27.0,24.863494873046875
19113,24.549999237060547,24.134105682373047
19114,24.110000610351562,23.792327880859375
19115,15.760000228881836,15.016510009765625
19116,19.6299991607666,20.329544067382812
19117,58.220001220703125,57.062660217285156
19118,5.03000020980835,3.6093809604644775
19119,58.459999084472656,52.657222747802734
19120,6.860000133514404,5.859338283538818
19121,25.229999542236328,25.513586044311523
19122,27.93000030517578,29.23055648803711
19123,44.90999984741211,42.715492248535156
19124,24.290000915527344,21.230173110961914
19125,42.41999816894531,42.40635681152344
19126,10.960000038146973,10.141504287719727
19127,27.399999618530273,27.435453414916992
19128,26.420000076293945,23.771467208862305
19129,39.290000915527344,34.142303466796875
19130,54.45000076293945,54.114219665527344
19131,28.600000381469727,35.003326416015625
19132,66.30999755859375,66.00353240966797
19133,8.09000015258789,7.2561235427856445
19134,36.83000183105469,39.87129592895508
19135,22.280000686645508,23.551101684570312
19136,9.489999771118164,9.36718463897705
19137,6.789999961853027,5.571410655975342
19138,8.8100004196167,8.941938400268555
19139,47.470001220703125,45.47331237792969
19140,20.969999313354492,19.671613693237305
19141,12.130000114440918,11.502330780029297
19142,18.309999465942383,18.01921272277832
19143,24.459999084472656,23.635080337524414
19144,12.819999694824219,11.483838081359863
19145,56.47999954223633,57.8632926940918
19146,8.760000228881836,8.143871307373047
19147,16.020000457763672,14.027141571044922
19148,60.2599983215332,58.67662811279297
19149,35.22999954223633,34.85931396484375
19150,30.6299991607666,29.143404006958008
19151,22.739999771118164,20.954998016357422
19152,5.78000020980835,4.687109470367432
19153,5.119999885559082,3.475499391555786
19154,22.709999084472656,21.34367561340332
19155,27.09000015258789,24.69355583190918
19156,50.27000045776367,49.84698486328125
19157,60.150001525878906,59.116127014160156
19158,56.650001525878906,56.64582443237305
19159,3.6500000953674316,4.159346103668213
19160,44.38999938964844,44.44196319580078
19161,30.8799991607666,30.69822120666504
19162,23.6299991607666,22.02001953125
19163,8.869999885559082,8.181007385253906
19164,18.549999237060547,16.711477279663086
19165,21.479999542236328,20.517929077148438
19166,3.759999990463257,2.639221668243408
19167,31.65999984741211,29.439918518066406
19168,9.0600004196167,7.600995063781738
19169,6.260000228881836,5.8464226722717285
19170,14.710000038146973,14.173108100891113
19171,40.91999816894531,42.18749237060547
19172,2.0299999713897705,2.398812770843506
19173,28.90999984741211,27.720327377319336
19174,35.04999923706055,33.864356994628906
19175,22.190000534057617,20.241718292236328
19176,55.08000183105469,54.9312858581543
19177,5.940000057220459,6.383471488952637
19178,52.16999816894531,53.76484680175781
19179,47.11000061035156,48.82136535644531
19180,41.90999984741211,42.275352478027344
19181,17.670000076293945,16.331783294677734
19182,22.030000686645508,21.73033332824707
19183,14.8100004196167,13.805339813232422
19184,69.52999877929688,66.40351104736328
19185,38.56999969482422,35.52915954589844
19186,7.739999771118164,7.489992618560791
19187,3.7200000286102295,1.8786985874176025
19188,46.9900016784668,47.34838104248047
19189,25.149999618530273,23.31930160522461
19190,33.29999923706055,33.76346969604492
19191,33.47999954223633,34.09843063354492
19192,13.470000267028809,11.675256729125977
19193,41.77000045776367,34.083106994628906
19194,19.729999542236328,20.258609771728516
19195,52.119998931884766,50.76210021972656
19196,24.469999313354492,23.19782257080078
19197,15.100000381469727,14.131340980529785
19198,34.060001373291016,32.0141716003418
19199,46.779998779296875,46.50858688354492
19200,10.8100004196167,10.053625106811523
19201,8.0600004196167,7.3956217765808105
19202,28.229999542236328,28.672889709472656
19203,25.270000457763672,25.36823272705078
19204,7.46999979019165,6.079946994781494
19205,63.060001373291016,57.07037353515625
19206,50.91999816894531,50.90266418457031
19207,53.06999969482422,43.915977478027344
19208,7.130000114440918,2.578864097595215
19209,3.3499999046325684,2.1082541942596436
19210,28.079999923706055,26.188213348388672
19211,41.630001068115234,40.302040100097656
19212,39.369998931884766,37.083988189697266
19213,27.579999923706055,25.310688018798828
19214,41.61000061035156,41.7715950012207
19215,17.670000076293945,16.105180740356445
19216,15.170000076293945,14.333200454711914
19217,5.340000152587891,4.684494972229004
19218,21.420000076293945,20.110206604003906
19219,41.849998474121094,40.11493682861328
19220,12.630000114440918,11.774299621582031
19221,25.68000030517578,24.7589168548584
19222,50.13999938964844,48.021522521972656
19223,34.65999984741211,31.316648483276367
19224,53.630001068115234,50.38962173461914
19225,69.55000305175781,69.7170181274414
19226,20.479999542236328,19.513391494750977
19227,13.329999923706055,13.685564041137695
19228,33.5,32.01094436645508
19229,37.29999923706055,37.450740814208984
19230,11.199999809265137,11.260737419128418
19231,30.770000457763672,28.02975845336914
19232,42.189998626708984,42.8394660949707
19233,13.270000457763672,12.497942924499512
19234,13.15999984741211,12.55280590057373
19235,24.540000915527344,23.214679718017578
19236,53.20000076293945,55.15628433227539
19237,18.610000610351562,17.794950485229492
19238,75.27999877929688,72.16963958740234
19239,11.489999771118164,11.834156036376953
19240,32.97999954223633,31.102680206298828
19241,23.579999923706055,24.819265365600586
19242,50.36000061035156,48.7569580078125
19243,21.90999984741211,22.69988250732422
19244,40.36000061035156,41.950416564941406
19245,14.460000038146973,13.436898231506348
19246,9.170000076293945,7.989564895629883
19247,29.190000534057617,30.759275436401367
19248,20.579999923706055,20.068769454956055
19249,36.650001525878906,34.65753936767578
19250,40.880001068115234,39.41635513305664
19251,69.88999938964844,68.78025817871094
19252,51.4900016784668,49.975547790527344
19253,15.989999771118164,14.600163459777832
19254,9.489999771118164,9.302517890930176
19255,8.25,7.520383834838867
19256,8.869999885559082,8.811278343200684
19257,4.329999923706055,3.3598921298980713
19258,26.610000610351562,26.44476890563965
19259,19.040000915527344,18.12717056274414
19260,52.040000915527344,50.58055114746094
19261,14.949999809265137,13.409685134887695
19262,34.040000915527344,38.33854293823242
19263,55.29999923706055,57.939117431640625
19264,28.649999618530273,27.772974014282227
19265,12.289999961853027,11.392915725708008
19266,24.170000076293945,25.523305892944336
19267,20.260000228881836,18.0556640625
19268,28.34000015258789,27.595016479492188
19269,37.9900016784668,40.76118469238281
19270,56.61000061035156,56.02582550048828
19271,27.229999542236328,25.98721694946289
19272,21.950000762939453,20.435081481933594
19273,16.690000534057617,16.75432777404785
19274,15.859999656677246,14.257589340209961
19275,17.600000381469727,16.40583610534668
19276,3.380000114440918,2.0172414779663086
19277,10.020000457763672,9.24873161315918
19278,36.439998626708984,36.28618621826172
19279,29.110000610351562,26.310590744018555
19280,31.260000228881836,28.57192611694336
19281,1.850000023841858,3.1023380756378174
19282,13.800000190734863,13.287490844726562
19283,27.6299991607666,25.660091400146484
19284,7.849999904632568,7.6005706787109375
19285,52.04999923706055,50.955894470214844
19286,24.170000076293945,22.780763626098633
19287,12.25,12.510986328125
19288,51.189998626708984,49.38683319091797
19289,34.470001220703125,32.88188552856445
19290,60.54999923706055,55.38677215576172
19291,2.690000057220459,1.9162834882736206
19292,74.19999694824219,71.00863647460938
19293,49.86000061035156,55.83704376220703
19294,35.900001525878906,33.84770584106445
19295,7.03000020980835,6.345908164978027
19296,22.790000915527344,21.83712387084961
19297,17.299999237060547,15.208748817443848
19298,6.920000076293945,7.1910400390625
19299,57.209999084472656,56.34109115600586
19300,5.78000020980835,4.8966240882873535
19301,45.810001373291016,43.151283264160156
19302,39.34000015258789,34.91741943359375
19303,23.170000076293945,18.62287139892578
19304,16.200000762939453,14.872920989990234
19305,7.050000190734863,7.90433931350708
19306,30.079999923706055,29.908382415771484
19307,18.40999984741211,16.961036682128906
19308,23.75,22.003353118896484
19309,26.59000015258789,24.710609436035156
19310,42.02000045776367,42.1307373046875
19311,5.019999980926514,4.1326823234558105
19312,26.25,24.454715728759766
19313,37.290000915527344,36.48483657836914
19314,14.569999694824219,13.745431900024414
19315,47.369998931884766,48.80915451049805
19316,50.380001068115234,51.42067337036133
19317,49.68000030517578,48.5229606628418
19318,36.630001068115234,35.13914489746094
19319,34.16999816894531,30.588809967041016
19320,22.68000030517578,19.796524047851562
19321,72.18000030517578,68.10002136230469
19322,17.3799991607666,17.254467010498047
19323,21.479999542236328,20.40378189086914
19324,17.809999465942383,17.061914443969727
19325,14.149999618530273,12.8657808303833
19326,7.010000228881836,5.91404390335083
19327,10.199999809265137,8.598102569580078
19328,49.59000015258789,48.18164825439453
19329,32.18000030517578,32.49651336669922
19330,21.309999465942383,19.007585525512695
19331,29.770000457763672,27.125789642333984
19332,19.790000915527344,19.388851165771484
19333,50.27000045776367,47.872642517089844
19334,20.780000686645508,19.11474609375
19335,29.889999389648438,28.903329849243164
19336,36.65999984741211,34.295501708984375
19337,20.270000457763672,18.31588363647461
19338,30.190000534057617,29.528514862060547
19339,21.8799991607666,18.795209884643555
19340,2.259999990463257,2.426433563232422
19341,6.130000114440918,5.036975383758545
19342,33.08000183105469,33.2880973815918
19343,9.8100004196167,8.120161056518555
19344,29.030000686645508,26.503755569458008
19345,33.380001068115234,33.087581634521484
19346,5.619999885559082,3.8690807819366455
19347,36.65999984741211,37.96061706542969
19348,58.59000015258789,59.22352600097656
19349,15.770000457763672,14.532902717590332
19350,11.020000457763672,10.463980674743652
19351,21.31999969482422,20.106422424316406
19352,58.84000015258789,57.326873779296875
19353,21.530000686645508,19.883228302001953
19354,3.8499999046325684,2.9114532470703125
19355,26.709999084472656,23.769662857055664
19356,6.909999847412109,6.577066898345947
19357,8.050000190734863,7.7633795738220215
19358,49.880001068115234,45.817928314208984
19359,12.15999984741211,13.056534767150879
19360,4.050000190734863,2.7188668251037598
19361,17.3799991607666,14.858336448669434
19362,53.06999969482422,52.952308654785156
19363,23.329999923706055,23.866851806640625
19364,17.780000686645508,14.149203300476074
19365,17.8799991607666,17.19245147705078
19366,20.190000534057617,18.358680725097656
19367,14.25,13.718311309814453
19368,53.63999938964844,51.50643539428711
19369,30.700000762939453,30.974475860595703
19370,27.030000686645508,24.808345794677734
19371,13.100000381469727,12.636950492858887
19372,58.02000045776367,54.928466796875
19373,40.40999984741211,42.78942108154297
19374,10.520000457763672,9.929854393005371
19375,31.360000610351562,29.7260799407959
19376,27.020000457763672,26.656970977783203
19377,64.95999908447266,68.61609649658203
19378,29.34000015258789,33.29962921142578
19379,26.309999465942383,24.7264404296875
19380,66.47000122070312,62.783599853515625
19381,16.969999313354492,16.108530044555664
19382,53.290000915527344,51.43993377685547
19383,44.66999816894531,43.300819396972656
19384,3.9800000190734863,3.3437392711639404
19385,25.760000228881836,24.78826904296875
19386,35.2400016784668,33.89238739013672
19387,52.709999084472656,51.440406799316406
19388,27.719999313354492,28.03455924987793
19389,27.610000610351562,24.958845138549805
19390,41.0099983215332,38.41484069824219
19391,51.27000045776367,49.13154602050781
19392,25.40999984741211,24.045307159423828
19393,37.150001525878906,35.915870666503906
19394,10.710000038146973,9.67753791809082
19395,37.77000045776367,36.966705322265625
19396,9.359999656677246,9.029297828674316
19397,4.019999980926514,2.499100685119629
19398,27.030000686645508,24.775598526000977
19399,25.799999237060547,23.354061126708984
19400,55.47999954223633,58.583038330078125
19401,35.95000076293945,33.16877746582031
19402,10.149999618530273,7.071623802185059
19403,8.630000114440918,7.8120622634887695
19404,49.33000183105469,47.20634078979492
19405,4.769999980926514,4.563966751098633
19406,5.119999885559082,4.207030296325684
19407,4.599999904632568,2.692141056060791
19408,15.109999656677246,13.529834747314453
19409,28.56999969482422,27.275012969970703
19410,40.70000076293945,39.292625427246094
19411,23.549999237060547,23.387191772460938
19412,29.8799991607666,27.363449096679688
19413,43.529998779296875,46.214927673339844
19414,6.090000152587891,5.217402935028076
19415,26.219999313354492,25.50217056274414
19416,17.239999771118164,15.636982917785645
19417,7.679999828338623,7.065733909606934
19418,42.790000915527344,46.09989929199219
19419,36.2400016784668,31.22095489501953
19420,15.050000190734863,14.183675765991211
19421,12.149999618530273,11.800641059875488
19422,54.77000045776367,51.55352783203125
19423,44.459999084472656,44.41746520996094
19424,50.720001220703125,57.03110885620117
19425,37.540000915527344,38.22212219238281
19426,16.969999313354492,15.930814743041992
19427,27.34000015258789,26.410839080810547
19428,27.950000762939453,26.98761558532715
19429,33.290000915527344,30.36164093017578
19430,31.829999923706055,28.095285415649414
19431,16.010000228881836,14.488832473754883
19432,49.400001525878906,44.82425308227539
19433,4.900000095367432,3.5781760215759277
19434,21.18000030517578,18.212064743041992
19435,7.019999980926514,5.817566394805908
19436,24.280000686645508,23.03106689453125
19437,37.119998931884766,36.11122131347656
19438,32.04999923706055,32.56676483154297
19439,3.490000009536743,2.8447790145874023
19440,47.93000030517578,44.089988708496094
19441,35.2400016784668,32.02541732788086
19442,40.15999984741211,41.39315414428711
19443,36.97999954223633,34.419090270996094
19444,40.15999984741211,38.20173645019531
19445,9.3100004196167,9.532572746276855
19446,15.800000190734863,15.647130012512207
19447,8.949999809265137,9.59766674041748
19448,31.1299991607666,30.2673282623291
19449,12.470000267028809,11.772897720336914
19450,24.09000015258789,22.83026885986328
19451,20.290000915527344,17.630422592163086
19452,19.93000030517578,18.86109161376953
19453,28.360000610351562,28.27815818786621
19454,21.139999389648438,20.374303817749023
19455,11.4399995803833,10.405235290527344
19456,24.510000228881836,22.658029556274414
19457,17.68000030517578,17.01167106628418
19458,41.130001068115234,39.13897705078125
19459,60.2400016784668,63.55675506591797
19460,6.590000152587891,6.243967056274414
19461,6.210000038146973,6.713892459869385
19462,67.16000366210938,71.20399475097656
19463,9.5,9.862173080444336
19464,30.81999969482422,30.99738121032715
19465,6.03000020980835,4.293184280395508
19466,22.799999237060547,21.87449073791504
19467,18.3799991607666,17.678892135620117
19468,38.59000015258789,37.4466552734375
19469,48.209999084472656,47.42979431152344
19470,22.329999923706055,19.79792594909668
19471,43.290000915527344,42.555198669433594
19472,10.8100004196167,10.2642183303833
19473,25.6200008392334,27.996196746826172
19474,13.960000038146973,12.691995620727539
19475,13.210000038146973,12.556174278259277
19476,47.849998474121094,46.95595932006836
19477,26.979999542236328,24.558082580566406
19478,70.25,68.81266784667969
19479,26.739999771118164,25.221263885498047
19480,48.65999984741211,48.56979751586914
19481,35.77000045776367,34.64564895629883
19482,3.799999952316284,3.2091965675354004
19483,35.77000045776367,39.22385025024414
19484,34.310001373291016,34.31082534790039
19485,20.709999084472656,18.127126693725586
19486,20.8799991607666,19.800025939941406
19487,11.640000343322754,11.325540542602539
19488,45.58000183105469,42.39984130859375
19489,26.790000915527344,24.867643356323242
19490,16.209999084472656,15.094717025756836
19491,32.040000915527344,31.297500610351562
19492,26.440000534057617,24.047901153564453
19493,19.1200008392334,16.285484313964844
19494,49.130001068115234,44.54283142089844
19495,13.229999542236328,12.8638916015625
19496,66.86000061035156,68.15054321289062
19497,7.909999847412109,7.26637601852417
19498,39.880001068115234,37.81886291503906
19499,47.18000030517578,47.49360275268555
19500,19.65999984741211,19.623552322387695
19501,20.790000915527344,19.356765747070312
19502,27.540000915527344,27.170785903930664
19503,28.3799991607666,27.502506256103516
19504,35.33000183105469,35.73884201049805
19505,40.70000076293945,41.72207260131836
19506,25.389999389648438,26.655109405517578
19507,28.049999237060547,26.514413833618164
19508,17.729999542236328,16.88055992126465
19509,24.510000228881836,21.711395263671875
19510,68.83999633789062,67.83113098144531
19511,10.550000190734863,10.311774253845215
19512,34.22999954223633,32.52680206298828
19513,10.720000267028809,9.463372230529785
19514,29.639999389648438,27.452804565429688
19515,46.68000030517578,44.562049865722656
19516,23.739999771118164,23.467144012451172
19517,21.690000534057617,21.245208740234375
19518,14.210000038146973,12.544539451599121
19519,47.349998474121094,43.78218078613281
19520,18.059999465942383,17.070262908935547
19521,16.8799991607666,16.663131713867188
19522,53.630001068115234,49.356632232666016
19523,22.31999969482422,21.32366371154785
19524,7.190000057220459,7.58701229095459
19525,58.810001373291016,56.41495132446289
19526,41.599998474121094,38.846229553222656
19527,59.060001373291016,58.87904357910156
19528,24.260000228881836,22.258014678955078
19529,3.9200000762939453,2.559910297393799
19530,38.439998626708984,37.005897521972656
19531,32.130001068115234,30.556028366088867
19532,71.58000183105469,58.64854431152344
19533,36.4900016784668,33.81476593017578
19534,44.900001525878906,43.23011016845703
19535,24.270000457763672,25.06688690185547
19536,13.130000114440918,12.199734687805176
19537,22.860000610351562,21.701066970825195
19538,22.170000076293945,20.091039657592773
19539,16.950000762939453,15.923009872436523
19540,57.93000030517578,55.635379791259766
19541,23.989999771118164,20.11243438720703
19542,20.3799991607666,18.069171905517578
19543,33.47999954223633,31.953792572021484
19544,46.13999938964844,46.012081146240234
19545,2.2699999809265137,2.746084451675415
19546,17.440000534057617,17.006393432617188
19547,5.860000133514404,4.770490646362305
19548,33.130001068115234,34.098724365234375
19549,49.56999969482422,49.004432678222656
19550,23.520000457763672,21.215496063232422
19551,26.200000762939453,29.713125228881836
19552,12.84000015258789,11.607871055603027
19553,6.610000133514404,2.998588800430298
19554,31.510000228881836,31.523670196533203
19555,25.100000381469727,24.903549194335938
19556,2.740000009536743,1.7952277660369873
19557,14.75,13.722461700439453
19558,72.52999877929688,71.8980941772461
19559,16.149999618530273,15.76391887664795
19560,6.039999961853027,5.226409912109375
19561,26.860000610351562,25.776275634765625
19562,47.86000061035156,47.23198699951172
19563,23.989999771118164,21.904081344604492
19564,18.899999618530273,17.828651428222656
19565,62.0099983215332,61.941070556640625
19566,63.5,62.340152740478516
19567,67.63999938964844,67.886474609375
19568,70.44999694824219,69.68785858154297
19569,4.010000228881836,2.5198044776916504
19570,51.52000045776367,50.12665557861328
19571,4.46999979019165,2.844438076019287
19572,52.900001525878906,52.10659408569336
19573,10.510000228881836,10.299927711486816
19574,35.34000015258789,33.51227569580078
19575,17.530000686645508,16.647647857666016
19576,15.869999885559082,15.51486587524414
19577,8.5600004196167,8.584881782531738
19578,6.900000095367432,4.682151794433594
19579,55.79999923706055,55.93170166015625
19580,47.11000061035156,43.535526275634766
19581,24.1299991607666,22.710651397705078
19582,6.300000190734863,4.8988871574401855
19583,14.4399995803833,12.361893653869629
19584,14.5,14.937517166137695
19585,16.670000076293945,15.907018661499023
19586,41.7400016784668,39.28053665161133
19587,7.929999828338623,8.289396286010742
19588,21.260000228881836,20.37076187133789
19589,2.569999933242798,1.6080036163330078
19590,49.720001220703125,53.28484344482422
19591,10.329999923706055,10.074495315551758
19592,9.75,9.304896354675293
19593,17.940000534057617,17.29395294189453
19594,48.40999984741211,49.46311950683594
19595,46.15999984741211,45.377235412597656
19596,12.369999885559082,8.725994110107422
19597,9.1899995803833,8.68364429473877
19598,14.170000076293945,13.044195175170898
19599,17.920000076293945,16.082862854003906
19600,27.489999771118164,26.64919662475586
19601,16.479999542236328,15.628503799438477
19602,20.899999618530273,19.007946014404297
19603,37.09000015258789,35.36253356933594
19604,30.010000228881836,30.01823616027832
19605,7.820000171661377,8.889511108398438
19606,53.68000030517578,53.08967208862305
19607,25.959999084472656,24.740150451660156
19608,43.63999938964844,40.92462921142578
19609,29.6200008392334,27.879310607910156
19610,35.36000061035156,33.63532257080078
19611,44.380001068115234,42.31646728515625
19612,63.36000061035156,60.45905685424805
19613,30.010000228881836,30.836978912353516
19614,33.88999938964844,34.755767822265625
19615,2.3299999237060547,2.146475076675415
19616,31.40999984741211,28.35871124267578
19617,52.93000030517578,50.867431640625
19618,55.18000030517578,54.54144287109375
19619,4.380000114440918,3.3099093437194824
19620,28.600000381469727,28.554676055908203
19621,44.93000030517578,40.833866119384766
19622,41.81999969482422,40.36526107788086
19623,31.979999542236328,31.632678985595703
19624,57.91999816894531,56.4200439453125
19625,25.469999313354492,24.383583068847656
19626,27.600000381469727,28.83734130859375
19627,23.979999542236328,23.0639705657959
19628,41.16999816894531,40.067626953125
19629,10.1899995803833,9.53612232208252
19630,7.03000020980835,6.215770721435547
19631,70.51000213623047,64.14926147460938
19632,24.549999237060547,26.593978881835938
19633,10.529999732971191,10.127016067504883
19634,26.579999923706055,24.472219467163086
19635,24.959999084472656,24.341960906982422
19636,14.130000114440918,13.806018829345703
19637,44.779998779296875,42.889610290527344
19638,55.25,53.663326263427734
19639,13.640000343322754,12.434160232543945
19640,41.72999954223633,39.04823303222656
19641,32.599998474121094,31.573787689208984
19642,10.520000457763672,9.457552909851074
19643,16.84000015258789,15.231456756591797
19644,25.799999237060547,24.994632720947266
19645,31.90999984741211,31.769390106201172
19646,32.630001068115234,34.57712173461914
19647,29.520000457763672,29.821319580078125
19648,21.719999313354492,19.09004783630371
19649,9.869999885559082,4.0498809814453125
19650,24.6299991607666,22.58162498474121
19651,13.239999771118164,12.22123908996582
19652,12.539999961853027,11.305990219116211
19653,34.349998474121094,30.19416046142578
19654,21.329999923706055,19.350862503051758
19655,17.31999969482422,16.556161880493164
19656,45.29999923706055,44.74502944946289
19657,3.140000104904175,1.6763944625854492
19658,5.110000133514404,4.040875434875488
19659,18.200000762939453,16.88336181640625
19660,58.599998474121094,57.22429656982422
19661,10.739999771118164,10.173395156860352
19662,19.940000534057617,19.15015411376953
19663,52.88999938964844,47.958526611328125
19664,32.52000045776367,31.722049713134766
19665,3.7699999809265137,3.289576530456543
19666,13.390000343322754,12.815916061401367
19667,40.25,38.801612854003906
19668,25.530000686645508,26.602447509765625
19669,8.609999656677246,8.107986450195312
19670,22.100000381469727,21.349424362182617
19671,15.109999656677246,14.861174583435059
19672,12.270000457763672,11.191391944885254
19673,33.15999984741211,33.14143371582031
19674,49.63999938964844,47.07512664794922
19675,41.959999084472656,39.705116271972656
19676,30.530000686645508,28.304384231567383
19677,37.310001373291016,34.937984466552734
19678,7.010000228881836,6.057384014129639
19679,31.959999084472656,30.831993103027344
19680,36.400001525878906,34.271549224853516
19681,16.6200008392334,15.730985641479492
19682,20.790000915527344,20.270973205566406
19683,27.65999984741211,25.341196060180664
19684,50.47999954223633,52.62403869628906
19685,10.199999809265137,10.280411720275879
19686,36.83000183105469,37.42890930175781
19687,34.689998626708984,35.544166564941406
19688,20.200000762939453,17.32538604736328
19689,10.380000114440918,9.807881355285645
19690,38.439998626708984,36.16887283325195
19691,18.989999771118164,18.92603874206543
19692,31.15999984741211,31.41695213317871
19693,5.940000057220459,5.068273544311523
19694,51.9900016784668,51.46382522583008
19695,56.650001525878906,61.84881591796875
19696,43.709999084472656,42.673667907714844
19697,22.510000228881836,20.978334426879883
19698,10.039999961853027,9.55523681640625
19699,26.200000762939453,25.665786743164062
19700,27.860000610351562,25.872432708740234
19701,9.319999694824219,9.055931091308594
19702,37.61000061035156,36.198211669921875
19703,47.560001373291016,51.200618743896484
19704,25.43000030517578,24.773509979248047
19705,29.010000228881836,31.018646240234375
19706,64.83999633789062,63.475955963134766
19707,47.45000076293945,44.78690719604492
19708,67.30999755859375,68.5123519897461
19709,13.510000228881836,12.945337295532227
19710,33.02000045776367,30.238895416259766
19711,22.049999237060547,19.078060150146484
19712,35.959999084472656,34.88292694091797
19713,11.420000076293945,11.181021690368652
19714,49.70000076293945,50.17198181152344
19715,6.920000076293945,5.988018035888672
19716,2.8499999046325684,1.7287198305130005
19717,38.22999954223633,37.91793441772461
19718,3.359999895095825,2.40358304977417
19719,11.600000381469727,11.296038627624512
19720,0.7599999904632568,9.82969856262207
19721,18.59000015258789,18.424320220947266
19722,29.670000076293945,28.04668617248535
19723,40.97999954223633,38.21381378173828
19724,44.95000076293945,47.64134216308594
19725,64.75,58.822269439697266
19726,53.880001068115234,51.59379577636719
19727,6.909999847412109,7.067092418670654
19728,9.40999984741211,8.393770217895508
19729,47.72999954223633,44.31096267700195
19730,27.139999389648438,26.18930435180664
19731,27.200000762939453,27.332990646362305
19732,11.15999984741211,10.115158081054688
19733,16.5,15.266080856323242
19734,4.150000095367432,2.1888182163238525
19735,25.31999969482422,24.31581687927246
19736,12.279999732971191,11.365769386291504
19737,9.140000343322754,8.522051811218262
19738,29.709999084472656,30.001197814941406
19739,26.299999237060547,24.724029541015625
19740,37.47999954223633,33.255760192871094
19741,20.940000534057617,19.8486270904541
19742,20.389999389648438,20.62151336669922
19743,14.279999732971191,12.902836799621582
19744,14.029999732971191,13.3013916015625
19745,19.559999465942383,18.130460739135742
19746,53.5099983215332,51.51868438720703
19747,28.899999618530273,27.448328018188477
19748,5.900000095367432,5.29499626159668
19749,39.439998626708984,37.69443893432617
19750,26.459999084472656,24.8520450592041
19751,48.529998779296875,47.55199432373047
19752,53.45000076293945,51.234352111816406
19753,21.899999618530273,22.807741165161133
19754,4.96999979019165,4.150524139404297
19755,42.880001068115234,43.20659637451172
19756,23.25,22.895063400268555
19757,12.170000076293945,11.972479820251465
19758,18.420000076293945,16.98047637939453
19759,20.709999084472656,19.767501831054688
19760,7.090000152587891,7.936448574066162
19761,31.270000457763672,32.02219009399414
19762,6.070000171661377,4.321316242218018
19763,57.220001220703125,57.64794158935547
19764,54.4900016784668,53.97627258300781
19765,47.5099983215332,45.79578399658203
19766,73.18000030517578,71.31751251220703
19767,25.479999542236328,24.500877380371094
19768,19.399999618530273,19.865474700927734
19769,10.239999771118164,9.506916999816895
19770,19.1200008392334,18.28817367553711
19771,27.850000381469727,25.678089141845703
19772,34.08000183105469,36.39728927612305
19773,10.260000228881836,9.733476638793945
19774,1.899999976158142,1.1228711605072021
19775,29.110000610351562,29.913402557373047
19776,53.18000030517578,51.27586364746094
19777,39.619998931884766,36.52063751220703
19778,5.849999904632568,4.713206768035889
19779,28.09000015258789,27.6181697845459
19780,14.890000343322754,13.893438339233398
19781,33.650001525878906,30.7004451751709
19782,14.819999694824219,13.241422653198242
19783,20.90999984741211,19.2674503326416
19784,14.770000457763672,13.788601875305176
19785,16.809999465942383,15.8331937789917
19786,30.489999771118164,28.886354446411133
19787,12.760000228881836,12.091172218322754
19788,25.40999984741211,23.38886833190918
19789,52.970001220703125,51.67759704589844
19790,41.209999084472656,35.94640350341797
19791,51.86000061035156,51.43910217285156
19792,33.58000183105469,31.97439956665039
19793,22.809999465942383,21.35268783569336
19794,41.22999954223633,39.8390998840332
19795,28.3700008392334,29.466699600219727
19796,21.209999084472656,20.274009704589844
19797,16.600000381469727,15.91245174407959
19798,37.4900016784668,36.72640609741211
19799,53.93000030517578,55.32434844970703
19800,36.029998779296875,36.165428161621094
19801,12.350000381469727,11.28131103515625
19802,4.909999847412109,3.891968011856079
19803,16.6299991607666,15.453364372253418
19804,20.959999084472656,21.555011749267578
19805,32.630001068115234,30.485260009765625
19806,47.90999984741211,45.76312255859375
19807,14.609999656677246,12.9493989944458
19808,59.45000076293945,55.978057861328125
19809,17.479999542236328,16.870189666748047
19810,4.980000019073486,4.243490695953369
19811,21.190000534057617,19.753662109375
19812,24.6200008392334,24.0153751373291
19813,26.540000915527344,25.082225799560547
19814,10.210000038146973,8.625762939453125
19815,37.81999969482422,36.110137939453125
19816,27.309999465942383,27.062435150146484
19817,37.81999969482422,37.700767517089844
19818,38.45000076293945,34.63199234008789
19819,51.130001068115234,48.38927459716797
19820,50.369998931884766,47.794395446777344
19821,22.520000457763672,26.034900665283203
19822,14.760000228881836,14.295144081115723
19823,37.709999084472656,36.81032180786133
19824,15.770000457763672,14.980579376220703
19825,43.84000015258789,44.90037536621094
19826,16.959999084472656,17.017417907714844
19827,41.0099983215332,41.059505462646484
19828,7.190000057220459,4.4668073654174805
19829,2.319999933242798,2.1245157718658447
19830,16.110000610351562,14.686891555786133
19831,7.880000114440918,9.354290962219238
19832,16.209999084472656,13.625486373901367
19833,12.489999771118164,11.744725227355957
19834,54.34000015258789,51.117515563964844
19835,24.93000030517578,24.067472457885742
19836,27.639999389648438,25.923908233642578
19837,32.31999969482422,28.294387817382812
19838,26.350000381469727,25.76076889038086
19839,29.200000762939453,25.394344329833984
19840,21.440000534057617,21.222442626953125
19841,15.199999809265137,13.20616626739502
19842,22.979999542236328,22.86457061767578
19843,24.979999542236328,23.84916877746582
19844,14.90999984741211,13.147894859313965
19845,12.960000038146973,12.099196434020996
19846,20.540000915527344,20.31843376159668
19847,25.75,24.162267684936523
19848,18.729999542236328,17.276620864868164
19849,10.239999771118164,9.690505027770996
19850,20.579999923706055,20.048622131347656
19851,15.619999885559082,14.662925720214844
19852,12.989999771118164,12.007041931152344
19853,44.040000915527344,43.165809631347656
19854,18.299999237060547,20.492584228515625
19855,18.489999771118164,17.879831314086914
19856,3.0299999713897705,2.111483335494995
19857,7.090000152587891,6.314779281616211
19858,6.300000190734863,4.630911350250244
19859,16.1299991607666,15.812943458557129
19860,37.61000061035156,41.41156768798828
19861,6.139999866485596,4.90850830078125
19862,52.349998474121094,53.38741683959961
19863,22.809999465942383,22.560327529907227
19864,15.15999984741211,13.571844100952148
19865,7.539999961853027,7.162211894989014
19866,54.72999954223633,54.90187072753906
19867,22.18000030517578,21.983726501464844
19868,15.579999923706055,14.110626220703125
19869,9.920000076293945,9.13351058959961
19870,28.93000030517578,29.64853286743164
19871,13.140000343322754,12.573073387145996
19872,38.439998626708984,37.60591506958008
19873,29.280000686645508,27.6411190032959
19874,31.8700008392334,30.330293655395508
19875,56.369998931884766,55.17048263549805
19876,31.68000030517578,31.763710021972656
19877,23.8799991607666,23.28154754638672
19878,43.22999954223633,42.690467834472656
19879,31.459999084472656,30.832454681396484
19880,20.5,18.95162582397461
19881,3.5199999809265137,2.6168901920318604
19882,11.369999885559082,9.316210746765137
19883,73.79000091552734,70.42118072509766
19884,42.470001220703125,40.29145050048828
19885,11.550000190734863,10.460915565490723
19886,19.290000915527344,20.112979888916016
19887,41.09000015258789,41.89848327636719
19888,33.61000061035156,33.15580749511719
19889,21.15999984741211,20.91775894165039
19890,52.56999969482422,53.06246566772461
19891,12.449999809265137,11.462141036987305
19892,12.109999656677246,12.784842491149902
19893,34.08000183105469,33.13127517700195
19894,55.650001525878906,55.0322265625
19895,8.84000015258789,7.973745346069336
19896,6.960000038146973,6.538182735443115
19897,28.43000030517578,26.133520126342773
19898,26.06999969482422,23.890892028808594
19899,21.670000076293945,21.472888946533203
19900,35.9900016784668,35.88739013671875
19901,23.270000457763672,20.263423919677734
19902,4.230000019073486,1.9829190969467163
19903,20.3799991607666,19.64228057861328
19904,16.940000534057617,15.706280708312988
19905,30.520000457763672,30.241024017333984
19906,7.21999979019165,5.786564826965332
19907,18.100000381469727,17.58224105834961
19908,47.36000061035156,46.56671142578125
19909,14.229999542236328,12.055078506469727
19910,46.38999938964844,42.06000518798828
19911,19.3700008392334,18.145721435546875
19912,33.81999969482422,32.980262756347656
19913,47.439998626708984,47.65991973876953
19914,13.100000381469727,11.859602928161621
19915,33.150001525878906,30.16534423828125
19916,11.529999732971191,11.108643531799316
19917,20.1200008392334,16.711135864257812
19918,59.91999816894531,49.0713996887207
19919,36.13999938964844,36.16307067871094
19920,5.630000114440918,4.616274833679199
19921,31.59000015258789,33.54696273803711
19922,18.850000381469727,18.200721740722656
19923,36.08000183105469,38.24322509765625
19924,23.969999313354492,22.88448143005371
19925,14.430000305175781,12.503825187683105
19926,17.549999237060547,16.433019638061523
19927,14.539999961853027,13.225029945373535
19928,19.639999389648438,18.639530181884766
19929,50.36000061035156,47.37830352783203
19930,14.760000228881836,13.563226699829102
19931,60.93000030517578,66.09590148925781
19932,33.41999816894531,31.060819625854492
19933,23.84000015258789,21.263568878173828
19934,22.969999313354492,22.18161392211914
19935,31.6200008392334,30.251911163330078
19936,25.219999313354492,25.284435272216797
19937,29.6299991607666,28.102561950683594
19938,12.34000015258789,11.693238258361816
19939,25.139999389648438,23.676250457763672
19940,32.130001068115234,31.424686431884766
19941,22.040000915527344,21.54747772216797
19942,22.25,20.42827033996582
19943,30.260000228881836,28.8653507232666
19944,39.25,38.32596969604492
19945,9.359999656677246,8.557647705078125
19946,40.06999969482422,38.869388580322266
19947,42.470001220703125,39.41806411743164
19948,23.75,21.734216690063477
19949,7.829999923706055,7.324333190917969
19950,24.989999771118164,23.451900482177734
19951,48.16999816894531,46.94377136230469
19952,70.91000366210938,70.0252456665039
19953,39.689998626708984,38.60692596435547
19954,35.380001068115234,32.44256591796875
19955,25.84000015258789,24.333080291748047
19956,10.029999732971191,9.227691650390625
19957,35.72999954223633,32.55350875854492
19958,14.789999961853027,13.390542984008789
19959,29.6299991607666,27.669334411621094
19960,40.59000015258789,37.32503890991211
19961,3.940000057220459,3.3470189571380615
19962,47.7599983215332,45.6903190612793
19963,32.720001220703125,31.872249603271484
19964,41.68000030517578,39.03068923950195
19965,17.65999984741211,18.472583770751953
19966,3.369999885559082,2.370781898498535
19967,10.390000343322754,9.149402618408203
19968,47.56999969482422,47.379764556884766
19969,47.7599983215332,45.72620391845703
19970,32.38999938964844,29.741958618164062
19971,29.09000015258789,26.925556182861328
19972,21.110000610351562,18.90919303894043
19973,23.270000457763672,22.109689712524414
19974,19.459999084472656,17.746124267578125
19975,12.149999618530273,12.435484886169434
19976,8.119999885559082,8.382365226745605
19977,12.520000457763672,11.957674026489258
19978,67.63999938964844,67.14129638671875
19979,22.440000534057617,21.671886444091797
19980,9.350000381469727,7.910335063934326
19981,11.25,9.300626754760742
19982,51.2400016784668,50.08745193481445
19983,74.61000061035156,70.17388916015625
19984,51.599998474121094,51.404075622558594
19985,52.220001220703125,51.731685638427734
19986,33.15999984741211,31.681324005126953
19987,23.559999465942383,21.748292922973633
19988,26.969999313354492,24.6954345703125
19989,19.040000915527344,18.06064224243164
19990,43.560001373291016,44.78118896484375
19991,8.970000267028809,8.908737182617188
19992,65.37000274658203,65.02302551269531
19993,29.690000534057617,29.901697158813477
19994,17.049999237060547,16.115352630615234
19995,22.6200008392334,22.02285385131836
19996,23.399999618530273,21.794815063476562
19997,40.02000045776367,42.197105407714844
19998,37.93000030517578,35.360595703125
19999,34.63999938964844,32.7025146484375
20000,34.25,34.3643798828125
20001,41.29999923706055,38.61768341064453
20002,13.050000190734863,13.68772029876709
20003,30.049999237060547,28.09746742248535
20004,28.920000076293945,27.167203903198242
20005,14.510000228881836,13.181889533996582
20006,31.260000228881836,30.133556365966797
20007,39.65999984741211,36.42502975463867
20008,19.950000762939453,19.275617599487305
20009,30.020000457763672,31.722400665283203
20010,13.289999961853027,12.61306095123291
20011,67.66000366210938,62.57029342651367
20012,19.8700008392334,19.403154373168945
20013,31.899999618530273,27.926631927490234
20014,18.299999237060547,15.970507621765137
20015,47.459999084472656,53.82682418823242
20016,20.520000457763672,19.274681091308594
20017,27.360000610351562,26.26988410949707
20018,17.459999084472656,16.14510154724121
20019,33.369998931884766,32.14307403564453
20020,35.540000915527344,33.236061096191406
20021,10.180000305175781,7.1376051902771
20022,13.520000457763672,12.216279983520508
20023,9.350000381469727,9.014640808105469
20024,40.290000915527344,38.77191162109375
20025,74.13999938964844,73.04664611816406
20026,40.810001373291016,40.84803771972656
20027,0.6499999761581421,1.1606656312942505
20028,40.22999954223633,38.07802200317383
20029,20.399999618530273,19.464691162109375
20030,6.340000152587891,6.148251056671143
20031,28.190000534057617,25.965787887573242
20032,54.189998626708984,57.03562927246094
20033,40.41999816894531,40.335174560546875
20034,46.72999954223633,48.87171936035156
20035,41.560001373291016,42.73583221435547
20036,19.969999313354492,19.505985260009766
20037,33.2400016784668,31.181154251098633
20038,19.709999084472656,18.967397689819336
20039,48.709999084472656,42.57512664794922
20040,41.20000076293945,40.8800163269043
20041,49.2599983215332,48.04340744018555
20042,10.989999771118164,11.567996978759766
20043,7.929999828338623,6.940115451812744
20044,5.760000228881836,4.252336025238037
20045,56.029998779296875,55.13270568847656
20046,39.38999938964844,38.155357360839844
20047,29.3799991607666,28.796865463256836
20048,24.959999084472656,23.899311065673828
20049,6.429999828338623,6.525349140167236
20050,37.290000915527344,35.86435317993164
20051,40.91999816894531,37.87059020996094
20052,3.680000066757202,2.7192976474761963
20053,9.09000015258789,7.836788654327393
20054,50.36000061035156,48.46218490600586
20055,72.04000091552734,69.49282836914062
20056,36.709999084472656,33.401119232177734
20057,22.299999237060547,22.28119659423828
20058,22.6200008392334,22.26030731201172
20059,10.119999885559082,9.117378234863281
20060,32.31999969482422,32.924163818359375
20061,10.960000038146973,10.001422882080078
20062,32.619998931884766,33.07279968261719
20063,22.239999771118164,20.74688720703125
20064,14.710000038146973,13.747480392456055
20065,26.860000610351562,25.41725730895996
20066,8.199999809265137,5.807341575622559
20067,3.25,3.056781768798828
20068,16.68000030517578,16.546443939208984
20069,5.440000057220459,4.095456600189209
20070,6.840000152587891,6.335935115814209
20071,18.5,18.209667205810547
20072,9.34000015258789,8.282560348510742
20073,29.639999389648438,26.680877685546875
20074,8.100000381469727,7.746664047241211
20075,23.1299991607666,20.110157012939453
20076,3.2100000381469727,2.4703011512756348
20077,44.45000076293945,42.0097770690918
20078,32.349998474121094,30.413856506347656
20079,18.1200008392334,17.626605987548828
20080,22.239999771118164,22.075267791748047
20081,38.439998626708984,38.14773178100586
20082,18.719999313354492,18.111087799072266
20083,27.799999237060547,27.206356048583984
20084,20.600000381469727,18.450820922851562
20085,40.93000030517578,39.037620544433594
20086,47.5,45.912071228027344
20087,14.319999694824219,13.043923377990723
20088,6.46999979019165,6.05636739730835
20089,26.469999313354492,28.098026275634766
20090,2.7899999618530273,2.8564441204071045
20091,5.380000114440918,4.7428364753723145
20092,15.920000076293945,13.766838073730469
20093,63.56999969482422,63.51707077026367
20094,24.299999237060547,22.20233726501465
20095,15.760000228881836,14.577232360839844
20096,28.600000381469727,28.408519744873047
20097,19.8700008392334,18.52312469482422
20098,39.209999084472656,34.98197555541992
20099,32.900001525878906,32.84132385253906
20100,26.68000030517578,24.625591278076172
20101,12.600000381469727,11.976215362548828
20102,22.639999389648438,21.33945083618164
20103,23.8700008392334,22.013545989990234
20104,47.7400016784668,46.72925567626953
20105,1.7999999523162842,1.4304953813552856
20106,46.900001525878906,42.13994598388672
20107,23.049999237060547,23.329593658447266
20108,28.459999084472656,28.267019271850586
20109,28.280000686645508,27.099376678466797
20110,32.27000045776367,32.549137115478516
20111,29.020000457763672,29.158811569213867
20112,27.030000686645508,25.591472625732422
20113,19.530000686645508,18.280517578125
20114,25.8799991607666,25.841928482055664
20115,14.319999694824219,14.236454963684082
20116,47.810001373291016,47.150718688964844
20117,35.20000076293945,33.161102294921875
20118,30.959999084472656,31.144699096679688
20119,27.079999923706055,27.039291381835938
20120,61.04999923706055,57.74542236328125
20121,52.400001525878906,50.051109313964844
20122,15.25,14.643223762512207
20123,12.079999923706055,11.212288856506348
20124,56.63999938964844,51.879676818847656
20125,2.5999999046325684,3.704655170440674
20126,30.670000076293945,29.390228271484375
20127,30.700000762939453,27.292957305908203
20128,18.360000610351562,15.541815757751465
20129,24.770000457763672,23.68954849243164
20130,35.88999938964844,35.28160095214844
20131,2.0899999141693115,3.1660356521606445
20132,33.0,29.12376594543457
20133,7.960000038146973,6.4726715087890625
20134,31.979999542236328,28.727333068847656
20135,57.66999816894531,56.28386306762695
20136,23.739999771118164,23.486940383911133
20137,15.579999923706055,14.817381858825684
20138,43.75,41.86153793334961
20139,15.869999885559082,15.183751106262207
20140,52.540000915527344,51.32792282104492
20141,1.4800000190734863,2.1930065155029297
20142,14.119999885559082,13.51034927368164
20143,6.019999980926514,5.838987350463867
20144,12.5,11.317352294921875
20145,14.050000190734863,13.06550121307373
20146,13.600000381469727,13.330437660217285
20147,20.459999084472656,20.106809616088867
20148,10.430000305175781,9.879605293273926
20149,23.75,24.942459106445312
20150,25.739999771118164,25.572296142578125
20151,49.150001525878906,47.01169204711914
20152,27.610000610351562,26.862092971801758
20153,40.720001220703125,41.985591888427734
20154,37.810001373291016,39.432315826416016
20155,10.149999618530273,9.03914737701416
20156,22.81999969482422,20.657569885253906
20157,43.93000030517578,44.07099914550781
20158,23.979999542236328,22.54306983947754
20159,44.400001525878906,45.01835250854492
20160,12.15999984741211,11.036371231079102
20161,17.489999771118164,16.129119873046875
20162,4.190000057220459,2.420705795288086
20163,1.940000057220459,1.353110909461975
20164,19.90999984741211,17.872417449951172
20165,40.34000015258789,38.32143783569336
20166,54.56999969482422,45.380958557128906
20167,60.790000915527344,50.09101867675781
20168,34.61000061035156,34.88188171386719
20169,19.920000076293945,17.813066482543945
20170,7.139999866485596,7.041913986206055
20171,38.9900016784668,38.010032653808594
20172,32.40999984741211,30.255340576171875
20173,39.5099983215332,40.50191879272461
20174,13.8100004196167,13.224953651428223
20175,56.220001220703125,57.44745635986328
20176,38.52000045776367,37.06461715698242
20177,6.409999847412109,5.636229991912842
20178,52.2400016784668,52.27140426635742
20179,76.51000213623047,62.941139221191406
20180,44.18000030517578,40.7567253112793
20181,25.729999542236328,24.181724548339844
20182,29.18000030517578,30.386287689208984
20183,34.93000030517578,38.43238067626953
20184,33.20000076293945,32.99056625366211
20185,38.18000030517578,38.9596061706543
20186,37.209999084472656,34.40070343017578
20187,13.8100004196167,13.564523696899414
20188,63.61000061035156,63.81306076049805
20189,5.090000152587891,3.805870771408081
20190,28.860000610351562,27.558134078979492
20191,47.720001220703125,48.3028678894043
20192,41.88999938964844,42.53435516357422
20193,15.529999732971191,14.196736335754395
20194,24.950000762939453,23.78815460205078
20195,12.59000015258789,11.827139854431152
20196,35.97999954223633,33.909088134765625
20197,64.87000274658203,62.96099853515625
20198,39.15999984741211,35.34104919433594
20199,19.469999313354492,18.319149017333984
20200,18.079999923706055,16.450395584106445
20201,19.540000915527344,16.993314743041992
20202,69.79000091552734,67.90927124023438
20203,60.220001220703125,58.280548095703125
20204,17.139999389648438,15.39711856842041
20205,39.77000045776367,37.193363189697266
20206,55.619998931884766,48.51441192626953
20207,5.809999942779541,6.064194202423096
20208,10.170000076293945,9.635958671569824
20209,6.489999771118164,5.800596237182617
20210,2.369999885559082,1.5140905380249023
20211,49.16999816894531,47.95835876464844
20212,70.58999633789062,67.11444854736328
20213,62.060001373291016,61.88556671142578
20214,22.420000076293945,21.90083122253418
20215,11.9399995803833,10.120678901672363
20216,32.36000061035156,33.123191833496094
20217,48.02000045776367,46.062904357910156
20218,38.33000183105469,34.23492431640625
20219,37.20000076293945,35.53125762939453
20220,14.5600004196167,12.965373039245605
20221,34.2400016784668,34.39911651611328
20222,16.510000228881836,16.137876510620117
20223,32.88999938964844,32.30807876586914
20224,16.90999984741211,15.633373260498047
20225,48.18000030517578,45.92283248901367
20226,10.300000190734863,9.39431095123291
20227,43.22999954223633,42.45241928100586
20228,45.880001068115234,45.014305114746094
20229,37.33000183105469,36.66509246826172
20230,49.79999923706055,48.40727233886719
20231,13.970000267028809,12.676485061645508
20232,5.539999961853027,4.985671043395996
20233,58.5099983215332,56.09226989746094
20234,32.61000061035156,30.460254669189453
20235,21.600000381469727,19.76932144165039
20236,39.13999938964844,36.536964416503906
20237,45.970001220703125,41.88479995727539
20238,9.630000114440918,8.534335136413574
20239,8.109999656677246,8.803366661071777
20240,7.519999980926514,6.5271148681640625
20241,18.899999618530273,17.485429763793945
20242,66.33999633789062,61.65515899658203
20243,10.539999961853027,10.337340354919434
20244,27.0,25.852487564086914
20245,3.640000104904175,3.5067906379699707
20246,44.560001373291016,42.946537017822266
20247,36.88999938964844,37.371192932128906
20248,8.420000076293945,8.205483436584473
20249,46.029998779296875,45.601715087890625
20250,23.200000762939453,24.27909278869629
20251,56.459999084472656,56.1014404296875
20252,9.260000228881836,8.80482292175293
20253,18.059999465942383,18.025400161743164
20254,29.15999984741211,32.14104461669922
20255,10.5,10.125690460205078
20256,64.94000244140625,63.857139587402344
20257,21.059999465942383,21.72370147705078
20258,30.649999618530273,31.35931968688965
20259,22.510000228881836,21.591777801513672
20260,18.389999389648438,16.297271728515625
20261,17.25,17.181467056274414
20262,35.86000061035156,33.981258392333984
20263,41.83000183105469,41.26703643798828
20264,31.229999542236328,28.207616806030273
20265,21.040000915527344,20.56647300720215
20266,36.08000183105469,33.511680603027344
20267,5.079999923706055,2.8475182056427
20268,30.290000915527344,29.107070922851562
20269,19.719999313354492,19.204137802124023
20270,10.789999961853027,10.348587036132812
20271,38.08000183105469,37.06433868408203
20272,2.4700000286102295,1.3213664293289185
20273,37.7400016784668,34.564292907714844
20274,36.79999923706055,34.84397506713867
20275,5.559999942779541,4.894535064697266
20276,27.600000381469727,28.329477310180664
20277,7.650000095367432,7.0001139640808105
20278,59.68000030517578,59.850704193115234
20279,13.84000015258789,13.311978340148926
20280,42.13999938964844,42.2254638671875
20281,46.099998474121094,43.62158966064453
20282,9.039999961853027,8.578065872192383
20283,14.239999771118164,12.209840774536133
20284,20.84000015258789,19.460325241088867
20285,41.470001220703125,40.62309265136719
20286,26.459999084472656,23.443073272705078
20287,37.939998626708984,39.3597412109375
20288,51.08000183105469,50.34095764160156
20289,16.360000610351562,17.25318717956543
20290,10.789999961853027,10.69109058380127
20291,18.549999237060547,17.080007553100586
20292,46.95000076293945,43.7454833984375
20293,55.880001068115234,53.84983444213867
20294,52.5099983215332,53.94486999511719
20295,18.809999465942383,18.799135208129883
20296,27.549999237060547,24.134477615356445
20297,33.810001373291016,31.50623321533203
20298,37.790000915527344,36.11390686035156
20299,22.709999084472656,21.418968200683594
20300,34.68000030517578,35.6517448425293
20301,5.099999904632568,3.3524057865142822
20302,20.75,18.837636947631836
20303,28.68000030517578,27.595378875732422
20304,5.659999847412109,4.471674919128418
20305,41.20000076293945,41.99286651611328
20306,21.510000228881836,19.3492374420166
20307,22.59000015258789,21.98204803466797
20308,57.15999984741211,55.33856201171875
20309,11.59000015258789,10.28058910369873
20310,5.28000020980835,3.3998820781707764
20311,21.190000534057617,20.463552474975586
20312,13.649999618530273,12.341197967529297
20313,21.469999313354492,20.774269104003906
20314,43.29999923706055,47.67949676513672
20315,9.569999694824219,8.971123695373535
20316,16.100000381469727,14.323939323425293
20317,7.71999979019165,8.107358932495117
20318,46.77000045776367,48.68911361694336
20319,39.439998626708984,36.3916015625
20320,23.739999771118164,22.048439025878906
20321,19.030000686645508,17.400833129882812
20322,43.900001525878906,43.2342643737793
20323,27.190000534057617,25.99172592163086
20324,22.3700008392334,21.63819122314453
20325,35.34000015258789,36.089698791503906
20326,13.800000190734863,16.421323776245117
20327,48.5099983215332,47.59225845336914
20328,13.140000343322754,12.99625015258789
20329,29.959999084472656,31.116798400878906
20330,23.75,25.5076904296875
20331,60.41999816894531,63.77662658691406
20332,38.08000183105469,37.541481018066406
20333,51.84000015258789,56.18516159057617
20334,29.65999984741211,29.14303207397461
20335,36.45000076293945,34.42063903808594
20336,19.1299991607666,19.705799102783203
20337,35.79999923706055,33.57544708251953
20338,9.59000015258789,7.589530944824219
20339,52.02000045776367,51.776283264160156
20340,18.68000030517578,17.95501136779785
20341,40.40999984741211,38.869117736816406
20342,26.1200008392334,25.35724639892578
20343,8.0,7.345156192779541
20344,14.109999656677246,14.423751831054688
20345,33.02000045776367,31.742216110229492
20346,18.15999984741211,16.345170974731445
20347,31.540000915527344,30.10012435913086
20348,19.81999969482422,19.796552658081055
20349,74.18000030517578,71.43120574951172
20350,31.329999923706055,28.91887855529785
20351,11.949999809265137,11.265992164611816
20352,7.840000152587891,6.214966773986816
20353,8.789999961853027,7.4629669189453125
20354,36.20000076293945,34.443058013916016
20355,14.710000038146973,14.423585891723633
20356,26.190000534057617,25.42893409729004
20357,46.279998779296875,45.25736999511719
20358,51.09000015258789,52.33066177368164
20359,16.280000686645508,15.106100082397461
20360,54.18000030517578,56.8516731262207
20361,40.880001068115234,38.07041931152344
20362,42.869998931884766,41.40343475341797
20363,29.420000076293945,31.20134925842285
20364,28.8700008392334,28.584476470947266
20365,22.670000076293945,18.92635726928711
20366,56.58000183105469,53.76340103149414
20367,37.709999084472656,37.084617614746094
20368,21.709999084472656,19.376178741455078
20369,47.63999938964844,46.64834976196289
20370,10.779999732971191,9.994170188903809
20371,17.510000228881836,15.619551658630371
20372,71.83999633789062,65.47285461425781
20373,34.4900016784668,32.477073669433594
20374,26.950000762939453,28.453662872314453
20375,34.90999984741211,33.575748443603516
20376,21.360000610351562,20.706151962280273
20377,26.049999237060547,25.081180572509766
20378,33.70000076293945,28.630901336669922
20379,26.690000534057617,26.246261596679688
20380,10.3100004196167,9.847936630249023
20381,8.3100004196167,7.7589592933654785
20382,37.36000061035156,34.037445068359375
20383,21.940000534057617,20.146778106689453
20384,9.430000305175781,8.072381019592285
20385,13.930000305175781,12.44936466217041
20386,34.09000015258789,33.821136474609375
20387,73.27999877929688,66.54082489013672
20388,41.2599983215332,39.022483825683594
20389,29.610000610351562,29.687910079956055
20390,16.299999237060547,14.098259925842285
20391,39.220001220703125,39.94245147705078
20392,7.010000228881836,5.9390692710876465
20393,48.79999923706055,48.50109100341797
20394,10.789999961853027,10.134209632873535
20395,13.420000076293945,11.833895683288574
20396,24.520000457763672,22.394079208374023
20397,21.600000381469727,20.657867431640625
20398,7.639999866485596,6.874387741088867
20399,12.050000190734863,11.293819427490234
20400,58.25,58.36695098876953
20401,18.6299991607666,17.62380599975586
20402,3.0,1.8225769996643066
20403,1.059999942779541,3.5855655670166016
20404,24.93000030517578,22.700294494628906
20405,35.459999084472656,34.51951599121094
20406,38.08000183105469,36.77147674560547
20407,30.030000686645508,30.3938045501709
20408,41.13999938964844,39.51544952392578
20409,7.360000133514404,7.159056186676025
20410,11.100000381469727,11.077742576599121
20411,69.29000091552734,67.64099884033203
20412,12.0600004196167,11.019233703613281
20413,41.31999969482422,38.123680114746094
20414,32.619998931884766,31.610126495361328
20415,51.31999969482422,50.413692474365234
20416,22.959999084472656,22.031417846679688
20417,56.72999954223633,55.22453308105469
20418,22.579999923706055,20.611167907714844
20419,42.97999954223633,46.209205627441406
20420,37.189998626708984,37.19384765625
20421,5.460000038146973,4.063391208648682
20422,20.420000076293945,18.301189422607422
20423,10.199999809265137,12.119216918945312
20424,12.829999923706055,11.874899864196777
20425,34.0,33.516475677490234
20426,36.95000076293945,35.04698944091797
20427,20.110000610351562,18.451078414916992
20428,5.420000076293945,4.1150407791137695
20429,10.270000457763672,10.544815063476562
20430,50.2400016784668,40.18749237060547
20431,26.700000762939453,25.2786808013916
20432,38.29999923706055,38.218528747558594
20433,25.18000030517578,24.730228424072266
20434,24.1200008392334,22.573556900024414
20435,20.5,20.530235290527344
20436,27.899999618530273,26.665307998657227
20437,38.0099983215332,36.739112854003906
20438,20.6200008392334,21.78675651550293
20439,24.260000228881836,21.843608856201172
20440,48.66999816894531,47.90004348754883
20441,28.739999771118164,24.805320739746094
20442,26.770000457763672,27.471975326538086
20443,18.920000076293945,16.71408462524414
20444,53.0099983215332,53.15590286254883
20445,29.90999984741211,30.693876266479492
20446,63.790000915527344,62.683631896972656
20447,35.119998931884766,34.16331100463867
20448,16.68000030517578,15.993764877319336
20449,20.719999313354492,18.18807601928711
20450,21.520000457763672,22.49711036682129
20451,26.329999923706055,24.627120971679688
20452,26.75,25.298460006713867
20453,12.859999656677246,11.75150203704834
20454,63.95000076293945,62.47528076171875
20455,21.579999923706055,20.939212799072266
20456,10.3100004196167,9.310720443725586
20457,13.90999984741211,12.59860610961914
20458,20.270000457763672,17.543628692626953
20459,73.61000061035156,72.80026245117188
20460,44.439998626708984,45.866844177246094
20461,1.3700000047683716,1.8877148628234863
20462,10.15999984741211,8.859704971313477
20463,44.9900016784668,43.81470489501953
20464,44.470001220703125,42.705055236816406
20465,20.149999618530273,18.61182403564453
20466,22.170000076293945,20.232086181640625
20467,17.799999237060547,16.78974151611328
20468,13.100000381469727,12.952421188354492
20469,13.5600004196167,12.682343482971191
20470,14.039999961853027,12.344147682189941
20471,29.299999237060547,26.391508102416992
20472,25.729999542236328,23.98219108581543
20473,51.880001068115234,46.36705780029297
20474,49.79999923706055,50.77750778198242
20475,18.639999389648438,17.88892364501953
20476,11.449999809265137,11.48912525177002
20477,34.040000915527344,34.79719543457031
20478,52.7400016784668,51.93303680419922
20479,13.449999809265137,13.347131729125977
20480,66.16000366210938,60.91845703125
20481,11.569999694824219,9.789276123046875
20482,20.149999618530273,19.02513313293457
20483,22.899999618530273,22.033123016357422
20484,34.20000076293945,32.97609329223633
20485,29.43000030517578,27.987272262573242
20486,75.5199966430664,71.67464447021484
20487,18.549999237060547,17.92664337158203
20488,24.479999542236328,22.391395568847656
20489,38.619998931884766,36.2196044921875
20490,7.760000228881836,7.510464668273926
20491,13.880000114440918,13.345417976379395
20492,18.3799991607666,17.48999786376953
20493,3.1500000953674316,2.271214485168457
20494,34.86000061035156,33.39282989501953
20495,27.350000381469727,27.921274185180664
20496,5.289999961853027,3.6153857707977295
20497,61.68000030517578,59.79518127441406
20498,27.290000915527344,26.45252227783203
20499,28.010000228881836,27.500455856323242
20500,7.010000228881836,6.139212608337402
20501,37.16999816894531,32.73615264892578
20502,25.920000076293945,27.618270874023438
20503,25.59000015258789,24.296951293945312
20504,19.059999465942383,18.263565063476562
20505,35.72999954223633,33.52818298339844
20506,24.40999984741211,24.413599014282227
20507,24.8799991607666,23.019447326660156
20508,3.3499999046325684,1.8447108268737793
20509,58.91999816894531,56.629722595214844
20510,19.360000610351562,18.846906661987305
20511,30.260000228881836,28.49010467529297
20512,51.040000915527344,49.20232009887695
20513,39.599998474121094,35.70140075683594
20514,46.04999923706055,48.01500701904297
20515,16.010000228881836,14.808249473571777
20516,40.09000015258789,39.81391143798828
20517,16.84000015258789,15.049107551574707
20518,26.540000915527344,25.87144660949707
20519,7.579999923706055,6.612495422363281
20520,23.3799991607666,23.80088233947754
20521,24.190000534057617,21.64341163635254
20522,75.77999877929688,71.25885772705078
20523,24.09000015258789,24.92032241821289
20524,11.5600004196167,9.911179542541504
20525,8.850000381469727,8.271768569946289
20526,46.279998779296875,43.85519790649414
20527,8.1899995803833,7.516542911529541
20528,40.130001068115234,39.657371520996094
20529,21.709999084472656,26.95669937133789
20530,19.389999389648438,17.58993148803711
20531,53.060001373291016,52.032466888427734
20532,53.45000076293945,53.35279083251953
20533,3.5299999713897705,4.268683910369873
20534,27.6200008392334,25.989551544189453
20535,50.63999938964844,53.17674255371094
20536,26.200000762939453,24.749210357666016
20537,14.0,13.163793563842773
20538,25.829999923706055,24.221702575683594
20539,7.78000020980835,7.194396495819092
20540,13.079999923706055,13.153494834899902
20541,25.350000381469727,24.36054229736328
20542,13.510000228881836,11.522991180419922
20543,7.349999904632568,7.162609577178955
20544,20.459999084472656,18.928754806518555
20545,21.469999313354492,19.070255279541016
20546,38.849998474121094,36.82730484008789
20547,6.179999828338623,4.992696762084961
20548,68.37999725341797,63.177669525146484
20549,23.3700008392334,23.375595092773438
20550,11.989999771118164,6.850509166717529
20551,17.59000015258789,16.219661712646484
20552,42.2400016784668,42.486419677734375
20553,21.81999969482422,20.17477035522461
20554,34.52000045776367,32.67047882080078
20555,14.710000038146973,13.637864112854004
20556,19.190000534057617,16.522680282592773
20557,22.520000457763672,22.510149002075195
20558,29.940000534057617,30.05052947998047
20559,40.91999816894531,40.57962417602539
20560,41.27000045776367,37.124176025390625
20561,2.490000009536743,4.517842769622803
20562,28.790000915527344,28.403541564941406
20563,19.6299991607666,18.931730270385742
20564,3.3499999046325684,1.9896984100341797
20565,7.559999942779541,6.490429878234863
20566,7.03000020980835,5.641590595245361
20567,18.31999969482422,15.833195686340332
20568,25.290000915527344,25.00902557373047
20569,19.15999984741211,16.70572280883789
20570,4.579999923706055,3.447277307510376
20571,40.65999984741211,41.42456817626953
20572,1.4900000095367432,1.5862990617752075
20573,18.459999084472656,16.497915267944336
20574,9.770000457763672,8.365216255187988
20575,25.31999969482422,24.880876541137695
20576,66.77999877929688,63.47484588623047
20577,21.360000610351562,21.04096031188965
20578,25.770000457763672,23.506046295166016
20579,48.52000045776367,46.82467269897461
20580,53.47999954223633,51.74531555175781
20581,8.75,7.70726203918457
20582,26.239999771118164,24.1892032623291
20583,21.799999237060547,19.402957916259766
20584,3.069999933242798,2.4028759002685547
20585,16.68000030517578,14.549299240112305
20586,7.480000019073486,7.348098278045654
20587,36.630001068115234,33.10414505004883
20588,21.540000915527344,20.275278091430664
20589,6.420000076293945,5.417060375213623
20590,37.11000061035156,36.92840576171875
20591,32.25,29.28478240966797
20592,66.70999908447266,68.67522430419922
20593,8.010000228881836,7.315398216247559
20594,9.579999923706055,9.7311372756958
20595,69.44999694824219,70.46377563476562
20596,53.689998626708984,50.16841506958008
20597,26.200000762939453,24.48797607421875
20598,23.489999771118164,24.37308692932129
20599,42.18000030517578,41.60403823852539
20600,20.1200008392334,18.675718307495117
20601,19.200000762939453,18.63512420654297
20602,40.2400016784668,36.82807159423828
20603,32.5,30.162168502807617
20604,15.880000114440918,14.538573265075684
20605,35.560001373291016,33.89097213745117
20606,16.389999389648438,15.417463302612305
20607,11.539999961853027,10.684814453125
20608,16.06999969482422,14.790812492370605
20609,3.5,2.955893039703369
20610,24.459999084472656,23.012346267700195
20611,1.2200000286102295,1.624637484550476
20612,48.970001220703125,46.67234420776367
20613,54.02000045776367,48.85484313964844
20614,22.739999771118164,20.689939498901367
20615,60.08000183105469,60.372127532958984
20616,14.369999885559082,13.216754913330078
20617,30.1299991607666,31.471410751342773
20618,15.859999656677246,14.795989990234375
20619,6.159999847412109,5.421374320983887
20620,15.829999923706055,14.615429878234863
20621,7.090000152587891,5.933324337005615
20622,21.420000076293945,20.87519073486328
20623,44.52000045776367,45.582618713378906
20624,28.030000686645508,26.440704345703125
20625,44.83000183105469,43.42405700683594
20626,44.04999923706055,42.9119873046875
20627,28.06999969482422,24.945051193237305
20628,8.0,4.780335903167725
20629,48.5099983215332,47.29361343383789
20630,26.139999389648438,25.201828002929688
20631,15.760000228881836,14.456687927246094
20632,12.970000267028809,11.688121795654297
20633,26.299999237060547,25.342632293701172
20634,24.75,22.167848587036133
20635,56.40999984741211,53.46376037597656
20636,21.540000915527344,20.246849060058594
20637,27.860000610351562,26.38882827758789
20638,28.90999984741211,28.148239135742188
20639,13.819999694824219,13.278767585754395
20640,9.9399995803833,9.281882286071777
20641,28.469999313354492,29.018980026245117
20642,40.119998931884766,38.502838134765625
20643,31.670000076293945,32.20966339111328
20644,28.479999542236328,27.157630920410156
20645,14.699999809265137,13.483500480651855
20646,53.4900016784668,56.33860397338867
20647,40.369998931884766,37.82939147949219
20648,2.990000009536743,1.763023018836975
20649,35.709999084472656,39.052494049072266
20650,9.880000114440918,9.716842651367188
20651,17.43000030517578,15.65261173248291
20652,28.93000030517578,27.915363311767578
20653,36.38999938964844,35.89598846435547
20654,13.670000076293945,11.935580253601074
20655,37.369998931884766,35.53439712524414
20656,13.359999656677246,12.026015281677246
20657,15.170000076293945,13.829292297363281
20658,74.26000213623047,72.29566955566406
20659,26.489999771118164,25.64018440246582
20660,62.150001525878906,63.24164581298828
20661,24.40999984741211,23.681623458862305
20662,21.739999771118164,20.11474609375
20663,25.219999313354492,25.047855377197266
20664,11.869999885559082,11.107549667358398
20665,36.459999084472656,37.36521530151367
20666,23.280000686645508,22.781530380249023
20667,5.679999828338623,4.958779335021973
20668,16.770000457763672,16.09259796142578
20669,51.93000030517578,54.67686080932617
20670,37.130001068115234,33.72955322265625
20671,4.050000190734863,2.7912089824676514
20672,21.989999771118164,22.449813842773438
20673,51.47999954223633,52.361000061035156
20674,41.25,38.68714141845703
20675,7.630000114440918,6.896160125732422
20676,28.040000915527344,28.869518280029297
20677,17.799999237060547,17.760723114013672
20678,40.599998474121094,39.095767974853516
20679,17.40999984741211,16.453527450561523
20680,47.619998931884766,46.828861236572266
20681,31.059999465942383,29.639461517333984
20682,40.31999969482422,38.708560943603516
20683,48.65999984741211,47.63672637939453
20684,17.399999618530273,16.213821411132812
20685,10.670000076293945,15.404902458190918
20686,61.689998626708984,62.00584030151367
20687,28.34000015258789,25.956270217895508
20688,7.230000019073486,5.900763034820557
20689,14.649999618530273,12.58350658416748
20690,10.9399995803833,10.506277084350586
20691,35.20000076293945,35.25701904296875
20692,25.709999084472656,23.292572021484375
20693,18.809999465942383,17.186479568481445
20694,35.59000015258789,33.472259521484375
20695,53.130001068115234,54.18488311767578
20696,13.729999542236328,13.429276466369629
20697,48.22999954223633,47.10912322998047
20698,5.28000020980835,4.83131217956543
20699,26.489999771118164,26.12610626220703
20700,41.15999984741211,41.00442123413086
20701,52.849998474121094,52.7574577331543
20702,23.610000610351562,24.28635025024414
20703,36.33000183105469,35.161346435546875
20704,16.8700008392334,16.54074478149414
20705,74.33000183105469,74.64739227294922
20706,32.43000030517578,30.3536376953125
20707,63.220001220703125,59.793575286865234
20708,19.860000610351562,19.106094360351562
20709,18.940000534057617,17.586166381835938
20710,8.079999923706055,7.630997180938721
20711,7.909999847412109,7.552734375
20712,6.349999904632568,6.381231784820557
20713,7.420000076293945,2.431011915206909
20714,47.25,47.077537536621094
20715,28.399999618530273,28.020706176757812
20716,62.130001068115234,59.22040939331055
20717,76.69999694824219,72.08697509765625
20718,47.38999938964844,45.36948013305664
20719,31.3799991607666,31.088119506835938
20720,31.829999923706055,29.96640396118164
20721,12.4399995803833,11.459327697753906
20722,38.36000061035156,36.689903259277344
20723,23.850000381469727,22.671253204345703
20724,30.209999084472656,31.181093215942383
20725,37.09000015258789,35.12521743774414
20726,32.22999954223633,32.23342514038086
20727,18.1299991607666,16.677343368530273
20728,51.81999969482422,47.120399475097656
20729,6.230000019073486,6.421266555786133
20730,35.0,30.30358123779297
20731,10.220000267028809,10.247170448303223
20732,33.04999923706055,31.66221809387207
20733,11.710000038146973,11.317832946777344
20734,61.91999816894531,66.52728271484375
20735,12.020000457763672,10.861674308776855
20736,1.2400000095367432,4.175612449645996
20737,10.1899995803833,7.757178783416748
20738,50.04999923706055,48.4235954284668
20739,30.959999084472656,30.780122756958008
20740,12.470000267028809,10.747644424438477
20741,14.460000038146973,12.818460464477539
20742,42.93000030517578,41.020755767822266
20743,10.550000190734863,7.380201816558838
20744,10.819999694824219,10.471365928649902
20745,15.109999656677246,14.71153736114502
20746,22.68000030517578,22.105247497558594
20747,28.09000015258789,30.861343383789062
20748,3.950000047683716,4.467104911804199
20749,23.020000457763672,22.720565795898438
20750,24.670000076293945,24.500545501708984
20751,24.1200008392334,23.13683319091797
20752,42.58000183105469,42.683780670166016
20753,69.33999633789062,62.857425689697266
20754,10.710000038146973,7.6714396476745605
20755,52.56999969482422,54.393211364746094
20756,11.15999984741211,9.501044273376465
20757,29.959999084472656,28.95196533203125
20758,12.180000305175781,11.522839546203613
20759,14.420000076293945,12.41296672821045
20760,5.070000171661377,4.19279146194458
20761,25.75,23.69497299194336
20762,30.75,28.7846736907959
20763,29.0,27.91719627380371
20764,22.360000610351562,21.96973419189453
20765,11.260000228881836,7.845598220825195
20766,10.920000076293945,10.706865310668945
20767,2.4000000953674316,3.003323554992676
20768,19.31999969482422,21.17096519470215
20769,20.31999969482422,18.90373420715332
20770,23.270000457763672,21.230602264404297
20771,49.209999084472656,48.15358352661133
20772,15.8100004196167,14.586389541625977
20773,49.40999984741211,45.559837341308594
20774,18.149999618530273,17.28145408630371
20775,33.33000183105469,32.77833557128906
20776,25.079999923706055,23.07745933532715
20777,16.700000762939453,15.01761245727539
20778,41.83000183105469,42.36650085449219
20779,40.630001068115234,39.158042907714844
20780,24.959999084472656,23.152175903320312
20781,37.36000061035156,35.778072357177734
20782,23.93000030517578,23.184146881103516
20783,17.329999923706055,17.424076080322266
20784,24.020000457763672,22.242435455322266
20785,42.400001525878906,44.24525833129883
20786,15.979999542236328,14.781153678894043
20787,17.579999923706055,15.89249324798584
20788,21.059999465942383,19.14374542236328
20789,3.509999990463257,2.247056484222412
20790,48.79999923706055,50.68852615356445
20791,51.84000015258789,49.113182067871094
20792,19.6200008392334,18.50372886657715
20793,4.449999809265137,3.630352735519409
20794,55.09000015258789,51.60749435424805
20795,58.18000030517578,57.15126419067383
20796,24.200000762939453,23.6024169921875
20797,34.369998931884766,34.21172332763672
20798,70.16999816894531,69.37782287597656
20799,29.200000762939453,28.955707550048828
20800,2.049999952316284,1.3972949981689453
20801,11.470000267028809,11.450972557067871
20802,18.770000457763672,18.510047912597656
20803,16.829999923706055,15.339555740356445
20804,32.02000045776367,31.145721435546875
20805,21.860000610351562,21.207786560058594
20806,76.61000061035156,65.5153579711914
20807,23.829999923706055,20.9101619720459
20808,23.15999984741211,21.535917282104492
20809,32.970001220703125,29.555849075317383
20810,35.9900016784668,34.604270935058594
20811,5.53000020980835,4.479943752288818
20812,37.20000076293945,38.6900749206543
20813,29.709999084472656,30.009092330932617
20814,25.040000915527344,25.875274658203125
20815,20.889999389648438,19.04061508178711
20816,22.309999465942383,19.70760726928711
20817,30.6299991607666,29.488189697265625
20818,46.619998931884766,47.305599212646484
20819,70.98999786376953,71.75698852539062
20820,28.559999465942383,27.650917053222656
20821,26.3799991607666,27.015186309814453
20822,15.59000015258789,15.097414016723633
20823,16.979999542236328,15.579617500305176
20824,17.239999771118164,16.37980079650879
20825,20.110000610351562,20.02892303466797
20826,31.850000381469727,30.937583923339844
20827,21.1200008392334,19.35365104675293
20828,18.889999389648438,17.486740112304688
20829,29.420000076293945,28.363733291625977
20830,29.299999237060547,30.849424362182617
20831,28.40999984741211,30.17070770263672
20832,33.86000061035156,32.94926071166992
20833,5.480000019073486,4.556506633758545
20834,34.40999984741211,34.79422378540039
20835,9.770000457763672,8.814842224121094
20836,47.18000030517578,44.62237548828125
20837,16.649999618530273,15.676667213439941
20838,38.439998626708984,37.876976013183594
20839,25.600000381469727,23.958194732666016
20840,22.979999542236328,21.035320281982422
20841,13.930000305175781,12.826764106750488
20842,21.450000762939453,19.62836456298828
20843,16.059999465942383,14.382790565490723
20844,12.65999984741211,11.534331321716309
20845,46.65999984741211,48.26624298095703
20846,10.9399995803833,11.762423515319824
20847,19.549999237060547,17.75326156616211
20848,34.16999816894531,32.668121337890625
20849,23.8700008392334,18.70550537109375
20850,6.21999979019165,5.776729583740234
20851,59.209999084472656,58.278648376464844
20852,21.31999969482422,20.34804344177246
20853,51.209999084472656,49.99325180053711
20854,43.130001068115234,42.16688537597656
20855,37.13999938964844,34.550968170166016
20856,24.25,22.463890075683594
20857,28.219999313354492,26.83991813659668
20858,13.270000457763672,12.214964866638184
20859,41.54999923706055,40.19239044189453
20860,34.7400016784668,34.6086311340332
20861,19.979999542236328,18.5440731048584
20862,8.1899995803833,7.016170978546143
20863,33.869998931884766,31.235454559326172
20864,7.349999904632568,6.733503818511963
20865,52.880001068115234,51.745147705078125
20866,26.06999969482422,26.060199737548828
20867,54.65999984741211,52.03297805786133
20868,28.780000686645508,27.630125045776367
20869,51.59000015258789,53.34034729003906
20870,62.349998474121094,60.89446258544922
20871,23.940000534057617,23.938034057617188
20872,6.619999885559082,3.9423937797546387
20873,23.010000228881836,21.990459442138672
20874,12.479999542236328,11.642618179321289
20875,30.270000457763672,29.640769958496094
20876,5.860000133514404,4.49709415435791
20877,28.079999923706055,26.931425094604492
20878,31.31999969482422,29.979188919067383
20879,15.920000076293945,15.35522747039795
20880,9.399999618530273,8.7935791015625
20881,17.040000915527344,16.713747024536133
20882,34.060001373291016,33.296180725097656
20883,8.630000114440918,8.7960786819458
20884,22.15999984741211,19.50542449951172
20885,17.5,16.579063415527344
20886,7.090000152587891,6.655857563018799
20887,31.979999542236328,30.31449317932129
20888,21.290000915527344,21.471973419189453
20889,15.010000228881836,14.196114540100098
20890,20.59000015258789,18.92689323425293
20891,42.900001525878906,40.63932418823242
20892,23.93000030517578,22.241018295288086
20893,19.43000030517578,17.98769760131836
20894,30.81999969482422,28.77842140197754
20895,11.449999809265137,10.916059494018555
20896,2.3499999046325684,1.2999145984649658
20897,46.81999969482422,44.93115997314453
20898,23.8700008392334,21.171056747436523
20899,7.789999961853027,5.174009799957275
20900,23.65999984741211,22.150583267211914
20901,29.940000534057617,29.28858757019043
20902,45.45000076293945,45.70140075683594
20903,14.960000038146973,13.977371215820312
20904,26.25,25.496252059936523
20905,30.06999969482422,29.347238540649414
20906,36.189998626708984,35.13532257080078
20907,19.06999969482422,17.750442504882812
20908,29.3700008392334,26.922630310058594
20909,34.869998931884766,31.80050277709961
20910,47.16999816894531,44.6739501953125
20911,7.099999904632568,7.176937580108643
20912,41.97999954223633,41.01180648803711
20913,45.790000915527344,44.61864471435547
20914,11.1899995803833,10.182522773742676
20915,8.15999984741211,7.831594944000244
20916,8.960000038146973,8.502687454223633
20917,20.920000076293945,19.55702781677246
20918,41.83000183105469,41.89730453491211
20919,26.459999084472656,23.71259117126465
20920,37.29999923706055,37.38884735107422
20921,21.90999984741211,21.331336975097656
20922,11.949999809265137,10.642772674560547
20923,68.86000061035156,68.08114624023438
20924,42.93000030517578,42.320037841796875
20925,37.16999816894531,37.228271484375
20926,17.110000610351562,15.473840713500977
20927,32.970001220703125,32.34426498413086
20928,32.97999954223633,30.977685928344727
20929,10.670000076293945,10.231232643127441
20930,13.75,13.518681526184082
20931,52.36000061035156,51.63077163696289
20932,13.0,12.529651641845703
20933,44.470001220703125,45.094207763671875
20934,11.760000228881836,11.70963191986084
20935,7.829999923706055,5.635071277618408
20936,34.38999938964844,31.675214767456055
20937,38.869998931884766,41.031620025634766
20938,10.34000015258789,9.218400001525879
20939,5.639999866485596,4.602969646453857
20940,30.309999465942383,29.42272186279297
20941,18.06999969482422,15.821135520935059
20942,24.6200008392334,23.21503257751465
20943,33.68000030517578,31.096738815307617
20944,21.889999389648438,19.534048080444336
20945,9.079999923706055,8.713769912719727
20946,25.299999237060547,24.933103561401367
20947,22.68000030517578,22.3883056640625
20948,59.83000183105469,55.12065887451172
20949,7.5,6.490324974060059
20950,36.83000183105469,37.18979263305664
20951,17.34000015258789,16.68914794921875
20952,32.279998779296875,32.62567138671875
20953,34.040000915527344,31.806869506835938
20954,66.83000183105469,64.3471908569336
20955,53.0,50.87269592285156
20956,22.399999618530273,22.140090942382812
20957,20.860000610351562,19.36572265625
20958,9.029999732971191,9.047447204589844
20959,39.04999923706055,34.43125915527344
20960,27.459999084472656,27.9039249420166
20961,26.899999618530273,30.294761657714844
20962,24.68000030517578,23.270261764526367
20963,24.34000015258789,24.49550437927246
20964,56.959999084472656,54.48944854736328
20965,20.440000534057617,20.292743682861328
20966,23.559999465942383,22.36484146118164
20967,52.959999084472656,52.92752456665039
20968,21.3799991607666,19.909061431884766
20969,54.349998474121094,52.394683837890625
20970,25.290000915527344,23.80333709716797
20971,11.859999656677246,11.479937553405762
20972,42.66999816894531,42.344337463378906
20973,47.209999084472656,46.064544677734375
20974,60.86000061035156,56.98283386230469
20975,38.439998626708984,36.027645111083984
20976,26.0,25.302143096923828
20977,39.84000015258789,39.78491973876953
20978,22.920000076293945,22.47917366027832
20979,20.15999984741211,21.281707763671875
20980,42.279998779296875,38.14015197753906
20981,56.650001525878906,55.322330474853516
20982,39.65999984741211,37.20797348022461
20983,33.81999969482422,32.76292037963867
20984,24.020000457763672,21.840240478515625
20985,28.549999237060547,27.348857879638672
20986,70.86000061035156,64.03829956054688
20987,6.699999809265137,6.64315128326416
20988,45.40999984741211,39.355712890625
20989,37.29999923706055,37.79535675048828
20990,6.590000152587891,5.194620132446289
20991,16.770000457763672,19.83921241760254
20992,17.6299991607666,16.070932388305664
20993,28.700000762939453,29.83869171142578
20994,16.290000915527344,14.76726245880127
20995,17.530000686645508,16.590038299560547
20996,11.050000190734863,10.025639533996582
20997,30.639999389648438,29.691102981567383
20998,3.5899999141693115,3.182459831237793
20999,18.610000610351562,18.155353546142578
21000,14.149999618530273,12.350238800048828
21001,14.630000114440918,13.272490501403809
21002,22.329999923706055,21.16120719909668
21003,8.510000228881836,8.14814567565918
21004,22.190000534057617,24.88813591003418
21005,13.350000381469727,12.155315399169922
21006,31.780000686645508,28.56526756286621
21007,32.36000061035156,31.266780853271484
21008,21.280000686645508,21.234365463256836
21009,32.45000076293945,31.723981857299805
21010,33.619998931884766,35.54187774658203
21011,41.27000045776367,41.1439208984375
21012,48.7599983215332,45.49379348754883
21013,40.40999984741211,39.112701416015625
21014,1.659999966621399,3.2420592308044434
21015,24.540000915527344,21.925079345703125
21016,64.66999816894531,64.95455169677734
21017,56.310001373291016,55.29811477661133
21018,49.02000045776367,50.03037643432617
21019,52.560001373291016,51.46614456176758
21020,28.40999984741211,27.162036895751953
21021,15.779999732971191,16.111125946044922
21022,52.459999084472656,49.819610595703125
21023,52.68000030517578,49.20149612426758
21024,24.520000457763672,24.26262855529785
21025,16.110000610351562,15.634363174438477
21026,21.5,20.039352416992188
21027,46.189998626708984,42.77198791503906
21028,32.5,30.68065071105957
21029,7.019999980926514,5.863731384277344
21030,59.060001373291016,56.00177764892578
21031,30.030000686645508,29.411890029907227
21032,5.949999809265137,5.879072189331055
21033,37.52000045776367,35.76178741455078
21034,25.450000762939453,27.330642700195312
21035,45.130001068115234,43.3973274230957
21036,21.100000381469727,20.506267547607422
21037,58.7599983215332,58.08965301513672
21038,9.289999961853027,8.736266136169434
21039,30.219999313354492,26.61277198791504
21040,20.6299991607666,18.74141502380371
21041,40.560001373291016,36.30997085571289
21042,31.93000030517578,31.63853645324707
21043,16.0,14.84012508392334
21044,65.04000091552734,61.602500915527344
21045,5.340000152587891,4.254199504852295
21046,16.010000228881836,15.016056060791016
21047,27.520000457763672,26.68640899658203
21048,14.649999618530273,14.049311637878418
21049,29.670000076293945,29.03896141052246
21050,42.52000045776367,38.816078186035156
21051,24.1200008392334,32.074920654296875
21052,24.059999465942383,17.08539581298828
21053,44.290000915527344,43.64888000488281
21054,36.06999969482422,36.21452331542969
21055,33.959999084472656,30.743324279785156
21056,16.959999084472656,15.780867576599121
21057,31.989999771118164,27.864320755004883
21058,15.649999618530273,14.434717178344727
21059,21.6299991607666,19.945232391357422
21060,77.33999633789062,75.46524047851562
21061,12.390000343322754,12.315007209777832
21062,7.010000228881836,5.92502498626709
21063,12.4399995803833,10.543241500854492
21064,23.889999389648438,21.94515609741211
21065,37.189998626708984,34.859405517578125
21066,32.349998474121094,26.456344604492188
21067,8.399999618530273,6.9165778160095215
21068,46.560001373291016,42.97290802001953
21069,28.100000381469727,27.010845184326172
21070,42.95000076293945,36.76504135131836
21071,24.540000915527344,23.79018783569336
21072,55.279998779296875,57.05257034301758
21073,31.8700008392334,31.478626251220703
21074,10.819999694824219,11.39637565612793
21075,6.610000133514404,4.563971042633057
21076,34.4900016784668,34.4698486328125
21077,13.470000267028809,12.558524131774902
21078,33.56999969482422,32.781978607177734
21079,48.220001220703125,43.56087875366211
21080,51.209999084472656,52.36629104614258
21081,13.170000076293945,12.53386116027832
21082,13.119999885559082,12.61068058013916
21083,22.559999465942383,21.846324920654297
21084,34.709999084472656,33.84745788574219
21085,15.40999984741211,14.333624839782715
21086,47.68000030517578,48.759979248046875
21087,40.54999923706055,38.545005798339844
21088,26.6200008392334,23.986984252929688
21089,41.06999969482422,40.42144775390625
21090,14.460000038146973,13.914584159851074
21091,5.099999904632568,4.247513771057129
21092,16.280000686645508,15.15670394897461
21093,31.690000534057617,30.931230545043945
21094,42.18000030517578,40.411346435546875
21095,48.7400016784668,47.648555755615234
21096,25.030000686645508,23.79415512084961
21097,68.13999938964844,59.4171028137207
21098,60.5099983215332,57.32307434082031
21099,39.959999084472656,37.482421875
21100,18.170000076293945,17.280405044555664
21101,21.610000610351562,20.995603561401367
21102,27.549999237060547,28.24652671813965
21103,10.279999732971191,9.750724792480469
21104,10.890000343322754,9.559430122375488
21105,20.459999084472656,19.060991287231445
21106,13.300000190734863,13.827262878417969
21107,15.40999984741211,14.002954483032227
21108,21.389999389648438,21.110149383544922
21109,8.319999694824219,7.942201614379883
21110,3.609999895095825,2.943899154663086
21111,19.780000686645508,18.749679565429688
21112,4.039999961853027,3.4257681369781494
21113,8.8100004196167,8.160818099975586
21114,29.299999237060547,27.77285385131836
21115,33.459999084472656,32.723087310791016
21116,62.41999816894531,60.552207946777344
21117,6.039999961853027,4.941370964050293
21118,73.29000091552734,68.0235366821289
21119,30.799999237060547,31.941354751586914
21120,41.040000915527344,41.32686996459961
21121,33.720001220703125,32.94779968261719
21122,12.3100004196167,10.176462173461914
21123,26.950000762939453,25.90161895751953
21124,2.700000047683716,1.7007259130477905
21125,71.51000213623047,69.58473205566406
21126,39.29999923706055,41.434051513671875
21127,17.200000762939453,14.409274101257324
21128,30.90999984741211,30.66576385498047
21129,23.920000076293945,22.166467666625977
21130,21.739999771118164,20.81220245361328
21131,28.329999923706055,25.980512619018555
21132,57.29999923706055,55.933799743652344
21133,17.889999389648438,16.440940856933594
21134,9.199999809265137,7.732359409332275
21135,23.1200008392334,22.151111602783203
21136,34.959999084472656,34.27375030517578
21137,30.790000915527344,28.17414093017578
21138,36.540000915527344,34.863800048828125
21139,12.140000343322754,11.327676773071289
21140,54.20000076293945,49.6241569519043
21141,33.939998626708984,30.45979881286621
21142,37.349998474121094,33.948177337646484
21143,26.15999984741211,26.304489135742188
21144,7.389999866485596,6.518087387084961
21145,59.66999816894531,53.93754577636719
21146,21.690000534057617,19.392864227294922
21147,42.93000030517578,41.33341979980469
21148,40.790000915527344,39.22550964355469
21149,36.84000015258789,33.258087158203125
21150,10.960000038146973,10.483064651489258
21151,56.27000045776367,58.33708953857422
21152,45.47999954223633,44.85685348510742
21153,13.470000267028809,12.55018424987793
21154,20.219999313354492,19.423381805419922
21155,11.050000190734863,10.04345989227295
21156,5.170000076293945,4.4495673179626465
21157,17.579999923706055,16.54802894592285
21158,50.349998474121094,48.55451583862305
21159,16.610000610351562,14.44613265991211
21160,31.239999771118164,28.916637420654297
21161,21.68000030517578,19.02577781677246
21162,24.3700008392334,23.35210418701172
21163,36.86000061035156,35.15571594238281
21164,19.43000030517578,18.12114715576172
21165,25.059999465942383,24.04190444946289
21166,20.690000534057617,19.562400817871094
21167,26.780000686645508,24.47258758544922
21168,8.050000190734863,8.640929222106934
21169,30.520000457763672,29.19508171081543
21170,22.06999969482422,20.84766387939453
21171,12.510000228881836,12.77341365814209
21172,2.940000057220459,2.0919008255004883
21173,36.29999923706055,38.34126663208008
21174,32.34000015258789,30.20216178894043
21175,33.08000183105469,31.74102020263672
21176,6.329999923706055,4.2724199295043945
21177,12.65999984741211,12.115609169006348
21178,19.1299991607666,17.051105499267578
21179,74.88999938964844,73.70770263671875
21180,10.25,8.962021827697754
21181,2.6500000953674316,1.613264799118042
21182,7.940000057220459,7.316093444824219
21183,22.520000457763672,22.356678009033203
21184,19.200000762939453,19.444337844848633
21185,36.36000061035156,32.57456970214844
21186,7.28000020980835,6.665958404541016
21187,25.139999389648438,24.684478759765625
21188,23.8700008392334,23.57432746887207
21189,13.180000305175781,12.410077095031738
21190,21.0,20.66107177734375
21191,12.84000015258789,11.686708450317383
21192,24.75,24.967090606689453
21193,25.059999465942383,23.960783004760742
21194,6.449999809265137,6.688103199005127
21195,41.33000183105469,40.284339904785156
21196,7.539999961853027,7.04428768157959
21197,35.13999938964844,34.17664337158203
21198,78.13999938964844,73.9543228149414
21199,31.139999389648438,28.75899887084961
21200,34.27000045776367,35.53925704956055
21201,32.0,28.716510772705078
21202,18.06999969482422,15.934335708618164
21203,52.880001068115234,50.31147003173828
21204,10.930000305175781,9.728510856628418
21205,45.41999816894531,44.86953353881836
21206,38.29999923706055,41.008087158203125
21207,48.0099983215332,48.312583923339844
21208,19.68000030517578,19.367341995239258
21209,26.360000610351562,25.075542449951172
21210,44.22999954223633,44.58233642578125
21211,23.770000457763672,22.592979431152344
21212,17.270000457763672,15.822822570800781
21213,29.649999618530273,28.21969985961914
21214,18.700000762939453,17.705482482910156
21215,18.600000381469727,16.962997436523438
21216,25.360000610351562,25.56675148010254
21217,7.710000038146973,7.106875419616699
21218,67.55999755859375,59.8807487487793
21219,29.6200008392334,30.617889404296875
21220,28.040000915527344,27.414413452148438
21221,20.5,19.439250946044922
21222,3.3499999046325684,2.171145439147949
21223,14.510000228881836,13.086089134216309
21224,16.530000686645508,13.064449310302734
21225,25.780000686645508,25.035818099975586
21226,32.18000030517578,32.89503860473633
21227,60.119998931884766,56.61808776855469
21228,33.970001220703125,32.46844482421875
21229,31.899999618530273,30.16162872314453
21230,21.739999771118164,22.9901123046875
21231,40.560001373291016,40.6312255859375
21232,5.690000057220459,5.014164924621582
21233,12.649999618530273,11.643112182617188
21234,46.099998474121094,43.52540588378906
21235,18.719999313354492,16.610008239746094
21236,13.859999656677246,12.4342041015625
21237,27.770000457763672,26.15867042541504
21238,40.97999954223633,40.18992614746094
21239,31.469999313354492,30.8314208984375
21240,26.829999923706055,25.21073341369629
21241,32.20000076293945,30.39535140991211
21242,39.90999984741211,38.95559310913086
21243,28.549999237060547,26.9927978515625
21244,46.0099983215332,46.8108024597168
21245,47.13999938964844,45.2137336730957
21246,14.75,14.96710205078125
21247,14.680000305175781,12.76108455657959
21248,64.4000015258789,61.722503662109375
21249,11.600000381469727,10.835735321044922
21250,55.290000915527344,55.7595100402832
21251,53.13999938964844,54.797645568847656
21252,22.809999465942383,22.54823112487793
21253,2.0799999237060547,1.9354026317596436
21254,13.59000015258789,13.022729873657227
21255,9.829999923706055,9.096282005310059
21256,29.559999465942383,27.86096954345703
21257,22.899999618530273,21.81730842590332
21258,25.479999542236328,26.088390350341797
21259,16.079999923706055,15.651773452758789
21260,6.789999961853027,5.052798271179199
21261,14.069999694824219,13.021775245666504
21262,40.619998931884766,40.02349853515625
21263,32.34000015258789,29.73326873779297
21264,23.31999969482422,22.30385971069336
21265,37.65999984741211,34.21965408325195
21266,21.68000030517578,19.679105758666992
21267,40.619998931884766,41.16252517700195
21268,40.540000915527344,39.94135665893555
21269,7.710000038146973,6.883056163787842
21270,11.069999694824219,9.924341201782227
21271,3.4800000190734863,3.4043519496917725
21272,49.97999954223633,49.053531646728516
21273,37.790000915527344,37.07384490966797
21274,24.989999771118164,25.030214309692383
21275,32.5099983215332,34.47571563720703
21276,34.099998474121094,34.35772705078125
21277,64.51000213623047,56.1319580078125
21278,25.399999618530273,25.170862197875977
21279,61.310001373291016,64.15789031982422
21280,17.190000534057617,16.377656936645508
21281,13.579999923706055,12.703849792480469
21282,36.040000915527344,35.2917366027832
21283,33.060001373291016,34.28858947753906
21284,19.860000610351562,19.777477264404297
21285,43.459999084472656,44.334049224853516
21286,22.190000534057617,21.671049118041992
21287,1.659999966621399,2.0629918575286865
21288,17.729999542236328,17.044757843017578
21289,35.130001068115234,36.42448806762695
21290,34.56999969482422,34.660648345947266
21291,46.150001525878906,45.07682800292969
21292,12.210000038146973,11.283699035644531
21293,60.119998931884766,53.000694274902344
21294,8.140000343322754,8.409845352172852
21295,20.170000076293945,18.743610382080078
21296,6.230000019073486,5.139255046844482
21297,24.8799991607666,22.703596115112305
21298,25.299999237060547,24.090330123901367
21299,28.010000228881836,26.31443214416504
21300,23.59000015258789,21.208499908447266
21301,34.40999984741211,30.88514518737793
21302,25.719999313354492,25.229259490966797
21303,24.34000015258789,21.71937370300293
21304,10.390000343322754,9.878995895385742
21305,33.040000915527344,34.72193908691406
21306,16.149999618530273,14.820941925048828
21307,61.689998626708984,61.98887634277344
21308,7.070000171661377,6.422265529632568
21309,58.130001068115234,57.28947448730469
21310,30.639999389648438,29.301162719726562
21311,15.3100004196167,14.034717559814453
21312,13.369999885559082,12.256958961486816
21313,71.2300033569336,67.8804931640625
21314,23.31999969482422,21.88773536682129
21315,27.93000030517578,27.8875675201416
21316,38.689998626708984,37.09075164794922
21317,27.15999984741211,26.06528663635254
21318,11.300000190734863,11.453116416931152
21319,6.760000228881836,3.082333564758301
21320,24.989999771118164,22.52712631225586
21321,22.809999465942383,20.892751693725586
21322,40.689998626708984,44.413780212402344
21323,54.11000061035156,54.609825134277344
21324,21.979999542236328,20.484970092773438
21325,21.700000762939453,21.459651947021484
21326,7.829999923706055,6.571523189544678
21327,43.11000061035156,43.33100128173828
21328,15.199999809265137,13.753238677978516
21329,25.68000030517578,24.346162796020508
21330,52.84000015258789,45.64010238647461
21331,5.869999885559082,2.5693840980529785
21332,15.539999961853027,13.782519340515137
21333,50.38999938964844,52.131858825683594
21334,20.920000076293945,17.389522552490234
21335,38.400001525878906,38.30156326293945
21336,40.02000045776367,37.84857177734375
21337,25.850000381469727,27.213645935058594
21338,30.850000381469727,30.669174194335938
21339,13.229999542236328,12.356106758117676
21340,8.819999694824219,10.57973575592041
21341,24.239999771118164,22.773574829101562
21342,46.119998931884766,42.911251068115234
21343,13.8100004196167,12.250173568725586
21344,34.470001220703125,33.55204772949219
21345,42.22999954223633,40.65843200683594
21346,9.90999984741211,9.619364738464355
21347,20.219999313354492,19.709318161010742
21348,25.93000030517578,26.003948211669922
21349,11.350000381469727,11.583296775817871
21350,44.0099983215332,41.245975494384766
21351,41.279998779296875,40.1961669921875
21352,12.880000114440918,10.167037010192871
21353,37.439998626708984,36.17401123046875
21354,20.020000457763672,19.135692596435547
21355,7.570000171661377,5.9183502197265625
21356,15.0600004196167,13.948097229003906
21357,17.139999389648438,15.87195110321045
21358,30.040000915527344,29.66352081298828
21359,10.729999542236328,9.189970016479492
21360,39.33000183105469,38.730247497558594
21361,22.229999542236328,22.2733154296875
21362,27.899999618530273,26.229476928710938
21363,15.260000228881836,15.411191940307617
21364,28.93000030517578,27.754581451416016
21365,23.049999237060547,22.211692810058594
21366,39.61000061035156,39.344242095947266
21367,23.110000610351562,21.010337829589844
21368,54.540000915527344,54.69314956665039
21369,11.760000228881836,11.250977516174316
21370,58.459999084472656,60.42135238647461
21371,9.15999984741211,8.304015159606934
21372,28.760000228881836,29.50504493713379
21373,21.639999389648438,20.7694091796875
21374,14.510000228881836,13.127784729003906
21375,13.5,12.542441368103027
21376,11.989999771118164,10.399853706359863
21377,9.600000381469727,9.496246337890625
21378,42.5,39.709739685058594
21379,46.540000915527344,44.436241149902344
21380,7.739999771118164,6.386725425720215
21381,16.719999313354492,15.622599601745605
21382,28.100000381469727,25.71920394897461
21383,37.380001068115234,35.14654541015625
21384,72.12000274658203,68.93785858154297
21385,11.40999984741211,10.785906791687012
21386,55.7400016784668,52.36258316040039
21387,38.099998474121094,36.74374008178711
21388,28.81999969482422,28.147003173828125
21389,7.300000190734863,6.290717601776123
21390,50.84000015258789,52.663883209228516
21391,43.47999954223633,42.54773712158203
21392,39.06999969482422,35.76352310180664
21393,19.260000228881836,17.75946617126465
21394,19.040000915527344,18.839139938354492
21395,20.559999465942383,18.679426193237305
21396,24.549999237060547,21.633808135986328
21397,8.84000015258789,4.690704822540283
21398,47.08000183105469,43.798683166503906
21399,58.02000045776367,54.287933349609375
21400,14.319999694824219,12.456177711486816
21401,4.820000171661377,4.098121643066406
21402,19.850000381469727,18.881149291992188
21403,24.559999465942383,23.06500816345215
21404,48.130001068115234,49.72121047973633
21405,41.38999938964844,43.31385040283203
21406,24.950000762939453,23.70586395263672
21407,3.8399999141693115,2.9786415100097656
21408,2.75,2.376875638961792
21409,49.52000045776367,49.54735565185547
21410,43.18000030517578,40.92280197143555
21411,29.93000030517578,30.023662567138672
21412,25.600000381469727,28.30279541015625
21413,19.059999465942383,17.67024803161621
21414,52.189998626708984,48.69874954223633
21415,68.5199966430664,66.93269348144531
21416,51.849998474121094,47.333587646484375
21417,14.829999923706055,13.720987319946289
21418,25.280000686645508,25.23502540588379
21419,10.0,9.820716857910156
21420,40.45000076293945,37.06819534301758
21421,17.34000015258789,16.272254943847656
21422,16.06999969482422,14.853557586669922
21423,12.619999885559082,12.442561149597168
21424,12.029999732971191,11.797501564025879
21425,8.170000076293945,7.576179504394531
21426,21.450000762939453,20.540081024169922
21427,16.579999923706055,16.06511116027832
21428,22.350000381469727,20.980173110961914
21429,52.36000061035156,53.012351989746094
21430,47.099998474121094,44.899105072021484
21431,37.130001068115234,39.286441802978516
21432,23.6200008392334,24.661701202392578
21433,35.68000030517578,34.99173355102539
21434,22.100000381469727,19.568456649780273
21435,15.399999618530273,14.60163402557373
21436,62.08000183105469,62.69038772583008
21437,41.459999084472656,42.15724563598633
21438,32.93000030517578,31.35639762878418
21439,7.210000038146973,7.346687316894531
21440,9.1899995803833,9.15740966796875
21441,21.530000686645508,18.721435546875
21442,45.900001525878906,44.64860153198242
21443,52.33000183105469,51.07780838012695
21444,31.75,33.62423324584961
21445,26.850000381469727,24.734603881835938
21446,19.030000686645508,16.41156578063965
21447,12.710000038146973,11.301794052124023
21448,45.22999954223633,43.24689483642578
21449,22.770000457763672,20.33993911743164
21450,36.18000030517578,32.71786117553711
21451,40.09000015258789,40.62548828125
21452,37.38999938964844,36.14839172363281
21453,19.700000762939453,18.56869125366211
21454,28.520000457763672,26.279964447021484
21455,19.469999313354492,18.789552688598633
21456,19.950000762939453,20.561033248901367
21457,17.899999618530273,21.648378372192383
21458,24.309999465942383,26.19512176513672
21459,15.09000015258789,13.033246994018555
21460,10.149999618530273,11.42394733428955
21461,15.09000015258789,14.208280563354492
21462,25.360000610351562,24.307741165161133
21463,26.389999389648438,25.96440887451172
21464,13.050000190734863,12.706456184387207
21465,14.260000228881836,13.787137031555176
21466,31.979999542236328,31.76549530029297
21467,30.260000228881836,29.484302520751953
21468,31.950000762939453,31.654165267944336
21469,23.450000762939453,24.542156219482422
21470,6.579999923706055,6.6984782218933105
21471,25.719999313354492,23.887527465820312
21472,2.3499999046325684,1.7363337278366089
21473,4.829999923706055,3.783107280731201
21474,37.290000915527344,37.205318450927734
21475,77.20999908447266,74.32682800292969
21476,27.780000686645508,26.087539672851562
21477,17.440000534057617,15.998493194580078
21478,39.349998474121094,38.607723236083984
21479,29.530000686645508,29.690753936767578
21480,20.489999771118164,18.908660888671875
21481,35.790000915527344,31.79121971130371
21482,20.770000457763672,20.805261611938477
21483,3.25,2.762831449508667
21484,44.5099983215332,34.59269714355469
21485,20.610000610351562,20.31220245361328
21486,17.360000610351562,15.85593318939209
21487,22.479999542236328,21.998144149780273
21488,32.560001373291016,30.391387939453125
21489,7.550000190734863,7.303096294403076
21490,12.15999984741211,11.03209114074707
21491,32.72999954223633,32.58365249633789
21492,19.610000610351562,19.17159652709961
21493,24.229999542236328,23.557239532470703
21494,45.04999923706055,37.17059326171875
21495,22.3700008392334,21.3637752532959
21496,29.559999465942383,28.479936599731445
21497,47.150001525878906,46.076419830322266
21498,34.68000030517578,35.299442291259766
21499,20.18000030517578,18.904199600219727
21500,3.359999895095825,1.9203566312789917
21501,49.59000015258789,49.26225662231445
21502,37.349998474121094,34.93189239501953
21503,4.820000171661377,3.606870412826538
21504,25.360000610351562,23.65250587463379
21505,27.579999923706055,28.105079650878906
21506,27.489999771118164,24.896799087524414
21507,21.84000015258789,21.189197540283203
21508,23.84000015258789,21.688194274902344
21509,55.31999969482422,60.695220947265625
21510,47.720001220703125,51.484893798828125
21511,41.310001373291016,42.554866790771484
21512,6.03000020980835,5.330532550811768
21513,16.700000762939453,15.261425971984863
21514,42.040000915527344,41.030250549316406
21515,29.040000915527344,27.068286895751953
21516,27.079999923706055,26.49215316772461
21517,23.649999618530273,21.003150939941406
21518,37.06999969482422,33.038841247558594
21519,42.75,39.34617233276367
21520,38.04999923706055,36.9183235168457
21521,24.899999618530273,23.27528190612793
21522,35.5099983215332,36.225074768066406
21523,12.920000076293945,12.872406959533691
21524,53.13999938964844,51.77259063720703
21525,15.6899995803833,14.474878311157227
21526,55.060001373291016,50.90298843383789
21527,47.959999084472656,47.355472564697266
21528,24.56999969482422,23.469989776611328
21529,3.3499999046325684,1.9629936218261719
21530,23.489999771118164,21.661090850830078
21531,34.68000030517578,32.108985900878906
21532,7.139999866485596,6.795328617095947
21533,19.31999969482422,17.781282424926758
21534,32.810001373291016,31.101165771484375
21535,55.209999084472656,55.31864929199219
21536,39.0099983215332,36.517982482910156
21537,45.689998626708984,41.95173645019531
21538,14.640000343322754,13.687185287475586
21539,32.95000076293945,33.715675354003906
21540,69.5999984741211,69.24114990234375
21541,52.72999954223633,50.953514099121094
21542,3.5799999237060547,3.1857833862304688
21543,25.43000030517578,23.38054084777832
21544,16.93000030517578,15.271735191345215
21545,18.520000457763672,16.4003849029541
21546,70.61000061035156,71.90337371826172
21547,26.489999771118164,24.6865177154541
21548,26.770000457763672,27.59505844116211
21549,14.020000457763672,13.038359642028809
21550,17.06999969482422,15.703417778015137
21551,49.2400016784668,49.606475830078125
21552,38.9900016784668,40.896080017089844
21553,20.920000076293945,20.015094757080078
21554,35.84000015258789,34.48134994506836
21555,27.229999542236328,28.33976173400879
21556,36.720001220703125,38.663475036621094
21557,21.149999618530273,19.942834854125977
21558,62.029998779296875,65.68234252929688
21559,12.34000015258789,12.46394157409668
21560,56.90999984741211,59.50199890136719
21561,32.880001068115234,32.24855422973633
21562,29.8700008392334,26.35015869140625
21563,54.779998779296875,50.563941955566406
21564,11.130000114440918,9.674306869506836
21565,33.599998474121094,32.034149169921875
21566,26.6200008392334,24.76457977294922
21567,29.360000610351562,27.991052627563477
21568,30.270000457763672,28.088375091552734
21569,16.600000381469727,15.308966636657715
21570,15.699999809265137,14.646350860595703
21571,32.7400016784668,31.350448608398438
21572,27.209999084472656,26.575109481811523
21573,33.279998779296875,31.67127227783203
21574,13.819999694824219,12.401951789855957
21575,28.389999389648438,27.774551391601562
21576,12.149999618530273,12.631329536437988
21577,10.140000343322754,10.048293113708496
21578,39.77000045776367,37.73570251464844
21579,15.25,14.543066024780273
21580,21.770000457763672,21.22113037109375
21581,19.260000228881836,18.55810546875
21582,16.540000915527344,15.022980690002441
21583,41.720001220703125,45.033203125
21584,28.020000457763672,28.5446720123291
21585,37.0099983215332,36.37509536743164
21586,20.079999923706055,18.59560775756836
21587,61.279998779296875,63.64621353149414
21588,53.41999816894531,52.670772552490234
21589,16.6299991607666,15.415304183959961
21590,45.939998626708984,45.124000549316406
21591,3.450000047683716,2.277513027191162
21592,6.610000133514404,6.978610038757324
21593,6.46999979019165,6.263550281524658
21594,17.139999389648438,16.878999710083008
21595,9.210000038146973,7.830551624298096
21596,32.810001373291016,31.30019760131836
21597,4.369999885559082,3.280139923095703
21598,32.61000061035156,31.477012634277344
21599,2.680000066757202,1.3927842378616333
21600,32.040000915527344,33.122589111328125
21601,40.380001068115234,37.277740478515625
21602,6.739999771118164,7.075376987457275
21603,22.079999923706055,21.109756469726562
21604,19.979999542236328,19.018199920654297
21605,16.469999313354492,16.55949592590332
21606,23.290000915527344,21.90720558166504
21607,37.529998779296875,34.512638092041016
21608,20.809999465942383,18.745481491088867
21609,17.959999084472656,17.484582901000977
21610,24.489999771118164,22.059329986572266
21611,16.420000076293945,15.51471996307373
21612,9.449999809265137,8.792902946472168
21613,17.540000915527344,17.535802841186523
21614,34.7400016784668,34.91988754272461
21615,31.190000534057617,29.677597045898438
21616,15.800000190734863,14.805007934570312
21617,56.16999816894531,53.3964729309082
21618,59.310001373291016,58.136817932128906
21619,23.579999923706055,21.857603073120117
21620,49.29999923706055,51.91108703613281
21621,30.59000015258789,30.134296417236328
21622,16.200000762939453,15.14083194732666
21623,31.6200008392334,27.683128356933594
21624,4.360000133514404,3.335378885269165
21625,38.11000061035156,37.42774963378906
21626,4.809999942779541,3.3227176666259766
21627,37.369998931884766,35.683326721191406
21628,18.579999923706055,17.262317657470703
21629,42.06999969482422,41.962867736816406
21630,14.970000267028809,14.847373008728027
21631,13.239999771118164,12.2056303024292
21632,35.849998474121094,33.957130432128906
21633,41.5,44.29115295410156
21634,13.130000114440918,12.263426780700684
21635,30.700000762939453,29.55158042907715
21636,21.489999771118164,19.881986618041992
21637,12.819999694824219,11.434300422668457
21638,75.56999969482422,63.978118896484375
21639,66.79000091552734,66.12814331054688
21640,58.75,61.04513931274414
21641,5.230000019073486,3.718517541885376
21642,16.6299991607666,15.918212890625
21643,33.93000030517578,32.87928009033203
21644,17.739999771118164,16.300939559936523
21645,11.1899995803833,9.737441062927246
21646,51.75,49.05638122558594
21647,1.909999966621399,1.4085427522659302
21648,39.720001220703125,38.260616302490234
21649,30.309999465942383,30.175159454345703
21650,12.359999656677246,11.996927261352539
21651,31.469999313354492,28.761842727661133
21652,22.969999313354492,24.221982955932617
21653,75.66000366210938,77.63351440429688
21654,26.559999465942383,25.08885955810547
21655,62.88999938964844,62.690216064453125
21656,8.270000457763672,8.569535255432129
21657,34.529998779296875,32.80971145629883
21658,4.519999980926514,3.778562307357788
21659,67.7699966430664,66.3104476928711
21660,8.869999885559082,9.374401092529297
21661,37.119998931884766,35.71542739868164
21662,59.560001373291016,59.58100891113281
21663,22.860000610351562,22.47881507873535
21664,21.329999923706055,20.114192962646484
21665,23.3799991607666,21.77546501159668
21666,12.510000228881836,11.877605438232422
21667,20.229999542236328,18.572141647338867
21668,54.58000183105469,51.10769271850586
21669,12.75,12.120590209960938
21670,29.719999313354492,28.13036346435547
21671,16.760000228881836,16.086223602294922
21672,41.849998474121094,40.5982666015625
21673,36.40999984741211,37.361236572265625
21674,16.600000381469727,16.427082061767578
21675,19.809999465942383,19.949596405029297
21676,32.619998931884766,30.43047523498535
21677,4.860000133514404,2.4020824432373047
21678,68.16000366210938,63.86285400390625
21679,39.209999084472656,39.224674224853516
21680,30.690000534057617,28.04619598388672
21681,24.959999084472656,25.741443634033203
21682,24.829999923706055,28.050336837768555
21683,34.709999084472656,38.163238525390625
21684,3.2799999713897705,1.6225018501281738
21685,27.6200008392334,27.119186401367188
21686,48.540000915527344,43.79649353027344
21687,32.72999954223633,33.92571258544922
21688,10.15999984741211,8.440397262573242
21689,12.300000190734863,8.399927139282227
21690,36.459999084472656,38.424556732177734
21691,9.180000305175781,8.711163520812988
21692,12.84000015258789,10.84156608581543
21693,9.789999961853027,8.943818092346191
21694,23.969999313354492,22.749269485473633
21695,27.690000534057617,27.182804107666016
21696,3.9100000858306885,3.0923449993133545
21697,8.59000015258789,3.561020851135254
21698,13.569999694824219,13.10681438446045
21699,23.700000762939453,21.52948760986328
21700,28.1299991607666,26.332704544067383
21701,26.90999984741211,25.536354064941406
21702,37.2599983215332,37.408912658691406
21703,46.849998474121094,44.8868293762207
21704,67.54000091552734,69.55497741699219
21705,44.869998931884766,44.40953063964844
21706,51.93000030517578,44.87952423095703
21707,9.59000015258789,9.050025939941406
21708,21.760000228881836,22.245136260986328
21709,13.470000267028809,12.617341995239258
21710,62.099998474121094,59.88344192504883
21711,19.0,18.163606643676758
21712,39.540000915527344,37.70838165283203
21713,20.579999923706055,20.52315330505371
21714,49.970001220703125,47.637786865234375
21715,53.220001220703125,52.352108001708984
21716,22.139999389648438,20.769794464111328
21717,60.810001373291016,60.586856842041016
21718,32.349998474121094,30.444122314453125
21719,14.289999961853027,13.407058715820312
21720,43.709999084472656,41.14391326904297
21721,45.630001068115234,44.24761962890625
21722,23.350000381469727,23.98904800415039
21723,58.75,57.325382232666016
21724,31.799999237060547,30.20760726928711
21725,11.319999694824219,10.517881393432617
21726,23.989999771118164,22.051973342895508
21727,16.200000762939453,14.843360900878906
21728,53.18000030517578,50.066184997558594
21729,56.029998779296875,56.50539016723633
21730,24.3799991607666,24.0006046295166
21731,46.34000015258789,46.542816162109375
21732,32.689998626708984,30.927349090576172
21733,25.299999237060547,29.749122619628906
21734,40.31999969482422,37.107444763183594
21735,77.5,70.56393432617188
21736,28.59000015258789,28.104267120361328
21737,29.309999465942383,28.58919334411621
21738,25.079999923706055,23.89300537109375
21739,29.690000534057617,27.43498420715332
21740,49.400001525878906,47.230167388916016
21741,3.930000066757202,2.350933313369751
21742,63.09000015258789,60.357975006103516
21743,12.880000114440918,11.883756637573242
21744,11.0600004196167,9.796004295349121
21745,18.260000228881836,17.664533615112305
21746,23.389999389648438,21.215959548950195
21747,30.649999618530273,30.893619537353516
21748,24.639999389648438,22.984920501708984
21749,37.099998474121094,30.986839294433594
21750,13.020000457763672,12.201310157775879
21751,29.399999618530273,26.503131866455078
21752,38.439998626708984,35.63358688354492
21753,23.31999969482422,22.000274658203125
21754,18.93000030517578,13.755500793457031
21755,60.56999969482422,64.11981964111328
21756,30.18000030517578,28.712467193603516
21757,25.43000030517578,26.292755126953125
21758,76.33999633789062,76.64970397949219
21759,12.34000015258789,11.209436416625977
21760,38.08000183105469,37.69291687011719
21761,39.38999938964844,37.66409683227539
21762,47.13999938964844,47.723838806152344
21763,28.25,23.10811424255371
21764,9.329999923706055,6.694431304931641
21765,14.930000305175781,13.406853675842285
21766,32.45000076293945,30.972103118896484
21767,8.359999656677246,3.7471771240234375
21768,48.5099983215332,47.4646110534668
21769,5.809999942779541,4.288173198699951
21770,17.520000457763672,16.839475631713867
21771,23.06999969482422,20.397735595703125
21772,44.09000015258789,44.215980529785156
21773,34.810001373291016,36.210540771484375
21774,37.93000030517578,35.66014099121094
21775,12.369999885559082,11.635522842407227
21776,32.400001525878906,26.413251876831055
21777,18.149999618530273,17.712326049804688
21778,5.150000095367432,6.623288154602051
21779,25.010000228881836,25.66919708251953
21780,42.13999938964844,38.570762634277344
21781,33.599998474121094,30.55649185180664
21782,53.529998779296875,49.41161346435547
21783,39.5099983215332,39.10444259643555
21784,8.539999961853027,7.770574569702148
21785,31.920000076293945,30.46564292907715
21786,30.979999542236328,28.1293888092041
21787,27.639999389648438,27.416278839111328
21788,40.2400016784668,42.15214920043945
21789,22.34000015258789,22.896326065063477
21790,74.83000183105469,73.42337799072266
21791,39.459999084472656,36.81707000732422
21792,31.389999389648438,30.264970779418945
21793,41.83000183105469,40.898277282714844
21794,47.93000030517578,47.64595413208008
21795,14.829999923706055,13.25136661529541
21796,14.819999694824219,13.25927734375
21797,10.90999984741211,10.472559928894043
21798,11.989999771118164,11.640995025634766
21799,72.04000091552734,72.08897399902344
21800,17.770000457763672,16.56505584716797
21801,51.9900016784668,51.401309967041016
21802,2.7200000286102295,2.3191893100738525
21803,9.8100004196167,8.972057342529297
21804,3.3299999237060547,3.159111499786377
21805,9.930000305175781,8.508084297180176
21806,35.41999816894531,33.98512268066406
21807,49.709999084472656,47.32613754272461
21808,44.84000015258789,43.6216926574707
21809,7.53000020980835,6.81858491897583
21810,32.119998931884766,30.707683563232422
21811,17.43000030517578,16.44162368774414
21812,5.369999885559082,4.784491062164307
21813,31.06999969482422,33.481727600097656
21814,12.460000038146973,11.727049827575684
21815,11.520000457763672,10.591451644897461
21816,19.969999313354492,19.596078872680664
21817,15.600000381469727,15.085081100463867
21818,13.859999656677246,13.064903259277344
21819,43.5,39.94853591918945
21820,30.950000762939453,28.964508056640625
21821,39.810001373291016,40.445552825927734
21822,14.5600004196167,12.752687454223633
21823,27.93000030517578,26.500104904174805
21824,22.190000534057617,20.567371368408203
21825,68.70999908447266,67.20269775390625
21826,23.959999084472656,22.19247817993164
21827,16.84000015258789,15.263825416564941
21828,20.389999389648438,20.358802795410156
21829,48.56999969482422,46.85832595825195
21830,55.810001373291016,53.95722579956055
21831,15.25,16.240198135375977
21832,25.0,25.549646377563477
21833,7.070000171661377,7.513388156890869
21834,32.279998779296875,31.2839412689209
21835,36.33000183105469,33.9716796875
21836,10.800000190734863,10.108856201171875
21837,33.54999923706055,32.165611267089844
21838,18.670000076293945,17.053861618041992
21839,14.359999656677246,12.436123847961426
21840,50.709999084472656,49.553184509277344
21841,34.25,31.973472595214844
21842,10.079999923706055,9.967610359191895
21843,22.459999084472656,20.796735763549805
21844,48.47999954223633,45.98297882080078
21845,23.809999465942383,21.94506072998047
21846,63.97999954223633,60.552818298339844
21847,18.979999542236328,21.600868225097656
21848,7.75,6.998507022857666
21849,11.029999732971191,10.19326400756836
21850,45.560001373291016,44.928707122802734
21851,15.84000015258789,15.603578567504883
21852,33.95000076293945,34.89020919799805
21853,35.4900016784668,33.43657302856445
21854,13.020000457763672,12.466658592224121
21855,38.97999954223633,35.44990539550781
21856,8.8100004196167,8.912271499633789
21857,11.520000457763672,11.229619026184082
21858,18.950000762939453,17.99008560180664
21859,10.460000038146973,8.415661811828613
21860,5.5,4.6453857421875
21861,3.819999933242798,3.079463005065918
21862,19.530000686645508,18.948348999023438
21863,47.959999084472656,45.760650634765625
21864,22.940000534057617,22.956695556640625
21865,40.88999938964844,42.626033782958984
21866,5.46999979019165,5.315281867980957
21867,32.9900016784668,32.76527404785156
21868,27.65999984741211,29.24684715270996
21869,12.4399995803833,11.786168098449707
21870,51.43000030517578,51.344749450683594
21871,51.70000076293945,47.89434051513672
21872,28.920000076293945,30.115108489990234
21873,9.59000015258789,9.115525245666504
21874,28.979999542236328,28.75537109375
21875,37.83000183105469,37.75239181518555
21876,6.179999828338623,5.4464802742004395
21877,33.91999816894531,32.51264953613281
21878,6.309999942779541,9.689719200134277
21879,31.170000076293945,28.722383499145508
21880,21.690000534057617,20.252138137817383
21881,7.78000020980835,7.080671310424805
21882,6.050000190734863,5.928773880004883
21883,10.359999656677246,9.917278289794922
21884,54.849998474121094,53.10773468017578
21885,27.639999389648438,26.508392333984375
21886,33.18000030517578,32.0859375
21887,31.09000015258789,30.476348876953125
21888,25.6200008392334,25.538330078125
21889,37.25,36.13609313964844
21890,13.869999885559082,12.37472915649414
21891,13.350000381469727,11.688444137573242
21892,23.3700008392334,20.60013198852539
21893,25.079999923706055,23.890064239501953
21894,16.219999313354492,15.089753150939941
21895,17.670000076293945,15.823513984680176
21896,15.420000076293945,14.097600936889648
21897,13.210000038146973,12.52003002166748
21898,37.290000915527344,37.153587341308594
21899,31.479999542236328,28.190120697021484
21900,24.229999542236328,21.634593963623047
21901,43.970001220703125,43.328304290771484
21902,36.84000015258789,36.897132873535156
21903,5.25,4.361178398132324
21904,27.719999313354492,27.196792602539062
21905,33.5099983215332,34.38445281982422
21906,18.6299991607666,17.474197387695312
21907,29.729999542236328,27.161128997802734
21908,46.470001220703125,44.850006103515625
21909,14.100000381469727,13.436468124389648
21910,9.619999885559082,8.698029518127441
21911,14.720000267028809,13.380032539367676
21912,19.149999618530273,17.574398040771484
21913,37.06999969482422,35.0532341003418
21914,62.65999984741211,61.97157287597656
21915,66.81999969482422,65.07958221435547
21916,32.52000045776367,33.24724578857422
21917,20.670000076293945,18.042064666748047
21918,12.979999542236328,10.77822208404541
21919,48.18000030517578,46.62599182128906
21920,16.610000610351562,15.546456336975098
21921,38.130001068115234,37.035282135009766
21922,26.59000015258789,26.30108642578125
21923,71.5,72.16053771972656
21924,19.100000381469727,18.65182113647461
21925,35.81999969482422,33.638893127441406
21926,14.399999618530273,13.220861434936523
21927,46.72999954223633,46.4349365234375
21928,44.36000061035156,41.72908401489258
21929,1.059999942779541,1.2871036529541016
21930,38.7599983215332,35.3154182434082
21931,28.690000534057617,28.226070404052734
21932,6.75,4.137694835662842
21933,27.389999389648438,26.00619125366211
21934,5.570000171661377,4.748164653778076
21935,11.979999542236328,10.676164627075195
21936,0.9399999976158142,2.147550344467163
21937,34.77000045776367,32.297027587890625
21938,4.599999904632568,3.9278149604797363
21939,3.930000066757202,2.8215506076812744
21940,12.079999923706055,11.092968940734863
21941,40.95000076293945,45.54888916015625
21942,54.06999969482422,50.572486877441406
21943,17.790000915527344,16.517520904541016
21944,22.31999969482422,20.763256072998047
21945,61.959999084472656,57.612918853759766
21946,11.039999961853027,9.426814079284668
21947,45.09000015258789,42.837745666503906
21948,11.65999984741211,9.97923469543457
21949,5.0,2.66439151763916
21950,35.810001373291016,35.21812438964844
21951,18.079999923706055,17.344207763671875
21952,35.869998931884766,35.5136604309082
21953,10.65999984741211,10.498855590820312
21954,5.949999809265137,5.545584201812744
21955,30.030000686645508,28.970230102539062
21956,18.260000228881836,17.203027725219727
21957,41.04999923706055,40.23222351074219
21958,9.359999656677246,7.791372776031494
21959,18.8799991607666,18.853252410888672
21960,45.7599983215332,45.38452911376953
21961,24.559999465942383,23.113243103027344
21962,20.030000686645508,19.02230453491211
21963,70.88999938964844,65.24868774414062
21964,8.539999961853027,8.03321647644043
21965,40.880001068115234,40.767860412597656
21966,40.38999938964844,39.38125228881836
21967,59.08000183105469,56.5858268737793
21968,7.019999980926514,5.924960613250732
21969,29.540000915527344,30.945396423339844
21970,29.059999465942383,27.302528381347656
21971,17.700000762939453,16.11490821838379
21972,32.90999984741211,31.490766525268555
21973,44.400001525878906,41.34892654418945
21974,44.43000030517578,43.899497985839844
21975,32.689998626708984,30.079744338989258
21976,0.800000011920929,4.784069538116455
21977,42.86000061035156,41.93571090698242
21978,2.4700000286102295,2.1208221912384033
21979,39.7400016784668,37.67150115966797
21980,54.41999816894531,52.95967102050781
21981,4.079999923706055,2.377842664718628
21982,13.420000076293945,12.166497230529785
21983,26.399999618530273,25.437524795532227
21984,47.11000061035156,47.36464309692383
21985,7.679999828338623,7.853585243225098
21986,9.989999771118164,10.072541236877441
21987,23.959999084472656,21.479259490966797
21988,37.5099983215332,36.737701416015625
21989,4.260000228881836,4.001601696014404
21990,4.309999942779541,3.256671190261841
21991,44.58000183105469,47.948692321777344
21992,28.56999969482422,26.0125789642334
21993,19.600000381469727,16.98647689819336
21994,62.20000076293945,60.89301681518555
21995,48.470001220703125,50.36310958862305
21996,28.610000610351562,26.164871215820312
21997,53.66999816894531,51.47695541381836
21998,41.08000183105469,37.492088317871094
21999,30.899999618530273,29.235624313354492
22000,20.469999313354492,18.45675277709961
22001,12.140000343322754,10.844398498535156
22002,25.010000228881836,25.013486862182617
22003,28.139999389648438,30.272645950317383
22004,79.30999755859375,69.69902801513672
22005,47.7599983215332,48.311920166015625
22006,9.0,8.294842720031738
22007,11.260000228881836,10.642876625061035
22008,3.3499999046325684,2.0351402759552
22009,46.27000045776367,43.72964096069336
22010,53.939998626708984,53.134864807128906
22011,36.36000061035156,34.2331428527832
22012,23.040000915527344,24.523853302001953
22013,45.09000015258789,42.876800537109375
22014,33.86000061035156,32.405921936035156
22015,24.65999984741211,24.077547073364258
22016,20.34000015258789,19.98099708557129
22017,18.040000915527344,16.78664207458496
22018,42.400001525878906,41.455299377441406
22019,26.739999771118164,24.81534767150879
22020,21.899999618530273,19.874101638793945
22021,15.8100004196167,14.391327857971191
22022,69.98999786376953,68.7005844116211
22023,31.270000457763672,28.95418357849121
22024,21.09000015258789,20.3110408782959
22025,42.22999954223633,40.91926574707031
22026,21.309999465942383,20.16187858581543
22027,21.270000457763672,20.132156372070312
22028,26.059999465942383,22.796096801757812
22029,50.41999816894531,44.81853485107422
22030,36.040000915527344,40.994529724121094
22031,27.940000534057617,27.85401725769043
22032,27.719999313354492,28.797208786010742
22033,37.59000015258789,32.83474349975586
22034,15.600000381469727,15.966375350952148
22035,29.360000610351562,29.60569953918457
22036,18.739999771118164,17.1235294342041
22037,75.7300033569336,67.02867126464844
22038,31.760000228881836,29.667922973632812
22039,38.220001220703125,36.138465881347656
22040,31.260000228881836,30.186477661132812
22041,52.220001220703125,51.11981964111328
22042,45.869998931884766,45.77577209472656
22043,22.90999984741211,23.375560760498047
22044,24.700000762939453,21.240861892700195
22045,52.90999984741211,49.87076950073242
22046,17.420000076293945,16.65778923034668
22047,41.61000061035156,41.9940185546875
22048,37.70000076293945,36.46029281616211
22049,9.979999542236328,9.100245475769043
22050,13.380000114440918,13.59431266784668
22051,34.939998626708984,33.08639144897461
22052,38.650001525878906,40.08533477783203
22053,29.1200008392334,26.565208435058594
22054,67.80999755859375,64.81953430175781
22055,53.66999816894531,49.58652114868164
22056,60.95000076293945,57.41750717163086
22057,31.209999084472656,32.02177429199219
22058,36.06999969482422,33.99943161010742
22059,19.200000762939453,18.32815933227539
22060,29.110000610351562,27.06555938720703
22061,33.43000030517578,31.25343894958496
22062,13.270000457763672,12.253066062927246
22063,27.3799991607666,27.901721954345703
22064,21.940000534057617,21.355342864990234
22065,2.700000047683716,2.4460058212280273
22066,35.599998474121094,35.281982421875
22067,44.130001068115234,42.56985092163086
22068,63.84000015258789,57.980281829833984
22069,35.900001525878906,34.928001403808594
22070,15.25,14.10382080078125
22071,32.06999969482422,33.0035514831543
22072,13.130000114440918,12.850593566894531
22073,32.25,27.915061950683594
22074,36.04999923706055,36.52062225341797
22075,16.969999313354492,15.423370361328125
22076,25.020000457763672,23.827564239501953
22077,34.849998474121094,30.475963592529297
22078,16.899999618530273,16.32006072998047
22079,9.6899995803833,10.006024360656738
22080,39.779998779296875,37.75006103515625
22081,81.66000366210938,77.74577331542969
22082,24.170000076293945,23.55250358581543
22083,14.890000343322754,13.751681327819824
22084,36.40999984741211,36.28229904174805
22085,19.56999969482422,20.44654083251953
22086,68.7699966430664,65.86595153808594
22087,23.940000534057617,23.505168914794922
22088,42.560001373291016,40.96316909790039
22089,27.510000228881836,25.53090476989746
22090,19.65999984741211,18.584054946899414
22091,14.489999771118164,13.436994552612305
22092,45.040000915527344,39.751991271972656
22093,11.829999923706055,10.136046409606934
22094,41.220001220703125,41.96845245361328
22095,12.989999771118164,12.046500205993652
22096,40.869998931884766,38.50617599487305
22097,43.189998626708984,44.744388580322266
22098,26.350000381469727,25.846128463745117
22099,5.090000152587891,3.282545566558838
22100,33.959999084472656,32.7505989074707
22101,18.639999389648438,18.629310607910156
22102,33.08000183105469,32.87701416015625
22103,11.640000343322754,10.709630012512207
22104,24.149999618530273,22.54025650024414
22105,32.2400016784668,30.7707576751709
22106,20.3799991607666,19.199832916259766
22107,20.040000915527344,21.093746185302734
22108,65.4800033569336,66.5234375
22109,41.34000015258789,38.71223449707031
22110,40.790000915527344,41.62628173828125
22111,36.04999923706055,36.73200607299805
22112,29.600000381469727,26.59708023071289
22113,15.420000076293945,14.546846389770508
22114,47.97999954223633,43.46398162841797
22115,24.350000381469727,22.491378784179688
22116,13.630000114440918,13.573028564453125
22117,33.27000045776367,29.206024169921875
22118,32.900001525878906,30.598421096801758
22119,20.010000228881836,18.57500648498535
22120,23.969999313354492,22.60171890258789
22121,25.790000915527344,22.78226661682129
22122,26.040000915527344,24.082204818725586
22123,32.220001220703125,31.924747467041016
22124,28.260000228881836,26.655197143554688
22125,37.810001373291016,36.698062896728516
22126,22.0,19.858339309692383
22127,3.569999933242798,5.307577610015869
22128,26.610000610351562,25.69351577758789
22129,12.949999809265137,12.496728897094727
22130,32.86000061035156,33.426979064941406
22131,14.010000228881836,13.40904426574707
22132,40.90999984741211,42.16619873046875
22133,27.18000030517578,26.945323944091797
22134,21.940000534057617,19.655292510986328
22135,19.729999542236328,17.918792724609375
22136,17.90999984741211,17.306306838989258
22137,27.229999542236328,25.08879280090332
22138,11.710000038146973,11.510310173034668
22139,31.510000228881836,30.495885848999023
22140,10.350000381469727,8.745418548583984
22141,14.569999694824219,13.341711044311523
22142,7.380000114440918,6.739778995513916
22143,11.09000015258789,9.715246200561523
22144,8.529999732971191,7.88886833190918
22145,36.880001068115234,35.02198791503906
22146,51.52000045776367,53.73235321044922
22147,6.03000020980835,4.449047565460205
22148,52.040000915527344,50.31211853027344
22149,9.15999984741211,5.983426094055176
22150,24.639999389648438,22.918277740478516
22151,32.060001373291016,29.143898010253906
22152,10.729999542236328,10.25872802734375
22153,13.430000305175781,11.014410018920898
22154,32.099998474121094,30.325389862060547
22155,15.640000343322754,13.874810218811035
22156,24.56999969482422,22.543701171875
22157,6.78000020980835,5.583525657653809
22158,7.920000076293945,7.210447788238525
22159,27.530000686645508,28.154253005981445
22160,37.0099983215332,37.6209602355957
22161,36.5,36.63299560546875
22162,42.970001220703125,39.74851989746094
22163,4.130000114440918,2.4289052486419678
22164,69.30000305175781,66.30303955078125
22165,25.34000015258789,26.85323143005371
22166,22.3700008392334,21.066551208496094
22167,12.359999656677246,11.400927543640137
22168,22.31999969482422,21.701833724975586
22169,13.899999618530273,14.287825584411621
22170,19.770000457763672,18.81078338623047
22171,45.91999816894531,42.087242126464844
22172,22.68000030517578,20.988542556762695
22173,34.560001373291016,33.87712478637695
22174,14.449999809265137,13.908927917480469
22175,18.100000381469727,17.385679244995117
22176,48.90999984741211,47.80569839477539
22177,5.909999847412109,5.383059501647949
22178,16.649999618530273,16.26677703857422
22179,24.229999542236328,22.384445190429688
22180,30.520000457763672,29.309864044189453
22181,43.36000061035156,43.996604919433594
22182,15.359999656677246,14.191664695739746
22183,23.280000686645508,22.212100982666016
22184,3.4600000381469727,2.4548425674438477
22185,15.170000076293945,13.749920845031738
22186,11.920000076293945,11.052956581115723
22187,32.34000015258789,32.168006896972656
22188,35.810001373291016,33.528316497802734
22189,19.350000381469727,18.275745391845703
22190,19.040000915527344,18.528745651245117
22191,12.039999961853027,10.626018524169922
22192,53.689998626708984,52.118896484375
22193,8.75,7.500152587890625
22194,36.91999816894531,38.537620544433594
22195,5.960000038146973,4.8653883934021
22196,71.51000213623047,66.97312927246094
22197,12.75,10.916254997253418
22198,39.59000015258789,39.627140045166016
22199,38.02000045776367,36.90506362915039
22200,7.079999923706055,6.372560024261475
22201,4.0,3.0217480659484863
22202,7.789999961853027,7.6914286613464355
22203,11.880000114440918,11.213809967041016
22204,19.040000915527344,18.370357513427734
22205,30.290000915527344,29.276185989379883
22206,41.31999969482422,41.21826934814453
22207,52.189998626708984,48.78684997558594
22208,22.75,20.376985549926758
22209,49.47999954223633,48.46282958984375
22210,44.689998626708984,43.11993408203125
22211,20.25,18.316593170166016
22212,59.16999816894531,62.560367584228516
22213,28.31999969482422,28.608596801757812
22214,9.529999732971191,8.452672004699707
22215,48.43000030517578,46.04705810546875
22216,23.950000762939453,23.756811141967773
22217,20.399999618530273,18.912206649780273
22218,24.389999389648438,24.187088012695312
22219,14.069999694824219,13.5581636428833
22220,4.710000038146973,4.127766132354736
22221,17.920000076293945,15.947598457336426
22222,41.75,41.643062591552734
22223,16.31999969482422,16.086408615112305
22224,31.389999389648438,30.316303253173828
22225,18.530000686645508,17.478334426879883
22226,51.25,50.540504455566406
22227,18.639999389648438,18.545318603515625
22228,13.09000015258789,12.465235710144043
22229,3.059999942779541,2.3604090213775635
22230,54.66999816894531,54.7191162109375
22231,10.430000305175781,8.757262229919434
22232,16.15999984741211,13.837236404418945
22233,34.77000045776367,32.71300506591797
22234,26.84000015258789,25.389711380004883
22235,41.470001220703125,41.28136444091797
22236,26.209999084472656,26.25604248046875
22237,58.75,55.536380767822266
22238,19.040000915527344,18.082616806030273
22239,16.40999984741211,15.829943656921387
22240,38.540000915527344,34.77446746826172
22241,53.34000015258789,49.286258697509766
22242,32.400001525878906,29.681941986083984
22243,19.450000762939453,18.185585021972656
22244,43.25,41.17812728881836
22245,5.539999961853027,4.365105152130127
22246,9.109999656677246,8.851241111755371
22247,18.979999542236328,16.72662353515625
22248,32.93000030517578,32.49696350097656
22249,55.47999954223633,49.2359733581543
22250,6.53000020980835,5.858932018280029
22251,14.510000228881836,14.548511505126953
22252,26.809999465942383,27.32846450805664
22253,14.319999694824219,12.67745590209961
22254,31.389999389648438,29.744468688964844
22255,15.220000267028809,14.467180252075195
22256,13.0600004196167,12.117091178894043
22257,24.6299991607666,22.838115692138672
22258,54.880001068115234,52.66619110107422
22259,14.149999618530273,13.773681640625
22260,30.100000381469727,28.570987701416016
22261,18.420000076293945,17.880075454711914
22262,2.630000114440918,2.82539701461792
22263,30.530000686645508,27.435171127319336
22264,28.040000915527344,26.33119773864746
22265,46.77000045776367,46.591392517089844
22266,28.729999542236328,26.507970809936523
22267,20.780000686645508,19.460073471069336
22268,17.15999984741211,16.185009002685547
22269,65.70999908447266,67.7431640625
22270,42.400001525878906,39.25882339477539
22271,56.7599983215332,53.95478057861328
22272,62.060001373291016,60.089054107666016
22273,45.93000030517578,46.93448257446289
22274,8.5600004196167,7.731298446655273
22275,28.459999084472656,28.40765380859375
22276,14.319999694824219,13.724163055419922
22277,38.77000045776367,36.490169525146484
22278,9.539999961853027,8.503278732299805
22279,24.610000610351562,24.56609344482422
22280,14.850000381469727,13.625781059265137
22281,22.5,20.302978515625
22282,30.65999984741211,27.722393035888672
22283,17.0,15.998943328857422
22284,33.2599983215332,31.519275665283203
22285,69.27999877929688,63.07501983642578
22286,65.83999633789062,67.8234634399414
22287,12.109999656677246,10.91862678527832
22288,50.040000915527344,47.23951721191406
22289,32.72999954223633,32.531883239746094
22290,11.25,10.213988304138184
22291,14.630000114440918,13.386357307434082
22292,30.31999969482422,32.18632125854492
22293,37.279998779296875,35.7170295715332
22294,27.299999237060547,27.020523071289062
22295,14.420000076293945,12.920747756958008
22296,35.2400016784668,35.1201057434082
22297,41.33000183105469,40.57526397705078
22298,20.81999969482422,19.79376792907715
22299,37.779998779296875,35.11188507080078
22300,57.04999923706055,52.429588317871094
22301,47.709999084472656,46.1973876953125
22302,33.4900016784668,32.30311965942383
22303,39.7400016784668,37.95307540893555
22304,25.270000457763672,24.97828483581543
22305,26.510000228881836,25.461380004882812
22306,28.190000534057617,26.809467315673828
22307,16.709999084472656,15.404010772705078
22308,61.970001220703125,60.14616394042969
22309,59.22999954223633,57.93169403076172
22310,31.700000762939453,31.58774185180664
22311,32.81999969482422,31.187896728515625
22312,40.470001220703125,39.434898376464844
22313,7.440000057220459,7.547949314117432
22314,11.3100004196167,9.397171020507812
22315,11.640000343322754,10.982844352722168
22316,34.58000183105469,34.45135498046875
22317,34.779998779296875,33.2266845703125
22318,15.529999732971191,14.65634536743164
22319,30.8799991607666,28.760284423828125
22320,25.860000610351562,23.732641220092773
22321,18.100000381469727,17.03548240661621
22322,9.119999885559082,8.33635425567627
22323,10.8100004196167,8.99022388458252
22324,60.33000183105469,59.0942268371582
22325,13.829999923706055,12.919559478759766
22326,24.059999465942383,24.128582000732422
22327,60.97999954223633,62.47716522216797
22328,47.66999816894531,45.41088104248047
22329,26.6299991607666,25.360023498535156
22330,47.810001373291016,45.64631652832031
22331,20.959999084472656,18.778160095214844
22332,14.65999984741211,13.902661323547363
22333,39.06999969482422,38.8226203918457
22334,3.3499999046325684,1.8394242525100708
22335,69.05000305175781,65.89495849609375
22336,22.100000381469727,20.15496063232422
22337,17.469999313354492,16.086801528930664
22338,49.849998474121094,47.40037155151367
22339,36.25,35.998226165771484
22340,17.690000534057617,17.196975708007812
22341,28.989999771118164,28.636066436767578
22342,41.529998779296875,42.071044921875
22343,45.77000045776367,43.02069854736328
22344,8.949999809265137,7.379522323608398
22345,15.619999885559082,14.472162246704102
22346,35.5,31.9200496673584
22347,13.350000381469727,13.413506507873535
22348,37.970001220703125,35.885562896728516
22349,9.920000076293945,10.089381217956543
22350,62.43000030517578,62.220802307128906
22351,33.650001525878906,32.21582794189453
22352,56.61000061035156,53.70503234863281
22353,13.329999923706055,12.29917049407959
22354,48.90999984741211,48.88917922973633
22355,28.219999313354492,28.11166000366211
22356,57.47999954223633,57.2664680480957
22357,32.29999923706055,31.6219539642334
22358,7.619999885559082,10.302491188049316
22359,5.380000114440918,5.277583599090576
22360,8.729999542236328,8.09587574005127
22361,13.199999809265137,12.536534309387207
22362,22.43000030517578,21.104448318481445
22363,54.099998474121094,55.64276123046875
22364,40.810001373291016,38.795692443847656
22365,23.489999771118164,21.860000610351562
22366,18.239999771118164,17.94475746154785
22367,38.0099983215332,36.425045013427734
22368,26.709999084472656,25.041824340820312
22369,6.5,7.396107196807861
22370,26.729999542236328,26.223512649536133
22371,49.93000030517578,47.56135559082031
22372,35.439998626708984,36.72992706298828
22373,29.0,27.624305725097656
22374,15.930000305175781,15.55386734008789
22375,28.90999984741211,27.784828186035156
22376,62.93000030517578,60.18488311767578
22377,12.180000305175781,12.328522682189941
22378,17.780000686645508,16.165735244750977
22379,47.060001373291016,46.22807312011719
22380,29.719999313354492,26.65731430053711
22381,57.7400016784668,58.269874572753906
22382,22.239999771118164,20.529796600341797
22383,34.709999084472656,34.06324005126953
22384,27.59000015258789,25.40094566345215
22385,36.93000030517578,38.384334564208984
22386,8.029999732971191,4.395419120788574
22387,63.4900016784668,63.32319641113281
22388,64.51000213623047,65.76591491699219
22389,30.780000686645508,29.666175842285156
22390,44.11000061035156,39.943824768066406
22391,45.95000076293945,46.339019775390625
22392,23.280000686645508,26.38077735900879
22393,38.41999816894531,37.592159271240234
22394,12.140000343322754,10.535127639770508
22395,23.350000381469727,21.736879348754883
22396,11.0,9.628938674926758
22397,14.15999984741211,12.385159492492676
22398,22.190000534057617,20.745189666748047
22399,29.260000228881836,28.238052368164062
22400,36.189998626708984,35.8213005065918
22401,63.77000045776367,60.75095748901367
22402,13.0600004196167,12.596232414245605
22403,16.729999542236328,16.71650505065918
22404,4.150000095367432,2.4796860218048096
22405,41.36000061035156,40.7762336730957
22406,15.789999961853027,14.88013744354248
22407,16.950000762939453,16.69544219970703
22408,27.270000457763672,25.349910736083984
22409,3.9800000190734863,1.9350862503051758
22410,64.37000274658203,63.22758483886719
22411,52.029998779296875,54.43320846557617
22412,27.549999237060547,26.097347259521484
22413,30.360000610351562,28.709728240966797
22414,12.020000457763672,10.544562339782715
22415,17.59000015258789,17.41299819946289
22416,52.02000045776367,50.451560974121094
22417,26.1200008392334,24.380578994750977
22418,76.04000091552734,65.67898559570312
22419,39.83000183105469,36.117374420166016
22420,10.0600004196167,9.698960304260254
22421,35.04999923706055,33.67940902709961
22422,19.030000686645508,18.283432006835938
22423,23.520000457763672,23.745948791503906
22424,40.599998474121094,38.15460205078125
22425,42.970001220703125,42.394100189208984
22426,28.670000076293945,27.648738861083984
22427,12.279999732971191,13.542496681213379
22428,55.77000045776367,52.4193115234375
22429,40.18000030517578,35.60032272338867
22430,23.68000030517578,22.75165557861328
22431,37.22999954223633,37.03876495361328
22432,36.29999923706055,39.58147048950195
22433,37.970001220703125,35.415069580078125
22434,28.06999969482422,26.976198196411133
22435,26.799999237060547,25.77420425415039
22436,31.209999084472656,29.20087432861328
22437,55.279998779296875,55.69679260253906
22438,77.8499984741211,73.43952178955078
22439,26.1299991607666,25.911592483520508
22440,18.290000915527344,17.380844116210938
22441,29.43000030517578,28.75824546813965
22442,26.299999237060547,25.548324584960938
22443,9.90999984741211,8.642090797424316
22444,39.0099983215332,36.914695739746094
22445,9.989999771118164,9.444936752319336
22446,11.930000305175781,11.287477493286133
22447,74.05999755859375,67.87645721435547
22448,34.810001373291016,32.81074142456055
22449,20.1200008392334,19.732309341430664
22450,12.3100004196167,11.330345153808594
22451,21.649999618530273,21.02547836303711
22452,61.59000015258789,62.403106689453125
22453,21.739999771118164,21.620481491088867
22454,23.700000762939453,23.662405014038086
22455,4.179999828338623,2.755746841430664
22456,32.93000030517578,30.81854248046875
22457,37.11000061035156,35.44152069091797
22458,39.77000045776367,38.85751724243164
22459,20.700000762939453,18.947084426879883
22460,12.0600004196167,10.696840286254883
22461,7.599999904632568,7.1860270500183105
22462,46.77000045776367,45.78912353515625
22463,28.219999313354492,30.321359634399414
22464,33.939998626708984,31.625274658203125
22465,11.539999961853027,10.643047332763672
22466,60.75,61.67485809326172
22467,41.40999984741211,40.37840270996094
22468,34.52000045776367,36.2870979309082
22469,47.310001373291016,46.0897216796875
22470,19.209999084472656,19.084625244140625
22471,45.72999954223633,44.03200912475586
22472,26.520000457763672,28.47449493408203
22473,34.5099983215332,32.95298385620117
22474,24.559999465942383,22.5837459564209
22475,24.34000015258789,23.03734016418457
22476,31.780000686645508,31.01060676574707
22477,30.40999984741211,30.281457901000977
22478,10.109999656677246,8.015973091125488
22479,28.780000686645508,26.768699645996094
22480,31.549999237060547,30.9788818359375
22481,40.66999816894531,37.803653717041016
22482,30.270000457763672,28.917156219482422
22483,40.91999816894531,38.95236587524414
22484,18.350000381469727,17.806535720825195
22485,31.34000015258789,29.144428253173828
22486,12.670000076293945,12.23304557800293
22487,22.81999969482422,22.51350975036621
22488,20.81999969482422,17.998010635375977
22489,27.959999084472656,26.193714141845703
22490,13.520000457763672,13.331307411193848
22491,21.940000534057617,19.835350036621094
22492,24.06999969482422,24.784385681152344
22493,21.56999969482422,21.072912216186523
22494,20.280000686645508,19.624969482421875
22495,12.539999961853027,11.41301441192627
22496,22.420000076293945,21.755409240722656
22497,25.559999465942383,25.980714797973633
22498,46.959999084472656,45.92890548706055
22499,16.510000228881836,14.417922973632812
22500,32.5099983215332,33.6795654296875
22501,13.239999771118164,12.485207557678223
22502,22.520000457763672,20.831233978271484
22503,15.09000015258789,14.15999698638916
22504,25.93000030517578,25.336273193359375
22505,27.450000762939453,25.139732360839844
22506,8.670000076293945,9.293447494506836
22507,30.3700008392334,28.17859649658203
22508,19.520000457763672,17.202587127685547
22509,10.9399995803833,9.56923770904541
22510,36.540000915527344,34.751808166503906
22511,48.27000045776367,47.638858795166016
22512,51.279998779296875,49.000030517578125
22513,53.13999938964844,55.785255432128906
22514,37.33000183105469,37.02832794189453
22515,47.25,48.454498291015625
22516,1.9299999475479126,1.7928595542907715
22517,41.54999923706055,38.31480407714844
22518,21.959999084472656,21.06698989868164
22519,32.91999816894531,32.71776580810547
22520,59.689998626708984,56.92768859863281
22521,20.68000030517578,19.57724952697754
22522,18.209999084472656,18.383262634277344
22523,34.209999084472656,34.273704528808594
22524,25.719999313354492,26.512556076049805
22525,34.119998931884766,33.13481140136719
22526,7.579999923706055,7.007288455963135
22527,20.760000228881836,20.836904525756836
22528,22.40999984741211,21.47291374206543
22529,26.469999313354492,24.895999908447266
22530,18.399999618530273,17.955881118774414
22531,32.25,29.245014190673828
22532,13.680000305175781,12.399466514587402
22533,25.65999984741211,23.835939407348633
22534,7.21999979019165,5.426975727081299
22535,8.140000343322754,8.581130027770996
22536,45.11000061035156,44.01102066040039
22537,41.43000030517578,41.322776794433594
22538,10.670000076293945,9.712257385253906
22539,38.45000076293945,36.20450210571289
22540,57.040000915527344,61.63383483886719
22541,29.649999618530273,28.252059936523438
22542,13.800000190734863,12.898075103759766
22543,13.239999771118164,13.10260009765625
22544,12.34000015258789,11.986538887023926
22545,14.0600004196167,12.560749053955078
22546,7.909999847412109,7.739584922790527
22547,7.650000095367432,6.458071231842041
22548,4.079999923706055,2.468125343322754
22549,12.199999809265137,11.137131690979004
22550,17.020000457763672,16.53290367126465
22551,8.40999984741211,7.950567245483398
22552,20.229999542236328,18.992782592773438
22553,30.260000228881836,30.583810806274414
22554,54.779998779296875,52.07413864135742
22555,13.930000305175781,14.591925621032715
22556,33.119998931884766,31.56158447265625
22557,53.93000030517578,50.81243133544922
22558,19.770000457763672,17.930389404296875
22559,7.139999866485596,4.201268196105957
22560,45.369998931884766,44.626434326171875
22561,37.43000030517578,37.11650848388672
22562,29.290000915527344,28.272354125976562
22563,17.739999771118164,15.70671558380127
22564,70.33000183105469,68.73912811279297
22565,22.579999923706055,21.376197814941406
22566,30.719999313354492,34.759483337402344
22567,37.95000076293945,34.08840560913086
22568,13.760000228881836,13.140944480895996
22569,5.170000076293945,4.673274993896484
22570,12.420000076293945,11.771546363830566
22571,29.350000381469727,29.800891876220703
22572,29.299999237060547,29.812026977539062
22573,24.219999313354492,22.70072364807129
22574,24.1299991607666,22.359394073486328
22575,39.7400016784668,39.30073547363281
22576,21.34000015258789,23.008010864257812
22577,9.880000114440918,8.3723783493042
22578,59.02000045776367,57.01934814453125
22579,36.31999969482422,35.435482025146484
22580,42.470001220703125,40.762298583984375
22581,26.420000076293945,28.382282257080078
22582,32.849998474121094,33.244625091552734
22583,17.799999237060547,18.755102157592773
22584,33.869998931884766,34.237247467041016
22585,7.53000020980835,7.488770008087158
22586,51.470001220703125,51.3907356262207
22587,25.3700008392334,23.54644012451172
22588,19.3799991607666,18.650951385498047
22589,36.439998626708984,33.332149505615234
22590,21.190000534057617,20.260019302368164
22591,10.09000015258789,9.018781661987305
22592,21.889999389648438,20.716102600097656
22593,29.510000228881836,26.83323860168457
22594,39.0099983215332,34.51099395751953
22595,29.0,29.250263214111328
22596,29.75,28.809608459472656
22597,12.350000381469727,11.243687629699707
22598,39.18000030517578,36.929481506347656
22599,16.010000228881836,14.875445365905762
22600,33.560001373291016,33.8731689453125
22601,19.670000076293945,18.109962463378906
22602,29.239999771118164,27.183082580566406
22603,29.829999923706055,28.645221710205078
22604,27.770000457763672,27.324899673461914
22605,4.940000057220459,4.201106071472168
22606,42.9900016784668,40.666683197021484
22607,30.06999969482422,28.471708297729492
22608,56.130001068115234,55.28738021850586
22609,15.020000457763672,14.324112892150879
22610,42.61000061035156,46.595951080322266
22611,8.739999771118164,7.788554668426514
22612,35.15999984741211,35.07338333129883
22613,19.530000686645508,17.213802337646484
22614,13.90999984741211,13.618369102478027
22615,23.889999389648438,21.86688804626465
22616,25.209999084472656,23.080947875976562
22617,46.810001373291016,44.680870056152344
22618,30.899999618530273,29.31908416748047
22619,37.619998931884766,36.88573455810547
22620,35.15999984741211,33.053070068359375
22621,8.899999618530273,7.668252944946289
22622,14.649999618530273,14.254919052124023
22623,23.399999618530273,22.903196334838867
22624,23.81999969482422,22.52166175842285
22625,11.930000305175781,11.272790908813477
22626,30.1299991607666,31.286785125732422
22627,33.31999969482422,32.294315338134766
22628,23.170000076293945,18.992321014404297
22629,4.96999979019165,4.526396751403809
22630,54.13999938964844,47.6860237121582
22631,14.15999984741211,13.559494018554688
22632,38.279998779296875,38.42289733886719
22633,8.40999984741211,8.911263465881348
22634,55.5099983215332,54.454036712646484
22635,39.130001068115234,37.44725036621094
22636,55.869998931884766,52.494972229003906
22637,34.06999969482422,32.585506439208984
22638,45.15999984741211,45.53131866455078
22639,24.25,24.95539665222168
22640,7.760000228881836,6.426467418670654
22641,33.04999923706055,31.35472869873047
22642,28.6299991607666,27.997045516967773
22643,12.029999732971191,10.287239074707031
22644,7.099999904632568,6.781416893005371
22645,27.850000381469727,27.830581665039062
22646,10.670000076293945,11.106154441833496
22647,14.25,14.164571762084961
22648,22.65999984741211,21.114524841308594
22649,43.34000015258789,43.975982666015625
22650,70.38999938964844,67.5822525024414
22651,23.610000610351562,22.02968978881836
22652,26.020000457763672,25.381643295288086
22653,32.59000015258789,34.74799728393555
22654,8.279999732971191,7.308290004730225
22655,38.4900016784668,37.98435974121094
22656,23.1299991607666,20.144681930541992
22657,50.880001068115234,49.74980163574219
22658,10.960000038146973,9.760026931762695
22659,5.25,4.771777153015137
22660,46.810001373291016,45.47996139526367
22661,23.649999618530273,22.168180465698242
22662,58.22999954223633,56.38861083984375
22663,10.229999542236328,9.864815711975098
22664,14.699999809265137,13.23696517944336
22665,8.5600004196167,8.238901138305664
22666,30.329999923706055,28.444026947021484
22667,31.8799991607666,31.6253719329834
22668,19.739999771118164,17.370399475097656
22669,41.040000915527344,41.18583679199219
22670,24.049999237060547,23.11288070678711
22671,38.959999084472656,36.70008850097656
22672,36.5099983215332,33.952205657958984
22673,40.619998931884766,38.83171844482422
22674,36.65999984741211,33.08547592163086
22675,28.989999771118164,26.420259475708008
22676,44.68000030517578,46.68501281738281
22677,19.440000534057617,17.909481048583984
22678,57.61000061035156,56.303096771240234
22679,32.959999084472656,32.15990447998047
22680,49.77000045776367,46.809120178222656
22681,4.880000114440918,4.225044250488281
22682,47.91999816894531,51.51234817504883
22683,5.150000095367432,4.225988864898682
22684,14.229999542236328,13.276335716247559
22685,9.479999542236328,9.141921997070312
22686,33.790000915527344,32.307064056396484
22687,34.31999969482422,32.85960388183594
22688,37.40999984741211,35.97121810913086
22689,35.630001068115234,35.470462799072266
22690,29.760000228881836,28.699663162231445
22691,32.650001525878906,27.529525756835938
22692,5.230000019073486,3.9702513217926025
22693,30.100000381469727,30.139141082763672
22694,47.93000030517578,46.39525604248047
22695,14.239999771118164,12.36568832397461
22696,31.43000030517578,27.75534439086914
22697,27.68000030517578,27.010936737060547
22698,40.15999984741211,35.28166198730469
22699,49.59000015258789,48.4758415222168
22700,21.0,20.011629104614258
22701,11.5,11.295909881591797
22702,8.760000228881836,8.251130104064941
22703,5.21999979019165,3.575288772583008
22704,43.470001220703125,39.14955139160156
22705,21.219999313354492,19.51664161682129
22706,27.600000381469727,25.78468894958496
22707,24.450000762939453,23.53985595703125
22708,20.719999313354492,21.430892944335938
22709,20.799999237060547,19.997421264648438
22710,7.019999980926514,5.928609848022461
22711,48.310001373291016,46.077919006347656
22712,22.100000381469727,21.02764892578125
22713,70.44000244140625,67.487548828125
22714,11.539999961853027,9.489185333251953
22715,43.310001373291016,38.488338470458984
22716,23.09000015258789,20.78782081604004
22717,24.479999542236328,23.768451690673828
22718,43.33000183105469,41.878658294677734
22719,50.43000030517578,49.85967254638672
22720,31.079999923706055,30.992488861083984
22721,17.399999618530273,15.914511680603027
22722,36.540000915527344,36.374961853027344
22723,38.27000045776367,37.4215087890625
22724,25.770000457763672,24.31890869140625
22725,30.920000076293945,29.688358306884766
22726,66.55999755859375,64.54467010498047
22727,21.739999771118164,20.194021224975586
22728,38.91999816894531,38.066043853759766
22729,22.90999984741211,22.697681427001953
22730,15.960000038146973,15.295247077941895
22731,34.16999816894531,33.71097183227539
22732,45.95000076293945,44.08237838745117
22733,23.670000076293945,22.009462356567383
22734,53.83000183105469,52.267242431640625
22735,67.06999969482422,67.30545043945312
22736,33.40999984741211,31.962766647338867
22737,36.029998779296875,34.71927261352539
22738,58.9900016784668,58.46681594848633
22739,31.459999084472656,28.63825225830078
22740,16.229999542236328,14.021021842956543
22741,8.869999885559082,7.354405879974365
22742,7.710000038146973,6.949815273284912
22743,28.719999313354492,28.99234390258789
22744,12.899999618530273,12.270597457885742
22745,31.6200008392334,30.46213722229004
22746,17.889999389648438,17.08137321472168
22747,7.079999923706055,6.424548625946045
22748,35.0099983215332,33.94381332397461
22749,21.899999618530273,20.062910079956055
22750,24.15999984741211,22.885639190673828
22751,26.719999313354492,25.30875015258789
22752,16.81999969482422,15.437664985656738
22753,28.1299991607666,27.37957763671875
22754,50.439998626708984,50.775352478027344
22755,8.25,8.259939193725586
22756,10.229999542236328,9.607332229614258
22757,70.20999908447266,62.10755920410156
22758,17.489999771118164,16.952573776245117
22759,36.86000061035156,33.18202209472656
22760,52.09000015258789,48.36544418334961
22761,23.969999313354492,23.578773498535156
22762,26.90999984741211,27.1455020904541
22763,14.710000038146973,14.147183418273926
22764,25.06999969482422,24.394222259521484
22765,23.579999923706055,22.18714141845703
22766,17.850000381469727,17.49413299560547
22767,11.289999961853027,10.551889419555664
22768,42.029998779296875,41.584007263183594
22769,11.229999542236328,7.55198335647583
22770,14.710000038146973,14.192112922668457
22771,36.470001220703125,35.36632537841797
22772,19.510000228881836,18.486068725585938
22773,22.329999923706055,21.221954345703125
22774,11.949999809265137,11.63512897491455
22775,24.510000228881836,20.59364128112793
22776,14.880000114440918,14.211827278137207
22777,58.540000915527344,58.949798583984375
22778,17.56999969482422,16.263046264648438
22779,38.2599983215332,36.787715911865234
22780,6.380000114440918,5.295289993286133
22781,7.039999961853027,6.691771507263184
22782,43.54999923706055,47.43436813354492
22783,24.219999313354492,23.392576217651367
22784,27.65999984741211,26.336669921875
22785,4.650000095367432,2.2375664710998535
22786,50.08000183105469,51.279537200927734
22787,22.520000457763672,20.642196655273438
22788,32.689998626708984,28.86932373046875
22789,38.970001220703125,39.73615264892578
22790,19.030000686645508,17.414255142211914
22791,26.950000762939453,22.552783966064453
22792,18.3799991607666,16.331104278564453
22793,28.059999465942383,26.517452239990234
22794,34.56999969482422,31.971450805664062
22795,4.289999961853027,3.1657919883728027
22796,64.43000030517578,63.514915466308594
22797,31.020000457763672,31.223590850830078
22798,27.93000030517578,26.550437927246094
22799,29.639999389648438,27.47813606262207
22800,60.349998474121094,56.33651351928711
22801,73.30999755859375,72.12873840332031
22802,53.220001220703125,53.312049865722656
22803,29.459999084472656,26.023479461669922
22804,10.0,10.545371055603027
22805,44.4900016784668,42.879310607910156
22806,8.300000190734863,7.927356719970703
22807,36.04999923706055,36.46946716308594
22808,27.979999542236328,27.09201431274414
22809,38.31999969482422,33.24870300292969
22810,31.110000610351562,29.392457962036133
22811,70.33999633789062,71.88204193115234
22812,14.5600004196167,13.348073959350586
22813,34.08000183105469,34.391868591308594
22814,34.5,33.052947998046875
22815,51.13999938964844,51.041202545166016
22816,38.720001220703125,38.30848693847656
22817,45.54999923706055,47.43025207519531
22818,26.780000686645508,27.653125762939453
22819,6.210000038146973,5.020092964172363
22820,52.279998779296875,49.565555572509766
22821,23.049999237060547,23.012041091918945
22822,12.149999618530273,11.943543434143066
22823,16.510000228881836,16.238126754760742
22824,11.579999923706055,9.486943244934082
22825,5.03000020980835,3.4946842193603516
22826,38.689998626708984,38.9622917175293
22827,18.520000457763672,19.781564712524414
22828,35.65999984741211,36.718467712402344
22829,39.619998931884766,37.77314758300781
22830,27.90999984741211,25.446565628051758
22831,6.449999809265137,5.7977705001831055
22832,15.75,14.141549110412598
22833,28.389999389648438,28.218639373779297
22834,6.190000057220459,4.9077653884887695
22835,11.239999771118164,9.436677932739258
22836,15.869999885559082,16.21712875366211
22837,67.18000030517578,65.9968032836914
22838,37.9900016784668,37.93027877807617
22839,30.049999237060547,28.515195846557617
22840,5.130000114440918,4.9838547706604
22841,22.479999542236328,20.851604461669922
22842,22.0,20.606639862060547
22843,29.170000076293945,32.670654296875
22844,16.079999923706055,14.403636932373047
22845,34.779998779296875,31.630599975585938
22846,15.289999961853027,14.112245559692383
22847,9.600000381469727,8.994101524353027
22848,55.75,56.467567443847656
22849,17.059999465942383,15.53382682800293
22850,47.380001068115234,49.90613555908203
22851,13.670000076293945,13.026344299316406
22852,23.6299991607666,21.56509017944336
22853,8.050000190734863,7.5965728759765625
22854,38.47999954223633,34.61317825317383
22855,10.359999656677246,8.81090259552002
22856,13.430000305175781,11.814236640930176
22857,34.5,33.85456848144531
22858,23.149999618530273,21.718021392822266
22859,80.12000274658203,65.94874572753906
22860,70.02999877929688,69.8807373046875
22861,24.389999389648438,22.403141021728516
22862,13.239999771118164,12.612448692321777
22863,40.95000076293945,42.79906463623047
22864,41.02000045776367,39.86176300048828
22865,69.97000122070312,69.51396179199219
22866,22.09000015258789,20.540422439575195
22867,39.369998931884766,38.562477111816406
22868,29.15999984741211,26.802392959594727
22869,9.600000381469727,9.256244659423828
22870,18.31999969482422,17.353303909301758
22871,12.850000381469727,14.356367111206055
22872,22.84000015258789,21.27263069152832
22873,27.65999984741211,26.43038558959961
22874,19.670000076293945,20.121477127075195
22875,28.709999084472656,28.638381958007812
22876,17.520000457763672,16.676549911499023
22877,7.300000190734863,6.168768882751465
22878,60.790000915527344,56.392459869384766
22879,25.889999389648438,23.40445327758789
22880,10.220000267028809,5.677555084228516
22881,34.20000076293945,36.22710418701172
22882,12.289999961853027,11.424619674682617
22883,13.029999732971191,12.202730178833008
22884,56.08000183105469,55.072113037109375
22885,54.119998931884766,51.952484130859375
22886,41.54999923706055,42.69017028808594
22887,46.81999969482422,46.93372344970703
22888,6.869999885559082,5.489142894744873
22889,36.650001525878906,37.98208236694336
22890,3.4100000858306885,2.95080828666687
22891,25.959999084472656,25.443490982055664
22892,37.13999938964844,35.734130859375
22893,30.780000686645508,27.091035842895508
22894,14.800000190734863,14.298263549804688
22895,5.460000038146973,3.994734048843384
22896,45.34000015258789,42.873817443847656
22897,76.69999694824219,71.25257873535156
22898,39.95000076293945,39.01231002807617
22899,28.260000228881836,25.91426658630371
22900,32.31999969482422,31.61642837524414
22901,6.389999866485596,5.607758522033691
22902,28.229999542236328,24.86089515686035
22903,48.16999816894531,43.711029052734375
22904,39.279998779296875,36.46092987060547
22905,20.049999237060547,18.54206657409668
22906,16.389999389648438,14.986741065979004
22907,42.060001373291016,39.86302947998047
22908,37.59000015258789,34.76327133178711
22909,30.459999084472656,29.345779418945312
22910,4.829999923706055,3.374750852584839
22911,49.72999954223633,48.0662727355957
22912,26.260000228881836,25.576398849487305
22913,29.940000534057617,32.478736877441406
22914,23.110000610351562,22.728914260864258
22915,39.27000045776367,37.60422897338867
22916,15.100000381469727,14.756246566772461
22917,50.810001373291016,46.861759185791016
22918,41.75,40.98993682861328
22919,14.180000305175781,13.74027156829834
22920,53.150001525878906,57.20281982421875
22921,33.119998931884766,32.16690444946289
22922,31.600000381469727,31.87438201904297
22923,46.36000061035156,43.58805465698242
22924,14.199999809265137,12.358943939208984
22925,19.670000076293945,18.156822204589844
22926,23.40999984741211,22.21579360961914
22927,32.77000045776367,29.85173797607422
22928,52.709999084472656,53.51604461669922
22929,13.510000228881836,12.646602630615234
22930,53.849998474121094,51.28940200805664
22931,8.479999542236328,8.052501678466797
22932,15.710000038146973,16.854076385498047
22933,44.29999923706055,44.0319709777832
22934,7.840000152587891,7.856965065002441
22935,5.349999904632568,4.701864719390869
22936,15.529999732971191,14.761733055114746
22937,38.220001220703125,38.05432891845703
22938,53.16999816894531,55.04533004760742
22939,22.959999084472656,23.0025634765625
22940,41.5099983215332,41.077598571777344
22941,27.6200008392334,26.600971221923828
22942,17.530000686645508,18.033117294311523
22943,36.27000045776367,33.940025329589844
22944,18.540000915527344,17.96552276611328
22945,7.0,6.0779900550842285
22946,63.5,60.188655853271484
22947,50.650001525878906,51.39178466796875
22948,11.880000114440918,11.171415328979492
22949,54.38999938964844,55.3829345703125
22950,15.680000305175781,15.039636611938477
22951,21.440000534057617,20.340858459472656
22952,45.959999084472656,45.58687210083008
22953,11.819999694824219,11.225411415100098
22954,19.059999465942383,18.055849075317383
22955,34.20000076293945,34.9417724609375
22956,38.2400016784668,36.20448684692383
22957,62.380001068115234,53.768463134765625
22958,15.050000190734863,13.8095064163208
22959,11.260000228881836,11.106327056884766
22960,6.949999809265137,5.769550800323486
22961,44.59000015258789,40.3294677734375
22962,26.280000686645508,26.151432037353516
22963,32.130001068115234,29.958843231201172
22964,31.719999313354492,28.983102798461914
22965,13.760000228881836,11.912965774536133
22966,17.780000686645508,16.548391342163086
22967,37.220001220703125,35.267578125
22968,21.780000686645508,20.30399513244629
22969,8.020000457763672,9.319377899169922
22970,33.939998626708984,34.86946105957031
22971,60.90999984741211,60.210716247558594
22972,27.020000457763672,25.51565933227539
22973,47.029998779296875,43.18470001220703
22974,49.41999816894531,49.494869232177734
22975,24.65999984741211,24.02737808227539
22976,9.369999885559082,8.622979164123535
22977,3.1700000762939453,2.6504268646240234
22978,44.2599983215332,41.419715881347656
22979,28.329999923706055,27.701274871826172
22980,3.619999885559082,2.454228639602661
22981,43.86000061035156,40.90188980102539
22982,23.229999542236328,21.839984893798828
22983,31.100000381469727,28.688798904418945
22984,6.900000095367432,5.390698432922363
22985,29.270000457763672,26.391311645507812
22986,51.970001220703125,50.857582092285156
22987,48.06999969482422,46.39672088623047
22988,27.6200008392334,25.7025146484375
22989,20.309999465942383,18.65399932861328
22990,24.350000381469727,23.063507080078125
22991,8.640000343322754,6.090377330780029
22992,60.099998474121094,66.20838928222656
22993,11.739999771118164,9.804926872253418
