,true_depths,predicted_depths
0,57.83000183105469,52.78422546386719
1,4.679999828338623,4.89785623550415
2,5.449999809265137,6.654019832611084
3,28.25,31.080753326416016
4,8.579999923706055,6.5377888679504395
5,44.54999923706055,44.874874114990234
6,21.1299991607666,21.10994529724121
7,38.52000045776367,36.70269012451172
8,14.010000228881836,11.767984390258789
9,25.950000762939453,27.31186294555664
10,28.469999313354492,28.29345703125
11,26.719999313354492,26.73346710205078
12,24.799999237060547,27.79718017578125
13,46.400001525878906,44.770565032958984
14,13.850000381469727,15.274944305419922
15,41.060001373291016,38.7064208984375
16,19.200000762939453,21.507522583007812
17,10.029999732971191,10.123515129089355
18,19.06999969482422,17.125308990478516
19,40.91999816894531,41.18048858642578
20,1.0299999713897705,22.606143951416016
21,53.099998474121094,52.81338119506836
22,34.33000183105469,36.68507385253906
23,30.399999618530273,29.43227767944336
24,42.790000915527344,50.39569854736328
25,14.199999809265137,14.814169883728027
26,45.790000915527344,45.25741195678711
27,50.290000915527344,44.16376495361328
28,30.829999923706055,33.32569885253906
29,51.470001220703125,58.399505615234375
30,34.90999984741211,35.02516174316406
31,37.349998474121094,45.95880889892578
32,13.180000305175781,15.381690979003906
33,13.949999809265137,19.01610565185547
34,11.859999656677246,13.402182579040527
35,32.20000076293945,34.39949417114258
36,9.220000267028809,10.041784286499023
37,29.959999084472656,36.3240966796875
38,27.579999923706055,27.615854263305664
39,39.20000076293945,40.420677185058594
40,52.900001525878906,52.51353454589844
41,2.5899999141693115,1.3278299570083618
42,40.189998626708984,37.58453369140625
43,16.229999542236328,15.506031036376953
44,39.150001525878906,39.08073043823242
45,21.06999969482422,19.281551361083984
46,6.159999847412109,8.309990882873535
47,12.550000190734863,7.7672834396362305
48,11.90999984741211,12.341245651245117
49,35.75,35.09284973144531
50,46.900001525878906,40.286678314208984
51,20.8700008392334,20.212692260742188
52,51.22999954223633,54.175025939941406
53,17.760000228881836,16.758092880249023
54,24.989999771118164,29.02578353881836
55,9.4399995803833,6.577700138092041
56,57.11000061035156,50.70587158203125
57,79.7699966430664,69.88249206542969
58,79.9800033569336,71.8133773803711
59,22.579999923706055,24.342077255249023
60,18.899999618530273,16.779930114746094
61,34.40999984741211,36.43980407714844
62,12.029999732971191,12.053359031677246
63,3.930000066757202,3.0921690464019775
64,35.970001220703125,33.59372329711914
65,17.31999969482422,19.335079193115234
66,15.630000114440918,20.744382858276367
67,35.599998474121094,35.625030517578125
68,23.110000610351562,23.541799545288086
69,12.079999923706055,9.018878936767578
70,32.689998626708984,30.88457489013672
71,30.579999923706055,29.858539581298828
72,48.97999954223633,48.28294372558594
73,44.54999923706055,46.08217239379883
74,19.860000610351562,21.40589714050293
75,27.399999618530273,27.898174285888672
76,41.06999969482422,36.25729751586914
77,33.369998931884766,34.59074783325195
78,14.760000228881836,16.202787399291992
79,40.040000915527344,38.67313766479492
80,16.200000762939453,14.435863494873047
81,40.959999084472656,43.70726013183594
82,8.399999618530273,8.280404090881348
83,20.65999984741211,21.938068389892578
84,25.93000030517578,24.90264320373535
85,49.25,48.84113693237305
86,56.959999084472656,58.88034439086914
87,8.760000228881836,10.618087768554688
88,26.799999237060547,27.231651306152344
89,18.889999389648438,18.898529052734375
90,13.489999771118164,11.482786178588867
91,22.329999923706055,21.191320419311523
92,16.709999084472656,15.995577812194824
93,46.439998626708984,45.897945404052734
94,14.640000343322754,15.680045127868652
95,37.220001220703125,36.85524368286133
96,21.59000015258789,22.73172950744629
97,20.93000030517578,17.992250442504883
98,20.229999542236328,20.567089080810547
99,27.6200008392334,21.13318634033203
100,49.060001373291016,53.304141998291016
101,16.90999984741211,16.77448272705078
102,18.420000076293945,17.692171096801758
103,56.36000061035156,58.08527374267578
104,25.760000228881836,27.217029571533203
105,39.59000015258789,35.97852325439453
106,67.2699966430664,64.69593811035156
107,21.719999313354492,26.551025390625
108,13.800000190734863,21.759084701538086
109,38.369998931884766,33.75506591796875
110,42.27000045776367,41.12282943725586
111,28.239999771118164,31.066059112548828
112,20.760000228881836,16.99701690673828
113,20.43000030517578,22.182315826416016
114,9.430000305175781,10.157601356506348
115,71.66999816894531,67.40815734863281
116,42.599998474121094,43.364952087402344
117,42.95000076293945,35.559059143066406
118,33.5,37.13018798828125
119,26.200000762939453,24.76017951965332
120,32.5,32.16365432739258
121,25.649999618530273,27.166515350341797
122,22.299999237060547,23.066959381103516
123,14.020000457763672,12.840608596801758
124,43.97999954223633,45.478633880615234
125,7.21999979019165,6.838042736053467
126,25.520000457763672,25.724075317382812
127,15.010000228881836,17.65432357788086
128,67.5199966430664,64.29261016845703
129,41.529998779296875,43.6026611328125
130,71.0199966430664,70.39599609375
131,17.75,15.744633674621582
132,15.100000381469727,18.835622787475586
133,44.060001373291016,46.64458465576172
134,7.739999771118164,8.438899040222168
135,5.070000171661377,6.715766906738281
136,6.079999923706055,6.418915748596191
137,11.739999771118164,13.718058586120605
138,16.809999465942383,16.15339469909668
139,7.230000019073486,5.197910785675049
140,74.5199966430664,65.18824005126953
141,6.980000019073486,7.541366100311279
142,35.9900016784668,33.85670852661133
143,8.869999885559082,9.054585456848145
144,34.060001373291016,35.315250396728516
145,31.549999237060547,28.050710678100586
146,10.5,10.023003578186035
147,31.75,35.238250732421875
148,15.270000457763672,15.437297821044922
149,36.869998931884766,32.15188217163086
150,42.279998779296875,36.62986755371094
151,5.449999809265137,4.358123302459717
152,36.470001220703125,31.581926345825195
153,11.710000038146973,12.10877799987793
154,6.800000190734863,8.296881675720215
155,42.040000915527344,43.06462860107422
156,23.420000076293945,18.073652267456055
157,34.56999969482422,35.68392562866211
158,16.989999771118164,15.7468843460083
159,9.960000038146973,10.634843826293945
160,23.0,22.144006729125977
161,32.2599983215332,33.67137145996094
162,27.1299991607666,29.548707962036133
163,31.40999984741211,32.930274963378906
164,29.829999923706055,28.254024505615234
165,25.559999465942383,28.291120529174805
166,12.489999771118164,13.526837348937988
167,6.190000057220459,7.475249767303467
168,18.81999969482422,19.222148895263672
169,54.63999938964844,59.3370361328125
170,33.9900016784668,33.15509033203125
171,17.579999923706055,16.372962951660156
172,26.81999969482422,24.943483352661133
173,6.199999809265137,6.198153018951416
174,35.45000076293945,28.11272430419922
175,8.170000076293945,8.275286674499512
176,17.940000534057617,18.42194175720215
177,28.559999465942383,28.865205764770508
178,9.869999885559082,9.744803428649902
179,25.700000762939453,24.676448822021484
180,17.149999618530273,16.389850616455078
181,70.11000061035156,66.20660400390625
182,46.7400016784668,53.468135833740234
183,43.310001373291016,41.77914810180664
184,24.510000228881836,25.371686935424805
185,1.409999966621399,0.3958975374698639
186,12.680000305175781,13.854320526123047
187,45.5099983215332,49.86958694458008
188,11.569999694824219,11.604934692382812
189,23.3799991607666,22.891159057617188
190,33.119998931884766,32.13758850097656
191,8.279999732971191,9.36910629272461
192,41.83000183105469,40.7210693359375
193,46.189998626708984,42.42692565917969
194,34.290000915527344,31.542757034301758
195,21.299999237060547,25.172542572021484
196,11.050000190734863,10.474288940429688
197,7.110000133514404,7.4443535804748535
198,39.720001220703125,39.248626708984375
199,71.87999725341797,65.72681427001953
200,37.9900016784668,42.23389434814453
201,30.09000015258789,31.97563934326172
202,23.520000457763672,20.840591430664062
203,63.61000061035156,58.571895599365234
204,24.31999969482422,27.935625076293945
205,39.630001068115234,44.566795349121094
206,43.54999923706055,41.11983871459961
207,50.59000015258789,48.26283264160156
208,17.940000534057617,11.935803413391113
209,9.289999961853027,8.3851957321167
210,8.800000190734863,10.894845008850098
211,1.9800000190734863,7.454318523406982
212,58.150001525878906,56.08970260620117
213,39.66999816894531,45.35017395019531
214,28.940000534057617,28.795761108398438
215,54.119998931884766,51.054771423339844
216,47.5099983215332,48.070613861083984
217,37.29999923706055,41.63895797729492
218,74.47000122070312,66.68963623046875
219,3.25,8.0088529586792
220,34.9900016784668,32.62873077392578
221,16.329999923706055,14.158529281616211
222,13.1899995803833,11.718074798583984
223,8.649999618530273,7.730790138244629
224,2.5999999046325684,7.263171195983887
225,33.65999984741211,32.63838195800781
226,24.829999923706055,28.278154373168945
227,4.320000171661377,4.195364475250244
228,6.739999771118164,4.471027374267578
229,8.369999885559082,8.700178146362305
230,42.060001373291016,41.6251220703125
231,47.02000045776367,46.101585388183594
232,34.060001373291016,34.021209716796875
233,21.440000534057617,24.86201286315918
234,12.989999771118164,13.298612594604492
235,38.7599983215332,41.99415588378906
236,13.350000381469727,12.204168319702148
237,12.109999656677246,13.00965690612793
238,27.549999237060547,26.698156356811523
239,5.0,3.4849281311035156
240,27.790000915527344,30.507831573486328
241,30.100000381469727,35.16057586669922
242,38.2599983215332,39.50008773803711
243,15.25,14.392723083496094
244,19.350000381469727,21.1378116607666
245,45.93000030517578,44.58041763305664
246,63.08000183105469,61.43977355957031
247,25.1299991607666,24.973752975463867
248,45.43000030517578,42.04189682006836
249,46.04999923706055,49.9765625
250,6.900000095367432,10.149178504943848
251,51.15999984741211,41.34606170654297
252,15.369999885559082,14.520428657531738
253,16.5,16.208675384521484
254,51.70000076293945,51.39875030517578
255,39.720001220703125,37.01245880126953
256,27.610000610351562,24.84431266784668
257,42.58000183105469,42.98149871826172
258,2.1600000858306885,8.336204528808594
259,25.850000381469727,23.549560546875
260,31.40999984741211,31.866474151611328
261,20.520000457763672,18.953948974609375
262,6.559999942779541,9.193013191223145
263,11.930000305175781,11.87504768371582
264,3.2699999809265137,0.0031504689250141382
265,19.780000686645508,13.577993392944336
266,16.649999618530273,14.419880867004395
267,35.0,37.5731315612793
268,32.119998931884766,32.61276626586914
269,27.540000915527344,28.211225509643555
270,34.47999954223633,36.829586029052734
271,32.81999969482422,29.63687515258789
272,27.6200008392334,27.918245315551758
273,9.279999732971191,9.269498825073242
274,21.6299991607666,22.72606658935547
275,3.690000057220459,19.339298248291016
276,46.27000045776367,42.674156188964844
277,33.279998779296875,33.93791198730469
278,17.56999969482422,16.964153289794922
279,17.31999969482422,15.333734512329102
280,49.56999969482422,44.41569137573242
281,10.569999694824219,8.78542423248291
282,6.900000095367432,6.332796096801758
283,34.56999969482422,27.16964340209961
284,32.470001220703125,32.51380920410156
285,39.43000030517578,48.29126739501953
286,29.559999465942383,29.653858184814453
287,8.609999656677246,7.119226932525635
288,30.489999771118164,30.43479347229004
289,53.650001525878906,53.78414535522461
290,53.029998779296875,52.59686279296875
291,28.520000457763672,25.92232322692871
292,23.8700008392334,22.87348175048828
293,15.279999732971191,16.701976776123047
294,21.329999923706055,28.351152420043945
295,28.770000457763672,25.206707000732422
296,43.58000183105469,45.75444793701172
297,43.0099983215332,45.845211029052734
298,14.449999809265137,17.292388916015625
299,25.329999923706055,25.416654586791992
300,31.3799991607666,32.61392593383789
301,32.310001373291016,35.27914810180664
302,28.610000610351562,27.212635040283203
303,23.989999771118164,24.88467788696289
304,19.75,19.40757179260254
305,25.149999618530273,26.955238342285156
306,20.959999084472656,16.14227867126465
307,38.08000183105469,36.58503723144531
308,10.9399995803833,12.872953414916992
309,40.5,48.699588775634766
310,35.20000076293945,36.20292282104492
311,35.45000076293945,34.28775405883789
312,37.310001373291016,32.784637451171875
313,65.68000030517578,56.285118103027344
314,3.0999999046325684,3.7335033416748047
315,43.95000076293945,47.640464782714844
316,3.630000114440918,0.8373899459838867
317,2.5199999809265137,1.7111477851867676
318,25.1299991607666,25.827322006225586
319,24.790000915527344,21.729970932006836
320,30.950000762939453,26.518218994140625
321,70.51000213623047,59.96066665649414
322,9.430000305175781,10.91723918914795
323,60.43000030517578,51.154029846191406
324,55.02000045776367,57.18501281738281
325,71.62000274658203,55.452674865722656
326,27.989999771118164,31.738943099975586
327,10.880000114440918,13.32964038848877
328,6.019999980926514,8.883833885192871
329,59.61000061035156,57.53653335571289
330,4.389999866485596,4.703136920928955
331,7.949999809265137,12.926589965820312
332,31.65999984741211,30.772287368774414
333,6.840000152587891,6.116125583648682
334,30.719999313354492,34.72123718261719
335,2.4600000381469727,1.4033634662628174
336,15.59000015258789,18.327119827270508
337,39.70000076293945,37.392242431640625
338,13.800000190734863,14.409950256347656
339,25.600000381469727,27.593242645263672
340,8.020000457763672,9.018380165100098
341,9.710000038146973,10.53911018371582
342,35.290000915527344,37.64458084106445
343,4.96999979019165,2.9856348037719727
344,48.84000015258789,50.596736907958984
345,24.219999313354492,23.739389419555664
346,27.959999084472656,30.615379333496094
347,15.270000457763672,14.475196838378906
348,8.779999732971191,8.070838928222656
349,13.34000015258789,16.44235610961914
350,36.400001525878906,36.60861587524414
351,18.270000457763672,19.502483367919922
352,34.59000015258789,36.314544677734375
353,20.1200008392334,22.01278305053711
354,53.77000045776367,52.67375946044922
355,61.7599983215332,71.21025085449219
356,36.029998779296875,34.87306594848633
357,2.4000000953674316,1.7028393745422363
358,40.02000045776367,42.439857482910156
359,40.16999816894531,33.821434020996094
360,25.8700008392334,21.654138565063477
361,3.8399999141693115,7.188920021057129
362,21.170000076293945,14.671965599060059
363,68.0999984741211,64.07823181152344
364,45.400001525878906,41.87889099121094
365,9.4399995803833,9.943475723266602
366,21.56999969482422,22.09050178527832
367,15.279999732971191,14.487068176269531
368,10.829999923706055,10.373064994812012
369,26.110000610351562,32.031044006347656
370,15.699999809265137,16.17012596130371
371,9.3100004196167,9.502650260925293
372,32.599998474121094,33.15361785888672
373,29.010000228881836,30.955312728881836
374,21.270000457763672,17.584463119506836
375,58.18000030517578,53.821380615234375
376,14.59000015258789,16.95615005493164
377,42.599998474121094,47.134925842285156
378,25.700000762939453,26.09306526184082
379,8.84000015258789,9.380274772644043
380,35.9900016784668,30.90310287475586
381,36.84000015258789,34.688358306884766
382,23.0,20.996980667114258
383,3.259999990463257,3.8194057941436768
384,33.4900016784668,32.77723693847656
385,52.189998626708984,51.929779052734375
386,44.2400016784668,39.298179626464844
387,57.41999816894531,56.23007583618164
388,9.739999771118164,9.476417541503906
389,74.1500015258789,74.06575775146484
390,19.510000228881836,25.017980575561523
391,18.940000534057617,23.70657730102539
392,68.9000015258789,62.721466064453125
393,9.149999618530273,11.683009147644043
394,42.869998931884766,46.69810485839844
395,2.380000114440918,5.679683208465576
396,12.729999542236328,12.924997329711914
397,28.969999313354492,26.608596801757812
398,31.209999084472656,29.20908546447754
399,14.460000038146973,13.682169914245605
400,4.420000076293945,1.5940790176391602
401,18.420000076293945,21.606624603271484
402,24.309999465942383,24.635164260864258
403,72.93000030517578,55.985443115234375
404,13.75,13.75303840637207
405,4.900000095367432,3.701998233795166
406,22.239999771118164,25.744977951049805
407,41.790000915527344,37.55073165893555
408,8.020000457763672,9.541991233825684
409,35.20000076293945,35.366310119628906
410,55.380001068115234,49.513999938964844
411,39.52000045776367,44.14502716064453
412,56.209999084472656,59.29872512817383
413,24.020000457763672,24.375905990600586
414,39.75,41.637908935546875
415,17.969999313354492,18.397308349609375
416,16.360000610351562,18.869064331054688
417,64.77999877929688,63.09746551513672
418,28.059999465942383,31.165660858154297
419,11.649999618530273,10.933146476745605
420,3.6700000762939453,8.320232391357422
421,10.109999656677246,12.484542846679688
422,18.25,23.158082962036133
423,42.630001068115234,38.370513916015625
424,55.38999938964844,54.85830307006836
425,34.33000183105469,35.327335357666016
426,46.27000045776367,44.60801315307617
427,7.480000019073486,4.53561544418335
428,20.670000076293945,20.87895965576172
429,27.969999313354492,26.828880310058594
430,13.970000267028809,12.352190017700195
431,67.18000030517578,61.99547576904297
432,3.359999895095825,3.5510926246643066
433,44.16999816894531,39.19264602661133
434,32.34000015258789,31.539941787719727
435,17.739999771118164,17.878135681152344
436,12.729999542236328,12.74438190460205
437,14.449999809265137,13.626311302185059
438,44.349998474121094,44.38550567626953
439,27.959999084472656,27.501361846923828
440,10.199999809265137,9.644491195678711
441,23.860000610351562,23.101181030273438
442,20.219999313354492,18.10979652404785
443,33.709999084472656,33.92039489746094
444,25.760000228881836,26.92738151550293
445,19.3700008392334,22.76215934753418
446,12.529999732971191,11.455193519592285
447,11.600000381469727,12.142675399780273
448,17.889999389648438,19.224044799804688
449,36.119998931884766,35.40786361694336
450,40.720001220703125,31.734033584594727
451,13.0,13.380608558654785
452,46.81999969482422,49.866859436035156
453,10.970000267028809,8.116527557373047
454,17.200000762939453,17.55169105529785
455,43.52000045776367,48.762489318847656
456,28.280000686645508,27.659183502197266
457,19.040000915527344,20.01219367980957
458,38.380001068115234,37.82160568237305
459,45.470001220703125,40.7362060546875
460,18.600000381469727,17.392621994018555
461,33.650001525878906,34.80356216430664
462,35.790000915527344,38.5928955078125
463,23.8700008392334,24.080005645751953
464,10.90999984741211,11.33964729309082
465,10.420000076293945,5.709083557128906
466,44.959999084472656,39.89531707763672
467,44.43000030517578,47.05725860595703
468,21.420000076293945,23.838417053222656
469,20.670000076293945,25.864553451538086
470,40.02000045776367,41.36578369140625
471,60.119998931884766,58.37517166137695
472,8.600000381469727,9.612982749938965
473,20.920000076293945,21.431184768676758
474,27.719999313354492,24.715351104736328
475,17.110000610351562,16.54465103149414
476,5.650000095367432,8.29747486114502
477,33.88999938964844,27.597564697265625
478,79.30999755859375,63.22936248779297
479,29.829999923706055,29.239227294921875
480,20.329999923706055,21.30859375
481,23.479999542236328,27.078571319580078
482,20.59000015258789,19.930551528930664
483,35.68000030517578,35.821144104003906
484,5.489999771118164,3.0603036880493164
485,12.25,11.79693603515625
486,37.91999816894531,46.97779083251953
487,38.95000076293945,38.709632873535156
488,27.309999465942383,28.87244987487793
489,7.630000114440918,7.957984447479248
490,56.06999969482422,52.597190856933594
491,23.899999618530273,22.327028274536133
492,9.609999656677246,12.505489349365234
493,7.809999942779541,7.903663635253906
494,50.880001068115234,50.819190979003906
495,36.439998626708984,42.60527038574219
496,20.969999313354492,23.240459442138672
497,39.27000045776367,35.93117904663086
498,42.279998779296875,37.52717208862305
499,18.1299991607666,18.432842254638672
500,8.329999923706055,7.365598678588867
501,46.7400016784668,49.16627883911133
502,20.280000686645508,22.60567855834961
503,10.329999923706055,8.551949501037598
504,33.790000915527344,35.122230529785156
505,21.06999969482422,21.707395553588867
506,24.8700008392334,24.331581115722656
507,2.5199999809265137,8.97357177734375
508,37.72999954223633,41.81425857543945
509,54.189998626708984,40.1507568359375
510,23.899999618530273,24.139266967773438
511,6.730000019073486,9.442752838134766
512,20.329999923706055,21.323501586914062
513,29.020000457763672,30.03494644165039
514,39.9900016784668,41.60707473754883
515,76.31999969482422,64.98504638671875
516,15.09000015258789,15.570246696472168
517,28.989999771118164,30.4962158203125
518,38.75,43.70735168457031
519,13.260000228881836,8.600811958312988
520,36.84000015258789,43.495948791503906
521,58.0099983215332,49.73944854736328
522,47.939998626708984,41.81108093261719
523,17.15999984741211,17.499914169311523
524,68.97000122070312,64.16551971435547
525,12.390000343322754,13.850790023803711
526,25.030000686645508,24.64828109741211
527,16.139999389648438,13.432136535644531
528,16.799999237060547,16.86443519592285
529,22.040000915527344,19.31694793701172
530,32.369998931884766,38.74250411987305
531,10.640000343322754,10.349674224853516
532,28.329999923706055,29.411148071289062
533,10.65999984741211,11.506200790405273
534,68.69999694824219,64.65458679199219
535,10.149999618530273,7.080824375152588
536,35.5,37.54610824584961
537,32.93000030517578,32.19215393066406
538,23.979999542236328,17.984416961669922
539,33.560001373291016,36.255001068115234
540,20.010000228881836,18.89291763305664
541,29.59000015258789,32.426334381103516
542,21.0,20.6973876953125
543,30.469999313354492,30.584632873535156
544,27.139999389648438,30.006250381469727
545,49.20000076293945,54.28416442871094
546,42.29999923706055,41.56685256958008
547,18.40999984741211,18.931926727294922
548,9.819999694824219,8.719939231872559
549,26.110000610351562,30.96725845336914
550,18.219999313354492,16.673254013061523
551,20.959999084472656,21.018699645996094
552,12.34000015258789,11.77151870727539
553,15.539999961853027,17.646568298339844
554,23.190000534057617,24.202945709228516
555,17.190000534057617,19.496105194091797
556,47.79999923706055,46.739566802978516
557,24.399999618530273,25.476070404052734
558,29.3799991607666,27.95693016052246
559,41.5099983215332,49.230064392089844
560,68.73999786376953,66.94917297363281
561,45.11000061035156,42.86198425292969
562,12.880000114440918,15.421177864074707
563,49.52000045776367,47.070213317871094
564,37.52000045776367,33.68278503417969
565,38.84000015258789,35.391387939453125
566,32.52000045776367,30.592023849487305
567,20.760000228881836,26.389911651611328
568,38.119998931884766,43.84989929199219
569,20.010000228881836,21.228288650512695
570,42.06999969482422,44.214683532714844
571,9.149999618530273,8.378592491149902
572,10.140000343322754,11.368599891662598
573,16.979999542236328,16.85000228881836
574,56.63999938964844,56.44781494140625
575,3.3499999046325684,2.1461985111236572
576,15.699999809265137,15.840238571166992
577,35.150001525878906,33.73522186279297
578,38.619998931884766,40.99384307861328
579,6.409999847412109,10.703954696655273
580,37.099998474121094,39.63397979736328
581,39.59000015258789,40.627235412597656
582,41.959999084472656,38.259788513183594
583,22.31999969482422,23.075281143188477
584,8.720000267028809,7.508830547332764
585,38.349998474121094,30.198205947875977
586,23.889999389648438,26.4388427734375
587,12.5600004196167,13.442985534667969
588,15.079999923706055,15.12407112121582
589,29.979999542236328,29.857088088989258
590,60.08000183105469,62.229698181152344
591,67.79000091552734,65.01900482177734
592,37.970001220703125,36.38209533691406
593,20.360000610351562,19.52265739440918
594,18.8799991607666,16.57555389404297
595,30.209999084472656,32.994651794433594
596,40.560001373291016,38.49698257446289
597,4.0,7.049773216247559
598,3.0,3.620177984237671
599,40.40999984741211,37.432960510253906
600,59.040000915527344,55.657413482666016
601,22.139999389648438,25.63100814819336
602,9.630000114440918,7.193027019500732
603,8.729999542236328,6.919970512390137
604,58.91999816894531,51.131019592285156
605,35.04999923706055,35.05861282348633
606,63.06999969482422,60.5124397277832
607,22.8799991607666,26.2075138092041
608,9.479999542236328,5.819591999053955
609,17.440000534057617,19.933063507080078
610,20.190000534057617,24.77021026611328
611,28.610000610351562,29.289220809936523
612,54.33000183105469,49.360633850097656
613,49.04999923706055,53.006370544433594
614,30.31999969482422,27.500106811523438
615,40.380001068115234,33.553611755371094
616,48.52000045776367,47.54243469238281
617,21.889999389648438,23.390125274658203
618,2.9800000190734863,3.971532106399536
619,56.25,48.980228424072266
620,13.630000114440918,18.332134246826172
621,39.779998779296875,40.632991790771484
622,11.270000457763672,10.219318389892578
623,30.979999542236328,35.127296447753906
624,29.93000030517578,29.27614402770996
625,33.54999923706055,37.023536682128906
626,28.790000915527344,27.733989715576172
627,63.369998931884766,63.44231033325195
628,2.819999933242798,1.7998805046081543
629,41.41999816894531,42.79497528076172
630,20.100000381469727,19.174243927001953
631,11.4399995803833,11.870314598083496
632,15.449999809265137,13.638397216796875
633,27.510000228881836,30.023855209350586
634,53.400001525878906,51.69139862060547
635,29.329999923706055,32.15940856933594
636,34.68000030517578,34.65397644042969
637,5.460000038146973,5.984670162200928
638,21.860000610351562,19.735877990722656
639,25.829999923706055,26.578014373779297
640,18.420000076293945,15.272014617919922
641,11.369999885559082,4.867674827575684
642,47.84000015258789,50.0394287109375
643,23.799999237060547,23.689777374267578
644,6.75,6.605297088623047
645,53.13999938964844,48.97217559814453
646,37.7400016784668,39.507476806640625
647,9.25,6.896061420440674
648,16.459999084472656,12.743483543395996
649,22.079999923706055,21.516616821289062
650,10.720000267028809,9.158655166625977
651,27.6200008392334,28.879671096801758
652,16.8799991607666,15.53837776184082
653,47.20000076293945,45.785743713378906
654,25.139999389648438,21.144006729125977
655,20.200000762939453,21.32905387878418
656,8.229999542236328,6.810279369354248
657,10.829999923706055,11.88174819946289
658,35.84000015258789,39.61558532714844
659,9.039999961853027,6.708626747131348
660,50.630001068115234,51.17826461791992
661,7.360000133514404,5.4495649337768555
662,19.299999237060547,17.17389678955078
663,7.110000133514404,7.401948928833008
664,29.219999313354492,30.158203125
665,54.20000076293945,50.77370834350586
666,2.7699999809265137,4.923116207122803
667,26.489999771118164,23.195707321166992
668,21.649999618530273,36.56294631958008
669,60.939998626708984,58.79592514038086
670,22.40999984741211,23.30824089050293
671,39.15999984741211,47.29978561401367
672,23.81999969482422,24.909664154052734
673,38.0,37.8003044128418
674,40.2599983215332,36.91570281982422
675,30.709999084472656,24.648883819580078
676,43.7400016784668,38.34006118774414
677,38.41999816894531,39.173248291015625
678,47.060001373291016,50.42167282104492
679,12.300000190734863,11.153051376342773
680,71.19000244140625,63.267059326171875
681,10.470000267028809,10.953163146972656
682,12.119999885559082,14.134236335754395
683,54.869998931884766,51.20856475830078
684,32.65999984741211,33.6475944519043
685,41.61000061035156,42.45886993408203
686,32.16999816894531,39.98844909667969
687,47.439998626708984,50.370330810546875
688,10.5600004196167,10.273843765258789
689,10.039999961853027,10.87232494354248
690,53.04999923706055,52.728031158447266
691,38.18000030517578,40.10824966430664
692,25.100000381469727,26.12316131591797
693,8.529999732971191,10.065957069396973
694,38.290000915527344,36.92285919189453
695,29.780000686645508,29.59761619567871
696,13.470000267028809,17.065433502197266
697,7.360000133514404,6.841518402099609
698,26.610000610351562,26.776430130004883
699,47.599998474121094,50.50791549682617
700,33.029998779296875,29.988346099853516
701,36.34000015258789,30.52193260192871
702,23.100000381469727,24.48383140563965
703,13.069999694824219,14.502442359924316
704,23.270000457763672,22.908727645874023
705,55.83000183105469,58.05573272705078
706,45.13999938964844,39.468711853027344
707,40.72999954223633,37.509769439697266
708,29.75,29.04907989501953
709,13.84000015258789,13.62392520904541
710,31.5,31.293245315551758
711,31.389999389648438,35.86979293823242
712,22.6200008392334,23.481956481933594
713,23.389999389648438,25.39529800415039
714,39.400001525878906,36.086307525634766
715,19.610000610351562,16.66152572631836
716,15.649999618530273,15.360769271850586
717,18.170000076293945,18.91592788696289
718,3.5899999141693115,8.142461776733398
719,58.130001068115234,46.69247055053711
720,23.350000381469727,22.191822052001953
721,22.850000381469727,22.29481315612793
722,11.649999618530273,12.950778007507324
723,28.239999771118164,28.138877868652344
724,12.470000267028809,12.042207717895508
725,15.510000228881836,15.192750930786133
726,42.849998474121094,37.765594482421875
727,9.670000076293945,10.67242431640625
728,24.81999969482422,25.5122013092041
729,43.04999923706055,42.102352142333984
730,18.520000457763672,16.799081802368164
731,34.439998626708984,33.73522186279297
732,37.720001220703125,39.98003005981445
733,7.070000171661377,7.828265190124512
734,38.439998626708984,34.907615661621094
735,3.880000114440918,10.898294448852539
736,31.579999923706055,52.913108825683594
737,50.11000061035156,46.41991424560547
738,21.729999542236328,22.130884170532227
739,29.540000915527344,25.932483673095703
740,23.860000610351562,25.889570236206055
741,38.68000030517578,36.24807357788086
742,49.83000183105469,44.73749923706055
743,21.639999389648438,23.29245376586914
744,33.7599983215332,29.317453384399414
745,25.3799991607666,28.077524185180664
746,25.350000381469727,26.909000396728516
747,30.59000015258789,28.132862091064453
748,8.3100004196167,9.266908645629883
749,14.770000457763672,14.680485725402832
750,25.809999465942383,23.822933197021484
751,28.5,30.704687118530273
752,13.729999542236328,12.9757080078125
753,1.350000023841858,7.87340784072876
754,59.83000183105469,61.08822250366211
755,17.110000610351562,16.382543563842773
756,23.1299991607666,23.146268844604492
757,24.979999542236328,29.360179901123047
758,39.56999969482422,38.662811279296875
759,48.5099983215332,47.61635971069336
760,49.790000915527344,52.17210388183594
761,48.29999923706055,41.69363021850586
762,5.239999771118164,9.788145065307617
763,30.010000228881836,38.85650634765625
764,34.810001373291016,34.32962417602539
765,10.520000457763672,10.655367851257324
766,15.9399995803833,16.309062957763672
767,29.190000534057617,28.230993270874023
768,16.93000030517578,17.21332359313965
769,74.30999755859375,64.80731964111328
770,18.31999969482422,15.217840194702148
771,23.670000076293945,23.122058868408203
772,30.1299991607666,32.56875991821289
773,3.869999885559082,2.9270830154418945
774,41.13999938964844,41.09506607055664
775,53.869998931884766,55.43547821044922
776,27.739999771118164,27.598846435546875
777,38.20000076293945,40.5114631652832
778,5.760000228881836,3.0376524925231934
779,5.300000190734863,6.838096618652344
780,12.640000343322754,13.55627727508545
781,10.149999618530273,8.524463653564453
782,61.959999084472656,54.79442596435547
783,15.069999694824219,16.080677032470703
784,18.450000762939453,17.42621612548828
785,27.489999771118164,26.92074203491211
786,8.220000267028809,6.982907772064209
787,34.27000045776367,30.101600646972656
788,39.0099983215332,38.81016540527344
789,36.20000076293945,36.926448822021484
790,5.670000076293945,7.094448089599609
791,52.36000061035156,56.985450744628906
792,52.459999084472656,47.88151931762695
793,30.559999465942383,31.635831832885742
794,46.650001525878906,46.66917037963867
795,40.84000015258789,43.420448303222656
796,13.9399995803833,14.118077278137207
797,34.060001373291016,31.724700927734375
798,33.08000183105469,32.229618072509766
799,35.5099983215332,33.52882385253906
800,47.56999969482422,48.10062789916992
801,8.760000228881836,8.001758575439453
802,36.189998626708984,33.23305892944336
803,45.880001068115234,47.584720611572266
804,58.369998931884766,51.44560241699219
805,15.75,18.610700607299805
806,28.059999465942383,23.969356536865234
807,28.040000915527344,25.450578689575195
808,21.639999389648438,18.072715759277344
809,20.56999969482422,21.333738327026367
810,8.3100004196167,8.298688888549805
811,36.83000183105469,42.322410583496094
812,39.70000076293945,39.84117889404297
813,13.479999542236328,19.6904354095459
814,74.94000244140625,73.03289794921875
815,18.350000381469727,17.93256950378418
816,23.479999542236328,23.29322624206543
817,7.21999979019165,9.646859169006348
818,16.6299991607666,15.683194160461426
819,70.2699966430664,57.52880859375
820,9.390000343322754,9.741575241088867
821,54.189998626708984,53.487220764160156
822,36.619998931884766,37.87013626098633
823,65.83999633789062,66.40745544433594
824,4.559999942779541,7.158096790313721
825,11.40999984741211,10.561427116394043
826,53.040000915527344,50.144981384277344
827,24.200000762939453,25.031145095825195
828,29.75,28.734760284423828
829,11.130000114440918,10.033258438110352
830,3.9800000190734863,5.935081481933594
831,52.43000030517578,50.670108795166016
832,30.06999969482422,30.292381286621094
833,33.880001068115234,30.240257263183594
834,37.97999954223633,35.26902389526367
835,4.019999980926514,17.490291595458984
836,31.809999465942383,29.13040542602539
837,12.130000114440918,9.898587226867676
838,15.489999771118164,22.313024520874023
839,28.239999771118164,27.69475746154785
840,3.369999885559082,9.436338424682617
841,6.579999923706055,4.610446453094482
842,11.3100004196167,11.578916549682617
843,33.540000915527344,30.71595001220703
844,12.770000457763672,12.559178352355957
845,8.100000381469727,2.2183055877685547
846,11.949999809265137,13.703324317932129
847,16.270000457763672,15.408479690551758
848,33.04999923706055,34.93495559692383
849,40.95000076293945,39.23094177246094
850,73.87999725341797,64.12779998779297
851,39.72999954223633,40.84811019897461
852,5.050000190734863,5.76041841506958
853,23.56999969482422,21.93414306640625
854,32.369998931884766,31.27396583557129
855,27.8799991607666,29.455928802490234
856,69.5999984741211,67.60675048828125
857,37.4900016784668,29.529159545898438
858,39.70000076293945,40.56865692138672
859,4.079999923706055,2.892862319946289
860,35.209999084472656,34.54815673828125
861,32.08000183105469,28.509140014648438
862,21.56999969482422,24.6629638671875
863,12.350000381469727,10.105907440185547
864,25.719999313354492,24.300268173217773
865,23.229999542236328,22.05716323852539
866,7.78000020980835,7.297230243682861
867,34.91999816894531,33.152095794677734
868,6.78000020980835,11.234946250915527
869,9.15999984741211,11.0621337890625
870,33.150001525878906,33.08146286010742
871,26.440000534057617,26.723817825317383
872,47.83000183105469,45.389522552490234
873,33.70000076293945,29.258468627929688
874,33.720001220703125,30.62576675415039
875,14.979999542236328,13.667366981506348
876,18.1200008392334,17.3922061920166
877,34.7599983215332,32.347755432128906
878,7.03000020980835,6.159216403961182
879,47.11000061035156,54.127197265625
880,25.940000534057617,28.83881950378418
881,4.039999961853027,1.1143479347229004
882,46.16999816894531,40.62348937988281
883,11.619999885559082,12.659353256225586
884,35.279998779296875,35.865535736083984
885,10.789999961853027,10.502782821655273
886,36.88999938964844,32.240684509277344
887,13.619999885559082,14.593245506286621
888,18.530000686645508,21.78768539428711
889,41.33000183105469,44.366729736328125
890,16.440000534057617,16.31216049194336
891,10.869999885559082,12.191996574401855
892,15.859999656677246,13.740479469299316
893,10.239999771118164,7.535989284515381
894,38.91999816894531,38.674903869628906
895,17.920000076293945,18.997634887695312
896,34.709999084472656,29.815383911132812
897,20.020000457763672,20.550609588623047
898,55.52000045776367,57.548316955566406
899,27.110000610351562,27.539493560791016
900,32.36000061035156,25.306900024414062
901,27.959999084472656,27.13050079345703
902,3.9200000762939453,5.0011820793151855
903,29.510000228881836,30.320877075195312
904,15.119999885559082,14.740690231323242
905,22.34000015258789,18.111244201660156
906,33.43000030517578,30.8572940826416
907,42.95000076293945,49.08732604980469
908,7.579999923706055,8.92862319946289
909,41.209999084472656,40.620765686035156
910,34.869998931884766,29.709123611450195
911,21.329999923706055,23.739912033081055
912,23.270000457763672,22.426021575927734
913,36.7400016784668,38.3067626953125
914,1.059999942779541,14.69003963470459
915,37.36000061035156,35.05075454711914
916,31.06999969482422,34.60342788696289
917,21.450000762939453,20.873851776123047
918,78.19999694824219,63.470943450927734
919,12.75,12.167610168457031
920,51.34000015258789,46.44689178466797
921,13.699999809265137,17.38971710205078
922,31.770000457763672,28.201099395751953
923,28.90999984741211,26.152637481689453
924,50.11000061035156,42.35373306274414
925,50.720001220703125,52.22645568847656
926,8.489999771118164,7.036195755004883
927,46.79999923706055,48.52301025390625
928,37.97999954223633,34.664283752441406
929,33.970001220703125,33.009403228759766
930,5.340000152587891,5.219880104064941
931,55.029998779296875,51.240909576416016
932,17.579999923706055,16.43208122253418
933,5.820000171661377,9.699544906616211
934,15.3100004196167,14.551907539367676
935,20.850000381469727,22.493144989013672
936,32.400001525878906,33.20846176147461
937,45.09000015258789,42.217620849609375
938,20.190000534057617,23.64214324951172
939,22.520000457763672,26.063419342041016
940,7.769999980926514,6.192378520965576
941,27.829999923706055,28.371219635009766
942,22.149999618530273,20.914283752441406
943,53.09000015258789,45.01085662841797
944,38.029998779296875,37.19483184814453
945,11.579999923706055,13.773276329040527
946,37.13999938964844,35.614356994628906
947,12.109999656677246,12.774005889892578
948,39.52000045776367,52.841651916503906
949,44.849998474121094,44.377723693847656
950,52.689998626708984,48.86394119262695
951,3.630000114440918,5.533007621765137
952,20.350000381469727,34.14842987060547
953,16.93000030517578,18.763689041137695
954,13.359999656677246,12.138094902038574
955,19.459999084472656,18.674297332763672
956,31.610000610351562,27.98644256591797
957,30.639999389648438,33.5019416809082
958,45.900001525878906,46.74589920043945
959,6.239999771118164,6.567327499389648
960,65.27999877929688,60.73668670654297
961,33.27000045776367,33.75605010986328
962,12.0600004196167,9.800480842590332
963,23.68000030517578,22.927759170532227
964,28.399999618530273,30.10078239440918
965,9.979999542236328,4.3044657707214355
966,30.010000228881836,29.068151473999023
967,27.690000534057617,48.56367492675781
968,51.13999938964844,47.68810272216797
969,39.029998779296875,36.33822250366211
970,23.549999237060547,23.174453735351562
971,20.239999771118164,19.507352828979492
972,62.20000076293945,48.4031982421875
973,19.329999923706055,18.43429183959961
974,32.13999938964844,37.68278121948242
975,16.770000457763672,18.280683517456055
976,28.90999984741211,27.52718734741211
977,20.09000015258789,18.520132064819336
978,17.700000762939453,17.790136337280273
979,10.710000038146973,8.77194881439209
980,29.549999237060547,30.658878326416016
981,5.639999866485596,9.067353248596191
982,31.979999542236328,27.589305877685547
983,26.239999771118164,25.41680908203125
984,32.560001373291016,33.109642028808594
985,26.690000534057617,27.127952575683594
986,16.020000457763672,15.792346954345703
987,52.689998626708984,55.33103942871094
988,29.510000228881836,28.856794357299805
989,26.469999313354492,28.015512466430664
990,18.829999923706055,21.1378173828125
991,33.77000045776367,35.85572052001953
992,36.47999954223633,34.97011947631836
993,37.81999969482422,40.08421325683594
994,32.349998474121094,30.5851993560791
995,11.800000190734863,11.097911834716797
996,33.150001525878906,32.30748748779297
997,12.25,12.806281089782715
998,21.190000534057617,23.458965301513672
999,2.299999952316284,0.34658369421958923
1000,18.260000228881836,22.026723861694336
1001,29.030000686645508,31.15751075744629
1002,36.029998779296875,39.30696487426758
1003,31.139999389648438,31.94369888305664
1004,30.450000762939453,32.835880279541016
1005,26.68000030517578,23.102596282958984
1006,15.170000076293945,16.41302490234375
1007,34.34000015258789,35.119712829589844
1008,29.65999984741211,29.75959587097168
1009,46.060001373291016,46.810142517089844
1010,6.900000095367432,9.801996231079102
1011,31.139999389648438,36.04145050048828
1012,36.31999969482422,38.381492614746094
1013,69.51000213623047,64.68791198730469
1014,4.510000228881836,4.499044418334961
1015,19.459999084472656,12.647638320922852
1016,64.08999633789062,52.74187469482422
1017,20.989999771118164,19.471744537353516
1018,20.31999969482422,25.371801376342773
1019,7.829999923706055,12.514455795288086
1020,17.850000381469727,17.428529739379883
1021,34.20000076293945,29.01188087463379
1022,30.719999313354492,27.98886489868164
1023,17.90999984741211,17.94597053527832
1024,12.640000343322754,12.649749755859375
1025,34.380001068115234,35.20853805541992
1026,61.689998626708984,58.20838165283203
1027,27.700000762939453,30.265378952026367
1028,66.43000030517578,58.968833923339844
1029,28.799999237060547,29.504344940185547
1030,30.729999542236328,28.503257751464844
1031,15.479999542236328,16.610944747924805
1032,11.9399995803833,13.136232376098633
1033,23.989999771118164,21.566099166870117
1034,48.90999984741211,52.87224197387695
1035,46.689998626708984,47.22753143310547
1036,34.099998474121094,40.09092712402344
1037,26.0,28.277099609375
1038,12.460000038146973,11.815767288208008
1039,7.539999961853027,7.740899562835693
1040,5.150000095367432,9.210373878479004
1041,9.5,11.1699800491333
1042,27.209999084472656,29.88323974609375
1043,30.729999542236328,33.38055419921875
1044,40.970001220703125,44.25740432739258
1045,24.1299991607666,21.291994094848633
1046,17.229999542236328,20.199535369873047
1047,8.0,7.884072303771973
1048,64.81999969482422,65.45486450195312
1049,37.9900016784668,34.69255828857422
1050,43.52000045776367,41.64642333984375
1051,50.16999816894531,46.205230712890625
1052,22.420000076293945,25.447158813476562
1053,60.099998474121094,60.833099365234375
1054,41.130001068115234,36.36138153076172
1055,6.739999771118164,7.997835159301758
1056,55.0099983215332,53.16102981567383
1057,9.609999656677246,12.986543655395508
1058,5.829999923706055,3.131603956222534
1059,52.34000015258789,57.16019058227539
1060,60.060001373291016,51.07731628417969
1061,9.65999984741211,5.2934794425964355
1062,13.0600004196167,16.311433792114258
1063,8.75,9.423710823059082
1064,38.63999938964844,35.63544464111328
1065,8.119999885559082,6.169711589813232
1066,27.670000076293945,29.212017059326172
1067,38.439998626708984,33.86857223510742
1068,17.719999313354492,15.564759254455566
1069,12.199999809265137,13.107491493225098
1070,18.760000228881836,21.41519546508789
1071,3.549999952316284,1.8649635314941406
1072,9.270000457763672,6.527358531951904
1073,30.18000030517578,30.668127059936523
1074,4.039999961853027,8.990623474121094
1075,35.04999923706055,34.5583610534668
1076,31.860000610351562,35.36019515991211
1077,7.309999942779541,4.2926836013793945
1078,8.0,7.495138168334961
1079,47.77000045776367,42.79792404174805
1080,56.650001525878906,61.096923828125
1081,20.139999389648438,19.9976749420166
1082,59.83000183105469,53.324398040771484
1083,37.189998626708984,34.60667419433594
1084,25.5,29.350845336914062
1085,25.0,27.339269638061523
1086,10.430000305175781,10.272356033325195
1087,15.25,15.385683059692383
1088,23.649999618530273,23.973712921142578
1089,46.900001525878906,46.383853912353516
1090,45.2400016784668,45.698646545410156
1091,11.430000305175781,11.420053482055664
1092,17.770000457763672,18.183565139770508
1093,35.90999984741211,37.899330139160156
1094,41.11000061035156,43.927337646484375
1095,47.66999816894531,41.98448944091797
1096,7.599999904632568,6.857479572296143
1097,26.40999984741211,26.480485916137695
1098,25.3799991607666,26.881214141845703
1099,16.329999923706055,17.884307861328125
1100,44.209999084472656,47.96156692504883
1101,25.170000076293945,25.66893768310547
1102,37.25,32.89827346801758
1103,42.56999969482422,42.72954559326172
1104,24.65999984741211,24.304262161254883
1105,24.40999984741211,27.124523162841797
1106,25.59000015258789,27.378925323486328
1107,53.220001220703125,52.76785659790039
1108,28.530000686645508,28.73143768310547
1109,42.02000045776367,35.70058059692383
1110,4.010000228881836,3.8151395320892334
1111,24.170000076293945,24.494796752929688
1112,20.469999313354492,17.03535270690918
1113,48.900001525878906,49.41162872314453
1114,16.209999084472656,18.117000579833984
1115,27.84000015258789,26.26392364501953
1116,33.459999084472656,35.36448669433594
1117,51.58000183105469,45.316104888916016
1118,17.56999969482422,18.48905372619629
1119,3.3499999046325684,3.9220731258392334
1120,30.649999618530273,31.38913917541504
1121,11.210000038146973,9.697046279907227
1122,38.0099983215332,38.65049362182617
1123,33.709999084472656,34.631500244140625
1124,43.040000915527344,46.33244323730469
1125,7.550000190734863,8.732850074768066
1126,20.709999084472656,21.886552810668945
1127,46.68000030517578,37.72187423706055
1128,43.45000076293945,45.55187225341797
1129,43.66999816894531,39.51649475097656
1130,25.299999237060547,26.416818618774414
1131,6.429999828338623,14.159098625183105
1132,26.559999465942383,24.585224151611328
1133,12.489999771118164,12.228983879089355
1134,48.43000030517578,39.388221740722656
1135,32.04999923706055,35.93214797973633
1136,32.849998474121094,32.95867919921875
1137,22.809999465942383,24.959468841552734
1138,64.95999908447266,61.376258850097656
1139,43.619998931884766,43.21769332885742
1140,23.920000076293945,26.141155242919922
1141,50.77000045776367,54.58473205566406
1142,66.33999633789062,54.57781219482422
1143,8.220000267028809,9.003905296325684
1144,24.40999984741211,31.26418685913086
1145,66.86000061035156,65.67801666259766
1146,44.68000030517578,40.89959716796875
1147,38.34000015258789,39.686279296875
1148,8.989999771118164,11.899203300476074
1149,47.709999084472656,51.972679138183594
1150,22.850000381469727,23.291372299194336
1151,36.7400016784668,34.58106994628906
1152,12.0600004196167,11.847938537597656
1153,40.790000915527344,39.453834533691406
1154,8.90999984741211,10.648749351501465
1155,4.139999866485596,4.599761486053467
1156,26.489999771118164,29.009891510009766
1157,25.68000030517578,27.407224655151367
1158,18.780000686645508,17.593534469604492
1159,68.5999984741211,67.43099975585938
1160,21.290000915527344,23.768449783325195
1161,27.729999542236328,32.539527893066406
1162,4.079999923706055,2.3235063552856445
1163,15.25,15.564748764038086
1164,46.869998931884766,45.91331481933594
1165,27.809999465942383,30.618389129638672
1166,10.210000038146973,8.640032768249512
1167,7.210000038146973,6.380166053771973
1168,32.06999969482422,30.26364517211914
1169,22.309999465942383,21.66568374633789
1170,14.289999961853027,11.009310722351074
1171,45.63999938964844,47.05671310424805
1172,11.420000076293945,10.527837753295898
1173,40.84000015258789,42.80657196044922
1174,44.599998474121094,42.928836822509766
1175,62.2400016784668,56.48432922363281
1176,40.13999938964844,43.12211227416992
1177,15.460000038146973,14.013360023498535
1178,17.510000228881836,19.27227783203125
1179,2.299999952316284,3.757169485092163
1180,54.02000045776367,48.15770721435547
1181,10.65999984741211,10.30963134765625
1182,10.960000038146973,13.343328475952148
1183,13.8100004196167,14.805000305175781
1184,11.470000267028809,9.583433151245117
1185,15.289999961853027,15.995696067810059
1186,38.63999938964844,41.022796630859375
1187,20.299999237060547,21.113662719726562
1188,26.110000610351562,29.68843650817871
1189,41.33000183105469,41.618255615234375
1190,16.6200008392334,11.85413646697998
1191,9.520000457763672,15.914610862731934
1192,60.65999984741211,55.137733459472656
1193,25.6200008392334,28.54900360107422
1194,40.4900016784668,39.87800598144531
1195,12.930000305175781,9.579085350036621
1196,9.170000076293945,11.030147552490234
1197,24.459999084472656,24.104597091674805
1198,8.34000015258789,7.931146621704102
1199,49.18000030517578,50.46307373046875
1200,18.09000015258789,16.558881759643555
1201,18.940000534057617,18.820785522460938
1202,31.670000076293945,30.76158332824707
1203,38.099998474121094,35.028343200683594
1204,24.40999984741211,23.29582977294922
1205,28.84000015258789,22.765430450439453
1206,26.219999313354492,33.50721740722656
1207,6.550000190734863,6.359112739562988
1208,29.270000457763672,31.535367965698242
1209,23.75,24.329456329345703
1210,21.780000686645508,23.23379135131836
1211,16.530000686645508,16.87247657775879
1212,47.869998931884766,51.047027587890625
1213,29.43000030517578,27.307388305664062
1214,14.569999694824219,15.599088668823242
1215,12.279999732971191,14.48276424407959
1216,20.639999389648438,20.782222747802734
1217,15.9399995803833,14.064038276672363
1218,62.97999954223633,60.69129943847656
1219,9.140000343322754,7.1974101066589355
1220,58.810001373291016,61.495765686035156
1221,24.450000762939453,26.0418643951416
1222,14.0600004196167,14.973713874816895
1223,34.83000183105469,34.0884895324707
1224,4.110000133514404,4.891918182373047
1225,44.04999923706055,45.761573791503906
1226,8.239999771118164,4.425945281982422
1227,56.41999816894531,53.121437072753906
1228,6.179999828338623,7.378488540649414
1229,13.609999656677246,13.396472930908203
1230,8.710000038146973,7.590065002441406
1231,8.020000457763672,8.001559257507324
1232,45.7599983215332,53.62601852416992
1233,73.4000015258789,74.87496948242188
1234,17.8799991607666,18.358041763305664
1235,16.549999237060547,16.519094467163086
1236,31.389999389648438,34.409912109375
1237,21.5,20.75364112854004
1238,17.1299991607666,18.265859603881836
1239,38.959999084472656,40.053165435791016
1240,16.6200008392334,19.005050659179688
1241,42.06999969482422,46.68887710571289
1242,12.390000343322754,12.68152904510498
1243,23.100000381469727,27.90268898010254
1244,10.819999694824219,9.55848503112793
1245,29.709999084472656,29.65175437927246
1246,38.41999816894531,43.22926330566406
1247,14.020000457763672,9.750597953796387
1248,25.760000228881836,26.086490631103516
1249,9.640000343322754,12.365517616271973
1250,22.799999237060547,24.70684051513672
1251,16.139999389648438,11.740409851074219
1252,6.039999961853027,6.091803073883057
1253,41.59000015258789,43.9361457824707
1254,24.510000228881836,29.257160186767578
1255,14.5,16.822494506835938
1256,39.720001220703125,41.06636047363281
1257,9.460000038146973,9.014453887939453
1258,15.420000076293945,15.588507652282715
1259,33.939998626708984,34.462196350097656
1260,14.869999885559082,15.75581169128418
1261,20.020000457763672,22.38477325439453
1262,19.940000534057617,18.249574661254883
1263,52.20000076293945,48.53640365600586
1264,38.2400016784668,35.90513229370117
1265,6.119999885559082,23.643306732177734
1266,9.890000343322754,9.845502853393555
1267,16.079999923706055,16.863079071044922
1268,24.149999618530273,23.308162689208984
1269,77.41999816894531,67.7263412475586
1270,10.779999732971191,11.477333068847656
1271,21.770000457763672,19.739652633666992
1272,31.219999313354492,34.26191711425781
1273,4.730000019073486,4.074883937835693
1274,6.090000152587891,8.380287170410156
1275,14.649999618530273,14.098061561584473
1276,39.439998626708984,34.2283935546875
1277,21.149999618530273,17.58999252319336
1278,36.97999954223633,34.827598571777344
1279,37.040000915527344,34.37923812866211
1280,12.319999694824219,15.787735939025879
1281,17.690000534057617,17.04311752319336
1282,19.309999465942383,15.423656463623047
1283,28.06999969482422,27.06293487548828
1284,45.72999954223633,44.63683319091797
1285,12.619999885559082,14.89198112487793
1286,14.670000076293945,13.50478458404541
1287,28.1200008392334,29.256376266479492
1288,10.670000076293945,9.176176071166992
1289,37.310001373291016,36.16474151611328
1290,72.2699966430664,68.39178466796875
1291,20.299999237060547,19.680437088012695
1292,20.110000610351562,22.879873275756836
1293,23.760000228881836,26.049850463867188
1294,24.530000686645508,25.917110443115234
1295,3.569999933242798,7.707045078277588
1296,22.049999237060547,26.667463302612305
1297,12.550000190734863,11.429341316223145
1298,9.050000190734863,9.141008377075195
1299,11.529999732971191,7.226749897003174
1300,30.440000534057617,33.47581100463867
1301,26.06999969482422,25.988954544067383
1302,32.83000183105469,35.26401138305664
1303,28.799999237060547,27.398284912109375
1304,24.93000030517578,30.895553588867188
1305,59.560001373291016,60.129947662353516
1306,47.540000915527344,51.27566909790039
1307,35.93000030517578,34.02709197998047
1308,36.4900016784668,36.63526153564453
1309,53.25,54.20002746582031
1310,15.220000267028809,16.134885787963867
1311,8.569999694824219,9.157452583312988
1312,71.87000274658203,74.77500915527344
1313,28.360000610351562,28.046066284179688
1314,8.899999618530273,9.495798110961914
1315,21.700000762939453,20.915241241455078
1316,29.5,28.020763397216797
1317,4.28000020980835,9.830892562866211
1318,24.469999313354492,19.816123962402344
1319,16.209999084472656,16.521488189697266
1320,16.6299991607666,18.088411331176758
1321,23.549999237060547,24.27935218811035
1322,32.099998474121094,32.830543518066406
1323,22.969999313354492,24.793663024902344
1324,10.020000457763672,9.764670372009277
1325,26.149999618530273,28.729881286621094
1326,9.329999923706055,6.238813400268555
1327,38.150001525878906,34.891693115234375
1328,25.06999969482422,26.055822372436523
1329,50.529998779296875,54.031394958496094
1330,20.959999084472656,23.121971130371094
1331,14.710000038146973,13.737700462341309
1332,37.93000030517578,41.00698471069336
1333,60.75,56.31077575683594
1334,12.020000457763672,11.781999588012695
1335,37.43000030517578,43.88326644897461
1336,21.049999237060547,21.247482299804688
1337,12.15999984741211,9.026066780090332
1338,21.889999389648438,22.542322158813477
1339,66.86000061035156,66.92107391357422
1340,16.889999389648438,17.987567901611328
1341,46.72999954223633,47.18428421020508
1342,29.290000915527344,32.742069244384766
1343,45.619998931884766,43.82509231567383
1344,7.099999904632568,7.378399848937988
1345,23.34000015258789,23.5244140625
1346,19.649999618530273,16.5137939453125
1347,18.459999084472656,18.895240783691406
1348,60.900001525878906,55.097415924072266
1349,31.329999923706055,35.40032958984375
1350,16.229999542236328,11.984635353088379
1351,61.09000015258789,57.74566650390625
1352,2.2300000190734863,1.8708420991897583
1353,51.459999084472656,58.314842224121094
1354,23.270000457763672,26.582124710083008
1355,60.959999084472656,58.61149597167969
1356,36.38999938964844,35.08244705200195
1357,7.559999942779541,7.316775321960449
1358,39.56999969482422,45.23815155029297
1359,59.689998626708984,54.28659439086914
1360,28.690000534057617,32.439537048339844
1361,63.220001220703125,59.677005767822266
1362,27.280000686645508,24.385862350463867
1363,15.739999771118164,19.055233001708984
1364,20.399999618530273,16.40955924987793
1365,47.47999954223633,45.82684326171875
1366,9.899999618530273,8.670129776000977
1367,13.369999885559082,12.36425495147705
1368,21.149999618530273,20.816328048706055
1369,19.530000686645508,21.557987213134766
1370,58.47999954223633,46.54059600830078
1371,10.25,12.800763130187988
1372,44.310001373291016,46.38418197631836
1373,16.229999542236328,15.30508804321289
1374,34.900001525878906,34.58399963378906
1375,43.77000045776367,38.61589813232422
1376,36.04999923706055,38.94487762451172
1377,13.899999618530273,13.413479804992676
1378,53.11000061035156,51.73712158203125
1379,36.709999084472656,34.90264892578125
1380,14.399999618530273,12.809331893920898
1381,11.369999885559082,10.357625007629395
1382,14.220000267028809,17.648624420166016
1383,13.4399995803833,14.059385299682617
1384,5.179999828338623,6.81220817565918
1385,48.709999084472656,48.5379753112793
1386,18.59000015258789,14.692037582397461
1387,9.109999656677246,10.957182884216309
1388,61.79999923706055,50.827701568603516
1389,15.369999885559082,16.10837745666504
1390,6.230000019073486,6.020720481872559
1391,11.260000228881836,9.058119773864746
1392,22.239999771118164,21.626455307006836
1393,24.469999313354492,23.885868072509766
1394,30.3700008392334,36.39694595336914
1395,24.989999771118164,26.56941795349121
1396,19.09000015258789,18.626174926757812
1397,2.7899999618530273,5.2846503257751465
1398,23.18000030517578,23.342601776123047
1399,49.7599983215332,40.66038513183594
1400,44.79999923706055,40.497005462646484
1401,52.709999084472656,51.376136779785156
1402,36.40999984741211,38.116539001464844
1403,2.190000057220459,3.2820558547973633
1404,11.100000381469727,11.130396842956543
1405,20.34000015258789,20.51293182373047
1406,35.16999816894531,36.800148010253906
1407,24.610000610351562,28.642620086669922
1408,46.20000076293945,48.13650131225586
1409,42.470001220703125,41.442996978759766
1410,11.260000228881836,10.866325378417969
1411,33.47999954223633,29.485225677490234
1412,32.400001525878906,33.18073272705078
1413,15.75,13.766674041748047
1414,48.150001525878906,52.15264892578125
1415,25.299999237060547,30.754987716674805
1416,13.40999984741211,14.2247896194458
1417,23.149999618530273,25.567861557006836
1418,12.640000343322754,16.644344329833984
1419,7.75,6.541690826416016
1420,46.72999954223633,37.55473327636719
1421,21.739999771118164,22.328411102294922
1422,35.91999816894531,38.24458312988281
1423,15.010000228881836,15.298460006713867
1424,33.380001068115234,38.27275466918945
1425,13.949999809265137,14.91280746459961
1426,7.920000076293945,6.927136421203613
1427,24.68000030517578,26.703590393066406
1428,20.209999084472656,16.707212448120117
1429,45.5099983215332,39.89223098754883
1430,18.899999618530273,18.961769104003906
1431,44.90999984741211,46.458091735839844
1432,29.059999465942383,30.968584060668945
1433,27.079999923706055,29.657442092895508
1434,68.33000183105469,56.58891677856445
1435,70.6500015258789,61.22802734375
1436,34.20000076293945,41.867618560791016
1437,17.15999984741211,15.671257972717285
1438,24.989999771118164,25.71637535095215
1439,42.869998931884766,41.80337905883789
1440,49.52000045776367,38.15977478027344
1441,18.209999084472656,19.570547103881836
1442,35.95000076293945,35.44230270385742
1443,20.170000076293945,21.28468894958496
1444,3.109999895095825,0.6086550951004028
1445,24.229999542236328,21.042888641357422
1446,47.119998931884766,47.30144500732422
1447,51.880001068115234,55.482032775878906
1448,22.420000076293945,20.104814529418945
1449,27.600000381469727,25.112825393676758
1450,53.650001525878906,47.17316818237305
1451,35.7400016784668,35.975135803222656
1452,12.130000114440918,12.27295970916748
1453,42.47999954223633,38.61377716064453
1454,27.450000762939453,32.40263748168945
1455,4.150000095367432,3.4327874183654785
1456,28.979999542236328,28.875261306762695
1457,23.40999984741211,25.646074295043945
1458,28.920000076293945,24.108049392700195
1459,8.989999771118164,12.463380813598633
1460,30.309999465942383,27.747400283813477
1461,31.6200008392334,30.11432647705078
1462,19.389999389648438,18.789663314819336
1463,45.86000061035156,53.19252014160156
1464,14.130000114440918,14.251898765563965
1465,33.38999938964844,34.534324645996094
1466,40.70000076293945,42.007381439208984
1467,50.959999084472656,42.31644821166992
1468,33.86000061035156,35.948585510253906
1469,40.099998474121094,34.77197265625
1470,55.040000915527344,55.420406341552734
1471,7.28000020980835,4.83176851272583
1472,8.119999885559082,5.000005722045898
1473,33.38999938964844,31.65557289123535
1474,39.849998474121094,38.18220138549805
1475,37.119998931884766,36.75216293334961
1476,16.829999923706055,17.727081298828125
1477,25.459999084472656,24.0809268951416
1478,12.930000305175781,13.133011817932129
1479,25.059999465942383,26.224796295166016
1480,24.479999542236328,25.57557487487793
1481,23.31999969482422,21.596187591552734
1482,9.079999923706055,10.514330863952637
1483,73.5,68.19573974609375
1484,42.310001373291016,44.40947723388672
1485,3.569999933242798,1.1362682580947876
1486,35.900001525878906,35.670806884765625
1487,12.430000305175781,15.15794563293457
1488,9.270000457763672,9.816422462463379
1489,15.140000343322754,14.331830024719238
1490,22.639999389648438,24.52681541442871
1491,37.2599983215332,35.83602523803711
1492,66.4800033569336,61.25386047363281
1493,37.029998779296875,35.83696746826172
1494,57.599998474121094,53.56459426879883
1495,40.099998474121094,35.839805603027344
1496,40.45000076293945,38.381229400634766
1497,63.79999923706055,59.62408447265625
1498,50.41999816894531,45.0322265625
1499,29.420000076293945,31.05801773071289
1500,16.889999389648438,14.65733528137207
1501,20.25,20.108783721923828
1502,3.3499999046325684,2.6782424449920654
1503,17.010000228881836,14.15169620513916
1504,18.3799991607666,22.897478103637695
1505,24.65999984741211,24.613189697265625
1506,55.66999816894531,49.05266189575195
1507,29.110000610351562,24.412067413330078
1508,62.41999816894531,63.49300765991211
1509,28.290000915527344,28.457733154296875
1510,19.3799991607666,19.83330535888672
1511,45.7599983215332,52.18158721923828
1512,10.029999732971191,12.057044982910156
1513,70.33000183105469,72.67361450195312
1514,65.91999816894531,66.77793884277344
1515,7.190000057220459,5.119964599609375
1516,27.729999542236328,28.852458953857422
1517,51.849998474121094,50.03459167480469
1518,19.989999771118164,17.96100616455078
1519,23.760000228881836,21.048280715942383
1520,32.97999954223633,32.8189811706543
1521,28.0,30.834217071533203
1522,34.09000015258789,36.57619857788086
1523,11.6899995803833,12.660959243774414
1524,24.90999984741211,42.760929107666016
1525,19.65999984741211,18.836578369140625
1526,75.30999755859375,67.37030029296875
1527,20.31999969482422,21.263826370239258
1528,30.920000076293945,32.00174331665039
1529,17.1200008392334,14.86739730834961
1530,13.199999809265137,15.810203552246094
1531,12.130000114440918,13.695782661437988
1532,45.79999923706055,44.99161911010742
1533,42.880001068115234,47.85460662841797
1534,55.36000061035156,51.195655822753906
1535,23.34000015258789,28.051382064819336
1536,46.56999969482422,39.18952941894531
1537,60.779998779296875,45.57964324951172
1538,11.0600004196167,7.442776203155518
1539,36.369998931884766,34.05476379394531
1540,16.0,13.8418550491333
1541,39.40999984741211,30.4708194732666
1542,33.70000076293945,36.78133773803711
1543,20.190000534057617,20.709875106811523
1544,24.389999389648438,25.3461971282959
1545,52.349998474121094,45.11152648925781
1546,7.03000020980835,6.790463924407959
1547,7.019999980926514,6.89245080947876
1548,19.170000076293945,20.436967849731445
1549,27.299999237060547,27.18938636779785
1550,8.819999694824219,7.9063215255737305
1551,8.800000190734863,9.656201362609863
1552,31.290000915527344,33.686378479003906
1553,29.270000457763672,27.986709594726562
1554,56.650001525878906,45.735595703125
1555,29.920000076293945,26.314781188964844
1556,9.90999984741211,10.91983699798584
1557,15.819999694824219,15.348400115966797
1558,34.65999984741211,40.41963577270508
1559,25.760000228881836,24.019798278808594
1560,17.850000381469727,17.18909454345703
1561,46.060001373291016,48.2569580078125
1562,26.770000457763672,26.768264770507812
1563,21.600000381469727,22.490100860595703
1564,45.810001373291016,39.7355842590332
1565,70.51000213623047,62.63107681274414
1566,53.63999938964844,52.60169219970703
1567,37.83000183105469,42.76463317871094
1568,51.04999923706055,45.567527770996094
1569,24.0,25.360549926757812
1570,33.060001373291016,42.10419464111328
1571,40.91999816894531,41.296199798583984
1572,76.01000213623047,67.84810638427734
1573,6.980000019073486,7.847935676574707
1574,3.1700000762939453,3.660842180252075
1575,37.63999938964844,38.59783935546875
1576,37.65999984741211,32.60934066772461
1577,71.58000183105469,61.251991271972656
1578,28.489999771118164,27.99091339111328
1579,54.65999984741211,61.92280578613281
1580,35.72999954223633,29.250520706176758
1581,9.770000457763672,9.444499969482422
1582,29.200000762939453,29.566356658935547
1583,31.139999389648438,35.436767578125
1584,38.59000015258789,35.182823181152344
1585,48.95000076293945,57.015785217285156
1586,74.61000061035156,56.85264587402344
1587,17.770000457763672,18.210094451904297
1588,39.2599983215332,44.813724517822266
1589,16.489999771118164,15.782173156738281
1590,41.279998779296875,43.53813171386719
1591,35.5,36.659698486328125
1592,13.380000114440918,10.507918357849121
1593,19.350000381469727,19.385215759277344
1594,31.1200008392334,32.87651824951172
1595,8.9399995803833,7.421807765960693
1596,22.860000610351562,22.341020584106445
1597,21.799999237060547,22.46473503112793
1598,9.199999809265137,7.741629123687744
1599,39.18000030517578,39.72342300415039
1600,20.729999542236328,20.278669357299805
1601,8.670000076293945,8.501201629638672
1602,23.8700008392334,24.93877410888672
1603,19.3799991607666,22.119586944580078
1604,4.239999771118164,7.0781426429748535
1605,16.010000228881836,17.835355758666992
1606,12.510000228881836,14.934957504272461
1607,32.7599983215332,31.46489715576172
1608,21.190000534057617,22.009136199951172
1609,57.33000183105469,61.165260314941406
1610,68.5,66.94121551513672
1611,13.920000076293945,14.138181686401367
1612,24.950000762939453,27.55615997314453
1613,41.68000030517578,38.38161849975586
1614,18.979999542236328,19.79584503173828
1615,25.229999542236328,24.990018844604492
1616,40.130001068115234,40.0084114074707
1617,8.289999961853027,11.590253829956055
1618,39.13999938964844,38.139015197753906
1619,4.940000057220459,6.417873382568359
1620,32.349998474121094,32.584896087646484
1621,37.22999954223633,40.60994338989258
1622,13.100000381469727,12.340008735656738
1623,14.8100004196167,13.654291152954102
1624,5.760000228881836,8.881675720214844
1625,3.4600000381469727,2.0556273460388184
1626,69.55999755859375,67.62612915039062
1627,64.12000274658203,63.52471923828125
1628,13.4399995803833,9.70029354095459
1629,54.40999984741211,46.658294677734375
1630,14.699999809265137,10.347025871276855
1631,18.1200008392334,17.71052360534668
1632,30.850000381469727,30.416765213012695
1633,18.18000030517578,17.72712516784668
1634,35.34000015258789,34.01129913330078
1635,13.069999694824219,12.13626766204834
1636,15.8100004196167,15.031623840332031
1637,43.189998626708984,44.31552505493164
1638,27.68000030517578,27.69318389892578
1639,71.91999816894531,68.05840301513672
1640,15.989999771118164,13.184901237487793
1641,48.540000915527344,50.88903045654297
1642,12.5600004196167,15.400045394897461
1643,18.600000381469727,17.478872299194336
1644,21.56999969482422,20.34000587463379
1645,8.899999618530273,9.761128425598145
1646,10.399999618530273,12.356148719787598
1647,18.530000686645508,18.987897872924805
1648,53.849998474121094,54.88527297973633
1649,10.729999542236328,7.8483452796936035
1650,5.510000228881836,7.586993217468262
1651,41.84000015258789,39.09147262573242
1652,7.079999923706055,6.46829891204834
1653,51.86000061035156,50.986881256103516
1654,15.960000038146973,15.953431129455566
1655,7.980000019073486,3.97830867767334
1656,42.25,36.30753707885742
1657,44.5,43.472084045410156
1658,15.25,17.49785804748535
1659,25.780000686645508,23.84096908569336
1660,4.880000114440918,5.387274265289307
1661,73.36000061035156,75.54619598388672
1662,5.900000095367432,5.258244037628174
1663,37.33000183105469,40.224056243896484
1664,11.239999771118164,14.781081199645996
1665,1.659999966621399,2.116997241973877
1666,37.880001068115234,32.40537643432617
1667,67.05999755859375,69.5130615234375
1668,32.869998931884766,32.654457092285156
1669,43.93000030517578,45.46803665161133
1670,35.810001373291016,32.98888397216797
1671,27.8700008392334,29.618236541748047
1672,28.139999389648438,29.784141540527344
1673,17.440000534057617,18.25926971435547
1674,27.600000381469727,31.167631149291992
1675,22.93000030517578,25.336875915527344
1676,33.06999969482422,34.289974212646484
1677,18.360000610351562,18.980783462524414
1678,5.869999885559082,7.74465274810791
1679,6.53000020980835,6.474640846252441
1680,6.559999942779541,5.471181869506836
1681,14.390000343322754,15.578946113586426
1682,32.400001525878906,27.892932891845703
1683,6.130000114440918,6.323958873748779
1684,31.780000686645508,29.658445358276367
1685,20.81999969482422,18.08036994934082
1686,40.79999923706055,34.73855209350586
1687,66.26000213623047,62.63383102416992
1688,19.299999237060547,19.168718338012695
1689,4.369999885559082,7.774558067321777
1690,28.25,29.190750122070312
1691,41.75,47.497222900390625
1692,40.099998474121094,33.48749542236328
1693,7.579999923706055,9.545538902282715
1694,61.91999816894531,59.16828918457031
1695,5.110000133514404,8.403801918029785
1696,34.099998474121094,31.315614700317383
1697,44.060001373291016,45.74934387207031
1698,22.600000381469727,21.666175842285156
1699,23.6200008392334,27.65319061279297
1700,52.279998779296875,47.906585693359375
1701,20.31999969482422,21.5994930267334
1702,45.52000045776367,48.499237060546875
1703,25.1200008392334,14.515411376953125
1704,18.540000915527344,25.725025177001953
1705,33.560001373291016,30.003952026367188
1706,18.899999618530273,17.049842834472656
1707,4.340000152587891,6.91055965423584
1708,24.299999237060547,24.46533966064453
1709,29.219999313354492,29.213092803955078
1710,19.979999542236328,20.007328033447266
1711,40.619998931884766,42.25151824951172
1712,12.15999984741211,12.777039527893066
1713,48.06999969482422,46.85044479370117
1714,30.530000686645508,28.637561798095703
1715,16.360000610351562,20.038036346435547
1716,31.3799991607666,35.08024978637695
1717,4.289999961853027,0.8444551825523376
1718,30.5,30.48509979248047
1719,30.260000228881836,28.04522705078125
1720,20.610000610351562,21.18459701538086
1721,8.329999923706055,11.791621208190918
1722,30.81999969482422,32.03985595703125
1723,71.55000305175781,72.2151107788086
1724,33.40999984741211,32.34474182128906
1725,16.559999465942383,17.59946632385254
1726,67.16000366210938,63.907230377197266
1727,40.209999084472656,40.064903259277344
1728,9.40999984741211,11.57267951965332
1729,16.899999618530273,13.66405963897705
1730,30.520000457763672,32.30870056152344
1731,29.43000030517578,32.62154006958008
1732,65.95999908447266,55.76506805419922
1733,17.030000686645508,17.027263641357422
1734,24.489999771118164,23.61794662475586
1735,28.739999771118164,29.46192169189453
1736,10.109999656677246,10.79289436340332
1737,20.5,20.518306732177734
1738,22.989999771118164,26.861690521240234
1739,14.850000381469727,12.576005935668945
1740,10.479999542236328,10.337248802185059
1741,1.9500000476837158,4.489897727966309
1742,19.25,21.08792495727539
1743,39.630001068115234,37.90414047241211
1744,15.289999961853027,14.087573051452637
1745,39.5,33.98152160644531
1746,21.56999969482422,21.390655517578125
1747,40.36000061035156,35.212257385253906
1748,12.479999542236328,14.452272415161133
1749,41.70000076293945,45.996925354003906
1750,37.369998931884766,44.96418380737305
1751,48.54999923706055,50.6595573425293
1752,24.5,25.166250228881836
1753,12.34000015258789,12.956539154052734
1754,72.05000305175781,67.0180435180664
1755,26.809999465942383,28.777999877929688
1756,29.489999771118164,32.615135192871094
1757,3.3499999046325684,2.639611005783081
1758,45.689998626708984,43.76203155517578
1759,19.8799991607666,21.710126876831055
1760,24.639999389648438,25.287118911743164
1761,21.40999984741211,20.96781349182129
1762,40.70000076293945,41.48943328857422
1763,21.510000228881836,20.122745513916016
1764,9.59000015258789,9.735486030578613
1765,20.079999923706055,19.941438674926758
1766,46.959999084472656,47.271583557128906
1767,14.710000038146973,13.212456703186035
1768,10.65999984741211,11.469505310058594
1769,29.239999771118164,29.74038314819336
1770,10.630000114440918,11.828886985778809
1771,25.079999923706055,27.76973533630371
1772,26.350000381469727,26.594799041748047
1773,29.920000076293945,30.885910034179688
1774,2.430000066757202,4.37308406829834
1775,35.79999923706055,38.72263717651367
1776,28.059999465942383,30.808500289916992
1777,38.22999954223633,38.43252182006836
1778,19.389999389648438,19.641834259033203
1779,6.230000019073486,6.3212151527404785
1780,38.9900016784668,37.25630569458008
1781,7.349999904632568,9.45008373260498
1782,19.530000686645508,21.27749252319336
1783,45.619998931884766,47.27066421508789
1784,20.040000915527344,18.445154190063477
1785,18.290000915527344,20.252593994140625
1786,21.270000457763672,23.53377342224121
1787,36.75,42.57587432861328
1788,13.0600004196167,10.368230819702148
1789,27.649999618530273,26.190998077392578
1790,11.039999961853027,8.928723335266113
1791,57.220001220703125,56.47553253173828
1792,23.239999771118164,22.407974243164062
1793,23.979999542236328,24.542173385620117
1794,3.569999933242798,2.3464624881744385
1795,48.650001525878906,46.355167388916016
1796,31.969999313354492,35.15654754638672
1797,47.7400016784668,46.600746154785156
1798,7.010000228881836,8.52236557006836
1799,3.049999952316284,17.268951416015625
1800,44.470001220703125,42.88069534301758
1801,70.44000244140625,65.92980194091797
1802,31.719999313354492,32.8139762878418
1803,59.060001373291016,55.18962860107422
1804,21.229999542236328,21.954246520996094
1805,22.299999237060547,23.92083168029785
1806,44.959999084472656,35.46526336669922
1807,24.1299991607666,28.084854125976562
1808,31.700000762939453,32.0474853515625
1809,46.810001373291016,53.43971633911133
1810,18.56999969482422,16.189781188964844
1811,47.959999084472656,47.9454460144043
1812,24.049999237060547,33.027767181396484
1813,50.150001525878906,56.659786224365234
1814,21.510000228881836,23.840740203857422
1815,34.31999969482422,36.12016677856445
1816,23.790000915527344,25.498483657836914
1817,6.730000019073486,8.860442161560059
1818,28.790000915527344,30.302268981933594
1819,73.5199966430664,67.31819152832031
1820,57.61000061035156,52.607818603515625
1821,35.4900016784668,36.30473709106445
1822,13.449999809265137,12.6102876663208
1823,25.139999389648438,24.22120475769043
1824,21.790000915527344,25.37273406982422
1825,19.610000610351562,20.296812057495117
1826,17.1200008392334,18.689311981201172
1827,13.380000114440918,13.861738204956055
1828,8.880000114440918,7.508401870727539
1829,25.059999465942383,25.438369750976562
1830,16.260000228881836,16.473373413085938
1831,29.530000686645508,26.829349517822266
1832,3.140000104904175,5.125910758972168
1833,31.700000762939453,35.34161376953125
1834,6.53000020980835,8.513370513916016
1835,13.430000305175781,11.818288803100586
1836,32.369998931884766,34.1982307434082
1837,9.010000228881836,8.646357536315918
1838,19.559999465942383,19.518638610839844
1839,15.90999984741211,14.656928062438965
1840,44.540000915527344,47.82273864746094
1841,19.479999542236328,18.419677734375
1842,31.979999542236328,31.772436141967773
1843,5.539999961853027,4.5573554039001465
1844,11.510000228881836,13.599543571472168
1845,23.270000457763672,23.11648941040039
1846,35.119998931884766,42.97254180908203
1847,14.0,19.570377349853516
1848,13.1899995803833,7.604240894317627
1849,47.2400016784668,47.50894546508789
1850,33.47999954223633,39.36907196044922
1851,25.079999923706055,24.163677215576172
1852,22.530000686645508,20.19449234008789
1853,11.819999694824219,12.052094459533691
1854,10.979999542236328,11.03140640258789
1855,13.8100004196167,15.752881050109863
1856,14.600000381469727,16.494792938232422
1857,23.90999984741211,26.973587036132812
1858,21.1299991607666,20.579463958740234
1859,23.639999389648438,25.45973777770996
1860,11.34000015258789,12.122565269470215
1861,65.80999755859375,64.22150421142578
1862,31.100000381469727,32.59156799316406
1863,73.01000213623047,64.19926452636719
1864,75.12000274658203,72.66741943359375
1865,26.8700008392334,26.996013641357422
1866,25.040000915527344,20.03619956970215
1867,6.869999885559082,4.65315580368042
1868,39.0,33.48186492919922
1869,7.960000038146973,9.446879386901855
1870,23.489999771118164,24.874622344970703
1871,4.989999771118164,2.881845474243164
1872,43.380001068115234,39.07069396972656
1873,18.299999237060547,19.686317443847656
1874,22.690000534057617,19.078392028808594
1875,22.1200008392334,24.38462257385254
1876,63.84000015258789,64.37522888183594
1877,31.030000686645508,30.376354217529297
1878,4.760000228881836,7.934682369232178
1879,31.700000762939453,33.726951599121094
1880,32.27000045776367,36.28410339355469
1881,52.4900016784668,49.976112365722656
1882,26.760000228881836,28.76252555847168
1883,52.290000915527344,46.69001388549805
1884,7.170000076293945,11.640273094177246
1885,12.520000457763672,12.842634201049805
1886,16.059999465942383,18.41567039489746
1887,32.56999969482422,37.26683044433594
1888,21.360000610351562,18.521270751953125
1889,15.069999694824219,12.567716598510742
1890,19.360000610351562,20.337055206298828
1891,26.350000381469727,31.533842086791992
1892,21.459999084472656,23.99733543395996
1893,16.93000030517578,14.180392265319824
1894,50.79999923706055,53.306331634521484
1895,12.270000457763672,13.80856704711914
1896,26.770000457763672,24.87498664855957
1897,21.309999465942383,20.854183197021484
1898,17.709999084472656,19.499990463256836
1899,45.630001068115234,41.81858825683594
1900,45.68000030517578,36.19724655151367
1901,11.239999771118164,10.771106719970703
1902,6.449999809265137,7.806206703186035
1903,27.459999084472656,29.442676544189453
1904,47.13999938964844,41.95661926269531
1905,39.38999938964844,43.251319885253906
1906,12.779999732971191,13.671128273010254
1907,50.9900016784668,56.96394729614258
1908,31.010000228881836,31.32686424255371
1909,28.079999923706055,25.90692138671875
1910,5.860000133514404,7.4788336753845215
1911,6.619999885559082,10.946934700012207
1912,38.59000015258789,42.04157638549805
1913,13.569999694824219,13.384101867675781
1914,69.52999877929688,58.40074157714844
1915,30.719999313354492,28.688579559326172
1916,35.459999084472656,33.6751708984375
1917,20.969999313354492,22.829692840576172
1918,34.099998474121094,29.193803787231445
1919,47.36000061035156,39.42970657348633
1920,11.220000267028809,11.67583179473877
1921,42.119998931884766,43.09751510620117
1922,17.649999618530273,16.077999114990234
1923,55.11000061035156,48.431190490722656
1924,34.040000915527344,32.18764877319336
1925,18.59000015258789,21.5565128326416
1926,31.829999923706055,28.90765380859375
1927,16.8799991607666,17.237930297851562
1928,16.649999618530273,17.095317840576172
1929,29.56999969482422,31.84695053100586
1930,35.349998474121094,31.86311149597168
1931,12.319999694824219,13.937152862548828
1932,5.929999828338623,11.389749526977539
1933,32.810001373291016,32.51384735107422
1934,18.690000534057617,20.312917709350586
1935,46.88999938964844,44.436439514160156
1936,31.170000076293945,33.87881851196289
1937,9.100000381469727,7.724859237670898
1938,44.66999816894531,46.906986236572266
1939,39.130001068115234,40.033931732177734
1940,18.719999313354492,21.729175567626953
1941,18.979999542236328,17.819496154785156
1942,12.40999984741211,11.446981430053711
1943,51.25,44.35383224487305
1944,6.840000152587891,6.657203197479248
1945,20.809999465942383,19.676406860351562
1946,4.179999828338623,7.979786396026611
1947,62.099998474121094,52.160945892333984
1948,31.729999542236328,28.1168212890625
1949,22.40999984741211,21.66910171508789
1950,46.029998779296875,45.02970886230469
1951,23.950000762939453,26.374605178833008
1952,13.199999809265137,10.971054077148438
1953,46.02000045776367,45.36122131347656
1954,57.54999923706055,59.4295768737793
1955,41.25,37.88577651977539
1956,24.920000076293945,26.639183044433594
1957,14.460000038146973,15.824716567993164
1958,38.0099983215332,33.76897048950195
1959,60.810001373291016,48.97888946533203
1960,32.43000030517578,31.05179786682129
1961,16.149999618530273,11.807820320129395
1962,56.189998626708984,54.3565673828125
1963,23.510000228881836,25.468894958496094
1964,31.31999969482422,36.15235137939453
1965,41.790000915527344,44.25727462768555
1966,14.149999618530273,15.05412769317627
1967,25.75,25.80380630493164
1968,22.15999984741211,20.961746215820312
1969,22.610000610351562,23.00346565246582
1970,18.34000015258789,17.288450241088867
1971,21.360000610351562,22.317794799804688
1972,4.510000228881836,6.173093795776367
1973,38.63999938964844,44.43251419067383
1974,8.979999542236328,9.068459510803223
1975,23.5,24.46236801147461
1976,26.06999969482422,27.190908432006836
1977,30.110000610351562,28.640865325927734
1978,31.81999969482422,32.509788513183594
1979,55.70000076293945,50.83171844482422
1980,28.950000762939453,28.81698226928711
1981,64.27999877929688,62.012367248535156
1982,17.770000457763672,15.84838581085205
1983,20.479999542236328,21.187868118286133
1984,11.529999732971191,14.18403148651123
1985,1.5800000429153442,0.00993322767317295
1986,12.130000114440918,11.57586669921875
1987,52.2599983215332,55.865726470947266
1988,20.239999771118164,20.63876724243164
1989,28.549999237060547,27.324655532836914
1990,18.239999771118164,17.652189254760742
1991,36.029998779296875,37.251129150390625
1992,33.2400016784668,31.555387496948242
1993,4.909999847412109,5.584743976593018
1994,9.729999542236328,11.71894359588623
1995,19.559999465942383,20.041133880615234
1996,26.040000915527344,31.087547302246094
1997,26.540000915527344,25.62063980102539
1998,14.760000228881836,13.755892753601074
1999,54.459999084472656,54.105567932128906
2000,43.11000061035156,41.45488357543945
2001,39.0099983215332,36.50653839111328
2002,25.959999084472656,29.610782623291016
2003,14.8100004196167,9.142965316772461
2004,21.670000076293945,24.27735710144043
2005,34.150001525878906,39.13566589355469
2006,25.489999771118164,25.622133255004883
2007,36.97999954223633,32.91932678222656
2008,22.290000915527344,25.68674087524414
2009,53.650001525878906,49.77750778198242
2010,29.8700008392334,29.055803298950195
2011,31.690000534057617,31.127931594848633
2012,19.079999923706055,18.371463775634766
2013,30.760000228881836,25.367460250854492
2014,29.229999542236328,25.57374382019043
2015,14.210000038146973,14.4677734375
2016,1.2899999618530273,0.3011552691459656
2017,32.27000045776367,27.14031982421875
2018,37.7400016784668,36.55209732055664
2019,23.420000076293945,25.852062225341797
2020,31.59000015258789,31.000823974609375
2021,18.360000610351562,18.14697265625
2022,17.530000686645508,15.546887397766113
2023,32.25,28.80061149597168
2024,7.949999809265137,7.905665874481201
2025,10.619999885559082,10.785797119140625
2026,25.649999618530273,24.477798461914062
2027,42.529998779296875,54.09608459472656
2028,27.309999465942383,33.151058197021484
2029,12.069999694824219,13.154640197753906
2030,31.1200008392334,28.723363876342773
2031,29.270000457763672,24.496505737304688
2032,59.79999923706055,51.26030349731445
2033,5.349999904632568,6.173506736755371
2034,35.34000015258789,32.1461296081543
2035,4.579999923706055,4.041197776794434
2036,13.869999885559082,20.725051879882812
2037,30.170000076293945,32.11224365234375
2038,46.029998779296875,46.94319534301758
2039,12.649999618530273,15.094188690185547
2040,50.27000045776367,48.51517868041992
2041,19.729999542236328,20.8979549407959
2042,19.600000381469727,19.934917449951172
2043,3.1500000953674316,3.5067434310913086
2044,15.65999984741211,15.139287948608398
2045,9.420000076293945,10.531974792480469
2046,17.600000381469727,17.031919479370117
2047,22.93000030517578,26.075334548950195
2048,12.25,12.923468589782715
2049,46.349998474121094,42.21837615966797
2050,34.5,31.75809097290039
2051,30.649999618530273,30.41945457458496
2052,12.640000343322754,11.022292137145996
2053,16.530000686645508,17.661968231201172
2054,19.3799991607666,20.00130844116211
2055,20.31999969482422,18.55898666381836
2056,8.890000343322754,11.856619834899902
2057,6.659999847412109,8.862364768981934
2058,26.739999771118164,27.083240509033203
2059,12.220000267028809,14.873991012573242
2060,34.83000183105469,33.65472412109375
2061,37.84000015258789,40.536495208740234
2062,25.860000610351562,27.492687225341797
2063,46.34000015258789,43.39332962036133
2064,53.18000030517578,51.92261505126953
2065,66.55999755859375,62.19385528564453
2066,68.2699966430664,53.16971969604492
2067,31.270000457763672,33.52418518066406
2068,54.56999969482422,39.101531982421875
2069,28.260000228881836,29.08643341064453
2070,41.5099983215332,35.367103576660156
2071,51.43000030517578,45.73921203613281
2072,6.840000152587891,6.501287460327148
2073,46.2400016784668,40.730228424072266
2074,49.93000030517578,45.649818420410156
2075,33.11000061035156,32.48043441772461
2076,32.34000015258789,29.462646484375
2077,54.45000076293945,52.17304992675781
2078,57.290000915527344,54.08700942993164
2079,14.229999542236328,13.575562477111816
2080,59.400001525878906,62.67182922363281
2081,8.520000457763672,9.002948760986328
2082,38.150001525878906,38.54502868652344
2083,35.70000076293945,40.48137283325195
2084,41.900001525878906,54.01960754394531
2085,26.790000915527344,32.274742126464844
2086,22.079999923706055,22.206737518310547
2087,63.220001220703125,61.87483215332031
2088,35.0099983215332,35.98172378540039
2089,38.060001373291016,35.79786682128906
2090,25.920000076293945,27.069435119628906
2091,41.619998931884766,42.69578552246094
2092,23.219999313354492,26.92441177368164
2093,34.08000183105469,34.36184310913086
2094,52.40999984741211,55.992515563964844
2095,7.789999961853027,5.833644866943359
2096,18.65999984741211,14.118866920471191
2097,5.579999923706055,6.92738151550293
2098,32.11000061035156,32.37657928466797
2099,21.209999084472656,21.775188446044922
2100,12.0600004196167,13.490052223205566
2101,29.450000762939453,30.11316680908203
2102,20.93000030517578,21.243762969970703
2103,58.18000030517578,60.355953216552734
2104,40.380001068115234,44.56529235839844
2105,49.349998474121094,41.818153381347656
2106,19.290000915527344,19.51624298095703
2107,16.729999542236328,16.847808837890625
2108,38.459999084472656,38.2033805847168
2109,29.229999542236328,29.80683135986328
2110,10.84000015258789,9.185515403747559
2111,16.760000228881836,27.731895446777344
2112,60.54999923706055,58.923004150390625
2113,10.960000038146973,8.754688262939453
2114,4.199999809265137,7.0899658203125
2115,18.489999771118164,19.824535369873047
2116,44.06999969482422,47.4423828125
2117,23.670000076293945,24.320175170898438
2118,21.5,24.412307739257812
2119,21.829999923706055,20.487932205200195
2120,10.630000114440918,14.700953483581543
2121,28.139999389648438,26.844158172607422
2122,52.22999954223633,50.613746643066406
2123,3.5799999237060547,2.8652498722076416
2124,10.149999618530273,6.060091495513916
2125,13.760000228881836,13.420248031616211
2126,21.229999542236328,22.884841918945312
2127,23.3700008392334,21.735267639160156
2128,54.34000015258789,50.75192642211914
2129,36.08000183105469,38.64525604248047
2130,37.84000015258789,37.9534912109375
2131,9.699999809265137,8.396578788757324
2132,10.75,13.638288497924805
2133,28.739999771118164,28.874765396118164
2134,26.75,27.350191116333008
2135,3.3399999141693115,0.9968303442001343
2136,70.63999938964844,60.982120513916016
2137,20.520000457763672,21.590164184570312
2138,29.600000381469727,27.717254638671875
2139,29.440000534057617,31.658172607421875
2140,24.889999389648438,22.80078125
2141,30.06999969482422,32.486759185791016
2142,46.119998931884766,47.737022399902344
2143,9.539999961853027,8.968928337097168
2144,31.360000610351562,30.000247955322266
2145,29.610000610351562,24.60331153869629
2146,18.889999389648438,19.520156860351562
2147,24.969999313354492,25.790727615356445
2148,11.260000228881836,13.080242156982422
2149,13.699999809265137,13.509973526000977
2150,27.59000015258789,31.439624786376953
2151,14.170000076293945,15.081690788269043
2152,21.850000381469727,20.52384376525879
2153,43.880001068115234,43.05072021484375
2154,37.099998474121094,34.7708625793457
2155,5.159999847412109,5.459511756896973
2156,9.90999984741211,8.354254722595215
2157,45.0,49.88566589355469
2158,47.65999984741211,47.40082550048828
2159,25.510000228881836,29.503963470458984
2160,38.09000015258789,34.77559280395508
2161,23.09000015258789,27.829923629760742
2162,44.189998626708984,39.41975021362305
2163,47.529998779296875,51.56409454345703
2164,38.7400016784668,38.29334259033203
2165,21.670000076293945,22.601171493530273
2166,36.529998779296875,42.077880859375
2167,31.59000015258789,35.9001579284668
2168,26.200000762939453,28.511474609375
2169,6.369999885559082,11.098733901977539
2170,26.989999771118164,28.271591186523438
2171,39.04999923706055,36.163719177246094
2172,14.65999984741211,12.881278991699219
2173,57.02000045776367,57.8651123046875
2174,31.31999969482422,30.5988712310791
2175,44.02000045776367,45.144134521484375
2176,14.130000114440918,14.11564826965332
2177,19.3799991607666,22.332563400268555
2178,17.770000457763672,19.669883728027344
2179,27.3700008392334,29.607545852661133
2180,17.639999389648438,19.083616256713867
2181,10.170000076293945,8.028639793395996
2182,32.41999816894531,31.43832778930664
2183,20.360000610351562,16.598949432373047
2184,16.510000228881836,17.829788208007812
2185,9.289999961853027,9.377151489257812
2186,28.43000030517578,24.758100509643555
2187,18.209999084472656,16.79397964477539
2188,40.06999969482422,40.97493362426758
2189,31.100000381469727,32.119266510009766
2190,3.890000104904175,5.278924942016602
2191,60.560001373291016,55.57234191894531
2192,27.34000015258789,25.3502197265625
2193,23.059999465942383,28.208995819091797
2194,24.610000610351562,24.042545318603516
2195,30.020000457763672,31.156478881835938
2196,17.979999542236328,18.33802604675293
2197,8.789999961853027,9.98914909362793
2198,21.530000686645508,23.20476531982422
2199,25.309999465942383,27.754108428955078
2200,30.09000015258789,31.19232940673828
2201,17.139999389648438,14.643610954284668
2202,45.630001068115234,46.89272689819336
2203,5.590000152587891,7.789910793304443
2204,22.079999923706055,25.006412506103516
2205,48.63999938964844,50.062644958496094
2206,26.0,30.24055290222168
2207,18.93000030517578,20.61250877380371
2208,30.520000457763672,30.284887313842773
2209,33.70000076293945,32.98677444458008
2210,32.95000076293945,33.641998291015625
2211,23.5,21.938369750976562
2212,33.13999938964844,31.864253997802734
2213,26.170000076293945,23.488922119140625
2214,39.630001068115234,46.109130859375
2215,67.88999938964844,68.28324890136719
2216,39.4900016784668,41.65970993041992
2217,71.93000030517578,64.76265716552734
2218,3.6600000858306885,3.019493341445923
2219,31.979999542236328,38.41539001464844
2220,26.280000686645508,28.026893615722656
2221,11.180000305175781,9.588827133178711
2222,30.56999969482422,28.44550323486328
2223,27.479999542236328,30.91734504699707
2224,6.78000020980835,9.013885498046875
2225,52.970001220703125,54.687477111816406
2226,8.670000076293945,7.258551120758057
2227,28.799999237060547,28.91012191772461
2228,22.229999542236328,21.98090362548828
2229,30.700000762939453,35.3338508605957
2230,17.020000457763672,17.02984046936035
2231,37.38999938964844,38.56818771362305
2232,12.420000076293945,12.051580429077148
2233,29.690000534057617,29.750202178955078
2234,38.66999816894531,40.169071197509766
2235,11.880000114440918,14.776838302612305
2236,20.950000762939453,19.76434326171875
2237,53.54999923706055,50.22101974487305
2238,13.369999885559082,11.465847969055176
2239,62.459999084472656,63.810264587402344
2240,35.91999816894531,34.943878173828125
2241,39.16999816894531,36.50710678100586
2242,14.470000267028809,13.918606758117676
2243,16.149999618530273,17.14583969116211
2244,9.869999885559082,11.573141098022461
2245,24.68000030517578,24.952922821044922
2246,32.310001373291016,33.78004455566406
2247,23.149999618530273,25.736454010009766
2248,38.93000030517578,36.42632293701172
2249,11.930000305175781,12.457010269165039
2250,11.210000038146973,11.35224437713623
2251,21.65999984741211,13.786059379577637
2252,13.680000305175781,12.462904930114746
2253,25.979999542236328,22.634069442749023
2254,7.940000057220459,9.887444496154785
2255,12.069999694824219,11.002106666564941
2256,25.360000610351562,26.81825065612793
2257,55.2599983215332,48.39494705200195
2258,31.5,29.053598403930664
2259,9.8100004196167,11.284083366394043
2260,29.709999084472656,28.753053665161133
2261,35.040000915527344,36.12477111816406
2262,63.15999984741211,58.50992202758789
2263,10.619999885559082,10.641788482666016
2264,32.47999954223633,28.801118850708008
2265,11.369999885559082,12.950216293334961
2266,13.680000305175781,14.153639793395996
2267,29.459999084472656,27.113248825073242
2268,27.190000534057617,28.09626007080078
2269,55.31999969482422,62.70690155029297
2270,29.6200008392334,33.23332977294922
2271,3.3499999046325684,3.6392712593078613
2272,6.179999828338623,6.379104137420654
2273,43.849998474121094,43.81126022338867
2274,9.670000076293945,9.812323570251465
2275,35.349998474121094,35.488853454589844
2276,51.189998626708984,54.937965393066406
2277,21.190000534057617,23.04728889465332
2278,31.43000030517578,29.501855850219727
2279,67.6500015258789,62.85566711425781
2280,19.690000534057617,15.293498992919922
2281,34.310001373291016,37.33392333984375
2282,26.65999984741211,25.796878814697266
2283,18.56999969482422,22.929306030273438
2284,37.20000076293945,34.204833984375
2285,61.04999923706055,55.674949645996094
2286,8.600000381469727,8.863436698913574
2287,41.040000915527344,43.35354232788086
2288,40.4900016784668,46.08616256713867
2289,44.11000061035156,46.013671875
2290,23.459999084472656,24.24675178527832
2291,68.7699966430664,68.8311767578125
2292,28.329999923706055,31.689083099365234
2293,15.680000305175781,15.651906967163086
2294,26.739999771118164,31.643579483032227
2295,13.140000343322754,14.961186408996582
2296,39.36000061035156,38.86637878417969
2297,3.9000000953674316,2.043889284133911
2298,16.719999313354492,16.665536880493164
2299,20.760000228881836,22.11902618408203
2300,34.970001220703125,39.77698516845703
2301,34.43000030517578,34.35477828979492
2302,43.90999984741211,38.8721809387207
2303,46.79999923706055,43.683494567871094
2304,36.619998931884766,41.32891082763672
2305,43.09000015258789,42.87479782104492
2306,27.15999984741211,27.393789291381836
2307,35.560001373291016,32.80351638793945
2308,10.699999809265137,13.008286476135254
2309,33.369998931884766,29.99034881591797
2310,30.610000610351562,28.18899917602539
2311,19.780000686645508,17.772994995117188
2312,31.81999969482422,24.26137924194336
2313,48.56999969482422,48.12608337402344
2314,50.63999938964844,52.31489562988281
2315,19.450000762939453,25.37496566772461
2316,42.099998474121094,38.021549224853516
2317,15.449999809265137,16.02071189880371
2318,9.079999923706055,8.302545547485352
2319,67.87000274658203,62.771080017089844
2320,15.390000343322754,13.632966041564941
2321,71.19999694824219,63.83660125732422
2322,7.929999828338623,15.307058334350586
2323,22.100000381469727,23.1825008392334
2324,39.97999954223633,40.473968505859375
2325,10.460000038146973,10.782413482666016
2326,39.810001373291016,45.5855827331543
2327,31.020000457763672,29.590984344482422
2328,1.7400000095367432,0.09046180546283722
2329,63.95000076293945,64.31814575195312
2330,29.600000381469727,28.305070877075195
2331,46.029998779296875,43.09727478027344
2332,26.290000915527344,29.420339584350586
2333,45.380001068115234,53.36613464355469
2334,44.220001220703125,52.037994384765625
2335,56.2400016784668,59.822044372558594
2336,6.349999904632568,7.195803165435791
2337,35.41999816894531,31.671249389648438
2338,29.110000610351562,26.565616607666016
2339,13.859999656677246,14.159280776977539
2340,7.019999980926514,7.781738758087158
2341,20.079999923706055,22.428701400756836
2342,42.900001525878906,38.378822326660156
2343,19.170000076293945,18.75284194946289
2344,51.45000076293945,52.67461395263672
2345,8.399999618530273,10.602266311645508
2346,53.099998474121094,57.94880676269531
2347,21.940000534057617,21.19637107849121
2348,57.369998931884766,57.58308410644531
2349,5.880000114440918,8.457125663757324
2350,30.290000915527344,27.03026008605957
2351,33.689998626708984,40.97101974487305
2352,20.06999969482422,20.076692581176758
2353,32.849998474121094,39.47566223144531
2354,28.479999542236328,27.689374923706055
2355,30.56999969482422,31.073074340820312
2356,46.86000061035156,40.554473876953125
2357,34.43000030517578,31.363628387451172
2358,25.149999618530273,22.882932662963867
2359,13.699999809265137,12.85490608215332
2360,7.429999828338623,7.68614387512207
2361,44.04999923706055,39.09282684326172
2362,37.380001068115234,36.19755172729492
2363,10.75,9.563613891601562
2364,9.90999984741211,10.392736434936523
2365,52.97999954223633,47.80175018310547
2366,23.239999771118164,22.245677947998047
2367,5.690000057220459,7.733170986175537
2368,55.70000076293945,59.839393615722656
2369,42.7400016784668,42.850257873535156
2370,32.86000061035156,31.230134963989258
2371,25.950000762939453,25.195049285888672
2372,62.150001525878906,59.443763732910156
2373,14.729999542236328,14.38262939453125
2374,31.510000228881836,31.018423080444336
2375,46.43000030517578,51.28079605102539
2376,38.61000061035156,34.06526184082031
2377,29.979999542236328,31.624481201171875
2378,37.0099983215332,35.07987976074219
2379,14.039999961853027,13.020125389099121
2380,10.670000076293945,11.838031768798828
2381,41.900001525878906,37.86918258666992
2382,29.059999465942383,28.927574157714844
2383,14.630000114440918,13.533073425292969
2384,33.43000030517578,31.699228286743164
2385,44.68000030517578,52.55516052246094
2386,33.20000076293945,35.70518112182617
2387,59.720001220703125,59.94085693359375
2388,46.4900016784668,45.010765075683594
2389,62.099998474121094,51.30248260498047
2390,29.329999923706055,33.59375
2391,17.639999389648438,15.192242622375488
2392,9.579999923706055,7.431580543518066
2393,37.709999084472656,41.77503204345703
2394,9.5,7.709949493408203
2395,39.31999969482422,39.09667205810547
2396,31.40999984741211,31.66185188293457
2397,13.510000228881836,11.988298416137695
2398,44.27000045776367,37.89714813232422
2399,39.04999923706055,37.358856201171875
2400,19.040000915527344,19.117244720458984
2401,8.84000015258789,21.095483779907227
2402,37.75,33.823814392089844
2403,26.940000534057617,26.974002838134766
2404,49.40999984741211,48.48180389404297
2405,9.75,7.876546859741211
2406,16.639999389648438,18.30188751220703
2407,13.65999984741211,14.32857608795166
2408,49.61000061035156,50.61389923095703
2409,9.270000457763672,11.084892272949219
2410,37.650001525878906,35.143470764160156
2411,14.9399995803833,14.40231704711914
2412,30.56999969482422,35.52672576904297
2413,47.310001373291016,47.25111389160156
2414,22.489999771118164,28.277259826660156
2415,9.399999618530273,10.254624366760254
2416,17.729999542236328,17.746009826660156
2417,35.83000183105469,30.975807189941406
2418,7.53000020980835,7.906906604766846
2419,26.260000228881836,22.287559509277344
2420,37.90999984741211,40.1043815612793
2421,39.66999816894531,42.82710266113281
2422,8.100000381469727,7.134657859802246
2423,45.4900016784668,40.321895599365234
2424,10.5,7.24649715423584
2425,4.079999923706055,6.0663957595825195
2426,26.889999389648438,28.344547271728516
2427,21.770000457763672,20.960987091064453
2428,7.010000228881836,6.999168872833252
2429,64.83999633789062,61.41124725341797
2430,3.3499999046325684,3.385671854019165
2431,39.220001220703125,35.25961685180664
2432,4.980000019073486,8.734763145446777
2433,22.920000076293945,25.211280822753906
2434,23.649999618530273,23.250032424926758
2435,71.06999969482422,62.97822189331055
2436,38.79999923706055,41.57622528076172
2437,26.360000610351562,27.347078323364258
2438,4.75,3.9730324745178223
2439,14.029999732971191,15.684130668640137
2440,33.36000061035156,33.99358367919922
2441,23.219999313354492,21.725582122802734
2442,3.359999895095825,2.509233236312866
2443,25.010000228881836,26.279705047607422
2444,45.95000076293945,45.021385192871094
2445,32.400001525878906,31.248085021972656
2446,19.670000076293945,18.592924118041992
2447,24.020000457763672,24.860916137695312
2448,43.02000045776367,38.245330810546875
2449,27.84000015258789,27.676280975341797
2450,4.989999771118164,5.062063694000244
2451,10.010000228881836,5.227515697479248
2452,16.479999542236328,10.695777893066406
2453,19.229999542236328,20.26511001586914
2454,41.27000045776367,38.99276351928711
2455,40.189998626708984,39.94178771972656
2456,16.8700008392334,17.208995819091797
2457,29.110000610351562,29.28013801574707
2458,4.570000171661377,9.768844604492188
2459,27.139999389648438,27.034395217895508
2460,12.020000457763672,8.37160587310791
2461,26.559999465942383,26.403728485107422
2462,39.72999954223633,46.3273811340332
2463,16.209999084472656,16.174619674682617
2464,11.5,15.020299911499023
2465,13.800000190734863,10.840828895568848
2466,14.779999732971191,17.568477630615234
2467,11.579999923706055,11.682618141174316
2468,42.63999938964844,40.48173522949219
2469,32.61000061035156,28.327651977539062
2470,9.979999542236328,9.228256225585938
2471,15.40999984741211,17.97660255432129
2472,57.099998474121094,50.6646728515625
2473,43.599998474121094,44.14578628540039
2474,23.75,26.2647705078125
2475,26.690000534057617,30.11111068725586
2476,41.689998626708984,40.058311462402344
2477,25.760000228881836,22.46674346923828
2478,37.15999984741211,42.09522247314453
2479,29.34000015258789,29.60110855102539
2480,49.029998779296875,48.858089447021484
2481,13.920000076293945,13.006319999694824
2482,19.31999969482422,16.78660774230957
2483,35.59000015258789,34.607967376708984
2484,14.550000190734863,13.095269203186035
2485,9.680000305175781,13.253307342529297
2486,28.170000076293945,29.5091495513916
2487,3.950000047683716,6.602191925048828
2488,13.979999542236328,12.262795448303223
2489,8.569999694824219,6.304646968841553
2490,18.6299991607666,18.464641571044922
2491,58.90999984741211,62.2723388671875
2492,42.150001525878906,38.793968200683594
2493,18.860000610351562,18.950355529785156
2494,26.350000381469727,27.81770133972168
2495,22.040000915527344,20.885440826416016
2496,43.45000076293945,41.07664489746094
2497,11.5600004196167,9.817228317260742
2498,55.400001525878906,37.08135223388672
2499,8.789999961853027,7.617719650268555
2500,31.899999618530273,32.75191116333008
2501,41.88999938964844,44.87809371948242
2502,40.689998626708984,37.23152160644531
2503,58.93000030517578,58.991390228271484
2504,62.38999938964844,59.025123596191406
2505,31.209999084472656,32.948143005371094
2506,23.110000610351562,22.629085540771484
2507,7.340000152587891,4.68207311630249
2508,16.690000534057617,18.197818756103516
2509,30.700000762939453,31.085067749023438
2510,8.510000228881836,9.230995178222656
2511,30.309999465942383,31.169965744018555
2512,36.369998931884766,38.86905288696289
2513,21.760000228881836,25.198196411132812
2514,29.149999618530273,30.71299934387207
2515,5.099999904632568,4.190536022186279
2516,26.1200008392334,27.054256439208984
2517,7.980000019073486,8.713201522827148
2518,67.0,64.06234741210938
2519,9.34000015258789,10.952643394470215
2520,24.049999237060547,24.359237670898438
2521,55.11000061035156,56.810096740722656
2522,23.389999389648438,20.322418212890625
2523,30.649999618530273,32.36004638671875
2524,10.760000228881836,10.618650436401367
2525,56.16999816894531,53.18865966796875
2526,16.979999542236328,15.10213851928711
2527,12.609999656677246,13.097640037536621
2528,15.979999542236328,15.87288761138916
2529,41.099998474121094,44.20829391479492
2530,12.880000114440918,15.035480499267578
2531,14.960000038146973,10.919449806213379
2532,33.41999816894531,35.76658248901367
2533,42.95000076293945,37.95186233520508
2534,21.360000610351562,20.742502212524414
2535,22.010000228881836,21.07123565673828
2536,56.02000045776367,54.07756423950195
2537,15.010000228881836,17.294836044311523
2538,9.180000305175781,10.817914009094238
2539,5.800000190734863,9.322257995605469
2540,41.849998474121094,38.33811950683594
2541,8.140000343322754,7.4280853271484375
2542,34.77000045776367,36.19337463378906
2543,40.349998474121094,42.17417907714844
2544,10.75,10.327653884887695
2545,6.050000190734863,6.539359092712402
2546,7.210000038146973,6.851432800292969
2547,15.640000343322754,16.905927658081055
2548,45.56999969482422,40.296485900878906
2549,3.3499999046325684,3.570005416870117
2550,23.969999313354492,22.68009376525879
2551,79.55000305175781,67.0776138305664
2552,27.389999389648438,26.326515197753906
2553,27.959999084472656,30.654123306274414
2554,17.170000076293945,16.77089500427246
2555,27.209999084472656,30.150489807128906
2556,30.56999969482422,32.18739318847656
2557,8.5600004196167,10.461137771606445
2558,12.779999732971191,12.836219787597656
2559,37.779998779296875,41.099037170410156
2560,63.119998931884766,61.88844680786133
2561,14.640000343322754,16.2108211517334
2562,37.13999938964844,45.3858757019043
2563,30.239999771118164,31.35512351989746
2564,22.84000015258789,22.758506774902344
2565,19.950000762939453,24.048978805541992
2566,4.380000114440918,9.380990982055664
2567,8.609999656677246,8.374286651611328
2568,14.220000267028809,13.566266059875488
2569,7.800000190734863,8.21715259552002
2570,36.04999923706055,34.395870208740234
2571,19.209999084472656,21.747140884399414
2572,38.40999984741211,46.083763122558594
2573,23.920000076293945,23.024320602416992
2574,27.739999771118164,24.637916564941406
2575,16.09000015258789,16.15876007080078
2576,18.06999969482422,17.955848693847656
2577,7.829999923706055,9.981230735778809
2578,5.139999866485596,5.053317070007324
2579,12.220000267028809,11.107900619506836
2580,21.040000915527344,22.340065002441406
2581,34.04999923706055,34.86634826660156
2582,12.720000267028809,13.263947486877441
2583,33.75,32.78345489501953
2584,17.600000381469727,18.126121520996094
2585,18.709999084472656,20.05270004272461
2586,67.31999969482422,72.02992248535156
2587,9.279999732971191,7.750770092010498
2588,27.899999618530273,30.867664337158203
2589,14.640000343322754,14.923702239990234
2590,38.88999938964844,35.06472396850586
2591,4.710000038146973,7.18856954574585
2592,15.529999732971191,13.265066146850586
2593,41.2599983215332,39.01095199584961
2594,24.59000015258789,26.784814834594727
2595,21.549999237060547,23.70943832397461
2596,26.530000686645508,29.318933486938477
2597,17.760000228881836,19.00536346435547
2598,20.239999771118164,21.694734573364258
2599,30.829999923706055,28.579833984375
2600,28.43000030517578,29.62177848815918
2601,5.650000095367432,4.218752384185791
2602,12.4399995803833,13.365548133850098
2603,20.950000762939453,20.784021377563477
2604,7.559999942779541,8.995217323303223
2605,44.77000045776367,48.751373291015625
2606,16.889999389648438,15.047637939453125
2607,34.439998626708984,34.974422454833984
2608,41.47999954223633,41.66868591308594
2609,41.93000030517578,44.19854736328125
2610,22.600000381469727,22.409141540527344
2611,20.5,22.637008666992188
2612,25.729999542236328,25.293256759643555
2613,35.7599983215332,32.67106246948242
2614,43.11000061035156,37.2915153503418
2615,24.079999923706055,36.25278854370117
2616,22.100000381469727,25.06209945678711
2617,19.200000762939453,14.64226245880127
2618,9.09000015258789,5.891902923583984
2619,34.59000015258789,33.433677673339844
2620,33.029998779296875,34.671138763427734
2621,8.670000076293945,9.047539710998535
2622,18.770000457763672,20.22654914855957
2623,23.170000076293945,28.231704711914062
2624,31.989999771118164,33.83064270019531
2625,31.350000381469727,29.884004592895508
2626,18.190000534057617,18.590923309326172
2627,23.770000457763672,21.12165069580078
2628,51.81999969482422,49.63616943359375
2629,10.90999984741211,11.01450252532959
2630,7.329999923706055,8.471022605895996
2631,51.880001068115234,52.82886505126953
2632,24.790000915527344,26.838436126708984
2633,41.02000045776367,39.705711364746094
2634,16.110000610351562,15.89205551147461
2635,33.0,39.389095306396484
2636,20.030000686645508,18.554603576660156
2637,48.880001068115234,52.74468994140625
2638,57.849998474121094,44.25657272338867
2639,39.38999938964844,40.62690353393555
2640,34.220001220703125,33.935096740722656
2641,26.1200008392334,25.09955406188965
2642,59.16999816894531,53.37305450439453
2643,24.149999618530273,23.94605827331543
2644,21.200000762939453,21.12924575805664
2645,8.729999542236328,9.657489776611328
2646,3.9700000286102295,6.261539459228516
2647,23.420000076293945,24.089866638183594
2648,25.889999389648438,26.48213005065918
2649,7.940000057220459,8.366040229797363
2650,17.780000686645508,16.61727523803711
2651,27.030000686645508,27.926410675048828
2652,46.86000061035156,50.72569274902344
2653,9.09000015258789,11.406063079833984
2654,50.22999954223633,47.31945037841797
2655,30.969999313354492,32.763023376464844
2656,61.84000015258789,59.629947662353516
2657,25.260000228881836,24.313859939575195
2658,21.709999084472656,20.811304092407227
2659,40.34000015258789,38.73137664794922
2660,32.86000061035156,32.578983306884766
2661,9.350000381469727,9.090120315551758
2662,10.65999984741211,12.233431816101074
2663,17.969999313354492,18.924057006835938
2664,52.88999938964844,49.881736755371094
2665,28.06999969482422,29.2302303314209
2666,24.15999984741211,22.939119338989258
2667,21.469999313354492,21.60324478149414
2668,21.700000762939453,20.366832733154297
2669,43.900001525878906,43.46885299682617
2670,54.40999984741211,52.249298095703125
2671,17.600000381469727,19.7593936920166
2672,18.639999389648438,19.234254837036133
2673,24.459999084472656,22.5234375
2674,48.099998474121094,42.651607513427734
2675,10.350000381469727,11.609521865844727
2676,27.90999984741211,28.825241088867188
2677,7.71999979019165,9.610910415649414
2678,22.860000610351562,26.833572387695312
2679,16.079999923706055,13.983955383300781
2680,11.880000114440918,9.292027473449707
2681,49.68000030517578,50.97679901123047
2682,8.619999885559082,9.172565460205078
2683,6.269999980926514,4.910401821136475
2684,29.670000076293945,24.85369110107422
2685,29.809999465942383,32.720848083496094
2686,17.260000228881836,13.943591117858887
2687,16.84000015258789,26.80896759033203
2688,10.800000190734863,10.511163711547852
2689,22.059999465942383,22.25405502319336
2690,6.400000095367432,6.0371222496032715
2691,19.020000457763672,21.29366111755371
2692,31.239999771118164,30.933223724365234
2693,12.789999961853027,11.731304168701172
2694,17.030000686645508,15.949170112609863
2695,33.560001373291016,32.92432403564453
2696,12.079999923706055,12.566893577575684
2697,29.729999542236328,28.264739990234375
2698,31.790000915527344,35.45170211791992
2699,34.29999923706055,36.04304504394531
2700,32.849998474121094,33.204532623291016
2701,22.75,20.502717971801758
2702,9.5,9.623339653015137
2703,33.70000076293945,32.27220916748047
2704,27.649999618530273,26.37898063659668
2705,20.479999542236328,18.945619583129883
2706,44.27000045776367,48.381168365478516
2707,16.469999313354492,16.0289306640625
2708,22.440000534057617,22.92572593688965
2709,22.889999389648438,24.73353385925293
2710,12.079999923706055,9.67473316192627
2711,26.610000610351562,27.175159454345703
2712,37.41999816894531,34.29846954345703
2713,5.75,8.34169864654541
2714,7.010000228881836,7.549023151397705
2715,17.690000534057617,18.964351654052734
2716,12.899999618530273,12.861937522888184
2717,4.980000019073486,5.014827251434326
2718,52.900001525878906,51.35402297973633
2719,16.579999923706055,15.75947380065918
2720,76.73999786376953,68.23210906982422
2721,7.519999980926514,9.912043571472168
2722,34.56999969482422,39.00187683105469
2723,46.560001373291016,42.929168701171875
2724,25.989999771118164,22.83017349243164
2725,8.229999542236328,8.97367000579834
2726,12.609999656677246,10.952507019042969
2727,64.98999786376953,64.96611022949219
2728,28.100000381469727,30.19049644470215
2729,28.770000457763672,25.650936126708984
2730,30.190000534057617,33.519630432128906
2731,11.489999771118164,11.750395774841309
2732,3.3499999046325684,3.3070621490478516
2733,52.88999938964844,54.35565948486328
2734,31.450000762939453,27.491464614868164
2735,9.520000457763672,6.209359169006348
2736,23.420000076293945,22.233509063720703
2737,16.860000610351562,16.761333465576172
2738,7.610000133514404,5.945223331451416
2739,14.649999618530273,16.808032989501953
2740,42.310001373291016,44.77970504760742
2741,11.3100004196167,10.008153915405273
2742,32.79999923706055,30.05036735534668
2743,13.899999618530273,14.128035545349121
2744,11.729999542236328,10.364522933959961
2745,3.9000000953674316,3.7268126010894775
2746,58.29999923706055,60.84637451171875
2747,14.65999984741211,19.317047119140625
2748,52.7599983215332,53.27626419067383
2749,44.970001220703125,50.52485275268555
2750,59.689998626708984,58.73548889160156
2751,15.359999656677246,13.720709800720215
2752,20.170000076293945,20.65850067138672
2753,9.140000343322754,9.091351509094238
2754,5.679999828338623,5.170136451721191
2755,15.800000190734863,19.4547119140625
2756,31.270000457763672,36.64858627319336
2757,46.88999938964844,45.57170486450195
2758,20.3799991607666,22.376102447509766
2759,52.72999954223633,47.99017333984375
2760,54.66999816894531,48.15810012817383
2761,50.20000076293945,52.66268539428711
2762,22.399999618530273,23.2500057220459
2763,57.93000030517578,58.85034942626953
2764,10.380000114440918,10.661365509033203
2765,31.3799991607666,28.673786163330078
2766,30.860000610351562,32.0590934753418
2767,28.40999984741211,28.042837142944336
2768,23.34000015258789,22.68815040588379
2769,25.530000686645508,25.238201141357422
2770,59.400001525878906,61.56084442138672
2771,5.71999979019165,5.7597270011901855
2772,42.099998474121094,44.41051483154297
2773,29.049999237060547,31.014623641967773
2774,23.110000610351562,26.03758430480957
2775,17.06999969482422,18.496179580688477
2776,19.440000534057617,18.099754333496094
2777,25.15999984741211,27.321338653564453
2778,49.150001525878906,47.80146789550781
2779,48.45000076293945,46.647361755371094
2780,20.399999618530273,19.422651290893555
2781,24.170000076293945,27.54984474182129
2782,23.809999465942383,23.63904571533203
2783,45.20000076293945,38.74242401123047
2784,23.93000030517578,21.527584075927734
2785,34.599998474121094,34.0374870300293
2786,18.489999771118164,21.317806243896484
2787,40.619998931884766,45.13905334472656
2788,12.010000228881836,12.813189506530762
2789,32.86000061035156,34.05284881591797
2790,28.040000915527344,32.52381134033203
2791,26.1200008392334,27.40545654296875
2792,29.899999618530273,31.130271911621094
2793,27.850000381469727,27.211549758911133
2794,32.619998931884766,30.795684814453125
2795,23.639999389648438,25.18828582763672
2796,22.299999237060547,24.96109962463379
2797,10.779999732971191,11.490893363952637
2798,55.79999923706055,54.89109802246094
2799,22.469999313354492,22.879077911376953
2800,22.65999984741211,23.70313262939453
2801,7.070000171661377,6.923623085021973
2802,29.65999984741211,31.241104125976562
2803,3.3399999141693115,7.656527996063232
2804,29.260000228881836,28.36128807067871
2805,16.40999984741211,16.936800003051758
2806,34.58000183105469,35.770957946777344
2807,28.479999542236328,28.5443058013916
2808,17.31999969482422,28.34669303894043
2809,13.670000076293945,14.141324043273926
2810,12.760000228881836,10.178740501403809
2811,22.260000228881836,24.72760009765625
2812,21.139999389648438,20.254302978515625
2813,36.5099983215332,31.16259765625
2814,40.91999816894531,43.37953567504883
2815,30.790000915527344,37.07310485839844
2816,62.27000045776367,53.57626724243164
2817,11.399999618530273,10.191637992858887
2818,53.0,47.5059814453125
2819,33.189998626708984,32.22861862182617
2820,9.859999656677246,10.417191505432129
2821,17.219999313354492,16.785343170166016
2822,10.449999809265137,9.83333969116211
2823,46.130001068115234,39.127593994140625
2824,57.16999816894531,47.39140319824219
2825,2.5299999713897705,4.071733474731445
2826,39.88999938964844,35.45787048339844
2827,35.33000183105469,40.304378509521484
2828,14.430000305175781,13.826114654541016
2829,22.549999237060547,23.29730987548828
2830,23.309999465942383,23.776947021484375
2831,6.519999980926514,6.613872528076172
2832,16.84000015258789,15.430614471435547
2833,8.010000228881836,10.705225944519043
2834,17.200000762939453,17.53113555908203
2835,57.7599983215332,55.70311737060547
2836,18.579999923706055,19.16032600402832
2837,9.210000038146973,12.70571231842041
2838,32.25,36.652950286865234
2839,18.84000015258789,16.63179588317871
2840,3.5199999809265137,1.0122573375701904
2841,36.720001220703125,37.033817291259766
2842,13.8100004196167,13.844664573669434
2843,27.56999969482422,28.86656379699707
2844,22.639999389648438,22.579574584960938
2845,16.65999984741211,17.33928108215332
2846,14.390000343322754,23.81173324584961
2847,56.72999954223633,50.3563232421875
2848,53.5,52.77747344970703
2849,46.15999984741211,46.99751281738281
2850,17.34000015258789,14.96796989440918
2851,47.9900016784668,43.982757568359375
2852,21.969999313354492,23.121440887451172
2853,17.309999465942383,17.08188819885254
2854,28.15999984741211,27.097721099853516
2855,17.489999771118164,16.127344131469727
2856,29.3700008392334,28.4599609375
2857,42.2400016784668,41.498016357421875
2858,15.75,16.545001983642578
2859,67.27999877929688,52.90276336669922
2860,8.199999809265137,10.419628143310547
2861,58.65999984741211,56.968753814697266
2862,46.41999816894531,45.57826232910156
2863,59.720001220703125,59.49257278442383
2864,17.1299991607666,19.879621505737305
2865,27.950000762939453,31.998119354248047
2866,25.219999313354492,26.574310302734375
2867,64.47000122070312,70.77192687988281
2868,17.440000534057617,16.8184814453125
2869,20.440000534057617,17.611595153808594
2870,45.56999969482422,44.936119079589844
2871,22.8700008392334,21.041187286376953
2872,9.84000015258789,10.853360176086426
2873,42.2400016784668,47.710365295410156
2874,18.790000915527344,19.10842514038086
2875,15.869999885559082,15.037038803100586
2876,25.809999465942383,24.73069953918457
2877,29.59000015258789,29.56424331665039
2878,36.16999816894531,36.05396270751953
2879,49.29999923706055,51.62389373779297
2880,35.5099983215332,35.201255798339844
2881,25.110000610351562,24.02879524230957
2882,6.849999904632568,5.820633888244629
2883,22.3700008392334,21.63519287109375
2884,29.200000762939453,33.539031982421875
2885,8.789999961853027,9.133097648620605
2886,23.899999618530273,27.36640167236328
2887,21.770000457763672,25.181777954101562
2888,10.720000267028809,10.270666122436523
2889,35.13999938964844,33.67081832885742
2890,3.8499999046325684,1.9473581314086914
2891,10.130000114440918,10.890710830688477
2892,40.2400016784668,44.126434326171875
2893,11.920000076293945,14.697546005249023
2894,34.84000015258789,29.452552795410156
2895,53.18000030517578,55.83344650268555
2896,41.900001525878906,35.50703430175781
2897,7.929999828338623,5.717918872833252
2898,38.08000183105469,32.44801330566406
2899,30.18000030517578,30.856321334838867
2900,27.59000015258789,27.912891387939453
2901,7.730000019073486,8.590489387512207
2902,25.489999771118164,25.919429779052734
2903,5.639999866485596,4.795053005218506
2904,28.559999465942383,27.49785041809082
2905,35.41999816894531,25.264286041259766
2906,49.709999084472656,43.47784423828125
2907,37.61000061035156,39.503700256347656
2908,3.3499999046325684,2.4485771656036377
2909,15.09000015258789,13.702513694763184
2910,29.770000457763672,25.34870719909668
2911,8.5600004196167,6.149514198303223
2912,22.260000228881836,24.380081176757812
2913,20.600000381469727,19.907556533813477
2914,22.010000228881836,21.877620697021484
2915,17.18000030517578,17.39771842956543
2916,40.86000061035156,36.1392822265625
2917,20.239999771118164,18.92527961730957
2918,48.65999984741211,47.21309280395508
2919,38.4900016784668,39.76346206665039
2920,45.40999984741211,42.11878967285156
2921,14.739999771118164,16.789352416992188
2922,18.059999465942383,17.932039260864258
2923,46.47999954223633,44.506874084472656
2924,14.270000457763672,16.306745529174805
2925,66.91000366210938,60.54718017578125
2926,41.900001525878906,37.91811752319336
2927,13.579999923706055,12.929932594299316
2928,38.43000030517578,31.918962478637695
2929,25.559999465942383,30.108877182006836
2930,23.56999969482422,22.225486755371094
2931,33.63999938964844,29.442594528198242
2932,30.940000534057617,30.848207473754883
2933,50.91999816894531,38.525856018066406
2934,11.869999885559082,10.914258003234863
2935,13.600000381469727,14.52199935913086
2936,51.029998779296875,47.25701904296875
2937,16.950000762939453,15.81690788269043
2938,19.049999237060547,19.18502426147461
2939,10.020000457763672,11.74960708618164
2940,8.510000228881836,9.051513671875
2941,5.869999885559082,5.142309188842773
2942,11.539999961853027,8.560807228088379
2943,22.75,24.002866744995117
2944,50.2400016784668,37.00688171386719
2945,45.099998474121094,35.01496505737305
2946,36.709999084472656,38.21036148071289
2947,8.869999885559082,7.151142597198486
2948,5.130000114440918,6.971982955932617
2949,28.110000610351562,30.922496795654297
2950,16.579999923706055,16.612693786621094
2951,64.66000366210938,59.38502883911133
2952,52.349998474121094,59.433128356933594
2953,44.5099983215332,33.95262145996094
2954,30.700000762939453,31.582935333251953
2955,42.43000030517578,42.10658264160156
2956,12.1899995803833,12.456558227539062
2957,17.690000534057617,18.257360458374023
2958,37.09000015258789,35.187198638916016
2959,48.040000915527344,51.866294860839844
2960,39.349998474121094,39.83708572387695
2961,22.09000015258789,20.60748291015625
2962,52.2400016784668,54.670074462890625
2963,14.779999732971191,14.520744323730469
2964,5.690000057220459,3.111557960510254
2965,18.09000015258789,15.192691802978516
2966,40.90999984741211,42.0425910949707
2967,37.52000045776367,34.38731002807617
2968,24.290000915527344,24.297632217407227
2969,20.81999969482422,23.43359375
2970,1.1699999570846558,5.3973588943481445
2971,17.84000015258789,16.462242126464844
2972,9.270000457763672,9.229411125183105
2973,47.040000915527344,47.13739776611328
2974,20.1299991607666,18.586830139160156
2975,25.200000762939453,21.42807960510254
2976,12.979999542236328,13.459988594055176
2977,28.81999969482422,27.110910415649414
2978,35.7400016784668,31.540225982666016
2979,17.5,14.440826416015625
2980,26.700000762939453,28.350448608398438
2981,41.18000030517578,36.76744079589844
2982,3.9000000953674316,2.9006385803222656
2983,36.4900016784668,32.777427673339844
2984,41.79999923706055,35.80258560180664
2985,30.68000030517578,30.47919273376465
2986,55.279998779296875,56.89717483520508
2987,26.780000686645508,27.56159782409668
2988,23.579999923706055,25.23478889465332
2989,9.34000015258789,12.424888610839844
2990,28.989999771118164,29.559450149536133
2991,38.33000183105469,40.5843391418457
2992,25.0,22.8487548828125
2993,4.179999828338623,0.4508158266544342
2994,22.040000915527344,19.320537567138672
2995,29.770000457763672,31.274599075317383
2996,8.430000305175781,8.7938871383667
2997,38.22999954223633,39.89646911621094
2998,10.6899995803833,9.919686317443848
2999,45.720001220703125,47.51817321777344
3000,20.75,24.27682876586914
3001,24.799999237060547,24.775814056396484
3002,50.459999084472656,53.634517669677734
3003,36.040000915527344,38.658409118652344
3004,16.899999618530273,17.035232543945312
3005,47.439998626708984,46.50868225097656
3006,5.440000057220459,3.0648958683013916
3007,27.940000534057617,28.84722900390625
3008,18.950000762939453,16.42304229736328
3009,37.650001525878906,42.367835998535156
3010,9.180000305175781,6.078922748565674
3011,16.59000015258789,16.595378875732422
3012,25.979999542236328,22.661338806152344
3013,24.420000076293945,29.12195587158203
3014,69.44999694824219,67.28622436523438
3015,14.210000038146973,14.261415481567383
3016,4.579999923706055,5.062675952911377
3017,21.100000381469727,22.578041076660156
3018,19.170000076293945,17.080839157104492
3019,33.529998779296875,31.88112449645996
3020,23.350000381469727,22.234413146972656
3021,14.699999809265137,9.875652313232422
3022,2.700000047683716,4.646178245544434
3023,13.239999771118164,14.147160530090332
3024,79.44999694824219,67.35255432128906
3025,34.11000061035156,39.33954620361328
3026,10.369999885559082,8.879597663879395
3027,20.459999084472656,20.514270782470703
3028,24.790000915527344,25.71417808532715
3029,30.739999771118164,29.28662109375
3030,15.170000076293945,14.969121932983398
3031,24.760000228881836,24.208168029785156
3032,33.130001068115234,36.9775390625
3033,5.300000190734863,6.9808526039123535
3034,30.649999618530273,32.09916305541992
3035,30.1200008392334,30.93881607055664
3036,18.549999237060547,20.611751556396484
3037,34.709999084472656,35.73565673828125
3038,69.4000015258789,67.86614990234375
3039,74.31999969482422,60.4322624206543
3040,34.040000915527344,38.01713180541992
3041,22.1200008392334,22.296287536621094
3042,44.95000076293945,42.848228454589844
3043,11.149999618530273,10.419323921203613
3044,31.610000610351562,26.21160316467285
3045,25.209999084472656,26.39942169189453
3046,54.939998626708984,54.82262420654297
3047,72.11000061035156,67.54525756835938
3048,29.959999084472656,30.296092987060547
3049,29.8700008392334,37.5471305847168
3050,26.600000381469727,24.94979476928711
3051,30.690000534057617,30.803524017333984
3052,4.199999809265137,5.616689205169678
3053,4.650000095367432,6.3205976486206055
3054,12.039999961853027,12.3509521484375
3055,39.47999954223633,36.052162170410156
3056,57.06999969482422,52.79000473022461
3057,48.849998474121094,52.224647521972656
3058,15.899999618530273,16.248998641967773
3059,10.039999961853027,13.595939636230469
3060,51.79999923706055,52.035308837890625
3061,20.770000457763672,19.08440589904785
3062,42.38999938964844,40.89814376831055
3063,30.530000686645508,33.26543426513672
3064,18.18000030517578,20.760082244873047
3065,20.06999969482422,20.788171768188477
3066,5.230000019073486,3.020930290222168
3067,36.04999923706055,33.848304748535156
3068,2.0899999141693115,2.588932991027832
3069,17.450000762939453,15.102139472961426
3070,26.25,27.752222061157227
3071,21.020000457763672,19.127967834472656
3072,7.739999771118164,8.489206314086914
3073,22.280000686645508,22.16511344909668
3074,23.3700008392334,23.06281852722168
3075,75.0999984741211,60.28924560546875
3076,50.36000061035156,36.7796516418457
3077,30.18000030517578,31.179460525512695
3078,32.91999816894531,33.95832824707031
3079,39.33000183105469,37.87346649169922
3080,30.520000457763672,27.034473419189453
3081,13.300000190734863,14.563282012939453
3082,4.849999904632568,7.735475063323975
3083,27.479999542236328,27.437868118286133
3084,57.959999084472656,47.820133209228516
3085,8.989999771118164,14.420166015625
3086,45.29999923706055,46.1488037109375
3087,15.4399995803833,14.130290985107422
3088,33.09000015258789,22.295629501342773
3089,48.599998474121094,57.62898254394531
3090,48.470001220703125,53.40460205078125
3091,29.670000076293945,27.87519645690918
3092,12.920000076293945,14.262206077575684
3093,11.5600004196167,10.702058792114258
3094,18.8700008392334,19.0693302154541
3095,13.520000457763672,11.344862937927246
3096,13.430000305175781,10.581289291381836
3097,45.849998474121094,49.511932373046875
3098,9.630000114440918,11.508302688598633
3099,8.5,8.149177551269531
3100,27.31999969482422,26.38087272644043
3101,19.639999389648438,18.6685791015625
3102,34.90999984741211,35.67954635620117
3103,6.349999904632568,9.179454803466797
3104,25.329999923706055,20.528610229492188
3105,19.75,18.153837203979492
3106,17.40999984741211,19.560070037841797
3107,28.6299991607666,28.721515655517578
3108,22.719999313354492,21.77202606201172
3109,48.900001525878906,43.14856719970703
3110,19.790000915527344,22.835582733154297
3111,32.27000045776367,30.603418350219727
3112,20.40999984741211,23.393451690673828
3113,10.829999923706055,10.87099552154541
3114,13.029999732971191,13.952865600585938
3115,11.579999923706055,12.213082313537598
3116,32.63999938964844,30.832088470458984
3117,8.880000114440918,7.0889739990234375
3118,53.47999954223633,54.42854309082031
3119,9.630000114440918,9.793423652648926
3120,14.260000228881836,15.318755149841309
3121,5.150000095367432,4.531863689422607
3122,47.16999816894531,54.07809829711914
3123,26.209999084472656,26.46356201171875
3124,20.8799991607666,23.467187881469727
3125,16.770000457763672,16.753009796142578
3126,7.170000076293945,6.8336076736450195
3127,39.880001068115234,38.534820556640625
3128,20.399999618530273,18.446603775024414
3129,23.860000610351562,25.973304748535156
3130,26.229999542236328,25.157939910888672
3131,35.650001525878906,39.622215270996094
3132,45.2400016784668,43.6807975769043
3133,15.050000190734863,15.374185562133789
3134,34.40999984741211,32.44586944580078
3135,24.899999618530273,21.71035385131836
3136,37.95000076293945,38.97438049316406
3137,49.79999923706055,51.5612907409668
3138,25.920000076293945,31.05750846862793
3139,53.2599983215332,56.05325698852539
3140,47.939998626708984,39.34394073486328
3141,1.9700000286102295,5.810294151306152
3142,18.940000534057617,19.10601806640625
3143,39.0099983215332,40.2973747253418
3144,12.979999542236328,9.63646411895752
3145,31.350000381469727,33.93581008911133
3146,13.609999656677246,12.377764701843262
3147,27.829999923706055,26.69301414489746
3148,38.380001068115234,38.969871520996094
3149,32.65999984741211,34.144866943359375
3150,34.61000061035156,34.16102600097656
3151,31.760000228881836,30.070703506469727
3152,31.700000762939453,26.66506576538086
3153,11.65999984741211,16.93822479248047
3154,35.5099983215332,34.23390579223633
3155,15.65999984741211,15.4774169921875
3156,34.77000045776367,32.339866638183594
3157,11.40999984741211,12.308011054992676
3158,13.640000343322754,15.40942096710205
3159,11.729999542236328,11.23234748840332
3160,23.65999984741211,26.618288040161133
3161,18.040000915527344,16.381122589111328
3162,33.7400016784668,35.2611198425293
3163,39.43000030517578,44.91180419921875
3164,8.470000267028809,15.963120460510254
3165,30.700000762939453,33.84516143798828
3166,9.859999656677246,10.10892391204834
3167,25.6299991607666,23.430004119873047
3168,41.02000045776367,41.49534225463867
3169,36.86000061035156,34.84967803955078
3170,60.22999954223633,63.199058532714844
3171,33.099998474121094,32.3267936706543
3172,20.479999542236328,22.457822799682617
3173,24.530000686645508,27.473691940307617
3174,43.7400016784668,44.54204559326172
3175,26.90999984741211,27.94133949279785
3176,33.540000915527344,32.063289642333984
3177,12.989999771118164,15.489730834960938
3178,35.029998779296875,32.812591552734375
3179,43.63999938964844,43.42363739013672
3180,39.36000061035156,40.60312271118164
3181,34.0,31.789644241333008
3182,20.3799991607666,20.070899963378906
3183,9.34000015258789,10.930279731750488
3184,20.68000030517578,20.862573623657227
3185,22.329999923706055,22.39034652709961
3186,48.91999816894531,55.820533752441406
3187,16.239999771118164,17.96422576904297
3188,67.05999755859375,61.317230224609375
3189,19.290000915527344,22.67915916442871
3190,42.2400016784668,38.900386810302734
3191,29.139999389648438,29.32839012145996
3192,43.43000030517578,44.34754180908203
3193,30.190000534057617,30.99384117126465
3194,17.989999771118164,21.03087043762207
3195,48.619998931884766,48.77777099609375
3196,43.130001068115234,42.642601013183594
3197,47.380001068115234,47.89194107055664
3198,29.829999923706055,27.836097717285156
3199,12.720000267028809,14.910015106201172
3200,41.58000183105469,41.69685745239258
3201,53.040000915527344,52.879112243652344
3202,5.860000133514404,7.514294147491455
3203,12.359999656677246,12.085283279418945
3204,15.420000076293945,14.860860824584961
3205,21.989999771118164,23.102201461791992
3206,13.279999732971191,15.847980499267578
3207,23.889999389648438,27.57459831237793
3208,48.52000045776367,36.716835021972656
3209,58.529998779296875,59.68891143798828
3210,53.4900016784668,50.83196258544922
3211,34.13999938964844,32.13200759887695
3212,4.860000133514404,7.645468711853027
3213,1.3799999952316284,28.05946159362793
3214,37.369998931884766,21.368371963500977
3215,15.199999809265137,20.28622055053711
3216,53.060001373291016,56.89696502685547
3217,38.08000183105469,41.29515838623047
3218,7.269999980926514,9.260543823242188
3219,9.4399995803833,10.982926368713379
3220,37.529998779296875,38.793861389160156
3221,40.75,45.364688873291016
3222,50.09000015258789,51.90761947631836
3223,7.849999904632568,3.589796304702759
3224,37.810001373291016,35.6353759765625
3225,49.150001525878906,46.23323440551758
3226,19.90999984741211,22.05730628967285
3227,11.199999809265137,7.638955116271973
3228,31.459999084472656,25.26458740234375
3229,41.630001068115234,43.31285858154297
3230,61.689998626708984,58.67732238769531
3231,31.639999389648438,31.60091781616211
3232,8.720000267028809,19.358455657958984
3233,41.529998779296875,44.06623077392578
3234,16.739999771118164,16.295358657836914
3235,16.739999771118164,12.949525833129883
3236,27.100000381469727,42.406700134277344
3237,23.969999313354492,22.711084365844727
3238,8.180000305175781,7.453105926513672
3239,13.789999961853027,12.425600051879883
3240,52.27000045776367,46.462196350097656
3241,37.459999084472656,37.80265808105469
3242,42.86000061035156,38.577239990234375
3243,20.540000915527344,22.201675415039062
3244,3.3299999237060547,5.462276458740234
3245,33.22999954223633,33.55780029296875
3246,48.97999954223633,55.47411346435547
3247,20.399999618530273,18.300025939941406
3248,27.950000762939453,28.465925216674805
3249,36.83000183105469,41.03461837768555
3250,10.710000038146973,11.240336418151855
3251,3.2699999809265137,6.290182113647461
3252,27.530000686645508,26.675018310546875
3253,13.899999618530273,18.262123107910156
3254,27.639999389648438,29.293907165527344
3255,41.61000061035156,40.86322784423828
3256,18.100000381469727,17.74253273010254
3257,33.400001525878906,35.05402374267578
3258,23.75,27.21434783935547
3259,14.550000190734863,14.376614570617676
3260,32.20000076293945,30.16118812561035
3261,29.0,29.124855041503906
3262,38.93000030517578,38.3482666015625
3263,11.619999885559082,10.050832748413086
3264,35.5,36.080963134765625
3265,21.639999389648438,21.20805549621582
3266,21.93000030517578,23.54623031616211
3267,19.170000076293945,18.47352409362793
3268,8.670000076293945,8.900691986083984
3269,31.469999313354492,33.89031982421875
3270,4.179999828338623,8.375944137573242
3271,2.930000066757202,3.246077060699463
3272,72.36000061035156,65.39397430419922
3273,43.970001220703125,42.53395080566406
3274,38.0,42.340362548828125
3275,15.770000457763672,18.617048263549805
3276,63.08000183105469,63.22716522216797
3277,58.459999084472656,53.56377410888672
3278,53.95000076293945,55.57114028930664
3279,29.18000030517578,25.777538299560547
3280,65.70999908447266,67.3382568359375
3281,54.880001068115234,58.51626968383789
3282,35.099998474121094,35.98258972167969
3283,52.0,43.26531982421875
3284,18.31999969482422,17.764957427978516
3285,36.619998931884766,37.213050842285156
3286,35.81999969482422,36.72432327270508
3287,48.31999969482422,50.28017044067383
3288,35.459999084472656,37.409271240234375
3289,16.049999237060547,13.638132095336914
3290,4.619999885559082,8.365545272827148
3291,24.739999771118164,23.57279396057129
3292,19.469999313354492,17.6028995513916
3293,24.670000076293945,25.54339027404785
3294,52.06999969482422,56.61963653564453
3295,32.45000076293945,31.921838760375977
3296,23.549999237060547,22.047801971435547
3297,34.72999954223633,32.55464553833008
3298,30.350000381469727,30.373058319091797
3299,28.65999984741211,28.09040641784668
3300,38.20000076293945,36.120269775390625
3301,24.899999618530273,24.843433380126953
3302,8.949999809265137,9.041672706604004
3303,49.939998626708984,41.21504211425781
3304,8.720000267028809,8.702275276184082
3305,22.68000030517578,26.837480545043945
3306,7.559999942779541,28.692333221435547
3307,17.190000534057617,19.114337921142578
3308,15.069999694824219,13.440021514892578
3309,30.889999389648438,37.96477508544922
3310,42.470001220703125,40.119022369384766
3311,45.04999923706055,49.12744903564453
3312,22.68000030517578,22.015846252441406
3313,15.130000114440918,15.871036529541016
3314,57.540000915527344,50.481475830078125
3315,21.049999237060547,23.031768798828125
3316,32.56999969482422,31.849092483520508
3317,29.559999465942383,30.404626846313477
3318,53.66999816894531,58.83399963378906
3319,21.639999389648438,23.485422134399414
3320,44.959999084472656,43.80999755859375
3321,31.540000915527344,30.74835777282715
3322,21.649999618530273,23.309295654296875
3323,26.709999084472656,26.38841438293457
3324,8.670000076293945,6.558650493621826
3325,12.4399995803833,11.58008861541748
3326,32.34000015258789,34.69731903076172
3327,41.689998626708984,37.47679901123047
3328,16.110000610351562,13.729363441467285
3329,56.84000015258789,49.196693420410156
3330,28.649999618530273,30.02988052368164
3331,30.239999771118164,29.703594207763672
3332,28.010000228881836,25.945953369140625
3333,11.770000457763672,11.255559921264648
3334,21.8799991607666,24.076156616210938
3335,14.569999694824219,16.976806640625
3336,53.81999969482422,54.11210250854492
3337,28.540000915527344,26.10271453857422
3338,8.270000457763672,9.504389762878418
3339,56.83000183105469,55.27322006225586
3340,34.209999084472656,34.277191162109375
3341,18.170000076293945,16.57807159423828
3342,31.75,33.82651138305664
3343,39.720001220703125,32.833251953125
3344,3.5199999809265137,5.96732759475708
3345,28.90999984741211,31.422080993652344
3346,36.790000915527344,31.03142738342285
3347,29.940000534057617,25.91998863220215
3348,16.75,17.2559757232666
3349,21.8799991607666,19.998981475830078
3350,45.95000076293945,48.52562713623047
3351,12.5,10.59774398803711
3352,39.599998474121094,38.427669525146484
3353,31.100000381469727,29.829090118408203
3354,26.0,27.062150955200195
3355,51.38999938964844,62.21828842163086
3356,6.590000152587891,7.016725540161133
3357,30.309999465942383,28.728567123413086
3358,18.6299991607666,19.6283016204834
3359,47.16999816894531,39.81369400024414
3360,23.299999237060547,22.83820343017578
3361,26.719999313354492,22.101886749267578
3362,53.630001068115234,46.07939910888672
3363,21.81999969482422,26.011314392089844
3364,31.59000015258789,31.272937774658203
3365,20.700000762939453,24.61627769470215
3366,18.0,15.480762481689453
3367,44.86000061035156,38.94396209716797
3368,14.5600004196167,15.807382583618164
3369,45.560001373291016,46.735782623291016
3370,0.7599999904632568,15.96954345703125
3371,30.0,26.63318634033203
3372,16.360000610351562,16.454635620117188
3373,3.1500000953674316,1.145327091217041
3374,38.27000045776367,38.44143295288086
3375,48.2400016784668,49.26121520996094
3376,5.619999885559082,8.340476989746094
3377,20.530000686645508,21.7946720123291
3378,25.510000228881836,24.408790588378906
3379,22.31999969482422,23.74758529663086
3380,28.75,28.8259220123291
3381,36.25,36.08890914916992
3382,20.360000610351562,19.857681274414062
3383,14.229999542236328,12.502070426940918
3384,37.75,39.00804901123047
3385,44.13999938964844,47.82366180419922
3386,59.2599983215332,54.47676086425781
3387,19.579999923706055,19.969745635986328
3388,23.729999542236328,22.560043334960938
3389,19.25,19.41254425048828
3390,13.050000190734863,12.2118501663208
3391,35.20000076293945,37.2750244140625
3392,21.209999084472656,24.447376251220703
3393,69.79000091552734,63.96531295776367
3394,7.360000133514404,5.928821086883545
3395,12.550000190734863,9.664261817932129
3396,30.1200008392334,26.859060287475586
3397,29.549999237060547,29.37063980102539
3398,22.739999771118164,25.825929641723633
3399,27.200000762939453,26.698287963867188
3400,7.619999885559082,10.1975736618042
3401,21.020000457763672,26.619033813476562
3402,9.6899995803833,7.896872520446777
3403,73.04000091552734,71.3277816772461
3404,17.790000915527344,18.708866119384766
3405,22.760000228881836,19.271709442138672
3406,22.389999389648438,21.957183837890625
3407,41.18000030517578,38.29647445678711
3408,15.0600004196167,14.13635540008545
3409,43.119998931884766,42.47533416748047
3410,22.670000076293945,23.852567672729492
3411,37.310001373291016,34.25183868408203
3412,17.1299991607666,20.5812931060791
3413,42.20000076293945,42.161014556884766
3414,3.309999942779541,1.93759024143219
3415,8.670000076293945,8.672708511352539
3416,18.40999984741211,20.294397354125977
3417,45.040000915527344,49.314170837402344
3418,30.389999389648438,31.295133590698242
3419,29.020000457763672,30.499366760253906
3420,39.25,41.03431701660156
3421,49.65999984741211,49.62753677368164
3422,70.19999694824219,54.795597076416016
3423,15.460000038146973,13.978066444396973
3424,21.75,21.430158615112305
3425,41.0099983215332,39.7406005859375
3426,65.76000213623047,62.08685302734375
3427,25.09000015258789,22.94133186340332
3428,24.8799991607666,25.614946365356445
3429,11.75,12.510857582092285
3430,7.300000190734863,8.046918869018555
3431,30.65999984741211,34.36661148071289
3432,41.790000915527344,38.39044189453125
3433,31.200000762939453,31.075637817382812
3434,43.84000015258789,45.11956024169922
3435,16.709999084472656,18.491487503051758
3436,38.470001220703125,43.67570495605469
3437,15.930000305175781,13.508946418762207
3438,70.30000305175781,58.8144416809082
3439,32.810001373291016,32.630882263183594
3440,19.260000228881836,16.374286651611328
3441,65.6500015258789,60.14071273803711
3442,22.3700008392334,24.830034255981445
3443,5.800000190734863,6.536968231201172
3444,25.920000076293945,26.23663902282715
3445,21.5,22.43166732788086
3446,19.360000610351562,17.540834426879883
3447,3.619999885559082,0.6826900243759155
3448,44.75,39.08475875854492
3449,33.47999954223633,30.22808074951172
3450,24.18000030517578,24.64421844482422
3451,9.09000015258789,10.485587120056152
3452,10.579999923706055,15.346683502197266
3453,19.43000030517578,21.206613540649414
3454,7.010000228881836,7.110293865203857
3455,57.86000061035156,47.10263442993164
3456,20.5,21.445892333984375
3457,9.569999694824219,6.999242782592773
3458,6.75,6.305424213409424
3459,31.149999618530273,28.790836334228516
3460,28.299999237060547,28.177043914794922
3461,24.190000534057617,23.15282440185547
3462,27.520000457763672,29.618513107299805
3463,61.380001068115234,51.230220794677734
3464,30.329999923706055,32.491180419921875
3465,11.15999984741211,11.715991973876953
3466,59.790000915527344,57.78922653198242
3467,21.829999923706055,19.398696899414062
3468,6.420000076293945,7.010166168212891
3469,23.209999084472656,24.114973068237305
3470,16.56999969482422,8.46475601196289
3471,28.889999389648438,28.048789978027344
3472,23.290000915527344,22.17218780517578
3473,21.15999984741211,21.824928283691406
3474,4.010000228881836,4.258935928344727
3475,36.20000076293945,32.664390563964844
3476,21.6299991607666,20.765003204345703
3477,38.279998779296875,33.54356002807617
3478,24.479999542236328,23.391735076904297
3479,24.649999618530273,25.84552001953125
3480,8.4399995803833,6.970404148101807
3481,21.889999389648438,24.543704986572266
3482,24.219999313354492,24.68573570251465
3483,11.1899995803833,10.964214324951172
3484,50.5099983215332,43.56027603149414
3485,16.790000915527344,17.500999450683594
3486,20.18000030517578,19.7545108795166
3487,52.459999084472656,52.27668762207031
3488,55.7400016784668,56.650169372558594
3489,20.139999389648438,19.56195068359375
3490,27.690000534057617,25.577762603759766
3491,71.70999908447266,59.25719451904297
3492,18.190000534057617,16.607263565063477
3493,11.1899995803833,12.290780067443848
3494,6.409999847412109,5.364033222198486
3495,56.959999084472656,56.8314094543457
3496,36.83000183105469,36.4517707824707
3497,15.600000381469727,13.761661529541016
3498,5.800000190734863,9.307212829589844
3499,16.709999084472656,18.172443389892578
3500,36.900001525878906,35.6485595703125
3501,42.970001220703125,42.09316635131836
3502,6.650000095367432,6.578344345092773
3503,33.439998626708984,40.80087661743164
3504,54.130001068115234,46.31133270263672
3505,29.360000610351562,29.890615463256836
3506,51.93000030517578,54.854801177978516
3507,3.7699999809265137,2.5733227729797363
3508,28.350000381469727,41.54247283935547
3509,22.239999771118164,22.27298355102539
3510,15.3100004196167,16.095890045166016
3511,26.020000457763672,26.768917083740234
3512,14.819999694824219,17.0268497467041
3513,37.959999084472656,41.570823669433594
3514,19.809999465942383,17.80568504333496
3515,24.329999923706055,24.531150817871094
3516,7.920000076293945,7.800062656402588
3517,43.7400016784668,51.9172477722168
3518,47.959999084472656,47.63179016113281
3519,22.709999084472656,24.179706573486328
3520,7.949999809265137,4.644567966461182
3521,37.119998931884766,44.78193283081055
3522,5.25,4.881691932678223
3523,44.04999923706055,43.98149871826172
3524,14.149999618530273,13.833354949951172
3525,24.59000015258789,21.989276885986328
3526,9.4399995803833,9.43319320678711
3527,6.619999885559082,8.464801788330078
3528,54.11000061035156,54.69585037231445
3529,45.970001220703125,49.382835388183594
3530,13.199999809265137,13.880170822143555
3531,59.04999923706055,58.52831268310547
3532,11.369999885559082,9.774735450744629
3533,18.030000686645508,19.717571258544922
3534,37.81999969482422,40.5881462097168
3535,40.810001373291016,42.33720397949219
3536,59.52000045776367,61.53468322753906
3537,42.9900016784668,45.1252326965332
3538,17.670000076293945,15.935534477233887
3539,24.489999771118164,23.240089416503906
3540,38.31999969482422,37.279090881347656
3541,11.539999961853027,13.340579986572266
3542,45.709999084472656,45.57373809814453
3543,17.399999618530273,17.236793518066406
3544,13.859999656677246,15.092241287231445
3545,19.43000030517578,18.129714965820312
3546,15.010000228881836,14.023350715637207
3547,30.889999389648438,34.17558670043945
3548,28.649999618530273,27.77569007873535
3549,60.56999969482422,66.2870864868164
3550,32.29999923706055,31.158658981323242
3551,21.579999923706055,27.339881896972656
3552,41.529998779296875,44.54710388183594
3553,40.709999084472656,37.90886688232422
3554,23.040000915527344,23.91096305847168
3555,32.0099983215332,35.08165740966797
3556,7.130000114440918,4.876986026763916
3557,24.540000915527344,27.658491134643555
3558,10.369999885559082,13.683659553527832
3559,22.75,17.931644439697266
3560,3.440000057220459,0.07766586542129517
3561,37.349998474121094,36.35673522949219
3562,37.47999954223633,37.21485900878906
3563,53.34000015258789,60.55006790161133
3564,11.289999961853027,10.434109687805176
3565,47.70000076293945,50.34132385253906
3566,5.380000114440918,6.746756076812744
3567,13.4399995803833,11.345487594604492
3568,12.829999923706055,8.738313674926758
3569,21.780000686645508,20.42291831970215
3570,74.98999786376953,69.4764404296875
3571,71.05000305175781,67.77096557617188
3572,4.639999866485596,2.570237159729004
3573,7.019999980926514,7.481918811798096
3574,23.579999923706055,28.73070526123047
3575,0.6399999856948853,6.915159702301025
3576,14.619999885559082,16.95048713684082
3577,10.239999771118164,7.761353015899658
3578,46.290000915527344,46.949127197265625
3579,34.790000915527344,36.23777389526367
3580,39.47999954223633,31.60257911682129
3581,45.09000015258789,40.22914123535156
3582,29.520000457763672,29.239280700683594
3583,14.369999885559082,14.771440505981445
3584,58.7599983215332,49.65966033935547
3585,34.08000183105469,39.48278045654297
3586,32.689998626708984,29.66763687133789
3587,36.2400016784668,38.26150894165039
3588,21.969999313354492,26.615083694458008
3589,24.229999542236328,21.086715698242188
3590,13.039999961853027,12.572549819946289
3591,51.599998474121094,49.13661193847656
3592,8.640000343322754,10.325740814208984
3593,77.33999633789062,66.62008666992188
3594,5.230000019073486,10.205187797546387
3595,16.969999313354492,16.93140983581543
3596,18.34000015258789,21.77740478515625
3597,29.530000686645508,30.500391006469727
3598,32.279998779296875,32.93278884887695
3599,42.04999923706055,41.42597579956055
3600,14.970000267028809,17.302839279174805
3601,39.66999816894531,36.381839752197266
3602,8.430000305175781,9.21689510345459
3603,29.040000915527344,24.794893264770508
3604,31.81999969482422,25.86420440673828
3605,50.13999938964844,55.097442626953125
3606,3.109999895095825,2.777479648590088
3607,9.9399995803833,10.868885040283203
3608,19.729999542236328,21.877843856811523
3609,57.61000061035156,52.69776916503906
3610,22.299999237060547,24.764663696289062
3611,30.639999389648438,32.07701110839844
3612,59.20000076293945,49.745506286621094
3613,29.260000228881836,29.540565490722656
3614,15.890000343322754,14.05606746673584
3615,14.399999618530273,14.454022407531738
3616,10.819999694824219,9.752043724060059
3617,27.030000686645508,22.3080997467041
3618,22.489999771118164,20.341705322265625
3619,66.81999969482422,66.44672393798828
3620,14.0,13.69034481048584
3621,36.68000030517578,38.44462966918945
3622,14.25,16.30910301208496
3623,6.860000133514404,8.136216163635254
3624,46.400001525878906,47.61002731323242
3625,27.260000228881836,30.44717025756836
3626,41.54999923706055,44.19709396362305
3627,32.41999816894531,27.448423385620117
3628,12.039999961853027,9.177116394042969
3629,26.799999237060547,22.998374938964844
3630,44.650001525878906,51.368492126464844
3631,13.59000015258789,12.85505199432373
3632,44.810001373291016,49.24897003173828
3633,31.860000610351562,37.40557861328125
3634,8.520000457763672,5.201035499572754
3635,6.130000114440918,6.46432638168335
3636,24.6299991607666,27.257816314697266
3637,31.950000762939453,33.85598373413086
3638,5.099999904632568,9.836577415466309
3639,53.36000061035156,51.94586944580078
3640,32.72999954223633,26.756298065185547
3641,14.399999618530273,13.261548042297363
3642,17.229999542236328,17.37443733215332
3643,6.929999828338623,7.204917907714844
3644,33.810001373291016,39.574764251708984
3645,5.090000152587891,8.83893871307373
3646,23.610000610351562,23.046722412109375
3647,11.199999809265137,8.626381874084473
3648,43.189998626708984,46.43027114868164
3649,39.95000076293945,40.80592727661133
3650,29.959999084472656,26.759851455688477
3651,18.889999389648438,18.662899017333984
3652,19.15999984741211,17.49209976196289
3653,37.220001220703125,36.26570129394531
3654,39.349998474121094,26.550086975097656
3655,36.349998474121094,35.85117721557617
3656,24.93000030517578,23.966053009033203
3657,46.08000183105469,47.363189697265625
3658,40.970001220703125,41.89950180053711
3659,6.630000114440918,7.673260688781738
3660,5.25,2.911717653274536
3661,19.969999313354492,21.94225311279297
3662,44.40999984741211,53.38263702392578
3663,4.679999828338623,5.592338562011719
3664,33.939998626708984,32.03541946411133
3665,13.239999771118164,15.266063690185547
3666,60.790000915527344,49.155311584472656
3667,27.15999984741211,29.7738037109375
3668,9.020000457763672,6.312288284301758
3669,21.450000762939453,20.829069137573242
3670,14.819999694824219,14.226633071899414
3671,64.94999694824219,67.90835571289062
3672,13.770000457763672,12.67459774017334
3673,37.369998931884766,30.86623191833496
3674,56.439998626708984,51.18706512451172
3675,2.4000000953674316,3.544468402862549
3676,23.93000030517578,20.099624633789062
3677,21.059999465942383,19.761743545532227
3678,6.260000228881836,4.914849281311035
3679,19.8700008392334,23.610191345214844
3680,38.709999084472656,40.28152847290039
3681,7.309999942779541,6.864595413208008
3682,34.7599983215332,31.069652557373047
3683,21.989999771118164,23.5981502532959
3684,8.619999885559082,6.444998741149902
3685,39.689998626708984,38.75315856933594
3686,7.75,5.5149922370910645
3687,70.16999816894531,64.43535614013672
3688,40.09000015258789,43.8508186340332
3689,25.059999465942383,27.49193000793457
3690,35.599998474121094,36.78703308105469
3691,52.02000045776367,54.442874908447266
3692,1.9299999475479126,7.464221954345703
3693,21.329999923706055,21.362167358398438
3694,6.760000228881836,2.479829788208008
3695,35.720001220703125,38.88798522949219
3696,48.560001373291016,53.030208587646484
3697,16.530000686645508,15.924695014953613
3698,30.860000610351562,30.113624572753906
3699,55.380001068115234,51.294212341308594
3700,28.18000030517578,30.889808654785156
3701,25.790000915527344,26.702930450439453
3702,23.040000915527344,24.932039260864258
3703,31.959999084472656,29.813907623291016
3704,55.08000183105469,53.9488639831543
3705,38.61000061035156,37.21782302856445
3706,17.6200008392334,20.860021591186523
3707,35.33000183105469,30.633657455444336
3708,24.520000457763672,24.873973846435547
3709,37.470001220703125,36.74995040893555
3710,61.7400016784668,58.250919342041016
3711,19.190000534057617,22.03256607055664
3712,24.1299991607666,24.299762725830078
3713,33.22999954223633,30.366294860839844
3714,34.84000015258789,33.07082748413086
3715,10.779999732971191,10.819942474365234
3716,58.0099983215332,54.16215515136719
3717,22.729999542236328,23.828662872314453
3718,21.360000610351562,19.256805419921875
3719,49.619998931884766,49.9606819152832
3720,33.70000076293945,31.53516387939453
3721,13.520000457763672,14.29853343963623
3722,34.72999954223633,33.17649459838867
3723,4.170000076293945,4.858150482177734
3724,38.63999938964844,38.56718826293945
3725,47.08000183105469,50.01881790161133
3726,23.209999084472656,22.27361488342285
3727,23.59000015258789,22.446374893188477
3728,32.79999923706055,34.896263122558594
3729,8.079999923706055,8.048249244689941
3730,18.520000457763672,19.55924415588379
3731,16.959999084472656,18.522335052490234
3732,14.520000457763672,12.034150123596191
3733,64.56999969482422,62.329341888427734
3734,14.25,17.55292510986328
3735,19.709999084472656,21.484943389892578
3736,60.290000915527344,58.79843521118164
3737,23.860000610351562,25.476770401000977
3738,40.29999923706055,38.83505630493164
3739,27.639999389648438,28.938480377197266
3740,16.1299991607666,21.397323608398438
3741,2.390000104904175,0.41784054040908813
3742,12.289999961853027,15.193877220153809
3743,29.200000762939453,34.05111312866211
3744,56.310001373291016,62.84841537475586
3745,15.960000038146973,14.728931427001953
3746,28.559999465942383,28.675384521484375
3747,42.029998779296875,39.5445556640625
3748,62.720001220703125,65.9504623413086
3749,46.27000045776367,44.109458923339844
3750,10.630000114440918,10.08897876739502
3751,19.56999969482422,19.769100189208984
3752,22.739999771118164,22.608688354492188
3753,34.529998779296875,36.334259033203125
3754,12.229999542236328,13.179488182067871
3755,39.599998474121094,38.34973907470703
3756,53.41999816894531,56.80964279174805
3757,30.309999465942383,32.76277160644531
3758,11.59000015258789,12.131591796875
3759,12.420000076293945,12.294577598571777
3760,28.700000762939453,27.973031997680664
3761,5.199999809265137,6.603168487548828
3762,73.18000030517578,67.32685089111328
3763,70.77999877929688,68.03076934814453
3764,12.65999984741211,13.590428352355957
3765,10.34000015258789,8.234273910522461
3766,26.56999969482422,23.515579223632812
3767,31.139999389648438,33.2277946472168
3768,34.31999969482422,32.90325164794922
3769,16.760000228881836,15.6683349609375
3770,43.95000076293945,41.16916275024414
3771,34.709999084472656,31.608661651611328
3772,41.130001068115234,40.12932205200195
3773,25.059999465942383,26.315635681152344
3774,36.29999923706055,44.073482513427734
3775,25.719999313354492,29.009479522705078
3776,49.5099983215332,50.009666442871094
3777,40.63999938964844,42.615966796875
3778,55.560001373291016,50.756065368652344
3779,19.290000915527344,20.879955291748047
3780,34.16999816894531,29.569725036621094
3781,9.720000267028809,10.583735466003418
3782,17.209999084472656,18.781818389892578
3783,6.190000057220459,5.016870975494385
3784,24.809999465942383,26.783048629760742
3785,8.050000190734863,5.102533340454102
3786,10.1899995803833,10.244389533996582
3787,1.8600000143051147,0.7137136459350586
3788,45.0099983215332,44.20112609863281
3789,19.3799991607666,19.733190536499023
3790,53.45000076293945,55.09367370605469
3791,18.260000228881836,19.334348678588867
3792,18.31999969482422,19.344253540039062
3793,24.889999389648438,25.657329559326172
3794,37.0099983215332,35.55189514160156
3795,12.520000457763672,12.366875648498535
3796,52.369998931884766,50.58427047729492
3797,30.469999313354492,33.69059753417969
3798,53.029998779296875,51.660953521728516
3799,19.6200008392334,24.84426498413086
3800,48.88999938964844,58.705078125
3801,13.039999961853027,13.018413543701172
3802,21.040000915527344,18.045557022094727
3803,27.719999313354492,30.869354248046875
3804,6.210000038146973,4.295814037322998
3805,17.889999389648438,19.269811630249023
3806,18.559999465942383,20.12255096435547
3807,35.52000045776367,39.047271728515625
3808,25.459999084472656,24.109254837036133
3809,22.690000534057617,24.7879638671875
3810,40.25,39.374855041503906
3811,14.619999885559082,14.340228080749512
3812,9.029999732971191,9.842718124389648
3813,35.88999938964844,39.336830139160156
3814,22.81999969482422,23.544883728027344
3815,31.8700008392334,33.14815139770508
3816,36.91999816894531,33.618186950683594
3817,11.260000228881836,12.243855476379395
3818,12.09000015258789,14.097655296325684
3819,38.939998626708984,41.896507263183594
3820,21.959999084472656,21.938539505004883
3821,62.22999954223633,57.282222747802734
3822,19.469999313354492,17.566911697387695
3823,33.45000076293945,40.88555908203125
3824,34.810001373291016,36.151573181152344
3825,43.84000015258789,40.898441314697266
3826,14.1899995803833,16.420778274536133
3827,12.569999694824219,15.509477615356445
3828,34.72999954223633,34.161861419677734
3829,68.80000305175781,56.853939056396484
3830,17.309999465942383,18.840190887451172
3831,29.700000762939453,29.787864685058594
3832,19.940000534057617,19.896228790283203
3833,21.530000686645508,22.013961791992188
3834,27.280000686645508,28.096561431884766
3835,46.79999923706055,44.902679443359375
3836,18.479999542236328,18.083866119384766
3837,28.65999984741211,26.938100814819336
3838,16.18000030517578,15.789579391479492
3839,18.299999237060547,18.782821655273438
3840,19.450000762939453,20.494020462036133
3841,62.849998474121094,61.77931213378906
3842,23.170000076293945,24.710121154785156
3843,19.25,21.694108963012695
3844,65.72000122070312,58.63697814941406
3845,33.22999954223633,32.65919494628906
3846,25.329999923706055,25.193641662597656
3847,7.329999923706055,13.198506355285645
3848,5.909999847412109,9.086430549621582
3849,6.690000057220459,7.910434722900391
3850,10.119999885559082,10.879819869995117
3851,33.189998626708984,41.14603042602539
3852,14.600000381469727,16.128284454345703
3853,37.380001068115234,40.847957611083984
3854,9.359999656677246,12.868016242980957
3855,29.299999237060547,31.23624038696289
3856,48.470001220703125,51.8245964050293
3857,19.309999465942383,19.651716232299805
3858,41.31999969482422,43.50182342529297
3859,32.9900016784668,33.68029022216797
3860,15.770000457763672,17.040063858032227
3861,22.40999984741211,22.445579528808594
3862,21.059999465942383,21.889013290405273
3863,56.040000915527344,51.76225662231445
3864,30.489999771118164,30.768009185791016
3865,25.809999465942383,24.63863182067871
3866,3.2799999713897705,5.601088523864746
3867,23.65999984741211,21.247528076171875
3868,6.170000076293945,6.736439228057861
3869,3.8499999046325684,3.4477293491363525
3870,30.209999084472656,30.02943992614746
3871,17.479999542236328,19.889434814453125
3872,24.59000015258789,28.829940795898438
3873,61.38999938964844,58.53575897216797
3874,22.899999618530273,21.939510345458984
3875,40.540000915527344,40.873626708984375
3876,34.959999084472656,31.06337547302246
3877,32.650001525878906,34.171836853027344
3878,27.93000030517578,30.729921340942383
3879,51.31999969482422,52.42536926269531
3880,35.93000030517578,34.2908935546875
3881,51.790000915527344,49.085533142089844
3882,38.400001525878906,45.255245208740234
3883,31.020000457763672,32.060035705566406
3884,63.5,64.8056411743164
3885,33.56999969482422,32.36280822753906
3886,9.880000114440918,10.930328369140625
3887,19.049999237060547,21.415952682495117
3888,23.969999313354492,22.98665428161621
3889,45.790000915527344,46.239288330078125
3890,3.2300000190734863,4.863494873046875
3891,15.319999694824219,15.817255973815918
3892,6.039999961853027,7.571695327758789
3893,13.640000343322754,13.22760009765625
3894,38.5,38.256378173828125
3895,6.53000020980835,9.281404495239258
3896,11.609999656677246,11.744754791259766
3897,23.579999923706055,20.657899856567383
3898,33.7599983215332,38.434669494628906
3899,29.43000030517578,32.393367767333984
3900,75.29000091552734,62.77724075317383
3901,37.150001525878906,37.57886505126953
3902,40.970001220703125,39.40354919433594
3903,35.22999954223633,34.51420974731445
3904,11.40999984741211,12.125031471252441
3905,22.760000228881836,25.44285774230957
3906,34.4900016784668,38.040645599365234
3907,15.180000305175781,16.8775691986084
3908,24.6200008392334,25.10466766357422
3909,21.790000915527344,25.705636978149414
3910,26.360000610351562,26.34262466430664
3911,21.969999313354492,23.659513473510742
3912,8.289999961853027,7.875644207000732
3913,9.5600004196167,13.85990047454834
3914,36.83000183105469,39.309383392333984
3915,48.209999084472656,50.54277420043945
3916,12.479999542236328,9.576090812683105
3917,2.2699999809265137,9.317474365234375
3918,26.8799991607666,29.581390380859375
3919,7.880000114440918,14.779356956481934
3920,29.459999084472656,37.53791809082031
3921,22.149999618530273,21.920703887939453
3922,70.68000030517578,65.13348388671875
3923,43.849998474121094,31.69147491455078
3924,25.06999969482422,24.946805953979492
3925,4.300000190734863,5.614792346954346
3926,35.290000915527344,29.684144973754883
3927,18.540000915527344,15.085145950317383
3928,50.400001525878906,45.120933532714844
3929,21.360000610351562,25.308504104614258
3930,60.97999954223633,52.475067138671875
3931,27.6200008392334,29.7852783203125
3932,29.079999923706055,32.673397064208984
3933,36.709999084472656,39.57297897338867
3934,13.619999885559082,13.548425674438477
3935,31.219999313354492,33.15692901611328
3936,11.329999923706055,9.779376029968262
3937,14.8100004196167,15.336788177490234
3938,27.6299991607666,27.520614624023438
3939,42.22999954223633,39.72710418701172
3940,36.369998931884766,34.8723258972168
3941,19.149999618530273,19.689865112304688
3942,5.739999771118164,9.202741622924805
3943,62.0,54.559303283691406
3944,0.8500000238418579,23.4339542388916
3945,72.2300033569336,62.916873931884766
3946,28.260000228881836,26.607601165771484
3947,46.63999938964844,44.05072021484375
3948,11.0600004196167,8.018845558166504
3949,71.01000213623047,65.72300720214844
3950,40.279998779296875,41.456024169921875
3951,8.069999694824219,5.076437950134277
3952,26.579999923706055,25.800073623657227
3953,48.0,51.8538932800293
3954,50.869998931884766,50.47413635253906
3955,54.4900016784668,60.819515228271484
3956,27.780000686645508,28.965702056884766
3957,17.59000015258789,17.893718719482422
3958,13.760000228881836,13.71207332611084
3959,36.40999984741211,37.20137023925781
3960,3.3499999046325684,5.45775842666626
3961,50.470001220703125,43.749420166015625
3962,17.309999465942383,14.239717483520508
3963,6.449999809265137,9.418875694274902
3964,19.90999984741211,16.737993240356445
3965,17.469999313354492,16.317501068115234
3966,35.189998626708984,38.08237838745117
3967,18.770000457763672,17.142704010009766
3968,28.8700008392334,26.958589553833008
3969,15.039999961853027,15.897149085998535
3970,24.889999389648438,25.42509651184082
3971,27.59000015258789,29.288068771362305
3972,3.880000114440918,2.5950961112976074
3973,28.020000457763672,29.777481079101562
3974,25.770000457763672,24.882307052612305
3975,52.84000015258789,47.72339630126953
3976,1.2200000286102295,10.134693145751953
3977,27.809999465942383,27.179758071899414
3978,25.979999542236328,26.252857208251953
3979,16.1200008392334,12.791833877563477
3980,32.43000030517578,31.14815330505371
3981,3.009999990463257,4.5269365310668945
3982,38.380001068115234,40.375511169433594
3983,31.31999969482422,31.282398223876953
3984,25.729999542236328,22.080459594726562
3985,41.61000061035156,40.96648406982422
3986,38.529998779296875,44.32752227783203
3987,21.860000610351562,21.9918212890625
3988,30.040000915527344,29.898115158081055
3989,33.91999816894531,34.21889877319336
3990,40.15999984741211,42.72478103637695
3991,20.959999084472656,22.513015747070312
3992,38.25,39.9737434387207
3993,59.45000076293945,51.448524475097656
3994,20.610000610351562,20.55313491821289
3995,33.900001525878906,32.16242599487305
3996,34.209999084472656,32.1068115234375
3997,13.100000381469727,15.128788948059082
3998,28.079999923706055,24.25630760192871
3999,64.76000213623047,67.4460220336914
4000,1.8600000143051147,6.570281028747559
4001,26.229999542236328,31.280414581298828
4002,26.43000030517578,24.959693908691406
4003,22.5,20.071903228759766
4004,37.61000061035156,39.07789611816406
4005,53.189998626708984,58.10794448852539
4006,66.05000305175781,61.393096923828125
4007,6.550000190734863,5.6079301834106445
4008,18.59000015258789,15.247048377990723
4009,66.79000091552734,65.75440979003906
4010,40.7599983215332,37.21721267700195
4011,15.529999732971191,16.537677764892578
4012,30.18000030517578,28.074970245361328
4013,34.619998931884766,38.58064270019531
4014,19.290000915527344,21.36570930480957
4015,7.869999885559082,5.354067802429199
4016,25.0,28.49172592163086
4017,5.179999828338623,12.213780403137207
4018,13.279999732971191,14.280875205993652
4019,33.810001373291016,38.61867141723633
4020,25.739999771118164,26.131101608276367
4021,4.059999942779541,15.068887710571289
4022,29.520000457763672,28.587406158447266
4023,51.41999816894531,53.95524597167969
4024,26.100000381469727,23.962936401367188
4025,56.16999816894531,61.45563507080078
4026,25.139999389648438,34.825042724609375
4027,23.25,24.958988189697266
4028,6.789999961853027,11.42493724822998
4029,23.450000762939453,24.56599235534668
4030,56.27000045776367,59.37946319580078
4031,26.239999771118164,29.957717895507812
4032,24.450000762939453,23.768281936645508
4033,2.8499999046325684,2.757488489151001
4034,11.470000267028809,11.390519142150879
4035,16.459999084472656,17.884037017822266
4036,7.96999979019165,7.010251522064209
4037,29.34000015258789,29.086532592773438
4038,19.1299991607666,18.851037979125977
4039,32.150001525878906,30.018943786621094
4040,21.81999969482422,23.10843276977539
4041,26.780000686645508,28.492143630981445
4042,35.810001373291016,29.56990623474121
4043,28.15999984741211,29.26259422302246
4044,24.25,21.871047973632812
4045,52.79999923706055,52.374752044677734
4046,10.640000343322754,11.406536102294922
4047,53.18000030517578,50.55181121826172
4048,40.20000076293945,42.188575744628906
4049,18.239999771118164,18.283367156982422
4050,6.300000190734863,7.767136096954346
4051,5.349999904632568,8.035575866699219
4052,37.06999969482422,37.75817108154297
4053,6.309999942779541,10.165837287902832
4054,38.47999954223633,38.44009780883789
4055,7.739999771118164,5.658967018127441
4056,25.1299991607666,22.072240829467773
4057,52.7400016784668,54.4889030456543
4058,11.529999732971191,13.127758026123047
4059,5.559999942779541,5.976925849914551
4060,3.2200000286102295,9.077377319335938
4061,12.239999771118164,12.296799659729004
4062,42.93000030517578,34.11217498779297
4063,26.709999084472656,25.83724594116211
4064,48.18000030517578,46.21748352050781
4065,14.109999656677246,12.205702781677246
4066,47.43000030517578,52.40190887451172
4067,7.03000020980835,6.801513195037842
4068,26.440000534057617,26.97787857055664
4069,50.65999984741211,48.027313232421875
4070,35.529998779296875,34.52349090576172
4071,19.290000915527344,17.661052703857422
4072,15.039999961853027,14.839273452758789
4073,41.779998779296875,39.6579704284668
4074,48.7400016784668,46.02376937866211
4075,6.590000152587891,6.594261646270752
4076,48.5099983215332,48.50556182861328
4077,33.5,37.17524337768555
4078,12.15999984741211,11.216487884521484
4079,25.06999969482422,25.016170501708984
4080,27.8799991607666,25.83730697631836
4081,24.40999984741211,23.31635856628418
4082,32.22999954223633,36.39531707763672
4083,15.300000190734863,14.214027404785156
4084,37.70000076293945,40.10683822631836
4085,45.75,46.00432586669922
4086,57.970001220703125,58.179176330566406
4087,19.190000534057617,22.56366729736328
4088,20.110000610351562,21.492042541503906
4089,45.959999084472656,44.66945266723633
4090,34.27000045776367,32.5694580078125
4091,39.0099983215332,33.575923919677734
4092,7.489999771118164,7.588853359222412
4093,27.690000534057617,30.64419174194336
4094,5.699999809265137,0.8942345976829529
4095,46.81999969482422,48.063175201416016
4096,34.310001373291016,31.08083724975586
4097,22.059999465942383,22.260276794433594
4098,18.6299991607666,21.365997314453125
4099,11.180000305175781,9.050751686096191
4100,41.790000915527344,38.842655181884766
4101,41.349998474121094,47.813140869140625
4102,52.560001373291016,55.46037292480469
4103,24.979999542236328,26.146827697753906
4104,69.37000274658203,64.50599670410156
4105,35.709999084472656,36.825721740722656
4106,13.880000114440918,13.888635635375977
4107,68.5999984741211,60.8513069152832
4108,17.079999923706055,16.524860382080078
4109,10.869999885559082,12.110427856445312
4110,26.469999313354492,25.634695053100586
4111,36.369998931884766,40.48655700683594
4112,12.149999618530273,11.922303199768066
4113,27.940000534057617,33.25786590576172
4114,30.010000228881836,24.68824005126953
4115,34.7400016784668,28.321216583251953
4116,14.0,15.022756576538086
4117,24.1299991607666,25.012481689453125
4118,11.930000305175781,12.565576553344727
4119,31.549999237060547,28.93634796142578
4120,33.36000061035156,26.635181427001953
4121,15.4399995803833,17.713443756103516
4122,11.789999961853027,12.871363639831543
4123,78.62000274658203,65.2310791015625
4124,38.130001068115234,43.47294616699219
4125,7.059999942779541,8.26258373260498
4126,47.52000045776367,42.05380630493164
4127,26.3799991607666,33.94158935546875
4128,26.81999969482422,27.208112716674805
4129,30.100000381469727,31.338472366333008
4130,17.549999237060547,17.041831970214844
4131,53.40999984741211,49.2960319519043
4132,34.119998931884766,36.108131408691406
4133,14.039999961853027,14.74404239654541
4134,59.310001373291016,56.44661331176758
4135,25.219999313354492,27.137880325317383
4136,17.56999969482422,20.89147186279297
4137,28.020000457763672,30.732219696044922
4138,15.199999809265137,12.758437156677246
4139,5.489999771118164,8.397315979003906
4140,30.010000228881836,30.27857780456543
4141,72.45999908447266,67.47592163085938
4142,31.030000686645508,31.32805633544922
4143,51.279998779296875,46.16014862060547
4144,34.88999938964844,34.206634521484375
4145,25.59000015258789,27.277925491333008
4146,17.530000686645508,16.494977951049805
4147,16.40999984741211,14.772019386291504
4148,13.020000457763672,11.19056510925293
4149,19.719999313354492,16.970672607421875
4150,25.6200008392334,30.188785552978516
4151,22.709999084472656,26.699874877929688
4152,40.93000030517578,40.75231170654297
4153,22.40999984741211,21.259567260742188
4154,39.779998779296875,39.694854736328125
4155,11.920000076293945,10.231473922729492
4156,65.37000274658203,60.66240692138672
4157,29.639999389648438,27.847187042236328
4158,12.729999542236328,13.690494537353516
4159,16.059999465942383,13.009053230285645
4160,28.770000457763672,28.285125732421875
4161,48.599998474121094,47.904632568359375
4162,21.469999313354492,19.583576202392578
4163,2.7799999713897705,2.2976326942443848
4164,11.5600004196167,12.622065544128418
4165,33.88999938964844,32.876258850097656
4166,21.969999313354492,23.657485961914062
4167,73.61000061035156,68.08137512207031
4168,29.829999923706055,28.08525276184082
4169,18.34000015258789,18.96236801147461
4170,29.670000076293945,25.97089195251465
4171,3.3499999046325684,3.097980499267578
4172,65.0,67.49649047851562
4173,19.719999313354492,16.139678955078125
4174,13.029999732971191,14.573577880859375
4175,19.3700008392334,17.688640594482422
4176,28.670000076293945,29.45099639892578
4177,34.66999816894531,40.234764099121094
4178,28.920000076293945,26.059473037719727
4179,17.59000015258789,18.888202667236328
4180,4.090000152587891,4.824376583099365
4181,41.04999923706055,40.72327423095703
4182,9.350000381469727,9.357954978942871
4183,3.7799999713897705,5.14871883392334
4184,15.600000381469727,15.313179969787598
4185,51.5,61.44361114501953
4186,35.849998474121094,37.13832092285156
4187,25.110000610351562,25.704803466796875
4188,9.729999542236328,7.410258769989014
4189,47.939998626708984,48.40853500366211
4190,42.150001525878906,38.3793830871582
4191,11.449999809265137,12.923690795898438
4192,6.119999885559082,9.340625762939453
4193,28.219999313354492,31.856212615966797
4194,20.790000915527344,18.955928802490234
4195,16.010000228881836,17.286235809326172
4196,10.819999694824219,9.999327659606934
4197,33.099998474121094,33.06767272949219
4198,40.09000015258789,38.67142105102539
4199,13.880000114440918,16.349853515625
4200,14.649999618530273,12.581632614135742
4201,41.59000015258789,39.646400451660156
4202,68.83999633789062,69.85993957519531
4203,8.5600004196167,6.804709434509277
4204,37.31999969482422,33.28520965576172
4205,7.550000190734863,9.430147171020508
4206,2.9800000190734863,4.729084014892578
4207,48.06999969482422,43.01342010498047
4208,33.900001525878906,31.592470169067383
4209,36.79999923706055,39.787933349609375
4210,27.899999618530273,37.10240173339844
4211,30.190000534057617,28.72654914855957
4212,13.859999656677246,15.376116752624512
4213,55.540000915527344,53.7465934753418
4214,22.81999969482422,23.161136627197266
4215,43.38999938964844,45.223609924316406
4216,48.72999954223633,47.0077018737793
4217,4.75,2.3147308826446533
4218,40.709999084472656,38.560935974121094
4219,37.41999816894531,35.23497772216797
4220,10.760000228881836,6.284994125366211
4221,43.4900016784668,49.63574981689453
4222,24.530000686645508,23.014484405517578
4223,9.479999542236328,10.060944557189941
4224,18.399999618530273,19.799537658691406
4225,27.290000915527344,28.52566909790039
4226,16.610000610351562,17.326152801513672
4227,51.75,57.4075927734375
4228,9.930000305175781,8.23250675201416
4229,34.36000061035156,40.10741424560547
4230,28.549999237060547,28.05975341796875
4231,14.15999984741211,12.980230331420898
4232,23.200000762939453,26.6403751373291
4233,19.010000228881836,15.858692169189453
4234,29.729999542236328,30.44283103942871
4235,24.329999923706055,21.777795791625977
4236,25.969999313354492,23.634191513061523
4237,14.5600004196167,14.328282356262207
4238,35.02000045776367,38.47552490234375
4239,26.729999542236328,28.336349487304688
4240,57.54999923706055,55.775962829589844
4241,50.36000061035156,53.183135986328125
4242,18.229999542236328,17.547298431396484
4243,37.91999816894531,33.790245056152344
4244,16.010000228881836,15.693414688110352
4245,31.280000686645508,30.662776947021484
4246,68.38999938964844,64.20333099365234
4247,25.149999618530273,25.947423934936523
4248,37.33000183105469,30.213525772094727
4249,27.209999084472656,29.55003547668457
4250,55.08000183105469,46.32887268066406
4251,34.91999816894531,37.8963623046875
4252,8.350000381469727,7.6169819831848145
4253,7.320000171661377,8.876022338867188
4254,10.9399995803833,10.695813179016113
4255,22.959999084472656,24.275840759277344
4256,78.01000213623047,80.99716186523438
4257,34.95000076293945,34.176979064941406
4258,36.31999969482422,34.792686462402344
4259,19.020000457763672,18.269933700561523
4260,31.360000610351562,32.139923095703125
4261,28.31999969482422,27.312984466552734
4262,41.599998474121094,45.86328887939453
4263,8.34000015258789,5.669320583343506
4264,2.700000047683716,2.5357444286346436
4265,28.780000686645508,28.539867401123047
4266,43.130001068115234,46.868011474609375
4267,17.06999969482422,19.296415328979492
4268,18.489999771118164,17.755817413330078
4269,37.45000076293945,39.05028533935547
4270,7.239999771118164,9.826160430908203
4271,48.310001373291016,46.27939987182617
4272,6.829999923706055,7.194337844848633
4273,30.770000457763672,28.308658599853516
4274,46.310001373291016,46.35877990722656
4275,44.58000183105469,42.49345016479492
4276,36.4900016784668,39.623817443847656
4277,32.41999816894531,33.297157287597656
4278,38.15999984741211,38.79404067993164
4279,14.369999885559082,12.085962295532227
4280,5.860000133514404,11.208908081054688
4281,26.81999969482422,29.44005012512207
4282,43.459999084472656,48.943424224853516
4283,32.900001525878906,24.919673919677734
4284,32.369998931884766,31.967926025390625
4285,17.709999084472656,15.333720207214355
4286,41.189998626708984,33.29543685913086
4287,52.95000076293945,45.080352783203125
4288,25.139999389648438,26.930259704589844
4289,58.59000015258789,58.59303283691406
4290,10.460000038146973,11.3551025390625
4291,27.780000686645508,28.33068084716797
4292,46.599998474121094,47.292442321777344
4293,28.899999618530273,29.27703285217285
4294,43.0099983215332,46.1926383972168
4295,37.4900016784668,35.70296096801758
4296,26.899999618530273,26.116060256958008
4297,21.809999465942383,21.668201446533203
4298,27.020000457763672,20.6074161529541
4299,24.850000381469727,26.373905181884766
4300,27.309999465942383,25.83089828491211
4301,31.139999389648438,28.666921615600586
4302,19.8799991607666,17.257247924804688
4303,40.0,37.73891067504883
4304,13.970000267028809,14.838081359863281
4305,16.110000610351562,17.989423751831055
4306,15.779999732971191,15.024242401123047
4307,53.06999969482422,49.101009368896484
4308,38.560001373291016,36.810420989990234
4309,56.209999084472656,56.66216278076172
4310,32.13999938964844,29.873310089111328
4311,78.83000183105469,57.08074951171875
4312,6.429999828338623,8.630475997924805
4313,27.719999313354492,23.43718719482422
4314,15.130000114440918,15.713624000549316
4315,20.040000915527344,19.84667205810547
4316,31.520000457763672,32.54768753051758
4317,9.199999809265137,6.186398029327393
4318,26.969999313354492,25.555570602416992
4319,34.90999984741211,36.3421516418457
4320,44.29999923706055,43.684326171875
4321,28.18000030517578,27.36357879638672
4322,17.709999084472656,18.193458557128906
4323,17.790000915527344,20.145395278930664
4324,41.720001220703125,37.25627136230469
4325,21.329999923706055,17.955333709716797
4326,37.709999084472656,40.28581237792969
4327,31.68000030517578,26.381834030151367
4328,33.220001220703125,34.05501937866211
4329,68.0199966430664,65.81407165527344
4330,35.0,31.27579116821289
4331,36.290000915527344,31.197710037231445
4332,30.860000610351562,30.435714721679688
4333,28.760000228881836,29.42913246154785
4334,13.220000267028809,14.880698204040527
4335,7.019999980926514,7.607272624969482
4336,4.050000190734863,5.131422996520996
4337,50.310001373291016,47.118980407714844
4338,39.18000030517578,37.044677734375
4339,8.720000267028809,10.366689682006836
4340,15.550000190734863,15.317096710205078
4341,14.579999923706055,14.882802963256836
4342,10.989999771118164,8.282469749450684
4343,33.65999984741211,39.450286865234375
4344,18.040000915527344,16.510705947875977
4345,24.350000381469727,20.05037498474121
4346,15.390000343322754,15.416718482971191
4347,14.239999771118164,14.269171714782715
4348,26.829999923706055,26.334810256958008
4349,12.59000015258789,13.348873138427734
4350,17.959999084472656,17.60131072998047
4351,22.190000534057617,21.775257110595703
4352,19.649999618530273,20.334857940673828
4353,46.15999984741211,43.079833984375
4354,22.34000015258789,19.970033645629883
4355,22.549999237060547,22.512859344482422
4356,47.970001220703125,43.34671401977539
4357,9.300000190734863,5.590325355529785
4358,15.569999694824219,16.089811325073242
4359,13.600000381469727,9.939995765686035
4360,5.059999942779541,6.613542079925537
4361,45.54999923706055,48.4471549987793
4362,17.18000030517578,13.89892864227295
4363,26.690000534057617,24.069223403930664
4364,14.539999961853027,16.183286666870117
4365,33.209999084472656,32.15517044067383
4366,40.97999954223633,34.90679168701172
4367,34.40999984741211,38.11563491821289
4368,15.199999809265137,14.159745216369629
4369,36.95000076293945,33.39997482299805
4370,27.549999237060547,28.84617042541504
4371,27.110000610351562,31.476884841918945
4372,44.900001525878906,46.9866943359375
4373,7.019999980926514,6.922945499420166
4374,25.940000534057617,32.2734260559082
4375,13.90999984741211,14.2001314163208
4376,33.33000183105469,30.787084579467773
4377,41.02000045776367,42.70955276489258
4378,34.09000015258789,31.814821243286133
4379,38.06999969482422,43.57136917114258
4380,35.43000030517578,31.207990646362305
4381,22.280000686645508,22.48546028137207
4382,39.310001373291016,40.17942810058594
4383,15.260000228881836,12.392358779907227
4384,12.65999984741211,14.949536323547363
4385,5.860000133514404,3.234311103820801
4386,13.34000015258789,11.148015022277832
4387,23.219999313354492,25.07452964782715
4388,73.4000015258789,63.720787048339844
4389,3.4600000381469727,5.701376438140869
4390,15.170000076293945,18.37825584411621
4391,48.45000076293945,49.466243743896484
4392,22.739999771118164,22.35007095336914
4393,23.3799991607666,26.438941955566406
4394,37.15999984741211,41.227142333984375
4395,24.459999084472656,24.400146484375
4396,8.220000267028809,6.6770339012146
4397,14.279999732971191,18.247024536132812
4398,19.100000381469727,17.998199462890625
4399,79.05999755859375,72.08049011230469
4400,41.040000915527344,47.79122543334961
4401,9.0,14.081276893615723
4402,13.90999984741211,12.632920265197754
4403,32.45000076293945,31.66673469543457
4404,33.18000030517578,29.371488571166992
4405,5.570000171661377,6.914225101470947
4406,18.600000381469727,16.940460205078125
4407,31.889999389648438,28.16727066040039
4408,39.36000061035156,43.229148864746094
4409,10.880000114440918,11.642909049987793
4410,26.450000762939453,28.021141052246094
4411,52.880001068115234,52.301918029785156
4412,66.62999725341797,65.14026641845703
4413,3.3499999046325684,11.825052261352539
4414,44.72999954223633,45.75163269042969
4415,15.0,16.19295310974121
4416,30.59000015258789,34.70547103881836
4417,38.5099983215332,38.783470153808594
4418,28.270000457763672,30.24369239807129
4419,28.68000030517578,32.58385467529297
4420,7.650000095367432,9.010927200317383
4421,20.709999084472656,19.81271743774414
4422,13.420000076293945,14.208453178405762
4423,23.010000228881836,20.022626876831055
4424,14.550000190734863,14.116429328918457
4425,46.9900016784668,47.916221618652344
4426,27.68000030517578,30.22921371459961
4427,44.20000076293945,48.46880340576172
4428,16.510000228881836,17.071571350097656
4429,3.940000057220459,4.441318511962891
4430,32.38999938964844,31.58812713623047
4431,61.66999816894531,63.454734802246094
4432,35.599998474121094,35.47185516357422
4433,11.369999885559082,13.638839721679688
4434,14.829999923706055,17.252647399902344
4435,30.25,30.222267150878906
4436,34.040000915527344,33.7557373046875
4437,27.979999542236328,31.20978355407715
4438,46.709999084472656,57.13066101074219
4439,3.0799999237060547,5.181305408477783
4440,16.520000457763672,18.59676742553711
4441,50.27000045776367,48.944305419921875
4442,23.43000030517578,24.279863357543945
4443,18.56999969482422,17.379304885864258
4444,50.13999938964844,46.624366760253906
4445,49.18000030517578,41.669376373291016
4446,14.5,11.380950927734375
4447,19.020000457763672,20.806058883666992
4448,54.9900016784668,50.245540618896484
4449,47.40999984741211,41.74729537963867
4450,56.09000015258789,56.96620178222656
4451,61.40999984741211,60.73879623413086
4452,12.069999694824219,14.782782554626465
4453,25.579999923706055,26.360992431640625
4454,16.200000762939453,15.31344223022461
4455,25.790000915527344,24.626678466796875
4456,12.880000114440918,13.478290557861328
4457,45.25,48.55297088623047
4458,38.709999084472656,37.92417526245117
4459,3.4600000381469727,3.328707456588745
4460,20.940000534057617,17.234813690185547
4461,38.41999816894531,33.440711975097656
4462,36.720001220703125,31.322216033935547
4463,22.989999771118164,27.31340217590332
4464,38.060001373291016,38.14552307128906
4465,42.02000045776367,43.00315856933594
4466,34.029998779296875,36.273338317871094
4467,21.280000686645508,22.226985931396484
4468,63.029998779296875,64.50489807128906
4469,48.2400016784668,48.50154113769531
4470,19.139999389648438,19.01738929748535
4471,15.619999885559082,17.039546966552734
4472,18.399999618530273,18.573596954345703
4473,52.040000915527344,48.832176208496094
4474,48.06999969482422,46.326866149902344
4475,42.369998931884766,40.005558013916016
4476,45.38999938964844,48.225460052490234
4477,29.530000686645508,30.95348358154297
4478,13.65999984741211,13.813986778259277
4479,28.079999923706055,27.763294219970703
4480,21.799999237060547,23.802692413330078
4481,20.489999771118164,18.3753719329834
4482,49.79999923706055,51.51499938964844
4483,2.859999895095825,0.24835576117038727
4484,28.520000457763672,28.320812225341797
4485,24.219999313354492,25.348630905151367
4486,63.63999938964844,65.6790542602539
4487,44.06999969482422,47.96795654296875
4488,18.18000030517578,18.740137100219727
4489,3.359999895095825,3.880049705505371
4490,13.59000015258789,13.586650848388672
4491,50.209999084472656,52.195762634277344
4492,18.850000381469727,20.760896682739258
4493,23.049999237060547,18.21468734741211
4494,44.689998626708984,43.497314453125
4495,38.02000045776367,38.7743034362793
4496,52.0,57.37013244628906
4497,39.61000061035156,35.979217529296875
4498,27.65999984741211,28.789318084716797
4499,13.789999961853027,13.679349899291992
4500,8.0,7.539089202880859
4501,42.90999984741211,45.27674865722656
4502,58.06999969482422,53.123905181884766
4503,36.220001220703125,34.18635940551758
4504,26.579999923706055,25.168426513671875
4505,17.1299991607666,20.59684181213379
4506,15.729999542236328,16.86435890197754
4507,43.04999923706055,45.415618896484375
4508,36.31999969482422,36.43196105957031
4509,23.690000534057617,24.074623107910156
4510,26.700000762939453,30.15584945678711
4511,6.590000152587891,5.530224800109863
4512,27.93000030517578,27.108505249023438
4513,21.6200008392334,21.190778732299805
4514,14.260000228881836,16.488370895385742
4515,45.529998779296875,40.551063537597656
4516,7.579999923706055,8.442437171936035
4517,35.900001525878906,38.347129821777344
4518,21.030000686645508,23.622623443603516
4519,23.18000030517578,22.32375717163086
4520,58.5099983215332,57.88447189331055
4521,13.520000457763672,12.761914253234863
4522,19.639999389648438,20.369873046875
4523,38.220001220703125,47.225948333740234
4524,55.560001373291016,53.822235107421875
4525,27.549999237060547,36.20647430419922
4526,37.41999816894531,44.66387939453125
4527,16.40999984741211,15.396661758422852
4528,23.639999389648438,26.627531051635742
4529,12.880000114440918,19.985397338867188
4530,19.459999084472656,17.268234252929688
4531,61.810001373291016,62.432552337646484
4532,28.25,27.382463455200195
4533,14.710000038146973,15.416221618652344
4534,56.619998931884766,52.8184814453125
4535,17.040000915527344,16.17774772644043
4536,43.04999923706055,42.84477615356445
4537,7.010000228881836,5.498093605041504
4538,25.3799991607666,28.67879867553711
4539,28.809999465942383,27.07513999938965
4540,18.920000076293945,19.100845336914062
4541,23.899999618530273,34.70536804199219
4542,22.31999969482422,16.46900749206543
4543,25.25,25.35907554626465
4544,46.0,41.527435302734375
4545,8.229999542236328,4.563190460205078
4546,34.689998626708984,36.80775833129883
4547,27.940000534057617,28.772869110107422
4548,40.25,40.68922805786133
4549,8.710000038146973,10.685527801513672
4550,20.6299991607666,21.136343002319336
4551,5.489999771118164,4.522034168243408
4552,63.68000030517578,63.91895294189453
4553,25.739999771118164,25.69051742553711
4554,26.190000534057617,25.626506805419922
4555,20.600000381469727,20.57463264465332
4556,46.0099983215332,43.417945861816406
4557,24.670000076293945,25.134252548217773
4558,23.75,26.2522029876709
4559,12.449999809265137,12.833911895751953
4560,56.650001525878906,56.951438903808594
4561,19.399999618530273,21.684764862060547
4562,55.849998474121094,49.98294448852539
4563,15.260000228881836,12.662464141845703
4564,67.30999755859375,70.49635314941406
4565,13.220000267028809,15.001236915588379
4566,37.099998474121094,41.21671676635742
4567,16.760000228881836,14.406659126281738
4568,34.5,36.512943267822266
4569,22.219999313354492,18.847137451171875
4570,36.72999954223633,34.131675720214844
4571,13.380000114440918,13.08657169342041
4572,40.97999954223633,46.35617446899414
4573,46.349998474121094,47.72744369506836
4574,52.099998474121094,51.14067840576172
4575,27.780000686645508,31.211307525634766
4576,17.010000228881836,17.064180374145508
4577,21.639999389648438,22.222312927246094
4578,38.43000030517578,34.062660217285156
4579,43.7400016784668,43.21704864501953
4580,16.8799991607666,18.379714965820312
4581,12.479999542236328,12.252118110656738
4582,26.329999923706055,28.841459274291992
4583,34.93000030517578,33.21333694458008
4584,46.630001068115234,48.168785095214844
4585,32.689998626708984,32.1595344543457
4586,23.309999465942383,22.067129135131836
4587,13.289999961853027,13.013914108276367
4588,34.650001525878906,33.1070442199707
4589,23.31999969482422,19.991811752319336
4590,10.960000038146973,10.959718704223633
4591,12.279999732971191,11.829604148864746
4592,22.600000381469727,34.19444274902344
4593,6.139999866485596,9.061992645263672
4594,40.540000915527344,40.821807861328125
4595,20.469999313354492,21.93745994567871
4596,31.649999618530273,32.27875900268555
4597,25.93000030517578,25.994083404541016
4598,14.390000343322754,15.31242561340332
4599,2.569999933242798,4.522285461425781
4600,13.989999771118164,13.567893028259277
4601,52.560001373291016,53.754859924316406
4602,34.86000061035156,31.274028778076172
4603,34.58000183105469,34.14728546142578
4604,4.789999961853027,10.740897178649902
4605,10.289999961853027,10.120732307434082
4606,36.15999984741211,39.049171447753906
4607,1.9700000286102295,4.7967963218688965
4608,7.190000057220459,9.62759780883789
4609,66.77999877929688,65.23985290527344
4610,9.789999961853027,16.007020950317383
4611,21.110000610351562,21.0971622467041
4612,52.470001220703125,55.83047866821289
4613,18.860000610351562,17.218015670776367
4614,56.7400016784668,48.19843673706055
4615,23.389999389648438,23.271926879882812
4616,32.59000015258789,27.74717903137207
4617,60.13999938964844,58.70388412475586
4618,2.759999990463257,2.147027015686035
4619,55.279998779296875,52.84158706665039
4620,20.600000381469727,22.76474380493164
4621,55.08000183105469,56.565555572509766
4622,13.90999984741211,16.0498104095459
4623,37.2400016784668,45.35065460205078
4624,38.2400016784668,37.0714111328125
4625,22.020000457763672,23.599197387695312
4626,29.600000381469727,24.91516876220703
4627,8.130000114440918,6.699467658996582
4628,54.119998931884766,51.29738998413086
4629,67.9800033569336,68.10609436035156
4630,14.300000190734863,14.751020431518555
4631,35.650001525878906,35.30376052856445
4632,17.940000534057617,17.997333526611328
4633,21.030000686645508,19.71308135986328
4634,36.72999954223633,36.74649429321289
4635,60.38999938964844,57.29007339477539
4636,11.680000305175781,11.305020332336426
4637,37.2599983215332,38.45869064331055
4638,25.6299991607666,23.26518440246582
4639,1.1200000047683716,2.557162046432495
4640,6.550000190734863,5.818648338317871
4641,42.470001220703125,40.6174430847168
4642,43.290000915527344,42.15740203857422
4643,23.6200008392334,25.308204650878906
4644,7.300000190734863,4.885961055755615
4645,10.539999961853027,8.107086181640625
4646,18.469999313354492,15.259391784667969
4647,37.97999954223633,34.8740348815918
4648,24.770000457763672,23.669052124023438
4649,27.809999465942383,27.288835525512695
4650,26.889999389648438,22.577211380004883
4651,9.779999732971191,12.0733642578125
4652,25.299999237060547,26.669456481933594
4653,19.209999084472656,19.627635955810547
4654,33.9900016784668,31.89847183227539
4655,32.869998931884766,33.62501907348633
4656,21.170000076293945,23.962581634521484
4657,31.899999618530273,28.06708335876465
4658,10.350000381469727,11.300322532653809
4659,41.959999084472656,43.168426513671875
4660,18.6200008392334,16.726722717285156
4661,31.34000015258789,31.70592498779297
4662,48.04999923706055,49.073936462402344
4663,23.700000762939453,25.77942657470703
4664,2.049999952316284,3.8739967346191406
4665,46.7599983215332,39.83698272705078
4666,32.130001068115234,34.40855026245117
4667,36.040000915527344,38.694236755371094
4668,14.119999885559082,13.611031532287598
4669,31.09000015258789,35.35435485839844
4670,35.54999923706055,35.465538024902344
4671,22.190000534057617,19.031415939331055
4672,51.849998474121094,55.40298080444336
4673,52.83000183105469,48.846988677978516
4674,21.799999237060547,21.546554565429688
4675,19.280000686645508,21.353191375732422
4676,26.389999389648438,25.429445266723633
4677,11.529999732971191,13.161022186279297
4678,22.959999084472656,26.50951385498047
4679,20.540000915527344,19.28912353515625
4680,39.970001220703125,38.703861236572266
4681,56.33000183105469,57.1071662902832
4682,55.79999923706055,56.20833206176758
4683,30.780000686645508,33.60271453857422
4684,13.720000267028809,14.059205055236816
4685,29.6299991607666,30.912057876586914
4686,14.0,12.91369342803955
4687,41.04999923706055,41.660972595214844
4688,13.819999694824219,12.633501052856445
4689,41.29999923706055,39.51807403564453
4690,44.81999969482422,46.70780563354492
4691,39.45000076293945,42.02511215209961
4692,41.369998931884766,51.203163146972656
4693,11.640000343322754,16.824399948120117
4694,35.650001525878906,33.12751007080078
4695,23.290000915527344,23.06703758239746
4696,6.739999771118164,8.941397666931152
4697,36.5,41.264278411865234
4698,33.04999923706055,33.2703971862793
4699,9.350000381469727,11.398622512817383
4700,41.810001373291016,40.90347671508789
4701,39.91999816894531,42.29434585571289
4702,38.040000915527344,35.234527587890625
4703,9.3100004196167,10.935099601745605
4704,75.8499984741211,68.00871276855469
4705,17.450000762939453,18.031841278076172
4706,11.140000343322754,14.408567428588867
4707,28.06999969482422,28.31051254272461
4708,45.040000915527344,47.9423828125
4709,16.809999465942383,17.88885498046875
4710,65.19000244140625,63.08814239501953
4711,28.360000610351562,27.528573989868164
4712,3.4000000953674316,2.550689220428467
4713,11.449999809265137,10.136880874633789
4714,64.91999816894531,60.87175750732422
4715,26.719999313354492,30.051950454711914
4716,9.390000343322754,9.192091941833496
4717,38.439998626708984,34.70805358886719
4718,24.190000534057617,24.71693229675293
4719,26.760000228881836,27.006145477294922
4720,33.84000015258789,33.955448150634766
4721,42.650001525878906,40.354339599609375
4722,31.940000534057617,33.0654182434082
4723,15.970000267028809,15.97454833984375
4724,15.09000015258789,14.336258888244629
4725,43.33000183105469,27.5106201171875
4726,21.100000381469727,24.655410766601562
4727,47.790000915527344,45.634578704833984
4728,33.70000076293945,29.551708221435547
4729,74.7300033569336,68.32015991210938
4730,61.130001068115234,58.3223762512207
4731,22.479999542236328,22.824636459350586
4732,5.360000133514404,7.903751373291016
4733,11.930000305175781,14.02423095703125
4734,51.959999084472656,58.280574798583984
4735,32.9900016784668,29.63075065612793
4736,25.40999984741211,27.71068572998047
4737,17.68000030517578,23.10498046875
4738,26.6200008392334,28.50293731689453
4739,2.4100000858306885,6.626957416534424
4740,32.93000030517578,29.049942016601562
4741,21.790000915527344,23.89055824279785
4742,72.05000305175781,71.05718994140625
4743,8.539999961853027,7.02084493637085
4744,20.700000762939453,18.07320785522461
4745,75.27999877929688,72.35107421875
4746,9.739999771118164,8.148051261901855
4747,8.819999694824219,9.390721321105957
4748,26.510000228881836,28.170602798461914
4749,9.869999885559082,8.29383373260498
4750,57.220001220703125,57.39945602416992
4751,6.96999979019165,9.239449501037598
4752,35.16999816894531,32.88153839111328
4753,42.849998474121094,50.69567108154297
4754,58.4900016784668,50.45667266845703
4755,9.420000076293945,7.838267803192139
4756,18.540000915527344,19.923791885375977
4757,1.7300000190734863,45.37400817871094
4758,15.180000305175781,17.076128005981445
4759,72.9800033569336,75.08147430419922
4760,13.270000457763672,12.059240341186523
4761,34.5,43.33603286743164
4762,30.770000457763672,31.33609962463379
4763,8.989999771118164,7.886023044586182
4764,8.90999984741211,8.184907913208008
4765,37.08000183105469,35.54804992675781
4766,45.470001220703125,52.655372619628906
4767,27.260000228881836,26.839187622070312
4768,11.779999732971191,11.096395492553711
4769,25.690000534057617,25.514205932617188
4770,22.920000076293945,19.79822540283203
4771,18.15999984741211,14.933357238769531
4772,18.8799991607666,18.79558753967285
4773,9.520000457763672,10.562905311584473
4774,60.150001525878906,57.787044525146484
4775,28.010000228881836,28.54715347290039
4776,35.150001525878906,31.23471450805664
4777,48.22999954223633,45.420936584472656
4778,36.290000915527344,36.07533264160156
4779,3.359999895095825,4.151812553405762
4780,14.050000190734863,17.733381271362305
4781,36.150001525878906,34.10144805908203
4782,26.81999969482422,28.713714599609375
4783,23.18000030517578,21.768699645996094
4784,11.149999618530273,12.791572570800781
4785,53.2400016784668,45.992897033691406
4786,19.3799991607666,17.803842544555664
4787,29.719999313354492,22.80194854736328
4788,34.77000045776367,35.64976501464844
4789,41.33000183105469,25.45279884338379
4790,18.350000381469727,19.631649017333984
4791,58.43000030517578,53.58049774169922
4792,43.900001525878906,31.393726348876953
4793,5.010000228881836,5.130213737487793
4794,9.399999618530273,10.542961120605469
4795,28.270000457763672,27.984586715698242
4796,23.989999771118164,22.838661193847656
4797,21.0,20.790042877197266
4798,12.59000015258789,13.935423851013184
4799,22.65999984741211,25.003639221191406
4800,17.18000030517578,18.071664810180664
4801,16.940000534057617,17.06609344482422
4802,33.4900016784668,26.92060089111328
4803,10.180000305175781,9.880023956298828
4804,17.649999618530273,19.773460388183594
4805,44.439998626708984,51.23701477050781
4806,17.31999969482422,15.843751907348633
4807,34.38999938964844,33.0534553527832
4808,52.709999084472656,49.893707275390625
4809,16.979999542236328,14.723114967346191
4810,3.0,3.135634660720825
4811,15.399999618530273,14.978897094726562
4812,20.709999084472656,22.41046905517578
4813,15.140000343322754,17.102962493896484
4814,34.79999923706055,34.40038299560547
4815,4.829999923706055,8.692390441894531
4816,29.600000381469727,28.203493118286133
4817,12.420000076293945,13.04220199584961
4818,30.8799991607666,25.561105728149414
4819,47.5,45.328853607177734
4820,38.97999954223633,36.062889099121094
4821,18.079999923706055,22.556270599365234
4822,11.1899995803833,10.572500228881836
4823,30.469999313354492,31.25642204284668
4824,29.15999984741211,28.917217254638672
4825,16.420000076293945,16.456741333007812
4826,43.779998779296875,44.125919342041016
4827,17.90999984741211,14.068534851074219
4828,49.25,49.7850227355957
4829,77.8499984741211,61.2563362121582
4830,12.720000267028809,11.51539421081543
4831,9.140000343322754,7.316965579986572
4832,38.09000015258789,41.70884323120117
4833,30.75,22.781538009643555
4834,43.439998626708984,49.8336296081543
4835,76.47000122070312,71.345703125
4836,62.060001373291016,68.3302230834961
4837,19.290000915527344,21.442127227783203
4838,20.709999084472656,21.421247482299805
4839,45.689998626708984,48.47946548461914
4840,19.93000030517578,20.122636795043945
4841,30.850000381469727,33.8711051940918
4842,63.52000045776367,58.938331604003906
4843,48.41999816894531,52.32289505004883
4844,38.45000076293945,33.89076614379883
4845,54.75,55.340030670166016
4846,29.93000030517578,27.128036499023438
4847,9.819999694824219,10.087974548339844
4848,35.7599983215332,37.40516662597656
4849,73.55999755859375,69.71075439453125
4850,39.54999923706055,40.244117736816406
4851,31.030000686645508,33.9533576965332
4852,56.70000076293945,57.547245025634766
4853,35.209999084472656,36.39973831176758
4854,22.329999923706055,21.999103546142578
4855,29.469999313354492,30.084762573242188
4856,12.270000457763672,9.027042388916016
4857,13.050000190734863,11.164259910583496
4858,3.9800000190734863,3.5841927528381348
4859,22.049999237060547,23.428037643432617
4860,37.599998474121094,38.799102783203125
4861,8.270000457763672,11.20934009552002
4862,38.4900016784668,36.10222625732422
4863,16.389999389648438,16.163368225097656
4864,16.389999389648438,16.66886329650879
4865,21.799999237060547,22.82834243774414
4866,7.010000228881836,7.590296745300293
4867,19.739999771118164,22.452106475830078
4868,28.360000610351562,22.935401916503906
4869,48.27000045776367,39.168846130371094
4870,13.079999923706055,13.116931915283203
4871,13.75,10.110286712646484
4872,58.810001373291016,62.770416259765625
4873,25.469999313354492,27.531387329101562
4874,56.2400016784668,57.00751876831055
4875,37.599998474121094,36.27886199951172
4876,25.479999542236328,25.94463348388672
4877,26.170000076293945,26.0656681060791
4878,11.609999656677246,11.078927993774414
4879,10.0,7.725841522216797
4880,60.060001373291016,62.86161804199219
4881,34.79999923706055,37.560420989990234
4882,38.459999084472656,40.47053527832031
4883,13.640000343322754,14.106782913208008
4884,31.93000030517578,34.08305740356445
4885,51.689998626708984,51.206825256347656
4886,39.63999938964844,43.208534240722656
4887,7.949999809265137,6.053705215454102
4888,48.40999984741211,48.55522537231445
4889,36.650001525878906,37.544166564941406
4890,71.54000091552734,63.71259307861328
4891,20.1200008392334,20.8546085357666
4892,8.59000015258789,9.230819702148438
4893,21.440000534057617,24.111743927001953
4894,20.030000686645508,19.532886505126953
4895,13.920000076293945,15.74109172821045
4896,35.52000045776367,37.87893295288086
4897,35.11000061035156,35.17811584472656
4898,37.810001373291016,43.03510284423828
4899,74.25,50.209739685058594
4900,79.94999694824219,71.13565063476562
4901,16.440000534057617,14.246553421020508
4902,16.639999389648438,15.076778411865234
4903,4.389999866485596,3.3763508796691895
4904,64.01000213623047,56.311458587646484
4905,43.93000030517578,46.11796188354492
4906,13.300000190734863,13.803573608398438
4907,14.510000228881836,13.513068199157715
4908,51.209999084472656,43.69298553466797
4909,63.439998626708984,54.282562255859375
4910,7.079999923706055,7.055334091186523
4911,38.310001373291016,36.261375427246094
4912,34.13999938964844,34.73666763305664
4913,35.689998626708984,26.908239364624023
4914,37.209999084472656,41.37382125854492
4915,14.449999809265137,16.020437240600586
4916,51.40999984741211,50.154685974121094
4917,51.70000076293945,42.62439727783203
4918,57.83000183105469,54.741554260253906
4919,9.239999771118164,9.882089614868164
4920,61.93000030517578,48.498573303222656
4921,41.0099983215332,46.67976379394531
4922,16.739999771118164,19.183164596557617
4923,20.1200008392334,19.356807708740234
4924,39.970001220703125,37.86130142211914
4925,12.199999809265137,13.154241561889648
4926,25.139999389648438,25.013011932373047
4927,33.77000045776367,33.25923156738281
4928,52.040000915527344,50.67216491699219
4929,10.069999694824219,10.280323028564453
4930,11.84000015258789,11.304121971130371
4931,3.0399999618530273,7.3494553565979
4932,36.529998779296875,37.67758560180664
4933,54.75,53.50415802001953
4934,30.209999084472656,31.285137176513672
4935,35.04999923706055,36.794307708740234
4936,24.760000228881836,23.09276008605957
4937,12.640000343322754,13.899754524230957
4938,32.7599983215332,29.406003952026367
4939,22.520000457763672,18.41884422302246
4940,28.389999389648438,30.376928329467773
4941,24.190000534057617,22.216176986694336
4942,41.310001373291016,51.38936233520508
4943,20.959999084472656,21.675203323364258
4944,8.800000190734863,8.888228416442871
4945,27.6299991607666,28.008827209472656
4946,58.02000045776367,53.183807373046875
4947,30.520000457763672,32.804019927978516
4948,39.2400016784668,41.448604583740234
4949,1.340000033378601,4.445271015167236
4950,47.310001373291016,44.04123306274414
4951,27.329999923706055,28.38046646118164
4952,45.77000045776367,35.93018341064453
4953,28.360000610351562,29.547740936279297
4954,17.43000030517578,15.677436828613281
4955,50.5099983215332,51.634578704833984
4956,8.220000267028809,9.681851387023926
4957,27.139999389648438,28.597999572753906
4958,7.429999828338623,4.968032360076904
4959,10.4399995803833,9.21923828125
4960,51.7400016784668,47.08695602416992
4961,60.27000045776367,61.11033248901367
4962,46.599998474121094,42.74531936645508
4963,45.79999923706055,44.62699890136719
4964,38.02000045776367,40.44285583496094
4965,27.860000610351562,29.1452693939209
4966,30.049999237060547,27.415746688842773
4967,33.709999084472656,32.6253776550293
4968,11.59000015258789,11.0703763961792
4969,46.38999938964844,47.27109909057617
4970,33.93000030517578,37.06517791748047
4971,12.869999885559082,14.53153133392334
4972,22.860000610351562,25.62708854675293
4973,15.930000305175781,19.154632568359375
4974,36.630001068115234,36.81753158569336
4975,48.88999938964844,52.29518127441406
4976,22.780000686645508,23.11730194091797
4977,23.6200008392334,26.37779426574707
4978,5.829999923706055,3.956475257873535
4979,24.399999618530273,23.016767501831055
4980,74.37000274658203,67.98844909667969
4981,35.869998931884766,38.36787414550781
4982,28.450000762939453,28.088790893554688
4983,27.260000228881836,29.017181396484375
4984,76.47000122070312,64.15604400634766
4985,7.889999866485596,8.551798820495605
4986,9.039999961853027,11.302838325500488
4987,54.45000076293945,62.65855407714844
4988,26.600000381469727,28.311969757080078
4989,40.66999816894531,42.50255584716797
4990,46.0099983215332,41.27801513671875
4991,54.52000045776367,57.36604309082031
4992,18.290000915527344,15.6494140625
4993,25.850000381469727,29.052730560302734
4994,39.66999816894531,46.45049285888672
4995,52.5099983215332,50.96638488769531
4996,26.1200008392334,27.859203338623047
4997,71.51000213623047,67.67967224121094
4998,24.229999542236328,24.61876678466797
4999,17.770000457763672,16.596759796142578
5000,24.899999618530273,26.00750732421875
5001,30.25,27.056060791015625
5002,17.329999923706055,15.08979320526123
5003,17.469999313354492,16.93002700805664
5004,16.200000762939453,16.823753356933594
5005,38.279998779296875,37.87898254394531
5006,10.859999656677246,10.121082305908203
5007,13.079999923706055,11.6216459274292
5008,23.299999237060547,30.059329986572266
5009,31.979999542236328,29.16621208190918
5010,40.52000045776367,38.060977935791016
5011,14.319999694824219,13.402118682861328
5012,3.0299999713897705,1.425649881362915
5013,15.029999732971191,14.835843086242676
5014,22.280000686645508,20.22377586364746
5015,35.380001068115234,31.742582321166992
5016,21.079999923706055,20.043495178222656
5017,10.069999694824219,7.213127613067627
5018,27.489999771118164,27.934131622314453
5019,16.579999923706055,17.249855041503906
5020,22.440000534057617,23.412174224853516
5021,49.939998626708984,52.653682708740234
5022,25.84000015258789,25.94751739501953
5023,9.680000305175781,10.5352144241333
5024,27.079999923706055,27.038652420043945
5025,47.5,51.91656494140625
5026,30.549999237060547,28.404129028320312
5027,12.239999771118164,11.703730583190918
5028,36.93000030517578,33.361572265625
5029,41.290000915527344,48.58681869506836
5030,18.700000762939453,15.83335018157959
5031,7.03000020980835,6.960923671722412
5032,5.829999923706055,8.245867729187012
5033,16.899999618530273,15.10053825378418
5034,54.880001068115234,48.07759475708008
5035,43.220001220703125,46.37333679199219
5036,23.09000015258789,23.973180770874023
5037,16.40999984741211,15.698185920715332
5038,45.2599983215332,45.241207122802734
5039,32.349998474121094,31.386207580566406
5040,9.180000305175781,8.135038375854492
5041,41.470001220703125,41.36784362792969
5042,23.489999771118164,26.082897186279297
5043,78.30000305175781,61.148521423339844
5044,48.36000061035156,41.0210075378418
5045,44.380001068115234,41.61902618408203
5046,15.279999732971191,15.61141300201416
5047,23.770000457763672,22.65729331970215
5048,8.739999771118164,8.116633415222168
5049,26.790000915527344,33.8427619934082
5050,52.849998474121094,54.52225112915039
5051,7.090000152587891,7.1742753982543945
5052,4.429999828338623,7.012819290161133
5053,43.56999969482422,42.9298095703125
5054,41.560001373291016,37.47905349731445
5055,8.920000076293945,10.61092758178711
5056,13.5,13.573394775390625
5057,40.29999923706055,48.931907653808594
5058,30.170000076293945,29.479928970336914
5059,12.489999771118164,9.87588882446289
5060,39.189998626708984,40.13625717163086
5061,35.84000015258789,34.261383056640625
5062,52.560001373291016,52.05180740356445
5063,2.369999885559082,5.187906265258789
5064,57.47999954223633,61.600284576416016
5065,16.010000228881836,14.99156379699707
5066,31.200000762939453,30.667753219604492
5067,61.75,57.76723098754883
5068,26.719999313354492,28.005985260009766
5069,2.5999999046325684,2.532715320587158
5070,19.760000228881836,20.85561180114746
5071,43.2599983215332,46.53331756591797
5072,24.06999969482422,21.334745407104492
5073,18.850000381469727,16.677471160888672
5074,14.0600004196167,13.072043418884277
5075,44.36000061035156,45.4488410949707
5076,14.739999771118164,14.760868072509766
5077,13.350000381469727,18.547969818115234
5078,37.45000076293945,39.82684326171875
5079,29.09000015258789,29.369640350341797
5080,32.97999954223633,30.65019989013672
5081,23.75,26.673364639282227
5082,41.720001220703125,38.82678985595703
5083,48.7599983215332,47.208595275878906
5084,28.56999969482422,30.22093391418457
5085,46.9900016784668,47.40483093261719
5086,31.989999771118164,32.783958435058594
5087,26.110000610351562,23.872690200805664
5088,13.390000343322754,14.10851764678955
5089,32.869998931884766,30.22376823425293
5090,46.77000045776367,47.091365814208984
5091,40.38999938964844,44.548587799072266
5092,28.860000610351562,27.658344268798828
5093,40.09000015258789,36.329132080078125
5094,14.260000228881836,14.69900894165039
5095,33.02000045776367,32.69375991821289
5096,10.109999656677246,7.12195348739624
5097,24.8799991607666,27.734928131103516
5098,37.119998931884766,35.24891662597656
5099,38.43000030517578,42.473976135253906
5100,18.84000015258789,22.055994033813477
5101,4.059999942779541,3.1289222240448
5102,23.139999389648438,23.62628746032715
5103,11.029999732971191,11.859386444091797
5104,37.7599983215332,36.42658615112305
5105,17.850000381469727,17.357646942138672
5106,9.920000076293945,9.576315879821777
5107,11.979999542236328,12.805135726928711
5108,4.179999828338623,4.081728935241699
5109,18.959999084472656,19.143430709838867
5110,48.5099983215332,53.868988037109375
5111,12.109999656677246,12.180733680725098
5112,51.02000045776367,44.40928649902344
5113,46.939998626708984,51.11668395996094
5114,44.9900016784668,52.26581573486328
5115,58.91999816894531,58.482269287109375
5116,49.59000015258789,60.108097076416016
5117,6.059999942779541,8.321751594543457
5118,20.350000381469727,23.578155517578125
5119,36.130001068115234,30.460250854492188
5120,44.0,43.94695281982422
5121,23.549999237060547,22.405139923095703
5122,6.739999771118164,5.152864456176758
5123,8.329999923706055,7.625308990478516
5124,44.02000045776367,39.640838623046875
5125,3.059999942779541,4.007928848266602
5126,29.239999771118164,32.95716094970703
5127,20.899999618530273,20.55140495300293
5128,24.18000030517578,25.297645568847656
5129,23.5,20.614063262939453
5130,47.13999938964844,46.198760986328125
5131,42.650001525878906,40.532169342041016
5132,33.7400016784668,36.350242614746094
5133,16.530000686645508,16.467815399169922
5134,4.360000133514404,6.556009769439697
5135,38.97999954223633,33.36360549926758
5136,6.710000038146973,8.74458122253418
5137,22.899999618530273,23.511064529418945
5138,22.15999984741211,23.40862274169922
5139,39.209999084472656,37.49822998046875
5140,46.88999938964844,51.954769134521484
5141,22.479999542236328,22.51993751525879
5142,35.5,36.75041961669922
5143,9.619999885559082,11.8922700881958
5144,7.5,9.373151779174805
5145,27.93000030517578,29.458480834960938
5146,25.510000228881836,26.38863754272461
5147,21.760000228881836,20.58451271057129
5148,33.06999969482422,30.471717834472656
5149,39.43000030517578,39.82381820678711
5150,36.52000045776367,33.3042106628418
5151,24.93000030517578,22.789249420166016
5152,16.389999389648438,14.120747566223145
5153,41.95000076293945,43.070220947265625
5154,25.0,29.864500045776367
5155,12.8100004196167,13.966755867004395
5156,20.18000030517578,23.220134735107422
5157,45.75,43.18890380859375
5158,16.350000381469727,17.044288635253906
5159,36.45000076293945,40.00910568237305
5160,18.309999465942383,19.171146392822266
5161,50.9900016784668,50.65369415283203
5162,51.84000015258789,46.108375549316406
5163,16.559999465942383,17.374269485473633
5164,21.06999969482422,22.227378845214844
5165,13.149999618530273,13.066216468811035
5166,37.970001220703125,44.018577575683594
5167,16.709999084472656,19.949478149414062
5168,12.4399995803833,14.402575492858887
5169,31.190000534057617,29.40021514892578
5170,41.400001525878906,48.375526428222656
5171,46.099998474121094,45.436439514160156
5172,36.27000045776367,34.39344024658203
5173,37.58000183105469,35.79355239868164
5174,11.180000305175781,13.73076057434082
5175,26.399999618530273,27.666614532470703
5176,25.520000457763672,26.361446380615234
5177,34.689998626708984,31.822616577148438
5178,49.599998474121094,50.792762756347656
5179,17.8700008392334,17.52503776550293
5180,15.899999618530273,14.39355182647705
5181,28.940000534057617,30.55093765258789
5182,29.959999084472656,30.262615203857422
5183,20.579999923706055,18.209901809692383
5184,28.040000915527344,30.74271011352539
5185,13.550000190734863,12.10430908203125
5186,77.98999786376953,66.67462921142578
5187,60.86000061035156,59.24919128417969
5188,16.979999542236328,16.357295989990234
5189,53.18000030517578,52.69569396972656
5190,51.689998626708984,47.0322265625
5191,12.109999656677246,12.722766876220703
5192,26.8799991607666,26.499401092529297
5193,37.09000015258789,34.21731948852539
5194,11.109999656677246,12.95537281036377
5195,20.260000228881836,20.80457878112793
5196,31.360000610351562,26.859777450561523
5197,42.47999954223633,35.991058349609375
5198,14.239999771118164,12.022815704345703
5199,6.03000020980835,7.771877765655518
5200,19.3799991607666,20.105892181396484
5201,3.569999933242798,5.249695777893066
5202,5.78000020980835,4.026167392730713
5203,55.959999084472656,47.30575942993164
5204,46.7599983215332,43.300682067871094
5205,76.20999908447266,72.52652740478516
5206,13.289999961853027,14.51508617401123
5207,47.09000015258789,45.98992919921875
5208,15.869999885559082,16.646541595458984
5209,27.209999084472656,24.351398468017578
5210,20.549999237060547,21.4801082611084
5211,41.560001373291016,38.184547424316406
5212,28.6299991607666,24.560306549072266
5213,26.979999542236328,28.86984634399414
5214,18.31999969482422,19.401493072509766
5215,14.760000228881836,15.535667419433594
5216,11.0600004196167,11.732550621032715
5217,14.239999771118164,15.95539379119873
5218,5.079999923706055,7.605895042419434
5219,13.8100004196167,11.932108879089355
5220,21.950000762939453,20.521196365356445
5221,71.27999877929688,66.05878448486328
5222,24.610000610351562,23.67546272277832
5223,48.11000061035156,38.19332504272461
5224,27.709999084472656,25.765789031982422
5225,13.8100004196167,15.408690452575684
5226,19.93000030517578,22.79369354248047
5227,59.970001220703125,54.903682708740234
5228,6.019999980926514,9.711490631103516
5229,22.559999465942383,19.021875381469727
5230,9.930000305175781,10.271064758300781
5231,28.75,30.560483932495117
5232,37.43000030517578,39.34320831298828
5233,13.140000343322754,10.706755638122559
5234,11.920000076293945,11.623748779296875
5235,8.09000015258789,8.763544082641602
5236,43.209999084472656,46.632686614990234
5237,39.56999969482422,36.74701690673828
5238,20.639999389648438,21.729089736938477
5239,14.34000015258789,15.581255912780762
5240,2.319999933242798,3.101142406463623
5241,39.720001220703125,40.079010009765625
5242,35.650001525878906,36.78150177001953
5243,39.56999969482422,36.22488784790039
5244,40.0099983215332,36.76908874511719
5245,33.9900016784668,32.05535125732422
5246,20.18000030517578,16.41107749938965
5247,65.4800033569336,63.91180419921875
5248,18.520000457763672,20.831466674804688
5249,8.119999885559082,7.607610702514648
5250,6.349999904632568,6.11182165145874
5251,32.27000045776367,29.083240509033203
5252,11.25,11.61306381225586
5253,42.540000915527344,43.60136032104492
5254,30.399999618530273,32.35472106933594
5255,25.450000762939453,24.427392959594727
5256,19.09000015258789,17.067983627319336
5257,12.239999771118164,10.540022850036621
5258,2.490000009536743,2.0706543922424316
5259,33.18000030517578,34.837364196777344
5260,31.459999084472656,34.58061981201172
5261,15.59000015258789,17.078567504882812
5262,12.359999656677246,11.559152603149414
5263,24.40999984741211,26.20644760131836
5264,16.049999237060547,17.214595794677734
5265,38.66999816894531,38.53863525390625
5266,34.81999969482422,34.92578125
5267,35.4900016784668,37.468875885009766
5268,18.700000762939453,18.088376998901367
5269,18.40999984741211,21.45981216430664
5270,27.8700008392334,32.67478942871094
5271,53.2599983215332,54.559303283691406
5272,22.260000228881836,19.805461883544922
5273,19.729999542236328,23.069875717163086
5274,29.219999313354492,29.665584564208984
5275,16.8799991607666,14.55859375
5276,60.84000015258789,59.631683349609375
5277,2.8499999046325684,4.66402530670166
5278,20.889999389648438,20.35137367248535
5279,24.40999984741211,24.236217498779297
5280,23.799999237060547,22.97434425354004
5281,14.640000343322754,15.166293144226074
5282,51.790000915527344,55.878326416015625
5283,21.059999465942383,25.159021377563477
5284,39.84000015258789,43.70587921142578
5285,17.75,25.16260528564453
5286,13.130000114440918,13.199728965759277
5287,61.83000183105469,62.5925407409668
5288,32.099998474121094,34.333499908447266
5289,32.20000076293945,34.681129455566406
5290,61.43000030517578,51.4002685546875
5291,56.959999084472656,49.9894905090332
5292,28.290000915527344,25.606678009033203
5293,40.90999984741211,38.223819732666016
5294,5.860000133514404,8.282977104187012
5295,7.869999885559082,7.1512131690979
5296,25.350000381469727,25.16189193725586
5297,16.229999542236328,17.066898345947266
5298,4.940000057220459,5.121773719787598
5299,33.380001068115234,33.61349868774414
5300,16.030000686645508,17.45111083984375
5301,7.710000038146973,8.538229942321777
5302,17.079999923706055,20.96495819091797
5303,10.729999542236328,11.359001159667969
5304,25.969999313354492,29.948410034179688
5305,18.219999313354492,19.35742950439453
5306,3.6600000858306885,0.296648770570755
5307,13.09000015258789,15.394893646240234
5308,73.83000183105469,69.22380828857422
5309,17.5,17.66568374633789
5310,33.290000915527344,29.63067054748535
5311,34.81999969482422,39.45452117919922
5312,17.030000686645508,18.431137084960938
5313,16.8799991607666,16.823686599731445
5314,21.059999465942383,21.56403350830078
5315,27.90999984741211,30.050960540771484
5316,13.760000228881836,14.306178092956543
5317,3.559999942779541,0.5163223147392273
5318,51.369998931884766,50.16168975830078
5319,14.920000076293945,13.902922630310059
5320,33.45000076293945,41.3543815612793
5321,9.789999961853027,10.58157730102539
5322,63.90999984741211,59.13873291015625
5323,29.15999984741211,32.49934387207031
5324,57.869998931884766,58.50285339355469
5325,3.5299999713897705,4.887922763824463
5326,12.739999771118164,12.30803394317627
5327,72.6500015258789,69.03434753417969
5328,38.04999923706055,40.67771530151367
5329,38.16999816894531,35.65281677246094
5330,32.900001525878906,39.887969970703125
5331,3.4800000190734863,7.990416526794434
5332,15.399999618530273,16.712039947509766
5333,25.56999969482422,29.425758361816406
5334,27.100000381469727,24.25342559814453
5335,14.25,13.385796546936035
5336,65.66000366210938,57.10380935668945
5337,53.72999954223633,46.16991424560547
5338,38.400001525878906,35.85542297363281
5339,29.309999465942383,31.819047927856445
5340,40.470001220703125,42.181175231933594
5341,51.54999923706055,53.937034606933594
5342,22.690000534057617,24.585935592651367
5343,39.93000030517578,38.30544662475586
5344,54.2400016784668,48.90251922607422
5345,32.939998626708984,31.20205307006836
5346,9.069999694824219,8.750944137573242
5347,64.7300033569336,62.77461242675781
5348,31.829999923706055,29.479663848876953
5349,63.27000045776367,65.73429107666016
5350,45.16999816894531,41.59124755859375
5351,15.770000457763672,14.71398639678955
5352,38.08000183105469,46.2984733581543
5353,13.270000457763672,14.524526596069336
5354,15.40999984741211,11.488590240478516
5355,7.449999809265137,6.948442459106445
5356,33.369998931884766,33.76138687133789
5357,25.709999084472656,25.66267204284668
5358,52.56999969482422,52.44792938232422
5359,16.59000015258789,16.78821563720703
5360,23.149999618530273,24.02259635925293
5361,40.310001373291016,27.13273048400879
5362,11.970000267028809,9.08258056640625
5363,26.850000381469727,30.291683197021484
5364,64.4000015258789,62.31205368041992
5365,26.1299991607666,25.895851135253906
5366,41.810001373291016,50.26835632324219
5367,36.790000915527344,34.588138580322266
5368,38.11000061035156,33.49250030517578
5369,10.420000076293945,10.810751914978027
5370,22.809999465942383,22.320430755615234
5371,41.47999954223633,42.56489562988281
5372,10.729999542236328,9.813188552856445
5373,25.510000228881836,27.515073776245117
5374,40.869998931884766,34.318607330322266
5375,17.459999084472656,12.597943305969238
5376,3.140000104904175,17.692819595336914
5377,63.77000045776367,47.1132698059082
5378,47.02000045776367,37.405784606933594
5379,35.459999084472656,36.50132751464844
5380,55.689998626708984,48.5538330078125
5381,19.479999542236328,22.127578735351562
5382,7.119999885559082,7.141863822937012
5383,16.690000534057617,19.38513946533203
5384,12.920000076293945,12.36084270477295
5385,41.15999984741211,45.62168502807617
5386,41.310001373291016,37.83032989501953
5387,25.260000228881836,24.24667739868164
5388,12.229999542236328,14.36144733428955
5389,51.540000915527344,52.26048278808594
5390,27.469999313354492,24.136323928833008
5391,17.700000762939453,18.009309768676758
5392,53.63999938964844,54.112396240234375
5393,50.439998626708984,48.0164794921875
5394,36.70000076293945,35.884033203125
5395,15.149999618530273,13.558295249938965
5396,48.439998626708984,46.53695297241211
5397,4.760000228881836,7.690018653869629
5398,22.43000030517578,21.70870590209961
5399,22.81999969482422,23.513395309448242
5400,46.599998474121094,40.62486267089844
5401,45.029998779296875,37.70257568359375
5402,7.440000057220459,6.337433815002441
5403,14.140000343322754,10.570374488830566
5404,8.0,6.779516696929932
5405,25.209999084472656,25.66642189025879
5406,5.119999885559082,2.3465304374694824
5407,44.560001373291016,50.13801956176758
5408,3.0899999141693115,0.22638434171676636
5409,13.59000015258789,14.396748542785645
5410,22.8700008392334,23.373323440551758
5411,69.55999755859375,67.27361297607422
5412,7.840000152587891,9.538342475891113
5413,67.5999984741211,52.760772705078125
5414,39.18000030517578,42.02566909790039
5415,12.260000228881836,12.920832633972168
5416,13.710000038146973,14.609638214111328
5417,23.360000610351562,24.731922149658203
5418,24.93000030517578,35.59613037109375
5419,20.979999542236328,19.21932601928711
5420,30.260000228881836,31.312776565551758
5421,5.170000076293945,4.091971397399902
5422,24.1200008392334,23.243911743164062
5423,20.479999542236328,19.964427947998047
5424,16.049999237060547,16.78683853149414
5425,26.229999542236328,25.42780303955078
5426,8.869999885559082,8.35077953338623
5427,29.639999389648438,32.73345947265625
5428,17.920000076293945,17.466981887817383
5429,51.47999954223633,52.43568420410156
5430,26.149999618530273,31.315265655517578
5431,45.439998626708984,47.711997985839844
5432,46.2599983215332,44.016319274902344
5433,13.390000343322754,10.79774284362793
5434,26.1299991607666,30.929048538208008
5435,32.16999816894531,33.76288604736328
5436,23.610000610351562,21.890560150146484
5437,31.950000762939453,27.393985748291016
5438,54.11000061035156,53.4079704284668
5439,9.359999656677246,9.484984397888184
5440,26.059999465942383,27.13113021850586
5441,7.53000020980835,5.912764072418213
5442,28.8700008392334,29.546140670776367
5443,14.0600004196167,14.266289710998535
5444,12.6899995803833,12.570425033569336
5445,55.060001373291016,55.93556213378906
5446,7.760000228881836,7.78109073638916
5447,5.320000171661377,7.805014133453369
5448,6.21999979019165,6.282934188842773
5449,20.020000457763672,19.410289764404297
5450,31.219999313354492,30.69611358642578
5451,9.680000305175781,9.443076133728027
5452,13.510000228881836,15.385190963745117
5453,52.560001373291016,53.95954132080078
5454,31.170000076293945,33.25044631958008
5455,31.479999542236328,27.83659553527832
5456,32.130001068115234,34.51203918457031
5457,26.969999313354492,27.914207458496094
5458,39.59000015258789,44.78263473510742
5459,34.099998474121094,34.67673110961914
5460,25.170000076293945,26.390296936035156
5461,51.93000030517578,43.243125915527344
5462,14.579999923706055,15.677340507507324
5463,51.810001373291016,50.07185363769531
5464,29.969999313354492,30.32097625732422
5465,44.869998931884766,49.269901275634766
5466,19.829999923706055,18.859638214111328
5467,21.260000228881836,21.427038192749023
5468,30.860000610351562,30.91041374206543
5469,21.520000457763672,20.038246154785156
5470,5.400000095367432,7.236283779144287
5471,16.729999542236328,19.063879013061523
5472,7.03000020980835,7.204514503479004
5473,22.200000762939453,22.82809066772461
5474,4.570000171661377,2.632377862930298
5475,20.360000610351562,16.69060516357422
5476,12.819999694824219,11.469676971435547
5477,29.34000015258789,29.94723892211914
5478,29.420000076293945,28.974300384521484
5479,10.40999984741211,9.318610191345215
5480,29.559999465942383,27.502073287963867
5481,54.56999969482422,55.2037239074707
5482,20.709999084472656,21.141864776611328
5483,13.260000228881836,14.134937286376953
5484,11.359999656677246,12.167031288146973
5485,18.639999389648438,18.729467391967773
5486,38.439998626708984,33.729732513427734
5487,14.619999885559082,13.287368774414062
5488,20.1299991607666,17.26720428466797
5489,31.6200008392334,31.73517608642578
5490,15.039999961853027,17.081514358520508
5491,32.91999816894531,38.02717971801758
5492,28.18000030517578,28.181842803955078
5493,8.789999961853027,6.936311721801758
5494,50.54999923706055,45.5543212890625
5495,40.779998779296875,44.64655303955078
5496,24.079999923706055,26.351394653320312
5497,31.479999542236328,35.37910461425781
5498,7.099999904632568,5.005471706390381
5499,22.670000076293945,21.656829833984375
5500,5.949999809265137,11.351075172424316
5501,34.709999084472656,38.41999053955078
5502,38.380001068115234,36.91368103027344
5503,7.599999904632568,6.609614372253418
5504,71.45999908447266,71.49455261230469
5505,27.8799991607666,27.245824813842773
5506,28.760000228881836,29.841529846191406
5507,13.630000114440918,10.989428520202637
5508,55.529998779296875,48.68539810180664
5509,13.449999809265137,13.847329139709473
5510,22.75,23.0222225189209
5511,18.610000610351562,19.478591918945312
5512,45.7400016784668,44.21221160888672
5513,17.139999389648438,16.00331687927246
5514,15.550000190734863,16.520723342895508
5515,32.66999816894531,30.52029800415039
5516,32.970001220703125,33.1652717590332
5517,59.33000183105469,52.58234405517578
5518,33.279998779296875,31.495418548583984
5519,37.310001373291016,36.93052673339844
5520,23.299999237060547,23.231319427490234
5521,9.739999771118164,8.703405380249023
5522,26.059999465942383,24.204551696777344
5523,49.2599983215332,45.03017044067383
5524,35.15999984741211,36.49855041503906
5525,48.91999816894531,38.1566276550293
5526,70.41999816894531,72.66043853759766
5527,46.15999984741211,47.56632614135742
5528,42.2400016784668,43.58340072631836
5529,62.029998779296875,63.79308319091797
5530,52.06999969482422,46.67908477783203
5531,14.979999542236328,20.06181526184082
5532,47.72999954223633,49.561561584472656
5533,32.59000015258789,34.9793701171875
5534,14.449999809265137,14.519156455993652
5535,18.709999084472656,17.595767974853516
5536,28.030000686645508,32.73968505859375
5537,61.97999954223633,53.094635009765625
5538,25.020000457763672,25.30160903930664
5539,12.84000015258789,11.747011184692383
5540,47.7400016784668,48.645225524902344
5541,24.65999984741211,20.432537078857422
5542,14.0,14.07216739654541
5543,52.34000015258789,45.91863250732422
5544,65.37000274658203,59.65452194213867
5545,13.430000305175781,13.804841041564941
5546,28.34000015258789,36.30980682373047
5547,45.13999938964844,45.85981750488281
5548,23.690000534057617,25.733205795288086
5549,18.489999771118164,11.981345176696777
5550,47.529998779296875,47.325714111328125
5551,21.040000915527344,21.714221954345703
5552,15.779999732971191,12.513725280761719
5553,49.52000045776367,48.084747314453125
5554,29.889999389648438,31.34831428527832
5555,11.069999694824219,11.4771089553833
5556,16.8700008392334,14.829009056091309
5557,65.8499984741211,63.48253631591797
5558,2.0999999046325684,0.2379341721534729
5559,15.020000457763672,16.50173568725586
5560,21.389999389648438,20.2847900390625
5561,29.6299991607666,35.36104965209961
5562,14.630000114440918,16.506057739257812
5563,32.34000015258789,32.908180236816406
5564,19.899999618530273,22.6503849029541
5565,2.9700000286102295,4.426410675048828
5566,46.91999816894531,49.415374755859375
5567,35.779998779296875,33.7302360534668
5568,22.90999984741211,22.643518447875977
5569,1.7799999713897705,0.40331295132637024
5570,35.189998626708984,34.89694595336914
5571,19.81999969482422,16.70949935913086
5572,40.08000183105469,47.14364242553711
5573,37.779998779296875,35.079837799072266
5574,18.81999969482422,15.985973358154297
5575,38.189998626708984,40.60111999511719
5576,6.21999979019165,6.817310810089111
5577,6.730000019073486,6.38201904296875
5578,7.289999961853027,6.005146026611328
5579,26.40999984741211,25.10772705078125
5580,12.520000457763672,13.18136978149414
5581,27.540000915527344,24.123937606811523
5582,41.77000045776367,40.07831573486328
5583,12.220000267028809,11.504536628723145
5584,20.690000534057617,17.34449005126953
5585,70.88999938964844,66.39624786376953
5586,12.579999923706055,14.921934127807617
5587,32.04999923706055,34.403533935546875
5588,35.97999954223633,36.17646789550781
5589,44.58000183105469,35.970481872558594
5590,46.810001373291016,38.34070587158203
5591,42.0,43.23082733154297
5592,20.5,18.765302658081055
5593,53.93000030517578,50.538150787353516
5594,33.15999984741211,29.031578063964844
5595,32.720001220703125,33.94520568847656
5596,39.540000915527344,45.203914642333984
5597,12.149999618530273,12.64339828491211
5598,19.700000762939453,20.95107078552246
5599,3.369999885559082,6.702662467956543
5600,26.760000228881836,28.983739852905273
5601,23.690000534057617,24.932661056518555
5602,9.449999809265137,8.389717102050781
5603,42.619998931884766,38.26289749145508
5604,18.739999771118164,18.50872039794922
5605,56.97999954223633,53.93547058105469
5606,12.859999656677246,12.24071216583252
5607,9.630000114440918,11.722684860229492
5608,53.810001373291016,51.70566177368164
5609,15.09000015258789,14.394241333007812
5610,22.81999969482422,27.838184356689453
5611,60.470001220703125,60.10455322265625
5612,26.3799991607666,24.458410263061523
5613,10.050000190734863,10.97217082977295
5614,20.520000457763672,20.116687774658203
5615,49.58000183105469,44.7298583984375
5616,39.9900016784668,41.28122329711914
5617,24.950000762939453,22.541362762451172
5618,29.479999542236328,27.513933181762695
5619,25.5,25.20197296142578
5620,41.400001525878906,41.628814697265625
5621,28.239999771118164,25.783676147460938
5622,24.56999969482422,23.8438663482666
5623,64.31999969482422,60.785987854003906
5624,34.439998626708984,40.61241912841797
5625,14.4399995803833,16.391082763671875
5626,25.969999313354492,26.04234504699707
5627,31.25,32.411888122558594
5628,35.56999969482422,38.46507263183594
5629,45.689998626708984,41.953819274902344
5630,22.31999969482422,21.079565048217773
5631,10.130000114440918,9.571452140808105
5632,58.7599983215332,63.77509307861328
5633,32.38999938964844,31.148681640625
5634,58.029998779296875,59.31144332885742
5635,32.9900016784668,33.37007141113281
5636,43.040000915527344,43.48656463623047
5637,57.290000915527344,50.730892181396484
5638,52.02000045776367,54.28644943237305
5639,34.529998779296875,31.744014739990234
5640,24.850000381469727,24.741748809814453
5641,21.139999389648438,18.421833038330078
5642,56.029998779296875,53.20729064941406
5643,40.41999816894531,38.518943786621094
5644,48.47999954223633,53.12469482421875
5645,15.430000305175781,13.368952751159668
5646,52.83000183105469,52.27848434448242
5647,9.170000076293945,10.400764465332031
5648,23.709999084472656,42.05620574951172
5649,25.420000076293945,21.32680320739746
5650,27.530000686645508,28.24718475341797
5651,36.33000183105469,36.61244583129883
5652,13.229999542236328,13.964249610900879
5653,3.5299999713897705,7.835367679595947
5654,18.6200008392334,16.657243728637695
5655,9.130000114440918,8.885079383850098
5656,14.119999885559082,15.850391387939453
5657,12.039999961853027,12.699859619140625
5658,51.59000015258789,55.47783660888672
5659,27.81999969482422,28.829246520996094
5660,24.239999771118164,25.4357852935791
5661,42.27000045776367,37.73768997192383
5662,30.850000381469727,28.27936553955078
5663,17.1200008392334,18.925016403198242
5664,46.56999969482422,40.12106704711914
5665,10.699999809265137,11.213098526000977
5666,41.61000061035156,37.05036163330078
5667,22.190000534057617,23.82044219970703
5668,29.200000762939453,25.58780288696289
5669,36.4900016784668,39.398494720458984
5670,26.079999923706055,21.536046981811523
5671,5.820000171661377,6.725317478179932
5672,56.630001068115234,52.209014892578125
5673,49.130001068115234,42.48422622680664
5674,21.010000228881836,17.551532745361328
5675,64.16999816894531,63.40060806274414
5676,6.329999923706055,9.086007118225098
5677,18.579999923706055,19.122634887695312
5678,34.2599983215332,37.43336486816406
5679,47.22999954223633,41.57312774658203
5680,16.75,19.643749237060547
5681,47.720001220703125,55.02433395385742
5682,11.859999656677246,14.920068740844727
5683,18.25,19.81328010559082
5684,11.65999984741211,12.475472450256348
5685,27.739999771118164,26.307004928588867
5686,35.939998626708984,36.144588470458984
5687,27.610000610351562,28.64822006225586
5688,7.929999828338623,5.146369934082031
5689,15.859999656677246,14.28807544708252
5690,16.8700008392334,15.849595069885254
5691,18.479999542236328,15.938508987426758
5692,26.709999084472656,30.227436065673828
5693,35.869998931884766,35.83271789550781
5694,29.1200008392334,29.18619155883789
5695,14.890000343322754,14.638240814208984
5696,64.94999694824219,58.97682189941406
5697,3.9800000190734863,11.855203628540039
5698,24.1200008392334,20.184703826904297
5699,40.2400016784668,39.29955291748047
5700,17.899999618530273,21.446596145629883
5701,3.4700000286102295,3.3382956981658936
5702,73.2699966430664,73.10888671875
5703,53.689998626708984,44.08470153808594
5704,43.470001220703125,43.71134948730469
5705,31.389999389648438,34.67411804199219
5706,7.329999923706055,5.402721881866455
5707,24.1200008392334,24.61807632446289
5708,21.389999389648438,20.38050651550293
5709,8.260000228881836,8.488117218017578
5710,25.639999389648438,22.450241088867188
5711,31.139999389648438,43.613773345947266
5712,18.15999984741211,17.158140182495117
5713,50.97999954223633,51.83330154418945
5714,32.15999984741211,30.025861740112305
5715,12.479999542236328,11.786949157714844
5716,30.709999084472656,31.88207244873047
5717,14.050000190734863,13.882311820983887
5718,18.3700008392334,20.622516632080078
5719,13.640000343322754,14.872695922851562
5720,14.930000305175781,12.796092987060547
5721,15.25,17.26247787475586
5722,6.789999961853027,8.948381423950195
5723,69.30000305175781,55.45341491699219
5724,12.369999885559082,17.228927612304688
5725,27.280000686645508,30.45856285095215
5726,20.540000915527344,19.402294158935547
5727,13.380000114440918,14.678692817687988
5728,41.0099983215332,43.49131774902344
5729,40.029998779296875,37.05531311035156
5730,59.81999969482422,59.287681579589844
5731,7.760000228881836,6.15429162979126
5732,16.540000915527344,11.637017250061035
5733,13.680000305175781,11.587855339050293
5734,57.86000061035156,50.90111541748047
5735,7.760000228881836,9.493487358093262
5736,29.389999389648438,30.67373275756836
5737,27.709999084472656,28.42302703857422
5738,45.689998626708984,44.147674560546875
5739,10.15999984741211,16.84588050842285
5740,2.190000057220459,6.398524284362793
5741,27.84000015258789,22.152185440063477
5742,24.90999984741211,26.799001693725586
5743,21.6200008392334,25.791728973388672
5744,26.959999084472656,29.187339782714844
5745,19.469999313354492,16.836116790771484
5746,20.31999969482422,17.08177375793457
5747,53.220001220703125,51.080718994140625
5748,33.27000045776367,31.64948272705078
5749,16.440000534057617,16.742919921875
5750,10.75,11.083683967590332
5751,16.709999084472656,13.795077323913574
5752,17.940000534057617,17.487590789794922
5753,29.479999542236328,29.89926528930664
5754,22.6200008392334,19.61138153076172
5755,39.04999923706055,35.64439010620117
5756,7.460000038146973,15.598855972290039
5757,45.650001525878906,44.49603271484375
5758,5.389999866485596,6.902573585510254
5759,10.239999771118164,12.865996360778809
5760,44.040000915527344,49.60209655761719
5761,10.220000267028809,10.446067810058594
5762,26.8799991607666,26.172842025756836
5763,28.950000762939453,32.53877258300781
5764,3.990000009536743,1.7305638790130615
5765,23.299999237060547,25.23752212524414
5766,60.88999938964844,59.58881378173828
5767,30.770000457763672,32.85564041137695
5768,44.119998931884766,37.63187789916992
5769,37.33000183105469,43.95356369018555
5770,25.34000015258789,23.045488357543945
5771,48.689998626708984,45.387115478515625
5772,30.579999923706055,28.138595581054688
5773,40.810001373291016,37.915428161621094
5774,36.150001525878906,31.580467224121094
5775,16.84000015258789,19.40233039855957
5776,7.860000133514404,5.938708782196045
5777,39.25,43.36378860473633
5778,22.950000762939453,19.45357894897461
5779,21.899999618530273,18.2893123626709
5780,30.0,28.78959083557129
5781,39.439998626708984,40.944339752197266
5782,10.140000343322754,8.648704528808594
5783,7.230000019073486,11.967537879943848
5784,28.270000457763672,29.95282745361328
5785,46.849998474121094,42.277732849121094
5786,26.209999084472656,23.445354461669922
5787,49.400001525878906,47.3331413269043
5788,6.269999980926514,6.2652411460876465
5789,25.510000228881836,29.872943878173828
5790,33.599998474121094,41.54566955566406
5791,14.680000305175781,9.391209602355957
5792,45.209999084472656,48.40522003173828
5793,23.170000076293945,23.713523864746094
5794,22.6200008392334,24.018957138061523
5795,43.060001373291016,41.35108947753906
5796,57.40999984741211,59.56819152832031
5797,18.219999313354492,19.02044677734375
5798,31.469999313354492,28.794111251831055
5799,23.469999313354492,25.38079071044922
5800,9.8100004196167,11.371648788452148
5801,8.739999771118164,9.270478248596191
5802,47.779998779296875,51.632686614990234
5803,1.940000057220459,0.08663038164377213
5804,37.59000015258789,36.19788360595703
5805,14.170000076293945,12.065849304199219
5806,12.380000114440918,14.444985389709473
5807,12.449999809265137,11.756033897399902
5808,14.819999694824219,19.855960845947266
5809,29.239999771118164,32.57988739013672
5810,34.40999984741211,35.126861572265625
5811,23.360000610351562,25.745342254638672
5812,29.979999542236328,33.2410888671875
5813,11.390000343322754,11.830312728881836
5814,37.810001373291016,42.69915771484375
5815,21.3799991607666,23.206161499023438
5816,17.489999771118164,19.47494888305664
5817,28.010000228881836,30.11500358581543
5818,24.950000762939453,25.042537689208984
5819,39.369998931884766,40.01173782348633
5820,40.119998931884766,40.317718505859375
5821,46.400001525878906,41.55168151855469
5822,13.859999656677246,15.404271125793457
5823,38.2599983215332,44.9291877746582
5824,19.809999465942383,22.07620620727539
5825,7.820000171661377,9.630982398986816
5826,35.08000183105469,31.959247589111328
5827,45.869998931884766,33.17935562133789
5828,44.15999984741211,46.88530349731445
5829,13.510000228881836,13.556357383728027
5830,40.41999816894531,39.20338439941406
5831,41.5,39.79323196411133
5832,33.36000061035156,33.75860595703125
5833,10.789999961853027,10.955000877380371
5834,70.94000244140625,60.59626007080078
5835,33.130001068115234,35.99029541015625
5836,16.229999542236328,14.077191352844238
5837,5.099999904632568,3.5099122524261475
5838,45.5099983215332,41.410400390625
5839,49.0099983215332,48.2825813293457
5840,54.08000183105469,58.65290832519531
5841,30.030000686645508,30.001419067382812
5842,37.08000183105469,39.85368347167969
5843,25.809999465942383,31.775249481201172
5844,38.349998474121094,40.18115234375
5845,64.87000274658203,62.39720153808594
5846,54.86000061035156,59.97227478027344
5847,39.88999938964844,37.33164978027344
5848,36.88999938964844,38.80146408081055
5849,2.9000000953674316,6.865420818328857
5850,6.900000095367432,5.171879291534424
5851,13.279999732971191,14.22437858581543
5852,41.810001373291016,44.10541534423828
5853,63.099998474121094,62.62260437011719
5854,21.600000381469727,25.892440795898438
5855,33.63999938964844,32.977638244628906
5856,1.899999976158142,5.294069290161133
5857,23.399999618530273,22.48919677734375
5858,31.420000076293945,27.126941680908203
5859,30.270000457763672,29.570995330810547
5860,24.979999542236328,25.075817108154297
5861,15.199999809265137,14.558034896850586
5862,46.560001373291016,45.21372604370117
5863,33.52000045776367,36.89077377319336
5864,26.75,21.97897720336914
5865,9.710000038146973,9.188831329345703
5866,17.239999771118164,18.10982322692871
5867,17.3700008392334,13.705254554748535
5868,17.06999969482422,19.29229164123535
5869,16.450000762939453,15.669326782226562
5870,3.359999895095825,4.308313846588135
5871,29.15999984741211,31.073225021362305
5872,35.7400016784668,32.852474212646484
5873,10.130000114440918,9.268167495727539
5874,36.11000061035156,32.22636413574219
5875,32.13999938964844,34.4373893737793
5876,25.6299991607666,28.938453674316406
5877,35.439998626708984,36.148719787597656
5878,36.18000030517578,33.46867370605469
5879,27.219999313354492,27.39032745361328
5880,44.029998779296875,43.52460861206055
5881,65.7300033569336,63.45066452026367
5882,43.029998779296875,43.15675354003906
5883,2.0199999809265137,3.347449541091919
5884,21.329999923706055,22.229345321655273
5885,10.180000305175781,11.332769393920898
5886,7.090000152587891,7.26725959777832
5887,25.6299991607666,22.728931427001953
5888,17.700000762939453,14.098611831665039
5889,50.7599983215332,48.247589111328125
5890,3.930000066757202,3.293062925338745
5891,24.110000610351562,26.416807174682617
5892,33.61000061035156,28.40657615661621
5893,37.0099983215332,33.0283317565918
5894,25.8700008392334,26.662214279174805
5895,7.119999885559082,6.997677803039551
5896,20.59000015258789,19.502239227294922
5897,28.729999542236328,32.8762321472168
5898,12.399999618530273,12.944372177124023
5899,21.899999618530273,21.125141143798828
5900,29.290000915527344,28.922496795654297
5901,37.52000045776367,38.26088333129883
5902,24.209999084472656,35.81067657470703
5903,71.41999816894531,69.10639190673828
5904,7.619999885559082,6.232360363006592
5905,11.619999885559082,8.80958366394043
5906,9.420000076293945,10.098057746887207
5907,10.630000114440918,13.933943748474121
5908,32.70000076293945,30.82847023010254
5909,24.399999618530273,23.24614906311035
5910,42.9900016784668,38.219356536865234
5911,23.989999771118164,24.911983489990234
5912,13.630000114440918,12.967571258544922
5913,18.719999313354492,17.345155715942383
5914,67.18000030517578,67.81990051269531
5915,6.420000076293945,8.281644821166992
5916,16.110000610351562,13.889559745788574
5917,66.22000122070312,61.98408126831055
5918,6.679999828338623,7.205777645111084
5919,35.45000076293945,34.88760757446289
5920,11.890000343322754,12.907322883605957
5921,7.489999771118164,6.531457901000977
5922,38.09000015258789,34.26383972167969
5923,41.70000076293945,41.77119064331055
5924,17.299999237060547,17.103717803955078
5925,25.780000686645508,21.903627395629883
5926,15.720000267028809,15.235255241394043
5927,11.869999885559082,8.138550758361816
5928,53.95000076293945,51.69911575317383
5929,11.399999618530273,11.476330757141113
5930,46.4900016784668,46.23519515991211
5931,21.829999923706055,24.144546508789062
5932,17.030000686645508,13.808518409729004
5933,18.479999542236328,18.461931228637695
5934,26.729999542236328,32.219520568847656
5935,42.720001220703125,32.47526168823242
5936,11.760000228881836,12.785167694091797
5937,21.350000381469727,19.972816467285156
5938,14.920000076293945,13.60545539855957
5939,32.93000030517578,29.383602142333984
5940,36.349998474121094,32.415260314941406
5941,29.030000686645508,31.81276512145996
5942,4.599999904632568,2.5589537620544434
5943,26.510000228881836,22.71441650390625
5944,34.349998474121094,36.44345474243164
5945,22.68000030517578,26.019744873046875
5946,33.75,34.83187484741211
5947,32.720001220703125,35.275733947753906
5948,9.739999771118164,9.356729507446289
5949,3.7899999618530273,2.182549476623535
5950,20.360000610351562,19.54765510559082
5951,16.469999313354492,16.12617301940918
5952,20.43000030517578,21.854284286499023
5953,37.2599983215332,36.07746124267578
5954,4.309999942779541,5.439296722412109
5955,24.43000030517578,23.659038543701172
5956,16.8700008392334,18.19576644897461
5957,9.6899995803833,8.907564163208008
5958,16.81999969482422,17.24479866027832
5959,3.3499999046325684,3.7719852924346924
5960,1.2599999904632568,2.0336596965789795
5961,43.939998626708984,43.78780746459961
5962,44.16999816894531,42.60850143432617
5963,52.540000915527344,47.5594482421875
5964,37.06999969482422,34.05194091796875
5965,52.310001373291016,45.55133056640625
5966,39.5099983215332,35.148033142089844
5967,33.689998626708984,34.2893180847168
5968,11.319999694824219,10.032113075256348
5969,15.670000076293945,14.288260459899902
5970,22.059999465942383,23.463497161865234
5971,20.25,17.692066192626953
5972,36.540000915527344,34.421791076660156
5973,9.960000038146973,10.375804901123047
5974,37.2599983215332,36.98699951171875
5975,26.690000534057617,27.456459045410156
5976,17.649999618530273,19.75608253479004
5977,26.850000381469727,26.986618041992188
5978,20.350000381469727,28.7904109954834
5979,29.700000762939453,30.58650016784668
5980,37.75,36.120933532714844
5981,38.380001068115234,38.58600616455078
5982,32.16999816894531,31.24728775024414
5983,36.119998931884766,32.64889907836914
5984,38.88999938964844,40.38092041015625
5985,15.880000114440918,15.126787185668945
5986,16.709999084472656,20.02225112915039
5987,33.290000915527344,32.04324722290039
5988,16.469999313354492,14.700583457946777
5989,45.45000076293945,45.761383056640625
5990,26.860000610351562,27.225807189941406
5991,7.300000190734863,8.814305305480957
5992,62.47999954223633,62.790103912353516
5993,63.68000030517578,63.014610290527344
5994,17.770000457763672,17.207447052001953
5995,6.130000114440918,20.603439331054688
5996,54.959999084472656,52.50693130493164
5997,19.510000228881836,21.15525245666504
5998,12.229999542236328,13.03509521484375
5999,33.290000915527344,34.62101745605469
6000,24.670000076293945,22.687618255615234
6001,27.809999465942383,27.918590545654297
6002,56.04999923706055,44.99775314331055
6003,17.989999771118164,25.491350173950195
6004,5.309999942779541,4.95972204208374
6005,15.5,17.210742950439453
6006,22.959999084472656,23.19970703125
6007,45.970001220703125,45.61091613769531
6008,52.150001525878906,56.0831413269043
6009,20.719999313354492,18.75274085998535
6010,12.170000076293945,11.072291374206543
6011,13.5600004196167,13.068242073059082
6012,18.079999923706055,18.110408782958984
6013,24.139999389648438,30.914949417114258
6014,37.560001373291016,37.150291442871094
6015,20.989999771118164,21.87752914428711
6016,28.959999084472656,31.027000427246094
6017,11.119999885559082,19.4293270111084
6018,11.930000305175781,12.884282112121582
6019,28.139999389648438,28.688318252563477
6020,24.670000076293945,23.802778244018555
6021,27.68000030517578,27.329750061035156
6022,9.489999771118164,9.73299789428711
6023,24.81999969482422,26.097370147705078
6024,19.260000228881836,19.60787582397461
6025,34.86000061035156,34.204078674316406
6026,13.989999771118164,15.315932273864746
6027,25.719999313354492,22.02149200439453
6028,47.5099983215332,44.395050048828125
6029,30.709999084472656,30.295005798339844
6030,19.610000610351562,15.444802284240723
6031,57.52000045776367,55.39552688598633
6032,49.209999084472656,51.53099822998047
6033,64.52999877929688,61.8804931640625
6034,26.09000015258789,26.325963973999023
6035,45.58000183105469,40.31553649902344
6036,18.920000076293945,20.04986572265625
6037,7.800000190734863,6.856701850891113
6038,37.369998931884766,38.860347747802734
6039,19.290000915527344,16.779726028442383
6040,35.599998474121094,36.77101135253906
6041,45.189998626708984,43.60144805908203
6042,28.760000228881836,31.345367431640625
6043,31.829999923706055,29.759538650512695
6044,22.920000076293945,23.149181365966797
6045,9.880000114440918,10.285059928894043
6046,38.25,37.19974136352539
6047,22.739999771118164,28.143760681152344
6048,45.7599983215332,45.807579040527344
6049,32.22999954223633,32.92262268066406
6050,39.540000915527344,35.871822357177734
6051,21.170000076293945,19.511695861816406
6052,68.33999633789062,62.776710510253906
6053,49.720001220703125,51.91342544555664
6054,4.269999980926514,4.932253360748291
6055,2.930000066757202,7.659657001495361
6056,51.959999084472656,50.65569305419922
6057,40.279998779296875,53.47798156738281
6058,9.6899995803833,10.909527778625488
6059,26.84000015258789,24.616979598999023
6060,12.100000381469727,12.974075317382812
6061,36.13999938964844,42.00078201293945
6062,37.380001068115234,37.04927062988281
6063,73.19000244140625,56.95417022705078
6064,46.599998474121094,51.11237335205078
6065,3.380000114440918,6.927786827087402
6066,7.420000076293945,5.045583724975586
6067,6.210000038146973,8.804611206054688
6068,3.2699999809265137,4.326173782348633
6069,52.47999954223633,55.63954162597656
6070,16.540000915527344,15.199507713317871
6071,14.3100004196167,16.000587463378906
6072,26.8799991607666,32.32587432861328
6073,24.729999542236328,22.44647979736328
6074,19.690000534057617,19.036334991455078
6075,53.61000061035156,52.50585174560547
6076,51.59000015258789,52.45282745361328
6077,20.219999313354492,20.365829467773438
6078,10.460000038146973,8.52331256866455
6079,7.090000152587891,6.460569381713867
6080,15.579999923706055,18.8295841217041
6081,16.600000381469727,16.207923889160156
6082,19.850000381469727,23.920223236083984
6083,28.450000762939453,28.05914306640625
6084,13.359999656677246,17.72012710571289
6085,6.46999979019165,4.979177474975586
6086,32.90999984741211,25.34213638305664
6087,10.670000076293945,12.42348575592041
6088,37.130001068115234,37.25489044189453
6089,23.959999084472656,22.668264389038086
6090,18.979999542236328,18.72918701171875
6091,27.139999389648438,25.354557037353516
6092,70.70999908447266,61.79917907714844
6093,22.25,20.952756881713867
6094,14.829999923706055,13.055455207824707
6095,30.219999313354492,30.55158805847168
6096,21.850000381469727,18.843753814697266
6097,33.2599983215332,32.772647857666016
6098,28.8700008392334,30.821866989135742
6099,4.880000114440918,4.9342780113220215
6100,26.290000915527344,27.565235137939453
6101,17.329999923706055,18.863487243652344
6102,32.66999816894531,33.50041961669922
6103,7.119999885559082,6.310037612915039
6104,40.77000045776367,46.36492919921875
6105,24.489999771118164,26.016935348510742
6106,27.969999313354492,26.9425106048584
6107,33.81999969482422,34.50313949584961
6108,22.3799991607666,22.04179573059082
6109,9.489999771118164,10.620307922363281
6110,57.22999954223633,51.62392807006836
6111,23.010000228881836,23.13557243347168
6112,9.699999809265137,8.427477836608887
6113,22.809999465942383,23.004838943481445
6114,1.6200000047683716,9.606239318847656
6115,10.140000343322754,15.900712013244629
6116,66.20999908447266,60.026912689208984
6117,21.760000228881836,23.806657791137695
6118,57.13999938964844,57.46435546875
6119,21.110000610351562,18.754161834716797
6120,24.489999771118164,26.42054557800293
6121,9.170000076293945,9.319308280944824
6122,18.639999389648438,23.423660278320312
6123,47.369998931884766,44.232994079589844
6124,37.77000045776367,43.39459991455078
6125,63.150001525878906,64.84428405761719
6126,12.920000076293945,10.568150520324707
6127,20.479999542236328,21.41444969177246
6128,20.760000228881836,22.271217346191406
6129,15.050000190734863,14.801473617553711
6130,21.979999542236328,26.770021438598633
6131,26.299999237060547,28.05747413635254
6132,37.81999969482422,32.145721435546875
6133,26.209999084472656,28.9669132232666
6134,27.889999389648438,29.455123901367188
6135,20.5,18.400129318237305
6136,43.58000183105469,40.05723190307617
6137,14.5600004196167,13.091604232788086
6138,23.780000686645508,23.446870803833008
6139,47.36000061035156,43.46746826171875
6140,45.619998931884766,46.83009338378906
6141,65.58999633789062,63.09083938598633
6142,15.510000228881836,16.36138343811035
6143,35.380001068115234,36.515628814697266
6144,14.289999961853027,13.681121826171875
6145,31.479999542236328,25.9178409576416
6146,29.40999984741211,27.976802825927734
6147,33.84000015258789,32.61681365966797
6148,15.640000343322754,14.188823699951172
6149,28.690000534057617,28.665897369384766
6150,53.560001373291016,58.596126556396484
6151,7.349999904632568,9.095087051391602
6152,15.960000038146973,16.74419403076172
6153,54.41999816894531,52.835147857666016
6154,49.630001068115234,48.9581298828125
6155,53.83000183105469,55.50737762451172
6156,30.739999771118164,29.186664581298828
6157,10.369999885559082,8.901728630065918
6158,22.809999465942383,21.687458038330078
6159,48.5,45.15953063964844
6160,15.520000457763672,15.771831512451172
6161,24.56999969482422,28.374996185302734
6162,20.90999984741211,19.46685028076172
6163,47.77000045776367,51.79029083251953
6164,5.230000019073486,4.156031131744385
6165,39.68000030517578,39.494449615478516
6166,50.63999938964844,56.45292663574219
6167,24.209999084472656,25.347890853881836
6168,28.389999389648438,31.0014591217041
6169,53.5099983215332,51.45568084716797
6170,23.309999465942383,23.314239501953125
6171,54.81999969482422,56.0169563293457
6172,16.889999389648438,18.875057220458984
6173,4.510000228881836,7.4104695320129395
6174,31.15999984741211,28.558759689331055
6175,16.450000762939453,15.447565078735352
6176,57.939998626708984,60.094024658203125
6177,19.8700008392334,26.9113826751709
6178,9.710000038146973,10.5300874710083
6179,8.890000343322754,7.3913421630859375
6180,43.84000015258789,48.894439697265625
6181,23.84000015258789,23.37253189086914
6182,21.3799991607666,19.63621711730957
6183,25.6200008392334,19.787490844726562
6184,68.16000366210938,67.69300842285156
6185,53.65999984741211,53.15663528442383
6186,18.989999771118164,20.550100326538086
6187,36.349998474121094,40.532344818115234
6188,7.289999961853027,6.417338848114014
6189,27.989999771118164,26.13054656982422
6190,13.399999618530273,13.798169136047363
6191,33.45000076293945,24.046213150024414
6192,13.960000038146973,11.029541015625
6193,22.25,20.552946090698242
6194,26.84000015258789,28.10342025756836
6195,39.63999938964844,42.51627731323242
6196,31.079999923706055,37.669891357421875
6197,77.7699966430664,65.23139190673828
6198,13.239999771118164,14.236129760742188
6199,14.279999732971191,13.544413566589355
6200,14.670000076293945,18.442153930664062
6201,30.850000381469727,31.821033477783203
6202,27.799999237060547,30.2247314453125
6203,34.77000045776367,35.222434997558594
6204,40.81999969482422,39.71889114379883
6205,24.1299991607666,26.589614868164062
6206,13.75,13.448188781738281
6207,2.9200000762939453,5.717884063720703
6208,40.279998779296875,46.846954345703125
6209,29.329999923706055,29.13662338256836
6210,9.34000015258789,6.26662015914917
6211,15.029999732971191,14.866425514221191
6212,43.099998474121094,43.691463470458984
6213,26.530000686645508,23.982933044433594
6214,60.20000076293945,59.232696533203125
6215,37.5,41.35340118408203
6216,19.360000610351562,17.797828674316406
6217,15.279999732971191,15.660633087158203
6218,18.1299991607666,18.150829315185547
6219,14.260000228881836,16.366350173950195
6220,28.969999313354492,33.333961486816406
6221,17.90999984741211,17.165781021118164
6222,45.439998626708984,46.41006851196289
6223,6.929999828338623,6.3214874267578125
6224,5.019999980926514,8.257238388061523
6225,4.099999904632568,6.226512432098389
6226,14.449999809265137,12.778468132019043
6227,34.959999084472656,37.18838119506836
6228,34.83000183105469,34.89574432373047
6229,8.180000305175781,8.094870567321777
6230,45.72999954223633,44.23710632324219
6231,22.100000381469727,21.855018615722656
6232,12.670000076293945,13.708795547485352
6233,9.170000076293945,8.973389625549316
6234,40.290000915527344,44.90489196777344
6235,12.109999656677246,12.049534797668457
6236,15.6899995803833,17.203468322753906
6237,33.029998779296875,31.905048370361328
6238,15.770000457763672,15.230810165405273
6239,12.449999809265137,13.685876846313477
6240,8.4399995803833,7.969499111175537
6241,60.220001220703125,52.37865447998047
6242,35.08000183105469,38.05891036987305
6243,10.09000015258789,10.958416938781738
6244,7.820000171661377,6.677158832550049
6245,55.45000076293945,55.355682373046875
6246,38.439998626708984,32.84805679321289
6247,52.029998779296875,49.448814392089844
6248,5.929999828338623,7.868668079376221
6249,46.7599983215332,43.96513366699219
6250,4.53000020980835,6.293089389801025
6251,51.2400016784668,49.441383361816406
6252,19.93000030517578,18.83302879333496
6253,26.950000762939453,25.255203247070312
6254,45.939998626708984,46.734947204589844
6255,19.31999969482422,21.909099578857422
6256,14.510000228881836,14.418648719787598
6257,9.210000038146973,12.439698219299316
6258,30.65999984741211,28.085121154785156
6259,20.690000534057617,18.920969009399414
6260,39.290000915527344,37.187950134277344
6261,12.3100004196167,12.438533782958984
6262,1.3600000143051147,5.762933731079102
6263,17.979999542236328,17.4744815826416
6264,3.950000047683716,5.937979698181152
6265,24.229999542236328,25.86289405822754
6266,39.58000183105469,38.9189453125
6267,52.029998779296875,47.35002899169922
6268,4.309999942779541,3.3257102966308594
6269,40.970001220703125,41.58476257324219
6270,17.899999618530273,17.06342315673828
6271,44.939998626708984,47.31039047241211
6272,42.4900016784668,37.985313415527344
6273,36.02000045776367,39.40078353881836
6274,30.3799991607666,32.08039474487305
6275,11.600000381469727,12.199227333068848
6276,24.65999984741211,24.803775787353516
6277,14.470000267028809,13.215338706970215
6278,56.38999938964844,52.15918731689453
6279,25.389999389648438,24.595409393310547
6280,18.65999984741211,17.869924545288086
6281,52.54999923706055,45.24143981933594
6282,18.889999389648438,19.20205307006836
6283,21.780000686645508,22.014907836914062
6284,9.539999961853027,10.778387069702148
6285,36.619998931884766,37.75800323486328
6286,18.6299991607666,15.622343063354492
6287,42.209999084472656,44.90836715698242
6288,20.65999984741211,19.155540466308594
6289,17.920000076293945,18.36933135986328
6290,23.5,23.84607696533203
6291,35.529998779296875,34.001068115234375
6292,29.299999237060547,28.657455444335938
6293,54.720001220703125,46.06229782104492
6294,25.389999389648438,26.853639602661133
6295,5.429999828338623,4.334778785705566
6296,77.52999877929688,64.82472229003906
6297,22.75,25.229496002197266
6298,36.119998931884766,41.13717269897461
6299,40.939998626708984,40.23841094970703
6300,25.110000610351562,26.334087371826172
6301,56.470001220703125,46.72600555419922
6302,14.470000267028809,13.999794960021973
6303,9.460000038146973,8.019474029541016
6304,19.399999618530273,18.40727996826172
6305,26.6200008392334,27.308629989624023
6306,21.059999465942383,21.752756118774414
6307,27.719999313354492,26.628910064697266
6308,21.920000076293945,22.486841201782227
6309,21.8799991607666,20.282033920288086
6310,23.8799991607666,25.760353088378906
6311,7.989999771118164,9.74682331085205
6312,11.319999694824219,10.69981575012207
6313,12.0600004196167,10.302105903625488
6314,17.040000915527344,17.485342025756836
6315,31.899999618530273,31.720470428466797
6316,53.099998474121094,53.3062629699707
6317,31.979999542236328,38.41112518310547
6318,7.869999885559082,5.319271087646484
6319,35.7599983215332,27.224687576293945
6320,27.950000762939453,31.39210319519043
6321,33.41999816894531,36.765708923339844
6322,70.66999816894531,54.63331985473633
6323,27.40999984741211,35.644996643066406
6324,47.939998626708984,51.020896911621094
6325,29.68000030517578,27.602832794189453
6326,16.440000534057617,18.087270736694336
6327,26.510000228881836,25.255109786987305
6328,44.81999969482422,39.26674270629883
6329,27.40999984741211,28.172645568847656
6330,52.16999816894531,52.74588394165039
6331,37.70000076293945,39.974002838134766
6332,10.520000457763672,10.48913860321045
6333,16.149999618530273,15.4041109085083
6334,48.040000915527344,45.74795150756836
6335,17.31999969482422,16.95529556274414
6336,67.47000122070312,63.323116302490234
6337,5.25,7.762075901031494
6338,53.630001068115234,53.466400146484375
6339,28.84000015258789,27.54959487915039
6340,17.170000076293945,15.379103660583496
6341,33.439998626708984,32.41144943237305
6342,23.100000381469727,22.911563873291016
6343,11.270000457763672,12.240204811096191
6344,63.7400016784668,62.832183837890625
6345,10.8100004196167,10.957293510437012
6346,21.489999771118164,20.291650772094727
6347,46.900001525878906,47.25420379638672
6348,44.13999938964844,44.27101516723633
6349,17.700000762939453,14.840970993041992
6350,38.29999923706055,38.6292610168457
6351,25.40999984741211,25.16548728942871
6352,30.200000762939453,33.558414459228516
6353,53.93000030517578,55.76506042480469
6354,50.47999954223633,44.26374053955078
6355,53.29999923706055,53.05329132080078
6356,6.789999961853027,7.875566482543945
6357,38.189998626708984,37.0068473815918
6358,57.61000061035156,56.36346435546875
6359,10.239999771118164,9.502001762390137
6360,31.020000457763672,29.612855911254883
6361,26.209999084472656,25.05856704711914
6362,24.239999771118164,26.024782180786133
6363,34.95000076293945,31.77769660949707
6364,41.400001525878906,40.711891174316406
6365,21.270000457763672,20.91010284423828
6366,10.430000305175781,15.059725761413574
6367,7.590000152587891,11.280335426330566
6368,31.190000534057617,30.80239486694336
6369,33.220001220703125,39.3441276550293
6370,26.670000076293945,31.687408447265625
6371,27.350000381469727,27.794387817382812
6372,33.689998626708984,38.32343673706055
6373,64.75,64.80177307128906
6374,47.33000183105469,43.377052307128906
6375,28.950000762939453,30.67795753479004
6376,27.079999923706055,28.830623626708984
6377,23.610000610351562,25.950788497924805
6378,23.350000381469727,22.848899841308594
6379,13.460000038146973,12.352982521057129
6380,75.08000183105469,65.28500366210938
6381,13.9399995803833,13.731904029846191
6382,27.1200008392334,28.797300338745117
6383,20.790000915527344,21.893600463867188
6384,25.729999542236328,26.689071655273438
6385,50.75,48.67144012451172
6386,37.619998931884766,36.511924743652344
6387,39.90999984741211,39.5244140625
6388,11.199999809265137,10.718451499938965
6389,50.279998779296875,49.08301544189453
6390,25.899999618530273,24.524234771728516
6391,25.469999313354492,29.580245971679688
6392,13.800000190734863,14.107694625854492
6393,14.329999923706055,14.523309707641602
6394,21.309999465942383,21.3336124420166
6395,34.9900016784668,32.38776779174805
6396,1.9500000476837158,0.007689880672842264
6397,24.790000915527344,23.310523986816406
6398,37.220001220703125,30.86717987060547
6399,31.6299991607666,31.342815399169922
6400,45.08000183105469,47.702964782714844
6401,29.25,29.243072509765625
6402,14.289999961853027,14.514447212219238
6403,15.329999923706055,14.309820175170898
6404,23.09000015258789,21.521648406982422
6405,12.569999694824219,11.80147933959961
6406,33.06999969482422,32.35194778442383
6407,22.540000915527344,22.73169708251953
6408,52.040000915527344,54.6563720703125
6409,15.579999923706055,17.020008087158203
6410,8.640000343322754,7.237285137176514
6411,27.559999465942383,28.81368637084961
6412,7.639999866485596,6.1968488693237305
6413,69.29000091552734,73.1851806640625
6414,22.309999465942383,23.40723419189453
6415,62.970001220703125,62.95414352416992
6416,18.709999084472656,18.073131561279297
6417,49.630001068115234,43.914398193359375
6418,25.100000381469727,22.919836044311523
6419,37.70000076293945,36.2968864440918
6420,31.350000381469727,25.719581604003906
6421,32.630001068115234,37.79544448852539
6422,23.829999923706055,24.271854400634766
6423,26.90999984741211,23.895856857299805
6424,32.189998626708984,32.53049850463867
6425,14.140000343322754,14.653292655944824
6426,40.18000030517578,39.204627990722656
6427,35.5,35.630435943603516
6428,32.900001525878906,31.42856788635254
6429,14.569999694824219,13.165365219116211
6430,42.959999084472656,39.34130859375
6431,27.139999389648438,29.3150634765625
6432,3.240000009536743,10.229310989379883
6433,32.66999816894531,30.65378761291504
6434,22.1299991607666,20.719730377197266
6435,12.34000015258789,13.922234535217285
6436,25.25,25.079914093017578
6437,7.230000019073486,12.125992774963379
6438,26.649999618530273,25.115478515625
6439,19.25,19.4523983001709
6440,10.510000228881836,8.396145820617676
6441,13.449999809265137,12.903902053833008
6442,13.050000190734863,14.42355728149414
6443,50.13999938964844,53.32395553588867
6444,39.7599983215332,38.06343078613281
6445,9.619999885559082,8.537515640258789
6446,5.110000133514404,5.258336544036865
6447,22.440000534057617,24.17514419555664
6448,61.36000061035156,50.137062072753906
6449,11.210000038146973,11.977592468261719
6450,24.6299991607666,24.265281677246094
6451,22.309999465942383,23.053375244140625
6452,9.010000228881836,9.201237678527832
6453,46.31999969482422,44.56005859375
6454,13.59000015258789,13.156166076660156
6455,9.510000228881836,7.275121212005615
6456,20.809999465942383,20.85077476501465
6457,34.61000061035156,37.27522659301758
6458,33.2599983215332,30.751651763916016
6459,24.25,22.307987213134766
6460,11.279999732971191,10.971741676330566
6461,25.079999923706055,24.703168869018555
6462,53.279998779296875,42.68989944458008
6463,13.270000457763672,13.390411376953125
6464,33.81999969482422,31.72478675842285
6465,70.08000183105469,61.5556755065918
6466,24.15999984741211,25.613197326660156
6467,37.619998931884766,42.30537414550781
6468,43.7400016784668,37.78752517700195
6469,44.84000015258789,42.55848693847656
6470,2.9000000953674316,0.4442814588546753
6471,15.479999542236328,14.367607116699219
6472,45.16999816894531,45.490501403808594
6473,41.36000061035156,40.12779235839844
6474,33.36000061035156,32.412330627441406
6475,32.7599983215332,32.94660568237305
6476,34.689998626708984,35.73798751831055
6477,75.06999969482422,69.69512939453125
6478,15.819999694824219,14.907365798950195
6479,27.860000610351562,29.87902069091797
6480,52.630001068115234,39.068424224853516
6481,22.200000762939453,23.201133728027344
6482,40.790000915527344,41.822105407714844
6483,13.710000038146973,13.683765411376953
6484,36.7599983215332,39.609920501708984
6485,3.809999942779541,3.2541873455047607
6486,22.520000457763672,22.698345184326172
6487,10.470000267028809,9.978609085083008
6488,31.780000686645508,38.25133514404297
6489,22.559999465942383,22.332109451293945
6490,28.350000381469727,26.197317123413086
6491,22.239999771118164,22.62018585205078
6492,22.950000762939453,20.473867416381836
6493,17.520000457763672,17.250402450561523
6494,13.020000457763672,15.047894477844238
6495,24.440000534057617,25.513946533203125
6496,8.960000038146973,6.468106269836426
6497,7.449999809265137,8.634872436523438
6498,22.6299991607666,24.336490631103516
6499,27.149999618530273,30.076427459716797
6500,48.150001525878906,49.17448425292969
6501,21.190000534057617,15.062286376953125
6502,36.72999954223633,34.93782043457031
6503,55.189998626708984,56.17753601074219
6504,25.770000457763672,25.028554916381836
6505,35.95000076293945,40.496177673339844
6506,40.099998474121094,39.69658660888672
6507,59.619998931884766,65.84333801269531
6508,17.940000534057617,14.84982967376709
6509,14.720000267028809,17.917011260986328
6510,14.029999732971191,16.180875778198242
6511,46.79999923706055,44.147891998291016
6512,32.290000915527344,36.73341369628906
6513,28.1299991607666,32.20045852661133
6514,41.869998931884766,37.94956970214844
6515,23.440000534057617,23.194204330444336
6516,8.890000343322754,11.34898567199707
6517,52.040000915527344,43.9466667175293
6518,17.690000534057617,19.428876876831055
6519,26.6200008392334,30.117115020751953
6520,10.369999885559082,8.48117733001709
6521,32.97999954223633,34.737030029296875
6522,22.079999923706055,24.001293182373047
6523,12.350000381469727,7.763202667236328
6524,4.630000114440918,5.128030776977539
6525,21.520000457763672,21.325462341308594
6526,22.43000030517578,21.199562072753906
6527,2.3299999237060547,7.153987407684326
6528,31.260000228881836,30.1232852935791
6529,17.6299991607666,18.641193389892578
6530,10.949999809265137,13.719155311584473
6531,25.84000015258789,29.376127243041992
6532,5.559999942779541,5.692701816558838
6533,53.47999954223633,53.1055908203125
6534,16.81999969482422,13.513688087463379
6535,15.9399995803833,15.966144561767578
6536,40.959999084472656,38.582359313964844
6537,10.960000038146973,8.379693031311035
6538,57.0099983215332,53.3570442199707
6539,22.0,20.140304565429688
6540,14.140000343322754,16.597084045410156
6541,24.459999084472656,23.554275512695312
6542,44.56999969482422,46.00204086303711
6543,24.739999771118164,23.87114143371582
6544,20.350000381469727,19.921409606933594
6545,51.2400016784668,50.48899841308594
6546,11.539999961853027,14.667224884033203
6547,27.18000030517578,27.872499465942383
6548,16.34000015258789,16.943527221679688
6549,7.769999980926514,8.447669982910156
6550,6.0,9.400639533996582
6551,22.010000228881836,25.476415634155273
6552,7.599999904632568,5.685721397399902
6553,19.350000381469727,19.70476531982422
6554,37.84000015258789,36.33063888549805
6555,23.690000534057617,24.007287979125977
6556,7.909999847412109,6.006405353546143
6557,43.709999084472656,41.64460754394531
6558,26.260000228881836,27.092655181884766
6559,18.18000030517578,15.967049598693848
6560,15.0,16.199337005615234
6561,29.68000030517578,31.417747497558594
6562,34.34000015258789,32.7026252746582
6563,12.729999542236328,12.790838241577148
6564,49.41999816894531,54.18079376220703
6565,31.59000015258789,29.783855438232422
6566,26.239999771118164,28.174976348876953
6567,41.40999984741211,41.21257781982422
6568,41.06999969482422,31.379974365234375
6569,46.040000915527344,43.93558883666992
6570,20.6299991607666,21.373313903808594
6571,66.31999969482422,62.755531311035156
6572,35.4900016784668,38.23401641845703
6573,45.5099983215332,46.39692306518555
6574,6.199999809265137,6.906346321105957
6575,47.720001220703125,46.352569580078125
6576,40.66999816894531,41.087955474853516
6577,8.569999694824219,8.343057632446289
6578,21.450000762939453,25.048593521118164
6579,58.41999816894531,62.70426940917969
6580,3.640000104904175,4.089085102081299
6581,8.520000457763672,4.49968147277832
6582,49.22999954223633,47.9012451171875
6583,11.710000038146973,12.11190128326416
6584,8.34000015258789,6.934993743896484
6585,9.970000267028809,7.766256332397461
6586,20.489999771118164,20.180238723754883
6587,36.290000915527344,39.38140106201172
6588,5.71999979019165,5.745198726654053
6589,39.27000045776367,37.72435760498047
6590,25.260000228881836,24.724170684814453
6591,68.97000122070312,61.46419143676758
6592,26.200000762939453,26.818763732910156
6593,20.780000686645508,17.288047790527344
6594,41.54999923706055,39.338172912597656
6595,33.2599983215332,38.93846893310547
6596,39.15999984741211,41.160282135009766
6597,53.66999816894531,46.87744140625
6598,12.399999618530273,12.763016700744629
6599,16.59000015258789,15.851534843444824
6600,10.430000305175781,11.979656219482422
6601,14.079999923706055,13.752119064331055
6602,29.190000534057617,32.046268463134766
6603,7.840000152587891,4.885544300079346
6604,4.860000133514404,5.632040023803711
6605,40.15999984741211,43.61650848388672
6606,15.180000305175781,15.818913459777832
6607,46.59000015258789,43.75519561767578
6608,41.400001525878906,46.299156188964844
6609,17.700000762939453,18.46249008178711
6610,51.220001220703125,52.64888381958008
6611,36.41999816894531,40.321044921875
6612,27.920000076293945,24.363384246826172
6613,22.34000015258789,23.503042221069336
6614,20.3799991607666,20.45598602294922
6615,14.680000305175781,14.000487327575684
6616,75.5199966430664,67.62696838378906
6617,21.09000015258789,21.118915557861328
6618,6.340000152587891,9.55474853515625
6619,13.260000228881836,12.451053619384766
6620,30.600000381469727,29.40532875061035
6621,23.200000762939453,23.281532287597656
6622,7.690000057220459,10.312281608581543
6623,14.920000076293945,19.631996154785156
6624,24.6299991607666,21.90958023071289
6625,28.540000915527344,28.76427459716797
6626,40.83000183105469,43.0948371887207
6627,24.65999984741211,25.187917709350586
6628,49.099998474121094,42.06678771972656
6629,37.130001068115234,38.763702392578125
6630,33.5,33.64028549194336
6631,22.049999237060547,24.508975982666016
6632,68.91000366210938,63.860191345214844
6633,7.230000019073486,7.796376705169678
6634,67.11000061035156,60.30009078979492
6635,3.6700000762939453,10.51048755645752
6636,38.529998779296875,35.216712951660156
6637,46.36000061035156,44.14693832397461
6638,61.310001373291016,54.715579986572266
6639,13.670000076293945,12.807280540466309
6640,33.7400016784668,31.43426513671875
6641,28.610000610351562,26.562522888183594
6642,58.61000061035156,53.9869384765625
6643,16.389999389648438,13.577970504760742
6644,12.859999656677246,9.962895393371582
6645,27.8799991607666,28.625690460205078
6646,28.270000457763672,30.280113220214844
6647,24.139999389648438,23.35817527770996
6648,9.520000457763672,12.997262954711914
6649,2.740000009536743,3.054781198501587
6650,73.31999969482422,72.99138641357422
6651,39.56999969482422,34.838462829589844
6652,25.020000457763672,20.62940788269043
6653,29.709999084472656,28.287944793701172
6654,47.31999969482422,47.534629821777344
6655,39.06999969482422,34.40953826904297
6656,30.15999984741211,31.901540756225586
6657,20.350000381469727,19.82636260986328
6658,18.1299991607666,14.445466041564941
6659,16.260000228881836,17.661731719970703
6660,34.58000183105469,34.13536834716797
6661,12.569999694824219,10.831210136413574
6662,29.700000762939453,30.910717010498047
6663,12.020000457763672,10.19992446899414
6664,5.119999885559082,6.111992359161377
6665,62.040000915527344,56.174686431884766
6666,54.72999954223633,63.16344451904297
6667,45.959999084472656,45.794429779052734
6668,2.369999885559082,0.3287270665168762
6669,5.0,7.934525966644287
6670,17.139999389648438,17.561649322509766
6671,40.0099983215332,39.21479034423828
6672,70.04000091552734,70.53660583496094
6673,7.329999923706055,6.732445240020752
6674,53.16999816894531,53.78163528442383
6675,55.84000015258789,57.20625686645508
6676,3.140000104904175,5.850963592529297
6677,46.31999969482422,44.455482482910156
6678,42.25,46.35799789428711
6679,23.290000915527344,23.98575210571289
6680,32.97999954223633,31.425174713134766
6681,22.1299991607666,27.087011337280273
6682,8.829999923706055,12.949403762817383
6683,46.63999938964844,49.04993438720703
6684,58.61000061035156,50.025726318359375
6685,18.209999084472656,20.106143951416016
6686,41.75,48.474998474121094
6687,20.989999771118164,20.50867462158203
6688,26.290000915527344,24.725353240966797
6689,34.369998931884766,31.731908798217773
6690,31.899999618530273,31.456836700439453
6691,26.040000915527344,23.15276527404785
6692,19.149999618530273,18.482702255249023
6693,8.510000228881836,7.426616191864014
6694,30.520000457763672,32.845298767089844
6695,24.299999237060547,24.744075775146484
6696,36.439998626708984,38.07195281982422
6697,19.540000915527344,20.23971939086914
6698,53.18000030517578,51.3138313293457
6699,40.40999984741211,39.331382751464844
6700,17.799999237060547,18.630840301513672
6701,7.989999771118164,6.605274200439453
6702,48.5099983215332,47.24806594848633
6703,33.630001068115234,37.38972473144531
6704,26.360000610351562,28.750198364257812
6705,34.38999938964844,29.600276947021484
6706,15.979999542236328,15.455365180969238
6707,25.260000228881836,31.37023162841797
6708,8.930000305175781,12.306802749633789
6709,9.489999771118164,6.859987735748291
6710,18.579999923706055,19.18843650817871
6711,22.850000381469727,22.782161712646484
6712,40.400001525878906,37.351417541503906
6713,6.5,8.343091011047363
6714,12.449999809265137,8.537185668945312
6715,32.11000061035156,30.076501846313477
6716,37.720001220703125,37.00314712524414
6717,12.039999961853027,11.992053985595703
6718,16.760000228881836,17.02721405029297
6719,18.31999969482422,19.66083526611328
6720,63.060001373291016,50.9718132019043
6721,26.829999923706055,28.57042694091797
6722,49.68000030517578,46.434967041015625
6723,24.200000762939453,23.677955627441406
6724,17.530000686645508,18.36655616760254
6725,34.630001068115234,32.814369201660156
6726,44.900001525878906,45.02163314819336
6727,22.959999084472656,25.932775497436523
6728,9.8100004196167,8.813912391662598
6729,55.43000030517578,54.44818878173828
6730,23.899999618530273,22.907419204711914
6731,18.850000381469727,18.910140991210938
6732,13.270000457763672,13.751066207885742
6733,24.229999542236328,25.204620361328125
6734,7.050000190734863,3.329800605773926
6735,28.93000030517578,30.885547637939453
6736,14.5600004196167,14.710220336914062
6737,11.449999809265137,13.912663459777832
6738,20.8700008392334,21.380138397216797
6739,20.18000030517578,18.572309494018555
6740,60.59000015258789,55.50700378417969
6741,10.739999771118164,8.559967994689941
6742,12.0,12.123448371887207
6743,25.75,23.312294006347656
6744,18.309999465942383,17.36151885986328
6745,23.8700008392334,24.097749710083008
6746,32.45000076293945,30.817890167236328
6747,11.789999961853027,15.436625480651855
6748,11.029999732971191,8.307589530944824
6749,47.040000915527344,45.50242233276367
6750,21.229999542236328,19.76012420654297
6751,20.729999542236328,18.805023193359375
6752,5.119999885559082,6.938699245452881
6753,29.540000915527344,29.762779235839844
6754,11.600000381469727,13.014324188232422
6755,36.97999954223633,37.32372283935547
6756,33.5,34.81861114501953
6757,39.040000915527344,46.54669952392578
6758,6.389999866485596,6.613627910614014
6759,12.260000228881836,8.989264488220215
6760,41.38999938964844,40.087432861328125
6761,10.329999923706055,10.421637535095215
6762,5.510000228881836,7.477447509765625
6763,39.25,41.0848503112793
6764,4.900000095367432,5.913352012634277
6765,43.27000045776367,45.68407440185547
6766,16.790000915527344,16.86129379272461
6767,30.520000457763672,29.860578536987305
6768,3.9200000762939453,11.147927284240723
6769,48.459999084472656,50.716033935546875
6770,15.670000076293945,16.068387985229492
6771,50.4900016784668,42.19949722290039
6772,28.600000381469727,27.335468292236328
6773,42.54999923706055,38.51422119140625
6774,21.940000534057617,24.145092010498047
6775,39.779998779296875,44.277191162109375
6776,13.40999984741211,11.924432754516602
6777,29.6299991607666,28.07808494567871
6778,22.709999084472656,31.995685577392578
6779,17.520000457763672,15.855158805847168
6780,7.679999828338623,11.344853401184082
6781,37.130001068115234,37.76483917236328
6782,15.229999542236328,15.054136276245117
6783,34.61000061035156,37.63689041137695
6784,10.949999809265137,10.442206382751465
6785,9.039999961853027,10.656352996826172
6786,33.63999938964844,31.373477935791016
6787,6.699999809265137,6.842104434967041
6788,43.189998626708984,43.901512145996094
6789,2.609999895095825,6.72762393951416
6790,6.96999979019165,4.810368061065674
6791,13.229999542236328,13.34900951385498
6792,61.63999938964844,63.99824523925781
6793,43.41999816894531,44.623497009277344
6794,29.299999237060547,30.473434448242188
6795,31.389999389648438,29.47775650024414
6796,20.09000015258789,20.610183715820312
6797,12.84000015258789,12.602741241455078
6798,45.90999984741211,45.9304084777832
6799,24.299999237060547,21.199295043945312
6800,23.280000686645508,28.347381591796875
6801,21.809999465942383,21.240760803222656
6802,37.40999984741211,34.316654205322266
6803,18.229999542236328,18.452098846435547
6804,46.810001373291016,47.92980194091797
6805,16.940000534057617,14.598036766052246
6806,4.400000095367432,7.446453094482422
6807,53.59000015258789,48.06584930419922
6808,7.019999980926514,7.027770519256592
6809,27.59000015258789,21.161725997924805
6810,29.770000457763672,28.259851455688477
6811,20.5,21.451791763305664
6812,1.9199999570846558,7.423547744750977
6813,3.990000009536743,0.4614611566066742
6814,8.149999618530273,5.197493553161621
6815,33.11000061035156,34.087493896484375
6816,16.959999084472656,18.27633285522461
6817,5.539999961853027,5.158453464508057
6818,54.4900016784668,49.2021369934082
6819,5.420000076293945,7.277661323547363
6820,12.260000228881836,11.212724685668945
6821,11.819999694824219,11.712311744689941
6822,5.0,4.466772079467773
6823,16.969999313354492,17.92609405517578
6824,17.31999969482422,16.37917137145996
6825,42.97999954223633,42.107391357421875
6826,34.45000076293945,34.3385124206543
6827,32.72999954223633,27.95577621459961
6828,14.449999809265137,14.231717109680176
6829,41.619998931884766,44.87753677368164
6830,30.360000610351562,25.636150360107422
6831,14.260000228881836,12.283349990844727
6832,44.84000015258789,40.979881286621094
6833,20.450000762939453,19.084434509277344
6834,25.860000610351562,22.932655334472656
6835,40.459999084472656,40.17013931274414
6836,8.649999618530273,8.057958602905273
6837,21.299999237060547,20.663387298583984
6838,16.1200008392334,13.874974250793457
6839,22.520000457763672,21.653186798095703
6840,30.799999237060547,26.198488235473633
6841,17.34000015258789,17.75386619567871
6842,13.0,9.570300102233887
6843,11.960000038146973,10.443577766418457
6844,12.300000190734863,13.97557544708252
6845,23.6299991607666,24.03884506225586
6846,44.04999923706055,45.28094482421875
6847,37.619998931884766,39.65892791748047
6848,38.959999084472656,41.34306335449219
6849,38.79999923706055,32.067901611328125
6850,24.299999237060547,22.251216888427734
6851,13.880000114440918,15.981070518493652
6852,31.219999313354492,27.253952026367188
6853,45.91999816894531,45.318634033203125
6854,10.390000343322754,9.841375350952148
6855,16.84000015258789,26.64214324951172
6856,33.5,36.347286224365234
6857,22.809999465942383,21.058637619018555
6858,6.239999771118164,8.411700248718262
6859,7.039999961853027,6.719860076904297
6860,47.2599983215332,46.813758850097656
6861,11.760000228881836,12.960501670837402
6862,7.409999847412109,6.928862571716309
6863,35.540000915527344,40.49200439453125
6864,17.729999542236328,15.912013053894043
6865,18.969999313354492,16.021160125732422
6866,14.5600004196167,15.452361106872559
6867,12.170000076293945,11.0004301071167
6868,5.849999904632568,4.01700496673584
6869,35.63999938964844,34.31563186645508
6870,48.7599983215332,48.63629913330078
6871,38.29999923706055,41.087276458740234
6872,16.610000610351562,19.509326934814453
6873,28.450000762939453,30.402568817138672
6874,53.66999816894531,51.535186767578125
6875,15.6899995803833,16.503183364868164
6876,20.40999984741211,20.75193214416504
6877,37.11000061035156,32.79073715209961
6878,9.8100004196167,9.821843147277832
6879,53.119998931884766,51.262657165527344
6880,31.209999084472656,32.717384338378906
6881,7.119999885559082,7.111198902130127
6882,12.84000015258789,13.952005386352539
6883,9.449999809265137,10.889892578125
6884,51.95000076293945,45.39280319213867
6885,53.5,54.109580993652344
6886,31.610000610351562,31.586959838867188
6887,33.90999984741211,42.288551330566406
6888,18.700000762939453,17.556537628173828
6889,23.059999465942383,30.96847152709961
6890,27.229999542236328,33.58237838745117
6891,37.59000015258789,33.90873718261719
6892,19.1299991607666,16.373931884765625
6893,41.2599983215332,41.680545806884766
6894,20.739999771118164,21.356477737426758
6895,43.650001525878906,36.73050308227539
6896,7.380000114440918,6.167017936706543
6897,37.25,34.39536666870117
6898,10.729999542236328,11.451278686523438
6899,40.599998474121094,35.42027282714844
6900,19.110000610351562,22.38473892211914
6901,7.179999828338623,8.143277168273926
6902,31.31999969482422,32.099857330322266
6903,6.170000076293945,6.5286993980407715
6904,21.139999389648438,16.420696258544922
6905,29.760000228881836,27.376712799072266
6906,17.739999771118164,15.835982322692871
6907,28.649999618530273,27.00933074951172
6908,58.08000183105469,56.09248352050781
6909,26.639999389648438,26.208303451538086
6910,24.829999923706055,24.973552703857422
6911,54.09000015258789,52.76795959472656
6912,6.800000190734863,6.786497592926025
6913,16.3799991607666,16.782814025878906
6914,68.13999938964844,54.19279098510742
6915,7.340000152587891,6.665960788726807
6916,26.540000915527344,25.57769203186035
6917,32.41999816894531,31.117708206176758
6918,17.270000457763672,15.48305606842041
6919,14.649999618530273,14.667844772338867
6920,53.439998626708984,47.61878967285156
6921,19.420000076293945,18.393693923950195
6922,69.33000183105469,65.71778869628906
6923,11.890000343322754,12.363666534423828
6924,3.180000066757202,1.264737844467163
6925,5.599999904632568,4.896369934082031
6926,61.70000076293945,60.86228942871094
6927,16.549999237060547,12.945541381835938
6928,30.59000015258789,28.50925064086914
6929,11.819999694824219,12.39088249206543
6930,14.369999885559082,16.787748336791992
6931,10.149999618530273,21.528202056884766
6932,6.670000076293945,10.632107734680176
6933,9.899999618530273,11.356748580932617
6934,6.659999847412109,8.30573558807373
6935,57.209999084472656,58.64189147949219
6936,73.95999908447266,69.5271224975586
6937,58.439998626708984,62.259483337402344
6938,35.56999969482422,33.112548828125
6939,40.029998779296875,39.05493927001953
6940,23.5,21.71743392944336
6941,28.860000610351562,24.085378646850586
6942,7.449999809265137,8.04914379119873
6943,33.83000183105469,40.81181335449219
6944,33.369998931884766,33.606571197509766
6945,64.83000183105469,66.10301971435547
6946,13.90999984741211,13.61459732055664
6947,14.220000267028809,25.068574905395508
6948,25.110000610351562,22.7750244140625
6949,52.0099983215332,55.60255813598633
6950,41.29999923706055,42.11551284790039
6951,21.84000015258789,21.542236328125
6952,38.97999954223633,37.27570343017578
6953,8.109999656677246,7.678334712982178
6954,32.33000183105469,30.171287536621094
6955,21.110000610351562,26.02012825012207
6956,3.359999895095825,3.846485137939453
6957,52.0099983215332,47.614707946777344
6958,26.59000015258789,27.642459869384766
6959,28.5,29.422496795654297
6960,52.56999969482422,51.27275085449219
6961,11.729999542236328,8.352429389953613
6962,3.859999895095825,5.510197639465332
6963,12.479999542236328,11.376140594482422
6964,7.170000076293945,7.598311901092529
6965,6.829999923706055,6.5940680503845215
6966,35.63999938964844,32.80455017089844
6967,23.049999237060547,24.798946380615234
6968,22.110000610351562,23.455360412597656
6969,4.460000038146973,5.179713249206543
6970,2.240000009536743,7.020683288574219
6971,4.360000133514404,10.416154861450195
6972,34.02000045776367,30.58150291442871
6973,33.45000076293945,36.43877410888672
6974,46.0099983215332,45.233001708984375
6975,23.079999923706055,23.94436264038086
6976,67.4800033569336,64.28767395019531
6977,48.25,49.883750915527344
6978,24.780000686645508,27.685409545898438
6979,28.34000015258789,30.06027603149414
6980,35.36000061035156,35.85984420776367
6981,36.38999938964844,35.78261184692383
6982,33.029998779296875,35.07206726074219
6983,10.59000015258789,9.140718460083008
6984,73.27999877929688,59.840065002441406
6985,26.190000534057617,26.14757537841797
6986,18.329999923706055,18.266643524169922
6987,32.77000045776367,34.685176849365234
6988,2.609999895095825,19.333444595336914
6989,22.579999923706055,20.190507888793945
6990,65.30000305175781,59.18267822265625
6991,23.25,24.104629516601562
6992,10.760000228881836,11.910625457763672
6993,10.84000015258789,11.95896053314209
6994,33.040000915527344,27.99781036376953
6995,29.780000686645508,28.332345962524414
6996,32.7400016784668,29.138795852661133
6997,33.68000030517578,28.948104858398438
6998,9.9399995803833,12.324091911315918
6999,27.09000015258789,27.983781814575195
7000,33.22999954223633,40.75067901611328
7001,13.239999771118164,11.668678283691406
7002,66.94000244140625,70.43697357177734
7003,48.5099983215332,48.33380889892578
7004,29.479999542236328,30.982017517089844
7005,22.610000610351562,21.435691833496094
7006,46.7599983215332,49.35905838012695
7007,11.920000076293945,10.111663818359375
7008,18.790000915527344,21.503517150878906
7009,32.939998626708984,31.277568817138672
7010,38.040000915527344,34.45566940307617
7011,64.95999908447266,66.83160400390625
7012,32.099998474121094,32.662940979003906
7013,38.79999923706055,39.36520767211914
7014,27.200000762939453,29.02960205078125
7015,18.229999542236328,19.637025833129883
7016,31.209999084472656,29.8719482421875
7017,36.630001068115234,33.83861541748047
7018,39.7599983215332,40.00580596923828
7019,28.639999389648438,26.47977066040039
7020,5.440000057220459,6.705204010009766
7021,16.940000534057617,19.71145248413086
7022,2.069999933242798,3.1730666160583496
7023,36.27000045776367,40.673091888427734
7024,24.440000534057617,29.585996627807617
7025,44.599998474121094,37.20263671875
7026,73.61000061035156,67.22126770019531
7027,4.599999904632568,4.802306652069092
7028,45.06999969482422,44.623252868652344
7029,28.280000686645508,31.95416259765625
7030,18.450000762939453,17.806554794311523
7031,14.180000305175781,15.443470001220703
7032,31.079999923706055,30.17942237854004
7033,15.140000343322754,15.004313468933105
7034,19.40999984741211,18.622764587402344
7035,28.979999542236328,26.672910690307617
7036,23.799999237060547,20.66813850402832
7037,31.649999618530273,33.533470153808594
7038,13.670000076293945,14.136695861816406
7039,21.010000228881836,20.569623947143555
7040,7.489999771118164,7.704415798187256
7041,19.450000762939453,16.91349220275879
7042,30.799999237060547,34.92363739013672
7043,31.549999237060547,33.04518127441406
7044,78.86000061035156,66.42943572998047
7045,61.790000915527344,50.52189254760742
7046,6.110000133514404,9.001690864562988
7047,18.670000076293945,16.178375244140625
7048,22.450000762939453,19.35140609741211
7049,13.960000038146973,13.036286354064941
7050,24.600000381469727,26.412866592407227
7051,45.38999938964844,43.328128814697266
7052,14.869999885559082,15.048704147338867
7053,34.380001068115234,34.297298431396484
7054,4.809999942779541,7.880959510803223
7055,10.020000457763672,11.203678131103516
7056,26.139999389648438,26.254737854003906
7057,12.149999618530273,14.0745267868042
7058,10.449999809265137,12.499567031860352
7059,9.100000381469727,9.381532669067383
7060,30.68000030517578,35.743568420410156
7061,9.8100004196167,7.878692150115967
7062,34.58000183105469,33.27040100097656
7063,41.380001068115234,42.83960723876953
7064,20.1200008392334,19.96981430053711
7065,49.75,52.2330322265625
7066,42.689998626708984,40.725006103515625
7067,22.350000381469727,21.78262710571289
7068,67.4800033569336,52.788578033447266
7069,31.8700008392334,33.45520782470703
7070,37.91999816894531,42.97621154785156
7071,14.890000343322754,15.27900505065918
7072,31.25,33.35624694824219
7073,46.36000061035156,50.762428283691406
7074,30.84000015258789,27.823915481567383
7075,6.550000190734863,7.367333889007568
7076,42.86000061035156,48.77292251586914
7077,16.260000228881836,29.109394073486328
7078,33.93000030517578,34.13304138183594
7079,26.989999771118164,28.85491180419922
7080,10.829999923706055,9.343221664428711
7081,43.34000015258789,45.460304260253906
7082,39.25,42.066524505615234
7083,10.720000267028809,13.528614044189453
7084,50.0099983215332,50.287864685058594
7085,14.050000190734863,16.369487762451172
7086,14.619999885559082,12.3457612991333
7087,6.329999923706055,8.245014190673828
7088,21.780000686645508,22.353124618530273
7089,30.75,29.822032928466797
7090,13.8100004196167,14.707151412963867
7091,47.0,44.241634368896484
7092,11.460000038146973,6.661199569702148
7093,38.29999923706055,36.6788330078125
7094,16.610000610351562,17.59834098815918
7095,6.420000076293945,4.83514928817749
7096,7.599999904632568,13.341510772705078
7097,1.0299999713897705,8.421677589416504
7098,1.8300000429153442,7.36614990234375
7099,35.70000076293945,43.68030548095703
7100,28.049999237060547,28.769023895263672
7101,7.789999961853027,4.054264068603516
7102,47.849998474121094,49.86973571777344
7103,39.43000030517578,37.160518646240234
7104,4.760000228881836,4.7544264793396
7105,80.41999816894531,71.87670135498047
7106,11.430000305175781,12.904912948608398
7107,18.18000030517578,18.51361846923828
7108,19.729999542236328,21.16985321044922
7109,8.819999694824219,9.71003532409668
7110,46.619998931884766,46.71337890625
7111,53.58000183105469,48.89694595336914
7112,37.40999984741211,37.335205078125
7113,8.529999732971191,7.830912113189697
7114,2.380000114440918,0.8102032542228699
7115,25.010000228881836,25.12860870361328
7116,32.02000045776367,36.309471130371094
7117,63.04999923706055,64.56273651123047
7118,13.680000305175781,13.05488395690918
7119,78.30000305175781,70.28148651123047
7120,14.609999656677246,15.70173168182373
7121,34.63999938964844,32.96676254272461
7122,10.329999923706055,10.9076509475708
7123,53.290000915527344,46.65607833862305
7124,43.439998626708984,47.10090255737305
7125,50.689998626708984,46.427032470703125
7126,27.420000076293945,28.084863662719727
7127,5.400000095367432,5.1187920570373535
7128,15.920000076293945,13.481987953186035
7129,28.739999771118164,33.83486557006836
7130,18.059999465942383,22.496917724609375
7131,5.429999828338623,2.5170063972473145
7132,49.16999816894531,42.48501968383789
7133,47.79999923706055,51.83018112182617
7134,14.479999542236328,13.994025230407715
7135,59.959999084472656,56.786338806152344
7136,41.5099983215332,45.40085220336914
7137,37.20000076293945,36.485836029052734
7138,34.459999084472656,33.77889633178711
7139,21.010000228881836,23.90894317626953
7140,23.649999618530273,23.477802276611328
7141,44.54999923706055,41.51266860961914
7142,50.83000183105469,50.75823974609375
7143,13.449999809265137,13.53488540649414
7144,31.920000076293945,30.05394744873047
7145,12.25,13.230182647705078
7146,54.0099983215332,56.05759048461914
7147,8.90999984741211,6.799535274505615
7148,12.329999923706055,8.600733757019043
7149,38.959999084472656,35.92547607421875
7150,28.209999084472656,23.743213653564453
7151,9.760000228881836,8.727913856506348
7152,19.600000381469727,22.40255355834961
7153,31.389999389648438,31.60894012451172
7154,20.8700008392334,20.34744644165039
7155,33.900001525878906,35.55107879638672
7156,61.2599983215332,55.57407760620117
7157,32.56999969482422,26.600799560546875
7158,4.800000190734863,4.168319225311279
7159,33.2400016784668,33.8869743347168
7160,14.09000015258789,14.181126594543457
7161,7.070000171661377,4.275013446807861
7162,71.20999908447266,68.75169372558594
7163,48.540000915527344,50.78900146484375
7164,16.8799991607666,19.443016052246094
7165,32.689998626708984,33.77857208251953
7166,33.02000045776367,33.28111267089844
7167,50.959999084472656,47.31683349609375
7168,15.270000457763672,12.140949249267578
7169,55.77000045776367,54.34001159667969
7170,18.489999771118164,18.766687393188477
7171,11.739999771118164,13.497844696044922
7172,32.709999084472656,34.543067932128906
7173,52.61000061035156,53.96094512939453
7174,5.380000114440918,25.94534683227539
7175,1.0800000429153442,22.229228973388672
7176,21.030000686645508,21.522764205932617
7177,18.079999923706055,17.982101440429688
7178,30.260000228881836,30.345537185668945
7179,54.65999984741211,53.16006088256836
7180,38.439998626708984,33.805545806884766
7181,31.239999771118164,26.831209182739258
7182,26.139999389648438,28.138797760009766
7183,22.809999465942383,22.030410766601562
7184,14.930000305175781,17.744352340698242
7185,61.900001525878906,56.522430419921875
7186,58.38999938964844,50.55829620361328
7187,4.829999923706055,6.027047157287598
7188,44.560001373291016,43.30957794189453
7189,28.190000534057617,26.802003860473633
7190,30.520000457763672,28.818601608276367
7191,60.099998474121094,53.47783279418945
7192,34.27000045776367,36.469051361083984
7193,45.290000915527344,39.19182586669922
7194,20.579999923706055,22.70195770263672
7195,26.489999771118164,25.4353084564209
7196,44.029998779296875,39.52032470703125
7197,30.3799991607666,27.386165618896484
7198,17.459999084472656,17.000869750976562
7199,5.159999847412109,6.272266864776611
7200,43.470001220703125,44.18511199951172
7201,28.440000534057617,26.720441818237305
7202,1.690000057220459,3.9905996322631836
7203,35.540000915527344,35.73236083984375
7204,20.920000076293945,21.685762405395508
7205,16.190000534057617,17.410213470458984
7206,14.140000343322754,12.446479797363281
7207,69.16000366210938,62.416587829589844
7208,14.170000076293945,12.984779357910156
7209,27.65999984741211,28.384601593017578
7210,26.84000015258789,24.50556182861328
7211,23.84000015258789,23.937280654907227
7212,2.119999885559082,9.497397422790527
7213,23.18000030517578,20.57022476196289
7214,48.9900016784668,43.27170181274414
7215,35.400001525878906,36.722869873046875
7216,32.220001220703125,37.54127502441406
7217,18.3799991607666,18.281131744384766
7218,24.610000610351562,28.293292999267578
7219,14.630000114440918,12.30056381225586
7220,7.599999904632568,9.008256912231445
7221,43.869998931884766,40.54334259033203
7222,27.09000015258789,29.071380615234375
7223,6.940000057220459,6.730171203613281
7224,51.08000183105469,45.207542419433594
7225,17.420000076293945,17.68193817138672
7226,24.40999984741211,24.725648880004883
7227,3.490000009536743,4.517446517944336
7228,18.110000610351562,16.03011131286621
7229,19.68000030517578,20.24679946899414
7230,1.4800000190734863,7.132081985473633
7231,20.829999923706055,24.237863540649414
7232,45.41999816894531,39.62945556640625
7233,6.260000228881836,6.489589691162109
7234,1.3600000143051147,6.341703414916992
7235,36.63999938964844,36.526920318603516
7236,24.040000915527344,26.518230438232422
7237,22.989999771118164,19.200721740722656
7238,26.469999313354492,28.825796127319336
7239,40.25,39.63043212890625
7240,14.460000038146973,14.083812713623047
7241,2.990000009536743,5.402279376983643
7242,33.75,30.559072494506836
7243,39.5099983215332,35.46687316894531
7244,12.850000381469727,15.47445011138916
7245,42.41999816894531,43.974754333496094
7246,36.75,40.7381706237793
7247,45.40999984741211,44.920570373535156
7248,50.90999984741211,45.253475189208984
7249,27.6299991607666,28.905391693115234
7250,32.77000045776367,35.022708892822266
7251,5.570000171661377,5.783973693847656
7252,28.229999542236328,29.79084014892578
7253,34.2599983215332,33.68027877807617
7254,60.59000015258789,59.87834930419922
7255,11.449999809265137,12.608570098876953
7256,16.209999084472656,15.845947265625
7257,49.040000915527344,45.967281341552734
7258,37.02000045776367,46.09136962890625
7259,48.95000076293945,54.18247985839844
7260,49.84000015258789,48.83189010620117
7261,19.219999313354492,18.395557403564453
7262,19.75,19.04329490661621
7263,22.790000915527344,20.497106552124023
7264,37.040000915527344,35.8360481262207
7265,26.700000762939453,29.975322723388672
7266,25.170000076293945,25.693559646606445
7267,67.7300033569336,66.18858337402344
7268,42.040000915527344,41.665863037109375
7269,8.930000305175781,9.274682998657227
7270,41.959999084472656,41.45720672607422
7271,14.029999732971191,14.662290573120117
7272,31.360000610351562,30.128955841064453
7273,9.729999542236328,7.924602031707764
7274,15.520000457763672,16.13192367553711
7275,10.470000267028809,10.301905632019043
7276,8.119999885559082,8.393834114074707
7277,52.560001373291016,53.98700714111328
7278,42.91999816894531,45.316993713378906
7279,55.029998779296875,45.74034881591797
7280,29.170000076293945,23.853322982788086
7281,18.68000030517578,17.630584716796875
7282,21.40999984741211,21.68852996826172
7283,52.220001220703125,54.207664489746094
7284,16.200000762939453,16.038198471069336
7285,15.510000228881836,15.307246208190918
7286,30.139999389648438,35.60694122314453
7287,24.100000381469727,23.163692474365234
7288,44.380001068115234,43.25934982299805
7289,11.859999656677246,9.66735553741455
7290,28.940000534057617,30.655963897705078
7291,19.59000015258789,19.588180541992188
7292,47.58000183105469,45.443824768066406
7293,30.780000686645508,35.06801986694336
7294,45.709999084472656,49.731544494628906
7295,46.95000076293945,52.77595520019531
7296,67.2300033569336,60.254112243652344
7297,6.71999979019165,6.426564693450928
7298,22.350000381469727,24.261394500732422
7299,23.56999969482422,25.179420471191406
7300,13.880000114440918,10.786022186279297
7301,5.610000133514404,10.554261207580566
7302,47.5,45.58879089355469
7303,49.290000915527344,47.89369583129883
7304,24.719999313354492,24.577430725097656
7305,6.789999961853027,4.709804534912109
7306,12.550000190734863,12.990057945251465
7307,29.920000076293945,29.67556381225586
7308,21.690000534057617,20.156110763549805
7309,10.579999923706055,10.624595642089844
7310,39.45000076293945,45.719852447509766
7311,20.979999542236328,19.941551208496094
7312,15.140000343322754,14.183284759521484
7313,17.190000534057617,17.596942901611328
7314,44.439998626708984,42.13172912597656
7315,47.959999084472656,40.382808685302734
7316,24.829999923706055,25.200090408325195
7317,15.699999809265137,15.341276168823242
7318,31.15999984741211,33.605018615722656
7319,61.45000076293945,49.344581604003906
7320,12.600000381469727,12.661787986755371
7321,21.25,24.807764053344727
7322,26.690000534057617,28.866310119628906
7323,5.809999942779541,10.044858932495117
7324,28.649999618530273,27.16237449645996
7325,18.520000457763672,17.85987663269043
7326,55.86000061035156,55.21746826171875
7327,38.47999954223633,42.8907470703125
7328,31.649999618530273,32.589393615722656
7329,53.130001068115234,56.268760681152344
7330,6.300000190734863,12.404623985290527
7331,33.7400016784668,32.64015197753906
7332,41.40999984741211,43.79651641845703
7333,14.149999618530273,15.718441009521484
7334,15.100000381469727,16.229270935058594
7335,64.58000183105469,53.90508270263672
7336,11.15999984741211,11.195334434509277
7337,25.440000534057617,29.63420295715332
7338,46.849998474121094,47.60988235473633
7339,62.68000030517578,60.089599609375
7340,39.84000015258789,36.81103515625
7341,13.520000457763672,13.516983032226562
7342,13.930000305175781,12.096712112426758
7343,48.0099983215332,48.96049118041992
7344,54.040000915527344,49.99510955810547
7345,43.02000045776367,41.431640625
7346,10.579999923706055,11.203287124633789
7347,41.38999938964844,45.264808654785156
7348,41.720001220703125,41.314537048339844
7349,14.34000015258789,13.524622917175293
7350,38.36000061035156,37.715877532958984
7351,54.810001373291016,50.772953033447266
7352,14.170000076293945,17.445602416992188
7353,27.350000381469727,28.220460891723633
7354,30.559999465942383,29.812088012695312
7355,40.540000915527344,37.69292068481445
7356,37.65999984741211,38.99974060058594
7357,30.049999237060547,31.670974731445312
7358,15.920000076293945,14.498735427856445
7359,16.1299991607666,17.548376083374023
7360,21.59000015258789,20.7426815032959
7361,13.9399995803833,13.883101463317871
7362,74.29000091552734,60.77815246582031
7363,18.969999313354492,18.809406280517578
7364,40.130001068115234,50.54814147949219
7365,19.780000686645508,19.033666610717773
7366,9.5600004196167,11.841455459594727
7367,37.0099983215332,34.60260009765625
7368,47.09000015258789,41.813541412353516
7369,5.429999828338623,9.511384010314941
7370,41.06999969482422,40.871681213378906
7371,17.969999313354492,19.406978607177734
7372,34.349998474121094,40.555519104003906
7373,3.0299999713897705,9.330350875854492
7374,11.65999984741211,9.675520896911621
7375,24.139999389648438,22.300704956054688
7376,12.930000305175781,14.644871711730957
7377,9.619999885559082,11.307958602905273
7378,35.25,31.826812744140625
7379,60.16999816894531,54.368324279785156
7380,31.93000030517578,30.393524169921875
7381,54.52000045776367,55.07020950317383
7382,34.459999084472656,31.9720401763916
7383,11.260000228881836,11.371309280395508
7384,32.040000915527344,36.95134353637695
7385,69.69000244140625,66.30689239501953
7386,12.680000305175781,11.90738582611084
7387,46.68000030517578,59.26826477050781
7388,35.130001068115234,43.082305908203125
7389,27.299999237060547,26.324792861938477
7390,37.29999923706055,34.006839752197266
7391,27.229999542236328,29.009422302246094
7392,18.81999969482422,18.779516220092773
7393,11.449999809265137,12.403634071350098
7394,10.270000457763672,9.115304946899414
7395,33.56999969482422,32.4661750793457
7396,44.349998474121094,47.22425079345703
7397,8.710000038146973,9.49962043762207
7398,28.479999542236328,29.763999938964844
7399,10.829999923706055,8.742155075073242
7400,46.099998474121094,40.770729064941406
7401,10.8100004196167,8.140410423278809
7402,5.349999904632568,6.457633018493652
7403,24.280000686645508,25.722925186157227
7404,20.190000534057617,18.384275436401367
7405,32.939998626708984,35.35865020751953
7406,14.359999656677246,16.37424659729004
7407,56.459999084472656,49.50160598754883
7408,26.690000534057617,31.014562606811523
7409,4.510000228881836,4.421651840209961
7410,13.760000228881836,15.063078880310059
7411,33.970001220703125,25.947004318237305
7412,73.30999755859375,68.70838165283203
7413,9.470000267028809,9.656733512878418
7414,17.09000015258789,13.766200065612793
7415,22.25,24.412704467773438
7416,45.2400016784668,42.87275695800781
7417,27.389999389648438,30.572221755981445
7418,23.579999923706055,21.32746696472168
7419,57.900001525878906,59.03372573852539
7420,21.239999771118164,22.71245002746582
7421,44.36000061035156,47.109832763671875
7422,32.15999984741211,37.03429412841797
7423,14.649999618530273,14.751891136169434
7424,59.9900016784668,57.7979736328125
7425,10.470000267028809,12.503591537475586
7426,49.459999084472656,44.40545654296875
7427,21.700000762939453,19.898319244384766
7428,42.68000030517578,43.16896438598633
7429,18.0,18.277297973632812
7430,30.559999465942383,29.03896713256836
7431,37.029998779296875,32.18418502807617
7432,9.930000305175781,12.769200325012207
7433,15.989999771118164,17.32306480407715
7434,4.480000019073486,6.883575439453125
7435,25.239999771118164,29.574071884155273
7436,23.489999771118164,22.211135864257812
7437,7.96999979019165,8.21513843536377
7438,9.859999656677246,7.588497161865234
7439,21.329999923706055,20.514204025268555
7440,9.90999984741211,10.197733879089355
7441,31.510000228881836,29.84537696838379
7442,43.369998931884766,49.00324630737305
7443,29.100000381469727,25.569984436035156
7444,9.149999618530273,20.197940826416016
7445,49.130001068115234,45.4874153137207
7446,28.329999923706055,35.98953628540039
7447,41.060001373291016,37.493682861328125
7448,16.829999923706055,18.3591251373291
7449,50.97999954223633,51.192169189453125
7450,16.770000457763672,19.610000610351562
7451,3.819999933242798,4.442116737365723
7452,37.790000915527344,39.84645080566406
7453,15.390000343322754,17.125732421875
7454,8.279999732971191,11.479255676269531
7455,1.059999942779541,10.155715942382812
7456,54.029998779296875,57.57204818725586
7457,26.950000762939453,26.458324432373047
7458,47.20000076293945,55.03050231933594
7459,16.299999237060547,14.258383750915527
7460,11.770000457763672,11.630682945251465
7461,24.84000015258789,20.898311614990234
7462,14.170000076293945,15.323577880859375
7463,20.670000076293945,21.810352325439453
7464,11.279999732971191,10.302634239196777
7465,4.980000019073486,4.1878662109375
7466,53.18000030517578,50.936851501464844
7467,32.72999954223633,36.35597229003906
7468,54.849998474121094,55.3540153503418
7469,8.390000343322754,8.955156326293945
7470,38.15999984741211,39.72031784057617
7471,21.940000534057617,19.819435119628906
7472,70.58999633789062,58.090599060058594
7473,21.280000686645508,21.542755126953125
7474,6.599999904632568,5.836397647857666
7475,12.350000381469727,13.89894962310791
7476,16.68000030517578,15.451775550842285
7477,70.83999633789062,57.76966857910156
7478,34.310001373291016,29.228727340698242
7479,44.52000045776367,52.80101776123047
7480,27.270000457763672,29.907245635986328
7481,1.3700000047683716,10.046984672546387
7482,32.849998474121094,32.82484436035156
7483,7.130000114440918,15.773811340332031
7484,30.799999237060547,34.45574951171875
7485,21.219999313354492,21.847896575927734
7486,17.3700008392334,17.86887550354004
7487,25.440000534057617,25.282468795776367
7488,5.380000114440918,6.404428005218506
7489,6.929999828338623,9.036789894104004
7490,29.540000915527344,27.50339126586914
7491,12.0,11.901206970214844
7492,24.450000762939453,27.914112091064453
7493,8.680000305175781,8.330272674560547
7494,21.610000610351562,22.839496612548828
7495,46.849998474121094,47.026546478271484
7496,21.350000381469727,24.523813247680664
7497,23.8700008392334,21.501218795776367
7498,31.84000015258789,37.074527740478516
7499,36.790000915527344,35.74183654785156
7500,14.229999542236328,11.470534324645996
7501,16.59000015258789,16.039627075195312
7502,40.29999923706055,36.64871597290039
7503,18.420000076293945,20.609920501708984
7504,67.88999938964844,65.35356140136719
7505,11.470000267028809,14.954792022705078
7506,14.510000228881836,12.97220230102539
7507,30.56999969482422,30.715970993041992
7508,46.880001068115234,41.50714874267578
7509,37.959999084472656,38.840423583984375
7510,2.3499999046325684,1.4286468029022217
7511,50.150001525878906,50.05773162841797
7512,52.75,50.48640441894531
7513,58.9900016784668,55.26856994628906
7514,21.75,23.07422637939453
7515,28.059999465942383,28.305709838867188
7516,17.1299991607666,17.389873504638672
7517,33.63999938964844,31.94777488708496
7518,38.439998626708984,33.28959655761719
7519,25.90999984741211,24.212114334106445
7520,79.75,63.72319030761719
7521,5.03000020980835,7.221255779266357
7522,15.819999694824219,13.96240520477295
7523,13.329999923706055,11.22028923034668
7524,35.2400016784668,37.08110427856445
7525,9.729999542236328,6.8419365882873535
7526,28.56999969482422,28.55360984802246
7527,29.770000457763672,27.64438247680664
7528,38.9900016784668,37.14810562133789
7529,56.689998626708984,53.670074462890625
7530,15.0,14.91444206237793
7531,12.279999732971191,11.202619552612305
7532,43.58000183105469,42.38349151611328
7533,51.4900016784668,52.17017364501953
7534,10.039999961853027,12.836145401000977
7535,15.890000343322754,15.762097358703613
7536,29.280000686645508,29.402271270751953
7537,24.06999969482422,25.655010223388672
7538,34.20000076293945,31.83668327331543
7539,23.31999969482422,23.240671157836914
7540,24.75,30.26248550415039
7541,31.549999237060547,28.06528663635254
7542,44.560001373291016,47.06856155395508
7543,5.179999828338623,2.772207260131836
7544,36.189998626708984,30.9615478515625
7545,30.3799991607666,27.73876190185547
7546,54.86000061035156,43.07329559326172
7547,19.579999923706055,20.80150604248047
7548,31.579999923706055,26.399967193603516
7549,12.010000228881836,13.388757705688477
7550,15.079999923706055,9.086355209350586
7551,27.639999389648438,27.96074676513672
7552,46.119998931884766,44.72688674926758
7553,27.610000610351562,27.706356048583984
7554,24.450000762939453,30.34386444091797
7555,18.149999618530273,17.507694244384766
7556,10.989999771118164,12.282829284667969
7557,29.420000076293945,28.22769546508789
7558,43.90999984741211,43.84718322753906
7559,6.639999866485596,6.6234450340271
7560,25.559999465942383,26.654783248901367
7561,29.850000381469727,24.615427017211914
7562,35.279998779296875,31.43709945678711
7563,49.630001068115234,56.52266311645508
7564,71.94000244140625,63.940155029296875
7565,14.649999618530273,16.66659164428711
7566,19.989999771118164,19.137449264526367
7567,53.40999984741211,49.067142486572266
7568,8.050000190734863,6.008542060852051
7569,9.270000457763672,10.211346626281738
7570,10.699999809265137,10.810991287231445
7571,52.970001220703125,52.96599197387695
7572,65.83000183105469,64.7223129272461
7573,48.91999816894531,41.20914840698242
7574,51.86000061035156,48.16781234741211
7575,24.3799991607666,26.561281204223633
7576,8.640000343322754,18.28902244567871
7577,46.72999954223633,46.53946304321289
7578,13.640000343322754,14.661417961120605
7579,9.220000267028809,9.021465301513672
7580,24.530000686645508,21.32650375366211
7581,21.190000534057617,23.048072814941406
7582,33.119998931884766,33.94103240966797
7583,26.270000457763672,30.32777976989746
7584,5.150000095367432,5.951783180236816
7585,42.22999954223633,50.96670150756836
7586,46.720001220703125,43.91435623168945
7587,12.460000038146973,13.138863563537598
7588,19.56999969482422,19.95022964477539
7589,61.11000061035156,60.81748962402344
7590,10.010000228881836,9.578202247619629
7591,28.940000534057617,32.89573669433594
7592,24.8799991607666,25.64271354675293
7593,49.189998626708984,43.5554313659668
7594,15.0600004196167,12.162527084350586
7595,54.63999938964844,50.173824310302734
7596,53.93000030517578,55.99763488769531
7597,27.899999618530273,28.06509017944336
7598,49.2400016784668,49.29451370239258
7599,18.719999313354492,19.52815818786621
7600,6.409999847412109,7.53091287612915
7601,15.5600004196167,15.750140190124512
7602,24.59000015258789,23.678274154663086
7603,29.040000915527344,29.283599853515625
7604,35.7599983215332,36.14738082885742
7605,27.709999084472656,25.388395309448242
7606,26.549999237060547,27.812925338745117
7607,19.530000686645508,22.045557022094727
7608,16.8799991607666,17.685583114624023
7609,29.280000686645508,25.492904663085938
7610,17.25,23.026517868041992
7611,21.959999084472656,21.983043670654297
7612,13.470000267028809,10.741710662841797
7613,37.970001220703125,33.21095275878906
7614,24.329999923706055,21.588714599609375
7615,5.059999942779541,7.345959186553955
7616,3.9200000762939453,2.7571821212768555
7617,31.959999084472656,33.86347961425781
7618,24.170000076293945,23.24944305419922
7619,51.75,51.05068588256836
7620,33.689998626708984,34.05514907836914
7621,68.2699966430664,68.04351806640625
7622,32.400001525878906,29.356237411499023
7623,16.670000076293945,19.867265701293945
7624,27.3799991607666,28.914325714111328
7625,52.2400016784668,49.17768859863281
7626,26.719999313354492,27.087322235107422
7627,34.91999816894531,37.15095138549805
7628,23.75,24.753305435180664
7629,19.459999084472656,19.774341583251953
7630,8.380000114440918,8.789015769958496
7631,51.099998474121094,49.91860580444336
7632,44.810001373291016,46.762939453125
7633,41.7400016784668,43.44087600708008
7634,28.860000610351562,28.647844314575195
7635,6.210000038146973,5.841466903686523
7636,64.08000183105469,56.161277770996094
7637,39.540000915527344,37.4942626953125
7638,52.66999816894531,53.542545318603516
7639,19.920000076293945,20.41098403930664
7640,45.81999969482422,42.38105392456055
7641,78.20999908447266,62.37652587890625
7642,21.940000534057617,19.235816955566406
7643,27.649999618530273,25.530807495117188
7644,53.65999984741211,53.34303283691406
7645,7.079999923706055,6.57769250869751
7646,34.630001068115234,35.31999969482422
7647,19.799999237060547,20.635047912597656
7648,50.41999816894531,43.49028015136719
7649,55.959999084472656,44.62171173095703
7650,20.030000686645508,21.306791305541992
7651,13.84000015258789,13.143115043640137
7652,11.59000015258789,12.0270357131958
7653,15.550000190734863,14.880438804626465
7654,27.389999389648438,34.51862335205078
7655,72.11000061035156,61.14006042480469
7656,8.770000457763672,8.664819717407227
7657,52.79999923706055,48.344329833984375
7658,9.680000305175781,11.681314468383789
7659,37.220001220703125,36.778594970703125
7660,9.75,10.267690658569336
7661,5.579999923706055,4.296761989593506
7662,10.239999771118164,12.118361473083496
7663,42.380001068115234,39.57149124145508
7664,15.210000038146973,14.513691902160645
7665,12.930000305175781,12.512336730957031
7666,38.31999969482422,32.09419250488281
7667,10.960000038146973,8.596671104431152
7668,33.40999984741211,31.548006057739258
7669,33.2599983215332,30.783905029296875
7670,37.220001220703125,43.362083435058594
7671,22.309999465942383,22.93254852294922
7672,12.649999618530273,11.365386962890625
7673,27.18000030517578,29.49036979675293
7674,43.11000061035156,46.1925048828125
7675,31.139999389648438,30.643630981445312
7676,20.139999389648438,21.11063575744629
7677,24.479999542236328,25.648866653442383
7678,25.209999084472656,25.141664505004883
7679,55.470001220703125,48.45808792114258
7680,23.399999618530273,20.737180709838867
7681,25.1299991607666,23.809337615966797
7682,46.939998626708984,46.64390182495117
7683,38.88999938964844,38.82141876220703
7684,55.869998931884766,54.68532943725586
7685,57.91999816894531,57.22837829589844
7686,16.90999984741211,17.07564353942871
7687,41.900001525878906,51.59672546386719
7688,25.209999084472656,27.656265258789062
7689,24.389999389648438,22.595592498779297
7690,62.20000076293945,60.96253967285156
7691,19.270000457763672,19.283939361572266
7692,34.470001220703125,30.677946090698242
7693,18.06999969482422,17.651935577392578
7694,34.41999816894531,29.938472747802734
7695,8.5600004196167,8.55819320678711
7696,10.550000190734863,9.561771392822266
7697,13.670000076293945,14.725861549377441
7698,10.9399995803833,15.47192668914795
7699,2.549999952316284,5.838916778564453
7700,8.739999771118164,6.542877197265625
7701,53.689998626708984,41.5355339050293
7702,30.270000457763672,34.74496078491211
7703,24.84000015258789,25.992450714111328
7704,53.900001525878906,49.95771789550781
7705,10.430000305175781,6.835896015167236
7706,30.450000762939453,30.372791290283203
7707,5.110000133514404,9.058013916015625
7708,35.810001373291016,41.84007263183594
7709,31.610000610351562,34.8891487121582
7710,23.0,25.68137550354004
7711,45.72999954223633,43.008636474609375
7712,17.100000381469727,20.722816467285156
7713,24.15999984741211,25.133224487304688
7714,41.84000015258789,38.48652648925781
7715,29.110000610351562,31.334335327148438
7716,15.869999885559082,15.071842193603516
7717,70.43000030517578,62.633602142333984
7718,18.850000381469727,23.411508560180664
7719,17.940000534057617,19.38761329650879
7720,3.3499999046325684,3.0757765769958496
7721,45.189998626708984,47.898033142089844
7722,10.550000190734863,17.588619232177734
7723,8.420000076293945,6.681483745574951
7724,51.380001068115234,48.911651611328125
7725,30.8799991607666,29.034263610839844
7726,36.27000045776367,37.44912338256836
7727,19.700000762939453,18.90777587890625
7728,8.569999694824219,8.684103965759277
7729,22.459999084472656,20.886165618896484
7730,23.549999237060547,21.734600067138672
7731,8.119999885559082,7.356466770172119
7732,39.40999984741211,33.21108627319336
7733,21.1299991607666,21.426918029785156
7734,48.279998779296875,48.68623733520508
7735,40.58000183105469,37.23275375366211
7736,14.5600004196167,14.415404319763184
7737,8.289999961853027,3.1214852333068848
7738,7.139999866485596,9.037235260009766
7739,41.939998626708984,38.159671783447266
7740,7.510000228881836,6.955142021179199
7741,70.3499984741211,64.6673812866211
7742,68.5199966430664,65.08341979980469
7743,37.130001068115234,30.559234619140625
7744,26.190000534057617,49.64746856689453
7745,2.8299999237060547,1.7512640953063965
7746,54.0,62.17318344116211
7747,39.279998779296875,36.01486587524414
7748,24.469999313354492,23.701128005981445
7749,3.3399999141693115,3.6420624256134033
7750,34.630001068115234,36.58056640625
7751,16.520000457763672,18.50499153137207
7752,68.20999908447266,70.30494689941406
7753,52.02000045776367,55.20343017578125
7754,63.279998779296875,64.91728973388672
7755,23.700000762939453,20.710224151611328
7756,36.02000045776367,38.345947265625
7757,9.960000038146973,10.006049156188965
7758,27.84000015258789,29.1505069732666
7759,23.760000228881836,21.36397933959961
7760,10.279999732971191,12.978414535522461
7761,29.200000762939453,35.99678039550781
7762,50.61000061035156,48.91932678222656
7763,6.369999885559082,3.851008176803589
7764,24.93000030517578,27.893421173095703
7765,34.88999938964844,38.940040588378906
7766,30.1299991607666,28.171894073486328
7767,7.340000152587891,6.465725898742676
7768,25.950000762939453,24.337459564208984
7769,37.75,39.15443801879883
7770,14.170000076293945,14.349513053894043
7771,41.849998474121094,40.792823791503906
7772,23.020000457763672,20.777816772460938
7773,14.300000190734863,16.504657745361328
7774,16.950000762939453,16.303953170776367
7775,53.06999969482422,48.602806091308594
7776,37.06999969482422,35.4006233215332
7777,17.09000015258789,13.337522506713867
7778,28.559999465942383,27.3895206451416
7779,30.75,31.252891540527344
7780,8.399999618530273,8.657804489135742
7781,7.639999866485596,6.362712860107422
7782,22.899999618530273,21.504810333251953
7783,5.75,5.590193748474121
7784,14.029999732971191,14.722533226013184
7785,30.979999542236328,31.112823486328125
7786,50.13999938964844,50.01484680175781
7787,64.66000366210938,61.383872985839844
7788,27.639999389648438,25.2344970703125
7789,9.600000381469727,7.9358110427856445
7790,21.579999923706055,23.98477554321289
7791,10.399999618530273,8.018660545349121
7792,14.050000190734863,14.075749397277832
7793,19.030000686645508,17.648250579833984
7794,15.989999771118164,17.017227172851562
7795,47.38999938964844,49.27834701538086
7796,12.3100004196167,14.201799392700195
7797,23.809999465942383,24.062664031982422
7798,50.459999084472656,51.476436614990234
7799,12.279999732971191,15.846681594848633
7800,4.139999866485596,2.0723559856414795
7801,13.279999732971191,11.65048885345459
7802,29.309999465942383,29.599979400634766
7803,20.079999923706055,21.870391845703125
7804,37.93000030517578,32.41094207763672
7805,50.220001220703125,54.48832702636719
7806,18.489999771118164,18.56048011779785
7807,27.489999771118164,25.809019088745117
7808,21.43000030517578,17.108154296875
7809,21.110000610351562,23.56627655029297
7810,40.40999984741211,42.975582122802734
7811,48.7400016784668,48.46739196777344
7812,30.3700008392334,29.18819808959961
7813,21.0,19.867801666259766
7814,36.02000045776367,35.55200958251953
7815,35.84000015258789,37.10194396972656
7816,14.010000228881836,13.8262939453125
7817,21.56999969482422,22.379003524780273
7818,14.0,16.29840850830078
7819,32.119998931884766,28.653228759765625
7820,56.459999084472656,59.07232666015625
7821,30.190000534057617,28.447988510131836
7822,52.56999969482422,51.55826950073242
7823,49.029998779296875,48.72956848144531
7824,9.890000343322754,11.778897285461426
7825,30.719999313354492,30.035608291625977
7826,58.869998931884766,61.29254150390625
7827,10.460000038146973,8.749120712280273
7828,28.780000686645508,26.76055908203125
7829,73.45999908447266,67.70805358886719
7830,28.829999923706055,28.233156204223633
7831,15.930000305175781,17.059410095214844
7832,48.040000915527344,43.800567626953125
7833,23.510000228881836,23.45330047607422
7834,22.31999969482422,21.687665939331055
7835,25.670000076293945,28.547664642333984
7836,4.519999980926514,6.678664207458496
7837,24.149999618530273,23.060184478759766
7838,57.54999923706055,55.29447555541992
7839,23.09000015258789,22.336156845092773
7840,39.11000061035156,38.79182434082031
7841,22.489999771118164,24.58991813659668
7842,32.11000061035156,36.995487213134766
7843,33.720001220703125,34.9135627746582
7844,6.239999771118164,4.236231327056885
7845,24.860000610351562,24.708864212036133
7846,76.69999694824219,69.98543548583984
7847,37.130001068115234,38.16056823730469
7848,23.790000915527344,25.610279083251953
7849,29.389999389648438,28.78973388671875
7850,27.649999618530273,26.931293487548828
7851,17.190000534057617,16.310251235961914
7852,5.03000020980835,6.945909023284912
7853,16.899999618530273,16.039461135864258
7854,76.69999694824219,72.09095001220703
7855,15.6899995803833,13.478944778442383
7856,71.5,61.67072677612305
7857,24.520000457763672,22.997102737426758
7858,28.40999984741211,20.986412048339844
7859,46.790000915527344,51.3499755859375
7860,52.04999923706055,48.615257263183594
7861,45.630001068115234,45.459564208984375
7862,30.219999313354492,31.151552200317383
7863,17.56999969482422,15.526796340942383
7864,40.97999954223633,39.95420837402344
7865,32.77000045776367,37.67972183227539
7866,7.550000190734863,6.272623538970947
7867,29.760000228881836,31.96035385131836
7868,72.13999938964844,66.88862609863281
7869,12.899999618530273,9.801555633544922
7870,2.7200000286102295,4.888472080230713
7871,27.600000381469727,30.34235382080078
7872,5.789999961853027,9.43384075164795
7873,70.25,69.1651840209961
7874,39.83000183105469,36.9930419921875
7875,12.5,11.268327713012695
7876,23.760000228881836,23.522811889648438
7877,31.600000381469727,38.213531494140625
7878,33.290000915527344,34.906105041503906
7879,26.700000762939453,27.17738914489746
7880,30.5,35.118743896484375
7881,10.59000015258789,10.096034049987793
7882,35.040000915527344,29.979976654052734
7883,32.810001373291016,35.63871383666992
7884,63.029998779296875,56.46973419189453
7885,50.29999923706055,45.266441345214844
7886,49.02000045776367,44.87549591064453
7887,10.520000457763672,9.41499137878418
7888,8.75,7.72879695892334
7889,19.1200008392334,17.843717575073242
7890,29.770000457763672,28.67665672302246
7891,20.6299991607666,18.87055206298828
7892,43.540000915527344,38.062191009521484
7893,15.239999771118164,14.407638549804688
7894,14.649999618530273,18.87038803100586
7895,46.93000030517578,40.63604736328125
7896,48.08000183105469,42.786224365234375
7897,24.469999313354492,24.87387466430664
7898,15.989999771118164,17.851224899291992
7899,1.840000033378601,3.852179527282715
7900,13.779999732971191,12.080733299255371
7901,71.75,59.14707946777344
7902,19.280000686645508,17.729244232177734
7903,42.56999969482422,43.365966796875
7904,45.150001525878906,41.49188995361328
7905,51.130001068115234,50.01301193237305
7906,57.959999084472656,58.4999885559082
7907,31.219999313354492,28.305274963378906
7908,47.16999816894531,47.33296203613281
7909,10.149999618530273,10.091887474060059
7910,53.16999816894531,49.41493225097656
7911,20.81999969482422,20.794193267822266
7912,25.75,27.595083236694336
7913,5.53000020980835,3.688815116882324
7914,51.93000030517578,47.81499099731445
7915,43.650001525878906,38.817569732666016
7916,22.579999923706055,30.635658264160156
7917,13.239999771118164,14.975761413574219
7918,35.970001220703125,33.92021560668945
7919,40.61000061035156,44.633445739746094
7920,4.21999979019165,5.764992713928223
7921,56.22999954223633,55.86022186279297
7922,12.460000038146973,11.755426406860352
7923,22.290000915527344,22.78944206237793
7924,35.45000076293945,37.3170280456543
7925,37.43000030517578,38.32862854003906
7926,13.359999656677246,15.896018981933594
7927,27.5,26.388023376464844
7928,8.880000114440918,8.59095573425293
7929,22.209999084472656,23.330821990966797
7930,11.979999542236328,9.526639938354492
7931,20.459999084472656,18.52077865600586
7932,23.559999465942383,29.81529998779297
7933,46.34000015258789,48.18162536621094
7934,16.059999465942383,13.845934867858887
7935,53.630001068115234,52.285247802734375
7936,14.119999885559082,10.813202857971191
7937,7.550000190734863,7.090590476989746
7938,34.47999954223633,42.448490142822266
7939,31.600000381469727,27.88153648376465
7940,31.09000015258789,30.323755264282227
7941,6.599999904632568,7.029984474182129
7942,69.9000015258789,60.410587310791016
7943,21.770000457763672,22.967113494873047
7944,34.29999923706055,34.87532043457031
7945,37.65999984741211,34.42112350463867
7946,17.549999237060547,16.368331909179688
7947,30.56999969482422,28.164871215820312
7948,9.119999885559082,9.977624893188477
7949,26.59000015258789,27.701852798461914
7950,22.299999237060547,25.976425170898438
7951,29.1200008392334,29.611896514892578
7952,2.140000104904175,5.826113700866699
7953,32.5,29.109739303588867
7954,31.709999084472656,29.840824127197266
7955,31.200000762939453,27.252342224121094
7956,8.289999961853027,8.265203475952148
7957,25.559999465942383,25.970035552978516
7958,24.1200008392334,27.193387985229492
7959,17.770000457763672,14.254653930664062
7960,11.760000228881836,13.225149154663086
7961,30.860000610351562,29.577667236328125
7962,29.8799991607666,24.190452575683594
7963,28.350000381469727,28.711523056030273
7964,10.5600004196167,12.618575096130371
7965,20.229999542236328,19.33020782470703
7966,40.77000045776367,39.82277297973633
7967,36.45000076293945,37.7972412109375
7968,8.619999885559082,7.364948749542236
7969,36.52000045776367,38.25619888305664
7970,23.280000686645508,23.746986389160156
7971,4.699999809265137,4.438957214355469
7972,13.09000015258789,15.19522476196289
7973,47.08000183105469,44.472869873046875
7974,49.68000030517578,49.4064826965332
7975,42.84000015258789,47.830406188964844
7976,28.709999084472656,27.577796936035156
7977,42.099998474121094,43.96930694580078
7978,19.969999313354492,18.85108757019043
7979,43.31999969482422,45.48619842529297
7980,41.869998931884766,40.00778579711914
7981,50.7599983215332,45.71388626098633
7982,10.470000267028809,12.149382591247559
7983,23.31999969482422,28.3779296875
7984,27.510000228881836,28.77179527282715
7985,27.780000686645508,30.458559036254883
7986,9.630000114440918,8.395611763000488
7987,16.8799991607666,16.236433029174805
7988,23.979999542236328,26.170907974243164
7989,14.350000381469727,14.111443519592285
7990,37.310001373291016,36.19791793823242
7991,2.0299999713897705,2.7418437004089355
7992,11.1899995803833,8.566211700439453
7993,28.899999618530273,25.25621795654297
7994,36.83000183105469,38.28614044189453
7995,16.90999984741211,23.396053314208984
7996,13.289999961853027,14.561738014221191
7997,15.9399995803833,15.533599853515625
7998,59.2400016784668,50.11091232299805
7999,12.239999771118164,15.189002990722656
8000,21.350000381469727,22.881010055541992
8001,25.75,25.117570877075195
8002,49.06999969482422,51.977176666259766
8003,12.09000015258789,11.591432571411133
8004,6.980000019073486,5.502439022064209
8005,26.829999923706055,26.963563919067383
8006,24.90999984741211,20.01471519470215
8007,2.990000009536743,0.09178426116704941
8008,23.469999313354492,24.68968391418457
8009,10.90999984741211,12.518402099609375
8010,5.869999885559082,13.319703102111816
8011,20.25,19.04481315612793
8012,30.09000015258789,25.86827278137207
8013,68.9800033569336,68.3574447631836
8014,27.8700008392334,25.97521209716797
8015,40.970001220703125,44.09907531738281
8016,55.7400016784668,49.94395065307617
8017,40.52000045776367,32.75981521606445
8018,2.740000009536743,5.46813440322876
8019,42.58000183105469,46.826988220214844
8020,37.70000076293945,39.26350402832031
8021,35.060001373291016,38.275421142578125
8022,26.260000228881836,25.41918182373047
8023,34.27000045776367,31.62194061279297
8024,69.33999633789062,69.81797790527344
8025,8.520000457763672,7.826215744018555
8026,39.65999984741211,38.94221878051758
8027,53.13999938964844,54.14496994018555
8028,53.040000915527344,43.17519760131836
8029,40.650001525878906,36.954307556152344
8030,36.0,38.44010925292969
8031,49.560001373291016,50.2901611328125
8032,14.40999984741211,14.593944549560547
8033,44.61000061035156,43.90666198730469
8034,28.84000015258789,30.407466888427734
8035,45.880001068115234,46.87952423095703
8036,15.960000038146973,16.2990779876709
8037,59.209999084472656,63.91133499145508
8038,16.809999465942383,18.55613136291504
8039,18.549999237060547,18.8682918548584
8040,23.059999465942383,26.205421447753906
8041,19.860000610351562,23.145078659057617
8042,20.110000610351562,22.08706283569336
8043,15.8100004196167,16.34783363342285
8044,19.200000762939453,17.7990779876709
8045,10.970000267028809,12.0686616897583
8046,17.559999465942383,18.65823745727539
8047,25.8700008392334,23.540451049804688
8048,48.5,53.99300765991211
8049,32.880001068115234,32.36239242553711
8050,12.0,12.373862266540527
8051,12.739999771118164,13.105634689331055
8052,21.399999618530273,18.78969955444336
8053,14.9399995803833,13.407194137573242
8054,8.930000305175781,6.290676116943359
8055,8.920000076293945,9.303197860717773
8056,8.430000305175781,8.534035682678223
8057,42.810001373291016,44.50049591064453
8058,28.950000762939453,31.71893310546875
8059,20.90999984741211,17.90070915222168
8060,24.68000030517578,24.273584365844727
8061,25.850000381469727,31.619626998901367
8062,52.13999938964844,49.04192352294922
8063,7.139999866485596,7.020809650421143
8064,40.54999923706055,41.43154525756836
8065,14.130000114440918,11.445677757263184
8066,13.279999732971191,16.915939331054688
8067,39.310001373291016,43.218597412109375
8068,12.329999923706055,10.749849319458008
8069,11.40999984741211,12.536796569824219
8070,33.15999984741211,33.648040771484375
8071,10.460000038146973,10.823452949523926
8072,22.100000381469727,26.522005081176758
8073,51.54999923706055,53.74479675292969
8074,33.40999984741211,36.73645782470703
8075,43.900001525878906,38.2579460144043
8076,9.010000228881836,10.70140552520752
8077,39.61000061035156,37.248565673828125
8078,41.720001220703125,37.959999084472656
8079,7.559999942779541,7.052615165710449
8080,3.690000057220459,15.681196212768555
8081,14.670000076293945,14.677630424499512
8082,10.829999923706055,12.22199535369873
8083,10.529999732971191,9.180627822875977
8084,6.679999828338623,10.097204208374023
8085,13.569999694824219,12.198516845703125
8086,39.540000915527344,40.78392028808594
8087,7.820000171661377,8.654473304748535
8088,33.47999954223633,32.91637420654297
8089,8.729999542236328,7.306878566741943
8090,16.190000534057617,16.29557991027832
8091,22.610000610351562,22.841020584106445
8092,22.170000076293945,23.97589111328125
8093,58.869998931884766,55.4837532043457
8094,17.200000762939453,18.514514923095703
8095,22.040000915527344,21.880168914794922
8096,32.45000076293945,34.46372604370117
8097,16.719999313354492,15.256986618041992
8098,20.219999313354492,17.744564056396484
8099,72.80999755859375,66.86278533935547
8100,14.930000305175781,12.870339393615723
8101,39.290000915527344,39.609981536865234
8102,19.68000030517578,20.271272659301758
8103,21.8700008392334,26.333452224731445
8104,46.59000015258789,43.931297302246094
8105,43.790000915527344,43.94621276855469
8106,12.130000114440918,12.55014705657959
8107,23.5,24.13512420654297
8108,31.81999969482422,33.597557067871094
8109,30.09000015258789,32.96377182006836
8110,10.1899995803833,11.887391090393066
8111,21.09000015258789,20.44312858581543
8112,16.90999984741211,17.747699737548828
8113,19.75,18.943206787109375
8114,10.100000381469727,10.757137298583984
8115,19.15999984741211,18.525325775146484
8116,21.15999984741211,18.658710479736328
8117,19.579999923706055,19.171737670898438
8118,13.0600004196167,12.245530128479004
8119,4.420000076293945,14.62646484375
8120,14.260000228881836,15.340576171875
8121,41.72999954223633,36.586734771728516
8122,41.189998626708984,39.58250427246094
8123,13.59000015258789,15.685449600219727
8124,8.930000305175781,8.756752967834473
8125,43.029998779296875,39.57781982421875
8126,43.88999938964844,43.28984069824219
8127,17.860000610351562,18.336206436157227
8128,7.389999866485596,9.061022758483887
8129,11.539999961853027,10.921992301940918
8130,20.239999771118164,18.71360969543457
8131,30.799999237060547,29.63338851928711
8132,25.93000030517578,27.115123748779297
8133,22.34000015258789,25.63816261291504
8134,12.989999771118164,14.260247230529785
8135,5.369999885559082,5.402246475219727
8136,58.470001220703125,60.984291076660156
8137,5.389999866485596,3.7917606830596924
8138,29.059999465942383,28.82503890991211
8139,26.81999969482422,25.812274932861328
8140,28.65999984741211,30.05878257751465
8141,46.439998626708984,45.77864074707031
8142,6.210000038146973,9.301358222961426
8143,22.739999771118164,22.258689880371094
8144,21.360000610351562,18.242366790771484
8145,69.18000030517578,57.48519515991211
8146,3.2300000190734863,7.952215194702148
8147,27.389999389648438,26.782413482666016
8148,20.260000228881836,18.661651611328125
8149,12.9399995803833,13.503247261047363
8150,10.739999771118164,8.601420402526855
8151,27.219999313354492,24.816631317138672
8152,17.34000015258789,15.355554580688477
8153,11.470000267028809,13.588602066040039
8154,33.720001220703125,30.68215560913086
8155,20.1299991607666,20.720691680908203
8156,12.569999694824219,14.416221618652344
8157,50.099998474121094,45.75044250488281
8158,3.559999942779541,3.588804244995117
8159,25.579999923706055,27.610267639160156
8160,34.209999084472656,34.406280517578125
8161,3.7100000381469727,1.9384307861328125
8162,34.47999954223633,36.17906188964844
8163,24.520000457763672,23.042755126953125
8164,13.029999732971191,13.356971740722656
8165,38.209999084472656,37.842010498046875
8166,11.829999923706055,8.915369033813477
8167,14.039999961853027,14.610583305358887
8168,32.40999984741211,30.28272819519043
8169,23.489999771118164,21.59333610534668
8170,33.86000061035156,39.48454284667969
8171,52.459999084472656,54.460365295410156
8172,11.630000114440918,10.703246116638184
8173,42.77000045776367,36.92938995361328
8174,33.41999816894531,31.011449813842773
8175,24.309999465942383,40.49262619018555
8176,32.349998474121094,32.32623291015625
8177,42.029998779296875,42.19633865356445
8178,23.93000030517578,22.755409240722656
8179,12.779999732971191,13.02617359161377
8180,38.41999816894531,33.81781005859375
8181,8.119999885559082,6.185690879821777
8182,11.369999885559082,13.046836853027344
8183,17.239999771118164,17.447635650634766
8184,6.190000057220459,6.396706581115723
8185,22.600000381469727,18.54339027404785
8186,2.450000047683716,3.8694193363189697
8187,13.390000343322754,15.131409645080566
8188,34.439998626708984,34.445865631103516
8189,7.739999771118164,3.7188353538513184
8190,23.399999618530273,25.810171127319336
8191,68.83999633789062,51.36003875732422
8192,27.6299991607666,30.568653106689453
8193,38.75,40.58740234375
8194,36.88999938964844,39.108680725097656
8195,24.329999923706055,24.104814529418945
8196,27.59000015258789,28.155292510986328
8197,19.6200008392334,22.552255630493164
8198,13.420000076293945,12.490633010864258
8199,15.270000457763672,13.635048866271973
8200,49.130001068115234,44.394676208496094
8201,34.150001525878906,36.43092727661133
8202,35.77000045776367,36.17262268066406
8203,18.309999465942383,22.381423950195312
8204,36.5,32.937557220458984
8205,8.300000190734863,8.952518463134766
8206,18.639999389648438,17.42081069946289
8207,45.619998931884766,45.331748962402344
8208,24.229999542236328,21.748802185058594
8209,5.639999866485596,8.577746391296387
8210,63.97999954223633,57.51340103149414
8211,34.209999084472656,34.49156188964844
8212,19.610000610351562,21.917163848876953
8213,41.59000015258789,44.065086364746094
8214,37.97999954223633,38.23224639892578
8215,10.649999618530273,5.495546340942383
8216,23.860000610351562,24.835697174072266
8217,44.52000045776367,38.939151763916016
8218,32.130001068115234,29.417011260986328
8219,7.019999980926514,6.967097759246826
8220,28.059999465942383,26.200061798095703
8221,47.09000015258789,50.06438064575195
8222,29.670000076293945,28.504735946655273
8223,62.150001525878906,62.000335693359375
8224,12.579999923706055,12.595548629760742
8225,17.6299991607666,15.8015775680542
8226,3.8299999237060547,16.57208251953125
8227,35.25,37.14230728149414
8228,27.020000457763672,30.714975357055664
8229,28.450000762939453,28.823902130126953
8230,8.960000038146973,7.5457940101623535
8231,25.940000534057617,26.29379653930664
8232,36.34000015258789,32.123023986816406
8233,17.81999969482422,19.62814712524414
8234,21.149999618530273,22.7484130859375
8235,57.02000045776367,43.97405242919922
8236,36.27000045776367,34.37448501586914
8237,58.93000030517578,58.6499137878418
8238,6.880000114440918,6.61991548538208
8239,63.36000061035156,60.127227783203125
8240,10.930000305175781,19.038686752319336
8241,15.199999809265137,10.526355743408203
8242,34.43000030517578,31.65906524658203
8243,34.08000183105469,33.691856384277344
8244,44.689998626708984,39.315696716308594
8245,32.5099983215332,31.117511749267578
8246,35.459999084472656,33.23128128051758
8247,42.97999954223633,41.70780944824219
8248,27.43000030517578,26.218875885009766
8249,26.780000686645508,27.000904083251953
8250,21.540000915527344,16.977266311645508
8251,77.76000213623047,73.83674621582031
8252,34.630001068115234,34.169471740722656
8253,10.869999885559082,13.933993339538574
8254,8.569999694824219,8.610523223876953
8255,18.75,17.022235870361328
8256,36.189998626708984,39.26222610473633
8257,14.279999732971191,14.186739921569824
8258,22.860000610351562,22.29580307006836
8259,23.219999313354492,25.671138763427734
8260,61.689998626708984,65.02104949951172
8261,39.439998626708984,44.027671813964844
8262,7.809999942779541,6.4272379875183105
8263,40.77000045776367,36.92624282836914
8264,17.760000228881836,21.799278259277344
8265,31.670000076293945,28.811328887939453
8266,21.360000610351562,20.479961395263672
8267,36.68000030517578,41.47935485839844
8268,16.1299991607666,21.335880279541016
8269,27.950000762939453,29.44076156616211
8270,33.650001525878906,35.62394332885742
8271,47.25,42.659019470214844
8272,16.860000610351562,16.13258171081543
8273,58.779998779296875,58.18028259277344
8274,6.349999904632568,6.925317764282227
8275,25.489999771118164,25.09733772277832
8276,36.09000015258789,32.62688064575195
8277,18.610000610351562,16.760896682739258
8278,9.789999961853027,8.401611328125
8279,25.75,29.077131271362305
8280,52.68000030517578,50.37858581542969
8281,31.780000686645508,25.47565460205078
8282,25.950000762939453,26.305631637573242
8283,33.70000076293945,36.25250244140625
8284,14.649999618530273,12.23660659790039
8285,56.20000076293945,51.10814666748047
8286,24.360000610351562,23.501798629760742
8287,29.440000534057617,32.17388153076172
8288,35.16999816894531,33.16387176513672
8289,39.7599983215332,40.82521057128906
8290,24.020000457763672,23.62286949157715
8291,12.770000457763672,12.807146072387695
8292,35.52000045776367,35.548255920410156
8293,18.030000686645508,18.2526798248291
8294,16.030000686645508,17.553871154785156
8295,31.670000076293945,27.206138610839844
8296,42.18000030517578,39.9783935546875
8297,37.45000076293945,35.749752044677734
8298,22.229999542236328,24.430551528930664
8299,39.16999816894531,34.9550895690918
8300,27.8700008392334,28.633350372314453
8301,17.920000076293945,21.39912986755371
8302,14.100000381469727,13.801800727844238
8303,29.93000030517578,33.388511657714844
8304,5.650000095367432,5.106973648071289
8305,20.8799991607666,24.189598083496094
8306,46.810001373291016,51.66634750366211
8307,17.549999237060547,14.123640060424805
8308,29.149999618530273,29.356477737426758
8309,55.27000045776367,54.4939079284668
8310,14.989999771118164,13.604042053222656
8311,18.030000686645508,17.037839889526367
8312,12.220000267028809,13.155008316040039
8313,6.139999866485596,9.125555992126465
8314,46.75,45.189788818359375
8315,1.9600000381469727,9.670034408569336
8316,33.91999816894531,31.842941284179688
8317,16.280000686645508,17.011056900024414
8318,22.239999771118164,22.415172576904297
8319,19.790000915527344,22.63086700439453
8320,40.290000915527344,46.970664978027344
8321,35.38999938964844,34.18128204345703
8322,6.389999866485596,8.089188575744629
8323,33.650001525878906,32.11982345581055
8324,24.299999237060547,26.35654640197754
8325,22.770000457763672,25.316242218017578
8326,39.38999938964844,39.68712615966797
8327,47.279998779296875,33.04503631591797
8328,64.36000061035156,55.69023895263672
8329,21.639999389648438,20.896448135375977
8330,29.809999465942383,31.718076705932617
8331,31.889999389648438,31.887521743774414
8332,19.3799991607666,19.31219482421875
8333,6.119999885559082,5.946738243103027
8334,41.529998779296875,44.01179885864258
8335,22.290000915527344,27.401880264282227
8336,42.540000915527344,44.00717544555664
8337,20.510000228881836,20.0642147064209
8338,8.630000114440918,7.092686653137207
8339,8.020000457763672,7.811729907989502
8340,9.649999618530273,7.751859664916992
8341,15.569999694824219,16.771240234375
8342,12.369999885559082,13.72220516204834
8343,33.88999938964844,37.92410659790039
8344,21.329999923706055,21.12478256225586
8345,31.020000457763672,34.01119613647461
8346,16.280000686645508,15.157820701599121
8347,16.260000228881836,16.525615692138672
8348,29.34000015258789,27.560842514038086
8349,28.799999237060547,31.307401657104492
8350,53.7599983215332,49.8674430847168
8351,24.549999237060547,30.240360260009766
8352,49.18000030517578,47.92831039428711
8353,37.709999084472656,45.47016143798828
8354,20.0,20.201274871826172
8355,4.010000228881836,8.96888256072998
8356,23.729999542236328,25.281147003173828
8357,19.209999084472656,25.938739776611328
8358,54.11000061035156,57.926246643066406
8359,31.110000610351562,29.706809997558594
8360,12.289999961853027,11.586064338684082
8361,42.959999084472656,40.00625228881836
8362,14.59000015258789,13.710447311401367
8363,27.09000015258789,27.344022750854492
8364,25.850000381469727,24.700895309448242
8365,63.4900016784668,67.08980560302734
8366,9.600000381469727,9.439369201660156
8367,10.739999771118164,9.538190841674805
8368,17.049999237060547,18.729215621948242
8369,40.58000183105469,40.04705047607422
8370,17.190000534057617,19.779193878173828
8371,11.260000228881836,12.496048927307129
8372,18.950000762939453,19.100276947021484
8373,8.760000228881836,6.484811782836914
8374,41.2599983215332,40.467735290527344
8375,2.9600000381469727,5.181473731994629
8376,37.29999923706055,35.09273147583008
8377,26.579999923706055,27.256263732910156
8378,6.369999885559082,7.406431198120117
8379,32.630001068115234,37.95357131958008
8380,24.479999542236328,28.88091468811035
8381,31.68000030517578,34.47491455078125
8382,45.279998779296875,48.32724380493164
8383,29.469999313354492,31.19808578491211
8384,29.110000610351562,30.928184509277344
8385,39.939998626708984,45.53914260864258
8386,13.319999694824219,10.206756591796875
8387,24.290000915527344,23.45559310913086
8388,47.88999938964844,47.650634765625
8389,70.19000244140625,68.7110595703125
8390,21.65999984741211,33.005287170410156
8391,48.52000045776367,42.01972198486328
8392,29.510000228881836,28.049699783325195
8393,18.850000381469727,20.698246002197266
8394,8.199999809265137,8.411194801330566
8395,57.41999816894531,52.399845123291016
8396,23.1299991607666,21.629554748535156
8397,19.65999984741211,18.60800552368164
8398,13.920000076293945,13.507598876953125
8399,18.68000030517578,18.297588348388672
8400,21.149999618530273,20.107698440551758
8401,13.239999771118164,12.434808731079102
8402,7.800000190734863,7.202495098114014
8403,36.20000076293945,39.7791862487793
8404,43.970001220703125,47.87298583984375
8405,27.229999542236328,26.83966064453125
8406,28.329999923706055,28.401330947875977
8407,11.5600004196167,13.741009712219238
8408,12.819999694824219,13.042688369750977
8409,22.360000610351562,20.368684768676758
8410,20.889999389648438,19.938142776489258
8411,30.829999923706055,28.98181915283203
8412,6.869999885559082,8.975113868713379
8413,41.060001373291016,42.91415786743164
8414,11.430000305175781,8.481856346130371
8415,8.930000305175781,8.622641563415527
8416,27.540000915527344,30.50812530517578
8417,8.539999961853027,8.980674743652344
8418,48.38999938964844,49.948883056640625
8419,41.209999084472656,35.587074279785156
8420,16.8799991607666,13.897419929504395
8421,24.829999923706055,24.445863723754883
8422,59.06999969482422,58.49628829956055
8423,27.010000228881836,23.102590560913086
8424,39.959999084472656,43.26500701904297
8425,30.959999084472656,27.6942138671875
8426,38.900001525878906,35.722286224365234
8427,5.980000019073486,2.31977915763855
8428,56.22999954223633,56.346778869628906
8429,33.81999969482422,32.84914016723633
8430,25.889999389648438,26.778461456298828
8431,14.180000305175781,16.252975463867188
8432,26.450000762939453,26.371904373168945
8433,45.849998474121094,40.495567321777344
8434,53.220001220703125,50.26838684082031
8435,70.98999786376953,68.80906677246094
8436,24.8700008392334,24.814647674560547
8437,9.59000015258789,8.659570693969727
8438,9.949999809265137,8.512889862060547
8439,12.59000015258789,12.88601303100586
8440,37.369998931884766,37.814476013183594
8441,55.70000076293945,54.16424560546875
8442,26.540000915527344,29.908157348632812
8443,25.649999618530273,28.340253829956055
8444,50.529998779296875,54.98267364501953
8445,22.780000686645508,20.773799896240234
8446,23.600000381469727,26.27202033996582
8447,53.65999984741211,51.50932693481445
8448,11.470000267028809,12.422931671142578
8449,32.61000061035156,29.030487060546875
8450,43.86000061035156,43.81689453125
8451,13.199999809265137,14.387811660766602
8452,24.489999771118164,25.22065544128418
8453,17.190000534057617,16.116247177124023
8454,20.299999237060547,21.571985244750977
8455,5.460000038146973,8.796187400817871
8456,35.060001373291016,35.16852951049805
8457,5.570000171661377,7.768431186676025
8458,16.530000686645508,16.21970558166504
8459,15.739999771118164,4.049319267272949
8460,3.2300000190734863,5.928197860717773
8461,51.209999084472656,47.55054473876953
8462,5.409999847412109,5.8107123374938965
8463,10.0600004196167,9.351080894470215
8464,19.010000228881836,18.765901565551758
8465,14.699999809265137,15.054657936096191
8466,29.260000228881836,28.855745315551758
8467,21.309999465942383,21.720277786254883
8468,12.270000457763672,10.80526065826416
8469,31.65999984741211,33.10448455810547
8470,38.599998474121094,46.34565353393555
8471,18.110000610351562,18.665542602539062
8472,10.3100004196167,6.158329963684082
8473,50.70000076293945,52.43193817138672
8474,5.46999979019165,6.487590312957764
8475,5.130000114440918,4.564733505249023
8476,23.459999084472656,23.4576473236084
8477,45.040000915527344,40.648292541503906
8478,37.540000915527344,34.43067169189453
8479,3.990000009536743,11.237689971923828
8480,13.329999923706055,12.788951873779297
8481,56.459999084472656,58.28776168823242
8482,20.950000762939453,21.972339630126953
8483,23.350000381469727,22.251291275024414
8484,52.439998626708984,45.74144744873047
8485,40.599998474121094,46.84056091308594
8486,3.1700000762939453,2.8174712657928467
8487,16.59000015258789,27.50916862487793
8488,19.360000610351562,20.407861709594727
8489,0.6499999761581421,30.019567489624023
8490,10.65999984741211,10.76962661743164
8491,34.84000015258789,32.321590423583984
8492,24.270000457763672,24.656478881835938
8493,42.099998474121094,39.12244415283203
8494,10.029999732971191,10.222893714904785
8495,38.869998931884766,40.03357696533203
8496,51.380001068115234,46.267269134521484
8497,19.020000457763672,17.326845169067383
8498,41.400001525878906,45.097599029541016
8499,14.25,13.00904369354248
8500,32.5099983215332,32.07026290893555
8501,7.440000057220459,9.409073829650879
8502,9.579999923706055,11.979533195495605
8503,30.170000076293945,33.081504821777344
8504,51.40999984741211,42.597084045410156
8505,15.789999961853027,14.254661560058594
8506,41.16999816894531,41.51115798950195
8507,28.549999237060547,27.86983871459961
8508,17.969999313354492,18.686500549316406
8509,71.80999755859375,65.31369018554688
8510,23.389999389648438,25.800796508789062
8511,17.260000228881836,17.907569885253906
8512,3.9800000190734863,6.605260848999023
8513,2.200000047683716,0.40777096152305603
8514,50.349998474121094,55.36517333984375
8515,53.16999816894531,54.5965690612793
8516,24.1200008392334,26.20331382751465
8517,69.05000305175781,58.1260986328125
8518,41.470001220703125,44.99205780029297
8519,38.5099983215332,38.884544372558594
8520,28.1299991607666,27.958904266357422
8521,18.270000457763672,26.586423873901367
8522,11.020000457763672,13.274935722351074
8523,16.530000686645508,20.284584045410156
8524,24.84000015258789,22.6459903717041
8525,21.940000534057617,22.306365966796875
8526,24.68000030517578,25.452701568603516
8527,31.040000915527344,32.025428771972656
8528,24.8799991607666,26.43840980529785
8529,59.38999938964844,54.50212860107422
8530,22.6299991607666,22.290998458862305
8531,15.40999984741211,16.956783294677734
8532,19.739999771118164,24.26006507873535
8533,29.329999923706055,28.450347900390625
8534,32.380001068115234,33.06882858276367
8535,32.279998779296875,31.416522979736328
8536,24.100000381469727,25.853212356567383
8537,19.510000228881836,20.901905059814453
8538,22.209999084472656,22.737651824951172
8539,19.3700008392334,15.647412300109863
8540,39.349998474121094,44.365318298339844
8541,20.299999237060547,21.487991333007812
8542,29.3799991607666,26.81448745727539
8543,16.440000534057617,14.910435676574707
8544,13.529999732971191,15.004293441772461
8545,22.8700008392334,22.911827087402344
8546,61.22999954223633,51.845890045166016
8547,28.139999389648438,28.95005989074707
8548,15.09000015258789,13.441882133483887
8549,3.309999942779541,8.321782112121582
8550,27.31999969482422,26.343637466430664
8551,11.65999984741211,10.627520561218262
8552,21.459999084472656,24.046342849731445
8553,34.36000061035156,30.740066528320312
8554,8.8100004196167,6.980190753936768
8555,57.47999954223633,56.527713775634766
8556,15.609999656677246,13.879775047302246
8557,29.030000686645508,28.570890426635742
8558,25.469999313354492,26.1596622467041
8559,79.58999633789062,69.62948608398438
8560,17.81999969482422,17.681114196777344
8561,38.95000076293945,34.99775314331055
8562,57.47999954223633,59.41591262817383
8563,2.0899999141693115,7.566052436828613
8564,58.540000915527344,55.051780700683594
8565,35.40999984741211,38.326271057128906
8566,45.849998474121094,41.21167755126953
8567,25.649999618530273,29.52347183227539
8568,22.959999084472656,24.32176399230957
8569,14.869999885559082,16.503433227539062
8570,21.579999923706055,23.222412109375
8571,28.170000076293945,30.76714324951172
8572,25.579999923706055,23.265472412109375
8573,23.700000762939453,24.0618953704834
8574,60.41999816894531,65.13387298583984
8575,54.369998931884766,52.5149040222168
8576,37.61000061035156,38.9239616394043
8577,12.510000228881836,11.777872085571289
8578,33.83000183105469,38.25313186645508
8579,55.77000045776367,54.85823059082031
8580,35.81999969482422,35.89946365356445
8581,33.29999923706055,33.16946792602539
8582,45.29999923706055,46.86593246459961
8583,38.41999816894531,30.971290588378906
8584,36.650001525878906,39.90962219238281
8585,37.11000061035156,37.13449478149414
8586,31.459999084472656,29.00251579284668
8587,41.130001068115234,47.51863098144531
8588,46.90999984741211,46.774417877197266
8589,42.5,38.41637420654297
8590,17.850000381469727,19.79938507080078
8591,9.020000457763672,9.672643661499023
8592,42.04999923706055,37.81367874145508
8593,16.309999465942383,17.160722732543945
8594,17.25,19.548954010009766
8595,20.229999542236328,20.59033966064453
8596,51.45000076293945,52.922611236572266
8597,13.510000228881836,11.902504920959473
8598,16.030000686645508,16.12853240966797
8599,2.990000009536743,1.1135149002075195
8600,47.650001525878906,46.38097381591797
8601,10.069999694824219,8.858072280883789
8602,24.540000915527344,26.401391983032227
8603,32.7400016784668,35.065208435058594
8604,70.33999633789062,59.05054473876953
8605,8.930000305175781,7.924283981323242
8606,8.289999961853027,7.5043511390686035
8607,9.180000305175781,10.949074745178223
8608,71.36000061035156,67.81375885009766
8609,17.600000381469727,20.18301773071289
8610,2.069999933242798,1.263790488243103
8611,14.949999809265137,14.011555671691895
8612,23.1299991607666,20.411136627197266
8613,35.209999084472656,36.3132438659668
8614,12.9399995803833,13.877135276794434
8615,50.33000183105469,46.48153305053711
8616,35.52000045776367,37.84300994873047
8617,36.25,39.039283752441406
8618,15.010000228881836,15.236553192138672
8619,7.329999923706055,5.803217887878418
8620,16.010000228881836,17.57676887512207
8621,29.5,25.789270401000977
8622,23.530000686645508,22.52347755432129
8623,9.699999809265137,8.61192512512207
8624,14.9399995803833,13.645557403564453
8625,12.8100004196167,12.416149139404297
8626,34.099998474121094,33.93446350097656
8627,38.40999984741211,31.617799758911133
8628,26.829999923706055,26.0627384185791
8629,4.400000095367432,5.861144065856934
8630,5.309999942779541,0.2787539064884186
8631,35.099998474121094,33.80396270751953
8632,33.02000045776367,31.170764923095703
8633,41.779998779296875,40.677696228027344
8634,24.739999771118164,24.471960067749023
8635,22.809999465942383,21.00262451171875
8636,14.0600004196167,17.015295028686523
8637,38.220001220703125,35.28848648071289
8638,75.47000122070312,65.68598175048828
8639,18.729999542236328,19.99825668334961
8640,13.260000228881836,12.232352256774902
8641,10.510000228881836,10.912894248962402
8642,20.15999984741211,19.43781280517578
8643,40.790000915527344,45.72444534301758
8644,12.819999694824219,11.613640785217285
8645,17.209999084472656,18.488460540771484
8646,62.77000045776367,64.49380493164062
8647,12.25,11.48576831817627
8648,7.960000038146973,7.9124298095703125
8649,32.18000030517578,32.91217803955078
8650,37.060001373291016,33.16830825805664
8651,74.18000030517578,62.63211441040039
8652,2.5299999713897705,9.838027000427246
8653,17.25,16.664810180664062
8654,25.489999771118164,22.732437133789062
8655,58.63999938964844,51.16465759277344
8656,3.5399999618530273,2.2498624324798584
8657,5.940000057220459,3.3266115188598633
8658,34.56999969482422,36.517295837402344
8659,13.470000267028809,14.484636306762695
8660,32.68000030517578,36.67974090576172
8661,21.969999313354492,22.968507766723633
8662,12.3100004196167,12.228318214416504
8663,69.37999725341797,67.8968505859375
8664,13.850000381469727,17.909931182861328
8665,22.420000076293945,22.073657989501953
8666,26.780000686645508,32.44090270996094
8667,37.0099983215332,42.05286407470703
8668,23.649999618530273,24.692989349365234
8669,11.260000228881836,10.873235702514648
8670,33.970001220703125,34.097312927246094
8671,21.899999618530273,21.318933486938477
8672,72.4800033569336,66.1436767578125
8673,72.58999633789062,69.83536529541016
8674,13.050000190734863,24.823007583618164
8675,10.0,8.916217803955078
8676,19.450000762939453,17.12805938720703
8677,6.760000228881836,5.449862003326416
8678,15.630000114440918,13.466370582580566
8679,62.04999923706055,62.77676773071289
8680,29.360000610351562,29.348926544189453
8681,36.349998474121094,34.29347229003906
8682,24.520000457763672,26.910371780395508
8683,7.679999828338623,9.564200401306152
8684,37.70000076293945,38.525390625
8685,24.239999771118164,24.06897735595703
8686,12.779999732971191,12.908577919006348
8687,21.90999984741211,23.93549919128418
8688,27.889999389648438,28.676698684692383
8689,22.40999984741211,22.756187438964844
8690,23.270000457763672,24.076868057250977
8691,17.719999313354492,15.553239822387695
8692,22.899999618530273,27.890127182006836
8693,7.130000114440918,3.4811294078826904
8694,16.0,19.244848251342773
8695,15.0,12.276684761047363
8696,22.670000076293945,20.375425338745117
8697,43.040000915527344,36.35939025878906
8698,32.7400016784668,35.89892578125
8699,14.0,11.87002182006836
8700,16.959999084472656,15.182174682617188
8701,52.02000045776367,47.41035461425781
8702,14.100000381469727,12.380775451660156
8703,48.959999084472656,60.607303619384766
8704,17.079999923706055,14.724173545837402
8705,30.420000076293945,26.100337982177734
8706,16.979999542236328,15.362683296203613
8707,32.88999938964844,39.02764892578125
8708,10.010000228881836,11.045113563537598
8709,27.899999618530273,28.91426658630371
8710,16.360000610351562,16.308122634887695
8711,1.659999966621399,4.678877830505371
8712,23.200000762939453,22.095653533935547
8713,33.290000915527344,32.60387420654297
8714,14.210000038146973,8.658875465393066
8715,19.729999542236328,21.56338119506836
8716,47.369998931884766,47.22390365600586
8717,15.600000381469727,17.79318618774414
8718,15.079999923706055,15.220466613769531
8719,42.66999816894531,38.90562438964844
8720,15.369999885559082,16.34686279296875
8721,17.34000015258789,18.5101261138916
8722,10.850000381469727,7.430169105529785
8723,76.33000183105469,61.23088073730469
8724,10.079999923706055,7.995171546936035
8725,39.779998779296875,40.736610412597656
8726,19.3700008392334,19.19222640991211
8727,4.260000228881836,2.598771095275879
8728,51.13999938964844,49.85468292236328
8729,34.29999923706055,29.149585723876953
8730,32.900001525878906,30.077590942382812
8731,44.9900016784668,42.91573715209961
8732,7.659999847412109,27.768753051757812
8733,28.760000228881836,28.259265899658203
8734,23.459999084472656,24.947738647460938
8735,7.019999980926514,7.300154685974121
8736,27.459999084472656,27.64990234375
8737,40.88999938964844,38.91039276123047
8738,10.210000038146973,9.813495635986328
8739,39.40999984741211,35.29157257080078
8740,8.229999542236328,7.301173210144043
8741,33.33000183105469,30.080663681030273
8742,11.449999809265137,11.428324699401855
8743,8.0600004196167,7.682044982910156
8744,12.65999984741211,12.836714744567871
8745,60.52000045776367,56.48918151855469
8746,8.760000228881836,8.511204719543457
8747,28.889999389648438,30.711681365966797
8748,47.77000045776367,45.628265380859375
8749,8.739999771118164,8.04410457611084
8750,10.59000015258789,11.885936737060547
8751,47.7599983215332,45.571189880371094
8752,30.780000686645508,34.02787780761719
8753,59.130001068115234,60.510414123535156
8754,33.91999816894531,32.39752197265625
8755,20.190000534057617,20.27189826965332
8756,53.650001525878906,49.91861343383789
8757,52.08000183105469,44.27235794067383
8758,18.559999465942383,15.354426383972168
8759,20.56999969482422,21.423465728759766
8760,40.97999954223633,38.277217864990234
8761,21.270000457763672,19.80576515197754
8762,15.300000190734863,14.046744346618652
8763,10.289999961853027,10.171609878540039
8764,41.83000183105469,45.438812255859375
8765,36.2400016784668,35.319156646728516
8766,39.790000915527344,35.33483123779297
8767,10.949999809265137,9.769530296325684
8768,41.18000030517578,35.695892333984375
8769,28.280000686645508,23.588825225830078
8770,43.93000030517578,42.28968811035156
8771,10.239999771118164,10.53242015838623
8772,70.41000366210938,70.63712310791016
8773,22.040000915527344,19.984256744384766
8774,68.33000183105469,57.657188415527344
8775,27.989999771118164,31.60550880432129
8776,52.88999938964844,59.29248046875
8777,48.65999984741211,50.06117630004883
8778,27.670000076293945,28.11121940612793
8779,40.790000915527344,36.765438079833984
8780,38.779998779296875,40.192298889160156
8781,48.91999816894531,51.05409622192383
8782,14.989999771118164,14.9813232421875
8783,18.84000015258789,18.732725143432617
8784,8.779999732971191,10.414519309997559
8785,57.65999984741211,53.931922912597656
8786,38.18000030517578,36.40177536010742
8787,5.03000020980835,8.966331481933594
8788,16.459999084472656,13.711384773254395
8789,15.960000038146973,12.957914352416992
8790,3.3499999046325684,3.529465436935425
8791,32.880001068115234,34.818115234375
8792,21.170000076293945,20.147783279418945
8793,44.97999954223633,37.677459716796875
8794,41.310001373291016,42.16090774536133
8795,23.6200008392334,22.019969940185547
8796,55.189998626708984,50.64775466918945
8797,29.1299991607666,30.815855026245117
8798,9.09000015258789,10.740372657775879
8799,13.479999542236328,14.734071731567383
8800,71.56999969482422,55.83870315551758
8801,12.569999694824219,11.81403923034668
8802,30.219999313354492,31.233280181884766
8803,13.380000114440918,10.379538536071777
8804,49.20000076293945,48.02251052856445
8805,59.88999938964844,58.97395706176758
8806,10.220000267028809,1.9326488971710205
8807,21.739999771118164,21.805015563964844
8808,62.84000015258789,66.0436782836914
8809,13.710000038146973,12.917996406555176
8810,18.93000030517578,18.569780349731445
8811,22.290000915527344,20.53218650817871
8812,66.76000213623047,63.54623794555664
8813,12.279999732971191,13.240909576416016
8814,44.369998931884766,39.73552322387695
8815,12.420000076293945,12.462716102600098
8816,24.8700008392334,23.452392578125
8817,6.409999847412109,9.536660194396973
8818,47.68000030517578,51.83528137207031
8819,17.399999618530273,19.129920959472656
8820,14.760000228881836,13.210556030273438
8821,49.59000015258789,52.3174934387207
8822,38.599998474121094,43.551780700683594
8823,3.7699999809265137,3.4737374782562256
8824,13.880000114440918,18.160030364990234
8825,69.0199966430664,56.43136978149414
8826,57.060001373291016,53.84817123413086
8827,15.649999618530273,15.841825485229492
8828,29.450000762939453,30.868906021118164
8829,3.8299999237060547,5.330261707305908
8830,47.279998779296875,47.37138366699219
8831,15.270000457763672,14.725690841674805
8832,50.650001525878906,43.82820510864258
8833,9.489999771118164,10.131221771240234
8834,49.2599983215332,46.11836624145508
8835,36.459999084472656,41.70403289794922
8836,14.109999656677246,12.473690032958984
8837,23.489999771118164,23.955894470214844
8838,41.400001525878906,48.37476348876953
8839,25.06999969482422,27.755054473876953
8840,48.93000030517578,55.09103012084961
8841,9.569999694824219,9.140870094299316
8842,72.9800033569336,72.1891860961914
8843,6.900000095367432,7.629538059234619
8844,10.529999732971191,9.638166427612305
8845,9.149999618530273,5.313779830932617
8846,9.899999618530273,9.321491241455078
8847,28.280000686645508,26.699329376220703
8848,11.739999771118164,13.122051239013672
8849,45.630001068115234,52.91634750366211
8850,52.119998931884766,50.277244567871094
8851,21.399999618530273,21.956680297851562
8852,6.599999904632568,7.230677127838135
8853,32.5099983215332,30.416027069091797
8854,22.510000228881836,22.063716888427734
8855,23.75,24.02301597595215
8856,12.930000305175781,12.959423065185547
8857,15.760000228881836,16.525226593017578
8858,11.789999961853027,10.467403411865234
8859,28.049999237060547,34.859840393066406
8860,34.95000076293945,36.93510437011719
8861,21.739999771118164,27.317405700683594
8862,18.940000534057617,17.903423309326172
8863,26.799999237060547,29.244741439819336
8864,37.18000030517578,39.29914474487305
8865,24.469999313354492,25.27758026123047
8866,27.68000030517578,26.45728874206543
8867,12.369999885559082,10.865974426269531
8868,69.5999984741211,66.21141052246094
8869,6.929999828338623,6.163735866546631
8870,27.229999542236328,25.491443634033203
8871,27.329999923706055,26.24907112121582
8872,25.389999389648438,27.048274993896484
8873,16.110000610351562,14.76123332977295
8874,16.959999084472656,15.511458396911621
8875,52.86000061035156,51.470924377441406
8876,10.260000228881836,10.49567699432373
8877,53.939998626708984,51.176326751708984
8878,17.579999923706055,20.427696228027344
8879,30.3799991607666,32.39225387573242
8880,28.799999237060547,28.81601905822754
8881,36.33000183105469,35.80060577392578
8882,5.989999771118164,5.2319769859313965
8883,8.460000038146973,9.047927856445312
8884,32.959999084472656,31.191972732543945
8885,34.58000183105469,30.445810317993164
8886,25.889999389648438,28.060546875
8887,24.309999465942383,23.807031631469727
8888,19.469999313354492,19.291851043701172
8889,28.309999465942383,28.467395782470703
8890,49.31999969482422,53.19805145263672
8891,24.31999969482422,23.64722442626953
8892,28.43000030517578,26.050445556640625
8893,19.920000076293945,18.066818237304688
8894,5.829999923706055,5.935657978057861
8895,4.96999979019165,5.396289825439453
8896,8.5,7.127007961273193
8897,19.989999771118164,21.27178192138672
8898,25.079999923706055,27.03485107421875
8899,10.40999984741211,12.060894012451172
8900,4.840000152587891,3.3797800540924072
8901,11.020000457763672,10.865489959716797
8902,35.27000045776367,34.952056884765625
8903,18.040000915527344,16.89158058166504
8904,34.220001220703125,35.75502395629883
8905,33.04999923706055,41.21985626220703
8906,41.0099983215332,35.155540466308594
8907,27.639999389648438,28.73360824584961
8908,62.18000030517578,61.718605041503906
8909,46.029998779296875,48.16130065917969
8910,54.9900016784668,50.79305648803711
8911,50.79999923706055,51.52895736694336
8912,32.439998626708984,33.69139099121094
8913,15.369999885559082,15.021328926086426
8914,7.760000228881836,2.864173650741577
8915,4.440000057220459,5.979425430297852
8916,52.20000076293945,48.275413513183594
8917,42.900001525878906,39.004425048828125
8918,35.09000015258789,32.517242431640625
8919,46.099998474121094,45.73092269897461
8920,23.06999969482422,22.181644439697266
8921,46.0,39.914390563964844
8922,36.04999923706055,39.962547302246094
8923,24.979999542236328,25.598472595214844
8924,60.470001220703125,62.20637130737305
8925,38.7400016784668,38.09064865112305
8926,63.04999923706055,59.0609016418457
8927,21.299999237060547,23.61649513244629
8928,13.029999732971191,12.332171440124512
8929,59.34000015258789,54.02461242675781
8930,7.559999942779541,8.219636917114258
8931,42.45000076293945,43.17170333862305
8932,40.119998931884766,41.70977783203125
8933,37.189998626708984,34.704490661621094
8934,10.710000038146973,20.761032104492188
8935,39.66999816894531,37.20030975341797
8936,33.349998474121094,31.376142501831055
8937,21.389999389648438,23.23373794555664
8938,44.36000061035156,45.658416748046875
8939,7.880000114440918,12.0292387008667
8940,26.010000228881836,28.905092239379883
8941,51.720001220703125,45.76298141479492
8942,23.6200008392334,21.123722076416016
8943,32.93000030517578,34.27301788330078
8944,11.119999885559082,11.232008934020996
8945,35.29999923706055,32.46563720703125
8946,7.909999847412109,5.0732011795043945
8947,27.90999984741211,31.876012802124023
8948,39.060001373291016,32.93743896484375
8949,14.260000228881836,15.873177528381348
8950,13.600000381469727,13.15084457397461
8951,15.920000076293945,14.770255088806152
8952,32.689998626708984,31.195716857910156
8953,70.19000244140625,66.7967758178711
8954,24.920000076293945,27.489194869995117
8955,7.820000171661377,8.180343627929688
8956,62.150001525878906,55.69462585449219
8957,13.289999961853027,11.681187629699707
8958,25.84000015258789,26.867162704467773
8959,9.229999542236328,8.201802253723145
8960,10.079999923706055,11.414870262145996
8961,14.09000015258789,15.487480163574219
8962,13.930000305175781,14.563406944274902
8963,10.399999618530273,9.01470947265625
8964,12.34000015258789,10.342238426208496
8965,16.3700008392334,16.819721221923828
8966,6.880000114440918,6.183169364929199
8967,19.040000915527344,16.28754234313965
8968,19.860000610351562,21.241676330566406
8969,52.150001525878906,52.51881790161133
8970,23.969999313354492,22.21967887878418
8971,32.61000061035156,33.29638671875
8972,10.9399995803833,9.961691856384277
8973,23.139999389648438,25.412879943847656
8974,21.479999542236328,21.06447410583496
8975,22.670000076293945,25.524478912353516
8976,18.969999313354492,17.84117889404297
8977,19.030000686645508,19.18002700805664
8978,22.59000015258789,22.672218322753906
8979,54.5,51.778106689453125
8980,33.91999816894531,32.645450592041016
8981,74.5999984741211,70.84260559082031
8982,19.079999923706055,22.429372787475586
8983,19.530000686645508,16.809160232543945
8984,43.95000076293945,42.933475494384766
8985,11.170000076293945,11.529106140136719
8986,22.079999923706055,19.932621002197266
8987,27.6299991607666,28.613767623901367
8988,46.959999084472656,53.23246765136719
8989,9.930000305175781,8.222036361694336
8990,7.190000057220459,14.307782173156738
8991,53.459999084472656,46.84098815917969
8992,42.15999984741211,45.628414154052734
8993,46.400001525878906,46.14682388305664
8994,9.829999923706055,8.33292007446289
8995,22.649999618530273,23.999868392944336
8996,35.29999923706055,36.65414810180664
8997,23.479999542236328,24.350650787353516
8998,71.12999725341797,61.73775863647461
8999,20.459999084472656,20.10833168029785
9000,19.65999984741211,17.562252044677734
9001,9.279999732971191,8.82266902923584
9002,13.170000076293945,14.778473854064941
9003,22.260000228881836,23.416316986083984
9004,8.75,7.670825481414795
9005,29.93000030517578,32.321720123291016
9006,37.400001525878906,33.38459777832031
9007,50.470001220703125,51.711090087890625
9008,55.900001525878906,53.909202575683594
9009,47.689998626708984,47.30506134033203
9010,24.489999771118164,26.304946899414062
9011,30.6299991607666,29.3868408203125
9012,28.34000015258789,30.712139129638672
9013,31.969999313354492,25.458845138549805
9014,18.479999542236328,16.53255844116211
9015,11.0,16.237714767456055
9016,23.350000381469727,25.9836483001709
9017,29.729999542236328,25.62198257446289
9018,39.060001373291016,34.153282165527344
9019,17.469999313354492,19.498289108276367
9020,47.849998474121094,45.97290802001953
9021,23.34000015258789,23.32061767578125
9022,19.31999969482422,21.92582130432129
9023,6.800000190734863,6.612484455108643
9024,19.290000915527344,21.272981643676758
9025,22.010000228881836,22.13043212890625
9026,31.139999389648438,27.89395523071289
9027,17.579999923706055,17.475587844848633
9028,20.6200008392334,18.467552185058594
9029,31.639999389648438,34.61914825439453
9030,24.34000015258789,22.896228790283203
9031,27.479999542236328,31.145614624023438
9032,12.579999923706055,15.212272644042969
9033,30.780000686645508,24.884756088256836
9034,46.75,42.695648193359375
9035,28.81999969482422,29.026491165161133
9036,54.18000030517578,59.542057037353516
9037,26.3799991607666,28.25708770751953
9038,27.219999313354492,29.600645065307617
9039,51.9900016784668,58.39383316040039
9040,48.220001220703125,42.58959197998047
9041,34.13999938964844,35.00029754638672
9042,50.310001373291016,47.15451431274414
9043,14.25,16.48919105529785
9044,4.769999980926514,3.2230749130249023
9045,3.799999952316284,5.451883316040039
9046,51.81999969482422,56.55194091796875
9047,54.349998474121094,52.810096740722656
9048,20.260000228881836,19.980318069458008
9049,21.280000686645508,20.58901596069336
9050,18.799999237060547,19.372800827026367
9051,40.40999984741211,37.41415786743164
9052,17.360000610351562,12.370807647705078
9053,28.950000762939453,34.158851623535156
9054,8.970000267028809,8.023937225341797
9055,50.72999954223633,53.43083953857422
9056,51.52000045776367,51.47871398925781
9057,58.22999954223633,62.63948440551758
9058,25.110000610351562,25.866775512695312
9059,25.68000030517578,26.785123825073242
9060,9.180000305175781,11.866599082946777
9061,18.209999084472656,12.55611801147461
9062,47.18000030517578,49.69292449951172
9063,13.75,13.066039085388184
9064,24.229999542236328,22.354026794433594
9065,17.56999969482422,21.1378173828125
9066,27.899999618530273,26.12360191345215
9067,3.700000047683716,2.7134249210357666
9068,9.739999771118164,10.1689453125
9069,12.649999618530273,11.196382522583008
9070,55.75,53.69149398803711
9071,33.81999969482422,29.021217346191406
9072,41.27000045776367,42.78089141845703
9073,34.5099983215332,33.91360855102539
9074,28.850000381469727,30.767620086669922
9075,35.470001220703125,35.32669448852539
9076,7.829999923706055,6.814835071563721
9077,68.51000213623047,61.38121032714844
9078,37.290000915527344,34.36333084106445
9079,12.760000228881836,12.542241096496582
9080,49.779998779296875,44.17832946777344
9081,23.8700008392334,31.75790023803711
9082,35.400001525878906,40.34705352783203
9083,32.599998474121094,35.104827880859375
9084,35.81999969482422,41.95571517944336
9085,57.93000030517578,51.74052810668945
9086,23.34000015258789,25.196155548095703
9087,31.899999618530273,30.376384735107422
9088,51.20000076293945,53.437347412109375
9089,19.8700008392334,19.068439483642578
9090,26.0,35.07145690917969
9091,7.489999771118164,7.667318344116211
9092,42.86000061035156,43.61294937133789
9093,24.56999969482422,27.089786529541016
9094,57.900001525878906,58.24163818359375
9095,10.479999542236328,10.797001838684082
9096,30.040000915527344,30.79737091064453
9097,10.100000381469727,10.608251571655273
9098,1.190000057220459,16.05306053161621
9099,8.850000381469727,7.046540260314941
9100,36.15999984741211,36.4888916015625
9101,24.079999923706055,24.950157165527344
9102,10.9399995803833,11.446941375732422
9103,42.88999938964844,37.726531982421875
9104,26.860000610351562,30.061500549316406
9105,26.25,23.59160041809082
9106,21.889999389648438,23.330904006958008
9107,7.860000133514404,6.408504486083984
9108,32.9900016784668,31.568103790283203
9109,18.440000534057617,13.610831260681152
9110,25.5,26.650768280029297
9111,36.400001525878906,33.129493713378906
9112,8.050000190734863,8.822491645812988
9113,45.5,50.19207000732422
9114,30.610000610351562,31.746326446533203
9115,13.079999923706055,12.349247932434082
9116,59.91999816894531,54.01826858520508
9117,19.399999618530273,22.554676055908203
9118,27.299999237060547,27.05299949645996
9119,24.0,20.8961238861084
9120,6.389999866485596,7.57421350479126
9121,26.489999771118164,27.96099281311035
9122,12.25,11.161017417907715
9123,8.489999771118164,8.874863624572754
9124,12.489999771118164,11.49638843536377
9125,55.209999084472656,56.105613708496094
9126,10.539999961853027,8.644508361816406
9127,30.299999237060547,32.041202545166016
9128,31.15999984741211,28.92970848083496
9129,39.0,38.96476745605469
9130,65.70999908447266,67.68968963623047
9131,27.170000076293945,28.22686767578125
9132,38.459999084472656,41.29881286621094
9133,21.3799991607666,24.161575317382812
9134,3.2300000190734863,2.7533822059631348
9135,28.90999984741211,33.448604583740234
9136,35.77000045776367,35.89812469482422
9137,48.939998626708984,45.209815979003906
9138,13.619999885559082,12.773550033569336
9139,52.93000030517578,38.99869155883789
9140,24.899999618530273,25.564044952392578
9141,42.790000915527344,43.648590087890625
9142,2.5899999141693115,2.990826368331909
9143,21.100000381469727,14.525212287902832
9144,36.43000030517578,42.20598602294922
9145,11.670000076293945,13.247895240783691
9146,14.930000305175781,15.0142822265625
9147,16.850000381469727,16.84424591064453
9148,60.130001068115234,60.97325134277344
9149,15.979999542236328,16.97642707824707
9150,15.760000228881836,13.649977684020996
9151,32.75,33.65837097167969
9152,23.889999389648438,21.4339599609375
9153,37.16999816894531,33.6998291015625
9154,29.549999237060547,31.073501586914062
9155,26.850000381469727,30.26504135131836
9156,26.040000915527344,25.257640838623047
9157,14.789999961853027,12.868149757385254
9158,29.639999389648438,27.681026458740234
9159,34.869998931884766,34.07914733886719
9160,40.13999938964844,28.181886672973633
9161,28.549999237060547,29.49799919128418
9162,13.4399995803833,16.06771469116211
9163,27.979999542236328,28.6934871673584
9164,9.930000305175781,10.868992805480957
9165,47.119998931884766,52.846107482910156
9166,31.459999084472656,27.812320709228516
9167,32.599998474121094,34.47784423828125
9168,32.400001525878906,31.34992027282715
9169,24.020000457763672,22.964664459228516
9170,7.610000133514404,5.996664047241211
9171,41.20000076293945,34.4328727722168
9172,63.939998626708984,69.96080017089844
9173,28.780000686645508,34.985897064208984
9174,31.229999542236328,32.305660247802734
9175,54.45000076293945,57.71260070800781
9176,16.389999389648438,15.455911636352539
9177,6.699999809265137,5.094977855682373
9178,22.010000228881836,22.007848739624023
9179,3.3499999046325684,3.8422513008117676
9180,47.63999938964844,46.48029327392578
9181,36.84000015258789,38.80305480957031
9182,9.380000114440918,11.146546363830566
9183,22.90999984741211,23.197107315063477
9184,43.20000076293945,46.66578674316406
9185,17.3700008392334,20.687562942504883
9186,15.15999984741211,17.44986915588379
9187,38.470001220703125,37.177711486816406
9188,24.889999389648438,24.167999267578125
9189,50.52000045776367,48.04695129394531
9190,40.31999969482422,43.50331115722656
9191,6.860000133514404,6.606719970703125
9192,51.27000045776367,50.29956817626953
9193,12.350000381469727,13.434141159057617
9194,5.5,6.183630466461182
9195,7.059999942779541,11.215715408325195
9196,16.5,16.72728729248047
9197,27.6299991607666,22.173721313476562
9198,57.150001525878906,59.72124481201172
9199,25.780000686645508,25.909114837646484
9200,13.300000190734863,13.095277786254883
9201,27.860000610351562,29.608556747436523
9202,28.65999984741211,30.29108428955078
9203,32.2400016784668,25.384807586669922
9204,37.189998626708984,36.40935516357422
9205,24.479999542236328,24.652366638183594
9206,14.609999656677246,16.465177536010742
9207,28.90999984741211,29.081939697265625
9208,7.019999980926514,6.675394535064697
9209,23.3700008392334,21.461347579956055
9210,17.280000686645508,16.02411651611328
9211,25.979999542236328,25.471799850463867
9212,9.15999984741211,8.062732696533203
9213,20.350000381469727,21.569015502929688
9214,40.31999969482422,36.16239929199219
9215,15.630000114440918,15.295419692993164
9216,36.65999984741211,38.818904876708984
9217,23.010000228881836,24.06928062438965
9218,17.389999389648438,14.755717277526855
9219,21.440000534057617,23.441444396972656
9220,26.90999984741211,29.39431381225586
9221,10.260000228881836,12.001638412475586
9222,67.16999816894531,55.92848205566406
9223,21.31999969482422,24.098731994628906
9224,44.310001373291016,30.048126220703125
9225,44.47999954223633,41.03276443481445
9226,36.709999084472656,30.677082061767578
9227,71.56999969482422,62.76362609863281
9228,19.079999923706055,21.07840919494629
9229,17.549999237060547,17.63284683227539
9230,25.81999969482422,26.486257553100586
9231,35.34000015258789,35.03020095825195
9232,18.530000686645508,19.686676025390625
9233,44.209999084472656,41.94280242919922
9234,30.850000381469727,26.985294342041016
9235,31.850000381469727,34.617610931396484
9236,23.530000686645508,25.377944946289062
9237,10.579999923706055,10.755789756774902
9238,13.15999984741211,9.817939758300781
9239,40.72999954223633,38.811676025390625
9240,38.2599983215332,36.67538070678711
9241,25.479999542236328,25.90628433227539
9242,38.09000015258789,38.00818634033203
9243,9.1899995803833,9.13509464263916
9244,22.329999923706055,25.451343536376953
9245,27.170000076293945,25.6585750579834
9246,50.08000183105469,47.88593292236328
9247,25.81999969482422,26.43784523010254
9248,38.959999084472656,37.44662857055664
9249,16.360000610351562,14.96995735168457
9250,13.069999694824219,10.705269813537598
9251,24.229999542236328,23.5338191986084
9252,26.489999771118164,24.353471755981445
9253,34.40999984741211,37.09131622314453
9254,66.20999908447266,59.038246154785156
9255,30.6200008392334,30.939727783203125
9256,10.529999732971191,10.392830848693848
9257,19.40999984741211,22.090539932250977
9258,13.680000305175781,13.001457214355469
9259,29.229999542236328,28.592588424682617
9260,31.209999084472656,28.25227165222168
9261,20.299999237060547,19.100017547607422
9262,28.90999984741211,31.772624969482422
9263,21.350000381469727,26.73370361328125
9264,31.920000076293945,34.140533447265625
9265,47.349998474121094,48.078128814697266
9266,30.059999465942383,32.18791580200195
9267,23.030000686645508,23.5521183013916
9268,29.959999084472656,29.24031639099121
9269,33.41999816894531,35.826324462890625
9270,50.369998931884766,48.371925354003906
9271,32.31999969482422,32.37931823730469
9272,35.869998931884766,35.50396728515625
9273,35.349998474121094,34.80446243286133
9274,25.670000076293945,29.409305572509766
9275,20.540000915527344,21.648141860961914
9276,25.389999389648438,25.441911697387695
9277,14.640000343322754,14.394082069396973
9278,23.700000762939453,24.291290283203125
9279,38.43000030517578,34.0114631652832
9280,35.189998626708984,33.60658264160156
9281,38.75,46.563087463378906
9282,32.900001525878906,33.561317443847656
9283,28.06999969482422,27.302745819091797
9284,18.700000762939453,20.35979461669922
9285,7.010000228881836,7.0281171798706055
9286,25.34000015258789,29.750835418701172
9287,11.109999656677246,7.62007999420166
9288,18.610000610351562,18.206262588500977
9289,2.7799999713897705,0.8877154588699341
9290,26.90999984741211,25.896305084228516
9291,42.0,40.068511962890625
9292,7.53000020980835,6.10272741317749
9293,38.029998779296875,37.151248931884766
9294,13.859999656677246,13.813875198364258
9295,30.8700008392334,32.399662017822266
9296,11.260000228881836,11.878002166748047
9297,55.650001525878906,57.773719787597656
9298,40.9900016784668,38.82781219482422
9299,13.760000228881836,14.897481918334961
9300,36.06999969482422,37.968849182128906
9301,35.959999084472656,38.867156982421875
9302,5.880000114440918,6.747360706329346
9303,46.529998779296875,46.570106506347656
9304,24.850000381469727,25.8168888092041
9305,17.209999084472656,16.193767547607422
9306,68.02999877929688,70.24298095703125
9307,8.479999542236328,10.427897453308105
9308,11.130000114440918,12.415440559387207
9309,22.989999771118164,20.704627990722656
9310,41.369998931884766,43.043949127197266
9311,8.260000228881836,7.828621864318848
9312,55.630001068115234,53.56282424926758
9313,30.43000030517578,32.66397476196289
9314,32.650001525878906,31.41482925415039
9315,34.63999938964844,31.871915817260742
9316,30.15999984741211,34.965370178222656
9317,12.460000038146973,12.726815223693848
9318,48.34000015258789,49.772857666015625
9319,41.77000045776367,42.28319549560547
9320,8.369999885559082,9.848898887634277
9321,27.700000762939453,29.121620178222656
9322,13.6899995803833,11.206345558166504
9323,66.9800033569336,49.511451721191406
9324,8.670000076293945,6.724853992462158
9325,39.599998474121094,45.619361877441406
9326,32.90999984741211,34.11375427246094
9327,42.540000915527344,45.489105224609375
9328,23.270000457763672,26.049779891967773
9329,7.639999866485596,7.146552562713623
9330,29.729999542236328,28.561878204345703
9331,49.75,46.55158996582031
9332,8.579999923706055,6.397653102874756
9333,8.859999656677246,12.488746643066406
9334,38.189998626708984,37.28925323486328
9335,59.22999954223633,55.936073303222656
9336,65.5,64.34036254882812
9337,34.2599983215332,35.841163635253906
9338,16.329999923706055,13.58828067779541
9339,32.220001220703125,27.344552993774414
9340,47.459999084472656,48.52437210083008
9341,10.670000076293945,9.597556114196777
9342,22.799999237060547,22.561935424804688
9343,44.310001373291016,43.2836799621582
9344,16.270000457763672,14.960000991821289
9345,27.530000686645508,29.227148056030273
9346,35.2599983215332,33.604820251464844
9347,4.929999828338623,5.903676986694336
9348,66.47000122070312,59.696205139160156
9349,5.449999809265137,3.7651612758636475
9350,2.4200000762939453,7.016075611114502
9351,28.5,27.540084838867188
9352,39.75,41.26478576660156
9353,11.710000038146973,13.458429336547852
9354,3.5399999618530273,5.414317607879639
9355,5.550000190734863,7.731802940368652
9356,7.269999980926514,7.419118881225586
9357,24.049999237060547,26.49965476989746
9358,22.700000762939453,21.96108627319336
9359,31.770000457763672,28.966629028320312
9360,23.690000534057617,23.245983123779297
9361,16.1299991607666,15.249818801879883
9362,42.9900016784668,48.65716552734375
9363,12.5,11.687111854553223
9364,24.450000762939453,26.28821563720703
9365,48.619998931884766,53.91190719604492
9366,10.390000343322754,11.105698585510254
9367,18.979999542236328,15.413389205932617
9368,39.529998779296875,36.5405387878418
9369,23.350000381469727,22.704206466674805
9370,3.8399999141693115,0.2817046046257019
9371,17.719999313354492,17.181468963623047
9372,35.0099983215332,38.10253143310547
9373,41.52000045776367,39.987945556640625
9374,10.510000228881836,10.393446922302246
9375,23.010000228881836,24.476099014282227
9376,36.279998779296875,40.42249298095703
9377,6.579999923706055,5.565972805023193
9378,22.25,23.360734939575195
9379,23.75,23.27853012084961
9380,14.90999984741211,15.497964859008789
9381,10.130000114440918,17.797637939453125
9382,11.449999809265137,13.929158210754395
9383,15.119999885559082,14.986228942871094
9384,15.539999961853027,14.781309127807617
9385,8.029999732971191,9.180633544921875
9386,12.039999961853027,12.119603157043457
9387,50.400001525878906,46.88654327392578
9388,23.549999237060547,21.368831634521484
9389,21.959999084472656,27.093841552734375
9390,13.90999984741211,15.304203987121582
9391,8.90999984741211,12.319681167602539
9392,8.460000038146973,7.397340297698975
9393,39.650001525878906,40.60873031616211
9394,13.420000076293945,12.249838829040527
9395,7.150000095367432,10.559128761291504
9396,4.630000114440918,6.2186360359191895
9397,38.20000076293945,40.603363037109375
9398,66.27999877929688,65.15526580810547
9399,6.440000057220459,10.734682083129883
9400,29.420000076293945,26.262882232666016
9401,18.1299991607666,15.142778396606445
9402,10.680000305175781,10.005169868469238
9403,19.940000534057617,22.36984634399414
9404,29.31999969482422,27.972148895263672
9405,13.239999771118164,12.371362686157227
9406,33.619998931884766,33.60322189331055
9407,8.0,5.660161972045898
9408,15.220000267028809,13.214385986328125
9409,19.709999084472656,15.428750038146973
9410,21.719999313354492,19.840578079223633
9411,21.899999618530273,22.776592254638672
9412,33.040000915527344,31.8361759185791
9413,18.25,21.95144271850586
9414,32.31999969482422,31.42425537109375
9415,53.79999923706055,47.449317932128906
9416,35.54999923706055,35.936256408691406
9417,28.200000762939453,28.519351959228516
9418,49.86000061035156,53.617591857910156
9419,15.760000228881836,16.22517967224121
9420,63.7599983215332,65.37921905517578
9421,17.489999771118164,16.50092315673828
9422,52.56999969482422,53.09267807006836
9423,26.049999237060547,25.733938217163086
9424,13.970000267028809,12.17700481414795
9425,46.38999938964844,47.497833251953125
9426,32.7400016784668,39.560176849365234
9427,2.4700000286102295,0.0043629794381558895
9428,47.63999938964844,55.50769805908203
9429,10.680000305175781,9.386878967285156
9430,19.610000610351562,17.96036148071289
9431,15.729999542236328,14.64885139465332
9432,29.93000030517578,27.584735870361328
9433,47.06999969482422,46.02970504760742
9434,69.33999633789062,62.97627258300781
9435,35.18000030517578,37.546756744384766
9436,24.190000534057617,22.893131256103516
9437,72.58000183105469,69.37580871582031
9438,27.709999084472656,27.038917541503906
9439,37.099998474121094,30.8797607421875
9440,29.829999923706055,27.901872634887695
9441,76.52999877929688,73.719482421875
9442,35.16999816894531,33.262813568115234
9443,64.79000091552734,50.826194763183594
9444,34.4900016784668,34.01225662231445
9445,1.9600000381469727,8.782613754272461
9446,23.139999389648438,20.178340911865234
9447,28.190000534057617,27.357091903686523
9448,41.349998474121094,38.82074737548828
9449,24.920000076293945,26.039125442504883
9450,12.140000343322754,11.601876258850098
9451,10.479999542236328,9.67087173461914
9452,11.479999542236328,13.913403511047363
9453,37.81999969482422,37.325313568115234
9454,36.18000030517578,33.633583068847656
9455,68.83000183105469,65.2522964477539
9456,38.959999084472656,35.76233673095703
9457,43.86000061035156,40.736358642578125
9458,31.8700008392334,37.355064392089844
9459,33.0099983215332,29.91463851928711
9460,15.319999694824219,14.31240177154541
9461,27.8799991607666,31.265077590942383
9462,39.29999923706055,47.66770553588867
9463,63.540000915527344,55.276641845703125
9464,34.59000015258789,30.697166442871094
9465,16.6200008392334,16.74840545654297
9466,23.229999542236328,32.54193878173828
9467,11.520000457763672,11.146916389465332
9468,13.800000190734863,13.51087474822998
9469,22.059999465942383,24.82731819152832
9470,46.79999923706055,50.90550994873047
9471,5.0,8.961882591247559
9472,21.450000762939453,21.37905502319336
9473,41.25,45.640220642089844
9474,19.920000076293945,23.076923370361328
9475,23.989999771118164,23.527191162109375
9476,28.690000534057617,30.069324493408203
9477,20.6200008392334,18.62105941772461
9478,67.01000213623047,63.58970642089844
9479,29.889999389648438,29.386817932128906
9480,19.959999084472656,17.972537994384766
9481,26.190000534057617,24.149574279785156
9482,6.019999980926514,5.3827385902404785
9483,35.5099983215332,35.039730072021484
9484,6.03000020980835,7.9992170333862305
9485,14.760000228881836,13.653769493103027
9486,17.510000228881836,16.003124237060547
9487,37.88999938964844,37.84038162231445
9488,36.40999984741211,30.869361877441406
9489,46.77000045776367,48.75590133666992
9490,17.690000534057617,17.84436798095703
9491,12.880000114440918,13.193652153015137
9492,36.650001525878906,40.856685638427734
9493,22.399999618530273,22.04412841796875
9494,9.989999771118164,8.404747009277344
9495,47.97999954223633,44.00126647949219
9496,25.719999313354492,29.338031768798828
9497,61.209999084472656,62.023223876953125
9498,27.139999389648438,26.514545440673828
9499,22.010000228881836,21.991182327270508
9500,36.25,33.76873016357422
9501,6.909999847412109,6.889798164367676
9502,45.66999816894531,46.40041732788086
9503,20.860000610351562,19.334857940673828
9504,23.420000076293945,22.992841720581055
9505,25.049999237060547,24.700809478759766
9506,53.18000030517578,50.984901428222656
9507,2.430000066757202,5.3392815589904785
9508,38.970001220703125,42.60485076904297
9509,12.739999771118164,15.022278785705566
9510,26.260000228881836,23.92843246459961
9511,18.34000015258789,19.162382125854492
9512,55.47999954223633,56.49919891357422
9513,58.0,53.39765548706055
9514,7.429999828338623,8.685888290405273
9515,64.0999984741211,58.96689987182617
9516,48.540000915527344,54.35466384887695
9517,14.40999984741211,16.331449508666992
9518,29.920000076293945,32.46577453613281
9519,12.680000305175781,11.450206756591797
9520,11.0600004196167,9.646919250488281
9521,69.9000015258789,61.499019622802734
9522,26.030000686645508,26.07815933227539
9523,71.38999938964844,71.63658905029297
9524,22.450000762939453,21.9001522064209
9525,4.789999961853027,4.774087429046631
9526,17.3799991607666,18.26036834716797
9527,21.450000762939453,19.905437469482422
9528,32.84000015258789,33.367401123046875
9529,15.109999656677246,16.68260955810547
9530,44.869998931884766,49.521766662597656
9531,38.90999984741211,43.8564453125
9532,57.2400016784668,57.6351432800293
9533,7.909999847412109,8.004364967346191
9534,18.079999923706055,16.10029411315918
9535,4.449999809265137,6.179537773132324
9536,64.72000122070312,62.944557189941406
9537,52.040000915527344,53.68769836425781
9538,18.1200008392334,16.585552215576172
9539,31.459999084472656,34.68482971191406
9540,18.459999084472656,20.14847755432129
9541,46.349998474121094,42.057334899902344
9542,71.69999694824219,67.41362762451172
9543,46.97999954223633,45.88117599487305
9544,52.040000915527344,54.30121994018555
9545,32.040000915527344,35.041263580322266
9546,55.27000045776367,57.733795166015625
9547,17.850000381469727,15.692063331604004
9548,47.15999984741211,42.817054748535156
9549,9.130000114440918,11.684514045715332
9550,30.25,29.789648056030273
9551,11.65999984741211,11.586525917053223
9552,29.56999969482422,28.9330997467041
9553,12.850000381469727,12.77884578704834
9554,33.5099983215332,29.22002601623535
9555,77.7300033569336,70.47105407714844
9556,26.440000534057617,25.270671844482422
9557,30.440000534057617,28.978321075439453
9558,11.40999984741211,13.095090866088867
9559,21.790000915527344,20.701433181762695
9560,25.649999618530273,30.182344436645508
9561,56.029998779296875,51.49172592163086
9562,6.900000095367432,3.070204019546509
9563,49.709999084472656,56.251182556152344
9564,26.06999969482422,25.810508728027344
9565,10.630000114440918,10.757991790771484
9566,18.3700008392334,18.547161102294922
9567,8.1899995803833,8.242024421691895
9568,9.609999656677246,7.1021199226379395
9569,32.54999923706055,34.541664123535156
9570,34.08000183105469,31.42323112487793
9571,14.119999885559082,17.838106155395508
9572,51.9900016784668,50.404937744140625
9573,29.59000015258789,27.133106231689453
9574,60.47999954223633,54.75774383544922
9575,14.65999984741211,13.683480262756348
9576,18.610000610351562,16.908559799194336
9577,15.3100004196167,17.067094802856445
9578,46.650001525878906,51.649253845214844
9579,73.48999786376953,72.32139587402344
9580,64.5199966430664,62.04367446899414
9581,25.8700008392334,29.42723274230957
9582,12.130000114440918,14.230234146118164
9583,25.43000030517578,25.016807556152344
9584,25.440000534057617,26.621139526367188
9585,9.84000015258789,7.937720775604248
9586,39.20000076293945,32.803707122802734
9587,15.920000076293945,18.859922409057617
9588,32.220001220703125,31.352970123291016
9589,9.229999542236328,5.215131759643555
9590,19.079999923706055,16.396617889404297
9591,17.8700008392334,19.67033576965332
9592,39.97999954223633,46.67679214477539
9593,39.88999938964844,45.45568084716797
9594,15.029999732971191,16.38837432861328
9595,31.549999237060547,31.27956199645996
9596,65.16000366210938,60.246559143066406
9597,54.529998779296875,50.17774200439453
9598,28.31999969482422,29.728782653808594
9599,29.969999313354492,29.352375030517578
9600,2.140000104904175,0.007726659532636404
9601,20.040000915527344,22.643983840942383
9602,22.459999084472656,24.74283218383789
9603,21.149999618530273,18.766342163085938
9604,20.899999618530273,17.156631469726562
9605,11.510000228881836,13.30021858215332
9606,31.729999542236328,31.690202713012695
9607,5.650000095367432,6.203745365142822
9608,8.100000381469727,7.726006031036377
9609,26.139999389648438,28.38494110107422
9610,6.369999885559082,7.2870073318481445
9611,39.77000045776367,40.13218307495117
9612,32.25,31.83820915222168
9613,14.329999923706055,14.757282257080078
9614,26.229999542236328,30.98181915283203
9615,50.04999923706055,49.2055549621582
9616,19.510000228881836,19.143497467041016
9617,24.729999542236328,28.51827049255371
9618,39.18000030517578,41.034812927246094
9619,53.61000061035156,50.66006851196289
9620,13.229999542236328,12.11695671081543
9621,19.579999923706055,18.55911636352539
9622,62.08000183105469,61.063289642333984
9623,27.170000076293945,27.871723175048828
9624,39.36000061035156,40.0798225402832
9625,19.670000076293945,22.721105575561523
9626,30.530000686645508,27.21398162841797
9627,3.9200000762939453,4.237405300140381
9628,18.6200008392334,20.192195892333984
9629,21.280000686645508,22.785165786743164
9630,18.81999969482422,18.747365951538086
9631,12.5600004196167,15.13440990447998
9632,16.049999237060547,13.30528450012207
9633,28.610000610351562,26.76803970336914
9634,34.540000915527344,30.61741065979004
9635,0.8299999833106995,8.417752265930176
9636,8.1899995803833,4.412193775177002
9637,30.25,29.242847442626953
9638,34.0099983215332,34.414794921875
9639,48.52000045776367,44.17374801635742
9640,50.43000030517578,54.264896392822266
9641,6.019999980926514,8.045883178710938
9642,18.40999984741211,20.63396453857422
9643,22.8700008392334,23.658348083496094
9644,14.680000305175781,15.723284721374512
9645,27.899999618530273,26.90851593017578
9646,11.760000228881836,11.403779029846191
9647,24.6200008392334,20.594242095947266
9648,27.780000686645508,30.99182891845703
9649,32.970001220703125,33.63539505004883
9650,59.41999816894531,56.65452575683594
9651,27.049999237060547,24.157039642333984
9652,43.36000061035156,40.067657470703125
9653,16.739999771118164,12.906559944152832
9654,39.630001068115234,42.891231536865234
9655,1.3899999856948853,0.9669576287269592
9656,58.84000015258789,54.881263732910156
9657,38.43000030517578,31.16511344909668
9658,77.37000274658203,69.78118896484375
9659,20.559999465942383,20.69023895263672
9660,11.6899995803833,10.475783348083496
9661,48.08000183105469,41.34508514404297
9662,23.549999237060547,26.11910629272461
9663,13.180000305175781,10.9913911819458
9664,26.709999084472656,30.13754653930664
9665,2.3299999237060547,3.535196304321289
9666,38.720001220703125,36.92471694946289
9667,52.77000045776367,57.629981994628906
9668,27.239999771118164,26.522363662719727
9669,62.880001068115234,69.17509460449219
9670,35.16999816894531,37.910400390625
9671,12.4399995803833,11.745317459106445
9672,16.6299991607666,16.054243087768555
9673,68.12999725341797,57.19572448730469
9674,13.609999656677246,13.130695343017578
9675,23.93000030517578,21.322988510131836
9676,25.299999237060547,24.809581756591797
9677,32.47999954223633,36.529441833496094
9678,50.72999954223633,54.69247055053711
9679,9.529999732971191,8.38488483428955
9680,16.389999389648438,17.63698959350586
9681,44.13999938964844,45.427520751953125
9682,16.059999465942383,15.345440864562988
9683,51.599998474121094,47.818912506103516
9684,50.25,45.91122055053711
9685,44.040000915527344,44.10055923461914
9686,16.260000228881836,14.168731689453125
9687,24.989999771118164,22.446392059326172
9688,7.409999847412109,10.474364280700684
9689,17.979999542236328,19.997831344604492
9690,8.489999771118164,9.726972579956055
9691,19.270000457763672,16.59236717224121
9692,36.310001373291016,37.518680572509766
9693,32.83000183105469,34.3072624206543
9694,20.200000762939453,17.688339233398438
9695,22.459999084472656,19.499900817871094
9696,37.959999084472656,38.477684020996094
9697,7.960000038146973,8.40424919128418
9698,24.479999542236328,25.529476165771484
9699,54.77000045776367,52.747650146484375
9700,18.989999771118164,17.055988311767578
9701,53.220001220703125,52.546112060546875
9702,31.959999084472656,32.4490966796875
9703,32.18000030517578,32.83908462524414
9704,39.720001220703125,40.04377365112305
9705,13.109999656677246,11.845046997070312
9706,27.760000228881836,28.164119720458984
9707,56.47999954223633,45.852882385253906
9708,10.550000190734863,11.951689720153809
9709,24.540000915527344,25.158695220947266
9710,8.890000343322754,9.579141616821289
9711,20.719999313354492,20.479766845703125
9712,13.90999984741211,12.68798542022705
9713,5.179999828338623,6.62600040435791
9714,20.280000686645508,22.14765167236328
9715,30.010000228881836,34.68429946899414
9716,56.81999969482422,62.978233337402344
9717,18.200000762939453,17.611125946044922
9718,24.459999084472656,23.33247184753418
9719,9.350000381469727,6.55608606338501
9720,60.83000183105469,61.71464157104492
9721,30.489999771118164,25.802597045898438
9722,49.619998931884766,41.965240478515625
9723,29.68000030517578,30.233753204345703
9724,24.229999542236328,18.994497299194336
9725,32.150001525878906,29.7429141998291
9726,34.779998779296875,32.7032470703125
9727,34.939998626708984,35.061180114746094
9728,24.920000076293945,33.56809997558594
9729,25.100000381469727,25.601696014404297
9730,21.690000534057617,23.122772216796875
9731,11.220000267028809,10.47756576538086
9732,28.059999465942383,25.61905288696289
9733,8.710000038146973,6.681260108947754
9734,38.29999923706055,47.23967742919922
9735,22.399999618530273,18.908342361450195
9736,4.739999771118164,6.829019546508789
9737,21.809999465942383,22.164173126220703
9738,11.8100004196167,13.366251945495605
9739,27.760000228881836,27.879430770874023
9740,15.279999732971191,16.13416290283203
9741,8.670000076293945,6.0532121658325195
9742,70.97000122070312,65.9288330078125
9743,13.6899995803833,13.604080200195312
9744,15.380000114440918,12.115867614746094
9745,8.050000190734863,9.170781135559082
9746,45.150001525878906,42.8477897644043
9747,41.650001525878906,42.907711029052734
9748,27.18000030517578,27.932401657104492
9749,36.650001525878906,38.831268310546875
9750,21.190000534057617,21.526744842529297
9751,16.610000610351562,17.43105697631836
9752,53.20000076293945,39.6684455871582
9753,52.099998474121094,44.73445510864258
9754,28.59000015258789,26.17879867553711
9755,30.299999237060547,37.4597053527832
9756,35.33000183105469,32.70179748535156
9757,25.8799991607666,26.43207550048828
9758,15.9399995803833,14.205255508422852
9759,7.090000152587891,7.682739734649658
9760,28.549999237060547,27.830970764160156
9761,8.239999771118164,5.3697004318237305
9762,24.06999969482422,26.428159713745117
9763,14.75,13.918116569519043
9764,5.460000038146973,2.394557476043701
9765,56.08000183105469,68.41255950927734
9766,28.030000686645508,31.25041961669922
9767,46.900001525878906,47.16737365722656
9768,11.279999732971191,9.658668518066406
9769,14.890000343322754,16.719676971435547
9770,15.760000228881836,15.239765167236328
9771,7.929999828338623,5.2111639976501465
9772,42.529998779296875,39.56374740600586
9773,24.170000076293945,28.006507873535156
9774,10.15999984741211,8.430380821228027
9775,53.650001525878906,52.72296905517578
9776,18.1299991607666,18.811870574951172
9777,10.760000228881836,9.213102340698242
9778,17.809999465942383,19.293785095214844
9779,35.06999969482422,35.12325668334961
9780,43.7599983215332,38.77750015258789
9781,7.519999980926514,7.607597351074219
9782,7.010000228881836,7.5642547607421875
9783,10.550000190734863,8.71894645690918
9784,38.16999816894531,32.47163772583008
9785,48.369998931884766,47.79753875732422
9786,11.710000038146973,14.123295783996582
9787,14.4399995803833,13.613107681274414
9788,21.399999618530273,17.91315460205078
9789,7.760000228881836,8.703882217407227
9790,53.869998931884766,49.91389465332031
9791,11.079999923706055,10.587884902954102
9792,2.680000066757202,3.9485743045806885
9793,43.2599983215332,46.206573486328125
9794,49.9900016784668,42.53993225097656
9795,71.77999877929688,63.79667282104492
9796,8.199999809265137,4.400890827178955
9797,21.68000030517578,20.175851821899414
9798,23.940000534057617,23.021991729736328
9799,15.529999732971191,15.86583137512207
9800,51.95000076293945,55.14789581298828
9801,48.0,40.681297302246094
9802,25.3799991607666,23.022197723388672
9803,47.790000915527344,51.406002044677734
9804,32.0,29.09485626220703
9805,37.0,41.063358306884766
9806,20.709999084472656,23.325971603393555
9807,40.40999984741211,40.957725524902344
9808,64.80999755859375,55.56847381591797
9809,12.5,11.73808765411377
9810,27.56999969482422,27.0064754486084
9811,34.16999816894531,29.9000186920166
9812,31.170000076293945,34.10570526123047
9813,39.72999954223633,38.56047821044922
9814,59.2400016784668,58.28672790527344
9815,51.189998626708984,50.165382385253906
9816,53.7400016784668,50.59122848510742
9817,0.8600000143051147,5.56408166885376
9818,32.36000061035156,34.097049713134766
9819,25.5,26.357637405395508
9820,5.380000114440918,3.707489013671875
9821,10.630000114440918,8.755011558532715
9822,50.27000045776367,44.978736877441406
9823,57.09000015258789,53.025150299072266
9824,11.59000015258789,20.087566375732422
9825,29.219999313354492,28.96120262145996
9826,11.489999771118164,12.821355819702148
9827,19.1200008392334,19.384016036987305
9828,8.510000228881836,7.517243385314941
9829,23.600000381469727,19.003746032714844
9830,38.560001373291016,35.96599197387695
9831,37.849998474121094,27.830055236816406
9832,60.25,59.27009582519531
9833,17.510000228881836,17.63519287109375
9834,29.360000610351562,27.643848419189453
9835,12.970000267028809,13.087650299072266
9836,22.239999771118164,23.29981803894043
9837,27.790000915527344,26.53773307800293
9838,37.380001068115234,33.758995056152344
9839,72.6500015258789,66.05078887939453
9840,47.619998931884766,42.331443786621094
9841,26.899999618530273,29.785829544067383
9842,14.260000228881836,16.83985710144043
9843,3.7200000286102295,4.025995254516602
9844,22.75,32.902530670166016
9845,60.959999084472656,62.38853454589844
9846,24.549999237060547,24.68486976623535
9847,38.33000183105469,37.998863220214844
9848,28.209999084472656,25.958654403686523
9849,12.460000038146973,11.901925086975098
9850,29.729999542236328,30.16044044494629
9851,10.09000015258789,10.815345764160156
9852,24.479999542236328,24.8915958404541
9853,37.4900016784668,42.31102752685547
9854,42.2400016784668,43.02345275878906
9855,57.220001220703125,51.95001220703125
9856,14.90999984741211,13.89490032196045
9857,9.369999885559082,10.34329605102539
9858,34.470001220703125,31.76348114013672
9859,14.899999618530273,13.641619682312012
9860,33.959999084472656,31.545530319213867
9861,31.270000457763672,34.11524200439453
9862,5.5,5.9056172370910645
9863,1.909999966621399,4.080920219421387
9864,29.899999618530273,33.668617248535156
9865,34.59000015258789,33.627342224121094
9866,11.550000190734863,9.572501182556152
9867,34.0099983215332,35.07186508178711
9868,20.190000534057617,23.225948333740234
9869,47.709999084472656,47.40857696533203
9870,16.469999313354492,17.594392776489258
9871,11.890000343322754,14.450509071350098
9872,30.18000030517578,35.854347229003906
9873,38.56999969482422,46.14471435546875
9874,12.1899995803833,13.377340316772461
9875,17.43000030517578,17.201793670654297
9876,34.5099983215332,38.56832504272461
9877,23.940000534057617,26.405872344970703
9878,45.310001373291016,45.33604431152344
9879,57.119998931884766,54.43495559692383
9880,46.47999954223633,50.810569763183594
9881,31.260000228881836,33.31010437011719
9882,44.880001068115234,41.58818817138672
9883,37.43000030517578,38.55670928955078
9884,67.16999816894531,66.03108215332031
9885,43.06999969482422,42.95928955078125
9886,42.439998626708984,44.50802993774414
9887,22.34000015258789,22.9022216796875
9888,7.019999980926514,7.068517208099365
9889,27.06999969482422,27.758960723876953
9890,17.34000015258789,14.579360008239746
9891,46.86000061035156,46.11872482299805
9892,27.469999313354492,24.708648681640625
9893,21.670000076293945,21.698856353759766
9894,52.63999938964844,57.44104766845703
9895,25.65999984741211,23.08567237854004
9896,39.220001220703125,38.594871520996094
9897,31.209999084472656,30.325660705566406
9898,5.230000019073486,8.094562530517578
9899,46.33000183105469,44.50064468383789
9900,7.349999904632568,9.943114280700684
9901,19.040000915527344,17.871902465820312
9902,46.529998779296875,46.15437698364258
9903,67.81999969482422,59.31511306762695
9904,40.130001068115234,32.1759033203125
9905,19.290000915527344,18.834922790527344
9906,23.389999389648438,20.5329532623291
9907,22.93000030517578,23.54062843322754
9908,74.45999908447266,72.82064819335938
9909,53.459999084472656,59.922821044921875
9910,1.850000023841858,2.154747724533081
9911,29.68000030517578,35.00418472290039
9912,55.7400016784668,57.21965789794922
9913,18.6299991607666,18.800607681274414
9914,38.11000061035156,45.105323791503906
9915,32.560001373291016,37.65663146972656
9916,16.760000228881836,16.59078598022461
9917,10.170000076293945,3.457043409347534
9918,60.59000015258789,57.80603790283203
9919,16.6200008392334,15.64552116394043
9920,11.4399995803833,15.53174877166748
9921,41.130001068115234,43.85855484008789
9922,61.59000015258789,56.64101028442383
9923,45.54999923706055,49.382057189941406
9924,32.970001220703125,32.22157669067383
9925,12.84000015258789,13.889915466308594
9926,54.349998474121094,50.447818756103516
9927,35.11000061035156,34.78109359741211
9928,24.700000762939453,24.722673416137695
9929,43.68000030517578,40.546485900878906
9930,20.450000762939453,20.004396438598633
9931,56.22999954223633,59.923789978027344
9932,45.959999084472656,43.6900634765625
9933,7.710000038146973,9.654744148254395
9934,56.439998626708984,54.79700469970703
9935,38.0,35.563480377197266
9936,24.90999984741211,26.682373046875
9937,6.909999847412109,5.42495059967041
9938,72.86000061035156,69.24002075195312
9939,45.06999969482422,46.811851501464844
9940,6.269999980926514,8.329998016357422
9941,21.899999618530273,21.407278060913086
9942,15.520000457763672,16.603435516357422
9943,30.309999465942383,33.84132385253906
9944,12.270000457763672,10.147771835327148
9945,20.440000534057617,21.582292556762695
9946,8.430000305175781,6.9252448081970215
9947,18.06999969482422,18.427858352661133
9948,67.08999633789062,68.45637512207031
9949,19.649999618530273,21.05025291442871
9950,35.7400016784668,36.46561813354492
9951,59.29999923706055,56.68236541748047
9952,43.029998779296875,37.874454498291016
9953,20.3799991607666,19.593290328979492
9954,38.18000030517578,46.04332733154297
9955,19.6299991607666,18.166282653808594
9956,42.33000183105469,40.248043060302734
9957,28.93000030517578,33.65367126464844
9958,25.469999313354492,26.40851402282715
9959,40.61000061035156,36.98537826538086
9960,61.20000076293945,54.91646194458008
9961,46.880001068115234,43.08076858520508
9962,2.700000047683716,9.412970542907715
9963,54.779998779296875,55.172080993652344
9964,19.5,20.93294906616211
9965,26.290000915527344,28.76537322998047
9966,19.8700008392334,22.0020694732666
9967,24.559999465942383,23.297950744628906
9968,39.099998474121094,41.074424743652344
9969,11.260000228881836,8.544313430786133
9970,22.84000015258789,23.942123413085938
9971,19.700000762939453,19.141592025756836
9972,57.529998779296875,50.3304328918457
9973,28.549999237060547,26.733701705932617
9974,15.710000038146973,15.625082015991211
9975,2.309999942779541,6.3171515464782715
9976,45.88999938964844,46.93994140625
9977,16.440000534057617,14.304877281188965
9978,21.420000076293945,21.326831817626953
9979,18.829999923706055,18.671581268310547
9980,18.809999465942383,16.90233612060547
9981,25.09000015258789,28.328632354736328
9982,20.739999771118164,21.161296844482422
9983,35.2599983215332,39.89055633544922
9984,9.609999656677246,8.743661880493164
9985,23.110000610351562,21.878786087036133
9986,44.0099983215332,47.9669189453125
9987,54.08000183105469,58.07432174682617
9988,23.959999084472656,22.98438835144043
9989,13.710000038146973,10.52977180480957
9990,13.470000267028809,15.30862808227539
9991,41.540000915527344,41.411033630371094
9992,35.689998626708984,31.83795166015625
9993,6.489999771118164,9.479057312011719
9994,16.229999542236328,15.315436363220215
9995,19.780000686645508,20.75198745727539
9996,21.959999084472656,26.4075927734375
9997,12.520000457763672,12.237330436706543
9998,24.200000762939453,26.790483474731445
9999,54.779998779296875,45.903961181640625
10000,11.680000305175781,13.243659973144531
10001,41.43000030517578,44.79637145996094
10002,34.34000015258789,35.54856491088867
10003,53.0099983215332,58.87266159057617
10004,59.06999969482422,64.53694915771484
10005,36.04999923706055,40.27391052246094
10006,39.47999954223633,40.25009536743164
10007,15.739999771118164,15.013723373413086
10008,33.86000061035156,25.287281036376953
10009,19.100000381469727,18.95513916015625
10010,35.36000061035156,41.55081558227539
10011,36.45000076293945,38.956886291503906
10012,16.229999542236328,15.659479141235352
10013,48.7400016784668,46.42620086669922
10014,23.239999771118164,24.881591796875
10015,33.150001525878906,31.440656661987305
10016,38.93000030517578,36.778221130371094
10017,16.6200008392334,20.088409423828125
10018,21.040000915527344,20.378223419189453
10019,7.809999942779541,9.05478572845459
10020,34.63999938964844,33.42899703979492
10021,10.890000343322754,8.073038101196289
10022,69.04000091552734,68.4018783569336
10023,34.060001373291016,35.93189239501953
10024,10.859999656677246,11.37419319152832
10025,47.20000076293945,47.84300231933594
10026,28.5,30.479490280151367
10027,8.40999984741211,3.6564888954162598
10028,25.270000457763672,26.268033981323242
10029,72.31999969482422,60.272823333740234
10030,23.700000762939453,24.050521850585938
10031,3.759999990463257,2.5868215560913086
10032,72.29000091552734,62.1513671875
10033,45.130001068115234,44.85008239746094
10034,43.88999938964844,43.302215576171875
10035,34.810001373291016,34.58296203613281
10036,24.059999465942383,42.010536193847656
10037,12.649999618530273,11.796034812927246
10038,48.31999969482422,51.08338165283203
10039,55.0,54.732276916503906
10040,7.5,7.110328197479248
10041,17.8700008392334,20.915918350219727
10042,24.690000534057617,23.612060546875
10043,8.739999771118164,7.338281631469727
10044,21.459999084472656,19.565109252929688
10045,8.100000381469727,6.726553916931152
10046,42.720001220703125,41.98808670043945
10047,33.880001068115234,38.14004898071289
10048,8.449999809265137,6.57553768157959
10049,37.540000915527344,40.71082305908203
10050,28.56999969482422,30.177770614624023
10051,25.079999923706055,22.393760681152344
10052,15.390000343322754,17.624116897583008
10053,53.470001220703125,56.03451919555664
10054,7.019999980926514,3.9489212036132812
10055,12.220000267028809,13.872990608215332
10056,31.809999465942383,32.66920471191406
10057,30.079999923706055,33.25338363647461
10058,23.110000610351562,23.67918586730957
10059,9.079999923706055,7.4610981941223145
10060,11.25,9.115777015686035
10061,23.559999465942383,25.74834442138672
10062,56.650001525878906,55.821067810058594
10063,12.170000076293945,13.893994331359863
10064,63.7599983215332,60.999271392822266
10065,52.83000183105469,52.511009216308594
10066,11.59000015258789,10.209716796875
10067,10.039999961853027,12.858399391174316
10068,32.900001525878906,30.139774322509766
10069,33.040000915527344,34.4116325378418
10070,56.029998779296875,66.06114196777344
10071,13.699999809265137,17.784515380859375
10072,39.7400016784668,44.570518493652344
10073,41.5,47.01707458496094
10074,20.270000457763672,21.49005889892578
10075,11.350000381469727,13.269710540771484
10076,29.290000915527344,28.504425048828125
10077,21.5,19.111173629760742
10078,27.399999618530273,30.537620544433594
10079,25.3700008392334,25.35188102722168
10080,28.5,32.86453628540039
10081,53.0099983215332,51.80906677246094
10082,15.869999885559082,15.125371932983398
10083,21.260000228881836,19.099746704101562
10084,36.40999984741211,42.660850524902344
10085,25.790000915527344,22.697160720825195
10086,6.889999866485596,8.148554801940918
10087,39.2400016784668,39.86773681640625
10088,58.45000076293945,58.77045822143555
10089,28.75,26.68780517578125
10090,30.549999237060547,30.6243896484375
10091,34.18000030517578,30.767663955688477
10092,12.029999732971191,10.128500938415527
10093,47.25,48.171730041503906
10094,39.880001068115234,44.8173828125
10095,8.3100004196167,9.513016700744629
10096,4.150000095367432,8.881221771240234
10097,34.130001068115234,31.965980529785156
10098,19.510000228881836,19.92928123474121
10099,18.200000762939453,14.461843490600586
10100,23.3700008392334,21.87965202331543
10101,23.979999542236328,26.236324310302734
10102,12.989999771118164,12.578215599060059
10103,13.890000343322754,13.364384651184082
10104,38.79999923706055,48.034236907958984
10105,31.15999984741211,26.24772071838379
10106,6.039999961853027,8.163719177246094
10107,8.880000114440918,6.726917266845703
10108,42.400001525878906,45.10285568237305
10109,33.79999923706055,37.37821960449219
10110,37.06999969482422,35.74282455444336
10111,15.880000114440918,13.928987503051758
10112,12.630000114440918,12.876317024230957
10113,34.16999816894531,31.72145652770996
10114,31.5,34.04002380371094
10115,9.010000228881836,9.328292846679688
10116,68.4000015258789,67.54145812988281
10117,18.940000534057617,16.070411682128906
10118,60.18000030517578,53.01377487182617
10119,22.399999618530273,26.337024688720703
10120,18.290000915527344,22.378068923950195
10121,29.43000030517578,28.84344482421875
10122,35.470001220703125,37.28639602661133
10123,22.18000030517578,21.418127059936523
10124,64.91000366210938,66.026611328125
10125,41.459999084472656,35.153770446777344
10126,4.579999923706055,5.413744926452637
10127,11.15999984741211,11.212112426757812
10128,37.16999816894531,39.62691116333008
10129,25.770000457763672,25.31508445739746
10130,4.920000076293945,6.289262294769287
10131,15.760000228881836,15.071922302246094
10132,21.459999084472656,17.910701751708984
10133,11.3100004196167,11.157793998718262
10134,46.150001525878906,45.92827224731445
10135,22.950000762939453,23.597591400146484
10136,20.270000457763672,21.536903381347656
10137,28.0,27.37792205810547
10138,12.270000457763672,11.423287391662598
10139,42.7400016784668,41.625614166259766
10140,24.43000030517578,26.074682235717773
10141,28.479999542236328,32.0249137878418
10142,11.970000267028809,13.037613868713379
10143,32.54999923706055,30.74681854248047
10144,14.420000076293945,12.57462215423584
10145,22.700000762939453,22.168609619140625
10146,47.630001068115234,51.559818267822266
10147,6.46999979019165,4.0001749992370605
10148,20.989999771118164,21.79620933532715
10149,9.039999961853027,9.020211219787598
10150,5.050000190734863,4.8064866065979
10151,5.829999923706055,4.0378804206848145
10152,6.429999828338623,5.406310558319092
10153,28.360000610351562,28.33220863342285
10154,8.619999885559082,8.384858131408691
10155,15.630000114440918,16.92176628112793
10156,38.61000061035156,38.335243225097656
10157,44.41999816894531,43.64509582519531
10158,30.25,33.586509704589844
10159,27.360000610351562,25.586339950561523
10160,20.020000457763672,18.529117584228516
10161,37.75,34.32160949707031
10162,24.18000030517578,24.967693328857422
10163,35.900001525878906,36.488582611083984
10164,19.549999237060547,21.141088485717773
10165,27.729999542236328,27.831787109375
10166,19.06999969482422,16.854644775390625
10167,34.15999984741211,33.51039123535156
10168,18.969999313354492,16.810298919677734
10169,25.280000686645508,24.43177032470703
10170,30.110000610351562,30.847000122070312
10171,9.170000076293945,10.578293800354004
10172,18.770000457763672,17.861635208129883
10173,39.95000076293945,40.66500473022461
10174,40.439998626708984,35.297996520996094
10175,7.78000020980835,9.180668830871582
10176,23.93000030517578,25.192073822021484
10177,7.03000020980835,7.4109625816345215
10178,47.459999084472656,49.67794418334961
10179,5.170000076293945,7.977265357971191
10180,21.760000228881836,22.633678436279297
10181,7.880000114440918,9.815616607666016
10182,9.149999618530273,10.323530197143555
10183,14.949999809265137,15.276693344116211
10184,25.100000381469727,25.532119750976562
10185,4.090000152587891,1.661232352256775
10186,27.34000015258789,30.07895278930664
10187,55.29999923706055,47.271446228027344
10188,8.899999618530273,10.452759742736816
10189,21.049999237060547,22.17628288269043
10190,33.15999984741211,35.58687973022461
10191,11.710000038146973,12.061850547790527
10192,22.15999984741211,21.838207244873047
10193,40.59000015258789,41.16352844238281
10194,56.58000183105469,59.62794876098633
10195,21.0,20.467182159423828
10196,34.66999816894531,36.66932678222656
10197,25.170000076293945,25.705890655517578
10198,29.34000015258789,30.406116485595703
10199,28.469999313354492,36.810428619384766
10200,6.980000019073486,8.595969200134277
10201,21.889999389648438,20.658611297607422
10202,39.0099983215332,47.85096740722656
10203,23.579999923706055,26.0761661529541
10204,20.329999923706055,21.894100189208984
10205,15.869999885559082,17.518470764160156
10206,29.239999771118164,24.36794662475586
10207,13.109999656677246,12.348024368286133
10208,19.8700008392334,17.055713653564453
10209,36.119998931884766,36.416725158691406
10210,39.619998931884766,39.38526916503906
10211,47.02000045776367,51.643226623535156
10212,24.829999923706055,29.51824378967285
10213,18.989999771118164,20.66998291015625
10214,31.799999237060547,39.06278610229492
10215,48.439998626708984,51.12143325805664
10216,6.239999771118164,7.707727909088135
10217,36.970001220703125,34.21953201293945
10218,52.150001525878906,53.60425567626953
10219,28.420000076293945,23.877483367919922
10220,19.440000534057617,18.922836303710938
10221,53.79999923706055,43.37895584106445
10222,17.420000076293945,19.21000862121582
10223,38.18000030517578,35.30862045288086
10224,37.060001373291016,33.98651123046875
10225,45.33000183105469,47.02849578857422
10226,3.4100000858306885,4.268915176391602
10227,39.209999084472656,43.71333312988281
10228,7.929999828338623,3.4500086307525635
10229,31.649999618530273,33.42966842651367
10230,22.31999969482422,19.332317352294922
10231,31.31999969482422,30.062767028808594
10232,28.68000030517578,30.14656639099121
10233,11.600000381469727,11.824427604675293
10234,26.450000762939453,24.141803741455078
10235,4.190000057220459,3.4676055908203125
10236,12.4399995803833,12.493701934814453
10237,64.22000122070312,59.512054443359375
10238,15.489999771118164,14.68327522277832
10239,8.65999984741211,3.9426445960998535
10240,37.939998626708984,37.56093215942383
10241,48.869998931884766,52.865966796875
10242,16.68000030517578,14.762598037719727
10243,24.010000228881836,24.307527542114258
10244,12.5600004196167,14.527040481567383
10245,12.850000381469727,11.593498229980469
10246,13.180000305175781,11.250714302062988
10247,19.84000015258789,16.504465103149414
10248,60.88999938964844,62.367942810058594
10249,43.15999984741211,45.29063034057617
10250,38.720001220703125,40.32327651977539
10251,19.3799991607666,20.209203720092773
10252,69.88999938964844,63.89734649658203
10253,27.739999771118164,27.856603622436523
10254,6.860000133514404,7.933744430541992
10255,16.219999313354492,13.563151359558105
10256,17.399999618530273,16.090312957763672
10257,17.6299991607666,18.06920623779297
10258,50.84000015258789,58.061790466308594
10259,31.540000915527344,31.918859481811523
10260,43.54999923706055,44.645957946777344
10261,47.529998779296875,49.189002990722656
10262,17.100000381469727,18.2281436920166
10263,49.869998931884766,53.91130828857422
10264,48.5099983215332,47.90547180175781
10265,10.5,11.25455093383789
10266,26.549999237060547,28.649051666259766
10267,21.149999618530273,18.41048812866211
10268,29.850000381469727,31.566829681396484
10269,32.849998474121094,35.6624755859375
10270,69.05999755859375,65.90849304199219
10271,41.349998474121094,39.89446258544922
10272,4.820000171661377,6.388947010040283
10273,23.770000457763672,23.11258888244629
10274,15.829999923706055,15.379072189331055
10275,30.610000610351562,32.58049774169922
10276,54.189998626708984,54.21037292480469
10277,31.969999313354492,28.80830192565918
10278,47.630001068115234,40.52423858642578
10279,19.90999984741211,21.204524993896484
10280,15.829999923706055,14.276174545288086
10281,6.550000190734863,6.512206077575684
10282,49.279998779296875,47.50452423095703
10283,22.84000015258789,20.435073852539062
10284,30.459999084472656,32.494895935058594
10285,21.15999984741211,21.60378646850586
10286,6.449999809265137,5.215719699859619
10287,14.369999885559082,13.498809814453125
10288,29.920000076293945,29.051231384277344
10289,43.79999923706055,35.37541961669922
10290,12.970000267028809,9.828960418701172
10291,8.289999961853027,8.723457336425781
10292,56.36000061035156,49.89646911621094
10293,59.849998474121094,57.404747009277344
10294,31.950000762939453,32.10817337036133
10295,33.27000045776367,32.71748352050781
10296,50.900001525878906,54.29566955566406
10297,23.440000534057617,26.71830940246582
10298,33.939998626708984,37.738216400146484
10299,5.480000019073486,4.498168468475342
10300,32.849998474121094,29.235118865966797
10301,9.40999984741211,10.960884094238281
10302,35.900001525878906,32.850929260253906
10303,11.859999656677246,10.680191993713379
10304,33.220001220703125,35.20878219604492
10305,29.280000686645508,30.923566818237305
10306,13.609999656677246,16.160661697387695
10307,19.489999771118164,23.032377243041992
10308,26.06999969482422,29.950855255126953
10309,18.889999389648438,21.420413970947266
10310,20.6299991607666,21.488733291625977
10311,15.34000015258789,15.406133651733398
10312,16.149999618530273,14.834553718566895
10313,7.929999828338623,7.197703838348389
10314,31.989999771118164,31.797834396362305
10315,21.780000686645508,19.533588409423828
10316,50.529998779296875,55.18535232543945
10317,8.25,9.063298225402832
10318,6.519999980926514,5.479401111602783
10319,10.40999984741211,10.232998847961426
10320,25.690000534057617,26.943063735961914
10321,7.449999809265137,4.892782211303711
10322,17.760000228881836,14.54306411743164
10323,18.809999465942383,19.841835021972656
10324,11.529999732971191,7.641918182373047
10325,58.75,58.07459259033203
10326,55.15999984741211,56.787071228027344
10327,15.789999961853027,15.896998405456543
10328,13.109999656677246,16.076370239257812
10329,4.46999979019165,3.555009603500366
10330,18.40999984741211,19.01019287109375
10331,74.51000213623047,62.33446502685547
10332,17.399999618530273,16.521581649780273
10333,10.270000457763672,9.950878143310547
10334,17.360000610351562,18.150516510009766
10335,20.389999389648438,18.256311416625977
10336,13.779999732971191,16.45252227783203
10337,9.729999542236328,10.384870529174805
10338,2.0299999713897705,5.796151638031006
10339,12.069999694824219,10.289255142211914
10340,27.959999084472656,30.284700393676758
10341,30.81999969482422,33.354576110839844
10342,11.84000015258789,12.682562828063965
10343,22.360000610351562,22.570053100585938
10344,27.579999923706055,25.3736629486084
10345,45.93000030517578,39.865867614746094
10346,43.04999923706055,42.80561065673828
10347,32.65999984741211,30.54364776611328
10348,52.4900016784668,54.444549560546875
10349,17.68000030517578,16.117294311523438
10350,53.68000030517578,53.89679718017578
10351,15.800000190734863,16.292314529418945
10352,18.450000762939453,18.792829513549805
10353,10.90999984741211,10.24882984161377
10354,12.029999732971191,12.755892753601074
10355,2.809999942779541,0.8356631994247437
10356,64.9000015258789,56.84622573852539
10357,7.119999885559082,6.607441425323486
10358,48.18000030517578,45.74397277832031
10359,26.299999237060547,26.115060806274414
10360,12.4399995803833,15.015174865722656
10361,40.029998779296875,46.85541534423828
10362,15.880000114440918,13.723431587219238
10363,37.970001220703125,42.08380126953125
10364,12.670000076293945,14.860553741455078
10365,34.77000045776367,40.88684844970703
10366,37.93000030517578,34.61570739746094
10367,23.3700008392334,24.232526779174805
10368,58.459999084472656,57.64511489868164
10369,12.15999984741211,11.700652122497559
10370,48.75,50.86064910888672
10371,66.70999908447266,61.4654426574707
10372,19.850000381469727,21.148082733154297
10373,20.5,20.010295867919922
10374,11.529999732971191,12.647963523864746
10375,11.5,10.650045394897461
10376,23.020000457763672,25.62250328063965
10377,50.869998931884766,52.8751220703125
10378,40.22999954223633,38.10357666015625
10379,28.290000915527344,24.467124938964844
10380,19.670000076293945,20.044200897216797
10381,23.110000610351562,23.904964447021484
10382,16.790000915527344,17.467069625854492
10383,22.600000381469727,24.543800354003906
10384,43.459999084472656,41.211151123046875
10385,34.939998626708984,36.919376373291016
10386,41.040000915527344,43.90001678466797
10387,38.02000045776367,34.075565338134766
10388,9.829999923706055,9.846404075622559
10389,16.329999923706055,13.328062057495117
10390,54.16999816894531,55.50975036621094
10391,32.290000915527344,30.6580867767334
10392,42.97999954223633,43.524417877197266
10393,29.209999084472656,29.91939926147461
10394,39.27000045776367,35.54860305786133
10395,32.16999816894531,34.02526092529297
10396,17.770000457763672,17.126750946044922
10397,21.229999542236328,21.155363082885742
10398,23.1200008392334,22.91321563720703
10399,9.1899995803833,9.131674766540527
10400,6.599999904632568,7.276712417602539
10401,63.13999938964844,67.31257629394531
10402,33.869998931884766,34.75440216064453
10403,30.1200008392334,28.625864028930664
10404,4.860000133514404,8.644899368286133
10405,10.430000305175781,11.03294849395752
10406,4.650000095367432,7.055727005004883
10407,32.79999923706055,30.387657165527344
10408,24.1299991607666,24.431825637817383
10409,16.729999542236328,18.239185333251953
10410,53.630001068115234,61.446693420410156
10411,29.90999984741211,28.008472442626953
10412,22.530000686645508,25.459365844726562
10413,24.8799991607666,26.790809631347656
10414,30.219999313354492,30.844470977783203
10415,41.869998931884766,43.444881439208984
10416,15.529999732971191,13.60495376586914
10417,6.570000171661377,7.576727390289307
10418,19.15999984741211,18.313732147216797
10419,21.290000915527344,20.233192443847656
10420,27.030000686645508,25.274580001831055
10421,50.5,57.5204963684082
10422,18.84000015258789,19.87975311279297
10423,6.570000171661377,8.165082931518555
10424,13.390000343322754,14.05069637298584
10425,19.68000030517578,20.55055046081543
10426,52.56999969482422,54.00154113769531
10427,37.540000915527344,36.776947021484375
10428,13.859999656677246,14.142163276672363
10429,10.170000076293945,9.973892211914062
10430,18.610000610351562,17.22182846069336
10431,12.270000457763672,11.932785034179688
10432,13.140000343322754,15.71457290649414
10433,42.56999969482422,40.9366569519043
10434,45.38999938964844,40.28627014160156
10435,27.68000030517578,27.356075286865234
10436,32.349998474121094,33.32681655883789
10437,37.13999938964844,37.076053619384766
10438,8.079999923706055,8.902377128601074
10439,63.790000915527344,64.46034240722656
10440,21.809999465942383,22.64151382446289
10441,9.729999542236328,8.666415214538574
10442,37.650001525878906,33.52377700805664
10443,10.869999885559082,11.731547355651855
10444,13.0,10.836501121520996
10445,24.600000381469727,20.802766799926758
10446,25.809999465942383,26.269075393676758
10447,2.940000057220459,1.264770269393921
10448,39.0099983215332,36.31013488769531
10449,21.649999618530273,20.225936889648438
10450,70.72000122070312,71.07657623291016
10451,43.93000030517578,38.207523345947266
10452,7.599999904632568,9.467949867248535
10453,21.770000457763672,22.131206512451172
10454,41.470001220703125,48.84638977050781
10455,18.510000228881836,18.714824676513672
10456,21.0,23.766319274902344
10457,62.060001373291016,57.786460876464844
10458,28.6299991607666,32.59682083129883
10459,49.11000061035156,55.97793960571289
10460,3.9100000858306885,5.316995620727539
10461,13.819999694824219,13.983382225036621
10462,22.649999618530273,26.570112228393555
10463,45.72999954223633,49.170780181884766
10464,32.31999969482422,39.510292053222656
10465,24.760000228881836,25.02679443359375
10466,51.130001068115234,50.856048583984375
10467,34.54999923706055,30.350727081298828
10468,35.97999954223633,36.80074691772461
10469,5.28000020980835,7.694747447967529
10470,21.139999389648438,20.60775375366211
10471,48.0099983215332,50.499473571777344
10472,13.489999771118164,14.468917846679688
10473,36.380001068115234,36.706459045410156
10474,43.380001068115234,38.791046142578125
10475,47.400001525878906,38.892337799072266
10476,27.440000534057617,30.868732452392578
10477,30.799999237060547,28.233013153076172
10478,9.100000381469727,9.232431411743164
10479,40.5099983215332,43.26217269897461
10480,20.329999923706055,19.51736831665039
10481,23.850000381469727,27.046222686767578
10482,24.65999984741211,28.633525848388672
10483,22.329999923706055,22.496156692504883
10484,42.029998779296875,42.41783142089844
10485,28.469999313354492,25.673412322998047
10486,41.4900016784668,48.83639907836914
10487,35.79999923706055,34.109092712402344
10488,9.0600004196167,7.721012115478516
10489,46.369998931884766,42.823646545410156
10490,13.180000305175781,14.263361930847168
10491,8.050000190734863,8.209010124206543
10492,70.44999694824219,63.756256103515625
10493,73.9000015258789,71.90938568115234
10494,50.58000183105469,45.365055084228516
10495,17.059999465942383,17.478107452392578
10496,7.349999904632568,6.478013038635254
10497,14.229999542236328,14.777039527893066
10498,32.689998626708984,30.86333465576172
10499,32.20000076293945,34.53626251220703
10500,14.430000305175781,12.699302673339844
10501,32.439998626708984,32.863494873046875
10502,21.329999923706055,23.431987762451172
10503,26.90999984741211,22.88701057434082
10504,54.849998474121094,55.18016052246094
10505,8.029999732971191,6.151855945587158
10506,12.199999809265137,12.492578506469727
10507,46.70000076293945,44.30928421020508
10508,24.280000686645508,28.712406158447266
10509,24.510000228881836,24.82293128967285
10510,27.93000030517578,25.583881378173828
10511,38.75,43.44071960449219
10512,29.34000015258789,26.331300735473633
10513,53.630001068115234,42.0880126953125
10514,17.3799991607666,16.409093856811523
10515,30.06999969482422,36.491458892822266
10516,8.640000343322754,8.409219741821289
10517,42.849998474121094,42.09182357788086
10518,19.670000076293945,19.39967918395996
10519,4.050000190734863,6.0793914794921875
10520,34.4900016784668,34.64842224121094
10521,27.309999465942383,24.501150131225586
10522,53.27000045776367,48.637351989746094
10523,19.06999969482422,18.89047622680664
10524,47.790000915527344,52.983558654785156
10525,15.649999618530273,40.807552337646484
10526,21.690000534057617,19.395906448364258
10527,42.400001525878906,37.96196365356445
10528,53.470001220703125,51.906036376953125
10529,3.880000114440918,1.5423928499221802
10530,15.170000076293945,14.492754936218262
10531,27.200000762939453,26.566343307495117
10532,2.7899999618530273,2.7961974143981934
10533,26.559999465942383,26.92350196838379
10534,62.08000183105469,59.2552375793457
10535,12.680000305175781,11.222959518432617
10536,24.809999465942383,25.73875617980957
10537,15.479999542236328,14.514492988586426
10538,31.34000015258789,26.500934600830078
10539,28.65999984741211,32.428165435791016
10540,21.489999771118164,21.51956558227539
10541,25.690000534057617,27.973018646240234
10542,52.400001525878906,50.25948715209961
10543,35.43000030517578,36.08803176879883
10544,8.359999656677246,11.672689437866211
10545,32.36000061035156,35.70012664794922
10546,60.0099983215332,56.83485412597656
10547,11.199999809265137,11.905942916870117
10548,23.040000915527344,23.177623748779297
10549,41.66999816894531,40.35643005371094
10550,50.650001525878906,46.425148010253906
10551,37.189998626708984,31.5698184967041
10552,5.139999866485596,3.462193250656128
10553,29.110000610351562,30.909378051757812
10554,24.81999969482422,28.547426223754883
10555,25.25,28.532848358154297
10556,46.099998474121094,57.48185729980469
10557,15.609999656677246,16.46146011352539
10558,12.770000457763672,14.358590126037598
10559,24.030000686645508,23.160512924194336
10560,26.549999237060547,26.091632843017578
10561,7.079999923706055,6.572498321533203
10562,28.690000534057617,34.697486877441406
10563,11.210000038146973,11.579126358032227
10564,24.06999969482422,26.235660552978516
10565,23.219999313354492,25.15838050842285
10566,4.03000020980835,9.923359870910645
10567,17.020000457763672,15.975563049316406
10568,19.079999923706055,20.21633529663086
10569,25.18000030517578,24.883852005004883
10570,50.88999938964844,48.54974365234375
10571,9.220000267028809,9.718023300170898
10572,10.350000381469727,9.193154335021973
10573,18.8799991607666,18.26979637145996
10574,14.710000038146973,11.995841979980469
10575,9.359999656677246,10.876851081848145
10576,14.1899995803833,17.105573654174805
10577,31.700000762939453,33.28303909301758
10578,39.86000061035156,42.88016891479492
10579,34.02000045776367,34.79416275024414
10580,26.31999969482422,26.305458068847656
10581,34.5099983215332,35.804344177246094
10582,18.3799991607666,18.065746307373047
10583,47.959999084472656,45.445919036865234
10584,35.900001525878906,45.70344543457031
10585,27.950000762939453,32.410316467285156
10586,43.54999923706055,40.569664001464844
10587,10.300000190734863,10.2257719039917
10588,23.399999618530273,21.886207580566406
10589,6.730000019073486,7.325351715087891
10590,66.30999755859375,65.82019805908203
10591,22.520000457763672,25.037006378173828
10592,49.029998779296875,53.3453254699707
10593,1.8300000429153442,3.5813848972320557
10594,29.979999542236328,28.862478256225586
10595,20.290000915527344,39.91716003417969
10596,20.110000610351562,15.089171409606934
10597,76.37000274658203,68.87663269042969
10598,27.6200008392334,30.695554733276367
10599,19.639999389648438,24.757259368896484
10600,42.04999923706055,30.97524642944336
10601,17.290000915527344,18.47193145751953
10602,65.77999877929688,54.601905822753906
10603,28.420000076293945,30.898468017578125
10604,13.130000114440918,11.604755401611328
10605,13.84000015258789,13.887535095214844
10606,23.360000610351562,24.993614196777344
10607,54.2599983215332,54.88032913208008
10608,24.579999923706055,21.2467041015625
10609,41.09000015258789,45.82355499267578
10610,48.310001373291016,46.42333221435547
10611,35.40999984741211,36.37479782104492
10612,6.5,7.075671195983887
10613,19.719999313354492,20.9981632232666
10614,33.93000030517578,34.06574249267578
10615,18.860000610351562,19.017356872558594
10616,53.93000030517578,55.81239318847656
10617,29.530000686645508,28.359283447265625
10618,70.20999908447266,65.43795776367188
10619,56.20000076293945,54.01921081542969
10620,50.689998626708984,46.62474060058594
10621,15.100000381469727,15.062056541442871
10622,15.640000343322754,13.51484489440918
10623,23.920000076293945,23.75149917602539
10624,36.290000915527344,36.71226501464844
10625,26.31999969482422,29.57375717163086
10626,15.100000381469727,11.360067367553711
10627,5.429999828338623,8.507988929748535
10628,27.360000610351562,25.89409637451172
10629,32.5099983215332,30.074169158935547
10630,13.84000015258789,12.490443229675293
10631,52.09000015258789,53.8903923034668
10632,52.040000915527344,51.52454376220703
10633,13.670000076293945,13.01291275024414
10634,14.069999694824219,13.254568099975586
10635,48.529998779296875,48.84325408935547
10636,37.16999816894531,37.542728424072266
10637,24.399999618530273,24.235177993774414
10638,32.619998931884766,36.23561096191406
10639,34.349998474121094,31.377647399902344
10640,49.099998474121094,46.190250396728516
10641,27.950000762939453,27.384353637695312
10642,12.0,13.197376251220703
10643,43.470001220703125,44.560935974121094
10644,69.91999816894531,61.92164611816406
10645,28.3700008392334,30.715606689453125
10646,46.43000030517578,49.81146240234375
10647,42.459999084472656,42.084075927734375
10648,7.78000020980835,7.950870990753174
10649,18.040000915527344,17.92868423461914
10650,26.479999542236328,24.985584259033203
10651,2.4000000953674316,2.842966079711914
10652,59.2400016784668,45.00875473022461
10653,22.350000381469727,22.313663482666016
10654,27.1200008392334,23.291173934936523
10655,10.449999809265137,14.696258544921875
10656,43.290000915527344,41.72852325439453
10657,31.06999969482422,31.587648391723633
10658,13.140000343322754,13.71445369720459
10659,39.599998474121094,49.528297424316406
10660,31.579999923706055,30.93817138671875
10661,34.63999938964844,31.171043395996094
10662,22.68000030517578,21.126049041748047
10663,11.390000343322754,8.032520294189453
10664,24.020000457763672,23.22883415222168
10665,15.069999694824219,15.19262981414795
10666,48.83000183105469,49.64748764038086
10667,38.279998779296875,41.84464645385742
10668,8.029999732971191,11.374605178833008
10669,27.65999984741211,29.193655014038086
10670,13.3100004196167,18.849742889404297
10671,40.36000061035156,38.830467224121094
10672,43.84000015258789,46.0174674987793
10673,11.119999885559082,8.06801700592041
10674,7.570000171661377,6.06863260269165
10675,24.549999237060547,25.04681396484375
10676,60.130001068115234,60.20637130737305
10677,36.310001373291016,33.602928161621094
10678,46.349998474121094,51.65868377685547
10679,32.209999084472656,32.96440124511719
10680,6.260000228881836,8.769526481628418
10681,13.050000190734863,12.074588775634766
10682,39.7400016784668,36.5164794921875
10683,50.040000915527344,45.52601623535156
10684,3.4000000953674316,8.59741497039795
10685,2.559999942779541,2.3648629188537598
10686,13.029999732971191,12.638022422790527
10687,36.599998474121094,33.88928985595703
10688,12.90999984741211,14.58293628692627
10689,21.18000030517578,22.170822143554688
10690,32.27000045776367,34.22932815551758
10691,31.56999969482422,27.85519790649414
10692,2.690000057220459,0.30146172642707825
10693,55.189998626708984,56.438682556152344
10694,14.09000015258789,13.460238456726074
10695,52.95000076293945,51.973392486572266
10696,17.200000762939453,18.43382453918457
10697,42.25,42.29466247558594
10698,6.440000057220459,15.337535858154297
10699,21.190000534057617,21.78998374938965
10700,6.28000020980835,7.179159641265869
10701,17.290000915527344,16.03846549987793
10702,16.6200008392334,13.42379093170166
10703,73.18000030517578,71.39714813232422
10704,20.290000915527344,21.7596435546875
10705,47.650001525878906,45.72257995605469
10706,8.520000457763672,8.6577730178833
10707,76.08000183105469,72.19145202636719
10708,11.770000457763672,12.390803337097168
10709,2.0799999237060547,4.469706058502197
10710,13.34000015258789,16.147933959960938
10711,51.22999954223633,46.777061462402344
10712,23.18000030517578,25.196273803710938
10713,11.880000114440918,10.889726638793945
10714,25.34000015258789,22.460176467895508
10715,63.599998474121094,60.36652755737305
10716,18.799999237060547,19.15606117248535
10717,17.81999969482422,15.401053428649902
10718,6.210000038146973,7.444156169891357
10719,33.15999984741211,34.86969757080078
10720,29.18000030517578,30.08391571044922
10721,20.270000457763672,19.067895889282227
10722,3.6600000858306885,4.226659774780273
10723,63.81999969482422,52.49564743041992
10724,11.25,9.357388496398926
10725,32.66999816894531,35.5649299621582
10726,46.22999954223633,45.96784973144531
10727,9.180000305175781,8.477096557617188
10728,26.530000686645508,28.41564178466797
10729,12.1899995803833,11.040220260620117
10730,56.47999954223633,53.933921813964844
10731,33.61000061035156,32.40345764160156
10732,25.31999969482422,24.3619327545166
10733,26.450000762939453,25.012680053710938
10734,34.790000915527344,32.77758026123047
10735,37.86000061035156,37.5328369140625
10736,54.86000061035156,53.82270812988281
10737,7.010000228881836,7.115485668182373
10738,14.699999809265137,13.580893516540527
10739,28.780000686645508,31.89937400817871
10740,47.70000076293945,42.07378387451172
10741,41.83000183105469,35.68315505981445
10742,14.3100004196167,18.518659591674805
10743,34.720001220703125,33.520633697509766
10744,21.950000762939453,23.073915481567383
10745,23.399999618530273,23.39623260498047
10746,52.02000045776367,54.30411911010742
10747,47.790000915527344,38.548118591308594
10748,58.61000061035156,66.35254669189453
10749,23.90999984741211,23.99367904663086
10750,28.059999465942383,29.529150009155273
10751,38.709999084472656,40.76306915283203
10752,30.520000457763672,30.16153335571289
10753,19.059999465942383,20.454429626464844
10754,55.08000183105469,54.83999252319336
10755,11.359999656677246,11.193203926086426
10756,52.540000915527344,48.82939147949219
10757,14.989999771118164,13.787288665771484
10758,5.28000020980835,4.1493964195251465
10759,12.6899995803833,13.684216499328613
10760,15.739999771118164,16.39469337463379
10761,26.31999969482422,23.69076919555664
10762,18.420000076293945,20.08708953857422
10763,31.670000076293945,33.48058319091797
10764,6.920000076293945,8.8503999710083
10765,63.790000915527344,57.28190994262695
10766,28.3799991607666,30.04770278930664
10767,9.460000038146973,8.508872032165527
10768,27.729999542236328,31.499988555908203
10769,43.560001373291016,51.604286193847656
10770,36.400001525878906,36.90596389770508
10771,16.489999771118164,16.315536499023438
10772,26.84000015258789,27.2885799407959
10773,36.25,37.32093811035156
10774,9.180000305175781,4.667506217956543
10775,37.529998779296875,37.30868911743164
10776,22.989999771118164,21.059703826904297
10777,21.84000015258789,19.7738037109375
10778,45.470001220703125,47.81376647949219
10779,24.959999084472656,21.832332611083984
10780,44.61000061035156,42.158714294433594
10781,15.65999984741211,17.082382202148438
10782,39.66999816894531,34.43495178222656
10783,39.029998779296875,48.20817565917969
10784,28.059999465942383,31.02888298034668
10785,62.79999923706055,62.42267990112305
10786,14.220000267028809,14.574504852294922
10787,14.899999618530273,14.55066967010498
10788,21.100000381469727,16.456687927246094
10789,5.300000190734863,8.437870979309082
10790,33.790000915527344,35.03034210205078
10791,13.289999961853027,23.536376953125
10792,36.810001373291016,41.83414077758789
10793,26.600000381469727,30.714475631713867
10794,27.309999465942383,25.455371856689453
10795,51.63999938964844,57.950660705566406
10796,27.59000015258789,25.687911987304688
10797,32.7599983215332,41.23145294189453
10798,57.209999084472656,57.29113006591797
10799,36.040000915527344,40.49711608886719
10800,7.440000057220459,5.697134494781494
10801,35.45000076293945,36.13636016845703
10802,27.969999313354492,24.195335388183594
10803,17.600000381469727,15.626407623291016
10804,52.9900016784668,52.02223205566406
10805,22.040000915527344,22.237491607666016
10806,44.63999938964844,44.481224060058594
10807,19.100000381469727,22.101396560668945
10808,59.09000015258789,58.17457962036133
10809,44.97999954223633,40.5755500793457
10810,53.650001525878906,51.70790481567383
10811,37.97999954223633,39.36902618408203
10812,15.109999656677246,15.974273681640625
10813,45.5099983215332,45.3427619934082
10814,24.549999237060547,28.01028060913086
10815,41.060001373291016,39.27001953125
10816,41.38999938964844,44.770565032958984
10817,2.0999999046325684,7.9874114990234375
10818,21.649999618530273,19.639318466186523
10819,44.75,46.8293571472168
10820,7.059999942779541,6.600428104400635
10821,27.6299991607666,29.62590789794922
10822,37.52000045776367,47.89048385620117
10823,10.920000076293945,14.669220924377441
10824,7.519999980926514,7.509369373321533
10825,35.7400016784668,38.82609939575195
10826,42.95000076293945,40.52323532104492
10827,32.380001068115234,32.575069427490234
10828,28.600000381469727,31.23160743713379
10829,32.439998626708984,29.780338287353516
10830,34.459999084472656,36.60999298095703
10831,36.630001068115234,39.971702575683594
10832,18.829999923706055,19.18238067626953
10833,34.369998931884766,33.40049362182617
10834,12.319999694824219,10.720598220825195
10835,11.15999984741211,12.25117015838623
10836,23.959999084472656,25.612031936645508
10837,15.800000190734863,16.80990219116211
10838,10.130000114440918,7.957098960876465
10839,55.060001373291016,44.272682189941406
10840,14.949999809265137,14.200557708740234
10841,49.91999816894531,57.38762664794922
10842,32.79999923706055,34.49648666381836
10843,22.059999465942383,36.052913665771484
10844,7.679999828338623,6.347067832946777
10845,22.940000534057617,24.289480209350586
10846,22.010000228881836,21.119556427001953
10847,27.030000686645508,34.24295425415039
10848,22.709999084472656,21.706329345703125
10849,19.469999313354492,19.89954948425293
10850,8.239999771118164,6.398533344268799
10851,11.479999542236328,9.334526062011719
10852,6.409999847412109,7.245867729187012
10853,18.5,18.800838470458984
10854,74.12000274658203,71.76985931396484
10855,19.670000076293945,19.739376068115234
10856,32.279998779296875,30.04076385498047
10857,39.68000030517578,40.33776092529297
10858,49.70000076293945,48.813255310058594
10859,15.09000015258789,17.90885353088379
10860,25.600000381469727,20.26955223083496
10861,19.06999969482422,17.99779510498047
10862,34.630001068115234,34.65446853637695
10863,9.079999923706055,7.66879940032959
10864,59.310001373291016,64.64116668701172
10865,12.449999809265137,10.058250427246094
10866,52.22999954223633,48.634010314941406
10867,55.88999938964844,53.93050765991211
10868,13.819999694824219,7.1718668937683105
10869,13.380000114440918,13.528729438781738
10870,73.29000091552734,74.91523742675781
10871,38.77000045776367,33.871360778808594
10872,8.1899995803833,6.462477684020996
10873,8.170000076293945,10.251612663269043
10874,27.190000534057617,34.307579040527344
10875,23.530000686645508,21.754297256469727
10876,20.899999618530273,21.768280029296875
10877,71.4800033569336,68.0984878540039
10878,17.649999618530273,17.175100326538086
10879,19.020000457763672,15.339086532592773
10880,26.1200008392334,28.646495819091797
10881,18.799999237060547,15.016229629516602
10882,28.360000610351562,25.192062377929688
10883,17.329999923706055,15.726216316223145
10884,55.06999969482422,52.562992095947266
10885,22.110000610351562,23.447383880615234
10886,10.600000381469727,11.152783393859863
10887,36.83000183105469,38.32001495361328
10888,21.18000030517578,19.2224063873291
10889,60.380001068115234,54.12022018432617
10890,10.979999542236328,12.321362495422363
10891,40.2400016784668,45.271305084228516
10892,3.9200000762939453,4.447479248046875
10893,40.91999816894531,45.60811233520508
10894,33.95000076293945,31.82961654663086
10895,60.790000915527344,50.54265594482422
10896,20.360000610351562,20.159469604492188
10897,8.970000267028809,9.71469497680664
10898,23.540000915527344,29.920106887817383
10899,27.440000534057617,27.875247955322266
10900,3.3499999046325684,3.350036144256592
10901,13.4399995803833,15.90537166595459
10902,1.4199999570846558,2.3213796615600586
10903,79.37000274658203,63.79509735107422
10904,22.780000686645508,23.070995330810547
10905,47.619998931884766,59.37789535522461
10906,13.239999771118164,12.360566139221191
10907,22.979999542236328,24.880033493041992
10908,59.08000183105469,58.59310531616211
10909,35.63999938964844,34.3765754699707
10910,27.940000534057617,23.616077423095703
10911,32.2400016784668,31.12556266784668
10912,11.4399995803833,11.968091011047363
10913,18.549999237060547,18.253761291503906
10914,15.880000114440918,16.33339500427246
10915,5.949999809265137,4.482956409454346
10916,35.41999816894531,33.64378356933594
10917,21.690000534057617,19.26651954650879
10918,22.270000457763672,22.719558715820312
10919,52.290000915527344,52.14507293701172
10920,24.3799991607666,24.59333038330078
10921,45.56999969482422,47.913490295410156
10922,65.27999877929688,66.21377563476562
10923,14.710000038146973,18.167953491210938
10924,30.260000228881836,31.187026977539062
10925,24.3799991607666,20.98778533935547
10926,5.46999979019165,6.012580871582031
10927,12.920000076293945,12.448453903198242
10928,38.0,35.718162536621094
10929,19.450000762939453,16.260189056396484
10930,33.31999969482422,36.316917419433594
10931,25.459999084472656,30.16580581665039
10932,41.38999938964844,42.517181396484375
10933,18.010000228881836,19.048179626464844
10934,23.75,27.121501922607422
10935,29.809999465942383,30.78191566467285
10936,16.68000030517578,14.986774444580078
10937,23.079999923706055,22.33316421508789
10938,22.770000457763672,24.068111419677734
10939,47.029998779296875,45.60252380371094
10940,56.81999969482422,57.787254333496094
10941,52.16999816894531,49.78739929199219
10942,40.7599983215332,46.71892547607422
10943,7.840000152587891,8.516464233398438
10944,3.359999895095825,4.33410120010376
10945,40.65999984741211,43.70304870605469
10946,38.279998779296875,35.76850128173828
10947,38.689998626708984,38.76115417480469
10948,25.40999984741211,24.055063247680664
10949,57.630001068115234,60.81406784057617
10950,52.060001373291016,47.48577117919922
10951,13.420000076293945,12.19063663482666
10952,9.460000038146973,9.94780445098877
10953,71.83999633789062,66.09832763671875
10954,1.7200000286102295,3.2854111194610596
10955,44.349998474121094,41.09081268310547
10956,51.2400016784668,52.06578826904297
10957,10.630000114440918,13.792952537536621
10958,48.0,52.969459533691406
10959,25.829999923706055,26.002058029174805
10960,21.600000381469727,17.38138198852539
10961,21.239999771118164,23.857053756713867
10962,20.1200008392334,19.370576858520508
10963,18.700000762939453,21.133527755737305
10964,22.889999389648438,22.941593170166016
10965,39.36000061035156,39.2984619140625
10966,19.299999237060547,18.7408447265625
10967,49.02000045776367,45.81538009643555
10968,30.75,29.31205177307129
10969,2.059999942779541,11.138291358947754
10970,8.710000038146973,10.40812873840332
10971,27.56999969482422,27.094655990600586
10972,49.58000183105469,50.8448486328125
10973,16.309999465942383,15.896116256713867
10974,24.170000076293945,25.818153381347656
10975,21.969999313354492,23.90167236328125
10976,24.209999084472656,25.299560546875
10977,51.060001373291016,58.83931350708008
10978,21.219999313354492,22.571792602539062
10979,38.33000183105469,38.78916549682617
10980,20.75,24.407012939453125
10981,22.270000457763672,20.96554946899414
10982,27.0,26.869007110595703
10983,18.6299991607666,19.320507049560547
10984,16.84000015258789,18.18616485595703
10985,35.2400016784668,32.52843475341797
10986,22.68000030517578,24.441070556640625
10987,48.31999969482422,41.86946105957031
10988,36.5,35.90082550048828
10989,14.720000267028809,15.81149959564209
10990,56.40999984741211,57.45682907104492
10991,12.600000381469727,14.948979377746582
10992,36.02000045776367,35.821041107177734
10993,27.969999313354492,26.334980010986328
10994,13.220000267028809,12.843985557556152
10995,19.639999389648438,15.661489486694336
10996,23.399999618530273,25.9312801361084
10997,55.619998931884766,44.83732223510742
10998,45.130001068115234,42.121639251708984
10999,11.130000114440918,9.582151412963867
11000,24.6299991607666,24.481473922729492
11001,46.630001068115234,43.085567474365234
11002,66.06999969482422,62.647274017333984
11003,20.34000015258789,19.74002456665039
11004,19.209999084472656,17.214492797851562
11005,42.439998626708984,42.2805290222168
11006,11.619999885559082,12.648653984069824
11007,23.559999465942383,21.845657348632812
11008,19.809999465942383,21.16051483154297
11009,54.2599983215332,49.1021842956543
11010,13.739999771118164,16.177051544189453
11011,35.81999969482422,35.42816925048828
11012,20.530000686645508,25.33871841430664
11013,20.469999313354492,17.535205841064453
11014,29.079999923706055,26.66404151916504
11015,6.829999923706055,19.779830932617188
11016,28.559999465942383,30.025440216064453
11017,61.18000030517578,61.59931564331055
11018,18.93000030517578,21.810434341430664
11019,17.309999465942383,18.820323944091797
11020,14.5,17.346559524536133
11021,14.40999984741211,15.574837684631348
11022,70.87000274658203,57.61361312866211
11023,23.90999984741211,24.224058151245117
11024,8.760000228881836,9.80723762512207
11025,7.230000019073486,10.924416542053223
11026,36.88999938964844,40.2716064453125
11027,52.310001373291016,51.19476318359375
11028,21.450000762939453,24.529836654663086
11029,4.039999961853027,20.323257446289062
11030,19.809999465942383,21.031492233276367
11031,6.179999828338623,3.2417004108428955
11032,15.779999732971191,14.56759262084961
11033,18.270000457763672,17.501449584960938
11034,69.87000274658203,67.37801361083984
11035,14.329999923706055,14.76999568939209
11036,42.09000015258789,42.82381820678711
11037,32.52000045776367,35.76097106933594
11038,25.389999389648438,24.751964569091797
11039,12.199999809265137,10.506095886230469
11040,2.5,12.385997772216797
11041,7.550000190734863,5.8194475173950195
11042,34.209999084472656,34.747230529785156
11043,16.510000228881836,22.50702667236328
11044,15.850000381469727,12.70079517364502
11045,23.719999313354492,23.909717559814453
11046,59.060001373291016,65.3946533203125
11047,17.81999969482422,17.42116928100586
11048,43.66999816894531,37.487579345703125
11049,10.630000114440918,11.413336753845215
11050,29.950000762939453,29.994918823242188
11051,23.84000015258789,23.900705337524414
11052,14.890000343322754,12.365204811096191
11053,53.90999984741211,55.12678909301758
11054,17.540000915527344,18.77952003479004
11055,9.5600004196167,7.730424404144287
11056,19.049999237060547,18.440155029296875
11057,16.790000915527344,16.082386016845703
11058,26.889999389648438,28.88451385498047
11059,19.010000228881836,16.469728469848633
11060,17.780000686645508,15.779587745666504
11061,17.719999313354492,17.53795623779297
11062,51.84000015258789,59.425323486328125
11063,67.12000274658203,55.16585159301758
11064,17.860000610351562,14.600672721862793
11065,46.290000915527344,30.447620391845703
11066,16.729999542236328,17.51295280456543
11067,23.440000534057617,25.250904083251953
11068,22.399999618530273,22.538299560546875
11069,15.920000076293945,17.89337921142578
11070,38.09000015258789,33.57679748535156
11071,17.8799991607666,15.42631721496582
11072,35.04999923706055,27.930082321166992
11073,38.86000061035156,31.05647087097168
11074,17.850000381469727,18.34720230102539
11075,15.380000114440918,15.417243957519531
11076,28.950000762939453,26.37769317626953
11077,8.010000228881836,7.1465654373168945
11078,3.5799999237060547,3.7779781818389893
11079,21.760000228881836,22.357601165771484
11080,24.06999969482422,24.255794525146484
11081,47.77000045776367,46.956058502197266
11082,8.529999732971191,6.844120979309082
11083,30.440000534057617,36.401611328125
11084,43.95000076293945,38.019405364990234
11085,54.45000076293945,51.840797424316406
11086,22.530000686645508,21.80613136291504
11087,68.27999877929688,60.658355712890625
11088,6.800000190734863,6.726830005645752
11089,57.47999954223633,56.55708312988281
11090,30.290000915527344,29.30299949645996
11091,26.049999237060547,20.3295955657959
11092,43.5,47.07543182373047
11093,3.3499999046325684,2.789726495742798
11094,36.54999923706055,37.072147369384766
11095,23.079999923706055,22.9583797454834
11096,29.06999969482422,29.71824836730957
11097,24.3799991607666,24.642560958862305
11098,51.9900016784668,53.44729232788086
11099,50.439998626708984,44.986392974853516
11100,22.219999313354492,21.813751220703125
11101,11.029999732971191,11.488539695739746
11102,18.93000030517578,18.715110778808594
11103,22.049999237060547,21.781036376953125
11104,42.720001220703125,49.08600997924805
11105,40.2599983215332,39.074344635009766
11106,30.010000228881836,31.98337745666504
11107,21.68000030517578,22.18533706665039
11108,13.890000343322754,13.910865783691406
11109,28.799999237060547,32.77785110473633
11110,52.02000045776367,49.621803283691406
11111,18.200000762939453,15.559971809387207
11112,5.989999771118164,8.434768676757812
11113,33.16999816894531,31.192848205566406
11114,3.799999952316284,0.5997098088264465
11115,43.099998474121094,36.67021560668945
11116,21.90999984741211,26.40322494506836
11117,58.91999816894531,50.5101318359375
11118,22.68000030517578,21.51998519897461
11119,13.90999984741211,15.332377433776855
11120,17.239999771118164,18.979511260986328
11121,23.690000534057617,23.393068313598633
11122,21.56999969482422,21.45001983642578
11123,18.06999969482422,26.131942749023438
11124,20.959999084472656,20.466707229614258
11125,34.099998474121094,33.62779235839844
11126,24.06999969482422,29.187965393066406
11127,27.450000762939453,26.47586441040039
11128,18.3799991607666,19.010765075683594
11129,32.38999938964844,36.15047073364258
11130,6.130000114440918,5.269049644470215
11131,10.020000457763672,10.008355140686035
11132,18.170000076293945,21.46759796142578
11133,29.440000534057617,32.494773864746094
11134,44.720001220703125,43.03179168701172
11135,51.54999923706055,50.4506721496582
11136,45.84000015258789,42.07614517211914
11137,19.90999984741211,21.728790283203125
11138,24.700000762939453,23.249052047729492
11139,32.7599983215332,36.395206451416016
11140,26.959999084472656,23.229867935180664
11141,46.75,41.69070053100586
11142,33.43000030517578,35.57345199584961
11143,25.219999313354492,25.223819732666016
11144,32.38999938964844,31.678586959838867
11145,25.5,27.92032241821289
11146,12.039999961853027,13.576841354370117
11147,30.010000228881836,32.0245475769043
11148,7.360000133514404,8.115589141845703
11149,52.97999954223633,49.67152786254883
11150,8.550000190734863,13.980624198913574
11151,55.849998474121094,53.37712097167969
11152,44.689998626708984,41.381866455078125
11153,15.460000038146973,14.781200408935547
11154,9.119999885559082,13.222899436950684
11155,38.70000076293945,43.783111572265625
11156,74.05999755859375,67.29042053222656
11157,15.350000381469727,16.150318145751953
11158,15.210000038146973,17.378522872924805
11159,8.109999656677246,9.846636772155762
11160,27.219999313354492,26.247276306152344
11161,64.4000015258789,66.70794677734375
11162,24.6200008392334,28.78439712524414
11163,26.489999771118164,26.598735809326172
11164,41.22999954223633,40.241424560546875
11165,4.579999923706055,6.512973785400391
11166,23.670000076293945,21.911340713500977
11167,48.75,44.108951568603516
11168,33.560001373291016,36.64257049560547
11169,15.199999809265137,15.1564359664917
11170,15.4399995803833,18.418537139892578
11171,25.25,18.55315589904785
11172,8.979999542236328,8.91814136505127
11173,10.1899995803833,7.846034526824951
11174,62.130001068115234,60.26799011230469
11175,14.149999618530273,16.657485961914062
11176,17.5,14.170652389526367
11177,23.3799991607666,22.451372146606445
11178,34.79999923706055,32.69439697265625
11179,17.790000915527344,17.86164093017578
11180,19.520000457763672,19.971446990966797
11181,33.06999969482422,31.472211837768555
11182,12.3100004196167,15.080424308776855
11183,12.539999961853027,10.284279823303223
11184,23.969999313354492,23.974918365478516
11185,7.71999979019165,6.261926651000977
11186,51.560001373291016,51.449710845947266
11187,17.399999618530273,17.739501953125
11188,28.719999313354492,30.99679946899414
11189,22.309999465942383,19.920021057128906
11190,25.290000915527344,26.62122917175293
11191,16.0,16.461149215698242
11192,17.100000381469727,25.93589210510254
11193,13.5600004196167,13.919435501098633
11194,23.639999389648438,22.879634857177734
11195,19.920000076293945,20.528398513793945
11196,54.060001373291016,47.221126556396484
11197,16.229999542236328,19.80986785888672
11198,3.680000066757202,5.099485397338867
11199,45.970001220703125,43.25304412841797
11200,45.0,41.82258605957031
11201,15.319999694824219,15.158960342407227
11202,20.280000686645508,15.869405746459961
11203,5.929999828338623,9.612836837768555
11204,44.779998779296875,45.008487701416016
11205,16.850000381469727,14.440861701965332
11206,34.439998626708984,37.32579040527344
11207,16.93000030517578,15.224464416503906
11208,4.539999961853027,4.094656944274902
11209,7.21999979019165,4.472172737121582
11210,24.540000915527344,30.155290603637695
11211,32.59000015258789,33.336727142333984
11212,37.16999816894531,37.34297561645508
11213,23.959999084472656,22.68075180053711
11214,48.27000045776367,39.32971954345703
11215,20.520000457763672,20.40813446044922
11216,14.960000038146973,13.795207023620605
11217,10.289999961853027,11.409592628479004
11218,15.010000228881836,14.438231468200684
11219,30.559999465942383,31.506549835205078
11220,11.359999656677246,11.309713363647461
11221,31.510000228881836,31.32282829284668
11222,48.630001068115234,49.71961975097656
11223,18.950000762939453,18.106393814086914
11224,64.23999786376953,64.0126724243164
11225,41.720001220703125,38.51118850708008
11226,20.719999313354492,23.8953914642334
11227,24.639999389648438,23.184415817260742
11228,27.989999771118164,32.13315200805664
11229,15.609999656677246,15.220494270324707
11230,19.93000030517578,19.877479553222656
11231,59.790000915527344,41.92959213256836
11232,32.81999969482422,31.198551177978516
11233,16.84000015258789,16.621463775634766
11234,34.5,36.250572204589844
11235,62.939998626708984,62.103759765625
11236,43.0,40.980804443359375
11237,32.40999984741211,31.821754455566406
11238,38.04999923706055,32.65727233886719
11239,12.270000457763672,8.090274810791016
11240,12.630000114440918,9.547066688537598
11241,30.59000015258789,32.3498649597168
11242,21.420000076293945,21.529218673706055
11243,28.700000762939453,26.428171157836914
11244,36.95000076293945,28.91133689880371
11245,22.940000534057617,23.0029296875
11246,37.029998779296875,34.44371032714844
11247,20.0,20.736433029174805
11248,64.9800033569336,65.76376342773438
11249,5.420000076293945,6.3824639320373535
11250,50.060001373291016,47.863895416259766
11251,9.989999771118164,11.106983184814453
11252,3.549999952316284,3.926490306854248
11253,2.759999990463257,0.004481357987970114
11254,28.389999389648438,30.538497924804688
11255,24.540000915527344,22.46110725402832
11256,32.119998931884766,42.89130401611328
11257,35.650001525878906,38.80485534667969
11258,29.459999084472656,30.520645141601562
11259,38.16999816894531,42.2122802734375
11260,14.100000381469727,16.072237014770508
11261,50.630001068115234,48.953147888183594
11262,21.860000610351562,23.37466812133789
11263,30.040000915527344,28.85073471069336
11264,45.9900016784668,48.23503875732422
11265,44.2599983215332,44.173248291015625
11266,29.010000228881836,32.30375671386719
11267,32.18000030517578,33.91171646118164
11268,28.780000686645508,27.5124454498291
11269,58.70000076293945,61.20317077636719
11270,31.469999313354492,31.272872924804688
11271,2.5299999713897705,0.006325902417302132
11272,10.0600004196167,8.403780937194824
11273,27.06999969482422,23.85361671447754
11274,29.709999084472656,29.33262825012207
11275,3.359999895095825,3.787893295288086
11276,50.38999938964844,51.37218475341797
11277,25.40999984741211,24.602222442626953
11278,6.570000171661377,9.347925186157227
11279,11.140000343322754,11.800677299499512
11280,28.190000534057617,27.74944305419922
11281,42.130001068115234,48.219295501708984
11282,35.47999954223633,30.070919036865234
11283,45.869998931884766,49.76385498046875
11284,31.729999542236328,31.48851776123047
11285,31.200000762939453,32.727012634277344
11286,13.880000114440918,13.971622467041016
11287,42.97999954223633,40.546363830566406
11288,3.569999933242798,3.5749566555023193
11289,55.290000915527344,55.98365020751953
11290,73.33999633789062,67.56410217285156
11291,5.420000076293945,7.298566818237305
11292,34.779998779296875,27.831626892089844
11293,27.6200008392334,27.506591796875
11294,46.150001525878906,43.3297119140625
11295,11.229999542236328,13.443327903747559
11296,50.33000183105469,57.77981185913086
11297,4.329999923706055,8.062631607055664
11298,8.25,4.827203750610352
11299,22.6200008392334,26.58976936340332
11300,19.200000762939453,15.739858627319336
11301,54.43000030517578,51.655738830566406
11302,60.290000915527344,55.753238677978516
11303,38.45000076293945,34.17034912109375
11304,20.040000915527344,18.699993133544922
11305,29.149999618530273,28.617578506469727
11306,27.75,28.46261215209961
11307,33.599998474121094,34.00011444091797
11308,18.34000015258789,16.255990982055664
11309,23.8799991607666,21.8105411529541
11310,29.399999618530273,30.60599136352539
11311,44.470001220703125,50.26995086669922
11312,10.119999885559082,8.834364891052246
11313,31.059999465942383,31.913476943969727
11314,45.939998626708984,52.23067092895508
11315,32.18000030517578,32.087196350097656
11316,18.56999969482422,24.381799697875977
11317,51.25,47.57612609863281
11318,38.400001525878906,39.81841278076172
11319,62.619998931884766,53.93232727050781
11320,30.649999618530273,34.625709533691406
11321,15.0600004196167,11.581945419311523
11322,47.63999938964844,43.64663314819336
11323,22.700000762939453,19.268733978271484
11324,45.790000915527344,48.44581604003906
11325,3.609999895095825,6.2814226150512695
11326,17.170000076293945,17.021347045898438
11327,33.27000045776367,31.297670364379883
11328,54.58000183105469,41.21626281738281
11329,15.680000305175781,17.298046112060547
11330,14.640000343322754,15.666158676147461
11331,15.010000228881836,16.771018981933594
11332,69.11000061035156,55.01994323730469
11333,8.470000267028809,9.758734703063965
11334,38.459999084472656,36.14848709106445
11335,65.04000091552734,54.630348205566406
11336,33.310001373291016,35.73218536376953
11337,30.6200008392334,31.63241195678711
11338,22.860000610351562,31.081951141357422
11339,15.039999961853027,18.427337646484375
11340,28.920000076293945,28.267047882080078
11341,42.93000030517578,36.04841613769531
11342,16.420000076293945,16.45122718811035
11343,15.829999923706055,15.318889617919922
11344,5.460000038146973,6.827573776245117
11345,9.829999923706055,12.250001907348633
11346,8.850000381469727,9.86020278930664
11347,28.56999969482422,28.1700382232666
11348,17.34000015258789,18.78676414489746
11349,39.29999923706055,43.900604248046875
11350,33.220001220703125,33.11098861694336
11351,33.20000076293945,36.551658630371094
11352,4.260000228881836,4.362381935119629
11353,48.84000015258789,43.040252685546875
11354,23.440000534057617,22.758441925048828
11355,26.719999313354492,26.902034759521484
11356,56.650001525878906,63.46206283569336
11357,12.199999809265137,15.725631713867188
11358,20.81999969482422,19.23150062561035
11359,7.920000076293945,9.37324333190918
11360,48.47999954223633,41.184059143066406
11361,34.439998626708984,36.31298065185547
11362,71.98999786376953,63.44797134399414
11363,7.110000133514404,6.9827656745910645
11364,33.939998626708984,31.54167366027832
11365,73.36000061035156,64.48344421386719
11366,48.54999923706055,50.09965896606445
11367,51.83000183105469,44.41398239135742
11368,43.060001373291016,37.1867790222168
11369,28.059999465942383,28.317960739135742
11370,19.270000457763672,17.581737518310547
11371,61.959999084472656,52.97764587402344
11372,51.779998779296875,54.80143737792969
11373,27.860000610351562,27.882680892944336
11374,13.640000343322754,14.57634162902832
11375,13.34000015258789,11.32517147064209
11376,39.16999816894531,40.09574890136719
11377,23.420000076293945,22.596113204956055
11378,28.93000030517578,27.940710067749023
11379,18.469999313354492,18.601364135742188
11380,40.7400016784668,39.534698486328125
11381,31.219999313354492,33.881568908691406
11382,32.38999938964844,29.955154418945312
11383,23.260000228881836,24.791383743286133
11384,16.31999969482422,17.33831024169922
11385,26.600000381469727,31.78788185119629
11386,16.0,17.53544044494629
11387,29.469999313354492,28.521095275878906
11388,33.130001068115234,35.560726165771484
11389,3.140000104904175,3.3342385292053223
11390,5.989999771118164,7.457437992095947
11391,41.7400016784668,42.67900848388672
11392,37.0,44.354278564453125
11393,35.15999984741211,33.13740921020508
11394,29.18000030517578,29.12891960144043
11395,17.190000534057617,16.99382209777832
11396,14.880000114440918,18.27011489868164
11397,14.489999771118164,15.851701736450195
11398,15.420000076293945,15.324676513671875
11399,40.95000076293945,38.49101257324219
11400,6.070000171661377,9.267970085144043
11401,50.220001220703125,40.321876525878906
11402,27.5,28.072988510131836
11403,11.010000228881836,11.031007766723633
11404,75.18000030517578,69.78858947753906
11405,26.790000915527344,26.518123626708984
11406,19.989999771118164,19.811904907226562
11407,51.97999954223633,59.099212646484375
11408,1.899999976158142,12.037415504455566
11409,35.93000030517578,30.712844848632812
11410,15.899999618530273,17.108312606811523
11411,19.059999465942383,18.778759002685547
11412,31.649999618530273,33.982566833496094
11413,30.40999984741211,27.347929000854492
11414,53.58000183105469,51.1773681640625
11415,16.079999923706055,14.348538398742676
11416,26.809999465942383,25.818510055541992
11417,43.27000045776367,42.84285354614258
11418,20.579999923706055,23.303157806396484
11419,16.290000915527344,14.5908842086792
11420,15.319999694824219,13.876446723937988
11421,28.34000015258789,35.010562896728516
11422,5.070000171661377,7.177452087402344
11423,10.789999961853027,11.0005521774292
11424,36.4900016784668,36.441951751708984
11425,28.219999313354492,31.277156829833984
11426,10.729999542236328,11.158153533935547
11427,21.719999313354492,21.167194366455078
11428,29.610000610351562,32.38048553466797
11429,23.709999084472656,25.09086036682129
11430,43.4900016784668,45.30082321166992
11431,31.84000015258789,32.92366409301758
11432,11.859999656677246,11.646194458007812
11433,27.780000686645508,25.836631774902344
11434,30.770000457763672,28.19676971435547
11435,66.1500015258789,60.1982536315918
11436,40.810001373291016,39.418582916259766
11437,1.899999976158142,2.6800127029418945
11438,60.08000183105469,50.375938415527344
11439,31.459999084472656,26.273788452148438
11440,21.8799991607666,20.26036834716797
11441,26.06999969482422,28.891122817993164
11442,33.59000015258789,36.43029022216797
11443,49.119998931884766,54.346832275390625
11444,16.940000534057617,12.23525619506836
11445,18.889999389648438,18.032276153564453
11446,41.83000183105469,37.31559753417969
11447,26.969999313354492,27.407867431640625
11448,4.570000171661377,4.127618789672852
11449,32.58000183105469,33.02040100097656
11450,20.68000030517578,23.72547149658203
11451,20.399999618530273,18.819196701049805
11452,40.220001220703125,35.91389465332031
11453,32.65999984741211,32.83143615722656
11454,50.66999816894531,49.23810577392578
11455,16.81999969482422,15.269429206848145
11456,28.079999923706055,38.193546295166016
11457,41.97999954223633,41.78909683227539
11458,14.270000457763672,11.682894706726074
11459,40.9900016784668,43.7240104675293
11460,21.18000030517578,23.541847229003906
11461,45.279998779296875,46.53816223144531
11462,53.27000045776367,48.949684143066406
11463,21.020000457763672,19.995702743530273
11464,8.130000114440918,7.615993976593018
11465,17.799999237060547,16.662010192871094
11466,13.100000381469727,10.09630298614502
11467,19.59000015258789,18.6707763671875
11468,52.959999084472656,55.9798698425293
11469,25.31999969482422,23.2742919921875
11470,63.31999969482422,61.86244201660156
11471,42.77000045776367,40.09248352050781
11472,19.809999465942383,23.009523391723633
11473,25.420000076293945,26.801504135131836
11474,4.730000019073486,3.359218120574951
11475,5.579999923706055,9.063780784606934
11476,61.880001068115234,56.48307418823242
11477,13.4399995803833,13.282712936401367
11478,10.34000015258789,11.544229507446289
11479,13.300000190734863,12.414143562316895
11480,43.61000061035156,43.8822021484375
11481,36.11000061035156,34.3553352355957
11482,10.489999771118164,9.815709114074707
11483,56.83000183105469,56.04866027832031
11484,33.47999954223633,36.793724060058594
11485,19.899999618530273,19.6239013671875
11486,53.06999969482422,44.90272521972656
11487,22.290000915527344,26.287940979003906
11488,10.029999732971191,10.53373908996582
11489,13.319999694824219,13.194259643554688
11490,18.469999313354492,19.838510513305664
11491,14.850000381469727,13.045884132385254
11492,52.58000183105469,46.36771774291992
11493,25.959999084472656,27.42830467224121
11494,22.68000030517578,22.76956558227539
11495,5.769999980926514,6.378615856170654
11496,18.979999542236328,20.883827209472656
11497,12.470000267028809,6.704959392547607
11498,6.269999980926514,10.341385841369629
11499,38.7599983215332,38.732147216796875
11500,20.860000610351562,22.48931884765625
11501,41.13999938964844,44.36410140991211
11502,68.1500015258789,65.18431091308594
11503,72.12000274658203,66.86598205566406
11504,9.25,8.417116165161133
11505,5.130000114440918,4.985785961151123
11506,32.119998931884766,38.65581512451172
11507,13.239999771118164,15.563051223754883
11508,2.6600000858306885,0.2895391583442688
11509,23.639999389648438,23.01591682434082
11510,6.989999771118164,3.9203083515167236
11511,54.93000030517578,43.97510528564453
11512,50.90999984741211,46.30811309814453
11513,36.22999954223633,36.066184997558594
11514,38.61000061035156,35.851409912109375
11515,25.709999084472656,26.088607788085938
11516,33.31999969482422,31.724271774291992
11517,55.560001373291016,43.618743896484375
11518,11.0,10.932374000549316
11519,2.299999952316284,3.3627257347106934
11520,45.459999084472656,48.17896270751953
11521,23.559999465942383,30.433958053588867
11522,37.2599983215332,39.5713005065918
11523,50.650001525878906,50.200923919677734
11524,54.13999938964844,49.17585372924805
11525,25.56999969482422,26.37872886657715
11526,14.930000305175781,15.333794593811035
11527,52.56999969482422,50.84250259399414
11528,39.369998931884766,43.75137710571289
11529,35.33000183105469,39.10468673706055
11530,56.650001525878906,51.074256896972656
11531,29.950000762939453,27.87043571472168
11532,19.0,19.670608520507812
11533,7.300000190734863,9.434186935424805
11534,9.720000267028809,8.657784461975098
11535,44.79999923706055,42.750946044921875
11536,23.6299991607666,25.53769302368164
11537,40.31999969482422,44.97281265258789
11538,22.579999923706055,23.034629821777344
11539,6.949999809265137,7.394835472106934
11540,68.9800033569336,70.2366943359375
11541,7.130000114440918,7.8092942237854
11542,39.90999984741211,42.859962463378906
11543,10.739999771118164,11.688977241516113
11544,33.689998626708984,41.76969909667969
11545,31.200000762939453,31.138118743896484
11546,43.560001373291016,44.103389739990234
11547,57.45000076293945,57.256568908691406
11548,10.279999732971191,10.249469757080078
11549,31.139999389648438,31.32463264465332
11550,74.33000183105469,75.03068542480469
11551,30.010000228881836,28.829477310180664
11552,28.100000381469727,28.773073196411133
11553,34.310001373291016,35.99340057373047
11554,45.869998931884766,42.84798049926758
11555,19.43000030517578,19.529003143310547
11556,50.720001220703125,43.8574104309082
11557,21.729999542236328,20.155370712280273
11558,33.45000076293945,28.596933364868164
11559,54.119998931884766,49.82251739501953
11560,37.83000183105469,33.27116394042969
11561,36.380001068115234,34.524234771728516
11562,7.079999923706055,7.50367546081543
11563,29.649999618530273,29.922740936279297
11564,33.61000061035156,30.66606903076172
11565,57.25,58.08437728881836
11566,16.010000228881836,16.022459030151367
11567,20.68000030517578,20.074878692626953
11568,29.0,29.88117218017578
11569,4.619999885559082,6.904860496520996
11570,9.760000228881836,10.03964614868164
11571,11.6899995803833,10.322458267211914
11572,40.33000183105469,41.63505554199219
11573,28.389999389648438,29.116851806640625
11574,7.03000020980835,7.086419105529785
11575,35.209999084472656,34.32456588745117
11576,15.670000076293945,16.51824378967285
11577,32.720001220703125,37.482460021972656
11578,26.969999313354492,28.179401397705078
11579,19.940000534057617,20.02053451538086
11580,44.93000030517578,43.98297882080078
11581,33.2400016784668,30.006603240966797
11582,62.25,49.74589920043945
11583,50.619998931884766,40.40814971923828
11584,33.68000030517578,32.45405578613281
11585,34.349998474121094,29.6509952545166
11586,40.9900016784668,43.540679931640625
11587,33.83000183105469,33.23902130126953
11588,21.520000457763672,23.135902404785156
11589,48.52000045776367,48.15056228637695
11590,21.3700008392334,21.42693328857422
11591,12.989999771118164,11.400999069213867
11592,62.43000030517578,64.08888244628906
11593,12.989999771118164,13.627922058105469
11594,14.539999961853027,12.905013084411621
11595,7.230000019073486,7.005286693572998
11596,19.84000015258789,23.14830780029297
11597,16.139999389648438,19.90753936767578
11598,45.95000076293945,53.20819854736328
11599,18.479999542236328,17.655372619628906
11600,28.549999237060547,32.84136199951172
11601,10.880000114440918,7.432339668273926
11602,21.90999984741211,22.128440856933594
11603,27.6200008392334,29.916702270507812
11604,17.25,15.580821990966797
11605,8.779999732971191,12.613396644592285
11606,34.65999984741211,29.67135238647461
11607,46.70000076293945,47.49822235107422
11608,42.72999954223633,39.743408203125
11609,23.40999984741211,23.62350082397461
11610,15.399999618530273,16.315156936645508
11611,19.809999465942383,20.145854949951172
11612,45.52000045776367,45.628662109375
11613,33.33000183105469,31.702144622802734
11614,22.709999084472656,24.72431755065918
11615,24.719999313354492,24.582073211669922
11616,2.890000104904175,2.0040156841278076
11617,6.880000114440918,7.648428916931152
11618,24.3700008392334,23.522106170654297
11619,37.689998626708984,42.36198043823242
11620,33.43000030517578,39.34398651123047
11621,18.440000534057617,17.770069122314453
11622,15.470000267028809,17.360450744628906
11623,32.119998931884766,34.22880554199219
11624,35.869998931884766,30.035831451416016
11625,9.09000015258789,7.652229309082031
11626,23.1299991607666,23.34066390991211
11627,19.969999313354492,19.21316909790039
11628,15.760000228881836,16.47718620300293
11629,41.130001068115234,41.45893096923828
11630,14.319999694824219,15.404833793640137
11631,21.399999618530273,23.37434196472168
11632,15.6899995803833,18.897422790527344
11633,24.860000610351562,28.40581512451172
11634,15.770000457763672,13.867934226989746
11635,33.599998474121094,32.94553756713867
11636,20.139999389648438,20.181684494018555
11637,28.6299991607666,27.652456283569336
11638,7.03000020980835,7.266272068023682
11639,17.31999969482422,15.86041259765625
11640,37.369998931884766,40.217124938964844
11641,31.170000076293945,26.82767105102539
11642,38.939998626708984,44.08916473388672
11643,38.369998931884766,33.33544921875
11644,39.2599983215332,42.665931701660156
11645,33.75,32.384544372558594
11646,7.53000020980835,7.805987358093262
11647,42.52000045776367,44.368629455566406
11648,25.739999771118164,23.511247634887695
11649,17.40999984741211,15.073387145996094
11650,33.869998931884766,30.62986183166504
11651,3.069999933242798,0.626179039478302
11652,21.139999389648438,22.014019012451172
11653,42.43000030517578,51.707923889160156
11654,7.070000171661377,9.147018432617188
11655,24.799999237060547,38.500614166259766
11656,13.5600004196167,14.174363136291504
11657,7.199999809265137,10.002483367919922
11658,27.09000015258789,28.136302947998047
11659,30.90999984741211,39.82389831542969
11660,22.450000762939453,24.611968994140625
11661,42.209999084472656,45.227542877197266
11662,54.599998474121094,52.94895935058594
11663,19.200000762939453,20.701156616210938
11664,23.350000381469727,24.794904708862305
11665,4.769999980926514,8.905805587768555
11666,24.459999084472656,22.395458221435547
11667,36.65999984741211,38.16749954223633
11668,13.579999923706055,13.908726692199707
11669,30.969999313354492,33.47074508666992
11670,70.66000366210938,66.4888916015625
11671,38.119998931884766,33.58329772949219
11672,14.619999885559082,15.560863494873047
11673,17.709999084472656,15.026168823242188
11674,39.06999969482422,34.52290344238281
11675,10.930000305175781,10.090002059936523
11676,60.75,57.17321014404297
11677,21.510000228881836,19.73649787902832
11678,7.230000019073486,7.0603790283203125
11679,59.20000076293945,66.19636535644531
11680,44.43000030517578,50.78434371948242
11681,9.779999732971191,11.973187446594238
11682,9.3100004196167,7.978287220001221
11683,43.38999938964844,47.7637825012207
11684,14.460000038146973,15.797255516052246
11685,47.91999816894531,40.097267150878906
11686,34.4900016784668,35.158111572265625
11687,53.13999938964844,46.81714630126953
11688,26.459999084472656,26.452789306640625
11689,25.270000457763672,22.270227432250977
11690,53.25,47.591896057128906
11691,53.13999938964844,50.28601837158203
11692,8.100000381469727,9.198163986206055
11693,11.829999923706055,14.743858337402344
11694,20.459999084472656,22.569990158081055
11695,28.389999389648438,29.6988582611084
11696,24.229999542236328,21.288135528564453
11697,39.27000045776367,38.4849739074707
11698,24.6200008392334,24.625816345214844
11699,12.550000190734863,12.768708229064941
11700,26.40999984741211,28.911636352539062
11701,9.15999984741211,8.265888214111328
11702,12.34000015258789,8.903369903564453
11703,15.6899995803833,16.522869110107422
11704,35.70000076293945,31.02621078491211
11705,3.4100000858306885,1.6543853282928467
11706,12.529999732971191,12.246899604797363
11707,53.650001525878906,55.037750244140625
11708,11.479999542236328,11.285762786865234
11709,20.81999969482422,21.477659225463867
11710,28.329999923706055,26.371253967285156
11711,14.420000076293945,14.553363800048828
11712,41.31999969482422,44.90997314453125
11713,28.729999542236328,27.23761749267578
11714,40.88999938964844,34.43850326538086
11715,29.770000457763672,32.187259674072266
11716,28.75,31.709028244018555
11717,41.29999923706055,41.499908447265625
11718,7.130000114440918,6.680432319641113
11719,47.130001068115234,39.35982894897461
11720,27.40999984741211,26.685251235961914
11721,25.3700008392334,29.218387603759766
11722,11.239999771118164,9.655645370483398
11723,53.099998474121094,52.91508483886719
11724,24.389999389648438,23.511272430419922
11725,10.079999923706055,10.779600143432617
11726,33.95000076293945,34.05754852294922
11727,11.449999809265137,10.300566673278809
11728,80.5999984741211,62.46650314331055
11729,16.360000610351562,14.841265678405762
11730,19.520000457763672,20.69793701171875
11731,27.719999313354492,27.375904083251953
11732,6.03000020980835,6.415767192840576
11733,5.840000152587891,7.911375522613525
11734,3.9200000762939453,7.632370948791504
11735,38.58000183105469,39.08937072753906
11736,25.309999465942383,28.00892448425293
11737,6.610000133514404,5.754436016082764
11738,26.510000228881836,23.048036575317383
11739,34.560001373291016,32.79705810546875
11740,23.030000686645508,21.358882904052734
11741,14.109999656677246,12.245306015014648
11742,27.93000030517578,27.5688533782959
11743,42.22999954223633,41.26620864868164
11744,20.18000030517578,24.0698299407959
11745,9.8100004196167,7.503807067871094
11746,30.6200008392334,31.71645736694336
11747,37.619998931884766,36.27067947387695
11748,34.4900016784668,34.141910552978516
11749,34.5099983215332,34.82258987426758
11750,13.630000114440918,15.286789894104004
11751,46.65999984741211,51.973907470703125
11752,44.59000015258789,46.72245788574219
11753,43.06999969482422,39.7458381652832
11754,26.93000030517578,30.5396785736084
11755,4.130000114440918,4.788674831390381
11756,13.25,16.128061294555664
11757,37.25,36.79616928100586
11758,25.229999542236328,28.62633514404297
11759,6.269999980926514,8.551597595214844
11760,7.480000019073486,4.496994972229004
11761,16.469999313354492,16.639408111572266
11762,12.289999961853027,8.154916763305664
11763,9.270000457763672,8.867301940917969
11764,15.680000305175781,17.872751235961914
11765,70.77999877929688,57.23390197753906
11766,2.319999933242798,4.862312316894531
11767,22.3700008392334,21.369644165039062
11768,21.0,20.819046020507812
11769,38.97999954223633,42.48950958251953
11770,65.9800033569336,65.76741027832031
11771,12.640000343322754,10.888595581054688
11772,49.54999923706055,50.98451614379883
11773,21.920000076293945,21.944480895996094
11774,15.529999732971191,14.203797340393066
11775,24.959999084472656,26.078046798706055
11776,35.959999084472656,34.006736755371094
11777,17.469999313354492,14.89096450805664
11778,46.099998474121094,39.508243560791016
11779,10.510000228881836,6.57672643661499
11780,8.079999923706055,5.571601390838623
11781,11.5,10.370536804199219
11782,12.039999961853027,8.029462814331055
11783,51.65999984741211,50.96109390258789
11784,52.400001525878906,54.58241271972656
11785,24.190000534057617,29.46293830871582
11786,48.86000061035156,56.50263595581055
11787,40.2599983215332,36.57600784301758
11788,30.75,33.6445198059082
11789,44.849998474121094,45.04323196411133
11790,19.790000915527344,20.888957977294922
11791,17.18000030517578,15.816993713378906
11792,30.020000457763672,30.460147857666016
11793,40.709999084472656,36.6832275390625
11794,15.640000343322754,15.17945671081543
11795,53.040000915527344,44.474151611328125
11796,7.849999904632568,9.902984619140625
11797,42.72999954223633,46.102413177490234
11798,11.699999809265137,10.831661224365234
11799,9.229999542236328,8.195968627929688
11800,8.319999694824219,9.638236999511719
11801,7.909999847412109,5.201378345489502
11802,15.34000015258789,14.629053115844727
11803,39.290000915527344,38.020484924316406
11804,13.40999984741211,13.822840690612793
11805,42.16999816894531,36.39881134033203
11806,16.040000915527344,11.969805717468262
11807,11.119999885559082,8.675517082214355
11808,36.029998779296875,30.956315994262695
11809,13.029999732971191,14.744593620300293
11810,40.369998931884766,40.915863037109375
11811,56.91999816894531,49.0778923034668
11812,43.36000061035156,48.44220733642578
11813,22.360000610351562,20.446619033813477
11814,41.33000183105469,47.49703598022461
11815,29.6200008392334,26.9482364654541
11816,38.40999984741211,34.881752014160156
11817,44.33000183105469,42.09853744506836
11818,34.7599983215332,39.681880950927734
11819,22.829999923706055,24.369983673095703
11820,4.460000038146973,4.3981032371521
11821,6.480000019073486,9.102218627929688
11822,20.190000534057617,17.858226776123047
11823,14.779999732971191,15.891497611999512
11824,28.790000915527344,30.85859489440918
11825,21.290000915527344,22.862457275390625
11826,46.09000015258789,46.36504364013672
11827,13.670000076293945,14.280128479003906
11828,10.880000114440918,12.441624641418457
11829,31.209999084472656,30.232898712158203
11830,33.15999984741211,35.79921340942383
11831,39.369998931884766,43.42117691040039
11832,37.36000061035156,38.62486267089844
11833,26.6299991607666,26.285232543945312
11834,16.15999984741211,15.046262741088867
11835,42.060001373291016,40.18421936035156
11836,36.66999816894531,33.8135986328125
11837,11.1899995803833,11.737861633300781
11838,39.7400016784668,39.32429504394531
11839,12.600000381469727,11.173436164855957
11840,20.649999618530273,19.530075073242188
11841,31.389999389648438,31.371877670288086
11842,9.1899995803833,7.790351390838623
11843,13.069999694824219,14.316649436950684
11844,22.760000228881836,21.792755126953125
11845,40.7400016784668,30.994468688964844
11846,1.2400000095367432,10.543956756591797
11847,33.060001373291016,35.852500915527344
11848,4.829999923706055,5.1143035888671875
11849,28.670000076293945,34.162288665771484
11850,26.030000686645508,23.825881958007812
11851,36.970001220703125,33.12363815307617
11852,4.769999980926514,8.745926856994629
11853,32.38999938964844,27.854738235473633
11854,28.40999984741211,33.355133056640625
11855,23.93000030517578,24.754074096679688
11856,51.720001220703125,50.24481964111328
11857,54.209999084472656,46.857025146484375
11858,16.760000228881836,16.51514434814453
11859,51.61000061035156,53.04804611206055
11860,13.079999923706055,14.43005657196045
11861,40.31999969482422,46.857810974121094
11862,24.459999084472656,24.93429946899414
11863,4.989999771118164,5.941110134124756
11864,24.3700008392334,20.15727424621582
11865,7.090000152587891,7.11715841293335
11866,25.549999237060547,26.732271194458008
11867,36.93000030517578,33.59274673461914
11868,22.90999984741211,21.05283546447754
11869,18.34000015258789,19.343215942382812
11870,9.829999923706055,9.301511764526367
11871,19.530000686645508,19.4345645904541
11872,47.810001373291016,48.94944763183594
11873,66.18000030517578,68.57535552978516
11874,29.3700008392334,28.930688858032227
11875,5.409999847412109,6.978720664978027
11876,14.319999694824219,12.8898286819458
11877,13.0600004196167,11.997633934020996
11878,64.5999984741211,59.83849334716797
11879,20.6200008392334,19.712900161743164
11880,4.099999904632568,8.094822883605957
11881,36.84000015258789,40.157867431640625
11882,24.290000915527344,24.40576171875
11883,23.90999984741211,24.35420799255371
11884,21.739999771118164,17.857177734375
11885,14.890000343322754,12.251769065856934
11886,6.670000076293945,12.44360065460205
11887,37.2599983215332,37.371246337890625
11888,50.0099983215332,51.168861389160156
11889,33.31999969482422,35.45800018310547
11890,64.43000030517578,61.70515060424805
11891,21.020000457763672,16.593399047851562
11892,12.359999656677246,10.168174743652344
11893,34.15999984741211,36.319068908691406
11894,14.100000381469727,12.743670463562012
11895,50.2400016784668,51.030967712402344
11896,3.0,2.916792154312134
11897,55.5099983215332,54.67218017578125
11898,11.069999694824219,6.673106670379639
11899,36.2400016784668,32.11722946166992
11900,8.710000038146973,10.170882225036621
11901,16.700000762939453,16.753772735595703
11902,8.279999732971191,8.157366752624512
11903,25.350000381469727,27.4622859954834
11904,53.220001220703125,47.37339782714844
11905,55.880001068115234,57.986297607421875
11906,24.079999923706055,23.678598403930664
11907,22.059999465942383,23.55497932434082
11908,27.639999389648438,26.030651092529297
11909,19.110000610351562,21.82470703125
11910,6.03000020980835,7.942141056060791
11911,7.429999828338623,4.623554706573486
11912,59.470001220703125,53.75102996826172
11913,16.06999969482422,14.01756763458252
11914,5.710000038146973,7.632620811462402
11915,12.289999961853027,11.883013725280762
11916,43.189998626708984,42.109954833984375
11917,16.81999969482422,18.41244125366211
11918,47.900001525878906,49.20934295654297
11919,44.310001373291016,48.19931411743164
11920,17.739999771118164,19.07101058959961
11921,38.099998474121094,32.795074462890625
11922,2.609999895095825,12.719230651855469
11923,36.54999923706055,33.64389419555664
11924,10.430000305175781,8.04999828338623
11925,21.260000228881836,21.781578063964844
11926,17.06999969482422,16.914905548095703
11927,5.559999942779541,8.205730438232422
11928,11.130000114440918,12.16862964630127
11929,41.68000030517578,45.92147445678711
11930,29.889999389648438,33.07199478149414
11931,43.65999984741211,42.30250549316406
11932,24.520000457763672,26.322647094726562
11933,42.34000015258789,25.895599365234375
11934,22.450000762939453,21.171125411987305
11935,35.810001373291016,37.287410736083984
11936,8.279999732971191,8.41024112701416
11937,21.290000915527344,21.316844940185547
11938,51.75,47.48900604248047
11939,17.6299991607666,18.304710388183594
11940,29.780000686645508,30.0164737701416
11941,30.06999969482422,32.0529670715332
11942,11.039999961853027,9.992341995239258
11943,52.529998779296875,51.72122573852539
11944,48.68000030517578,50.49488067626953
11945,11.149999618530273,11.255755424499512
11946,20.670000076293945,20.834970474243164
11947,7.78000020980835,8.680397987365723
11948,12.779999732971191,12.019994735717773
11949,23.170000076293945,26.71246337890625
11950,29.479999542236328,28.048765182495117
11951,44.630001068115234,37.614009857177734
11952,24.6200008392334,26.121410369873047
11953,10.3100004196167,9.691818237304688
11954,45.709999084472656,51.68571472167969
11955,7.710000038146973,10.808758735656738
11956,32.720001220703125,26.943958282470703
11957,48.290000915527344,46.070674896240234
11958,28.139999389648438,31.08867073059082
11959,42.93000030517578,48.85112380981445
11960,8.170000076293945,4.068271160125732
11961,45.189998626708984,49.95344543457031
11962,11.829999923706055,9.084750175476074
11963,21.6299991607666,22.246244430541992
11964,75.6500015258789,69.33467864990234
11965,13.569999694824219,11.381930351257324
11966,14.979999542236328,15.442151069641113
11967,9.979999542236328,10.181604385375977
11968,26.260000228881836,26.632808685302734
11969,44.77000045776367,42.63090896606445
11970,18.399999618530273,15.97895336151123
11971,28.1299991607666,26.842050552368164
11972,26.739999771118164,22.3713436126709
11973,32.880001068115234,37.160125732421875
11974,11.0600004196167,11.122018814086914
11975,12.989999771118164,11.243124961853027
11976,19.1200008392334,22.251121520996094
11977,43.97999954223633,42.217994689941406
11978,29.389999389648438,30.791160583496094
11979,14.550000190734863,16.477270126342773
11980,16.06999969482422,14.013983726501465
11981,17.270000457763672,13.985621452331543
11982,21.899999618530273,25.633546829223633
11983,12.380000114440918,12.322038650512695
11984,15.149999618530273,14.109545707702637
11985,31.239999771118164,27.77928924560547
11986,40.150001525878906,40.43803405761719
11987,67.54000091552734,63.7239990234375
11988,33.66999816894531,36.71659851074219
11989,36.13999938964844,37.98017501831055
11990,41.43000030517578,42.927181243896484
11991,5.460000038146973,6.5028533935546875
11992,7.909999847412109,8.287094116210938
11993,10.729999542236328,8.222631454467773
11994,8.020000457763672,7.745168685913086
11995,6.260000228881836,5.365888595581055
11996,28.059999465942383,30.098003387451172
11997,34.310001373291016,34.21458053588867
11998,33.47999954223633,34.100242614746094
11999,4.730000019073486,3.901108741760254
12000,19.43000030517578,26.891191482543945
12001,23.989999771118164,26.547576904296875
12002,47.83000183105469,51.46608352661133
12003,17.760000228881836,18.22136688232422
12004,12.5,12.641913414001465
12005,32.83000183105469,36.30903625488281
12006,32.970001220703125,32.36750411987305
12007,33.56999969482422,34.30149841308594
12008,7.309999942779541,8.589581489562988
12009,59.29999923706055,61.00093460083008
12010,52.970001220703125,53.6678581237793
12011,29.899999618530273,27.343334197998047
12012,23.829999923706055,23.041385650634766
12013,52.54999923706055,52.681732177734375
12014,34.630001068115234,37.79697036743164
12015,18.260000228881836,14.3933687210083
12016,15.729999542236328,15.850916862487793
12017,3.509999990463257,1.7764136791229248
12018,39.15999984741211,37.87337875366211
12019,9.020000457763672,8.151244163513184
12020,40.650001525878906,38.9532470703125
12021,4.480000019073486,5.242672920227051
12022,13.34000015258789,11.767541885375977
12023,29.6200008392334,28.455488204956055
12024,76.86000061035156,74.79570770263672
12025,51.68000030517578,46.82356262207031
12026,9.529999732971191,10.129775047302246
12027,44.54999923706055,45.320064544677734
12028,7.170000076293945,5.2447190284729
12029,34.56999969482422,35.6157112121582
12030,62.43000030517578,61.627113342285156
12031,20.290000915527344,22.763071060180664
12032,34.369998931884766,33.166481018066406
12033,18.100000381469727,19.279956817626953
12034,18.6299991607666,17.433429718017578
12035,37.0099983215332,40.179344177246094
12036,40.34000015258789,34.18083953857422
12037,7.420000076293945,13.638193130493164
12038,15.0600004196167,14.444814682006836
12039,36.060001373291016,35.50953674316406
12040,30.709999084472656,31.423442840576172
12041,10.0600004196167,8.017012596130371
12042,15.430000305175781,17.60591697692871
12043,50.959999084472656,39.977027893066406
12044,23.969999313354492,27.042259216308594
12045,15.149999618530273,16.07272720336914
12046,31.260000228881836,31.671405792236328
12047,14.460000038146973,12.040042877197266
12048,15.680000305175781,12.86904525756836
12049,30.280000686645508,33.7949333190918
12050,46.15999984741211,50.382904052734375
12051,5.480000019073486,7.7339935302734375
12052,9.130000114440918,11.627811431884766
12053,22.860000610351562,22.771896362304688
12054,10.100000381469727,12.036341667175293
12055,32.34000015258789,31.428009033203125
12056,7.840000152587891,8.713485717773438
12057,27.0,29.764442443847656
12058,16.079999923706055,17.41497802734375
12059,1.7100000381469727,9.81933879852295
12060,27.389999389648438,25.86481285095215
12061,10.149999618530273,9.050073623657227
12062,47.13999938964844,45.696556091308594
12063,9.600000381469727,9.902706146240234
12064,21.420000076293945,19.512353897094727
12065,7.78000020980835,12.655961990356445
12066,54.310001373291016,53.44875717163086
12067,41.68000030517578,36.61133575439453
12068,47.709999084472656,44.789222717285156
12069,27.690000534057617,25.866653442382812
12070,17.780000686645508,20.316362380981445
12071,12.489999771118164,12.153587341308594
12072,10.84000015258789,9.55736255645752
12073,45.25,40.67453384399414
12074,15.609999656677246,18.589080810546875
12075,22.6299991607666,24.904123306274414
12076,60.220001220703125,51.69770431518555
12077,51.470001220703125,59.64024353027344
12078,30.469999313354492,34.81239700317383
12079,18.010000228881836,19.0150089263916
12080,28.510000228881836,27.60165786743164
12081,10.789999961853027,9.402128219604492
12082,0.18000000715255737,27.321407318115234
12083,41.18000030517578,38.6992301940918
12084,19.280000686645508,22.31619644165039
12085,23.649999618530273,22.026941299438477
12086,40.43000030517578,37.680572509765625
12087,5.489999771118164,9.534396171569824
12088,38.439998626708984,32.98799514770508
12089,35.5,33.34548568725586
12090,23.049999237060547,22.782699584960938
12091,28.149999618530273,27.872974395751953
12092,32.34000015258789,36.614227294921875
12093,24.610000610351562,25.73876953125
12094,29.8700008392334,30.688478469848633
12095,11.949999809265137,13.079346656799316
12096,44.650001525878906,43.57730484008789
12097,13.029999732971191,12.840447425842285
12098,21.829999923706055,21.112838745117188
12099,10.59000015258789,9.462552070617676
12100,10.25,8.291171073913574
12101,12.3100004196167,13.754607200622559
12102,6.550000190734863,6.307472229003906
12103,17.59000015258789,13.445721626281738
12104,41.279998779296875,42.314231872558594
12105,48.08000183105469,48.53776931762695
12106,16.030000686645508,15.603168487548828
12107,46.97999954223633,45.62966537475586
12108,8.420000076293945,7.422295570373535
12109,30.010000228881836,28.767101287841797
12110,60.75,61.79590606689453
12111,24.1299991607666,23.844181060791016
12112,28.31999969482422,27.977012634277344
12113,24.479999542236328,23.248626708984375
12114,7.989999771118164,8.428404808044434
12115,10.90999984741211,13.123318672180176
12116,27.450000762939453,25.75537109375
12117,41.130001068115234,40.872684478759766
12118,60.77000045776367,63.10401153564453
12119,10.130000114440918,8.81270694732666
12120,18.739999771118164,22.35954475402832
12121,13.15999984741211,15.307660102844238
12122,49.70000076293945,47.58287048339844
12123,11.4399995803833,12.5447998046875
12124,12.149999618530273,10.523214340209961
12125,5.869999885559082,4.7478861808776855
12126,24.93000030517578,25.347393035888672
12127,10.420000076293945,12.30313777923584
12128,10.420000076293945,9.685210227966309
12129,23.329999923706055,27.172481536865234
12130,20.549999237060547,22.60447883605957
12131,20.6299991607666,24.025466918945312
12132,9.430000305175781,8.341619491577148
12133,23.700000762939453,24.7690486907959
12134,68.23999786376953,64.8519058227539
12135,15.609999656677246,17.628158569335938
12136,14.069999694824219,14.478249549865723
12137,11.670000076293945,8.343666076660156
12138,35.04999923706055,34.88823699951172
12139,33.72999954223633,33.36488342285156
12140,27.15999984741211,27.18301010131836
12141,34.25,35.85509490966797
12142,22.389999389648438,28.110641479492188
12143,23.639999389648438,22.900684356689453
12144,32.34000015258789,34.47938537597656
12145,13.170000076293945,24.348838806152344
12146,32.88999938964844,34.74934005737305
12147,26.43000030517578,26.27743911743164
12148,6.579999923706055,48.5255126953125
12149,7.570000171661377,10.056306838989258
12150,5.369999885559082,6.953001499176025
12151,10.510000228881836,13.166840553283691
12152,23.760000228881836,27.556095123291016
12153,31.610000610351562,35.63959884643555
12154,39.45000076293945,40.38569641113281
12155,30.84000015258789,31.108516693115234
12156,13.359999656677246,12.71683120727539
12157,29.600000381469727,36.23970031738281
12158,53.709999084472656,52.107357025146484
12159,11.539999961853027,11.916773796081543
12160,3.3499999046325684,3.8786683082580566
12161,54.33000183105469,47.541053771972656
12162,31.549999237060547,30.63728141784668
12163,40.16999816894531,40.27935791015625
12164,27.579999923706055,27.67276382446289
12165,50.790000915527344,45.82526397705078
12166,61.279998779296875,58.163429260253906
12167,45.81999969482422,49.92857360839844
12168,13.220000267028809,15.683172225952148
12169,19.030000686645508,17.784191131591797
12170,7.059999942779541,8.003264427185059
12171,31.139999389648438,31.50918960571289
12172,16.8799991607666,14.827977180480957
12173,63.83000183105469,57.50568771362305
12174,36.33000183105469,38.608642578125
12175,64.37000274658203,61.34230041503906
12176,53.86000061035156,58.730682373046875
12177,38.79999923706055,41.9961051940918
12178,23.5,23.499664306640625
12179,35.439998626708984,34.16618347167969
12180,7.78000020980835,9.512218475341797
12181,21.690000534057617,22.488361358642578
12182,14.829999923706055,13.323712348937988
12183,30.579999923706055,29.86223602294922
12184,42.56999969482422,44.324058532714844
12185,41.29999923706055,38.32273864746094
12186,54.310001373291016,59.668495178222656
12187,30.6299991607666,23.767587661743164
12188,23.899999618530273,18.480440139770508
12189,11.079999923706055,11.007660865783691
12190,2.7799999713897705,6.24877405166626
12191,10.15999984741211,9.72095012664795
12192,34.72999954223633,31.66407585144043
12193,25.540000915527344,27.395830154418945
12194,57.470001220703125,58.92865753173828
12195,16.200000762939453,16.04058074951172
12196,34.27000045776367,35.124366760253906
12197,20.139999389648438,20.27852439880371
12198,7.929999828338623,7.156964302062988
12199,25.290000915527344,26.681455612182617
12200,20.1200008392334,17.212703704833984
12201,19.790000915527344,18.803985595703125
12202,16.610000610351562,16.304096221923828
12203,14.359999656677246,14.598557472229004
12204,40.380001068115234,33.8309440612793
12205,14.1899995803833,12.694903373718262
12206,25.06999969482422,25.70144271850586
12207,21.25,18.872953414916992
12208,9.199999809265137,10.422996520996094
12209,32.40999984741211,30.07754135131836
12210,53.810001373291016,54.19806671142578
12211,18.100000381469727,15.776921272277832
12212,15.34000015258789,16.787155151367188
12213,14.260000228881836,11.909504890441895
12214,23.989999771118164,24.85345458984375
12215,37.880001068115234,41.26118087768555
12216,30.850000381469727,32.26784133911133
12217,53.45000076293945,51.722042083740234
12218,46.79999923706055,50.290767669677734
12219,40.939998626708984,49.006832122802734
12220,35.66999816894531,34.143096923828125
12221,19.65999984741211,20.075857162475586
12222,32.7400016784668,34.941200256347656
12223,19.1200008392334,21.026622772216797
12224,45.41999816894531,45.31877517700195
12225,1.7300000190734863,3.091965436935425
12226,30.809999465942383,29.61215591430664
12227,6.079999923706055,8.971421241760254
12228,17.489999771118164,15.594168663024902
12229,53.880001068115234,54.860130310058594
12230,21.780000686645508,19.0582275390625
12231,6.099999904632568,7.0188889503479
12232,25.770000457763672,29.587364196777344
12233,22.149999618530273,23.423667907714844
12234,15.619999885559082,17.343225479125977
12235,9.699999809265137,9.835604667663574
12236,23.799999237060547,18.823801040649414
12237,47.29999923706055,53.62453079223633
12238,15.430000305175781,14.986711502075195
12239,15.390000343322754,13.429659843444824
12240,28.81999969482422,28.10761070251465
12241,14.359999656677246,15.857232093811035
12242,31.18000030517578,34.289833068847656
12243,10.229999542236328,9.267254829406738
12244,7.389999866485596,7.1575236320495605
12245,34.470001220703125,35.35716247558594
12246,54.36000061035156,51.72716522216797
12247,51.41999816894531,40.41559600830078
12248,60.400001525878906,58.32109832763672
12249,76.69999694824219,69.10649108886719
12250,29.1200008392334,28.370471954345703
12251,23.889999389648438,21.51577377319336
12252,18.790000915527344,18.871971130371094
12253,20.15999984741211,23.815515518188477
12254,31.3700008392334,33.1312141418457
12255,64.66999816894531,59.90253448486328
12256,41.54999923706055,45.19196701049805
12257,23.760000228881836,22.458696365356445
12258,25.969999313354492,26.361433029174805
12259,20.030000686645508,22.59967613220215
12260,49.709999084472656,52.96086120605469
12261,6.03000020980835,4.47711706161499
12262,17.600000381469727,19.894481658935547
12263,64.12999725341797,57.84833908081055
12264,36.63999938964844,31.196353912353516
12265,20.790000915527344,22.68400764465332
12266,16.540000915527344,16.154390335083008
12267,45.369998931884766,48.99888610839844
12268,28.59000015258789,27.96422576904297
12269,15.869999885559082,18.787548065185547
12270,23.600000381469727,18.573143005371094
12271,3.119999885559082,5.880921363830566
12272,40.34000015258789,36.43651580810547
12273,23.579999923706055,25.183578491210938
12274,35.04999923706055,38.17433166503906
12275,17.219999313354492,15.094343185424805
12276,36.40999984741211,29.915678024291992
12277,47.5,56.58625030517578
12278,8.220000267028809,7.827704906463623
12279,3.640000104904175,7.894464492797852
12280,67.77999877929688,55.5238037109375
12281,2.390000104904175,1.9705748558044434
12282,36.41999816894531,31.864234924316406
12283,6.599999904632568,8.611099243164062
12284,3.309999942779541,3.5994913578033447
12285,40.25,40.47400665283203
12286,40.25,46.64101028442383
12287,14.369999885559082,12.996757507324219
12288,13.319999694824219,12.094987869262695
12289,37.619998931884766,42.31329345703125
12290,30.790000915527344,32.14354705810547
12291,37.61000061035156,45.30017852783203
12292,7.909999847412109,7.825879096984863
12293,67.37999725341797,62.86697769165039
12294,19.389999389648438,17.287073135375977
12295,16.010000228881836,9.984923362731934
12296,54.779998779296875,54.952049255371094
12297,26.0,24.587602615356445
12298,20.360000610351562,21.912290573120117
12299,48.16999816894531,49.97901153564453
12300,10.390000343322754,9.381650924682617
12301,16.950000762939453,16.88041114807129
12302,46.689998626708984,46.868385314941406
12303,21.899999618530273,23.409074783325195
12304,65.80999755859375,64.00927734375
12305,44.11000061035156,48.294525146484375
12306,50.18000030517578,46.16880798339844
12307,7.21999979019165,5.738439559936523
12308,57.65999984741211,51.825862884521484
12309,16.34000015258789,16.123825073242188
12310,36.2599983215332,37.77348709106445
12311,8.170000076293945,6.696813583374023
12312,28.690000534057617,27.33083724975586
12313,29.68000030517578,27.723270416259766
12314,17.780000686645508,15.63178539276123
12315,16.06999969482422,16.160036087036133
12316,27.549999237060547,28.859237670898438
12317,49.560001373291016,45.79615020751953
12318,52.88999938964844,54.550758361816406
12319,15.229999542236328,13.993999481201172
12320,18.3799991607666,21.629865646362305
12321,22.239999771118164,23.87506866455078
12322,50.849998474121094,48.48284912109375
12323,46.15999984741211,51.58601379394531
12324,11.430000305175781,11.088139533996582
12325,24.0,23.670944213867188
12326,29.1299991607666,25.796165466308594
12327,42.970001220703125,41.03346633911133
12328,55.95000076293945,59.41974639892578
12329,25.09000015258789,25.6699161529541
12330,11.510000228881836,11.970938682556152
12331,26.729999542236328,29.117544174194336
12332,18.489999771118164,19.993404388427734
12333,63.439998626708984,52.550174713134766
12334,47.099998474121094,46.12934875488281
12335,28.260000228881836,30.973834991455078
12336,5.75,2.9213104248046875
12337,51.279998779296875,50.28487777709961
12338,58.689998626708984,55.46330642700195
12339,23.579999923706055,22.033037185668945
12340,21.81999969482422,22.748029708862305
12341,31.639999389648438,32.8807258605957
12342,21.6200008392334,22.945587158203125
12343,32.9900016784668,31.424158096313477
12344,15.720000267028809,17.719402313232422
12345,8.649999618530273,8.334342002868652
12346,46.41999816894531,44.934654235839844
12347,25.440000534057617,28.983409881591797
12348,19.860000610351562,17.952533721923828
12349,45.83000183105469,45.839412689208984
12350,59.66999816894531,58.26591491699219
12351,9.619999885559082,7.292213439941406
12352,21.0,21.453540802001953
12353,21.440000534057617,22.326608657836914
12354,38.40999984741211,32.184226989746094
12355,23.399999618530273,22.98418617248535
12356,53.61000061035156,52.33055877685547
12357,48.06999969482422,47.384307861328125
12358,13.859999656677246,10.757898330688477
12359,39.310001373291016,39.21405792236328
12360,13.569999694824219,11.470730781555176
12361,24.489999771118164,25.385196685791016
12362,6.079999923706055,7.815070152282715
12363,20.899999618530273,20.444252014160156
12364,25.8700008392334,25.647043228149414
12365,5.090000152587891,4.5032267570495605
12366,27.3700008392334,24.34505844116211
12367,25.280000686645508,26.88747215270996
12368,10.779999732971191,14.769643783569336
12369,13.039999961853027,14.078864097595215
12370,11.960000038146973,10.621211051940918
12371,37.130001068115234,35.00685119628906
12372,30.0,31.54619789123535
12373,57.290000915527344,48.39422607421875
12374,25.559999465942383,22.204818725585938
12375,16.600000381469727,12.758389472961426
12376,35.560001373291016,38.45581817626953
12377,13.109999656677246,14.851696968078613
12378,46.470001220703125,58.857913970947266
12379,18.729999542236328,17.810691833496094
12380,27.200000762939453,29.124481201171875
12381,28.40999984741211,24.137388229370117
12382,6.230000019073486,8.14993667602539
12383,12.170000076293945,12.262843132019043
12384,13.479999542236328,14.190098762512207
12385,43.88999938964844,37.856590270996094
12386,24.229999542236328,21.245948791503906
12387,46.349998474121094,51.24299621582031
12388,32.68000030517578,52.35009002685547
12389,33.68000030517578,37.62070083618164
12390,20.200000762939453,20.564258575439453
12391,34.52000045776367,40.440677642822266
12392,23.670000076293945,26.115371704101562
12393,33.7599983215332,31.771944046020508
12394,47.869998931884766,50.16545867919922
12395,2.6700000762939453,10.847317695617676
12396,42.58000183105469,44.05854034423828
12397,13.539999961853027,12.775680541992188
12398,38.36000061035156,34.163265228271484
12399,26.639999389648438,23.03636360168457
12400,21.440000534057617,20.358802795410156
12401,19.40999984741211,22.48819923400879
12402,32.720001220703125,29.086339950561523
12403,41.36000061035156,41.93755340576172
12404,35.220001220703125,32.9331169128418
12405,25.170000076293945,27.234390258789062
12406,62.5,63.92337417602539
12407,7.010000228881836,7.230509281158447
12408,37.5099983215332,43.16490936279297
12409,28.549999237060547,26.550079345703125
12410,4.880000114440918,7.500637531280518
12411,40.900001525878906,42.53478240966797
12412,48.13999938964844,48.88066482543945
12413,28.079999923706055,30.4693603515625
12414,35.0,37.89893341064453
12415,23.15999984741211,24.844669342041016
12416,12.970000267028809,11.460122108459473
12417,3.0399999618530273,6.595447540283203
12418,6.119999885559082,9.668527603149414
12419,22.100000381469727,25.19816017150879
12420,31.90999984741211,30.300426483154297
12421,23.959999084472656,22.980098724365234
12422,40.4900016784668,42.58099365234375
12423,48.150001525878906,49.68225860595703
12424,43.9900016784668,47.23150634765625
12425,23.040000915527344,21.828676223754883
12426,35.7599983215332,39.494354248046875
12427,12.779999732971191,15.009926795959473
12428,11.680000305175781,10.684659004211426
12429,22.360000610351562,22.53069305419922
12430,44.869998931884766,45.9442253112793
12431,44.13999938964844,46.0395393371582
12432,7.75,11.781698226928711
12433,0.7300000190734863,23.150571823120117
12434,73.30999755859375,64.18211364746094
12435,44.59000015258789,49.39329528808594
12436,32.599998474121094,33.74020767211914
12437,30.799999237060547,32.64904022216797
12438,18.670000076293945,18.75497817993164
12439,33.439998626708984,32.664283752441406
12440,30.889999389648438,32.57482147216797
12441,11.84000015258789,12.673043251037598
12442,6.329999923706055,2.896160840988159
12443,10.329999923706055,10.208821296691895
12444,3.7200000286102295,4.158563613891602
12445,41.560001373291016,42.12165069580078
12446,60.90999984741211,67.81077575683594
12447,32.72999954223633,31.62586212158203
12448,13.380000114440918,11.343011856079102
12449,16.65999984741211,16.269065856933594
12450,17.889999389648438,18.429283142089844
12451,19.940000534057617,17.462810516357422
12452,3.9200000762939453,4.302505016326904
12453,61.04999923706055,59.735595703125
12454,9.180000305175781,9.166945457458496
12455,71.83000183105469,67.5396499633789
12456,37.349998474121094,41.586090087890625
12457,1.4500000476837158,7.819897174835205
12458,7.989999771118164,7.791469097137451
12459,33.83000183105469,32.5420036315918
12460,38.59000015258789,37.30228805541992
12461,8.15999984741211,6.2559309005737305
12462,33.959999084472656,27.510562896728516
12463,10.449999809265137,9.040206909179688
12464,38.38999938964844,41.01996994018555
12465,25.600000381469727,27.17582893371582
12466,13.270000457763672,13.494284629821777
12467,61.79999923706055,56.08014678955078
12468,43.75,40.15948486328125
12469,44.0099983215332,46.651092529296875
12470,9.989999771118164,10.204970359802246
12471,36.310001373291016,39.37908935546875
12472,7.760000228881836,6.527467250823975
12473,75.93000030517578,63.02107620239258
12474,26.1299991607666,25.793970108032227
12475,32.900001525878906,31.8978214263916
12476,22.860000610351562,24.720640182495117
12477,31.989999771118164,32.849998474121094
12478,67.66999816894531,69.89752197265625
12479,40.560001373291016,42.93109893798828
12480,21.420000076293945,17.281049728393555
12481,25.440000534057617,27.626785278320312
12482,23.329999923706055,22.27535057067871
12483,49.54999923706055,44.18284225463867
12484,55.349998474121094,53.345733642578125
12485,3.6500000953674316,3.231694221496582
12486,22.18000030517578,18.5039005279541
12487,17.3700008392334,15.293363571166992
12488,20.93000030517578,22.389400482177734
12489,40.470001220703125,37.81183624267578
12490,45.15999984741211,41.974510192871094
12491,11.15999984741211,11.469735145568848
12492,44.58000183105469,46.649845123291016
12493,10.380000114440918,14.985376358032227
12494,31.239999771118164,35.595394134521484
12495,33.439998626708984,31.979839324951172
12496,35.27000045776367,31.54024887084961
12497,29.6200008392334,25.595577239990234
12498,20.34000015258789,20.85377311706543
12499,49.380001068115234,49.457763671875
12500,17.149999618530273,15.686878204345703
12501,8.420000076293945,9.482330322265625
12502,28.260000228881836,24.507417678833008
12503,25.6200008392334,26.693065643310547
12504,41.959999084472656,34.43837356567383
12505,12.710000038146973,16.538448333740234
12506,43.58000183105469,44.592987060546875
12507,5.300000190734863,5.752296447753906
12508,38.84000015258789,40.43235778808594
12509,51.939998626708984,51.402252197265625
12510,14.34000015258789,14.23279857635498
12511,20.110000610351562,15.801347732543945
12512,26.440000534057617,29.27202033996582
12513,19.100000381469727,18.076440811157227
12514,28.860000610351562,27.65117835998535
12515,13.65999984741211,15.105764389038086
12516,17.18000030517578,20.12189292907715
12517,51.41999816894531,51.46505355834961
12518,55.88999938964844,61.97791290283203
12519,44.560001373291016,37.64554977416992
12520,42.75,40.94479751586914
12521,22.0,19.05487823486328
12522,5.639999866485596,4.885730743408203
12523,23.6299991607666,25.90143394470215
12524,42.439998626708984,42.735347747802734
12525,27.25,28.097309112548828
12526,40.279998779296875,44.78683853149414
12527,69.08000183105469,72.72028350830078
12528,25.850000381469727,28.646242141723633
12529,36.939998626708984,37.741756439208984
12530,33.7400016784668,32.561561584472656
12531,31.84000015258789,31.461387634277344
12532,36.91999816894531,44.92121124267578
12533,14.369999885559082,11.199003219604492
12534,12.569999694824219,10.872231483459473
12535,23.1299991607666,24.577299118041992
12536,3.3499999046325684,2.974351167678833
12537,19.200000762939453,20.73575210571289
12538,29.1299991607666,30.458545684814453
12539,2.0799999237060547,2.651761054992676
12540,26.829999923706055,25.121084213256836
12541,4.010000228881836,0.29779574275016785
12542,18.079999923706055,16.939586639404297
12543,46.9900016784668,43.27525329589844
12544,16.670000076293945,18.082874298095703
12545,38.630001068115234,37.29010009765625
12546,29.8799991607666,34.853939056396484
12547,3.069999933242798,5.476301670074463
12548,13.489999771118164,13.674765586853027
12549,47.2400016784668,43.37568283081055
12550,25.18000030517578,20.154111862182617
12551,22.860000610351562,24.44236946105957
12552,22.84000015258789,22.422412872314453
12553,24.889999389648438,22.73101043701172
12554,22.65999984741211,20.62786865234375
12555,33.720001220703125,40.44293212890625
12556,23.520000457763672,21.97893714904785
12557,29.84000015258789,28.214603424072266
12558,35.0,37.6378173828125
12559,34.90999984741211,32.592777252197266
12560,19.06999969482422,18.207050323486328
12561,4.190000057220459,1.268539547920227
12562,59.7400016784668,56.43265151977539
12563,52.15999984741211,49.60927963256836
12564,42.72999954223633,38.55899429321289
12565,30.690000534057617,30.182083129882812
12566,44.0,44.47711181640625
12567,23.0,27.954618453979492
12568,26.40999984741211,26.7939453125
12569,17.43000030517578,14.963315963745117
12570,17.200000762939453,16.687978744506836
12571,37.150001525878906,32.773231506347656
12572,19.969999313354492,20.135263442993164
12573,28.479999542236328,31.623981475830078
12574,67.9000015258789,64.62629699707031
12575,28.469999313354492,28.40779685974121
12576,23.770000457763672,21.975812911987305
12577,30.399999618530273,30.46868324279785
12578,46.630001068115234,46.06922149658203
12579,33.27000045776367,31.933303833007812
12580,7.429999828338623,5.363112926483154
12581,70.83999633789062,71.02586364746094
12582,19.079999923706055,19.395030975341797
12583,5.920000076293945,8.167889595031738
12584,32.22999954223633,35.5152473449707
12585,67.79000091552734,68.06603240966797
12586,30.959999084472656,31.70553207397461
12587,19.90999984741211,22.511016845703125
12588,13.609999656677246,11.896136283874512
12589,8.229999542236328,7.235299110412598
12590,12.170000076293945,6.823053359985352
12591,46.83000183105469,45.60685729980469
12592,26.020000457763672,25.785625457763672
12593,39.66999816894531,41.40387725830078
12594,29.8700008392334,34.13417053222656
12595,54.400001525878906,51.39961624145508
12596,45.470001220703125,43.398529052734375
12597,3.759999990463257,2.1487557888031006
12598,18.68000030517578,19.254356384277344
12599,2.75,0.0663563534617424
12600,38.310001373291016,42.69488525390625
12601,13.779999732971191,12.559094429016113
12602,32.34000015258789,33.436973571777344
12603,5.159999847412109,8.161046981811523
12604,38.849998474121094,49.35729217529297
12605,33.29999923706055,31.988014221191406
12606,37.290000915527344,39.406009674072266
12607,51.95000076293945,55.0150146484375
12608,60.77000045776367,54.842369079589844
12609,49.220001220703125,48.067657470703125
12610,8.3100004196167,6.963475704193115
12611,36.97999954223633,32.74435806274414
12612,61.790000915527344,64.24713134765625
12613,32.720001220703125,27.5910701751709
12614,22.75,23.921546936035156
12615,19.139999389648438,20.088363647460938
12616,11.9399995803833,11.654974937438965
12617,40.90999984741211,37.073612213134766
12618,23.399999618530273,21.702800750732422
12619,33.970001220703125,34.05843734741211
12620,16.3700008392334,15.33668327331543
12621,23.18000030517578,19.718774795532227
12622,69.55000305175781,59.52372741699219
12623,28.149999618530273,30.52356719970703
12624,15.789999961853027,15.86602783203125
12625,13.829999923706055,13.787822723388672
12626,37.9900016784668,35.264503479003906
12627,51.290000915527344,53.63376235961914
12628,18.40999984741211,16.893014907836914
12629,40.40999984741211,43.813751220703125
12630,20.229999542236328,20.582927703857422
12631,39.650001525878906,36.51044845581055
12632,40.720001220703125,38.24958801269531
12633,10.0600004196167,8.017706871032715
12634,22.530000686645508,22.984508514404297
12635,25.219999313354492,25.712913513183594
12636,35.810001373291016,36.3505973815918
12637,6.019999980926514,5.931966304779053
12638,51.349998474121094,40.22494125366211
12639,26.68000030517578,29.248525619506836
12640,46.36000061035156,40.1156120300293
12641,26.90999984741211,27.277185440063477
12642,26.299999237060547,29.069599151611328
12643,6.050000190734863,9.341449737548828
12644,26.850000381469727,23.877094268798828
12645,48.56999969482422,44.72331619262695
12646,21.600000381469727,23.92498207092285
12647,16.59000015258789,18.15140724182129
12648,36.56999969482422,35.90831756591797
12649,24.959999084472656,47.83476638793945
12650,49.63999938964844,55.141990661621094
12651,49.470001220703125,49.60067367553711
12652,36.79999923706055,30.58357048034668
12653,29.299999237060547,34.19792175292969
12654,4.909999847412109,4.357625484466553
12655,55.439998626708984,57.562835693359375
12656,45.31999969482422,48.161041259765625
12657,39.16999816894531,34.53827667236328
12658,15.350000381469727,14.461816787719727
12659,32.0,31.891517639160156
12660,72.68000030517578,68.04961395263672
12661,30.739999771118164,27.198001861572266
12662,12.25,12.707711219787598
12663,30.700000762939453,28.848487854003906
12664,43.7599983215332,40.26723861694336
12665,60.33000183105469,60.891963958740234
12666,32.81999969482422,29.11447525024414
12667,51.849998474121094,46.08144760131836
12668,37.220001220703125,37.46791076660156
12669,68.43000030517578,64.75289154052734
12670,24.440000534057617,23.44710922241211
12671,19.40999984741211,16.307636260986328
12672,45.70000076293945,45.30805206298828
12673,39.45000076293945,44.329044342041016
12674,25.18000030517578,23.996789932250977
12675,17.229999542236328,19.222536087036133
12676,3.619999885559082,2.025984764099121
12677,48.0099983215332,49.769805908203125
12678,28.600000381469727,35.02985382080078
12679,23.049999237060547,17.20696258544922
12680,49.31999969482422,49.111331939697266
12681,51.9900016784668,56.63181686401367
12682,46.150001525878906,43.63671112060547
12683,19.6200008392334,18.59124183654785
12684,29.079999923706055,27.291826248168945
12685,37.529998779296875,32.595855712890625
12686,9.319999694824219,5.804245948791504
12687,35.65999984741211,37.32666778564453
12688,19.799999237060547,19.364696502685547
12689,32.06999969482422,34.705650329589844
12690,30.3799991607666,29.911415100097656
12691,27.399999618530273,24.67081642150879
12692,20.739999771118164,21.329879760742188
12693,35.04999923706055,35.75291442871094
12694,29.15999984741211,25.07828140258789
12695,9.0,8.856873512268066
12696,14.220000267028809,14.680694580078125
12697,34.310001373291016,34.204994201660156
12698,24.059999465942383,24.10378646850586
12699,29.75,26.49028968811035
12700,40.380001068115234,42.17967224121094
12701,18.989999771118164,19.22206687927246
12702,21.25,22.663711547851562
12703,3.140000104904175,5.335987091064453
12704,15.579999923706055,16.928972244262695
12705,19.059999465942383,16.972030639648438
12706,8.069999694824219,2.8763458728790283
12707,66.16000366210938,62.26348876953125
12708,33.790000915527344,32.65467834472656
12709,26.25,28.288589477539062
12710,10.079999923706055,11.582450866699219
12711,57.369998931884766,55.281822204589844
12712,15.020000457763672,13.652464866638184
12713,75.7300033569336,65.34695434570312
12714,18.520000457763672,16.948509216308594
12715,35.619998931884766,36.591796875
12716,7.739999771118164,11.29361629486084
12717,19.309999465942383,20.3720703125
12718,19.549999237060547,20.547685623168945
12719,8.640000343322754,9.321943283081055
12720,30.709999084472656,29.33024024963379
12721,15.010000228881836,16.75128746032715
12722,19.18000030517578,18.500652313232422
12723,28.219999313354492,30.020557403564453
12724,22.760000228881836,17.941688537597656
12725,27.030000686645508,26.527042388916016
12726,3.9700000286102295,3.225757122039795
12727,2.5799999237060547,2.2689621448516846
12728,44.18000030517578,44.05562973022461
12729,14.510000228881836,15.715153694152832
12730,18.639999389648438,21.343915939331055
12731,13.850000381469727,12.310221672058105
12732,14.020000457763672,13.019439697265625
12733,41.529998779296875,38.6277961730957
12734,6.800000190734863,6.500087261199951
12735,28.40999984741211,27.901683807373047
12736,32.619998931884766,42.35773849487305
12737,22.559999465942383,22.272823333740234
12738,13.850000381469727,13.052910804748535
12739,9.5600004196167,11.43825626373291
12740,14.819999694824219,18.762521743774414
12741,39.779998779296875,33.17702102661133
12742,31.260000228881836,35.9226188659668
12743,27.6200008392334,30.1382999420166
12744,21.06999969482422,22.11443328857422
12745,39.70000076293945,44.143211364746094
12746,22.239999771118164,19.50151252746582
12747,30.270000457763672,30.05725860595703
12748,47.400001525878906,41.6458740234375
12749,15.729999542236328,17.934207916259766
12750,11.170000076293945,10.62421989440918
12751,11.520000457763672,13.912432670593262
12752,37.529998779296875,42.94129943847656
12753,39.52000045776367,40.037322998046875
12754,15.329999923706055,16.519145965576172
12755,19.889999389648438,18.991905212402344
12756,30.1299991607666,29.17049217224121
12757,14.170000076293945,18.196922302246094
12758,35.27000045776367,36.8499755859375
12759,14.829999923706055,12.169730186462402
12760,12.15999984741211,11.656848907470703
12761,44.279998779296875,42.093658447265625
12762,11.09000015258789,9.03365421295166
12763,6.139999866485596,6.4499359130859375
12764,69.01000213623047,73.71473693847656
12765,30.8700008392334,31.412158966064453
12766,16.950000762939453,16.84710121154785
12767,55.47999954223633,54.83076095581055
12768,27.690000534057617,29.10565185546875
12769,18.030000686645508,15.987245559692383
12770,28.229999542236328,29.844398498535156
12771,8.619999885559082,5.464352130889893
12772,29.170000076293945,30.750749588012695
12773,18.639999389648438,17.90498161315918
12774,39.4900016784668,43.660850524902344
12775,59.18000030517578,54.76369094848633
12776,4.199999809265137,3.2861151695251465
12777,46.81999969482422,45.98800277709961
12778,9.170000076293945,9.44929027557373
12779,45.86000061035156,42.36430358886719
12780,34.47999954223633,38.45982360839844
12781,16.739999771118164,18.638782501220703
12782,41.599998474121094,40.51089859008789
12783,15.390000343322754,15.24267292022705
12784,33.099998474121094,33.098480224609375
12785,20.90999984741211,20.84811782836914
12786,14.140000343322754,16.379499435424805
12787,29.989999771118164,30.43456268310547
12788,22.579999923706055,21.01318359375
12789,48.15999984741211,45.199710845947266
12790,15.359999656677246,15.077698707580566
12791,30.260000228881836,29.39689064025879
12792,15.260000228881836,13.935006141662598
12793,37.88999938964844,44.768306732177734
12794,49.86000061035156,50.85325622558594
12795,27.639999389648438,26.399860382080078
12796,16.59000015258789,16.673343658447266
12797,13.420000076293945,11.485069274902344
12798,19.850000381469727,21.277603149414062
12799,22.520000457763672,25.036148071289062
12800,18.889999389648438,19.251340866088867
12801,13.069999694824219,12.442492485046387
12802,48.970001220703125,44.208335876464844
12803,41.2400016784668,45.34147644042969
12804,55.45000076293945,54.365394592285156
12805,25.43000030517578,27.1108455657959
12806,17.18000030517578,15.886773109436035
12807,66.76000213623047,62.62685775756836
12808,67.7699966430664,64.56784057617188
12809,19.719999313354492,20.72739028930664
12810,7.139999866485596,11.758234024047852
12811,35.33000183105469,30.678680419921875
12812,11.229999542236328,12.136332511901855
12813,51.970001220703125,46.3028678894043
12814,9.920000076293945,10.012932777404785
12815,23.229999542236328,27.736337661743164
12816,22.420000076293945,22.455001831054688
12817,12.649999618530273,12.315770149230957
12818,24.229999542236328,24.12869644165039
12819,45.369998931884766,45.939369201660156
12820,21.510000228881836,21.025056838989258
12821,25.670000076293945,26.778928756713867
12822,13.739999771118164,12.054367065429688
12823,31.239999771118164,29.584562301635742
12824,31.40999984741211,30.765560150146484
12825,14.890000343322754,11.661242485046387
12826,31.549999237060547,31.445110321044922
12827,42.52000045776367,39.53424072265625
12828,13.0600004196167,11.482874870300293
12829,10.789999961853027,15.963415145874023
12830,11.970000267028809,9.13608455657959
12831,12.6899995803833,12.488443374633789
12832,3.309999942779541,5.170492649078369
12833,19.979999542236328,20.1419620513916
12834,25.399999618530273,26.9984130859375
12835,16.709999084472656,15.644227027893066
12836,13.380000114440918,11.547730445861816
12837,30.649999618530273,29.73180389404297
12838,7.71999979019165,8.886116981506348
12839,27.399999618530273,25.282127380371094
12840,44.20000076293945,39.923458099365234
12841,52.97999954223633,48.022151947021484
12842,9.539999961853027,9.386604309082031
12843,15.289999961853027,17.81824493408203
12844,45.470001220703125,47.839134216308594
12845,48.34000015258789,51.53005599975586
12846,32.560001373291016,31.848506927490234
12847,5.119999885559082,6.638153076171875
12848,44.13999938964844,38.938682556152344
12849,61.34000015258789,59.71883773803711
12850,23.260000228881836,19.0269775390625
12851,29.84000015258789,27.13852310180664
12852,54.65999984741211,49.7636833190918
12853,29.889999389648438,28.683616638183594
12854,29.850000381469727,31.816970825195312
12855,23.959999084472656,23.91282844543457
12856,25.760000228881836,24.503005981445312
12857,46.02000045776367,48.47384262084961
12858,17.799999237060547,18.557952880859375
12859,34.9900016784668,38.70047378540039
12860,34.130001068115234,35.67102813720703
12861,26.6299991607666,24.75835609436035
12862,29.93000030517578,28.523197174072266
12863,4.519999980926514,6.75977087020874
12864,23.450000762939453,22.225730895996094
12865,19.270000457763672,14.713427543640137
12866,46.95000076293945,45.08595275878906
12867,80.80000305175781,64.09864807128906
12868,28.84000015258789,31.474308013916016
12869,39.720001220703125,31.6004638671875
12870,28.290000915527344,30.64397430419922
12871,21.790000915527344,24.778671264648438
12872,44.54999923706055,47.20011901855469
12873,14.1899995803833,12.949177742004395
12874,46.59000015258789,45.334693908691406
12875,18.079999923706055,18.501022338867188
12876,20.559999465942383,20.877592086791992
12877,14.220000267028809,12.160948753356934
12878,56.060001373291016,52.9153938293457
12879,13.109999656677246,11.894198417663574
12880,17.829999923706055,18.860971450805664
12881,58.61000061035156,57.446529388427734
12882,7.929999828338623,7.768133640289307
12883,28.510000228881836,30.21757698059082
12884,33.84000015258789,31.944046020507812
12885,36.04999923706055,37.521095275878906
12886,20.81999969482422,19.5435791015625
12887,4.789999961853027,4.513900279998779
12888,28.950000762939453,28.47283935546875
12889,30.739999771118164,25.353336334228516
12890,76.16999816894531,61.750709533691406
12891,34.27000045776367,32.86540603637695
12892,47.58000183105469,50.93733596801758
12893,38.93000030517578,36.952274322509766
12894,15.390000343322754,14.741256713867188
12895,56.16999816894531,50.25033950805664
12896,36.86000061035156,36.722389221191406
12897,22.549999237060547,21.369056701660156
12898,51.459999084472656,49.790489196777344
12899,34.380001068115234,36.39060974121094
12900,27.709999084472656,29.274568557739258
12901,21.899999618530273,21.512481689453125
12902,25.079999923706055,25.914703369140625
12903,51.459999084472656,39.845558166503906
12904,49.290000915527344,50.388938903808594
12905,15.59000015258789,12.441505432128906
12906,74.41000366210938,73.38389587402344
12907,6.050000190734863,9.968411445617676
12908,10.140000343322754,9.67507266998291
12909,23.479999542236328,22.73733901977539
12910,7.739999771118164,2.857714891433716
12911,30.350000381469727,32.586177825927734
12912,34.099998474121094,36.023834228515625
12913,22.829999923706055,19.517534255981445
12914,7.21999979019165,9.422348976135254
12915,14.619999885559082,14.077836036682129
12916,30.709999084472656,29.687482833862305
12917,53.119998931884766,48.44719696044922
12918,44.900001525878906,44.773590087890625
12919,22.170000076293945,19.049360275268555
12920,25.440000534057617,27.910037994384766
12921,22.979999542236328,23.845523834228516
12922,55.560001373291016,52.700050354003906
12923,31.600000381469727,37.98890686035156
12924,9.15999984741211,9.987635612487793
12925,19.6299991607666,20.110992431640625
12926,9.59000015258789,10.123132705688477
12927,24.270000457763672,26.472000122070312
12928,23.75,23.212303161621094
12929,23.399999618530273,21.91233253479004
12930,42.939998626708984,50.61157989501953
12931,17.860000610351562,14.911334991455078
12932,27.09000015258789,22.578882217407227
12933,10.09000015258789,8.691263198852539
12934,33.369998931884766,30.595134735107422
12935,47.18000030517578,46.129695892333984
12936,8.34000015258789,7.614966869354248
12937,13.390000343322754,12.541644096374512
12938,45.529998779296875,48.889610290527344
12939,25.639999389648438,20.557538986206055
12940,68.95999908447266,71.70101165771484
12941,29.360000610351562,33.1364631652832
12942,22.479999542236328,23.756547927856445
12943,20.969999313354492,22.393314361572266
12944,3.609999895095825,0.2706618905067444
12945,15.359999656677246,15.594648361206055
12946,23.84000015258789,23.618244171142578
12947,33.439998626708984,34.650848388671875
12948,8.270000457763672,8.57801342010498
12949,21.489999771118164,24.339313507080078
12950,25.600000381469727,25.81534767150879
12951,36.099998474121094,34.70924377441406
12952,0.6499999761581421,33.724517822265625
12953,53.869998931884766,50.0037727355957
12954,51.16999816894531,51.72978973388672
12955,33.459999084472656,33.42801284790039
12956,30.100000381469727,27.059812545776367
12957,24.5,24.717117309570312
12958,58.91999816894531,52.867820739746094
12959,24.149999618530273,23.6469669342041
12960,33.08000183105469,37.559078216552734
12961,29.649999618530273,29.771005630493164
12962,19.969999313354492,15.532767295837402
12963,35.689998626708984,37.15250778198242
12964,47.22999954223633,46.55815124511719
12965,57.7400016784668,58.3848991394043
12966,36.84000015258789,34.66129684448242
12967,8.510000228881836,6.915316104888916
12968,32.779998779296875,30.703781127929688
12969,44.08000183105469,47.70684814453125
12970,24.43000030517578,26.134485244750977
12971,41.56999969482422,45.65074920654297
12972,73.31999969482422,70.62393951416016
12973,20.649999618530273,21.94997215270996
12974,33.060001373291016,34.508731842041016
12975,35.29999923706055,34.615989685058594
12976,8.100000381469727,7.3474602699279785
12977,46.36000061035156,46.28813934326172
12978,5.809999942779541,6.9206223487854
12979,30.329999923706055,31.765792846679688
12980,22.40999984741211,23.180450439453125
12981,33.58000183105469,33.47175598144531
12982,38.439998626708984,31.9825439453125
12983,4.860000133514404,6.8617472648620605
12984,58.29999923706055,57.362979888916016
12985,19.200000762939453,18.761056900024414
12986,10.930000305175781,13.162111282348633
12987,67.66000366210938,63.97872543334961
12988,52.52000045776367,50.081199645996094
12989,31.260000228881836,34.87247848510742
12990,41.75,44.7653923034668
12991,45.31999969482422,43.106014251708984
12992,15.619999885559082,14.850811958312988
12993,39.0099983215332,40.365211486816406
12994,40.15999984741211,41.95967102050781
12995,14.800000190734863,15.24340534210205
12996,3.8399999141693115,5.247438430786133
12997,8.729999542236328,4.680728912353516
12998,9.579999923706055,9.645296096801758
12999,47.310001373291016,51.24934387207031
13000,11.949999809265137,10.670001029968262
13001,22.31999969482422,22.521961212158203
13002,29.8799991607666,27.23569107055664
13003,18.850000381469727,15.377056121826172
13004,33.86000061035156,31.844257354736328
13005,36.79999923706055,32.219932556152344
13006,43.47999954223633,47.127559661865234
13007,11.260000228881836,12.427741050720215
13008,31.530000686645508,30.517274856567383
13009,43.7599983215332,48.16667938232422
13010,16.260000228881836,17.620914459228516
13011,53.93000030517578,42.04454803466797
13012,21.989999771118164,18.888723373413086
13013,37.790000915527344,39.438194274902344
13014,19.459999084472656,25.889583587646484
13015,13.130000114440918,12.468141555786133
13016,44.209999084472656,49.42655563354492
13017,21.450000762939453,21.978750228881836
13018,54.88999938964844,50.376197814941406
13019,29.170000076293945,21.26332664489746
13020,61.68000030517578,65.79371643066406
13021,68.05000305175781,60.16413116455078
13022,51.040000915527344,47.204166412353516
13023,26.950000762939453,24.43338394165039
13024,41.20000076293945,44.35841751098633
13025,10.789999961853027,10.339376449584961
13026,9.279999732971191,8.995566368103027
13027,42.060001373291016,47.841941833496094
13028,45.91999816894531,42.286354064941406
13029,40.0,37.94902038574219
13030,25.219999313354492,26.497283935546875
13031,24.68000030517578,21.823434829711914
13032,18.6200008392334,18.24162483215332
13033,4.679999828338623,6.5174360275268555
13034,16.09000015258789,19.128957748413086
13035,8.569999694824219,9.583232879638672
13036,36.560001373291016,40.70338439941406
13037,43.52000045776367,45.538795471191406
13038,14.380000114440918,15.13672161102295
13039,17.0,14.541974067687988
13040,13.819999694824219,14.721553802490234
13041,47.209999084472656,42.890865325927734
13042,19.579999923706055,23.34011459350586
13043,12.979999542236328,11.459423065185547
13044,16.209999084472656,16.219141006469727
13045,25.059999465942383,22.982242584228516
13046,29.18000030517578,31.150604248046875
13047,22.43000030517578,25.306198120117188
13048,14.630000114440918,16.61025619506836
13049,46.959999084472656,41.660526275634766
13050,21.15999984741211,22.356048583984375
13051,10.760000228881836,10.108420372009277
13052,52.880001068115234,54.25883483886719
13053,28.899999618530273,27.269485473632812
13054,30.450000762939453,31.764402389526367
13055,21.450000762939453,22.764001846313477
13056,16.25,17.088308334350586
13057,23.3700008392334,23.07468032836914
13058,22.739999771118164,21.840993881225586
13059,17.280000686645508,16.033111572265625
13060,23.920000076293945,25.63985824584961
13061,16.610000610351562,14.928092002868652
13062,13.529999732971191,19.62572479248047
13063,35.75,32.88429641723633
13064,64.44999694824219,61.57776641845703
13065,28.219999313354492,29.373390197753906
13066,51.630001068115234,49.21433639526367
13067,21.68000030517578,22.94646453857422
13068,13.949999809265137,16.877592086791992
13069,12.1899995803833,9.268158912658691
13070,42.470001220703125,46.14114761352539
13071,25.760000228881836,24.5320987701416
13072,26.56999969482422,27.302459716796875
13073,24.770000457763672,24.801700592041016
13074,30.31999969482422,31.559043884277344
13075,18.3700008392334,19.533411026000977
13076,39.61000061035156,43.541908264160156
13077,33.61000061035156,30.798133850097656
13078,29.31999969482422,31.314815521240234
13079,67.87999725341797,64.63352966308594
13080,18.170000076293945,18.22115707397461
13081,8.640000343322754,6.125147819519043
13082,7.059999942779541,6.508467674255371
13083,14.329999923706055,13.839489936828613
13084,34.20000076293945,33.12417221069336
13085,2.4700000286102295,4.449777126312256
13086,34.70000076293945,35.08052444458008
13087,34.47999954223633,32.83859634399414
13088,45.7400016784668,45.05233383178711
13089,53.06999969482422,33.56669235229492
13090,14.470000267028809,14.165915489196777
13091,25.479999542236328,30.31182861328125
13092,6.949999809265137,5.570583820343018
13093,27.860000610351562,38.371864318847656
13094,28.850000381469727,30.376663208007812
13095,64.12000274658203,52.9945182800293
13096,14.369999885559082,14.489668846130371
13097,29.639999389648438,28.64883041381836
13098,15.359999656677246,14.811092376708984
13099,26.600000381469727,29.31439971923828
13100,20.1299991607666,20.772441864013672
13101,44.150001525878906,46.888916015625
13102,17.780000686645508,21.50875473022461
13103,12.25,11.909093856811523
13104,34.93000030517578,38.467620849609375
13105,23.760000228881836,22.490928649902344
13106,39.220001220703125,45.12438201904297
13107,48.81999969482422,54.37311553955078
13108,11.069999694824219,11.458609580993652
13109,5.559999942779541,6.823011875152588
13110,38.439998626708984,34.571067810058594
13111,34.189998626708984,36.1775016784668
13112,18.979999542236328,18.856243133544922
13113,43.2599983215332,46.45354461669922
13114,20.260000228881836,18.061176300048828
13115,11.0,11.832670211791992
13116,49.11000061035156,45.47922134399414
13117,8.289999961853027,10.073065757751465
13118,34.11000061035156,33.079891204833984
13119,28.09000015258789,26.53128433227539
13120,27.450000762939453,27.29245948791504
13121,21.079999923706055,18.377939224243164
13122,12.720000267028809,12.350281715393066
13123,39.310001373291016,37.19271469116211
13124,21.739999771118164,22.902313232421875
13125,24.81999969482422,23.865062713623047
13126,16.489999771118164,14.1531400680542
13127,40.790000915527344,43.491153717041016
13128,21.809999465942383,20.78262710571289
13129,35.439998626708984,43.36164855957031
13130,60.9900016784668,55.25335693359375
13131,0.9300000071525574,11.362716674804688
13132,15.069999694824219,15.000041007995605
13133,40.7599983215332,38.22468566894531
13134,7.599999904632568,12.419668197631836
13135,27.670000076293945,24.87973403930664
13136,11.260000228881836,8.792070388793945
13137,16.690000534057617,17.807130813598633
13138,35.290000915527344,31.601177215576172
13139,18.059999465942383,18.644071578979492
13140,21.1299991607666,19.459796905517578
13141,33.25,32.62709426879883
13142,20.219999313354492,18.34817123413086
13143,37.38999938964844,44.73442840576172
13144,13.670000076293945,14.425870895385742
13145,68.37999725341797,55.59889602661133
13146,37.939998626708984,40.151451110839844
13147,31.850000381469727,29.03011703491211
13148,60.880001068115234,64.22058868408203
13149,36.84000015258789,39.66904067993164
13150,2.4100000858306885,4.561201572418213
13151,15.65999984741211,17.094791412353516
13152,19.25,18.099220275878906
13153,7.510000228881836,10.128761291503906
13154,62.63999938964844,62.64548873901367
13155,7.039999961853027,5.077809810638428
13156,6.590000152587891,7.694200038909912
13157,42.959999084472656,36.08991241455078
13158,16.579999923706055,17.632139205932617
13159,43.58000183105469,44.27436447143555
13160,38.63999938964844,38.34091567993164
13161,46.130001068115234,50.31432342529297
13162,76.44999694824219,69.41985321044922
13163,34.04999923706055,32.1190299987793
13164,10.109999656677246,13.443178176879883
13165,34.599998474121094,34.375396728515625
13166,16.440000534057617,19.067153930664062
13167,34.209999084472656,31.647672653198242
13168,21.719999313354492,21.38131332397461
13169,23.309999465942383,20.676124572753906
13170,42.310001373291016,37.03611373901367
13171,21.8799991607666,23.40702247619629
13172,48.869998931884766,61.52105712890625
13173,53.16999816894531,53.77295684814453
13174,26.8700008392334,23.111528396606445
13175,31.56999969482422,43.869842529296875
13176,7.760000228881836,7.944151878356934
13177,24.670000076293945,26.274168014526367
13178,25.059999465942383,25.09885025024414
13179,19.229999542236328,21.110782623291016
13180,10.6899995803833,9.655187606811523
13181,35.54999923706055,35.15869903564453
13182,33.77000045776367,32.2880973815918
13183,32.33000183105469,29.56130599975586
13184,30.079999923706055,31.255496978759766
13185,5.340000152587891,4.658280372619629
13186,45.33000183105469,50.23584747314453
13187,15.210000038146973,14.847637176513672
13188,13.979999542236328,15.149433135986328
13189,15.359999656677246,11.769371032714844
13190,25.56999969482422,24.877178192138672
13191,18.31999969482422,21.6162109375
13192,34.25,39.25438690185547
13193,26.290000915527344,25.111297607421875
13194,29.059999465942383,33.6544189453125
13195,22.34000015258789,23.767038345336914
13196,29.8799991607666,28.583187103271484
13197,30.239999771118164,30.6175537109375
13198,32.599998474121094,29.014543533325195
13199,6.940000057220459,11.144096374511719
13200,43.18000030517578,47.0754280090332
13201,18.200000762939453,19.724206924438477
13202,30.329999923706055,28.292407989501953
13203,39.779998779296875,40.39433670043945
13204,17.65999984741211,17.316303253173828
13205,26.540000915527344,24.96099090576172
13206,19.809999465942383,20.79585838317871
13207,22.190000534057617,20.704561233520508
13208,36.86000061035156,35.91934585571289
13209,22.450000762939453,18.29721450805664
13210,13.0600004196167,13.462944984436035
13211,25.350000381469727,28.042699813842773
13212,4.230000019073486,5.78830623626709
13213,4.309999942779541,6.998712539672852
13214,24.540000915527344,26.994802474975586
13215,9.40999984741211,10.989923477172852
13216,7.489999771118164,8.851705551147461
13217,23.600000381469727,17.126068115234375
13218,14.100000381469727,29.593456268310547
13219,29.549999237060547,30.178056716918945
13220,11.0600004196167,11.14138412475586
13221,8.3100004196167,10.252415657043457
13222,30.639999389648438,31.314294815063477
13223,7.789999961853027,10.486369132995605
13224,16.40999984741211,19.030437469482422
13225,45.849998474121094,39.83390808105469
13226,43.18000030517578,42.817684173583984
13227,13.899999618530273,17.521697998046875
13228,7.300000190734863,6.953450679779053
13229,46.88999938964844,50.986724853515625
13230,20.729999542236328,26.23983383178711
13231,32.5,30.43628692626953
13232,48.43000030517578,47.39253234863281
13233,11.479999542236328,10.313687324523926
13234,53.060001373291016,48.84713363647461
13235,14.770000457763672,14.868215560913086
13236,7.849999904632568,8.763093948364258
13237,42.439998626708984,41.46323013305664
13238,15.829999923706055,15.692289352416992
13239,15.15999984741211,17.819149017333984
13240,47.54999923706055,55.624664306640625
13241,18.739999771118164,14.421183586120605
13242,20.860000610351562,18.95479965209961
13243,42.189998626708984,45.844993591308594
13244,32.029998779296875,31.563735961914062
13245,10.170000076293945,11.531494140625
13246,38.16999816894531,41.67158508300781
13247,0.9399999976158142,20.046993255615234
13248,7.5,8.404356956481934
13249,71.51000213623047,68.36390686035156
13250,33.959999084472656,37.215736389160156
13251,44.91999816894531,43.008766174316406
13252,7.699999809265137,6.199059963226318
13253,9.109999656677246,13.71951961517334
13254,40.599998474121094,47.010501861572266
13255,62.439998626708984,65.21800994873047
13256,25.68000030517578,24.821697235107422
13257,46.04999923706055,45.313148498535156
13258,21.239999771118164,23.967018127441406
13259,57.36000061035156,50.611724853515625
13260,29.690000534057617,29.020061492919922
13261,23.8700008392334,26.627487182617188
13262,40.349998474121094,43.380245208740234
13263,19.649999618530273,16.384653091430664
13264,6.619999885559082,7.2610344886779785
13265,16.889999389648438,16.322282791137695
13266,11.779999732971191,12.60364818572998
13267,55.52000045776367,56.43848419189453
13268,25.360000610351562,26.667686462402344
13269,23.579999923706055,21.77225685119629
13270,57.0099983215332,55.84014892578125
13271,43.34000015258789,47.319488525390625
13272,50.619998931884766,62.019569396972656
13273,21.690000534057617,22.672035217285156
13274,52.34000015258789,51.25693130493164
13275,10.15999984741211,12.522021293640137
13276,61.470001220703125,60.95585632324219
13277,19.829999923706055,19.795269012451172
13278,7.289999961853027,7.781071662902832
13279,12.75,10.97180461883545
13280,26.600000381469727,26.309314727783203
13281,13.470000267028809,13.791382789611816
13282,32.349998474121094,29.188011169433594
13283,21.0,20.65045738220215
13284,5.369999885559082,4.879302501678467
13285,31.75,31.701515197753906
13286,10.65999984741211,10.891375541687012
13287,43.29999923706055,46.658714294433594
13288,12.069999694824219,7.308005332946777
13289,5.679999828338623,7.437005043029785
13290,7.139999866485596,7.976833343505859
13291,8.670000076293945,5.196126461029053
13292,47.56999969482422,44.57273483276367
13293,13.869999885559082,16.40312385559082
13294,7.28000020980835,9.236259460449219
13295,7.019999980926514,7.0752272605896
13296,36.560001373291016,37.89298629760742
13297,23.700000762939453,25.64925193786621
13298,33.560001373291016,32.45903778076172
13299,23.520000457763672,24.51734161376953
13300,31.760000228881836,29.18187713623047
13301,7.019999980926514,7.362707614898682
13302,31.729999542236328,36.76010513305664
13303,2.680000066757202,6.820263862609863
13304,15.0,17.914648056030273
13305,3.740000009536743,3.5338802337646484
13306,15.739999771118164,16.132204055786133
13307,36.5099983215332,36.335838317871094
13308,7.53000020980835,8.634153366088867
13309,23.829999923706055,22.7406005859375
13310,20.110000610351562,22.40570068359375
13311,44.459999084472656,45.11144256591797
13312,8.880000114440918,6.377365589141846
13313,25.790000915527344,26.249191284179688
13314,20.579999923706055,18.401744842529297
13315,24.739999771118164,23.8729190826416
13316,25.520000457763672,33.300846099853516
13317,20.59000015258789,19.467103958129883
13318,28.15999984741211,30.077526092529297
13319,3.0399999618530273,3.3922364711761475
13320,41.88999938964844,41.98766326904297
13321,50.52000045776367,43.574947357177734
13322,12.800000190734863,11.644018173217773
13323,21.209999084472656,19.02762222290039
13324,19.030000686645508,20.660114288330078
13325,14.710000038146973,14.40002727508545
13326,29.610000610351562,28.017189025878906
13327,7.429999828338623,7.364273548126221
13328,9.359999656677246,9.68567943572998
13329,11.869999885559082,10.991134643554688
13330,14.609999656677246,13.817673683166504
13331,41.470001220703125,39.292301177978516
13332,47.09000015258789,38.15326690673828
13333,19.100000381469727,20.396228790283203
13334,17.049999237060547,14.3770751953125
13335,32.31999969482422,28.904264450073242
13336,2.6700000762939453,4.636073112487793
13337,56.34000015258789,58.109336853027344
13338,25.489999771118164,28.03922462463379
13339,25.09000015258789,24.864980697631836
13340,10.029999732971191,7.569161891937256
13341,44.84000015258789,44.57016372680664
13342,19.010000228881836,17.6097469329834
13343,38.439998626708984,36.628807067871094
13344,13.90999984741211,11.639714241027832
13345,46.529998779296875,39.86693572998047
13346,16.84000015258789,13.067791938781738
13347,40.31999969482422,45.41935729980469
13348,45.93000030517578,45.78832244873047
13349,23.1200008392334,20.302644729614258
13350,72.37000274658203,65.42771911621094
13351,15.010000228881836,14.487064361572266
13352,14.90999984741211,13.849660873413086
13353,39.66999816894531,40.75665283203125
13354,31.8799991607666,30.337947845458984
13355,22.040000915527344,18.065019607543945
13356,43.25,46.72269821166992
13357,39.4900016784668,39.823211669921875
13358,34.189998626708984,34.00086212158203
13359,70.2699966430664,64.61380767822266
13360,2.6700000762939453,0.2640388607978821
13361,41.58000183105469,42.28506088256836
13362,15.329999923706055,13.589402198791504
13363,42.18000030517578,39.440948486328125
13364,9.579999923706055,8.68840503692627
13365,56.7400016784668,60.925201416015625
13366,42.02000045776367,41.592613220214844
13367,42.91999816894531,38.885215759277344
13368,13.15999984741211,16.363256454467773
13369,74.13999938964844,61.686317443847656
13370,43.970001220703125,42.18928527832031
13371,44.970001220703125,44.031925201416016
13372,39.84000015258789,40.16421127319336
13373,23.6200008392334,22.983009338378906
13374,14.710000038146973,17.813499450683594
13375,16.760000228881836,16.540767669677734
13376,16.010000228881836,14.396533012390137
13377,34.43000030517578,25.480621337890625
13378,37.130001068115234,30.566831588745117
13379,52.459999084472656,51.25789260864258
13380,17.520000457763672,18.760648727416992
13381,16.520000457763672,16.628570556640625
13382,49.47999954223633,48.66429901123047
13383,32.130001068115234,28.41931915283203
13384,25.100000381469727,26.271259307861328
13385,8.880000114440918,11.985082626342773
13386,38.45000076293945,37.18461990356445
13387,11.40999984741211,12.783117294311523
13388,22.979999542236328,25.58092498779297
13389,33.619998931884766,39.024322509765625
13390,30.940000534057617,27.274303436279297
13391,4.519999980926514,9.745028495788574
13392,10.020000457763672,9.74343204498291
13393,19.079999923706055,20.73871421813965
13394,40.86000061035156,43.60120391845703
13395,39.849998474121094,32.494834899902344
13396,20.170000076293945,18.290542602539062
13397,76.87999725341797,55.48130416870117
13398,42.13999938964844,38.08483123779297
13399,3.9100000858306885,1.9867029190063477
13400,59.150001525878906,51.41133499145508
13401,32.11000061035156,37.207923889160156
13402,28.6200008392334,28.444307327270508
13403,7.630000114440918,5.621305465698242
13404,14.079999923706055,16.5911865234375
13405,20.469999313354492,21.287750244140625
13406,14.319999694824219,12.224995613098145
13407,49.439998626708984,53.1204948425293
13408,14.699999809265137,14.730657577514648
13409,4.349999904632568,10.524381637573242
13410,42.65999984741211,44.60453414916992
13411,33.0,31.06669807434082
13412,28.3700008392334,31.007122039794922
13413,37.7599983215332,40.455848693847656
13414,21.690000534057617,23.049362182617188
13415,24.1200008392334,25.590877532958984
13416,53.88999938964844,55.223506927490234
13417,17.06999969482422,17.904817581176758
13418,25.43000030517578,24.01369857788086
13419,34.41999816894531,35.51036834716797
13420,70.83000183105469,70.40303802490234
13421,4.75,3.945669651031494
13422,1.9500000476837158,23.42878532409668
13423,23.899999618530273,21.24384880065918
13424,15.5600004196167,19.83626937866211
13425,15.279999732971191,15.3137845993042
13426,23.600000381469727,20.617685317993164
13427,7.659999847412109,7.057220458984375
13428,20.43000030517578,21.75527572631836
13429,43.29999923706055,47.28156661987305
13430,28.510000228881836,34.564186096191406
13431,26.68000030517578,27.432048797607422
13432,9.9399995803833,13.904231071472168
13433,37.77000045776367,41.93674850463867
13434,16.079999923706055,14.410350799560547
13435,5.519999980926514,5.704321384429932
13436,24.90999984741211,24.659976959228516
13437,51.52000045776367,57.45685577392578
13438,16.350000381469727,20.27243423461914
13439,14.770000457763672,16.990619659423828
13440,34.970001220703125,33.49850082397461
13441,9.210000038146973,7.5543107986450195
13442,57.09000015258789,56.17155456542969
13443,14.789999961853027,14.96304988861084
13444,17.719999313354492,16.5186824798584
13445,12.420000076293945,13.778430938720703
13446,48.93000030517578,45.10914611816406
13447,44.040000915527344,45.74546432495117
13448,6.420000076293945,9.745631217956543
13449,71.62000274658203,63.61617660522461
13450,4.409999847412109,5.365429878234863
13451,28.030000686645508,29.831825256347656
13452,7.0,8.508708000183105
13453,46.77000045776367,43.39278793334961
13454,11.350000381469727,12.993928909301758
13455,30.979999542236328,28.750347137451172
13456,21.209999084472656,19.12601661682129
13457,7.920000076293945,8.636229515075684
13458,45.209999084472656,45.313690185546875
13459,22.600000381469727,22.761444091796875
13460,25.84000015258789,27.482362747192383
13461,8.569999694824219,5.435586929321289
13462,22.889999389648438,21.292491912841797
13463,20.8700008392334,22.701242446899414
13464,21.040000915527344,21.21231460571289
13465,6.349999904632568,9.545344352722168
13466,23.489999771118164,22.88448143005371
13467,53.95000076293945,47.870269775390625
13468,8.630000114440918,7.1338019371032715
13469,39.65999984741211,35.232852935791016
13470,15.0,12.885627746582031
13471,15.239999771118164,15.571768760681152
13472,34.970001220703125,29.50450897216797
13473,5.050000190734863,5.041049003601074
13474,9.539999961853027,11.397019386291504
13475,47.7400016784668,48.98670196533203
13476,64.7699966430664,69.34733581542969
13477,16.56999969482422,16.602596282958984
13478,15.800000190734863,14.998101234436035
13479,40.540000915527344,47.634033203125
13480,23.350000381469727,18.572154998779297
13481,25.459999084472656,28.745094299316406
13482,33.83000183105469,33.45167541503906
13483,7.989999771118164,7.203441619873047
13484,8.25,7.450852394104004
13485,3.490000009536743,8.575370788574219
13486,34.119998931884766,34.907386779785156
13487,64.06999969482422,61.91375732421875
13488,44.310001373291016,43.50337219238281
13489,11.729999542236328,10.116409301757812
13490,20.889999389648438,20.132415771484375
13491,27.81999969482422,26.795440673828125
13492,44.099998474121094,47.90945053100586
13493,29.229999542236328,29.539491653442383
13494,18.3799991607666,19.10452651977539
13495,11.609999656677246,14.741857528686523
13496,19.989999771118164,22.629852294921875
13497,24.510000228881836,23.550134658813477
13498,7.650000095367432,6.506899833679199
13499,27.1299991607666,27.462099075317383
13500,26.950000762939453,24.63416290283203
13501,13.039999961853027,13.212615013122559
13502,36.29999923706055,47.9794921875
13503,19.719999313354492,19.822208404541016
13504,39.04999923706055,42.05534362792969
13505,7.070000171661377,10.79340648651123
13506,27.469999313354492,31.28826141357422
13507,15.770000457763672,13.858473777770996
13508,18.389999389648438,18.39177894592285
13509,27.329999923706055,24.43425178527832
13510,9.670000076293945,9.257467269897461
13511,19.25,18.961315155029297
13512,19.709999084472656,20.846168518066406
13513,40.11000061035156,32.62727355957031
13514,34.29999923706055,33.115631103515625
13515,10.119999885559082,11.715184211730957
13516,18.510000228881836,18.131908416748047
13517,32.279998779296875,29.689956665039062
13518,13.430000305175781,12.900726318359375
13519,12.460000038146973,13.13005542755127
13520,24.280000686645508,26.182723999023438
13521,3.3499999046325684,3.2016966342926025
13522,30.280000686645508,29.69697380065918
13523,42.5,49.44141387939453
13524,14.510000228881836,14.681689262390137
13525,2.0299999713897705,0.14429283142089844
13526,41.0,52.61981964111328
13527,51.619998931884766,51.253746032714844
13528,46.40999984741211,48.75944137573242
13529,36.58000183105469,37.64919662475586
13530,5.019999980926514,4.970190525054932
13531,21.610000610351562,22.570858001708984
13532,10.5,9.128328323364258
13533,7.019999980926514,7.357110977172852
13534,30.520000457763672,33.18089294433594
13535,36.63999938964844,37.55014419555664
13536,41.0099983215332,33.17285919189453
13537,17.459999084472656,15.567197799682617
13538,10.880000114440918,17.668222427368164
13539,66.55000305175781,56.011871337890625
13540,14.640000343322754,12.294037818908691
13541,29.100000381469727,34.361595153808594
13542,26.860000610351562,23.469348907470703
13543,43.41999816894531,41.60310745239258
13544,18.579999923706055,18.505544662475586
13545,5.840000152587891,3.7163422107696533
13546,42.470001220703125,38.56306838989258
13547,16.969999313354492,17.08885955810547
13548,9.9399995803833,8.569703102111816
13549,29.200000762939453,31.05501365661621
13550,14.819999694824219,16.710044860839844
13551,4.329999923706055,7.247479438781738
13552,21.31999969482422,17.798233032226562
13553,56.029998779296875,49.329830169677734
13554,46.630001068115234,41.28204345703125
13555,18.31999969482422,18.058101654052734
13556,15.109999656677246,13.302061080932617
13557,10.010000228881836,8.37873363494873
13558,39.2400016784668,39.6577262878418
13559,28.25,27.714502334594727
13560,21.979999542236328,22.364177703857422
13561,12.380000114440918,10.034590721130371
13562,42.41999816894531,37.57273483276367
13563,9.329999923706055,9.676536560058594
13564,33.939998626708984,35.09716796875
13565,9.470000267028809,9.5430908203125
13566,37.77000045776367,36.1507453918457
13567,46.310001373291016,40.52153396606445
13568,14.880000114440918,15.127628326416016
13569,54.66999816894531,51.52808380126953
13570,40.11000061035156,28.57712173461914
13571,25.440000534057617,26.173908233642578
13572,3.3499999046325684,3.6861040592193604
13573,54.709999084472656,59.4436149597168
13574,18.059999465942383,21.783008575439453
13575,45.34000015258789,45.826171875
13576,31.920000076293945,33.05988311767578
13577,11.1899995803833,11.745010375976562
13578,47.2599983215332,45.009376525878906
13579,31.200000762939453,39.441471099853516
13580,26.969999313354492,25.719417572021484
13581,49.04999923706055,44.15357208251953
13582,18.389999389648438,19.602619171142578
13583,19.6200008392334,20.12557029724121
13584,27.760000228881836,28.60137176513672
13585,35.880001068115234,36.08631896972656
13586,29.799999237060547,32.97861099243164
13587,23.40999984741211,25.56992530822754
13588,27.93000030517578,28.144458770751953
13589,51.52000045776367,52.33415985107422
13590,59.45000076293945,49.0703010559082
13591,20.65999984741211,18.546836853027344
13592,31.979999542236328,32.075416564941406
13593,21.479999542236328,25.313472747802734
13594,8.920000076293945,8.979177474975586
13595,8.300000190734863,6.608221054077148
13596,4.800000190734863,6.927509307861328
13597,27.899999618530273,30.46504783630371
13598,31.360000610351562,34.97904586791992
13599,31.690000534057617,32.45854568481445
13600,58.599998474121094,60.61500930786133
13601,35.08000183105469,33.155765533447266
13602,17.59000015258789,16.702781677246094
13603,23.040000915527344,23.101591110229492
13604,32.9900016784668,34.34801483154297
13605,13.680000305175781,15.528011322021484
13606,49.70000076293945,38.40070724487305
13607,4.820000171661377,4.997673034667969
13608,13.09000015258789,12.95242977142334
13609,65.06999969482422,58.66107940673828
13610,7.590000152587891,6.965652942657471
13611,23.1200008392334,27.14978790283203
13612,44.86000061035156,50.070796966552734
13613,38.810001373291016,45.92119216918945
13614,30.350000381469727,36.23100280761719
13615,42.02000045776367,46.46783447265625
13616,37.279998779296875,34.0206298828125
13617,78.45999908447266,66.40440368652344
13618,20.75,18.30055046081543
13619,34.59000015258789,32.515464782714844
13620,18.8700008392334,18.3190860748291
13621,16.8799991607666,15.869592666625977
13622,8.529999732971191,5.5418243408203125
13623,17.040000915527344,16.98544692993164
13624,17.209999084472656,16.632400512695312
13625,46.83000183105469,49.68289566040039
13626,15.6899995803833,14.816845893859863
13627,27.31999969482422,27.954776763916016
13628,40.040000915527344,34.50712203979492
13629,64.30999755859375,58.215003967285156
13630,57.650001525878906,54.22832489013672
13631,24.75,24.90338706970215
13632,39.08000183105469,41.826236724853516
13633,18.290000915527344,18.007198333740234
13634,13.84000015258789,14.785517692565918
13635,40.38999938964844,43.25944900512695
13636,59.84000015258789,62.716575622558594
13637,17.15999984741211,15.916190147399902
13638,62.349998474121094,62.46846389770508
13639,34.70000076293945,33.942161560058594
13640,66.0999984741211,61.924068450927734
13641,12.09000015258789,32.25484085083008
13642,10.539999961853027,7.303627967834473
13643,5.519999980926514,4.8127336502075195
13644,17.600000381469727,17.724197387695312
13645,27.3799991607666,26.45204734802246
13646,23.15999984741211,23.458667755126953
13647,14.800000190734863,14.432293891906738
13648,19.309999465942383,18.759822845458984
13649,17.989999771118164,16.64059829711914
13650,7.789999961853027,10.53738021850586
13651,60.119998931884766,59.17576217651367
13652,3.890000104904175,1.375003695487976
13653,42.099998474121094,42.01813507080078
13654,34.65999984741211,41.257999420166016
13655,49.11000061035156,49.26092529296875
13656,20.520000457763672,17.18212127685547
13657,48.470001220703125,46.81640625
13658,40.54999923706055,40.12966537475586
13659,33.29999923706055,31.313934326171875
13660,33.08000183105469,34.939579010009766
13661,26.200000762939453,25.272541046142578
13662,18.75,21.236940383911133
13663,13.869999885559082,12.808368682861328
13664,10.0,11.112593650817871
13665,34.099998474121094,32.20878982543945
13666,15.0600004196167,12.319417953491211
13667,37.970001220703125,44.31591796875
13668,16.469999313354492,16.364051818847656
13669,15.260000228881836,14.382608413696289
13670,20.520000457763672,28.52752113342285
13671,32.779998779296875,34.9825553894043
13672,15.850000381469727,14.9156494140625
13673,4.71999979019165,11.016956329345703
13674,6.090000152587891,8.262127876281738
13675,23.280000686645508,22.853191375732422
13676,36.939998626708984,31.420928955078125
13677,49.70000076293945,46.24469757080078
13678,26.90999984741211,28.439434051513672
13679,20.510000228881836,19.96822738647461
13680,25.979999542236328,26.88876724243164
13681,25.139999389648438,25.232513427734375
13682,50.779998779296875,48.98044967651367
13683,33.04999923706055,34.258079528808594
13684,5.449999809265137,9.078998565673828
13685,12.15999984741211,15.505544662475586
13686,3.940000057220459,4.525317668914795
13687,44.650001525878906,45.028594970703125
13688,5.380000114440918,6.456466197967529
13689,11.380000114440918,11.390390396118164
13690,10.050000190734863,10.768205642700195
13691,21.549999237060547,22.405546188354492
13692,6.170000076293945,5.265738010406494
13693,11.600000381469727,11.819681167602539
13694,34.439998626708984,36.35989761352539
13695,12.699999809265137,13.355491638183594
13696,19.860000610351562,17.632457733154297
13697,22.209999084472656,19.55280876159668
13698,23.729999542236328,23.178665161132812
13699,19.15999984741211,22.65306854248047
13700,2.7200000286102295,6.231884956359863
13701,36.369998931884766,35.27861022949219
13702,12.720000267028809,11.11064624786377
13703,40.459999084472656,53.275611877441406
13704,15.9399995803833,16.01401710510254
13705,10.420000076293945,12.044601440429688
13706,38.36000061035156,40.19750213623047
13707,13.25,12.764327049255371
13708,14.670000076293945,14.090152740478516
13709,36.709999084472656,31.30215072631836
13710,45.54999923706055,41.94402313232422
13711,43.72999954223633,37.459434509277344
13712,22.75,22.275182723999023
13713,24.6200008392334,32.149818420410156
13714,15.1899995803833,14.94546127319336
13715,35.790000915527344,31.941974639892578
13716,3.490000009536743,6.988449573516846
13717,14.319999694824219,11.615035057067871
13718,23.899999618530273,24.780807495117188
13719,19.040000915527344,19.481481552124023
13720,16.049999237060547,15.781988143920898
13721,79.72000122070312,69.27107238769531
13722,18.1299991607666,19.159664154052734
13723,29.09000015258789,30.330080032348633
13724,15.930000305175781,14.264981269836426
13725,24.479999542236328,24.230417251586914
13726,34.5099983215332,31.327970504760742
13727,12.149999618530273,12.962677001953125
13728,45.310001373291016,55.82745361328125
13729,71.0,57.19669723510742
13730,38.11000061035156,42.553646087646484
13731,13.079999923706055,12.135059356689453
13732,25.06999969482422,27.469539642333984
13733,47.720001220703125,43.943058013916016
13734,3.7300000190734863,7.400490760803223
13735,11.819999694824219,9.807870864868164
13736,20.18000030517578,20.392581939697266
13737,45.54999923706055,42.19394302368164
13738,32.90999984741211,38.51262283325195
13739,12.100000381469727,14.34876537322998
13740,56.84000015258789,54.98707962036133
13741,38.25,34.93794250488281
13742,24.540000915527344,28.491844177246094
13743,59.61000061035156,49.85987854003906
13744,3.9200000762939453,4.958108425140381
13745,38.4900016784668,33.13312530517578
13746,18.739999771118164,18.085302352905273
13747,35.15999984741211,30.06109619140625
13748,26.739999771118164,26.510997772216797
13749,16.649999618530273,17.47443962097168
13750,28.200000762939453,33.60907745361328
13751,30.790000915527344,32.32169723510742
13752,28.5,30.42517852783203
13753,45.119998931884766,42.71099090576172
13754,74.88999938964844,69.59561157226562
13755,28.989999771118164,24.44371223449707
13756,33.630001068115234,29.54948616027832
13757,48.16999816894531,47.976356506347656
13758,32.939998626708984,29.98130989074707
13759,33.20000076293945,33.664031982421875
13760,20.559999465942383,23.171173095703125
13761,26.1200008392334,22.124937057495117
13762,51.5,46.19308853149414
13763,21.15999984741211,21.715539932250977
13764,7.25,5.948436737060547
13765,45.849998474121094,46.965599060058594
13766,28.399999618530273,27.402854919433594
13767,24.950000762939453,24.84081268310547
13768,29.75,29.000085830688477
13769,16.15999984741211,19.015823364257812
13770,27.1299991607666,26.970149993896484
13771,4.329999923706055,6.734833717346191
13772,30.709999084472656,28.170047760009766
13773,37.310001373291016,37.34201431274414
13774,70.36000061035156,63.747440338134766
13775,10.520000457763672,7.647696018218994
13776,50.209999084472656,43.08833312988281
13777,11.100000381469727,13.499996185302734
13778,6.429999828338623,4.949390888214111
13779,47.5,39.89888000488281
13780,33.880001068115234,33.506324768066406
13781,9.170000076293945,10.281855583190918
13782,28.920000076293945,31.21641731262207
13783,3.2200000286102295,4.636683464050293
13784,9.720000267028809,10.436368942260742
13785,11.729999542236328,9.966687202453613
13786,51.25,48.013675689697266
13787,4.170000076293945,4.727027893066406
13788,21.829999923706055,23.3475284576416
13789,8.449999809265137,9.45994758605957
13790,11.050000190734863,11.2620849609375
13791,3.049999952316284,5.004143238067627
13792,44.41999816894531,40.562435150146484
13793,23.81999969482422,25.529136657714844
13794,13.039999961853027,11.80178451538086
13795,31.520000457763672,35.63774871826172
13796,40.90999984741211,46.10322570800781
13797,37.22999954223633,38.013648986816406
13798,41.2599983215332,43.201297760009766
13799,14.180000305175781,17.46110725402832
13800,3.630000114440918,3.153975486755371
13801,59.060001373291016,66.28771209716797
13802,31.280000686645508,28.423118591308594
13803,19.770000457763672,17.661758422851562
13804,18.81999969482422,18.982027053833008
13805,27.34000015258789,27.90564727783203
13806,21.06999969482422,20.60213851928711
13807,56.2400016784668,56.859012603759766
13808,43.25,44.21680450439453
13809,42.25,45.97594451904297
13810,7.710000038146973,16.989055633544922
13811,22.709999084472656,25.89118766784668
13812,13.0600004196167,9.197488784790039
13813,2.369999885559082,5.228232383728027
13814,14.25,16.672727584838867
13815,18.829999923706055,18.45160484313965
13816,13.989999771118164,12.382755279541016
13817,15.979999542236328,17.02737808227539
13818,36.15999984741211,37.350433349609375
13819,10.020000457763672,9.144481658935547
13820,40.619998931884766,38.289146423339844
13821,9.069999694824219,8.993074417114258
13822,56.7599983215332,57.61355972290039
13823,48.84000015258789,46.044189453125
13824,28.350000381469727,36.104061126708984
13825,31.84000015258789,31.529521942138672
13826,25.06999969482422,23.259218215942383
13827,8.210000038146973,6.926620006561279
13828,50.02000045776367,51.3265495300293
13829,38.2400016784668,36.267982482910156
13830,15.34000015258789,15.311460494995117
13831,45.779998779296875,43.69542694091797
13832,27.299999237060547,26.7603702545166
13833,35.189998626708984,33.87898635864258
13834,13.5,14.288138389587402
13835,20.440000534057617,23.57697868347168
13836,60.54999923706055,61.88530349731445
13837,30.1200008392334,29.31492042541504
13838,37.790000915527344,42.53296661376953
13839,6.800000190734863,10.965211868286133
13840,3.3499999046325684,3.119727373123169
13841,6.389999866485596,6.289492607116699
13842,19.600000381469727,19.52047348022461
13843,26.450000762939453,29.15650177001953
13844,29.260000228881836,26.831758499145508
13845,29.90999984741211,28.635990142822266
13846,10.270000457763672,11.812734603881836
13847,22.260000228881836,18.84660530090332
13848,16.440000534057617,17.196029663085938
13849,26.219999313354492,26.447187423706055
13850,8.479999542236328,7.78982400894165
13851,41.099998474121094,43.887847900390625
13852,21.540000915527344,25.565433502197266
13853,35.06999969482422,34.519466400146484
13854,54.52000045776367,46.91042709350586
13855,45.61000061035156,50.709720611572266
13856,26.729999542236328,28.946800231933594
13857,29.299999237060547,30.048837661743164
13858,24.3799991607666,36.86000061035156
13859,22.90999984741211,26.132055282592773
13860,35.68000030517578,41.64087677001953
13861,30.90999984741211,29.112802505493164
13862,22.65999984741211,23.14075469970703
13863,74.41999816894531,64.58972930908203
13864,25.079999923706055,23.506189346313477
13865,23.739999771118164,25.688352584838867
13866,45.369998931884766,46.479148864746094
13867,35.810001373291016,36.540645599365234
13868,38.06999969482422,38.11415100097656
13869,20.93000030517578,20.4193115234375
13870,57.040000915527344,58.68507385253906
13871,32.90999984741211,36.310462951660156
13872,27.780000686645508,28.416826248168945
13873,7.760000228881836,7.968244552612305
13874,42.0,33.11127471923828
13875,50.41999816894531,51.55636215209961
13876,32.459999084472656,31.721080780029297
13877,14.199999809265137,21.498119354248047
13878,51.869998931884766,48.777652740478516
13879,16.100000381469727,13.852559089660645
13880,23.31999969482422,28.78683853149414
13881,25.969999313354492,30.783784866333008
13882,30.270000457763672,34.263004302978516
13883,13.09000015258789,13.327679634094238
13884,28.43000030517578,31.11002540588379
13885,19.600000381469727,21.162126541137695
13886,22.860000610351562,23.873348236083984
13887,3.7699999809265137,2.3140439987182617
13888,50.09000015258789,51.73191833496094
13889,35.9900016784668,33.77652359008789
13890,56.2400016784668,55.54328536987305
13891,4.46999979019165,6.372026443481445
13892,16.920000076293945,18.285524368286133
13893,23.15999984741211,26.183860778808594
13894,8.710000038146973,8.88630199432373
13895,45.0099983215332,51.820335388183594
13896,46.7400016784668,48.68169403076172
13897,17.170000076293945,19.185840606689453
13898,37.189998626708984,43.30888366699219
13899,10.380000114440918,9.00067138671875
13900,20.290000915527344,15.747235298156738
13901,12.079999923706055,10.942900657653809
13902,70.38999938964844,63.769859313964844
13903,14.010000228881836,12.775945663452148
13904,11.5600004196167,11.370575904846191
13905,12.239999771118164,11.082469940185547
13906,22.559999465942383,28.84417724609375
13907,10.579999923706055,10.830048561096191
13908,32.58000183105469,32.352561950683594
13909,6.380000114440918,6.857748985290527
13910,16.899999618530273,16.46928596496582
13911,29.43000030517578,30.301057815551758
13912,58.900001525878906,56.33736038208008
13913,39.38999938964844,42.63736343383789
13914,50.310001373291016,37.9272346496582
13915,6.079999923706055,6.896047592163086
13916,31.31999969482422,38.342247009277344
13917,54.369998931884766,47.43857955932617
13918,18.200000762939453,19.39600372314453
13919,50.900001525878906,54.112159729003906
13920,30.020000457763672,31.667381286621094
13921,44.130001068115234,44.293609619140625
13922,19.920000076293945,20.46908950805664
13923,17.0,18.89748764038086
13924,49.470001220703125,41.94186782836914
13925,34.31999969482422,37.04286193847656
13926,24.479999542236328,24.804256439208984
13927,13.6899995803833,13.82492446899414
13928,53.68000030517578,57.301177978515625
13929,29.770000457763672,35.441444396972656
13930,23.81999969482422,24.589550018310547
13931,23.860000610351562,23.461353302001953
13932,27.290000915527344,27.499614715576172
13933,29.040000915527344,27.723876953125
13934,29.93000030517578,36.62033462524414
13935,20.959999084472656,21.60158920288086
13936,43.08000183105469,40.70136642456055
13937,2.0299999713897705,2.180262804031372
13938,30.510000228881836,34.52592086791992
13939,16.979999542236328,17.03813362121582
13940,11.270000457763672,9.007192611694336
13941,14.75,13.715132713317871
13942,30.959999084472656,32.50938034057617
13943,26.450000762939453,26.372264862060547
13944,61.9900016784668,57.04576110839844
13945,15.300000190734863,17.430879592895508
13946,1.75,0.4635113477706909
13947,46.130001068115234,44.49967956542969
13948,43.130001068115234,46.77717208862305
13949,24.229999542236328,24.15802001953125
13950,28.40999984741211,27.088563919067383
13951,38.2400016784668,37.37643814086914
13952,21.0,18.990318298339844
13953,13.609999656677246,14.701488494873047
13954,31.43000030517578,37.640926361083984
13955,7.710000038146973,6.4813103675842285
13956,71.08000183105469,66.2970199584961
13957,43.93000030517578,51.501258850097656
13958,25.940000534057617,25.363967895507812
13959,9.239999771118164,9.866243362426758
13960,17.850000381469727,17.85878562927246
13961,23.260000228881836,23.862712860107422
13962,59.16999816894531,55.19248962402344
13963,8.829999923706055,10.218755722045898
13964,69.97000122070312,64.69371795654297
13965,38.58000183105469,35.47522735595703
13966,10.300000190734863,9.226485252380371
13967,44.0099983215332,41.192626953125
13968,9.850000381469727,8.963776588439941
13969,74.56999969482422,60.08652114868164
13970,13.460000038146973,13.639101028442383
13971,48.52000045776367,39.181358337402344
13972,34.7400016784668,37.416805267333984
13973,22.049999237060547,21.269851684570312
13974,7.829999923706055,9.829519271850586
13975,54.529998779296875,55.49338150024414
13976,53.65999984741211,49.55106735229492
13977,30.25,29.122177124023438
13978,23.530000686645508,20.256423950195312
13979,32.970001220703125,32.25537872314453
13980,8.0,22.247264862060547
13981,36.40999984741211,35.662086486816406
13982,29.5,31.81246566772461
13983,5.679999828338623,7.183466911315918
13984,16.15999984741211,15.167969703674316
13985,52.209999084472656,52.94563293457031
13986,24.15999984741211,25.38813018798828
13987,17.790000915527344,16.807252883911133
13988,41.27000045776367,45.801475524902344
13989,14.800000190734863,16.141624450683594
13990,60.41999816894531,52.514923095703125
13991,28.829999923706055,27.16956329345703
13992,46.66999816894531,42.396060943603516
13993,14.010000228881836,12.71839714050293
13994,22.170000076293945,23.824411392211914
13995,15.350000381469727,20.477989196777344
13996,13.0600004196167,12.258140563964844
13997,63.09000015258789,57.272010803222656
13998,49.16999816894531,46.35154724121094
13999,24.93000030517578,24.49333953857422
14000,38.439998626708984,39.9493408203125
14001,22.81999969482422,23.369028091430664
14002,26.709999084472656,26.53257942199707
14003,67.05999755859375,54.9990119934082
14004,36.58000183105469,34.35803985595703
14005,52.380001068115234,53.98377227783203
14006,25.790000915527344,26.935394287109375
14007,36.58000183105469,35.7591667175293
14008,13.130000114440918,13.02660083770752
14009,11.109999656677246,8.522987365722656
14010,13.039999961853027,12.528372764587402
14011,24.549999237060547,25.7243709564209
14012,8.600000381469727,8.496417999267578
14013,6.53000020980835,2.3977372646331787
14014,8.3100004196167,6.739381790161133
14015,22.229999542236328,24.488462448120117
14016,80.86000061035156,66.88584899902344
14017,22.360000610351562,26.350444793701172
14018,6.159999847412109,8.407012939453125
14019,41.08000183105469,42.21851348876953
14020,12.630000114440918,14.479960441589355
14021,11.329999923706055,9.453104019165039
14022,15.130000114440918,14.046126365661621
14023,46.380001068115234,40.95587158203125
14024,47.9900016784668,46.440704345703125
14025,18.81999969482422,18.442020416259766
14026,52.33000183105469,44.6494255065918
14027,21.059999465942383,21.015552520751953
14028,19.979999542236328,21.530315399169922
14029,3.3499999046325684,2.4296302795410156
14030,10.430000305175781,12.410528182983398
14031,14.920000076293945,14.965672492980957
14032,50.130001068115234,51.54498291015625
14033,70.33000183105469,60.85163879394531
14034,38.150001525878906,35.74016571044922
14035,50.43000030517578,49.41276550292969
14036,28.510000228881836,31.654571533203125
14037,14.829999923706055,18.333993911743164
14038,49.939998626708984,52.33344268798828
14039,35.779998779296875,35.07518005371094
14040,39.959999084472656,38.44866180419922
14041,32.630001068115234,29.247882843017578
14042,41.779998779296875,40.06760787963867
14043,13.460000038146973,14.15312671661377
14044,12.40999984741211,7.683475971221924
14045,16.450000762939453,16.742900848388672
14046,23.420000076293945,23.312538146972656
14047,52.189998626708984,45.25313949584961
14048,30.81999969482422,31.190717697143555
14049,3.640000104904175,3.540865421295166
14050,7.0,7.686777114868164
14051,5.710000038146973,7.776939868927002
14052,53.61000061035156,38.29378890991211
14053,8.8100004196167,11.828901290893555
14054,26.68000030517578,37.97284698486328
14055,52.16999816894531,57.6597785949707
14056,32.7599983215332,29.948610305786133
14057,29.600000381469727,32.590057373046875
14058,2.490000009536743,1.9811912775039673
14059,38.34000015258789,41.980018615722656
14060,30.950000762939453,28.634159088134766
14061,9.6899995803833,9.381707191467285
14062,24.579999923706055,24.093183517456055
14063,28.729999542236328,30.120277404785156
14064,21.329999923706055,19.672277450561523
14065,57.68000030517578,53.90907669067383
14066,13.640000343322754,15.626440048217773
14067,33.619998931884766,36.794464111328125
14068,15.760000228881836,16.454565048217773
14069,18.850000381469727,18.710765838623047
14070,25.84000015258789,26.816631317138672
14071,39.43000030517578,33.05009841918945
14072,26.09000015258789,25.80266761779785
14073,39.18000030517578,43.52955627441406
14074,15.239999771118164,15.359172821044922
14075,23.860000610351562,21.98194122314453
14076,54.790000915527344,59.476200103759766
14077,21.200000762939453,21.342981338500977
14078,17.209999084472656,16.35646629333496
14079,23.739999771118164,26.663660049438477
14080,5.800000190734863,8.664916038513184
14081,34.56999969482422,36.34573745727539
14082,19.260000228881836,18.053985595703125
14083,24.299999237060547,29.86716079711914
14084,24.809999465942383,26.41800880432129
14085,51.720001220703125,57.892173767089844
14086,4.010000228881836,0.009377953596413136
14087,14.369999885559082,13.386529922485352
14088,39.119998931884766,42.78510665893555
14089,38.16999816894531,38.25749588012695
14090,24.229999542236328,21.284896850585938
14091,14.970000267028809,14.950008392333984
14092,2.4600000381469727,2.6486494541168213
14093,26.780000686645508,27.31283187866211
14094,30.989999771118164,28.587177276611328
14095,24.559999465942383,25.050537109375
14096,56.72999954223633,53.642269134521484
14097,10.520000457763672,9.658574104309082
14098,60.97999954223633,64.99649810791016
14099,78.13999938964844,66.50311279296875
14100,30.049999237060547,29.35468292236328
14101,33.18000030517578,35.850830078125
14102,25.15999984741211,22.12599754333496
14103,58.380001068115234,58.87132263183594
14104,31.469999313354492,31.660411834716797
14105,20.3799991607666,23.15407943725586
14106,15.770000457763672,15.529603958129883
14107,30.760000228881836,29.538681030273438
14108,12.539999961853027,13.877520561218262
14109,8.819999694824219,8.040124893188477
14110,36.22999954223633,35.52969741821289
14111,23.350000381469727,21.02164077758789
14112,57.36000061035156,55.61000442504883
14113,18.459999084472656,18.035120010375977
14114,44.369998931884766,42.8271369934082
14115,39.349998474121094,37.41374969482422
14116,27.65999984741211,23.81508445739746
14117,19.209999084472656,18.923023223876953
14118,27.889999389648438,27.02605628967285
14119,47.900001525878906,51.2261848449707
14120,20.209999084472656,20.385887145996094
14121,10.15999984741211,5.547060012817383
14122,17.06999969482422,18.026702880859375
14123,58.810001373291016,56.669334411621094
14124,33.310001373291016,36.01947021484375
14125,38.380001068115234,36.97374725341797
14126,16.649999618530273,15.815149307250977
14127,20.0,21.16020393371582
14128,14.220000267028809,11.275006294250488
14129,11.770000457763672,13.140767097473145
14130,14.649999618530273,13.519844055175781
14131,19.3700008392334,20.142807006835938
14132,29.809999465942383,28.874706268310547
14133,19.780000686645508,18.584123611450195
14134,35.41999816894531,33.136783599853516
14135,15.880000114440918,15.904918670654297
14136,15.600000381469727,16.915447235107422
14137,18.559999465942383,16.454753875732422
14138,17.280000686645508,15.764328002929688
14139,11.880000114440918,11.530647277832031
14140,10.630000114440918,12.894242286682129
14141,27.239999771118164,24.72099494934082
14142,30.3700008392334,30.684917449951172
14143,4.510000228881836,4.247272491455078
14144,12.460000038146973,11.3818359375
14145,33.86000061035156,32.61940383911133
14146,26.6200008392334,25.126628875732422
14147,9.210000038146973,8.197376251220703
14148,32.77000045776367,31.4108943939209
14149,9.489999771118164,10.786888122558594
14150,47.470001220703125,38.69646453857422
14151,24.34000015258789,23.797182083129883
14152,28.469999313354492,29.580915451049805
14153,51.84000015258789,41.400028228759766
14154,38.41999816894531,35.96303939819336
14155,19.139999389648438,21.716278076171875
14156,46.16999816894531,40.54458236694336
14157,33.43000030517578,34.853004455566406
14158,12.899999618530273,11.80199146270752
14159,34.9900016784668,41.37670135498047
14160,24.350000381469727,25.897918701171875
14161,16.610000610351562,18.12811279296875
14162,11.640000343322754,12.425037384033203
14163,14.84000015258789,13.389577865600586
14164,22.0,24.984703063964844
14165,47.45000076293945,49.59230041503906
14166,48.79999923706055,55.72570037841797
14167,25.479999542236328,25.586578369140625
14168,7.659999847412109,6.847834587097168
14169,26.260000228881836,27.236391067504883
14170,34.349998474121094,32.560550689697266
14171,8.739999771118164,9.268502235412598
14172,19.100000381469727,19.656532287597656
14173,47.709999084472656,51.217079162597656
14174,9.210000038146973,9.433633804321289
14175,23.110000610351562,23.099695205688477
14176,9.479999542236328,6.7148823738098145
14177,38.560001373291016,34.61665725708008
14178,28.010000228881836,28.288572311401367
14179,54.66999816894531,55.72509765625
14180,38.4900016784668,42.25524139404297
14181,42.560001373291016,42.70353317260742
14182,18.399999618530273,18.350215911865234
14183,53.61000061035156,56.78388977050781
14184,25.93000030517578,32.721336364746094
14185,15.640000343322754,16.86800765991211
14186,9.489999771118164,7.876646041870117
14187,13.010000228881836,14.371163368225098
14188,7.699999809265137,6.08000373840332
14189,9.34000015258789,6.52785062789917
14190,51.5099983215332,47.20442199707031
14191,21.420000076293945,20.53704071044922
14192,9.359999656677246,10.967334747314453
14193,31.200000762939453,29.634662628173828
14194,5.730000019073486,7.507557392120361
14195,56.65999984741211,58.79335021972656
14196,39.880001068115234,43.132606506347656
14197,21.3700008392334,21.179866790771484
14198,29.799999237060547,31.797786712646484
14199,11.960000038146973,10.574568748474121
14200,30.299999237060547,29.10210418701172
14201,44.540000915527344,48.41332244873047
14202,23.6200008392334,23.99285888671875
14203,58.02000045776367,55.90560531616211
14204,28.389999389648438,29.041465759277344
14205,6.599999904632568,10.371500015258789
14206,18.81999969482422,14.363743782043457
14207,37.709999084472656,35.88150405883789
14208,39.81999969482422,38.444053649902344
14209,32.52000045776367,34.63345718383789
14210,30.75,29.822534561157227
14211,30.360000610351562,30.472139358520508
14212,29.200000762939453,27.3323974609375
14213,42.880001068115234,39.368736267089844
14214,29.979999542236328,33.37714385986328
14215,14.359999656677246,11.19011116027832
14216,27.540000915527344,27.064241409301758
14217,34.22999954223633,34.24280548095703
14218,6.25,5.1303582191467285
14219,44.060001373291016,42.97433853149414
14220,34.02000045776367,30.000171661376953
14221,6.909999847412109,5.307258605957031
14222,21.540000915527344,19.44231605529785
14223,64.19999694824219,62.63621139526367
14224,10.199999809265137,9.18804931640625
14225,18.139999389648438,17.59210777282715
14226,17.770000457763672,21.031455993652344
14227,8.529999732971191,5.574584007263184
14228,19.190000534057617,20.12990379333496
14229,32.95000076293945,34.04136657714844
14230,15.680000305175781,13.946746826171875
14231,10.960000038146973,11.57472038269043
14232,34.20000076293945,32.13473129272461
14233,11.850000381469727,13.215543746948242
14234,22.510000228881836,22.44280242919922
14235,20.81999969482422,19.203197479248047
14236,13.5600004196167,12.910633087158203
14237,36.86000061035156,33.87190246582031
14238,22.1299991607666,18.355443954467773
14239,26.40999984741211,28.279117584228516
14240,17.540000915527344,18.4869441986084
14241,30.389999389648438,30.985225677490234
14242,28.639999389648438,27.411731719970703
14243,12.210000038146973,16.268844604492188
14244,22.510000228881836,22.9852352142334
14245,42.81999969482422,35.98119354248047
14246,62.77000045776367,62.599830627441406
14247,18.079999923706055,19.39037322998047
14248,44.45000076293945,40.64995574951172
14249,61.369998931884766,44.56132507324219
14250,34.0,36.52024459838867
14251,14.930000305175781,16.979351043701172
14252,42.7400016784668,37.12133026123047
14253,29.889999389648438,32.055809020996094
14254,28.190000534057617,30.208505630493164
14255,18.719999313354492,20.499326705932617
14256,9.75,10.401555061340332
14257,6.679999828338623,8.390671730041504
14258,62.220001220703125,58.95677185058594
14259,27.520000457763672,26.03347396850586
14260,21.549999237060547,22.649749755859375
14261,42.38999938964844,39.73162078857422
14262,13.59000015258789,12.593013763427734
14263,38.599998474121094,36.671451568603516
14264,60.720001220703125,51.52238845825195
14265,34.060001373291016,30.36770248413086
14266,41.56999969482422,50.53343963623047
14267,53.33000183105469,55.55343246459961
14268,20.360000610351562,21.314838409423828
14269,38.220001220703125,31.355735778808594
14270,7.289999961853027,8.139549255371094
14271,53.83000183105469,49.13037872314453
14272,18.100000381469727,14.348801612854004
14273,8.350000381469727,8.34221076965332
14274,13.130000114440918,9.850789070129395
14275,32.310001373291016,32.056026458740234
14276,39.15999984741211,45.1689567565918
14277,52.9900016784668,57.200721740722656
14278,29.579999923706055,22.95168685913086
14279,26.610000610351562,29.834915161132812
14280,12.289999961853027,12.74639892578125
14281,8.819999694824219,9.79695987701416
14282,18.850000381469727,19.3309383392334
14283,22.09000015258789,23.23007583618164
14284,15.430000305175781,14.234493255615234
14285,5.019999980926514,10.71402645111084
14286,22.850000381469727,22.39486312866211
14287,9.119999885559082,8.903243064880371
14288,22.639999389648438,19.657808303833008
14289,8.84000015258789,4.857701778411865
14290,11.930000305175781,8.606757164001465
14291,45.61000061035156,46.50722122192383
14292,5.340000152587891,7.443246841430664
14293,23.68000030517578,27.933378219604492
14294,36.83000183105469,41.21452331542969
14295,63.91999816894531,63.79290771484375
14296,37.720001220703125,30.283706665039062
14297,40.970001220703125,45.98320388793945
14298,36.560001373291016,36.649879455566406
14299,50.720001220703125,54.40375518798828
14300,38.849998474121094,39.225006103515625
14301,58.83000183105469,56.350860595703125
14302,30.959999084472656,27.731882095336914
14303,36.34000015258789,39.384056091308594
14304,32.43000030517578,28.195064544677734
14305,31.549999237060547,32.33102035522461
14306,52.34000015258789,52.232051849365234
14307,12.859999656677246,12.9070405960083
14308,33.220001220703125,37.288612365722656
14309,9.220000267028809,7.1996073722839355
14310,40.029998779296875,43.51834487915039
14311,19.0,20.019935607910156
14312,45.2400016784668,46.88398361206055
14313,24.829999923706055,28.976545333862305
14314,34.25,30.456363677978516
14315,31.469999313354492,27.3673152923584
14316,29.969999313354492,31.039840698242188
14317,24.100000381469727,25.30710220336914
14318,38.33000183105469,35.17931365966797
14319,15.579999923706055,16.78759002685547
14320,25.8700008392334,29.09917449951172
14321,35.36000061035156,37.986942291259766
14322,54.470001220703125,60.2049446105957
14323,7.730000019073486,6.188556671142578
14324,34.470001220703125,38.05590057373047
14325,56.36000061035156,49.07569122314453
14326,37.20000076293945,32.800262451171875
14327,49.849998474121094,48.0089225769043
14328,36.65999984741211,42.262508392333984
14329,27.450000762939453,26.061582565307617
14330,61.27000045776367,65.25126647949219
14331,27.170000076293945,27.601459503173828
14332,26.610000610351562,23.25403594970703
14333,18.790000915527344,16.07986831665039
14334,27.079999923706055,28.963809967041016
14335,7.820000171661377,9.826176643371582
14336,24.31999969482422,24.650896072387695
14337,30.010000228881836,32.988487243652344
14338,11.430000305175781,9.86272144317627
14339,13.539999961853027,13.080839157104492
14340,33.099998474121094,31.07831573486328
14341,46.13999938964844,49.361839294433594
14342,17.6299991607666,17.424461364746094
14343,43.790000915527344,40.45511245727539
14344,19.15999984741211,19.884525299072266
14345,30.3700008392334,32.80447769165039
14346,22.110000610351562,23.7042179107666
14347,41.720001220703125,52.1071662902832
14348,4.03000020980835,7.864023208618164
14349,10.100000381469727,10.664844512939453
14350,52.90999984741211,42.439064025878906
14351,55.869998931884766,48.06757354736328
14352,48.650001525878906,54.01153564453125
14353,48.43000030517578,48.47026062011719
14354,29.719999313354492,31.437458038330078
14355,9.319999694824219,6.26350212097168
14356,40.08000183105469,40.096397399902344
14357,22.520000457763672,28.26205062866211
14358,24.100000381469727,25.659542083740234
14359,20.559999465942383,20.689313888549805
14360,19.440000534057617,20.98446273803711
14361,60.04999923706055,54.24964904785156
14362,28.739999771118164,32.39285659790039
14363,5.980000019073486,6.869944095611572
14364,3.880000114440918,5.474593639373779
14365,33.83000183105469,33.826847076416016
14366,32.540000915527344,32.63792037963867
14367,22.940000534057617,25.228866577148438
14368,39.150001525878906,40.5146484375
14369,36.52000045776367,36.64400100708008
14370,64.75,73.5971450805664
14371,19.309999465942383,18.55292510986328
14372,25.81999969482422,26.852352142333984
14373,36.90999984741211,41.50355529785156
14374,31.719999313354492,31.573909759521484
14375,34.33000183105469,38.56926727294922
14376,34.27000045776367,34.80717086791992
14377,10.5,9.980711936950684
14378,34.060001373291016,32.519500732421875
14379,9.319999694824219,7.105716228485107
14380,19.40999984741211,19.14533233642578
14381,12.210000038146973,13.093549728393555
14382,73.5999984741211,72.98458099365234
14383,50.689998626708984,44.664344787597656
14384,28.610000610351562,26.813404083251953
14385,16.270000457763672,16.02853775024414
14386,3.140000104904175,3.710566759109497
14387,29.950000762939453,36.89664840698242
14388,8.239999771118164,7.5119829177856445
14389,54.150001525878906,49.447139739990234
14390,7.010000228881836,7.455152988433838
14391,14.819999694824219,16.13969612121582
14392,22.860000610351562,24.59175682067871
14393,14.760000228881836,17.488534927368164
14394,20.270000457763672,21.625558853149414
14395,46.220001220703125,54.44670486450195
14396,13.170000076293945,13.161478042602539
14397,31.0,39.90996551513672
14398,58.130001068115234,53.82994079589844
14399,25.3799991607666,27.814729690551758
14400,46.66999816894531,48.47019958496094
14401,77.16999816894531,69.19422149658203
14402,22.8700008392334,23.271690368652344
14403,30.520000457763672,30.54617691040039
14404,18.440000534057617,18.141742706298828
14405,53.66999816894531,49.54494857788086
14406,14.420000076293945,14.595999717712402
14407,66.6500015258789,59.6182861328125
14408,21.670000076293945,22.060562133789062
14409,7.570000171661377,7.534768581390381
14410,40.970001220703125,42.27512741088867
14411,20.59000015258789,21.132244110107422
14412,39.95000076293945,37.581321716308594
14413,6.059999942779541,7.443570613861084
14414,6.119999885559082,4.711357116699219
14415,57.68000030517578,59.7647590637207
14416,40.529998779296875,42.203155517578125
14417,32.540000915527344,34.250892639160156
14418,50.470001220703125,50.126014709472656
14419,25.979999542236328,27.790681838989258
14420,18.1200008392334,19.982067108154297
14421,7.809999942779541,6.2039408683776855
14422,12.949999809265137,7.150174617767334
14423,27.350000381469727,37.530609130859375
14424,18.010000228881836,16.050186157226562
14425,28.06999969482422,27.386104583740234
14426,52.9900016784668,51.83523941040039
14427,68.41999816894531,61.43708038330078
14428,9.460000038146973,10.83323860168457
14429,11.65999984741211,12.66186809539795
14430,76.20999908447266,62.71659851074219
14431,44.31999969482422,42.37843704223633
14432,33.130001068115234,36.523338317871094
14433,16.600000381469727,18.109947204589844
14434,46.68000030517578,49.88987731933594
14435,29.1299991607666,31.27802276611328
14436,25.229999542236328,24.63843536376953
14437,39.619998931884766,43.71177673339844
14438,42.220001220703125,37.494667053222656
14439,15.260000228881836,17.01522445678711
14440,11.369999885559082,13.136438369750977
14441,6.769999980926514,7.220831871032715
14442,6.570000171661377,5.943460464477539
14443,64.55000305175781,56.810874938964844
14444,46.40999984741211,42.99576187133789
14445,46.529998779296875,38.70408630371094
14446,3.9700000286102295,2.2118921279907227
14447,43.2400016784668,47.83655548095703
14448,24.950000762939453,22.31798553466797
14449,28.1299991607666,31.95277976989746
14450,19.1299991607666,19.413225173950195
14451,35.79999923706055,33.51576232910156
14452,28.420000076293945,27.700206756591797
14453,3.2100000381469727,5.06079626083374
14454,23.770000457763672,26.0137939453125
14455,66.83999633789062,62.79269790649414
14456,75.70999908447266,68.47544860839844
14457,22.3700008392334,20.122509002685547
14458,14.829999923706055,14.590890884399414
14459,57.029998779296875,49.5374641418457
14460,15.75,16.548927307128906
14461,37.56999969482422,41.29951477050781
14462,4.369999885559082,8.543910026550293
14463,16.200000762939453,16.955181121826172
14464,24.739999771118164,25.53780174255371
14465,9.25,7.640003681182861
14466,39.36000061035156,37.3081169128418
14467,29.389999389648438,28.050935745239258
14468,6.019999980926514,6.181830406188965
14469,25.690000534057617,25.534435272216797
14470,20.209999084472656,20.322866439819336
14471,23.149999618530273,24.260480880737305
14472,21.84000015258789,25.507038116455078
14473,55.83000183105469,51.446128845214844
14474,34.16999816894531,39.146934509277344
14475,23.299999237060547,33.67198181152344
14476,22.68000030517578,30.55729866027832
14477,30.84000015258789,29.660778045654297
14478,7.590000152587891,7.840329647064209
14479,15.699999809265137,15.584312438964844
14480,28.420000076293945,28.23823356628418
14481,34.40999984741211,35.170352935791016
14482,62.5099983215332,65.23023986816406
14483,11.229999542236328,23.042499542236328
14484,8.449999809265137,7.345122814178467
14485,23.559999465942383,23.775606155395508
14486,38.619998931884766,33.49757766723633
14487,34.66999816894531,40.757415771484375
14488,44.0099983215332,46.409446716308594
14489,3.8399999141693115,3.8586297035217285
14490,73.7300033569336,70.90411376953125
14491,25.290000915527344,26.951295852661133
14492,28.25,33.43461608886719
14493,27.93000030517578,28.177396774291992
14494,53.880001068115234,52.963897705078125
14495,23.760000228881836,27.816303253173828
14496,20.579999923706055,22.41966438293457
14497,77.20999908447266,59.660770416259766
14498,12.90999984741211,8.549185752868652
14499,44.849998474121094,44.52999496459961
14500,8.529999732971191,8.339123725891113
14501,31.110000610351562,32.50701141357422
14502,7.659999847412109,6.508929252624512
14503,53.630001068115234,47.59023666381836
14504,4.610000133514404,3.666619300842285
14505,10.90999984741211,8.537298202514648
14506,7.619999885559082,7.262444019317627
14507,49.88999938964844,41.01249694824219
14508,34.970001220703125,34.45707702636719
14509,14.640000343322754,12.422643661499023
14510,40.84000015258789,42.247169494628906
14511,19.530000686645508,24.271892547607422
14512,17.170000076293945,17.46732521057129
14513,16.280000686645508,15.58292007446289
14514,17.110000610351562,17.25444793701172
14515,62.65999984741211,59.045135498046875
14516,16.360000610351562,17.907331466674805
14517,54.720001220703125,48.29553985595703
14518,23.469999313354492,26.953134536743164
14519,13.6899995803833,15.040360450744629
14520,23.360000610351562,27.75941276550293
14521,38.11000061035156,46.181304931640625
14522,13.300000190734863,11.31052017211914
14523,62.5099983215332,59.977561950683594
14524,12.539999961853027,10.38320541381836
14525,26.65999984741211,26.732309341430664
14526,9.800000190734863,13.077089309692383
14527,23.530000686645508,19.12899398803711
14528,35.16999816894531,35.70616149902344
14529,32.31999969482422,28.465560913085938
14530,55.54999923706055,60.79229736328125
14531,18.06999969482422,19.068361282348633
14532,5.269999980926514,6.995471954345703
14533,24.260000228881836,24.707775115966797
14534,48.4900016784668,47.00205993652344
14535,4.230000019073486,4.444978713989258
14536,52.93000030517578,48.39369201660156
14537,24.420000076293945,25.395748138427734
14538,42.08000183105469,44.94953155517578
14539,4.960000038146973,6.829312324523926
14540,19.969999313354492,19.121978759765625
14541,8.9399995803833,9.716364860534668
14542,30.799999237060547,30.234342575073242
14543,14.109999656677246,12.01107406616211
14544,19.780000686645508,17.039169311523438
14545,33.970001220703125,34.393653869628906
14546,57.470001220703125,56.94773864746094
14547,23.690000534057617,19.913496017456055
14548,77.04000091552734,61.705360412597656
14549,21.1200008392334,22.284969329833984
14550,26.389999389648438,25.87853240966797
14551,24.959999084472656,25.408777236938477
14552,26.170000076293945,28.554332733154297
14553,14.399999618530273,12.475733757019043
14554,36.06999969482422,35.162139892578125
14555,5.059999942779541,8.016610145568848
14556,21.209999084472656,24.575191497802734
14557,15.020000457763672,13.738571166992188
14558,18.100000381469727,18.323789596557617
14559,72.1500015258789,73.23713684082031
14560,44.709999084472656,35.02766036987305
14561,19.290000915527344,19.89837646484375
14562,12.600000381469727,16.195398330688477
14563,27.170000076293945,32.22022247314453
14564,11.770000457763672,9.095331192016602
14565,14.579999923706055,15.901084899902344
14566,21.90999984741211,19.114009857177734
14567,15.789999961853027,15.785906791687012
14568,40.099998474121094,41.755889892578125
14569,17.18000030517578,19.15104103088379
14570,23.020000457763672,22.957931518554688
14571,5.659999847412109,7.996274471282959
14572,50.459999084472656,45.93500518798828
14573,18.510000228881836,17.392868041992188
14574,26.43000030517578,25.39615249633789
14575,22.600000381469727,23.065887451171875
14576,54.38999938964844,54.947017669677734
14577,39.02000045776367,38.30134963989258
14578,7.440000057220459,5.31467342376709
14579,19.59000015258789,19.981487274169922
14580,16.34000015258789,13.999601364135742
14581,22.0,20.60346221923828
14582,26.420000076293945,23.541540145874023
14583,17.579999923706055,17.408653259277344
14584,35.63999938964844,35.071563720703125
14585,66.44999694824219,60.72648620605469
14586,15.420000076293945,14.988059043884277
14587,9.039999961853027,11.341333389282227
14588,28.40999984741211,26.248960494995117
14589,25.760000228881836,25.983692169189453
14590,26.389999389648438,29.11002540588379
14591,39.7599983215332,41.57727813720703
14592,19.059999465942383,17.185300827026367
14593,9.510000228881836,8.505060195922852
14594,18.1299991607666,18.619873046875
14595,59.95000076293945,52.318397521972656
14596,24.0,21.982398986816406
14597,15.229999542236328,18.457366943359375
14598,6.809999942779541,6.669629096984863
14599,12.239999771118164,14.662205696105957
14600,14.220000267028809,14.49714183807373
14601,8.5600004196167,9.110088348388672
14602,38.68000030517578,32.80794143676758
14603,26.299999237060547,25.366432189941406
14604,36.310001373291016,35.6695556640625
14605,34.779998779296875,34.37202835083008
14606,10.430000305175781,7.242204666137695
14607,28.649999618530273,24.59759521484375
14608,35.97999954223633,39.35842514038086
14609,38.150001525878906,35.701255798339844
14610,14.539999961853027,13.060502052307129
14611,29.56999969482422,32.32956314086914
14612,27.579999923706055,29.847949981689453
14613,36.119998931884766,31.83988380432129
14614,70.61000061035156,73.22511291503906
14615,35.5099983215332,33.38307189941406
14616,69.37999725341797,67.1700210571289
14617,34.7400016784668,34.78810119628906
14618,16.959999084472656,16.349403381347656
14619,42.06999969482422,44.42274856567383
14620,9.329999923706055,11.506749153137207
14621,19.3799991607666,23.191911697387695
14622,39.939998626708984,35.22297668457031
14623,7.010000228881836,7.29807710647583
14624,23.700000762939453,23.12512969970703
14625,2.130000114440918,5.422738552093506
14626,40.91999816894531,38.52186965942383
14627,28.040000915527344,37.46369552612305
14628,22.700000762939453,16.751983642578125
14629,30.280000686645508,29.787986755371094
14630,41.86000061035156,37.53828048706055
14631,19.200000762939453,16.770734786987305
14632,43.310001373291016,47.0490837097168
14633,20.3799991607666,23.786998748779297
14634,23.360000610351562,25.070446014404297
14635,12.90999984741211,15.15890884399414
14636,38.09000015258789,40.36772918701172
14637,28.860000610351562,29.06046485900879
14638,39.470001220703125,42.808349609375
14639,63.06999969482422,55.978477478027344
14640,28.190000534057617,31.17608642578125
14641,14.510000228881836,12.034339904785156
14642,46.040000915527344,45.98310852050781
14643,6.860000133514404,7.0305399894714355
14644,14.1899995803833,13.864113807678223
14645,55.290000915527344,48.00117111206055
14646,72.80999755859375,65.33654022216797
14647,19.860000610351562,20.632030487060547
14648,26.260000228881836,42.00706481933594
14649,30.56999969482422,34.05131530761719
14650,36.540000915527344,35.15389633178711
14651,28.84000015258789,28.89307403564453
14652,29.15999984741211,24.923690795898438
14653,36.5099983215332,37.21204376220703
14654,22.450000762939453,23.601486206054688
14655,32.95000076293945,37.129844665527344
14656,35.630001068115234,29.967449188232422
14657,17.1299991607666,17.806716918945312
14658,39.959999084472656,43.64658737182617
14659,20.059999465942383,18.638465881347656
14660,7.03000020980835,9.463465690612793
14661,55.81999969482422,47.506195068359375
14662,41.75,41.735565185546875
14663,22.520000457763672,23.74280548095703
14664,23.639999389648438,22.425518035888672
14665,27.229999542236328,25.54279327392578
14666,40.470001220703125,44.14026641845703
14667,15.140000343322754,24.695541381835938
14668,13.550000190734863,14.861468315124512
14669,24.290000915527344,24.639114379882812
14670,25.489999771118164,25.584487915039062
14671,27.809999465942383,28.675888061523438
14672,5.090000152587891,4.631505966186523
14673,21.06999969482422,22.25796127319336
14674,34.56999969482422,36.18614959716797
14675,48.43000030517578,49.823036193847656
14676,31.200000762939453,30.45698356628418
14677,25.100000381469727,27.306236267089844
14678,38.27000045776367,46.76481246948242
14679,34.7400016784668,39.446258544921875
14680,42.38999938964844,41.605735778808594
14681,33.290000915527344,28.451454162597656
14682,17.200000762939453,15.215007781982422
14683,47.709999084472656,52.41835021972656
14684,24.170000076293945,26.04354476928711
14685,20.280000686645508,19.880237579345703
14686,21.200000762939453,21.174047470092773
14687,10.300000190734863,14.539207458496094
14688,13.609999656677246,13.081355094909668
14689,44.709999084472656,43.264705657958984
14690,45.09000015258789,47.42567443847656
14691,60.68000030517578,54.573936462402344
14692,22.06999969482422,22.135175704956055
14693,20.209999084472656,21.79551124572754
14694,24.260000228881836,21.475936889648438
14695,19.030000686645508,20.015060424804688
14696,25.899999618530273,28.37139892578125
14697,62.939998626708984,60.445152282714844
14698,26.049999237060547,25.81623649597168
14699,13.489999771118164,11.08970832824707
14700,21.940000534057617,22.061073303222656
14701,16.969999313354492,17.492618560791016
14702,46.869998931884766,43.31311798095703
14703,18.389999389648438,19.370357513427734
14704,33.810001373291016,35.482139587402344
14705,34.060001373291016,31.27907371520996
14706,21.90999984741211,21.778318405151367
14707,22.780000686645508,22.301837921142578
14708,41.369998931884766,37.50762176513672
14709,13.020000457763672,13.1820068359375
14710,48.66999816894531,44.80321502685547
14711,32.81999969482422,38.279109954833984
14712,46.04999923706055,53.554054260253906
14713,34.58000183105469,37.77448654174805
14714,43.43000030517578,40.00605773925781
14715,24.950000762939453,22.818286895751953
14716,4.380000114440918,12.78393268585205
14717,10.010000228881836,9.554089546203613
14718,21.010000228881836,23.479991912841797
14719,36.2400016784668,33.841949462890625
14720,39.54999923706055,41.781394958496094
14721,49.650001525878906,45.67291259765625
14722,7.03000020980835,7.073357105255127
14723,15.65999984741211,15.976476669311523
14724,8.920000076293945,8.523955345153809
14725,37.529998779296875,40.41986083984375
14726,12.819999694824219,12.630999565124512
14727,17.84000015258789,14.445321083068848
14728,57.02000045776367,57.92469787597656
14729,49.47999954223633,45.42745590209961
14730,49.459999084472656,47.612545013427734
14731,76.04000091552734,62.34544372558594
14732,54.45000076293945,50.33788299560547
14733,42.650001525878906,41.08240509033203
14734,31.31999969482422,34.071258544921875
14735,22.290000915527344,22.62364959716797
14736,40.86000061035156,42.60573959350586
14737,24.68000030517578,23.294132232666016
14738,5.150000095367432,6.233608245849609
14739,30.979999542236328,29.403976440429688
14740,22.030000686645508,22.92169189453125
14741,33.7400016784668,30.387283325195312
14742,34.86000061035156,34.833770751953125
14743,24.93000030517578,22.846702575683594
14744,50.75,51.10515213012695
14745,38.2599983215332,36.41224670410156
14746,34.2400016784668,31.730194091796875
14747,21.260000228881836,20.485570907592773
14748,2.940000057220459,9.057050704956055
14749,50.810001373291016,52.25480270385742
14750,23.200000762939453,24.87558937072754
14751,24.989999771118164,23.754737854003906
14752,21.469999313354492,22.02136993408203
14753,39.130001068115234,37.415687561035156
14754,8.399999618530273,10.91451644897461
14755,16.790000915527344,18.61240577697754
14756,23.760000228881836,26.73190689086914
14757,12.470000267028809,15.31342601776123
14758,17.530000686645508,19.426788330078125
14759,46.779998779296875,47.54796600341797
14760,6.329999923706055,6.149850368499756
14761,8.550000190734863,9.647513389587402
14762,32.52000045776367,28.431974411010742
14763,33.7599983215332,36.40459060668945
14764,38.4900016784668,37.161746978759766
14765,20.579999923706055,17.668140411376953
14766,34.189998626708984,31.378019332885742
14767,15.329999923706055,12.702461242675781
14768,24.479999542236328,24.698347091674805
14769,20.899999618530273,21.65302085876465
14770,15.649999618530273,15.704955101013184
14771,21.280000686645508,21.54741668701172
14772,5.46999979019165,4.220086097717285
14773,10.930000305175781,9.762456893920898
14774,12.989999771118164,13.2505521774292
14775,20.270000457763672,26.014575958251953
14776,12.289999961853027,10.909441947937012
14777,27.389999389648438,32.74539566040039
14778,47.97999954223633,50.95061492919922
14779,16.06999969482422,14.520941734313965
14780,8.550000190734863,8.592326164245605
14781,9.630000114440918,8.519237518310547
14782,44.380001068115234,49.291259765625
14783,23.5,23.52459716796875
14784,9.720000267028809,8.049402236938477
14785,34.59000015258789,39.580230712890625
14786,18.329999923706055,17.342384338378906
14787,37.20000076293945,33.38904571533203
14788,9.920000076293945,9.980487823486328
14789,32.560001373291016,34.46862030029297
14790,9.479999542236328,11.589131355285645
14791,20.75,18.484180450439453
14792,41.380001068115234,48.677772521972656
14793,12.510000228881836,12.641998291015625
14794,53.77000045776367,55.38200378417969
14795,9.270000457763672,8.302348136901855
14796,7.230000019073486,6.41384744644165
14797,46.52000045776367,45.933109283447266
14798,49.380001068115234,48.00371170043945
14799,60.38999938964844,60.645565032958984
14800,25.729999542236328,28.077600479125977
14801,29.56999969482422,31.343158721923828
14802,55.599998474121094,51.004459381103516
14803,23.34000015258789,22.946338653564453
14804,25.280000686645508,26.287155151367188
14805,53.529998779296875,47.274410247802734
14806,57.41999816894531,63.70603561401367
14807,30.329999923706055,36.454044342041016
14808,27.479999542236328,27.810503005981445
14809,11.800000190734863,11.045872688293457
14810,3.0,0.3716304898262024
14811,26.6200008392334,25.46078109741211
14812,5.920000076293945,9.055398941040039
14813,18.59000015258789,18.334163665771484
14814,47.58000183105469,44.79280471801758
14815,10.380000114440918,5.460333824157715
14816,66.81999969482422,64.41362762451172
14817,34.81999969482422,34.740543365478516
14818,18.100000381469727,18.273719787597656
14819,11.84000015258789,9.936137199401855
14820,7.300000190734863,10.01010799407959
14821,39.58000183105469,41.24751663208008
14822,39.34000015258789,43.965576171875
14823,15.050000190734863,14.132720947265625
14824,45.630001068115234,42.49098587036133
14825,36.5099983215332,35.349891662597656
14826,21.530000686645508,25.850107192993164
14827,27.270000457763672,27.109437942504883
14828,21.34000015258789,18.57765769958496
14829,67.4000015258789,60.96573257446289
14830,31.65999984741211,36.725223541259766
14831,48.47999954223633,45.198936462402344
14832,15.199999809265137,15.289108276367188
14833,38.439998626708984,27.608013153076172
14834,3.240000009536743,6.5061187744140625
14835,7.230000019073486,6.213387966156006
14836,17.739999771118164,17.61235237121582
14837,30.81999969482422,30.65548324584961
14838,8.0600004196167,7.32500696182251
14839,49.18000030517578,49.64863967895508
14840,3.890000104904175,1.0839811563491821
14841,45.709999084472656,32.712093353271484
14842,57.22999954223633,48.08373260498047
14843,40.849998474121094,41.999813079833984
14844,20.700000762939453,20.538257598876953
14845,23.969999313354492,26.696468353271484
14846,10.8100004196167,11.026907920837402
14847,27.559999465942383,26.863656997680664
14848,50.83000183105469,46.19473648071289
14849,47.45000076293945,42.882850646972656
14850,34.63999938964844,34.43372344970703
14851,52.290000915527344,49.083709716796875
14852,22.010000228881836,20.740966796875
14853,57.06999969482422,58.181617736816406
14854,38.93000030517578,40.90437316894531
14855,30.100000381469727,31.540363311767578
14856,43.52000045776367,37.645301818847656
14857,28.459999084472656,27.957427978515625
14858,20.100000381469727,22.751188278198242
14859,10.979999542236328,12.332715034484863
14860,45.880001068115234,47.0252799987793
14861,44.349998474121094,39.16963577270508
14862,23.270000457763672,26.264501571655273
14863,53.5099983215332,58.35199737548828
14864,27.09000015258789,24.995628356933594
14865,30.780000686645508,31.98041343688965
14866,28.780000686645508,26.805147171020508
14867,28.770000457763672,27.595661163330078
14868,16.889999389648438,14.510634422302246
14869,9.0600004196167,7.088828086853027
14870,36.5,34.351741790771484
14871,2.5899999141693115,3.8413097858428955
14872,26.540000915527344,28.392724990844727
14873,36.560001373291016,38.0980339050293
14874,33.0,36.804386138916016
14875,16.850000381469727,16.85340690612793
14876,48.79999923706055,44.99068069458008
14877,5.78000020980835,3.56752347946167
14878,45.790000915527344,39.97264099121094
14879,25.350000381469727,26.36031723022461
14880,37.880001068115234,34.81568908691406
14881,43.41999816894531,50.03770065307617
14882,11.15999984741211,8.835044860839844
14883,23.59000015258789,24.430599212646484
14884,11.520000457763672,10.116388320922852
14885,34.29999923706055,31.696401596069336
14886,60.900001525878906,60.722328186035156
14887,16.489999771118164,16.748668670654297
14888,44.47999954223633,41.66946792602539
14889,54.540000915527344,56.77943420410156
14890,41.849998474121094,43.38916015625
14891,15.8100004196167,16.324535369873047
14892,8.869999885559082,9.016265869140625
14893,23.3799991607666,23.44324493408203
14894,8.350000381469727,14.319781303405762
14895,23.299999237060547,21.542137145996094
14896,11.300000190734863,11.212383270263672
14897,5.829999923706055,5.876498699188232
14898,38.310001373291016,40.37226104736328
14899,50.650001525878906,48.11005401611328
14900,3.3499999046325684,2.436765432357788
14901,30.420000076293945,28.411239624023438
14902,34.09000015258789,33.31584548950195
14903,35.130001068115234,36.59269714355469
14904,23.950000762939453,23.30084991455078
14905,33.75,28.454914093017578
14906,8.890000343322754,4.1271891593933105
14907,3.700000047683716,6.322960376739502
14908,32.380001068115234,32.18558120727539
14909,17.34000015258789,16.88959503173828
14910,12.229999542236328,11.06775951385498
14911,58.11000061035156,56.71291732788086
14912,22.649999618530273,21.07653045654297
14913,27.25,31.866819381713867
14914,9.529999732971191,7.932628631591797
14915,15.579999923706055,15.518671035766602
14916,21.260000228881836,21.59184455871582
14917,28.829999923706055,30.0129451751709
14918,58.61000061035156,58.4005126953125
14919,29.709999084472656,28.402095794677734
14920,42.119998931884766,51.799346923828125
14921,6.239999771118164,5.552852630615234
14922,27.3799991607666,33.249916076660156
14923,40.130001068115234,37.65707015991211
14924,24.110000610351562,26.74928855895996
14925,37.560001373291016,42.51057815551758
14926,8.34000015258789,6.634612083435059
14927,16.299999237060547,19.475507736206055
14928,11.390000343322754,11.995081901550293
14929,70.58000183105469,62.457210540771484
14930,25.719999313354492,25.872684478759766
14931,10.829999923706055,11.011916160583496
14932,11.350000381469727,8.619405746459961
14933,33.90999984741211,34.080894470214844
14934,19.700000762939453,20.60858917236328
14935,15.710000038146973,19.142959594726562
14936,35.72999954223633,36.254364013671875
14937,27.540000915527344,28.27085304260254
14938,33.619998931884766,34.515316009521484
14939,39.06999969482422,34.4937858581543
14940,29.0,29.070079803466797
14941,16.760000228881836,16.739368438720703
14942,16.670000076293945,15.027626037597656
14943,33.16999816894531,27.04037094116211
14944,9.40999984741211,9.882929801940918
14945,28.049999237060547,27.068851470947266
14946,16.25,17.4482479095459
14947,63.13999938964844,57.554752349853516
14948,45.099998474121094,46.502685546875
14949,38.20000076293945,35.10882568359375
14950,10.140000343322754,15.522720336914062
14951,28.270000457763672,26.358196258544922
14952,15.880000114440918,15.80948543548584
14953,19.959999084472656,18.168140411376953
14954,7.099999904632568,6.90449857711792
14955,43.209999084472656,42.04574966430664
14956,46.36000061035156,43.46288299560547
14957,18.399999618530273,19.875057220458984
14958,21.75,23.066116333007812
14959,48.599998474121094,44.227840423583984
14960,17.530000686645508,17.704975128173828
14961,41.790000915527344,37.66294479370117
14962,43.91999816894531,39.57806396484375
14963,37.689998626708984,39.49541473388672
14964,33.2599983215332,32.848182678222656
14965,17.8700008392334,11.66547966003418
14966,25.190000534057617,33.24860382080078
14967,17.290000915527344,16.274555206298828
14968,18.059999465942383,18.54507064819336
14969,35.65999984741211,37.45631408691406
14970,13.220000267028809,10.574009895324707
14971,34.130001068115234,33.328922271728516
14972,24.360000610351562,24.459300994873047
14973,17.420000076293945,19.175302505493164
14974,21.43000030517578,21.154211044311523
14975,60.209999084472656,57.56503677368164
14976,20.239999771118164,23.93753433227539
14977,25.719999313354492,24.20665740966797
14978,3.809999942779541,6.30476713180542
14979,33.02000045776367,34.107139587402344
14980,10.0600004196167,12.874659538269043
14981,24.809999465942383,25.9764404296875
14982,36.38999938964844,35.281150817871094
14983,66.0199966430664,67.78654479980469
14984,24.579999923706055,28.672870635986328
14985,16.100000381469727,19.5900821685791
14986,23.219999313354492,24.562618255615234
14987,19.43000030517578,19.98734474182129
14988,8.390000343322754,7.047245979309082
14989,31.040000915527344,29.70659828186035
14990,26.299999237060547,28.05320930480957
14991,36.65999984741211,38.98048400878906
14992,4.130000114440918,2.5966358184814453
14993,51.4900016784668,51.35393524169922
14994,18.229999542236328,16.063098907470703
14995,39.709999084472656,36.38734436035156
14996,8.380000114440918,6.811048984527588
14997,59.290000915527344,59.21060562133789
14998,14.369999885559082,14.182051658630371
14999,17.889999389648438,15.136642456054688
15000,5.539999961853027,1.840980887413025
15001,25.329999923706055,28.091533660888672
15002,31.670000076293945,32.11795425415039
15003,18.149999618530273,19.249042510986328
15004,18.399999618530273,18.330310821533203
15005,47.540000915527344,40.91722106933594
15006,16.670000076293945,15.150168418884277
15007,24.739999771118164,22.471961975097656
15008,37.790000915527344,39.714637756347656
15009,21.139999389648438,22.578258514404297
15010,35.38999938964844,37.14923095703125
15011,27.8799991607666,31.342660903930664
15012,8.520000457763672,5.44323205947876
15013,3.359999895095825,3.3782944679260254
15014,49.11000061035156,54.062713623046875
15015,30.239999771118164,31.143566131591797
15016,46.93000030517578,42.763484954833984
15017,14.489999771118164,14.339335441589355
15018,35.709999084472656,36.10984420776367
15019,27.93000030517578,25.271015167236328
15020,12.699999809265137,12.07131290435791
15021,5.860000133514404,2.9018216133117676
15022,26.290000915527344,29.634761810302734
15023,35.75,31.415794372558594
15024,17.440000534057617,17.131694793701172
15025,37.529998779296875,34.2210807800293
15026,41.470001220703125,40.814308166503906
15027,16.450000762939453,13.743887901306152
15028,67.80999755859375,63.72661590576172
15029,34.77000045776367,40.45057678222656
15030,42.599998474121094,36.97118377685547
15031,37.369998931884766,39.50409698486328
15032,25.049999237060547,26.358570098876953
15033,17.200000762939453,16.54425621032715
15034,17.09000015258789,14.751760482788086
15035,14.229999542236328,13.808323860168457
15036,28.549999237060547,28.254671096801758
15037,27.93000030517578,25.733154296875
15038,6.210000038146973,6.572561264038086
15039,29.030000686645508,29.15428924560547
15040,20.540000915527344,22.15963363647461
15041,19.1299991607666,21.03948211669922
15042,5.389999866485596,3.8762876987457275
15043,10.229999542236328,10.942960739135742
15044,11.220000267028809,13.120197296142578
15045,17.889999389648438,17.736644744873047
15046,23.34000015258789,38.753868103027344
15047,27.639999389648438,28.802473068237305
15048,35.16999816894531,35.122093200683594
15049,8.130000114440918,9.7568941116333
15050,19.799999237060547,17.62485122680664
15051,7.090000152587891,7.807811260223389
15052,23.84000015258789,22.815433502197266
15053,7.820000171661377,5.793112754821777
15054,34.130001068115234,33.76667785644531
15055,55.59000015258789,54.13275146484375
15056,44.040000915527344,40.11933135986328
15057,15.039999961853027,13.309762001037598
15058,9.90999984741211,15.311086654663086
15059,17.25,17.229164123535156
15060,8.760000228881836,11.477399826049805
15061,51.5099983215332,53.36360549926758
15062,31.81999969482422,28.79766273498535
15063,25.06999969482422,20.11410903930664
15064,48.279998779296875,48.60810852050781
15065,24.1200008392334,29.579784393310547
15066,48.02000045776367,55.22227096557617
15067,54.630001068115234,52.33594512939453
15068,17.670000076293945,17.3735408782959
15069,15.529999732971191,16.947193145751953
15070,15.15999984741211,11.918909072875977
15071,18.780000686645508,20.137462615966797
15072,28.889999389648438,29.281898498535156
15073,25.81999969482422,29.022422790527344
15074,9.149999618530273,9.65323543548584
15075,9.789999961853027,12.565885543823242
15076,22.170000076293945,21.408649444580078
15077,60.7400016784668,48.572933197021484
15078,14.25,15.573829650878906
15079,10.640000343322754,9.896693229675293
15080,27.690000534057617,33.72389221191406
15081,11.869999885559082,9.263421058654785
15082,20.229999542236328,21.44609832763672
15083,10.779999732971191,10.882972717285156
15084,48.709999084472656,43.1818733215332
15085,21.219999313354492,25.857929229736328
15086,2.7300000190734863,1.7316410541534424
15087,45.7400016784668,45.0256233215332
15088,21.639999389648438,19.16558074951172
15089,18.239999771118164,20.009967803955078
15090,17.450000762939453,18.15625762939453
15091,31.850000381469727,31.619468688964844
15092,21.1299991607666,20.479522705078125
15093,35.93000030517578,36.31319046020508
15094,28.969999313354492,36.1566162109375
15095,21.0,19.27497100830078
15096,15.510000228881836,15.678852081298828
15097,15.119999885559082,15.587804794311523
15098,22.739999771118164,20.904586791992188
15099,32.9900016784668,31.273286819458008
15100,58.279998779296875,53.351417541503906
15101,43.40999984741211,37.22720718383789
15102,26.809999465942383,25.775428771972656
15103,31.5,30.624080657958984
15104,16.829999923706055,16.96904754638672
15105,60.84000015258789,53.24573516845703
15106,5.210000038146973,2.469679594039917
15107,21.81999969482422,19.666980743408203
15108,39.79999923706055,46.159828186035156
15109,65.56999969482422,54.207855224609375
15110,36.939998626708984,39.86676788330078
15111,49.59000015258789,51.835792541503906
15112,9.350000381469727,9.462754249572754
15113,52.029998779296875,54.06267166137695
15114,45.33000183105469,39.47858428955078
15115,38.38999938964844,38.86135482788086
15116,30.56999969482422,30.788862228393555
15117,36.29999923706055,40.08135986328125
15118,18.649999618530273,15.710490226745605
15119,40.029998779296875,41.72604751586914
15120,30.020000457763672,35.96818542480469
15121,16.469999313354492,15.747808456420898
15122,28.549999237060547,28.775209426879883
15123,15.220000267028809,17.625661849975586
15124,26.520000457763672,28.388601303100586
15125,31.260000228881836,33.44187545776367
15126,10.350000381469727,10.380743980407715
15127,37.810001373291016,37.950592041015625
15128,40.5,38.40291976928711
15129,40.720001220703125,39.643409729003906
15130,30.229999542236328,31.273780822753906
15131,5.059999942779541,6.912687301635742
15132,44.900001525878906,51.629302978515625
15133,2.9200000762939453,6.993808746337891
15134,36.95000076293945,36.55857849121094
15135,30.899999618530273,33.366458892822266
15136,25.8799991607666,24.454975128173828
15137,13.260000228881836,14.024277687072754
15138,17.239999771118164,17.097023010253906
15139,30.739999771118164,38.565673828125
15140,42.439998626708984,45.64231491088867
15141,20.260000228881836,18.02461814880371
15142,24.350000381469727,25.362442016601562
15143,44.84000015258789,45.22869873046875
15144,63.65999984741211,55.16856002807617
15145,24.020000457763672,27.525653839111328
15146,6.960000038146973,6.301054000854492
15147,11.880000114440918,11.729020118713379
15148,30.780000686645508,29.874568939208984
15149,13.180000305175781,16.500492095947266
15150,37.09000015258789,37.36808395385742
15151,23.809999465942383,27.344560623168945
15152,18.579999923706055,23.929475784301758
15153,18.1200008392334,17.37117576599121
15154,9.819999694824219,9.588971138000488
15155,37.2400016784668,35.26897048950195
15156,47.810001373291016,44.579952239990234
15157,49.59000015258789,52.12337112426758
15158,27.260000228881836,27.794973373413086
15159,45.68000030517578,44.23987579345703
15160,4.090000152587891,5.46680212020874
15161,57.09000015258789,56.193660736083984
15162,21.690000534057617,25.002655029296875
15163,15.819999694824219,16.13874626159668
15164,26.6200008392334,26.55426788330078
15165,21.239999771118164,21.224449157714844
15166,17.34000015258789,16.38298988342285
15167,48.18000030517578,45.39227294921875
15168,25.350000381469727,29.75617790222168
15169,34.650001525878906,35.14415740966797
15170,19.459999084472656,19.530576705932617
15171,11.829999923706055,11.914202690124512
15172,15.100000381469727,14.111449241638184
15173,17.809999465942383,16.551532745361328
15174,18.350000381469727,22.628211975097656
15175,62.16999816894531,54.39726638793945
15176,23.31999969482422,24.50183868408203
15177,26.389999389648438,29.067176818847656
15178,34.470001220703125,35.406898498535156
15179,5.900000095367432,4.000194072723389
15180,26.25,26.691619873046875
15181,23.75,26.134658813476562
15182,15.619999885559082,13.763021469116211
15183,17.729999542236328,20.857032775878906
15184,26.950000762939453,25.315418243408203
15185,25.860000610351562,24.23046875
15186,38.5099983215332,31.830636978149414
15187,42.5,43.045536041259766
15188,23.420000076293945,22.58374786376953
15189,29.979999542236328,30.85003089904785
15190,42.189998626708984,39.704612731933594
15191,40.47999954223633,41.92505645751953
15192,63.18000030517578,63.39630889892578
15193,40.040000915527344,33.72146224975586
15194,34.040000915527344,32.78801345825195
15195,28.600000381469727,27.076261520385742
15196,31.059999465942383,33.89362335205078
15197,71.2300033569336,64.12506103515625
15198,14.489999771118164,13.895869255065918
15199,11.09000015258789,10.14260482788086
15200,8.270000457763672,8.483580589294434
15201,28.709999084472656,28.704483032226562
15202,10.15999984741211,9.552118301391602
15203,23.84000015258789,24.945301055908203
15204,10.8100004196167,10.78462028503418
15205,22.190000534057617,24.079301834106445
15206,23.079999923706055,22.362895965576172
15207,27.18000030517578,24.6401424407959
15208,13.449999809265137,14.22136402130127
15209,10.699999809265137,11.364604949951172
15210,7.019999980926514,7.32756233215332
15211,33.400001525878906,30.952098846435547
15212,14.670000076293945,16.31830596923828
15213,10.930000305175781,13.951725959777832
15214,26.75,24.61254119873047
15215,42.650001525878906,40.02073287963867
15216,34.709999084472656,29.240821838378906
15217,13.069999694824219,13.650162696838379
15218,26.8700008392334,27.42506217956543
15219,40.70000076293945,35.069454193115234
15220,19.860000610351562,19.965984344482422
15221,23.34000015258789,24.968050003051758
15222,19.530000686645508,17.23154067993164
15223,4.340000152587891,4.240952014923096
15224,13.59000015258789,11.178704261779785
15225,26.420000076293945,29.850988388061523
15226,46.099998474121094,45.04959487915039
15227,24.229999542236328,20.602542877197266
15228,20.18000030517578,20.099876403808594
15229,16.6299991607666,14.153862953186035
15230,13.960000038146973,14.192498207092285
15231,9.949999809265137,9.565483093261719
15232,26.149999618530273,23.569549560546875
15233,27.34000015258789,27.448305130004883
15234,58.54999923706055,51.930442810058594
15235,8.4399995803833,7.158600807189941
15236,11.1899995803833,16.250450134277344
15237,20.520000457763672,19.40338897705078
15238,27.559999465942383,27.194927215576172
15239,46.25,42.138771057128906
15240,26.100000381469727,29.854900360107422
15241,24.100000381469727,25.26936912536621
15242,9.220000267028809,10.480910301208496
15243,30.34000015258789,27.693889617919922
15244,13.079999923706055,14.907504081726074
15245,57.15999984741211,65.64501953125
15246,6.03000020980835,5.898853302001953
15247,5.809999942779541,6.011711120605469
15248,4.340000152587891,2.55484938621521
15249,12.279999732971191,12.34319019317627
15250,42.47999954223633,41.03009033203125
15251,74.29000091552734,69.73959350585938
15252,43.22999954223633,43.12885665893555
15253,5.889999866485596,5.849881172180176
15254,18.18000030517578,17.41477394104004
15255,31.049999237060547,29.620176315307617
15256,14.289999961853027,13.005809783935547
15257,32.529998779296875,39.30875778198242
15258,59.959999084472656,64.26670837402344
15259,15.369999885559082,12.746953964233398
15260,54.41999816894531,52.8138542175293
15261,63.220001220703125,57.585243225097656
15262,38.439998626708984,37.946537017822266
15263,33.33000183105469,33.64445877075195
15264,27.65999984741211,31.677881240844727
15265,7.440000057220459,5.3698649406433105
15266,35.779998779296875,34.16608810424805
15267,11.59000015258789,9.955092430114746
15268,29.209999084472656,24.673988342285156
15269,35.43000030517578,37.97757339477539
15270,20.329999923706055,21.383962631225586
15271,13.050000190734863,12.195609092712402
15272,33.68000030517578,31.149372100830078
15273,28.950000762939453,29.51789093017578
15274,42.18000030517578,40.67619705200195
15275,20.700000762939453,20.459964752197266
15276,76.69999694824219,61.276283264160156
15277,8.869999885559082,7.61477518081665
15278,16.81999969482422,14.475924491882324
15279,20.469999313354492,19.710662841796875
15280,36.400001525878906,31.967395782470703
15281,6.909999847412109,5.2107343673706055
15282,38.2599983215332,36.37993621826172
15283,32.470001220703125,32.641334533691406
15284,20.139999389648438,15.288335800170898
15285,16.100000381469727,15.450630187988281
15286,14.529999732971191,16.060935974121094
15287,3.1500000953674316,4.711446285247803
15288,33.209999084472656,27.93952751159668
15289,31.889999389648438,29.087778091430664
15290,36.439998626708984,34.20901870727539
15291,42.470001220703125,47.416770935058594
15292,71.68000030517578,67.11135864257812
15293,24.40999984741211,24.55499267578125
15294,23.739999771118164,24.336620330810547
15295,21.299999237060547,20.01026153564453
15296,48.900001525878906,53.60478210449219
15297,21.260000228881836,22.80025863647461
15298,24.209999084472656,24.5596923828125
15299,33.779998779296875,35.39293670654297
15300,5.940000057220459,5.809980392456055
15301,11.979999542236328,8.98215389251709
15302,12.5,13.364816665649414
15303,37.439998626708984,41.43332290649414
15304,34.77000045776367,32.681880950927734
15305,30.219999313354492,29.856021881103516
15306,38.08000183105469,41.32223892211914
15307,24.489999771118164,25.326820373535156
15308,53.93000030517578,49.70233154296875
15309,16.889999389648438,14.641159057617188
15310,9.699999809265137,11.596303939819336
15311,31.239999771118164,31.933155059814453
15312,56.130001068115234,55.47434997558594
15313,24.079999923706055,22.408124923706055
15314,36.369998931884766,39.65117645263672
15315,7.570000171661377,7.3782267570495605
15316,8.770000457763672,10.533330917358398
15317,35.720001220703125,35.52606964111328
15318,14.460000038146973,16.355871200561523
15319,7.010000228881836,7.271773815155029
15320,8.539999961853027,6.848031520843506
15321,40.279998779296875,39.72339630126953
15322,16.43000030517578,13.434185028076172
15323,16.770000457763672,14.384647369384766
15324,24.299999237060547,20.91339111328125
15325,15.779999732971191,13.571677207946777
15326,42.18000030517578,41.54559326171875
15327,31.600000381469727,30.243938446044922
15328,36.08000183105469,39.31151580810547
15329,12.84000015258789,14.496801376342773
15330,15.880000114440918,15.19287395477295
15331,49.880001068115234,55.832489013671875
15332,72.08000183105469,68.90589904785156
15333,14.829999923706055,14.36449146270752
15334,21.3700008392334,20.43085479736328
15335,53.36000061035156,45.71242904663086
15336,33.09000015258789,31.265365600585938
15337,29.170000076293945,28.627384185791016
15338,15.420000076293945,16.255165100097656
15339,26.940000534057617,28.52215576171875
15340,8.760000228881836,6.93622350692749
15341,22.489999771118164,23.47234535217285
15342,21.399999618530273,25.11949348449707
15343,12.649999618530273,11.716649055480957
15344,21.139999389648438,21.760082244873047
15345,1.7999999523162842,7.944220542907715
15346,26.260000228881836,28.149646759033203
15347,14.84000015258789,15.626543998718262
15348,22.969999313354492,21.56047821044922
15349,32.08000183105469,33.776649475097656
15350,33.029998779296875,27.816904067993164
15351,31.020000457763672,32.247154235839844
15352,73.79000091552734,70.93878173828125
15353,29.25,25.711959838867188
15354,29.600000381469727,27.61678695678711
15355,31.6200008392334,25.758249282836914
15356,11.880000114440918,18.476463317871094
15357,22.139999389648438,19.223411560058594
15358,22.290000915527344,23.327768325805664
15359,18.780000686645508,18.82269287109375
15360,41.52000045776367,38.92976379394531
15361,28.06999969482422,27.52078628540039
15362,8.8100004196167,7.076760768890381
15363,45.47999954223633,41.45805740356445
15364,16.639999389648438,16.51970100402832
15365,24.770000457763672,21.120508193969727
15366,5.349999904632568,7.494147777557373
15367,28.760000228881836,29.12795066833496
15368,23.100000381469727,24.17148208618164
15369,20.969999313354492,19.638029098510742
15370,19.84000015258789,15.986421585083008
15371,30.479999542236328,30.14350700378418
15372,6.860000133514404,7.407630920410156
15373,12.920000076293945,11.430010795593262
15374,32.06999969482422,29.38753318786621
15375,22.829999923706055,20.37877655029297
15376,10.960000038146973,11.938798904418945
15377,17.739999771118164,18.929275512695312
15378,27.959999084472656,27.729827880859375
15379,23.829999923706055,26.364734649658203
15380,4.860000133514404,4.098124980926514
15381,4.0,7.519071578979492
15382,44.68000030517578,44.285614013671875
15383,26.979999542236328,30.518692016601562
15384,34.029998779296875,34.13025665283203
15385,53.18000030517578,49.182952880859375
15386,14.930000305175781,15.329500198364258
15387,7.570000171661377,8.918344497680664
15388,8.15999984741211,7.70840311050415
15389,29.030000686645508,28.484172821044922
15390,58.40999984741211,60.42197799682617
15391,3.950000047683716,4.691007614135742
15392,14.989999771118164,19.218765258789062
15393,20.84000015258789,19.793102264404297
15394,5.590000152587891,6.214127063751221
15395,61.38999938964844,62.550636291503906
15396,66.18000030517578,64.60169982910156
15397,62.93000030517578,60.985286712646484
15398,8.149999618530273,7.76367712020874
15399,30.530000686645508,36.14966583251953
15400,34.16999816894531,31.347454071044922
15401,8.720000267028809,11.63814640045166
15402,13.850000381469727,12.679177284240723
15403,72.52999877929688,70.02906036376953
15404,11.699999809265137,12.252100944519043
15405,37.810001373291016,37.362125396728516
15406,47.630001068115234,43.42473602294922
15407,38.970001220703125,37.27777099609375
15408,15.84000015258789,16.33011245727539
15409,16.010000228881836,16.21209144592285
15410,28.670000076293945,41.43022537231445
15411,10.649999618530273,16.71828842163086
15412,26.700000762939453,25.411388397216797
15413,27.010000228881836,26.833816528320312
15414,6.449999809265137,6.417733192443848
15415,23.520000457763672,25.385629653930664
15416,33.630001068115234,32.99629592895508
15417,19.479999542236328,22.610015869140625
15418,16.68000030517578,23.515033721923828
15419,32.650001525878906,31.908828735351562
15420,24.709999084472656,24.96430206298828
15421,38.79999923706055,39.71369934082031
15422,23.100000381469727,25.765579223632812
15423,7.110000133514404,10.88969898223877
15424,72.26000213623047,68.06352996826172
15425,13.829999923706055,12.629508018493652
15426,21.31999969482422,22.59731101989746
15427,37.060001373291016,43.46934509277344
15428,9.579999923706055,3.598409652709961
15429,17.8700008392334,16.877120971679688
15430,7.980000019073486,5.364134311676025
15431,4.519999980926514,6.333528995513916
15432,42.459999084472656,48.74713134765625
15433,61.189998626708984,54.13088607788086
15434,14.100000381469727,16.63355255126953
15435,34.06999969482422,28.939359664916992
15436,24.90999984741211,22.780067443847656
15437,48.119998931884766,46.927940368652344
15438,13.210000038146973,15.389955520629883
15439,11.220000267028809,12.349813461303711
15440,47.380001068115234,45.00740432739258
15441,34.27000045776367,36.04947280883789
15442,41.470001220703125,39.43153762817383
15443,44.11000061035156,46.13898849487305
15444,29.18000030517578,30.991649627685547
15445,31.1299991607666,29.836017608642578
15446,25.770000457763672,27.470726013183594
15447,33.709999084472656,34.25288772583008
15448,11.579999923706055,12.89023208618164
15449,19.969999313354492,19.08440399169922
15450,25.139999389648438,24.862472534179688
15451,34.70000076293945,35.33361053466797
15452,15.859999656677246,14.239083290100098
15453,32.90999984741211,32.116214752197266
15454,20.65999984741211,20.916540145874023
15455,23.25,24.178665161132812
15456,16.59000015258789,15.68342113494873
15457,37.810001373291016,37.50941467285156
15458,33.790000915527344,31.03211784362793
15459,44.220001220703125,34.932464599609375
15460,23.770000457763672,24.61298942565918
15461,55.869998931884766,55.82774353027344
15462,40.59000015258789,38.128623962402344
15463,7.5,7.037710666656494
15464,52.56999969482422,41.4190559387207
15465,41.0099983215332,36.037567138671875
15466,8.920000076293945,6.001528263092041
15467,51.70000076293945,51.43644714355469
15468,19.010000228881836,20.74770164489746
15469,20.809999465942383,21.131803512573242
15470,7.360000133514404,8.121793746948242
15471,47.439998626708984,49.63054656982422
15472,26.149999618530273,26.380342483520508
15473,5.300000190734863,5.784419059753418
15474,6.650000095367432,7.8521223068237305
15475,16.75,16.10734748840332
15476,74.83000183105469,59.944175720214844
15477,33.540000915527344,37.073204040527344
15478,21.68000030517578,21.330345153808594
15479,7.139999866485596,8.220656394958496
15480,22.690000534057617,21.48023223876953
15481,25.34000015258789,31.5806884765625
15482,15.949999809265137,16.6873836517334
15483,1.9700000286102295,2.874084949493408
15484,28.040000915527344,27.879898071289062
15485,58.529998779296875,58.71013259887695
15486,8.569999694824219,9.354043006896973
15487,41.70000076293945,44.46549987792969
15488,23.920000076293945,19.059823989868164
15489,3.690000057220459,6.693563461303711
15490,11.930000305175781,15.115809440612793
15491,24.260000228881836,21.35049057006836
15492,40.459999084472656,41.30709457397461
15493,36.720001220703125,36.444515228271484
15494,22.610000610351562,21.912649154663086
15495,55.09000015258789,53.57423782348633
15496,19.989999771118164,20.45610237121582
15497,28.899999618530273,24.598003387451172
15498,28.700000762939453,32.2943000793457
15499,12.199999809265137,15.474786758422852
15500,10.729999542236328,11.664960861206055
15501,55.220001220703125,56.352203369140625
15502,27.030000686645508,28.17217254638672
15503,44.33000183105469,50.235260009765625
15504,17.280000686645508,16.077116012573242
15505,29.360000610351562,23.653263092041016
15506,5.860000133514404,6.410601615905762
15507,10.220000267028809,17.789073944091797
15508,15.260000228881836,13.925810813903809
15509,35.869998931884766,33.267608642578125
15510,4.960000038146973,4.3130412101745605
15511,34.43000030517578,37.284156799316406
15512,9.699999809265137,12.135330200195312
15513,46.70000076293945,45.2615966796875
15514,9.880000114440918,8.499739646911621
15515,64.43000030517578,65.7735366821289
15516,51.06999969482422,46.3794059753418
15517,12.34000015258789,10.28991985321045
15518,27.56999969482422,27.512575149536133
15519,32.4900016784668,41.40148162841797
15520,28.079999923706055,28.513072967529297
15521,19.079999923706055,20.00433349609375
15522,37.130001068115234,36.313751220703125
15523,13.600000381469727,16.1984806060791
15524,63.880001068115234,68.29932403564453
15525,12.460000038146973,11.977604866027832
15526,52.290000915527344,38.60834503173828
15527,80.44999694824219,64.74259948730469
15528,55.20000076293945,55.15715789794922
15529,21.579999923706055,22.436756134033203
15530,30.709999084472656,34.14470672607422
15531,19.190000534057617,19.47867202758789
15532,52.56999969482422,53.60892105102539
15533,55.4900016784668,54.31940460205078
15534,43.0099983215332,53.52779769897461
15535,47.470001220703125,45.079986572265625
15536,53.119998931884766,49.551727294921875
15537,47.310001373291016,50.76490020751953
15538,37.779998779296875,35.115116119384766
15539,15.960000038146973,16.807437896728516
15540,26.15999984741211,26.94489288330078
15541,15.520000457763672,18.136383056640625
15542,26.3700008392334,31.287220001220703
15543,17.84000015258789,20.25008773803711
15544,32.36000061035156,32.674095153808594
15545,23.6200008392334,25.864364624023438
15546,47.849998474121094,49.97151565551758
15547,4.309999942779541,3.3650002479553223
15548,29.09000015258789,29.492713928222656
15549,26.229999542236328,29.145851135253906
15550,53.790000915527344,53.53617477416992
15551,24.950000762939453,25.744667053222656
15552,36.06999969482422,34.85697937011719
15553,22.1200008392334,27.128616333007812
15554,13.359999656677246,11.954745292663574
15555,7.380000114440918,6.743449687957764
15556,48.75,43.65428924560547
15557,24.200000762939453,26.73245620727539
15558,30.809999465942383,32.83983612060547
15559,15.670000076293945,14.032716751098633
15560,16.350000381469727,20.36943817138672
15561,21.43000030517578,19.701419830322266
15562,43.689998626708984,43.201141357421875
15563,21.469999313354492,22.120929718017578
15564,50.41999816894531,49.604469299316406
15565,25.489999771118164,28.82486343383789
15566,34.380001068115234,35.59678268432617
15567,25.0,25.665681838989258
15568,7.340000152587891,2.9969351291656494
15569,20.799999237060547,23.736923217773438
15570,2.5899999141693115,0.059844255447387695
15571,15.420000076293945,13.95542049407959
15572,5.820000171661377,5.971765518188477
15573,5.659999847412109,6.1257643699646
15574,22.469999313354492,22.7828369140625
15575,20.770000457763672,23.717754364013672
15576,7.010000228881836,7.3048248291015625
15577,11.880000114440918,12.2885103225708
15578,25.889999389648438,28.462982177734375
15579,44.689998626708984,46.379432678222656
15580,37.439998626708984,32.80380630493164
15581,23.600000381469727,21.025428771972656
15582,14.369999885559082,13.918427467346191
15583,59.099998474121094,56.754669189453125
15584,15.300000190734863,14.404257774353027
15585,5.25,6.825665473937988
15586,15.369999885559082,15.243926048278809
15587,20.190000534057617,17.96117401123047
15588,35.72999954223633,38.5772819519043
15589,45.7400016784668,47.039119720458984
15590,31.90999984741211,27.857431411743164
15591,37.31999969482422,45.03916549682617
15592,56.2400016784668,41.9989013671875
15593,20.90999984741211,19.179763793945312
15594,34.86000061035156,35.668670654296875
15595,17.59000015258789,18.315074920654297
15596,13.529999732971191,14.200511932373047
15597,39.720001220703125,45.79096221923828
15598,16.420000076293945,16.78396224975586
15599,28.889999389648438,27.493663787841797
15600,23.719999313354492,22.228395462036133
15601,19.520000457763672,15.774999618530273
15602,24.670000076293945,24.892353057861328
15603,12.979999542236328,15.440581321716309
15604,39.33000183105469,40.031288146972656
15605,35.59000015258789,36.17536163330078
15606,35.95000076293945,35.615867614746094
15607,30.469999313354492,31.553573608398438
15608,76.69000244140625,68.03555297851562
15609,17.989999771118164,16.67640495300293
15610,43.470001220703125,44.37519073486328
15611,8.869999885559082,8.215453147888184
15612,14.850000381469727,11.989134788513184
15613,20.760000228881836,21.381942749023438
15614,17.239999771118164,20.727628707885742
15615,25.790000915527344,26.152328491210938
15616,35.15999984741211,33.12974166870117
15617,20.389999389648438,20.437114715576172
15618,33.16999816894531,30.167591094970703
15619,32.15999984741211,32.53929901123047
15620,27.219999313354492,28.745386123657227
15621,64.51000213623047,61.79811477661133
15622,40.400001525878906,37.96311950683594
15623,4.559999942779541,4.4317731857299805
15624,28.549999237060547,25.140602111816406
15625,32.75,35.80457305908203
15626,28.1299991607666,25.309589385986328
15627,8.510000228881836,9.418931007385254
15628,47.11000061035156,47.512351989746094
15629,14.010000228881836,12.849520683288574
15630,14.220000267028809,15.805473327636719
15631,33.86000061035156,29.002506256103516
15632,45.09000015258789,50.07769012451172
15633,16.34000015258789,17.234901428222656
15634,12.430000305175781,5.983948707580566
15635,12.170000076293945,13.10167121887207
15636,3.9000000953674316,0.27138304710388184
15637,8.039999961853027,9.096541404724121
15638,12.149999618530273,13.279167175292969
15639,10.100000381469727,6.950912952423096
15640,46.939998626708984,55.30503463745117
15641,16.600000381469727,16.115127563476562
15642,12.069999694824219,12.159707069396973
15643,3.380000114440918,3.418196201324463
15644,15.229999542236328,16.83032989501953
15645,43.400001525878906,45.10186767578125
15646,8.859999656677246,6.841634750366211
15647,34.220001220703125,34.739234924316406
15648,24.399999618530273,24.125511169433594
15649,11.199999809265137,11.607193946838379
15650,25.959999084472656,27.71640968322754
15651,4.039999961853027,5.612269401550293
15652,44.630001068115234,44.58270263671875
15653,18.059999465942383,19.430368423461914
15654,29.15999984741211,25.899364471435547
15655,41.939998626708984,45.41938018798828
15656,16.1200008392334,12.965117454528809
15657,48.79999923706055,48.333526611328125
15658,22.670000076293945,22.88585662841797
15659,21.600000381469727,23.731727600097656
15660,66.70999908447266,53.56779479980469
15661,5.340000152587891,5.684267044067383
15662,3.5199999809265137,5.197268009185791
15663,49.63999938964844,51.65479278564453
15664,36.47999954223633,41.541282653808594
15665,56.7400016784668,48.26010513305664
15666,15.420000076293945,14.468711853027344
15667,34.66999816894531,36.77236557006836
15668,29.530000686645508,30.64482307434082
15669,24.459999084472656,21.621742248535156
15670,70.30000305175781,64.0097885131836
15671,19.670000076293945,19.2772216796875
15672,4.760000228881836,6.406210899353027
15673,38.869998931884766,34.44786071777344
15674,7.03000020980835,6.952097415924072
15675,34.900001525878906,40.7391357421875
15676,56.08000183105469,58.52669143676758
15677,37.11000061035156,35.66638946533203
15678,63.5,56.87637710571289
15679,32.56999969482422,30.809173583984375
15680,26.510000228881836,26.4317684173584
15681,15.0,12.178780555725098
15682,32.380001068115234,33.37645721435547
15683,27.989999771118164,26.050735473632812
15684,18.549999237060547,18.055721282958984
15685,17.809999465942383,21.667512893676758
15686,33.09000015258789,32.08107376098633
15687,24.030000686645508,26.42460060119629
15688,29.459999084472656,30.35002899169922
15689,51.9900016784668,58.33978271484375
15690,31.1299991607666,34.25820541381836
15691,13.619999885559082,15.301658630371094
15692,4.610000133514404,7.207679748535156
15693,24.190000534057617,26.80877685546875
15694,10.399999618530273,8.424769401550293
15695,26.43000030517578,25.882404327392578
15696,28.09000015258789,30.982440948486328
15697,30.739999771118164,24.901031494140625
15698,15.350000381469727,12.724358558654785
15699,39.93000030517578,32.3873405456543
15700,27.940000534057617,29.65517234802246
15701,36.130001068115234,36.065826416015625
15702,12.75,12.485771179199219
15703,40.880001068115234,40.362064361572266
15704,22.639999389648438,25.564842224121094
15705,30.6200008392334,28.55198097229004
15706,25.030000686645508,25.736370086669922
15707,22.469999313354492,25.888336181640625
15708,1.940000057220459,7.258175849914551
15709,71.5199966430664,61.66352081298828
15710,39.88999938964844,34.635276794433594
15711,24.31999969482422,23.846967697143555
15712,17.489999771118164,18.246585845947266
15713,47.0099983215332,45.579978942871094
15714,4.230000019073486,10.897004127502441
15715,18.1200008392334,19.921157836914062
15716,9.0,8.602439880371094
15717,15.899999618530273,18.469127655029297
15718,18.059999465942383,15.49335765838623
15719,52.36000061035156,52.25337600708008
15720,17.8700008392334,14.719367027282715
15721,16.790000915527344,16.72886848449707
15722,48.900001525878906,44.00715637207031
15723,4.0,1.3267762660980225
15724,28.540000915527344,32.01121139526367
15725,29.450000762939453,28.62505340576172
15726,10.359999656677246,14.18808650970459
15727,24.09000015258789,23.100311279296875
15728,5.230000019073486,6.923185348510742
15729,22.06999969482422,23.178112030029297
15730,56.40999984741211,52.82103729248047
15731,5.739999771118164,6.519942283630371
15732,10.119999885559082,11.514841079711914
15733,36.369998931884766,31.550880432128906
15734,32.310001373291016,35.80925369262695
15735,38.36000061035156,41.17767333984375
15736,21.020000457763672,21.61067008972168
15737,49.4900016784668,52.267723083496094
15738,13.890000343322754,9.150160789489746
15739,10.9399995803833,6.526534557342529
15740,25.360000610351562,25.39449691772461
15741,40.880001068115234,46.216041564941406
15742,11.5600004196167,9.381717681884766
15743,13.050000190734863,12.220098495483398
15744,16.950000762939453,14.587007522583008
15745,24.639999389648438,20.969694137573242
15746,8.640000343322754,6.845312118530273
15747,37.099998474121094,36.31184387207031
15748,44.150001525878906,38.523216247558594
15749,15.829999923706055,18.523143768310547
15750,43.22999954223633,46.392127990722656
15751,17.649999618530273,16.51993179321289
15752,18.790000915527344,18.056751251220703
15753,35.2400016784668,36.78386688232422
15754,59.59000015258789,56.63739013671875
15755,43.810001373291016,51.841827392578125
15756,16.360000610351562,19.16124153137207
15757,21.639999389648438,24.02045440673828
15758,25.489999771118164,23.269916534423828
15759,30.219999313354492,25.669492721557617
15760,39.540000915527344,39.935829162597656
15761,49.369998931884766,46.223915100097656
15762,53.40999984741211,53.23603820800781
15763,22.799999237060547,22.4871768951416
15764,15.859999656677246,17.46314811706543
15765,62.380001068115234,54.240692138671875
15766,38.41999816894531,42.24730682373047
15767,47.560001373291016,44.45649337768555
15768,50.119998931884766,47.20936584472656
15769,34.54999923706055,39.45722579956055
15770,29.8700008392334,24.836172103881836
15771,21.479999542236328,25.163713455200195
15772,16.100000381469727,18.52029800415039
15773,10.149999618530273,11.506409645080566
15774,21.739999771118164,22.75179100036621
15775,9.90999984741211,11.05678653717041
15776,37.290000915527344,38.60148620605469
15777,35.97999954223633,38.087928771972656
15778,18.549999237060547,13.782356262207031
15779,10.59000015258789,12.51037883758545
15780,22.770000457763672,22.76611328125
15781,25.40999984741211,24.896652221679688
15782,26.190000534057617,24.633939743041992
15783,5.659999847412109,6.052898406982422
15784,14.050000190734863,14.386112213134766
15785,37.189998626708984,41.9202995300293
15786,48.650001525878906,53.57529067993164
15787,7.949999809265137,7.861968040466309
15788,12.270000457763672,10.952919006347656
15789,7.179999828338623,5.539842128753662
15790,28.299999237060547,25.565719604492188
15791,25.420000076293945,24.7449951171875
15792,2.990000009536743,15.443597793579102
15793,57.650001525878906,53.42392349243164
15794,5.809999942779541,6.730967044830322
15795,37.209999084472656,35.25410842895508
15796,34.619998931884766,37.28416061401367
15797,31.329999923706055,32.690555572509766
15798,44.59000015258789,45.88991928100586
15799,13.119999885559082,13.93397045135498
15800,12.34000015258789,8.362129211425781
15801,47.02000045776367,34.965057373046875
15802,23.479999542236328,23.278648376464844
15803,7.889999866485596,18.701587677001953
15804,46.18000030517578,51.37054443359375
15805,35.060001373291016,37.430030822753906
15806,33.66999816894531,34.52217483520508
15807,41.83000183105469,37.007816314697266
15808,56.11000061035156,51.409423828125
15809,36.900001525878906,37.057952880859375
15810,41.529998779296875,39.54865264892578
15811,17.329999923706055,18.260910034179688
15812,20.420000076293945,20.585094451904297
15813,24.610000610351562,24.553625106811523
15814,15.510000228881836,15.223542213439941
15815,11.279999732971191,11.180861473083496
15816,6.210000038146973,8.229303359985352
15817,18.459999084472656,14.550676345825195
15818,9.09000015258789,7.6165947914123535
15819,54.650001525878906,54.53348922729492
15820,9.079999923706055,9.46253776550293
15821,22.780000686645508,18.916641235351562
15822,11.630000114440918,9.339153289794922
15823,3.7799999713897705,3.4953079223632812
15824,15.619999885559082,14.239611625671387
15825,3.3499999046325684,3.519899845123291
15826,25.68000030517578,28.476734161376953
15827,8.359999656677246,7.396115303039551
15828,55.83000183105469,53.7564697265625
15829,11.100000381469727,8.394404411315918
15830,18.360000610351562,21.35411262512207
15831,9.300000190734863,9.141175270080566
15832,28.579999923706055,28.651443481445312
15833,44.11000061035156,40.469078063964844
15834,23.56999969482422,26.573034286499023
15835,12.710000038146973,12.909565925598145
15836,11.600000381469727,9.320427894592285
15837,13.260000228881836,13.274962425231934
15838,32.310001373291016,33.950286865234375
15839,44.84000015258789,40.33142852783203
15840,31.110000610351562,33.98542022705078
15841,30.559999465942383,30.426158905029297
15842,75.5,63.108245849609375
15843,18.579999923706055,19.253551483154297
15844,15.569999694824219,16.282154083251953
15845,43.939998626708984,47.64055633544922
15846,15.630000114440918,15.84409236907959
15847,57.849998474121094,56.34078598022461
15848,29.010000228881836,29.57464599609375
15849,4.710000038146973,2.885415554046631
15850,16.75,16.524341583251953
15851,23.610000610351562,25.803892135620117
15852,40.58000183105469,39.92869567871094
15853,18.489999771118164,17.853153228759766
15854,30.649999618530273,31.509782791137695
15855,43.31999969482422,45.14244079589844
15856,73.44000244140625,71.3895263671875
15857,20.649999618530273,20.267812728881836
15858,1.6699999570846558,4.351090908050537
15859,2.7100000381469727,4.406766414642334
15860,15.720000267028809,15.66568374633789
15861,44.02000045776367,47.15864181518555
15862,16.959999084472656,23.616178512573242
15863,31.93000030517578,35.422645568847656
15864,34.529998779296875,36.04357147216797
15865,6.789999961853027,7.1862592697143555
15866,28.459999084472656,28.621231079101562
15867,44.38999938964844,49.159332275390625
15868,29.1200008392334,32.787841796875
15869,39.13999938964844,33.57697296142578
15870,38.130001068115234,36.731727600097656
15871,6.449999809265137,6.319951057434082
15872,26.200000762939453,26.783235549926758
15873,12.319999694824219,11.62464714050293
15874,8.949999809265137,9.913751602172852
15875,13.199999809265137,13.279022216796875
15876,26.389999389648438,26.724523544311523
15877,11.579999923706055,12.878018379211426
15878,12.84000015258789,13.501619338989258
15879,33.15999984741211,33.77088165283203
15880,22.459999084472656,24.907760620117188
15881,18.139999389648438,22.35430335998535
15882,2.5,5.519217491149902
15883,24.8799991607666,24.43390464782715
15884,17.280000686645508,17.493213653564453
15885,35.5,31.97488784790039
15886,4.670000076293945,4.5629777908325195
15887,41.220001220703125,40.741756439208984
15888,27.059999465942383,27.800331115722656
15889,36.27000045776367,42.225868225097656
15890,58.25,60.28959655761719
15891,29.280000686645508,24.209495544433594
15892,42.380001068115234,43.83211135864258
15893,23.969999313354492,22.364261627197266
15894,40.810001373291016,39.6690559387207
15895,24.34000015258789,25.334169387817383
15896,16.450000762939453,13.205771446228027
15897,33.18000030517578,33.1148567199707
15898,12.359999656677246,12.020679473876953
15899,38.15999984741211,38.80775833129883
15900,30.040000915527344,29.6087589263916
15901,28.100000381469727,28.04069709777832
15902,22.139999389648438,19.858497619628906
15903,49.75,50.2579460144043
15904,27.780000686645508,27.044103622436523
15905,15.670000076293945,15.438416481018066
15906,30.420000076293945,27.925071716308594
15907,44.13999938964844,44.73356246948242
15908,20.969999313354492,22.6862735748291
15909,9.8100004196167,11.508033752441406
15910,41.02000045776367,42.55131149291992
15911,20.209999084472656,20.984405517578125
15912,11.640000343322754,10.33578109741211
15913,49.529998779296875,41.4877815246582
15914,15.8100004196167,18.075599670410156
15915,23.719999313354492,22.862930297851562
15916,8.510000228881836,13.291584014892578
15917,32.13999938964844,32.29908752441406
15918,20.309999465942383,19.247333526611328
15919,7.409999847412109,11.487744331359863
15920,20.809999465942383,22.780759811401367
15921,18.75,19.315479278564453
15922,39.779998779296875,39.5577507019043
15923,24.639999389648438,24.021442413330078
15924,66.62999725341797,62.91498947143555
15925,12.930000305175781,11.95513916015625
15926,2.5,0.2229999303817749
15927,40.060001373291016,43.822872161865234
15928,33.22999954223633,31.04970932006836
15929,29.219999313354492,29.706266403198242
15930,30.6200008392334,32.844932556152344
15931,25.350000381469727,27.309566497802734
15932,33.5099983215332,33.8471565246582
15933,7.809999942779541,9.691895484924316
15934,27.610000610351562,27.750194549560547
15935,43.290000915527344,46.32167053222656
15936,2.819999933242798,2.3669283390045166
15937,21.290000915527344,23.77248764038086
15938,39.2400016784668,36.63921356201172
15939,21.940000534057617,21.76853370666504
15940,25.40999984741211,24.038272857666016
15941,44.15999984741211,51.75998306274414
15942,7.340000152587891,8.065400123596191
15943,19.15999984741211,18.29250144958496
15944,48.45000076293945,51.45012664794922
15945,53.099998474121094,52.026527404785156
15946,52.54999923706055,51.170074462890625
15947,39.29999923706055,40.75468826293945
15948,28.459999084472656,29.940704345703125
15949,22.59000015258789,18.815763473510742
15950,26.229999542236328,24.09235382080078
15951,28.649999618530273,28.54232406616211
15952,10.4399995803833,7.541698455810547
15953,8.930000305175781,9.388166427612305
15954,52.06999969482422,47.90199279785156
15955,43.77000045776367,40.917724609375
15956,16.860000610351562,13.394655227661133
15957,46.65999984741211,46.67542266845703
15958,37.959999084472656,35.971336364746094
15959,21.5,19.65818214416504
15960,31.270000457763672,32.24144744873047
15961,49.130001068115234,49.124168395996094
15962,10.699999809265137,8.470161437988281
15963,7.900000095367432,8.735380172729492
15964,26.469999313354492,25.367464065551758
15965,39.13999938964844,32.9202880859375
15966,22.420000076293945,22.570526123046875
15967,53.720001220703125,46.74103546142578
15968,66.47000122070312,67.06453704833984
15969,56.86000061035156,57.0753059387207
15970,36.77000045776367,38.138057708740234
15971,4.929999828338623,6.184401035308838
15972,19.68000030517578,25.134008407592773
15973,5.940000057220459,3.0839684009552
15974,14.170000076293945,18.078277587890625
15975,32.119998931884766,39.07746124267578
15976,12.350000381469727,15.466728210449219
15977,8.510000228881836,6.619430065155029
15978,42.66999816894531,39.19651794433594
15979,26.770000457763672,24.85553550720215
15980,23.75,21.341903686523438
15981,29.34000015258789,29.865867614746094
15982,33.93000030517578,32.48317337036133
15983,19.549999237060547,19.53755760192871
15984,30.860000610351562,28.22425079345703
15985,15.5600004196167,19.246749877929688
15986,27.739999771118164,29.445850372314453
15987,67.13999938964844,55.235801696777344
15988,39.970001220703125,34.688968658447266
15989,15.329999923706055,16.863157272338867
15990,43.22999954223633,41.49748611450195
15991,19.329999923706055,15.903155326843262
15992,60.220001220703125,56.58568572998047
15993,32.77000045776367,30.199682235717773
15994,25.670000076293945,24.98352813720703
15995,65.6500015258789,63.615596771240234
15996,7.28000020980835,8.0220308303833
15997,32.720001220703125,31.598764419555664
15998,28.709999084472656,27.656490325927734
15999,14.350000381469727,13.589780807495117
16000,23.09000015258789,24.81766128540039
16001,31.979999542236328,32.749698638916016
16002,44.95000076293945,47.57680130004883
16003,27.90999984741211,24.592208862304688
16004,17.670000076293945,16.507020950317383
16005,24.729999542236328,29.668739318847656
16006,6.96999979019165,8.041662216186523
16007,35.560001373291016,36.71660232543945
16008,43.650001525878906,38.94109344482422
16009,33.290000915527344,33.2120475769043
16010,44.529998779296875,41.22510528564453
16011,11.369999885559082,12.222945213317871
16012,43.290000915527344,45.553775787353516
16013,47.150001525878906,52.94339370727539
16014,19.780000686645508,18.129465103149414
16015,58.47999954223633,50.89456558227539
16016,7.449999809265137,5.729587078094482
16017,14.289999961853027,15.994842529296875
16018,12.930000305175781,11.53294849395752
16019,13.479999542236328,13.7288818359375
16020,22.6299991607666,24.06438446044922
16021,34.52000045776367,36.590599060058594
16022,7.519999980926514,7.6025214195251465
16023,34.54999923706055,33.91133117675781
16024,45.75,46.4841194152832
16025,6.980000019073486,8.836461067199707
16026,4.28000020980835,5.445526123046875
16027,64.81999969482422,60.026546478271484
16028,15.1899995803833,13.793184280395508
16029,8.65999984741211,6.62487268447876
16030,48.119998931884766,47.18604278564453
16031,26.920000076293945,28.457313537597656
16032,31.510000228881836,29.061649322509766
16033,34.75,35.51546859741211
16034,32.7599983215332,33.31037902832031
16035,50.7400016784668,53.59986114501953
16036,58.84000015258789,50.36560821533203
16037,16.65999984741211,14.937202453613281
16038,24.18000030517578,25.641828536987305
16039,35.22999954223633,38.92377853393555
16040,17.260000228881836,16.57941436767578
16041,3.3399999141693115,5.776613712310791
16042,18.579999923706055,16.56696891784668
16043,17.40999984741211,18.70722198486328
16044,62.08000183105469,55.764068603515625
16045,32.84000015258789,35.85596466064453
16046,41.689998626708984,37.70407485961914
16047,39.099998474121094,33.4609375
16048,27.43000030517578,28.578418731689453
16049,26.049999237060547,24.227941513061523
16050,21.040000915527344,25.19625473022461
16051,22.31999969482422,20.05608367919922
16052,22.110000610351562,21.578407287597656
16053,28.799999237060547,28.71120262145996
16054,38.83000183105469,43.14223098754883
16055,15.270000457763672,15.642525672912598
16056,5.369999885559082,2.9029414653778076
16057,25.440000534057617,27.40704345703125
16058,27.59000015258789,28.518722534179688
16059,20.799999237060547,20.1368408203125
16060,53.47999954223633,51.03303527832031
16061,64.75,52.202964782714844
16062,49.7400016784668,47.437965393066406
16063,29.540000915527344,31.528987884521484
16064,3.2100000381469727,5.426121711730957
16065,23.969999313354492,27.78944969177246
16066,58.34000015258789,55.31147003173828
16067,5.309999942779541,9.505447387695312
16068,34.61000061035156,39.2633171081543
16069,49.72999954223633,47.56624984741211
16070,40.02000045776367,40.8825798034668
16071,35.22999954223633,35.50436019897461
16072,28.56999969482422,29.001705169677734
16073,14.760000228881836,13.506123542785645
16074,19.799999237060547,22.082286834716797
16075,11.020000457763672,12.432879447937012
16076,16.559999465942383,19.547256469726562
16077,16.899999618530273,17.879669189453125
16078,36.36000061035156,24.941177368164062
16079,23.860000610351562,22.7076416015625
16080,54.04999923706055,50.285160064697266
16081,55.560001373291016,58.47697067260742
16082,21.579999923706055,20.394390106201172
16083,9.34000015258789,9.458883285522461
16084,67.27999877929688,71.20182037353516
16085,52.22999954223633,48.948646545410156
16086,44.31999969482422,37.4742317199707
16087,19.100000381469727,20.42906951904297
16088,41.2599983215332,43.09122085571289
16089,75.66000366210938,63.11296081542969
16090,15.640000343322754,14.406781196594238
16091,35.81999969482422,39.61111068725586
16092,45.06999969482422,34.281333923339844
16093,26.440000534057617,23.39048957824707
16094,56.7599983215332,52.704097747802734
16095,18.06999969482422,20.229127883911133
16096,24.479999542236328,27.667905807495117
16097,24.15999984741211,23.669092178344727
16098,28.600000381469727,31.43949317932129
16099,15.270000457763672,17.036739349365234
16100,39.86000061035156,40.68046569824219
16101,20.989999771118164,20.482807159423828
16102,34.93000030517578,29.650245666503906
16103,5.730000019073486,6.239902973175049
16104,22.31999969482422,22.0999755859375
16105,20.649999618530273,19.164770126342773
16106,34.36000061035156,32.753196716308594
16107,12.0600004196167,10.626208305358887
16108,28.3799991607666,34.11965560913086
16109,18.209999084472656,17.02910804748535
16110,68.94000244140625,71.39202117919922
16111,27.389999389648438,25.199148178100586
16112,11.579999923706055,12.43967056274414
16113,12.380000114440918,11.554418563842773
16114,50.34000015258789,46.09565734863281
16115,19.06999969482422,19.811384201049805
16116,9.220000267028809,8.849187850952148
16117,26.25,27.77127456665039
16118,25.260000228881836,25.083751678466797
16119,30.530000686645508,30.716238021850586
16120,2.2799999713897705,6.0338521003723145
16121,12.460000038146973,13.617753982543945
16122,67.72000122070312,58.322269439697266
16123,54.939998626708984,56.14369201660156
16124,17.139999389648438,18.002368927001953
16125,4.449999809265137,3.3207921981811523
16126,3.809999942779541,2.866635322570801
16127,31.610000610351562,35.259490966796875
16128,58.70000076293945,54.18423843383789
16129,48.56999969482422,46.56385803222656
16130,12.600000381469727,14.005461692810059
16131,16.84000015258789,17.001583099365234
16132,14.779999732971191,16.383590698242188
16133,44.900001525878906,43.474334716796875
16134,9.5,12.097708702087402
16135,1.4700000286102295,6.304020404815674
16136,36.189998626708984,36.69818115234375
16137,37.790000915527344,34.370033264160156
16138,33.52000045776367,33.144107818603516
16139,30.420000076293945,30.16754150390625
16140,36.439998626708984,32.08381652832031
16141,14.020000457763672,14.852991104125977
16142,9.729999542236328,8.468396186828613
16143,54.470001220703125,54.8654670715332
16144,27.510000228881836,27.609729766845703
16145,17.65999984741211,14.793458938598633
16146,8.899999618530273,9.732075691223145
16147,9.510000228881836,11.02246379852295
16148,53.68000030517578,51.31632995605469
16149,16.520000457763672,14.090418815612793
16150,5.900000095367432,6.79033088684082
16151,33.099998474121094,31.802194595336914
16152,25.270000457763672,24.6026554107666
16153,48.5099983215332,47.672157287597656
16154,32.439998626708984,30.58868408203125
16155,34.13999938964844,32.98714065551758
16156,29.350000381469727,28.794937133789062
16157,14.75,15.654107093811035
16158,72.04000091552734,59.57080078125
16159,68.13999938964844,65.52400207519531
16160,21.34000015258789,18.89930534362793
16161,29.239999771118164,30.332124710083008
16162,55.029998779296875,47.37318420410156
16163,50.54999923706055,48.57804489135742
16164,10.489999771118164,10.653916358947754
16165,33.290000915527344,36.21049118041992
16166,32.70000076293945,35.22378921508789
16167,52.40999984741211,57.44043731689453
16168,38.400001525878906,33.151611328125
16169,4.099999904632568,5.405663967132568
16170,1.6100000143051147,0.9611856937408447
16171,9.0,7.711967945098877
16172,41.22999954223633,43.15230178833008
16173,55.2599983215332,41.585304260253906
16174,56.810001373291016,50.124267578125
16175,24.350000381469727,23.779617309570312
16176,31.010000228881836,31.006275177001953
16177,61.130001068115234,54.35398483276367
16178,24.5,25.258563995361328
16179,50.13999938964844,49.85334777832031
16180,16.329999923706055,15.789894104003906
16181,34.4900016784668,32.55978775024414
16182,36.15999984741211,33.309425354003906
16183,22.8700008392334,21.196298599243164
16184,17.639999389648438,25.263290405273438
16185,28.81999969482422,27.041393280029297
16186,37.36000061035156,40.744537353515625
16187,15.0,15.168764114379883
16188,32.93000030517578,33.306861877441406
16189,33.9900016784668,40.39605712890625
16190,10.079999923706055,9.1874361038208
16191,13.329999923706055,13.154040336608887
16192,24.850000381469727,23.373851776123047
16193,11.470000267028809,12.225251197814941
16194,25.700000762939453,26.20357894897461
16195,50.33000183105469,53.53569030761719
16196,49.59000015258789,52.51571273803711
16197,16.610000610351562,16.166847229003906
16198,9.760000228881836,7.773329734802246
16199,37.20000076293945,35.88845443725586
16200,49.369998931884766,47.51676559448242
16201,14.489999771118164,12.398775100708008
16202,43.27000045776367,45.69043731689453
16203,35.43000030517578,35.66984558105469
16204,14.90999984741211,13.726247787475586
16205,53.45000076293945,54.06670379638672
16206,36.459999084472656,33.9224853515625
16207,45.560001373291016,35.390281677246094
16208,33.65999984741211,34.53793716430664
16209,19.790000915527344,19.049470901489258
16210,67.12999725341797,61.636390686035156
16211,69.37999725341797,58.920860290527344
16212,59.59000015258789,53.67377471923828
16213,15.8100004196167,17.13858413696289
16214,22.479999542236328,24.58112144470215
16215,33.720001220703125,33.01605224609375
16216,12.430000305175781,10.354907989501953
16217,49.900001525878906,40.7088737487793
16218,30.649999618530273,31.376121520996094
16219,22.579999923706055,23.658432006835938
16220,79.94999694824219,66.25843048095703
16221,61.91999816894531,64.6129379272461
16222,15.9399995803833,17.23526382446289
16223,27.079999923706055,28.25554084777832
16224,3.759999990463257,5.145849704742432
16225,18.639999389648438,19.926151275634766
16226,3.3499999046325684,3.326766014099121
16227,17.530000686645508,16.464235305786133
16228,30.59000015258789,32.518409729003906
16229,35.13999938964844,28.454771041870117
16230,37.29999923706055,37.56552505493164
16231,42.22999954223633,41.267173767089844
16232,8.25,7.499413013458252
16233,20.15999984741211,24.851823806762695
16234,29.709999084472656,33.38544464111328
16235,31.299999237060547,28.589868545532227
16236,8.460000038146973,8.329095840454102
16237,17.950000762939453,23.666894912719727
16238,31.34000015258789,30.9648380279541
16239,31.209999084472656,34.3022346496582
16240,26.049999237060547,28.328510284423828
16241,12.470000267028809,13.855884552001953
16242,38.029998779296875,30.55325698852539
16243,11.619999885559082,13.09913444519043
16244,13.510000228881836,14.124873161315918
16245,12.65999984741211,13.187264442443848
16246,8.800000190734863,8.401684761047363
16247,14.869999885559082,14.92106819152832
16248,66.86000061035156,66.9389419555664
16249,46.279998779296875,44.89836120605469
16250,65.7300033569336,50.63037872314453
16251,4.929999828338623,3.882932662963867
16252,53.16999816894531,54.424373626708984
16253,34.59000015258789,39.280662536621094
16254,54.18000030517578,57.45586395263672
16255,15.0600004196167,14.984912872314453
16256,14.119999885559082,13.183375358581543
16257,19.09000015258789,21.985206604003906
16258,43.68000030517578,40.421630859375
16259,19.639999389648438,19.07712745666504
16260,53.130001068115234,52.474491119384766
16261,63.84000015258789,64.30944061279297
16262,40.88999938964844,39.093074798583984
16263,3.0299999713897705,3.876305341720581
16264,33.22999954223633,29.925090789794922
16265,24.3799991607666,23.14406394958496
16266,40.130001068115234,43.42290496826172
16267,11.180000305175781,12.778233528137207
16268,25.280000686645508,33.302406311035156
16269,43.04999923706055,36.783416748046875
16270,25.760000228881836,25.335933685302734
16271,20.93000030517578,20.478044509887695
16272,33.65999984741211,33.40455627441406
16273,39.7400016784668,42.587379455566406
16274,16.030000686645508,15.6015625
16275,30.139999389648438,27.537675857543945
16276,20.829999923706055,22.378116607666016
16277,74.36000061035156,69.94384765625
16278,52.06999969482422,55.469993591308594
16279,29.84000015258789,31.638723373413086
16280,3.3499999046325684,3.710648775100708
16281,31.610000610351562,31.9448299407959
16282,28.059999465942383,27.74017906188965
16283,24.0,24.99701690673828
16284,13.609999656677246,14.260354042053223
16285,22.260000228881836,22.528419494628906
16286,11.40999984741211,12.248008728027344
16287,36.650001525878906,33.01752471923828
16288,19.450000762939453,18.80630874633789
16289,26.850000381469727,30.12095832824707
16290,60.66999816894531,58.30305480957031
16291,17.0,15.760643005371094
16292,17.459999084472656,15.28814697265625
16293,26.3700008392334,28.583698272705078
16294,54.5099983215332,54.776641845703125
16295,16.770000457763672,28.823686599731445
16296,45.16999816894531,44.80118942260742
16297,23.280000686645508,21.110523223876953
16298,14.329999923706055,17.425512313842773
16299,3.5199999809265137,3.413231611251831
16300,22.190000534057617,23.08549690246582
16301,21.110000610351562,20.10472869873047
16302,29.479999542236328,31.283065795898438
16303,36.869998931884766,34.40837478637695
16304,49.97999954223633,54.697662353515625
16305,3.7200000286102295,7.599273204803467
16306,19.75,20.317222595214844
16307,23.969999313354492,23.459186553955078
16308,23.520000457763672,25.566648483276367
16309,44.15999984741211,51.63542175292969
16310,4.900000095367432,3.990304708480835
16311,25.469999313354492,26.601213455200195
16312,21.09000015258789,20.219757080078125
16313,27.219999313354492,23.70738410949707
16314,49.400001525878906,40.56835174560547
16315,25.829999923706055,22.138172149658203
16316,40.56999969482422,31.784666061401367
16317,25.079999923706055,30.873600006103516
16318,17.020000457763672,17.06517791748047
16319,30.93000030517578,30.30260467529297
16320,61.61000061035156,63.293212890625
16321,5.099999904632568,3.264329671859741
16322,17.889999389648438,17.287931442260742
16323,28.459999084472656,29.11727523803711
16324,7.940000057220459,7.464107990264893
16325,48.099998474121094,38.85609436035156
16326,17.440000534057617,16.92292022705078
16327,19.239999771118164,19.049501419067383
16328,24.549999237060547,28.347869873046875
16329,61.040000915527344,60.76511001586914
16330,26.899999618530273,27.629776000976562
16331,45.83000183105469,40.484031677246094
16332,3.3499999046325684,4.643077850341797
16333,32.25,32.835662841796875
16334,26.260000228881836,32.04313278198242
16335,40.380001068115234,43.72702407836914
16336,10.869999885559082,9.296394348144531
16337,41.959999084472656,34.283058166503906
16338,17.670000076293945,16.957319259643555
16339,24.75,22.608055114746094
16340,42.650001525878906,43.37450408935547
16341,28.1200008392334,32.404727935791016
16342,18.8799991607666,14.63272476196289
16343,4.300000190734863,4.679203987121582
16344,4.510000228881836,1.1454591751098633
16345,15.079999923706055,12.492867469787598
16346,15.210000038146973,15.662660598754883
16347,22.350000381469727,26.323768615722656
16348,29.09000015258789,28.60790252685547
16349,24.489999771118164,23.7490177154541
16350,56.900001525878906,54.395591735839844
16351,10.199999809265137,11.211939811706543
16352,15.550000190734863,16.279726028442383
16353,20.68000030517578,19.717103958129883
16354,18.530000686645508,14.246880531311035
16355,80.12000274658203,61.622825622558594
16356,18.93000030517578,14.977540969848633
16357,33.130001068115234,34.813133239746094
16358,21.450000762939453,26.69143295288086
16359,33.58000183105469,40.09006881713867
16360,16.34000015258789,18.509443283081055
16361,42.599998474121094,39.75642776489258
16362,23.690000534057617,25.337310791015625
16363,41.2599983215332,42.78187561035156
16364,29.239999771118164,32.38103103637695
16365,23.729999542236328,20.199066162109375
16366,6.550000190734863,11.813508033752441
16367,1.9299999475479126,14.914011001586914
16368,6.78000020980835,5.528282165527344
16369,27.649999618530273,30.398021697998047
16370,45.63999938964844,46.194644927978516
16371,27.65999984741211,26.28118133544922
16372,17.8799991607666,15.970654487609863
16373,12.899999618530273,12.706500053405762
16374,13.6899995803833,13.668723106384277
16375,6.429999828338623,7.437977313995361
16376,37.95000076293945,41.64444351196289
16377,18.280000686645508,20.856237411499023
16378,34.790000915527344,42.118865966796875
16379,43.56999969482422,35.0443229675293
16380,6.809999942779541,4.53327751159668
16381,40.470001220703125,37.77568817138672
16382,26.59000015258789,27.6011962890625
16383,24.260000228881836,24.9862003326416
16384,4.360000133514404,4.434545040130615
16385,23.59000015258789,26.323427200317383
16386,27.0,25.923416137695312
16387,12.449999809265137,12.031867980957031
16388,17.719999313354492,17.86672592163086
16389,31.549999237060547,29.540647506713867
16390,69.30999755859375,68.94686126708984
16391,29.940000534057617,31.818248748779297
16392,42.75,45.27267837524414
16393,37.560001373291016,35.41279602050781
16394,9.279999732971191,5.576565265655518
16395,4.619999885559082,3.4692602157592773
16396,20.459999084472656,23.324371337890625
16397,24.700000762939453,26.917932510375977
16398,43.43000030517578,37.91123962402344
16399,52.349998474121094,59.871437072753906
16400,26.440000534057617,28.353858947753906
16401,6.71999979019165,3.4639151096343994
16402,0.9399999976158142,10.50776481628418
16403,41.33000183105469,40.88218688964844
16404,21.309999465942383,21.549278259277344
16405,16.360000610351562,15.147114753723145
16406,40.59000015258789,36.815643310546875
16407,9.010000228881836,5.075937747955322
16408,22.8799991607666,22.839153289794922
16409,18.040000915527344,17.58353042602539
16410,20.170000076293945,21.557430267333984
16411,16.649999618530273,16.11229705810547
16412,32.72999954223633,28.620502471923828
16413,48.060001373291016,50.4039306640625
16414,27.360000610351562,25.93714141845703
16415,30.31999969482422,32.47109603881836
16416,40.52000045776367,39.8340950012207
16417,45.45000076293945,42.778961181640625
16418,39.06999969482422,36.5931282043457
16419,12.579999923706055,12.080615043640137
16420,22.799999237060547,22.35687828063965
16421,47.720001220703125,48.41565704345703
16422,12.34000015258789,10.832210540771484
16423,36.380001068115234,35.623291015625
16424,52.09000015258789,49.39935302734375
16425,22.979999542236328,25.606647491455078
16426,51.43000030517578,53.382965087890625
16427,56.130001068115234,50.677330017089844
16428,10.199999809265137,13.015509605407715
16429,14.770000457763672,15.211015701293945
16430,41.34000015258789,43.05198669433594
16431,34.38999938964844,36.0926628112793
16432,29.489999771118164,31.0261287689209
16433,57.459999084472656,53.97282791137695
16434,15.510000228881836,14.205240249633789
16435,26.68000030517578,27.732484817504883
16436,41.43000030517578,42.59661865234375
16437,35.04999923706055,31.889766693115234
16438,42.400001525878906,42.16790771484375
16439,12.25,13.080129623413086
16440,48.459999084472656,49.58069610595703
16441,51.880001068115234,50.99806213378906
16442,9.180000305175781,10.476350784301758
16443,21.600000381469727,21.558748245239258
16444,45.27000045776367,46.05495834350586
16445,13.899999618530273,19.083332061767578
16446,66.7699966430664,59.10254669189453
16447,15.949999809265137,14.418913841247559
16448,1.6399999856948853,3.794729709625244
16449,7.400000095367432,8.7786283493042
16450,25.799999237060547,30.075008392333984
16451,36.18000030517578,36.43632125854492
16452,21.59000015258789,23.54041290283203
16453,19.899999618530273,18.048036575317383
16454,11.539999961853027,9.477507591247559
16455,39.2400016784668,42.13716125488281
16456,30.600000381469727,31.07815933227539
16457,52.06999969482422,56.551761627197266
16458,23.200000762939453,20.607589721679688
16459,15.529999732971191,15.235150337219238
16460,12.300000190734863,12.655182838439941
16461,8.720000267028809,10.691335678100586
16462,45.209999084472656,42.77717208862305
16463,47.099998474121094,44.22978973388672
16464,27.549999237060547,25.480178833007812
16465,8.739999771118164,6.5832295417785645
16466,48.4900016784668,42.369850158691406
16467,27.75,29.25332260131836
16468,3.4100000858306885,1.3441039323806763
16469,18.790000915527344,16.0040283203125
16470,20.450000762939453,23.38715934753418
16471,14.199999809265137,13.99763011932373
16472,45.97999954223633,47.79960632324219
16473,10.729999542236328,10.986871719360352
16474,12.34000015258789,14.208271980285645
16475,17.15999984741211,18.447742462158203
16476,4.619999885559082,5.295651435852051
16477,25.639999389648438,27.39443588256836
16478,53.15999984741211,53.97917938232422
16479,27.34000015258789,27.98002815246582
16480,17.799999237060547,23.583105087280273
16481,67.45999908447266,58.2374153137207
16482,37.310001373291016,35.335693359375
16483,10.890000343322754,8.32324504852295
16484,24.1200008392334,22.997583389282227
16485,24.479999542236328,23.811969757080078
16486,36.459999084472656,47.91912841796875
16487,29.520000457763672,30.184967041015625
16488,63.029998779296875,65.23441314697266
16489,39.959999084472656,37.919254302978516
16490,14.390000343322754,13.25917911529541
16491,63.400001525878906,61.44023895263672
16492,5.21999979019165,2.8298938274383545
16493,8.779999732971191,6.0428571701049805
16494,22.899999618530273,26.175050735473633
16495,24.469999313354492,25.075458526611328
16496,17.3799991607666,16.705936431884766
16497,58.4900016784668,51.55497741699219
16498,22.100000381469727,24.470142364501953
16499,54.11000061035156,51.81536102294922
16500,7.210000038146973,6.130128383636475
16501,2.5,3.072199821472168
16502,11.4399995803833,8.593132019042969
16503,24.229999542236328,20.93868064880371
16504,68.33000183105469,67.91028594970703
16505,24.020000457763672,26.88665199279785
16506,17.739999771118164,15.92857837677002
16507,64.62999725341797,56.000667572021484
16508,28.389999389648438,29.30422592163086
16509,32.869998931884766,30.913326263427734
16510,9.770000457763672,10.159224510192871
16511,21.989999771118164,24.95536994934082
16512,13.770000457763672,14.400639533996582
16513,10.0,9.935920715332031
16514,18.84000015258789,19.343061447143555
16515,29.81999969482422,27.782970428466797
16516,23.299999237060547,23.55841827392578
16517,22.170000076293945,22.91840934753418
16518,27.59000015258789,25.4074764251709
16519,23.8700008392334,26.93205451965332
16520,46.189998626708984,39.21670913696289
16521,38.38999938964844,35.65087127685547
16522,39.470001220703125,39.33647537231445
16523,37.09000015258789,39.62519836425781
16524,73.4800033569336,69.837890625
16525,15.09000015258789,17.03321075439453
16526,25.600000381469727,25.54817008972168
16527,35.150001525878906,33.14458465576172
16528,22.190000534057617,23.423255920410156
16529,8.5600004196167,8.339852333068848
16530,23.149999618530273,20.931625366210938
16531,10.619999885559082,7.489615440368652
16532,36.91999816894531,32.471744537353516
16533,59.68000030517578,56.84209442138672
16534,10.869999885559082,10.650599479675293
16535,42.0099983215332,44.43171691894531
16536,79.80000305175781,71.2173080444336
16537,20.600000381469727,20.98806381225586
16538,60.81999969482422,55.26076889038086
16539,14.720000267028809,14.313687324523926
16540,16.020000457763672,13.725722312927246
16541,12.239999771118164,10.856476783752441
16542,12.0,13.284660339355469
16543,21.950000762939453,21.994775772094727
16544,22.3700008392334,21.966630935668945
16545,9.369999885559082,10.933433532714844
16546,37.09000015258789,37.48884582519531
16547,60.93000030517578,60.77804946899414
16548,32.15999984741211,32.79474639892578
16549,32.04999923706055,29.843034744262695
16550,7.260000228881836,6.548725605010986
16551,21.6200008392334,25.287818908691406
16552,24.219999313354492,28.51121711730957
16553,23.719999313354492,18.915311813354492
16554,20.6299991607666,18.335689544677734
16555,25.889999389648438,23.462955474853516
16556,52.43000030517578,48.639678955078125
16557,19.059999465942383,22.588510513305664
16558,17.18000030517578,15.532266616821289
16559,39.470001220703125,37.0416259765625
16560,36.97999954223633,41.374149322509766
16561,19.540000915527344,18.373767852783203
16562,57.08000183105469,55.75556945800781
16563,25.479999542236328,30.514068603515625
16564,14.260000228881836,13.578702926635742
16565,11.5600004196167,9.352396011352539
16566,29.8700008392334,32.378150939941406
16567,20.40999984741211,21.729904174804688
16568,47.709999084472656,45.94869613647461
16569,18.06999969482422,16.853199005126953
16570,29.940000534057617,32.266292572021484
16571,17.90999984741211,17.040634155273438
16572,48.2599983215332,47.87169647216797
16573,34.06999969482422,32.563175201416016
16574,10.989999771118164,10.224170684814453
16575,22.34000015258789,28.528549194335938
16576,35.2400016784668,36.97640609741211
16577,32.2400016784668,27.45150375366211
16578,6.579999923706055,8.93405532836914
16579,15.430000305175781,14.870296478271484
16580,26.65999984741211,29.687402725219727
16581,12.699999809265137,15.164617538452148
16582,16.979999542236328,17.426441192626953
16583,34.0099983215332,39.0933837890625
16584,19.93000030517578,18.93637466430664
16585,10.449999809265137,12.294961929321289
16586,33.709999084472656,33.35480880737305
16587,39.040000915527344,42.940582275390625
16588,46.16999816894531,44.86884689331055
16589,12.979999542236328,12.531463623046875
16590,43.810001373291016,42.325748443603516
16591,4.690000057220459,4.23064661026001
16592,13.859999656677246,13.938179016113281
16593,10.890000343322754,13.969197273254395
16594,22.56999969482422,22.58791732788086
16595,28.139999389648438,26.57551383972168
16596,32.689998626708984,32.651790618896484
16597,25.190000534057617,24.264806747436523
16598,70.86000061035156,60.02688980102539
16599,35.939998626708984,31.21735954284668
16600,27.649999618530273,28.118114471435547
16601,41.65999984741211,48.8575439453125
16602,27.040000915527344,26.59143829345703
16603,39.959999084472656,38.13081359863281
16604,21.18000030517578,17.815397262573242
16605,6.699999809265137,8.807660102844238
16606,55.25,51.338890075683594
16607,13.029999732971191,11.115530014038086
16608,5.170000076293945,6.391695022583008
16609,24.09000015258789,24.223041534423828
16610,34.68000030517578,35.742340087890625
16611,9.40999984741211,9.42383098602295
16612,50.150001525878906,48.851776123046875
16613,34.709999084472656,33.503578186035156
16614,25.469999313354492,26.659080505371094
16615,3.359999895095825,3.583242416381836
16616,18.6200008392334,19.341299057006836
16617,16.979999542236328,13.423110008239746
16618,8.90999984741211,7.393948078155518
16619,36.06999969482422,38.47110366821289
16620,17.15999984741211,14.238190650939941
16621,17.700000762939453,11.250962257385254
16622,44.45000076293945,43.339637756347656
16623,22.030000686645508,22.25009536743164
16624,54.72999954223633,57.827178955078125
16625,23.139999389648438,24.46756362915039
16626,43.97999954223633,42.5250244140625
16627,23.049999237060547,21.482234954833984
16628,27.8799991607666,28.06060791015625
16629,37.849998474121094,39.268436431884766
16630,57.529998779296875,55.76772689819336
16631,22.15999984741211,21.771900177001953
16632,6.690000057220459,7.786841869354248
16633,60.61000061035156,59.39506149291992
16634,33.56999969482422,30.574663162231445
16635,55.650001525878906,55.64651107788086
16636,10.819999694824219,11.246212005615234
16637,35.13999938964844,36.72655487060547
16638,36.15999984741211,32.23192596435547
16639,17.079999923706055,17.778549194335938
16640,8.050000190734863,9.977862358093262
16641,34.56999969482422,34.96005630493164
16642,29.959999084472656,32.018577575683594
16643,14.75,19.745569229125977
16644,28.93000030517578,28.301254272460938
16645,51.959999084472656,47.296302795410156
16646,24.479999542236328,26.01888656616211
16647,34.75,36.04796600341797
16648,33.11000061035156,32.4505615234375
16649,21.649999618530273,19.500274658203125
16650,18.190000534057617,15.821268081665039
16651,17.950000762939453,20.927927017211914
16652,9.649999618530273,6.319696426391602
16653,31.09000015258789,33.32880783081055
16654,8.470000267028809,11.908967971801758
16655,27.280000686645508,29.77412223815918
16656,14.739999771118164,13.654911041259766
16657,13.75,11.421910285949707
16658,17.020000457763672,15.88663101196289
16659,10.199999809265137,10.398033142089844
16660,24.3799991607666,30.7525577545166
16661,15.180000305175781,11.8624906539917
16662,30.010000228881836,29.558330535888672
16663,55.040000915527344,54.124420166015625
16664,36.58000183105469,34.910377502441406
16665,69.73999786376953,65.98661804199219
16666,12.010000228881836,10.982295989990234
16667,6.309999942779541,11.908191680908203
16668,31.639999389648438,31.02959632873535
16669,48.130001068115234,47.17909240722656
16670,49.029998779296875,49.2239990234375
16671,22.729999542236328,26.17624855041504
16672,14.180000305175781,12.790688514709473
16673,23.860000610351562,25.102767944335938
16674,10.199999809265137,11.39535140991211
16675,5.559999942779541,4.954773426055908
16676,29.770000457763672,29.640064239501953
16677,19.719999313354492,24.620380401611328
16678,18.15999984741211,15.403877258300781
16679,23.260000228881836,21.35198402404785
16680,35.709999084472656,35.42473602294922
16681,28.709999084472656,30.373037338256836
16682,16.729999542236328,18.08948516845703
16683,24.469999313354492,20.891075134277344
16684,10.880000114440918,10.695793151855469
16685,32.63999938964844,32.027503967285156
16686,24.489999771118164,25.005950927734375
16687,16.469999313354492,17.47657012939453
16688,46.810001373291016,45.56040573120117
16689,14.399999618530273,12.098230361938477
16690,36.86000061035156,40.197227478027344
16691,16.639999389648438,23.10584259033203
16692,31.079999923706055,27.4545955657959
16693,41.75,38.59755325317383
16694,38.56999969482422,42.403831481933594
16695,44.83000183105469,46.26819610595703
16696,36.45000076293945,32.33967590332031
16697,20.579999923706055,20.263975143432617
16698,25.399999618530273,26.179006576538086
16699,26.309999465942383,26.80428123474121
16700,24.670000076293945,25.479618072509766
16701,48.209999084472656,49.08828353881836
16702,34.400001525878906,37.018428802490234
16703,46.70000076293945,47.7744140625
16704,41.29999923706055,43.802608489990234
16705,39.040000915527344,42.789268493652344
16706,37.959999084472656,45.22334289550781
16707,11.329999923706055,12.462964057922363
16708,23.709999084472656,21.12845802307129
16709,25.760000228881836,23.791091918945312
16710,23.8700008392334,20.458438873291016
16711,36.619998931884766,37.82337188720703
16712,34.09000015258789,32.82461166381836
16713,8.130000114440918,7.008388042449951
16714,25.31999969482422,26.32373046875
16715,34.709999084472656,43.85336685180664
16716,26.43000030517578,26.86086654663086
16717,43.380001068115234,49.22412109375
16718,9.59000015258789,7.69765567779541
16719,37.11000061035156,36.7062873840332
16720,5.099999904632568,8.816841125488281
16721,28.65999984741211,31.33000946044922
16722,29.110000610351562,30.96971893310547
16723,11.09000015258789,7.228161811828613
16724,28.690000534057617,28.808826446533203
16725,23.899999618530273,25.44244956970215
16726,29.8799991607666,33.24093246459961
16727,58.459999084472656,58.409854888916016
16728,75.69000244140625,60.6498908996582
16729,12.199999809265137,13.475446701049805
16730,16.1200008392334,33.346595764160156
16731,6.449999809265137,6.769998550415039
16732,43.529998779296875,37.96348571777344
16733,43.939998626708984,43.628997802734375
16734,40.400001525878906,36.472381591796875
16735,25.56999969482422,25.15581703186035
16736,32.66999816894531,32.08885955810547
16737,6.860000133514404,7.86079740524292
16738,4.409999847412109,2.2041945457458496
16739,31.389999389648438,30.75870132446289
16740,24.90999984741211,22.361190795898438
16741,26.15999984741211,23.547039031982422
16742,19.700000762939453,19.307804107666016
16743,17.56999969482422,17.140697479248047
16744,11.930000305175781,12.651543617248535
16745,45.04999923706055,43.991233825683594
16746,26.770000457763672,25.76420021057129
16747,19.440000534057617,17.88065528869629
16748,45.33000183105469,39.68147277832031
16749,17.309999465942383,16.451820373535156
16750,23.850000381469727,27.956039428710938
16751,25.530000686645508,27.202781677246094
16752,23.940000534057617,19.95985984802246
16753,49.02000045776367,47.23247146606445
16754,24.56999969482422,30.054168701171875
16755,15.930000305175781,14.198104858398438
16756,62.0,62.630577087402344
16757,61.97999954223633,62.490779876708984
16758,36.18000030517578,33.91475296020508
16759,12.40999984741211,12.817862510681152
16760,19.649999618530273,19.791738510131836
16761,45.63999938964844,42.68359375
16762,70.02999877929688,66.30833435058594
16763,30.1200008392334,30.291950225830078
16764,15.90999984741211,14.452897071838379
16765,62.09000015258789,64.8302993774414
16766,26.360000610351562,27.57876968383789
16767,4.710000038146973,1.8861006498336792
16768,72.62000274658203,67.18106842041016
16769,30.690000534057617,28.32952117919922
16770,28.719999313354492,27.3354434967041
16771,51.470001220703125,53.37712860107422
16772,14.8100004196167,14.706986427307129
16773,33.58000183105469,28.978836059570312
16774,3.3499999046325684,2.515840530395508
16775,24.59000015258789,24.87479019165039
16776,17.389999389648438,13.379158020019531
16777,11.15999984741211,10.0325927734375
16778,42.93000030517578,39.03593826293945
16779,22.65999984741211,24.374372482299805
16780,16.219999313354492,14.809064865112305
16781,52.209999084472656,42.31081008911133
16782,17.68000030517578,20.587631225585938
16783,14.15999984741211,13.551210403442383
16784,21.0,20.217350006103516
16785,23.600000381469727,24.421085357666016
16786,25.079999923706055,28.80054473876953
16787,14.960000038146973,15.4149169921875
16788,11.449999809265137,10.1386137008667
16789,16.399999618530273,19.92776107788086
16790,26.670000076293945,25.996315002441406
16791,13.229999542236328,13.498005867004395
16792,26.459999084472656,24.487565994262695
16793,15.710000038146973,15.365534782409668
16794,12.289999961853027,13.456719398498535
16795,25.770000457763672,25.90995216369629
16796,25.219999313354492,25.40950584411621
16797,9.050000190734863,10.620521545410156
16798,27.56999969482422,27.27707290649414
16799,32.380001068115234,34.16086196899414
16800,18.729999542236328,20.196260452270508
16801,22.25,22.301105499267578
16802,31.299999237060547,32.23900604248047
16803,15.270000457763672,15.008520126342773
16804,2.5,0.573634147644043
16805,26.200000762939453,27.801441192626953
16806,29.780000686645508,28.60394859313965
16807,38.25,37.88572692871094
16808,12.850000381469727,13.272073745727539
16809,22.90999984741211,22.493629455566406
16810,24.489999771118164,24.93364143371582
16811,30.06999969482422,27.99979591369629
16812,21.31999969482422,20.965307235717773
16813,6.179999828338623,7.423542499542236
16814,13.949999809265137,15.130359649658203
16815,41.04999923706055,37.80970764160156
16816,60.060001373291016,55.418785095214844
16817,39.13999938964844,43.569091796875
16818,54.34000015258789,48.14980697631836
16819,6.110000133514404,4.476345062255859
16820,39.5099983215332,38.62153244018555
16821,26.239999771118164,29.922666549682617
16822,9.420000076293945,12.488908767700195
16823,14.789999961853027,16.730831146240234
16824,24.959999084472656,25.16353416442871
16825,33.369998931884766,37.53780746459961
16826,6.78000020980835,6.6264119148254395
16827,12.800000190734863,21.126636505126953
16828,22.299999237060547,23.56692123413086
16829,26.100000381469727,26.480344772338867
16830,3.2699999809265137,4.95229434967041
16831,46.13999938964844,47.12567901611328
16832,58.91999816894531,51.667884826660156
16833,31.549999237060547,32.12604904174805
16834,14.239999771118164,13.017489433288574
16835,18.049999237060547,31.04071617126465
16836,20.489999771118164,21.55991554260254
16837,13.760000228881836,15.388092041015625
16838,50.439998626708984,46.41713333129883
16839,32.27000045776367,32.223628997802734
16840,16.59000015258789,14.859389305114746
16841,30.530000686645508,33.8123779296875
16842,42.650001525878906,43.95021057128906
16843,31.6200008392334,29.815143585205078
16844,24.950000762939453,25.536964416503906
16845,5.449999809265137,5.192481517791748
16846,16.200000762939453,20.844451904296875
16847,29.969999313354492,29.325359344482422
16848,41.31999969482422,42.83421325683594
16849,24.510000228881836,22.758098602294922
16850,24.34000015258789,24.846046447753906
16851,28.100000381469727,25.722240447998047
16852,18.110000610351562,16.278501510620117
16853,35.66999816894531,36.73476028442383
16854,33.77000045776367,28.931514739990234
16855,25.760000228881836,24.922012329101562
16856,28.030000686645508,30.906173706054688
16857,30.75,25.550430297851562
16858,43.61000061035156,42.14963150024414
16859,35.119998931884766,33.14286804199219
16860,68.19000244140625,66.62989807128906
16861,60.189998626708984,64.86297607421875
16862,36.29999923706055,36.390350341796875
16863,36.5,33.87875747680664
16864,52.790000915527344,46.93906021118164
16865,43.540000915527344,40.38023376464844
16866,9.529999732971191,9.563349723815918
16867,27.899999618530273,26.141937255859375
16868,31.770000457763672,32.75617218017578
16869,62.369998931884766,63.53157424926758
16870,16.8799991607666,19.228281021118164
16871,41.65999984741211,40.718990325927734
16872,8.140000343322754,10.39870834350586
16873,2.890000104904175,5.1073760986328125
16874,18.309999465942383,24.07773208618164
16875,36.16999816894531,36.354217529296875
16876,12.130000114440918,10.230003356933594
16877,36.040000915527344,30.878664016723633
16878,32.27000045776367,28.762170791625977
16879,9.15999984741211,8.780468940734863
16880,23.510000228881836,26.704551696777344
16881,26.729999542236328,23.93307113647461
16882,38.70000076293945,35.43375015258789
16883,6.800000190734863,7.194495677947998
16884,15.319999694824219,17.548080444335938
16885,9.34000015258789,9.573821067810059
16886,2.359999895095825,2.657752275466919
16887,28.93000030517578,33.951637268066406
16888,9.359999656677246,5.1229166984558105
16889,13.369999885559082,11.293950080871582
16890,25.209999084472656,26.18121910095215
16891,7.78000020980835,8.109257698059082
16892,10.720000267028809,13.377107620239258
16893,41.54999923706055,45.155208587646484
16894,40.5,37.06472396850586
16895,15.279999732971191,12.829458236694336
16896,46.77000045776367,44.963077545166016
16897,20.8700008392334,19.733701705932617
16898,52.279998779296875,51.29615783691406
16899,7.579999923706055,10.331844329833984
16900,33.150001525878906,35.60890579223633
16901,41.540000915527344,33.65171813964844
16902,24.030000686645508,24.475221633911133
16903,43.869998931884766,44.432830810546875
16904,27.360000610351562,22.375465393066406
16905,6.0,12.2874116897583
16906,45.61000061035156,48.408443450927734
16907,52.65999984741211,49.26568603515625
16908,22.959999084472656,27.025327682495117
16909,4.730000019073486,6.618691444396973
16910,27.639999389648438,27.761234283447266
16911,24.030000686645508,23.81839370727539
16912,49.59000015258789,58.58952713012695
16913,49.220001220703125,42.23299789428711
16914,38.529998779296875,39.433441162109375
16915,19.989999771118164,23.709075927734375
16916,21.1299991607666,20.16242218017578
16917,39.619998931884766,38.56038284301758
16918,7.869999885559082,7.183656215667725
16919,49.029998779296875,35.88736343383789
16920,22.18000030517578,24.69479751586914
16921,7.409999847412109,6.403736114501953
16922,26.979999542236328,28.729644775390625
16923,56.369998931884766,60.615257263183594
16924,23.6299991607666,21.473060607910156
16925,9.25,11.086018562316895
16926,33.689998626708984,34.261085510253906
16927,15.529999732971191,16.821895599365234
16928,37.779998779296875,41.833736419677734
16929,28.56999969482422,28.73139190673828
16930,73.41999816894531,75.7267837524414
16931,10.819999694824219,7.607082366943359
16932,31.719999313354492,32.49116897583008
16933,24.969999313354492,26.563249588012695
16934,40.220001220703125,42.18517303466797
16935,45.11000061035156,54.1365966796875
16936,47.58000183105469,37.2718391418457
16937,35.349998474121094,36.43830490112305
16938,22.520000457763672,22.479778289794922
16939,6.230000019073486,7.039413928985596
16940,33.70000076293945,32.1439208984375
16941,5.78000020980835,5.759034633636475
16942,17.360000610351562,24.422351837158203
16943,23.229999542236328,24.58014678955078
16944,20.18000030517578,20.03515625
16945,48.41999816894531,49.867088317871094
16946,3.9200000762939453,4.287130832672119
16947,11.880000114440918,13.793107032775879
16948,22.31999969482422,20.857128143310547
16949,37.06999969482422,32.25341033935547
16950,27.18000030517578,26.918479919433594
16951,23.65999984741211,22.271488189697266
16952,20.540000915527344,21.42163848876953
16953,28.010000228881836,26.67045021057129
16954,12.15999984741211,10.845437049865723
16955,26.440000534057617,25.34591293334961
16956,21.530000686645508,20.314945220947266
16957,25.719999313354492,27.127229690551758
16958,13.729999542236328,12.097620010375977
16959,33.4900016784668,34.30491638183594
16960,36.0099983215332,31.675495147705078
16961,29.170000076293945,30.439741134643555
16962,58.380001068115234,51.68505859375
16963,40.34000015258789,40.671958923339844
16964,2.690000057220459,6.530701160430908
16965,18.860000610351562,18.36835289001465
16966,43.11000061035156,43.550025939941406
16967,40.7400016784668,42.53887176513672
16968,26.329999923706055,27.97317886352539
16969,43.220001220703125,41.42269515991211
16970,20.389999389648438,24.490257263183594
16971,57.849998474121094,50.23674392700195
16972,23.280000686645508,23.148853302001953
16973,12.670000076293945,14.382721900939941
16974,25.18000030517578,25.81512451171875
16975,30.520000457763672,36.7193603515625
16976,46.56999969482422,49.23146438598633
16977,5.940000057220459,6.1879777908325195
16978,34.27000045776367,34.44264602661133
16979,11.369999885559082,15.123920440673828
16980,30.639999389648438,35.55813217163086
16981,31.149999618530273,33.84562301635742
16982,24.1299991607666,22.860631942749023
16983,4.420000076293945,4.198394775390625
16984,6.739999771118164,11.581948280334473
16985,53.93000030517578,44.90713882446289
16986,18.510000228881836,20.406539916992188
16987,23.290000915527344,25.111549377441406
16988,16.290000915527344,17.301700592041016
16989,5.599999904632568,9.2390718460083
16990,30.299999237060547,28.107879638671875
16991,22.31999969482422,22.070903778076172
16992,33.15999984741211,33.31604766845703
16993,9.960000038146973,12.192230224609375
16994,15.34000015258789,15.078205108642578
16995,32.279998779296875,28.684885025024414
16996,42.220001220703125,44.54316711425781
16997,37.2599983215332,38.49529266357422
16998,15.800000190734863,16.034194946289062
16999,16.299999237060547,16.71474838256836
17000,6.019999980926514,9.053671836853027
17001,41.56999969482422,40.507511138916016
17002,7.309999942779541,8.2116117477417
17003,27.719999313354492,28.660837173461914
17004,23.989999771118164,24.711362838745117
17005,35.9900016784668,33.39815139770508
17006,12.59000015258789,12.602455139160156
17007,17.93000030517578,19.162939071655273
17008,5.800000190734863,6.084289073944092
17009,9.59000015258789,8.896537780761719
17010,20.979999542236328,21.14873695373535
17011,23.889999389648438,23.535526275634766
17012,47.41999816894531,45.015777587890625
17013,45.93000030517578,44.328773498535156
17014,15.34000015258789,15.342094421386719
17015,22.790000915527344,22.85498809814453
17016,51.04999923706055,54.67081832885742
17017,27.940000534057617,28.843029022216797
17018,22.68000030517578,22.99349594116211
17019,31.290000915527344,34.567867279052734
17020,20.489999771118164,21.362041473388672
17021,53.650001525878906,52.521461486816406
17022,34.70000076293945,34.7286376953125
17023,8.569999694824219,4.784077167510986
17024,19.139999389648438,18.16005516052246
17025,25.489999771118164,25.92645263671875
17026,26.709999084472656,23.380735397338867
17027,16.520000457763672,21.743688583374023
17028,20.15999984741211,21.188358306884766
17029,59.45000076293945,53.182884216308594
17030,14.619999885559082,20.225265502929688
17031,30.81999969482422,32.36050033569336
17032,13.210000038146973,14.912968635559082
17033,22.170000076293945,23.67203140258789
17034,48.970001220703125,48.320491790771484
17035,18.690000534057617,21.217870712280273
17036,14.800000190734863,16.215017318725586
17037,23.760000228881836,26.089813232421875
17038,11.329999923706055,11.94478988647461
17039,7.579999923706055,6.474547863006592
17040,20.56999969482422,23.319656372070312
17041,20.649999618530273,19.433517456054688
17042,11.380000114440918,10.434678077697754
17043,27.75,26.92085838317871
17044,31.979999542236328,29.592510223388672
17045,34.810001373291016,31.649505615234375
17046,14.710000038146973,11.760059356689453
17047,53.18000030517578,46.67486572265625
17048,44.400001525878906,45.90049362182617
17049,22.59000015258789,23.356904983520508
17050,11.1899995803833,13.241952896118164
17051,44.29999923706055,45.66737365722656
17052,29.90999984741211,27.510025024414062
17053,24.520000457763672,25.608016967773438
17054,27.190000534057617,23.94503402709961
17055,24.100000381469727,23.47258186340332
17056,31.8700008392334,33.643470764160156
17057,1.7300000190734863,5.070218563079834
17058,15.6899995803833,14.073705673217773
17059,34.209999084472656,34.075103759765625
17060,34.849998474121094,30.81678581237793
17061,25.860000610351562,29.315309524536133
17062,64.69999694824219,60.353187561035156
17063,53.45000076293945,54.23894500732422
17064,11.880000114440918,11.511635780334473
17065,12.279999732971191,11.224120140075684
17066,48.310001373291016,48.63794708251953
17067,7.849999904632568,8.26877498626709
17068,56.13999938964844,64.2948226928711
17069,23.559999465942383,18.381343841552734
17070,55.77000045776367,57.9345817565918
17071,39.52000045776367,43.13956832885742
17072,21.34000015258789,21.789331436157227
17073,14.899999618530273,11.37158203125
17074,25.229999542236328,22.106618881225586
17075,18.520000457763672,19.618824005126953
17076,53.18000030517578,49.01331329345703
17077,22.579999923706055,21.72679328918457
17078,49.43000030517578,40.596832275390625
17079,12.569999694824219,11.636604309082031
17080,29.040000915527344,29.061155319213867
17081,51.97999954223633,46.8980598449707
17082,7.53000020980835,7.511463642120361
17083,45.779998779296875,43.69061279296875
17084,40.439998626708984,37.16105270385742
17085,51.13999938964844,50.092872619628906
17086,10.029999732971191,8.884292602539062
17087,22.200000762939453,23.519046783447266
17088,24.709999084472656,24.945953369140625
17089,29.860000610351562,29.333707809448242
17090,69.05000305175781,70.33536529541016
17091,53.18000030517578,45.981292724609375
17092,26.68000030517578,25.354991912841797
17093,5.570000171661377,3.027057409286499
17094,66.38999938964844,58.911155700683594
17095,43.40999984741211,36.387542724609375
17096,44.4900016784668,51.739349365234375
17097,37.06999969482422,30.53251075744629
17098,29.3799991607666,32.250648498535156
17099,20.229999542236328,21.0185546875
17100,24.549999237060547,26.29591178894043
17101,56.63999938964844,56.04728698730469
17102,14.430000305175781,16.2614688873291
17103,21.34000015258789,21.026020050048828
17104,32.630001068115234,36.3012809753418
17105,21.649999618530273,20.6058292388916
17106,17.25,16.352460861206055
17107,10.59000015258789,11.730932235717773
17108,25.18000030517578,26.492839813232422
17109,54.560001373291016,53.152305603027344
17110,11.239999771118164,10.865163803100586
17111,37.290000915527344,40.29014587402344
17112,10.199999809265137,7.7530083656311035
17113,32.25,29.955455780029297
17114,65.18000030517578,61.61944580078125
17115,9.640000343322754,9.620365142822266
17116,25.81999969482422,26.3402042388916
17117,31.829999923706055,36.963783264160156
17118,45.849998474121094,47.33552551269531
17119,27.0,32.14628982543945
17120,20.780000686645508,21.996829986572266
17121,19.899999618530273,21.121246337890625
17122,21.709999084472656,22.036266326904297
17123,8.630000114440918,9.261129379272461
17124,51.459999084472656,50.495849609375
17125,27.530000686645508,26.104639053344727
17126,17.510000228881836,17.104530334472656
17127,28.440000534057617,30.316177368164062
17128,75.48999786376953,60.39216613769531
17129,29.139999389648438,26.58745002746582
17130,24.520000457763672,25.9870548248291
17131,7.980000019073486,3.8827133178710938
17132,31.020000457763672,32.0655403137207
17133,19.149999618530273,17.648853302001953
17134,41.040000915527344,39.75330352783203
17135,71.33000183105469,59.34564971923828
17136,29.209999084472656,28.198041915893555
17137,40.84000015258789,37.14922332763672
17138,34.84000015258789,32.975547790527344
17139,36.63999938964844,34.462154388427734
17140,21.09000015258789,23.62224578857422
17141,7.050000190734863,4.241245746612549
17142,18.520000457763672,19.99336051940918
17143,11.489999771118164,13.216161727905273
17144,27.649999618530273,28.371034622192383
17145,11.479999542236328,8.96609878540039
17146,38.81999969482422,41.3748779296875
17147,14.029999732971191,18.407541275024414
17148,16.540000915527344,17.122150421142578
17149,17.049999237060547,15.706705093383789
17150,24.350000381469727,26.17306137084961
17151,62.369998931884766,58.43347930908203
17152,35.15999984741211,37.629241943359375
17153,53.34000015258789,53.11419677734375
17154,23.290000915527344,24.2525577545166
17155,21.43000030517578,20.130468368530273
17156,33.130001068115234,38.64570617675781
17157,33.65999984741211,33.55176544189453
17158,12.479999542236328,12.15949535369873
17159,27.43000030517578,26.386791229248047
17160,14.399999618530273,16.457319259643555
17161,44.459999084472656,51.95071029663086
17162,16.25,16.338274002075195
17163,14.949999809265137,11.643667221069336
17164,46.560001373291016,45.402626037597656
17165,29.329999923706055,28.41991424560547
17166,15.199999809265137,10.73178768157959
17167,26.530000686645508,27.483074188232422
17168,61.369998931884766,56.726966857910156
17169,18.850000381469727,22.681840896606445
17170,18.09000015258789,16.54554557800293
17171,57.52000045776367,54.92650604248047
17172,56.04999923706055,49.32286834716797
17173,27.93000030517578,34.167877197265625
17174,4.96999979019165,5.206569194793701
17175,42.93000030517578,41.87313461303711
17176,12.020000457763672,11.636910438537598
17177,28.219999313354492,29.247343063354492
17178,47.7599983215332,61.779720306396484
17179,57.61000061035156,53.798126220703125
17180,13.819999694824219,14.668741226196289
17181,30.969999313354492,32.57320785522461
17182,23.270000457763672,21.207660675048828
17183,40.400001525878906,36.18771743774414
17184,33.279998779296875,30.466251373291016
17185,8.649999618530273,9.06236743927002
17186,18.229999542236328,16.990415573120117
17187,21.170000076293945,22.257396697998047
17188,24.93000030517578,25.840110778808594
17189,16.34000015258789,11.686125755310059
17190,59.2400016784668,64.45025634765625
17191,51.959999084472656,53.422916412353516
17192,27.079999923706055,24.05135154724121
17193,6.46999979019165,6.201165676116943
17194,61.81999969482422,52.11509704589844
17195,25.889999389648438,27.42026138305664
17196,14.229999542236328,12.085046768188477
17197,38.810001373291016,33.56052780151367
17198,31.760000228881836,35.15815734863281
17199,61.15999984741211,56.09075927734375
17200,23.959999084472656,21.952289581298828
17201,36.220001220703125,32.46604919433594
17202,28.829999923706055,25.329605102539062
17203,54.59000015258789,51.29567337036133
17204,22.690000534057617,28.069808959960938
17205,14.880000114440918,13.711404800415039
17206,53.529998779296875,48.96791458129883
17207,22.030000686645508,25.78258514404297
17208,28.940000534057617,30.40464973449707
17209,29.420000076293945,32.807106018066406
17210,41.20000076293945,37.2077751159668
17211,32.220001220703125,29.902393341064453
17212,24.299999237060547,22.163583755493164
17213,9.270000457763672,7.575524806976318
17214,13.270000457763672,13.262097358703613
17215,53.68000030517578,49.09394836425781
17216,52.97999954223633,60.530426025390625
17217,23.510000228881836,28.54010009765625
17218,40.400001525878906,42.752960205078125
17219,22.59000015258789,24.202117919921875
17220,38.68000030517578,37.27623748779297
17221,42.25,48.26250457763672
17222,46.72999954223633,46.45159912109375
17223,8.930000305175781,5.847881317138672
17224,8.119999885559082,9.048989295959473
17225,8.5600004196167,8.979723930358887
17226,15.760000228881836,16.63062286376953
17227,50.470001220703125,60.01829528808594
17228,29.190000534057617,30.18536376953125
17229,43.0,45.09580993652344
17230,18.479999542236328,15.699335098266602
17231,32.86000061035156,38.67095947265625
17232,51.54999923706055,42.7484130859375
17233,44.25,50.71415710449219
17234,10.670000076293945,10.488147735595703
17235,19.780000686645508,17.837928771972656
17236,18.200000762939453,17.271438598632812
17237,11.90999984741211,8.27066707611084
17238,19.81999969482422,21.51064109802246
17239,44.09000015258789,45.9563102722168
17240,34.20000076293945,28.00057601928711
17241,42.47999954223633,39.503604888916016
17242,7.829999923706055,8.242522239685059
17243,5.28000020980835,9.274306297302246
17244,8.850000381469727,6.914956569671631
17245,5.5,3.7842090129852295
17246,20.049999237060547,18.045801162719727
17247,27.479999542236328,25.044204711914062
17248,21.959999084472656,23.950557708740234
17249,35.20000076293945,35.49351501464844
17250,25.360000610351562,29.089365005493164
17251,19.889999389648438,20.37765121459961
17252,47.56999969482422,43.135257720947266
17253,37.459999084472656,35.819358825683594
17254,39.810001373291016,41.035335540771484
17255,18.299999237060547,18.22860336303711
17256,27.190000534057617,26.955867767333984
17257,46.779998779296875,49.484527587890625
17258,26.309999465942383,29.563764572143555
17259,13.260000228881836,15.270615577697754
17260,26.989999771118164,21.722732543945312
17261,27.239999771118164,22.557518005371094
17262,46.380001068115234,43.344364166259766
17263,51.380001068115234,47.982234954833984
17264,29.459999084472656,60.25379180908203
17265,20.200000762939453,16.93878173828125
17266,21.600000381469727,21.497682571411133
17267,42.119998931884766,39.54515075683594
17268,63.34000015258789,61.821861267089844
17269,40.310001373291016,38.52829360961914
17270,15.760000228881836,13.648880958557129
17271,27.0,25.808813095092773
17272,76.18000030517578,69.0140151977539
17273,30.799999237060547,30.65351676940918
17274,16.729999542236328,16.49545669555664
17275,28.899999618530273,30.488845825195312
17276,45.689998626708984,45.32798767089844
17277,39.209999084472656,40.181575775146484
17278,34.77000045776367,36.69727325439453
17279,33.68000030517578,31.216999053955078
17280,38.130001068115234,33.997764587402344
17281,11.710000038146973,9.364421844482422
17282,35.9900016784668,33.10585021972656
17283,20.459999084472656,19.432483673095703
17284,22.950000762939453,21.00831413269043
17285,46.45000076293945,47.38951873779297
17286,6.610000133514404,24.454692840576172
17287,43.209999084472656,42.2780647277832
17288,25.93000030517578,21.383407592773438
17289,35.7400016784668,34.2445182800293
17290,37.58000183105469,37.05699157714844
17291,25.5,27.949737548828125
17292,72.51000213623047,58.90568161010742
17293,20.530000686645508,19.699413299560547
17294,31.6200008392334,27.335798263549805
17295,60.04999923706055,47.61109161376953
17296,12.15999984741211,11.78123664855957
17297,75.56999969482422,57.711639404296875
17298,9.010000228881836,10.08915901184082
17299,24.850000381469727,23.769725799560547
17300,2.1700000762939453,0.8372671604156494
17301,44.61000061035156,40.6068229675293
17302,36.400001525878906,33.654151916503906
17303,31.09000015258789,35.03954315185547
17304,27.520000457763672,25.690872192382812
17305,38.060001373291016,40.721092224121094
17306,28.049999237060547,28.913850784301758
17307,10.34000015258789,11.217246055603027
17308,50.47999954223633,51.24077606201172
17309,45.810001373291016,40.59553909301758
17310,10.710000038146973,13.18252182006836
17311,3.690000057220459,27.928077697753906
17312,13.140000343322754,13.364086151123047
17313,27.139999389648438,28.044967651367188
17314,11.6899995803833,12.025655746459961
17315,7.78000020980835,7.212343215942383
17316,31.829999923706055,29.58944320678711
17317,20.81999969482422,22.509078979492188
17318,28.34000015258789,27.845735549926758
17319,47.5,40.37117004394531
17320,52.04999923706055,51.976646423339844
17321,10.850000381469727,9.769375801086426
17322,28.09000015258789,30.813922882080078
17323,27.899999618530273,27.261049270629883
17324,19.899999618530273,20.257116317749023
17325,20.639999389648438,22.482288360595703
17326,21.290000915527344,21.895357131958008
17327,26.149999618530273,28.168214797973633
17328,10.25,12.116303443908691
17329,36.630001068115234,33.757808685302734
17330,23.68000030517578,22.617305755615234
17331,32.959999084472656,30.158222198486328
17332,40.45000076293945,36.30363464355469
17333,70.83999633789062,52.39487838745117
17334,47.790000915527344,48.51697540283203
17335,15.510000228881836,14.388834953308105
17336,14.399999618530273,13.5941743850708
17337,10.380000114440918,9.874773979187012
17338,20.209999084472656,15.71776008605957
17339,30.719999313354492,33.22808837890625
17340,28.739999771118164,27.256845474243164
17341,4.329999923706055,7.472890853881836
17342,45.709999084472656,46.508697509765625
17343,48.97999954223633,48.211021423339844
17344,4.019999980926514,9.424997329711914
17345,11.050000190734863,11.041064262390137
17346,9.260000228881836,8.372547149658203
17347,22.5,22.753681182861328
17348,50.81999969482422,49.482521057128906
17349,19.389999389648438,18.443660736083984
17350,13.229999542236328,14.096868515014648
17351,39.709999084472656,43.519676208496094
17352,7.619999885559082,6.235296249389648
17353,14.8100004196167,14.75680923461914
17354,28.3700008392334,31.422161102294922
17355,48.810001373291016,43.33551025390625
17356,63.93000030517578,64.33497619628906
17357,19.510000228881836,19.20347023010254
17358,23.739999771118164,22.907384872436523
17359,32.77000045776367,40.37955093383789
17360,39.880001068115234,41.105186462402344
17361,7.21999979019165,9.227230072021484
17362,28.920000076293945,32.125099182128906
17363,17.040000915527344,18.525999069213867
17364,50.720001220703125,47.11540222167969
17365,4.130000114440918,4.048864364624023
17366,43.31999969482422,41.422203063964844
17367,23.239999771118164,22.06098175048828
17368,21.450000762939453,23.184429168701172
17369,33.47999954223633,27.400541305541992
17370,29.229999542236328,30.392240524291992
17371,51.36000061035156,50.86937713623047
17372,54.88999938964844,46.94673156738281
17373,18.920000076293945,17.103994369506836
17374,18.770000457763672,19.143531799316406
17375,10.739999771118164,9.564295768737793
17376,23.239999771118164,23.771196365356445
17377,37.13999938964844,40.17079544067383
17378,41.630001068115234,40.7747688293457
17379,7.019999980926514,7.249349117279053
17380,6.389999866485596,5.9088521003723145
17381,36.65999984741211,37.10572814941406
17382,24.200000762939453,24.577831268310547
17383,17.010000228881836,14.868427276611328
17384,14.789999961853027,13.058063507080078
17385,19.040000915527344,21.51287841796875
17386,4.409999847412109,5.489555358886719
17387,16.079999923706055,15.73847770690918
17388,2.4000000953674316,2.9945015907287598
17389,13.109999656677246,12.10810661315918
17390,30.6299991607666,32.06840515136719
17391,21.579999923706055,22.778385162353516
17392,12.699999809265137,13.03825569152832
17393,50.58000183105469,47.679527282714844
17394,49.29999923706055,47.35181427001953
17395,40.16999816894531,35.32175827026367
17396,2.9100000858306885,2.3805582523345947
17397,56.45000076293945,48.73701858520508
17398,27.6299991607666,26.74478530883789
17399,14.050000190734863,14.936695098876953
17400,10.84000015258789,10.906013488769531
17401,5.110000133514404,5.867331027984619
17402,36.40999984741211,34.03369903564453
17403,55.689998626708984,55.408843994140625
17404,28.959999084472656,31.50803565979004
17405,36.45000076293945,34.10986328125
17406,21.399999618530273,22.201278686523438
17407,27.860000610351562,26.608314514160156
17408,17.290000915527344,16.66240119934082
17409,1.649999976158142,2.273040294647217
17410,24.15999984741211,29.917760848999023
17411,52.29999923706055,50.17003631591797
17412,3.1500000953674316,2.260277271270752
17413,22.950000762939453,23.859773635864258
17414,36.36000061035156,33.68514633178711
17415,34.2400016784668,34.55962371826172
17416,34.439998626708984,34.71278381347656
17417,56.810001373291016,50.50909423828125
17418,36.630001068115234,41.046600341796875
17419,26.989999771118164,30.56610107421875
17420,21.360000610351562,20.18063735961914
17421,23.760000228881836,22.443073272705078
17422,27.770000457763672,27.23186683654785
17423,15.829999923706055,18.385976791381836
17424,23.860000610351562,25.951372146606445
17425,19.520000457763672,22.394123077392578
17426,22.6299991607666,23.14444351196289
17427,32.63999938964844,30.53215217590332
17428,53.060001373291016,49.44405746459961
17429,79.12000274658203,68.7009048461914
17430,19.850000381469727,20.075685501098633
17431,30.309999465942383,30.179136276245117
17432,20.959999084472656,18.741439819335938
17433,20.219999313354492,17.70220947265625
17434,12.970000267028809,22.615243911743164
17435,31.719999313354492,32.384765625
17436,12.5,12.48736572265625
17437,43.290000915527344,36.60711669921875
17438,19.610000610351562,22.694581985473633
17439,33.41999816894531,32.2368278503418
17440,21.290000915527344,23.23472023010254
17441,30.149999618530273,28.602067947387695
17442,18.350000381469727,18.53241729736328
17443,48.75,47.85504150390625
17444,8.670000076293945,6.538236141204834
17445,66.91000366210938,67.81063079833984
17446,49.56999969482422,44.493709564208984
17447,29.030000686645508,30.985530853271484
17448,17.469999313354492,16.442745208740234
17449,54.720001220703125,50.276893615722656
17450,22.479999542236328,24.7200870513916
17451,32.560001373291016,30.936988830566406
17452,15.039999961853027,14.755834579467773
17453,60.66999816894531,55.088260650634766
17454,59.38999938964844,56.040557861328125
17455,23.709999084472656,27.29840850830078
17456,45.31999969482422,39.51594924926758
17457,11.390000343322754,12.1105375289917
17458,7.71999979019165,10.570877075195312
17459,23.149999618530273,27.645980834960938
17460,19.040000915527344,18.956998825073242
17461,31.760000228881836,33.265323638916016
17462,12.760000228881836,15.038029670715332
17463,16.43000030517578,20.883785247802734
17464,45.88999938964844,49.034461975097656
17465,73.55999755859375,61.68169403076172
17466,20.8799991607666,21.948139190673828
17467,1.9299999475479126,0.055944956839084625
17468,67.1500015258789,58.641666412353516
17469,8.949999809265137,9.2444486618042
17470,38.47999954223633,37.43083190917969
17471,3.359999895095825,3.149409294128418
17472,42.2400016784668,40.99454879760742
17473,32.939998626708984,30.982593536376953
17474,9.130000114440918,9.230839729309082
17475,40.400001525878906,39.41810607910156
17476,54.470001220703125,50.06127166748047
17477,37.939998626708984,39.79375457763672
17478,13.729999542236328,10.99357795715332
17479,25.360000610351562,30.487743377685547
17480,56.970001220703125,52.593017578125
17481,27.65999984741211,27.121105194091797
17482,3.5199999809265137,1.9730225801467896
17483,17.899999618530273,17.48322868347168
17484,63.599998474121094,52.487770080566406
17485,20.309999465942383,21.1715145111084
17486,12.489999771118164,12.013466835021973
17487,26.59000015258789,22.661056518554688
17488,44.33000183105469,45.84362030029297
17489,32.970001220703125,32.58246994018555
17490,52.029998779296875,51.75638961791992
17491,33.529998779296875,33.657039642333984
17492,32.33000183105469,28.182415008544922
17493,28.8700008392334,30.811683654785156
17494,32.150001525878906,34.43199920654297
17495,17.200000762939453,16.62684440612793
17496,28.059999465942383,28.575824737548828
17497,46.79999923706055,45.813262939453125
17498,34.36000061035156,35.223453521728516
17499,35.310001373291016,37.81731414794922
17500,6.199999809265137,5.388025760650635
17501,24.030000686645508,25.039005279541016
17502,54.22999954223633,51.71388244628906
17503,17.209999084472656,16.50676727294922
17504,41.08000183105469,40.88607406616211
17505,28.100000381469727,29.023822784423828
17506,29.110000610351562,21.384933471679688
17507,47.849998474121094,41.006004333496094
17508,33.27000045776367,37.14101791381836
17509,38.33000183105469,35.341251373291016
17510,28.25,31.26340103149414
17511,10.920000076293945,11.87492561340332
17512,22.06999969482422,20.59768295288086
17513,28.540000915527344,29.51374053955078
17514,22.170000076293945,25.289472579956055
17515,5.170000076293945,4.872080326080322
17516,24.190000534057617,26.24490737915039
17517,22.690000534057617,22.81912612915039
17518,9.720000267028809,10.928426742553711
17519,12.65999984741211,11.825803756713867
17520,10.09000015258789,9.54378604888916
17521,30.709999084472656,32.05158996582031
17522,22.020000457763672,26.857769012451172
17523,28.6200008392334,26.918703079223633
17524,24.829999923706055,24.141407012939453
17525,25.219999313354492,25.645198822021484
17526,37.9900016784668,36.88787841796875
17527,7.460000038146973,6.515894889831543
17528,15.960000038146973,18.434829711914062
17529,40.119998931884766,46.399112701416016
17530,31.309999465942383,35.02800750732422
17531,25.299999237060547,27.502605438232422
17532,40.97999954223633,40.02760314941406
17533,19.809999465942383,22.94682502746582
17534,49.5099983215332,37.95883560180664
17535,39.34000015258789,34.91183090209961
17536,0.38999998569488525,11.873546600341797
17537,50.86000061035156,47.03103256225586
17538,40.36000061035156,42.409942626953125
17539,37.33000183105469,37.97368621826172
17540,28.420000076293945,28.337783813476562
17541,63.849998474121094,54.09260559082031
17542,37.650001525878906,40.87311553955078
17543,27.360000610351562,28.167343139648438
17544,16.34000015258789,14.884370803833008
17545,12.390000343322754,11.143572807312012
17546,22.1200008392334,19.682498931884766
17547,18.739999771118164,19.104122161865234
17548,15.4399995803833,14.134081840515137
17549,20.459999084472656,22.579011917114258
17550,18.200000762939453,15.225997924804688
17551,11.630000114440918,12.473156929016113
17552,14.420000076293945,15.600763320922852
17553,17.489999771118164,17.46196174621582
17554,35.290000915527344,40.183067321777344
17555,8.270000457763672,2.3080196380615234
17556,59.38999938964844,58.62659454345703
17557,25.260000228881836,25.470199584960938
17558,34.029998779296875,34.77214431762695
17559,3.549999952316284,8.797884941101074
17560,21.729999542236328,20.491085052490234
17561,35.13999938964844,42.09047317504883
17562,42.880001068115234,52.379669189453125
17563,11.779999732971191,10.288031578063965
17564,32.77000045776367,30.992794036865234
17565,19.479999542236328,19.932415008544922
17566,6.079999923706055,3.139768600463867
17567,24.65999984741211,28.554576873779297
17568,22.3700008392334,20.590917587280273
17569,40.540000915527344,43.40665054321289
17570,3.6500000953674316,2.5536720752716064
17571,24.229999542236328,19.64651870727539
17572,38.209999084472656,29.414615631103516
17573,3.5199999809265137,3.1815502643585205
17574,30.780000686645508,32.83277893066406
17575,14.960000038146973,16.843997955322266
17576,24.1299991607666,24.731304168701172
17577,31.34000015258789,37.06483459472656
17578,19.15999984741211,20.538902282714844
17579,21.459999084472656,20.430692672729492
17580,43.2400016784668,36.334678649902344
17581,7.869999885559082,9.085081100463867
17582,27.100000381469727,31.04960823059082
17583,26.959999084472656,28.144344329833984
17584,24.649999618530273,24.046142578125
17585,28.8799991607666,28.571884155273438
17586,41.119998931884766,38.282936096191406
17587,7.690000057220459,7.2753400802612305
17588,23.020000457763672,23.511810302734375
17589,47.93000030517578,40.66624069213867
17590,16.760000228881836,16.849397659301758
17591,35.119998931884766,33.889190673828125
17592,12.460000038146973,13.39602279663086
17593,11.6899995803833,12.905020713806152
17594,26.84000015258789,25.353092193603516
17595,24.889999389648438,24.629581451416016
17596,8.649999618530273,9.76923656463623
17597,17.209999084472656,14.766029357910156
17598,75.79000091552734,59.8532829284668
17599,7.130000114440918,7.671228885650635
17600,29.420000076293945,29.609161376953125
17601,18.3799991607666,20.372861862182617
17602,9.800000190734863,8.119142532348633
17603,26.399999618530273,24.937543869018555
17604,41.0,35.35123062133789
17605,49.52000045776367,52.44208908081055
17606,23.799999237060547,24.19342803955078
17607,9.609999656677246,7.424699306488037
17608,16.6299991607666,18.92330551147461
17609,12.770000457763672,15.671650886535645
17610,39.540000915527344,37.078433990478516
17611,14.420000076293945,12.633820533752441
17612,17.469999313354492,16.22139549255371
17613,35.220001220703125,29.96811294555664
17614,23.260000228881836,24.60326385498047
17615,15.170000076293945,16.893917083740234
17616,24.84000015258789,24.902009963989258
17617,16.200000762939453,17.384780883789062
17618,12.069999694824219,7.818483352661133
17619,49.529998779296875,48.81018829345703
17620,38.849998474121094,42.866477966308594
17621,11.510000228881836,8.290014266967773
17622,52.130001068115234,45.76716613769531
17623,60.790000915527344,58.20614242553711
17624,14.970000267028809,12.562337875366211
17625,14.119999885559082,16.237733840942383
17626,56.369998931884766,48.11668395996094
17627,21.18000030517578,17.99078941345215
17628,13.399999618530273,15.798635482788086
17629,23.1299991607666,26.532176971435547
17630,16.600000381469727,19.422725677490234
17631,44.220001220703125,43.82999801635742
17632,17.030000686645508,20.171714782714844
17633,23.979999542236328,23.05260467529297
17634,21.540000915527344,19.072467803955078
17635,15.979999542236328,13.768122673034668
17636,12.9399995803833,14.839585304260254
17637,12.0600004196167,8.981464385986328
17638,40.290000915527344,42.09751892089844
17639,11.199999809265137,13.600820541381836
17640,61.529998779296875,60.04966735839844
17641,31.56999969482422,30.09510612487793
17642,3.450000047683716,2.3516581058502197
17643,16.440000534057617,16.161012649536133
17644,13.930000305175781,13.669113159179688
17645,14.039999961853027,14.325087547302246
17646,46.97999954223633,43.66506576538086
17647,8.789999961853027,6.578423023223877
17648,9.970000267028809,9.834985733032227
17649,35.36000061035156,38.145652770996094
17650,28.149999618530273,26.880992889404297
17651,24.229999542236328,24.687461853027344
17652,45.95000076293945,44.06509017944336
17653,32.72999954223633,27.506423950195312
17654,22.3700008392334,21.95815086364746
17655,38.689998626708984,37.4354362487793
17656,48.16999816894531,42.27082061767578
17657,14.390000343322754,14.192975044250488
17658,6.739999771118164,5.6670074462890625
17659,14.65999984741211,14.80073356628418
17660,51.029998779296875,50.70466613769531
17661,35.5,35.7908935546875
17662,25.040000915527344,24.25885772705078
17663,42.369998931884766,43.556053161621094
17664,8.800000190734863,5.773374080657959
17665,10.25,10.787969589233398
17666,8.039999961853027,10.562246322631836
17667,19.600000381469727,23.907855987548828
17668,6.400000095367432,6.623090744018555
17669,25.049999237060547,25.474246978759766
17670,40.41999816894531,36.916786193847656
17671,26.1299991607666,23.557058334350586
17672,18.600000381469727,17.19274139404297
17673,19.059999465942383,15.898418426513672
17674,18.850000381469727,18.373964309692383
17675,41.06999969482422,39.1763801574707
17676,8.4399995803833,14.063021659851074
17677,28.190000534057617,30.625858306884766
17678,34.77000045776367,38.16973876953125
17679,20.079999923706055,26.5279483795166
17680,37.470001220703125,41.261802673339844
17681,16.09000015258789,16.140419006347656
17682,42.189998626708984,45.337669372558594
17683,38.439998626708984,33.69139862060547
17684,7.949999809265137,7.646135330200195
17685,12.1899995803833,10.704025268554688
17686,20.260000228881836,20.2903995513916
17687,33.61000061035156,33.69202423095703
17688,16.420000076293945,17.491924285888672
17689,19.260000228881836,18.920639038085938
17690,9.8100004196167,11.045443534851074
17691,37.47999954223633,43.41187286376953
17692,9.9399995803833,9.496939659118652
17693,21.1299991607666,20.939851760864258
17694,7.019999980926514,8.112351417541504
17695,24.450000762939453,27.462425231933594
17696,24.959999084472656,26.866973876953125
17697,29.799999237060547,26.139686584472656
17698,14.449999809265137,13.809823036193848
17699,3.0999999046325684,7.287792205810547
17700,47.7599983215332,45.4202995300293
17701,11.319999694824219,9.402113914489746
17702,12.539999961853027,11.416576385498047
17703,14.5,14.431415557861328
17704,12.800000190734863,12.52016544342041
17705,7.260000228881836,5.951944351196289
17706,26.649999618530273,23.312240600585938
17707,21.360000610351562,24.796035766601562
17708,34.779998779296875,34.85615921020508
17709,28.190000534057617,26.595415115356445
17710,13.449999809265137,15.531864166259766
17711,50.36000061035156,45.67582321166992
17712,30.920000076293945,24.389507293701172
17713,76.51000213623047,51.85663604736328
17714,5.050000190734863,5.2544989585876465
17715,28.799999237060547,26.821367263793945
17716,62.0099983215332,63.55891036987305
17717,19.670000076293945,23.61881446838379
17718,74.54000091552734,70.91743469238281
17719,38.02000045776367,42.53605270385742
17720,10.6899995803833,16.171720504760742
17721,21.3799991607666,21.273305892944336
17722,30.729999542236328,32.6884651184082
17723,42.68000030517578,46.36668395996094
17724,10.989999771118164,11.74028205871582
17725,22.700000762939453,20.211015701293945
17726,2.200000047683716,1.0152204036712646
17727,35.970001220703125,35.303382873535156
17728,15.90999984741211,14.608773231506348
17729,45.810001373291016,42.40748596191406
17730,71.97000122070312,66.40052795410156
17731,18.950000762939453,17.579105377197266
17732,12.65999984741211,12.290359497070312
17733,40.099998474121094,32.88916778564453
17734,58.18000030517578,61.055355072021484
17735,77.20999908447266,68.16229248046875
17736,10.850000381469727,7.996069431304932
17737,4.559999942779541,9.065287590026855
17738,35.65999984741211,32.99479675292969
17739,25.139999389648438,24.449474334716797
17740,32.27000045776367,32.36459732055664
17741,72.18000030517578,62.569278717041016
17742,21.809999465942383,29.611270904541016
17743,20.56999969482422,22.170759201049805
17744,32.63999938964844,31.473384857177734
17745,20.239999771118164,20.522558212280273
17746,10.3100004196167,10.380743026733398
17747,28.229999542236328,26.038108825683594
17748,11.329999923706055,11.064458847045898
17749,22.020000457763672,23.480688095092773
17750,9.279999732971191,7.766780853271484
17751,42.13999938964844,40.780235290527344
17752,12.0,12.942172050476074
17753,24.969999313354492,25.285362243652344
17754,73.52999877929688,73.92224884033203
17755,55.880001068115234,49.77503967285156
17756,31.719999313354492,32.50605392456055
17757,51.599998474121094,53.36518096923828
17758,60.2599983215332,54.62461853027344
17759,13.489999771118164,16.13641929626465
17760,26.850000381469727,29.114574432373047
17761,68.5199966430664,66.84223937988281
17762,48.15999984741211,47.09316635131836
17763,36.90999984741211,34.92073440551758
17764,18.520000457763672,19.607555389404297
17765,33.189998626708984,34.004722595214844
17766,35.790000915527344,34.62151336669922
17767,27.219999313354492,28.868825912475586
17768,23.479999542236328,20.962291717529297
17769,12.109999656677246,11.23190975189209
17770,37.119998931884766,39.25335693359375
17771,3.930000066757202,1.7851040363311768
17772,27.139999389648438,28.2130126953125
17773,59.130001068115234,60.81765365600586
17774,22.200000762939453,23.689313888549805
17775,31.579999923706055,32.954410552978516
17776,13.890000343322754,11.67708969116211
17777,28.18000030517578,27.193538665771484
17778,34.16999816894531,38.72553253173828
17779,4.010000228881836,3.2126145362854004
17780,25.559999465942383,24.710697174072266
17781,22.43000030517578,22.3685359954834
17782,38.689998626708984,36.005706787109375
17783,6.659999847412109,5.122011661529541
17784,23.420000076293945,22.63179588317871
17785,15.010000228881836,15.065655708312988
17786,11.949999809265137,12.546154022216797
17787,7.679999828338623,9.210223197937012
17788,17.540000915527344,13.548820495605469
17789,12.779999732971191,11.1995267868042
17790,41.599998474121094,43.154991149902344
17791,21.510000228881836,24.428367614746094
17792,38.36000061035156,35.560794830322266
17793,23.75,25.333192825317383
17794,17.829999923706055,18.86148452758789
17795,61.16999816894531,60.303123474121094
17796,53.93000030517578,44.1948127746582
17797,17.010000228881836,16.761188507080078
17798,1.590000033378601,15.369095802307129
17799,40.119998931884766,39.9193000793457
17800,12.9399995803833,9.227261543273926
17801,67.54000091552734,61.92833709716797
17802,9.5,9.624249458312988
17803,13.65999984741211,12.74893856048584
17804,19.309999465942383,21.07025909423828
17805,75.76000213623047,67.88410949707031
17806,14.619999885559082,19.82826805114746
17807,34.040000915527344,36.489986419677734
17808,44.970001220703125,46.076622009277344
17809,16.329999923706055,13.604851722717285
17810,20.280000686645508,18.79772186279297
17811,48.29999923706055,44.46672058105469
17812,26.420000076293945,23.76112174987793
17813,6.159999847412109,8.141342163085938
17814,22.190000534057617,28.94070816040039
17815,24.350000381469727,23.823444366455078
17816,3.609999895095825,2.4421606063842773
17817,3.4800000190734863,5.443014621734619
17818,7.519999980926514,5.004467010498047
17819,23.280000686645508,24.703338623046875
17820,59.060001373291016,50.323265075683594
17821,15.1899995803833,14.170267105102539
17822,64.33000183105469,65.04634857177734
17823,44.5099983215332,38.8419189453125
17824,27.889999389648438,28.53162384033203
17825,11.869999885559082,15.044292449951172
17826,19.65999984741211,23.304039001464844
17827,61.029998779296875,51.91592788696289
17828,22.440000534057617,19.856231689453125
17829,5.869999885559082,5.4418840408325195
17830,29.399999618530273,33.75674819946289
17831,23.6200008392334,21.814607620239258
17832,5.690000057220459,6.707605361938477
17833,71.27999877929688,60.68091583251953
17834,51.470001220703125,59.32273483276367
17835,24.989999771118164,23.269521713256836
17836,8.210000038146973,7.970542907714844
17837,44.369998931884766,43.141326904296875
17838,7.539999961853027,6.055856704711914
17839,25.75,28.011272430419922
17840,41.38999938964844,41.2237663269043
17841,17.709999084472656,17.674060821533203
17842,9.489999771118164,9.854012489318848
17843,17.110000610351562,17.653257369995117
17844,30.600000381469727,26.079601287841797
17845,36.61000061035156,32.60206604003906
17846,39.33000183105469,39.55434799194336
17847,22.68000030517578,21.71384620666504
17848,37.79999923706055,31.651512145996094
17849,20.780000686645508,20.414724349975586
17850,20.59000015258789,20.947420120239258
17851,17.799999237060547,17.611583709716797
17852,10.720000267028809,12.667174339294434
17853,31.479999542236328,33.488433837890625
17854,17.530000686645508,17.265872955322266
17855,48.279998779296875,51.983097076416016
17856,55.65999984741211,58.06603240966797
17857,52.529998779296875,51.56462860107422
17858,16.450000762939453,17.68333625793457
17859,17.739999771118164,20.82430076599121
17860,42.54999923706055,42.315467834472656
17861,26.709999084472656,22.283367156982422
17862,22.719999313354492,36.84789276123047
17863,23.1299991607666,25.41448974609375
17864,41.72999954223633,41.7175407409668
17865,25.899999618530273,26.386415481567383
17866,34.36000061035156,34.2728271484375
17867,35.060001373291016,34.51415252685547
17868,34.22999954223633,35.280364990234375
17869,20.670000076293945,18.239887237548828
17870,8.600000381469727,6.328678131103516
17871,36.16999816894531,39.78987121582031
17872,27.770000457763672,25.589372634887695
17873,7.53000020980835,7.148855686187744
17874,23.739999771118164,23.386959075927734
17875,68.0199966430664,59.79559326171875
17876,62.91999816894531,57.84545135498047
17877,2.3499999046325684,5.293712139129639
17878,38.439998626708984,33.69086837768555
17879,15.539999961853027,13.392708778381348
17880,27.780000686645508,28.893898010253906
17881,50.54999923706055,54.63279724121094
17882,28.100000381469727,24.47763442993164
17883,13.510000228881836,12.747337341308594
17884,32.02000045776367,29.047760009765625
17885,34.869998931884766,34.626068115234375
17886,40.5,43.21997833251953
17887,12.359999656677246,9.784119606018066
17888,77.11000061035156,72.56012725830078
17889,38.63999938964844,40.416595458984375
17890,41.75,40.062217712402344
17891,35.869998931884766,34.68709182739258
17892,8.829999923706055,7.798851490020752
17893,45.959999084472656,44.89582061767578
17894,0.6399999856948853,32.009033203125
17895,9.699999809265137,19.178071975708008
17896,4.909999847412109,8.681307792663574
17897,4.929999828338623,4.234354496002197
17898,61.95000076293945,53.22795867919922
17899,17.43000030517578,18.116151809692383
17900,37.68000030517578,36.330440521240234
17901,33.209999084472656,38.22789764404297
17902,18.950000762939453,19.755775451660156
17903,35.70000076293945,33.88029479980469
17904,31.850000381469727,37.377357482910156
17905,47.93000030517578,44.67633056640625
17906,72.44999694824219,63.64044952392578
17907,74.19999694824219,69.35549926757812
17908,28.6200008392334,30.047061920166016
17909,1.4900000095367432,2.5685417652130127
17910,16.68000030517578,19.230207443237305
17911,74.05000305175781,66.61649322509766
17912,23.649999618530273,20.477256774902344
17913,16.229999542236328,12.127096176147461
17914,13.869999885559082,14.679008483886719
17915,10.970000267028809,11.66968059539795
17916,49.880001068115234,54.00909423828125
17917,73.5999984741211,64.6704330444336
17918,5.670000076293945,5.283629417419434
17919,10.539999961853027,11.81755542755127
17920,30.15999984741211,30.560232162475586
17921,37.220001220703125,40.829524993896484
17922,45.900001525878906,45.05891418457031
17923,18.170000076293945,17.341157913208008
17924,18.920000076293945,21.2283878326416
17925,33.9900016784668,30.770483016967773
17926,25.489999771118164,36.3354606628418
17927,17.329999923706055,15.51260757446289
17928,60.52000045776367,57.3243408203125
17929,16.90999984741211,15.40688419342041
17930,10.25,9.25363826751709
17931,14.630000114440918,12.247905731201172
17932,30.979999542236328,27.502330780029297
17933,11.329999923706055,11.893908500671387
17934,40.47999954223633,40.243656158447266
17935,29.139999389648438,29.753271102905273
17936,38.63999938964844,34.54530334472656
17937,24.979999542236328,26.692697525024414
17938,41.310001373291016,42.688697814941406
17939,19.8799991607666,19.41960906982422
17940,27.760000228881836,27.272348403930664
17941,9.989999771118164,6.533603668212891
17942,21.709999084472656,24.24011993408203
17943,17.280000686645508,16.524396896362305
17944,52.20000076293945,56.178287506103516
17945,48.189998626708984,48.428627014160156
17946,75.58000183105469,70.86373138427734
17947,27.540000915527344,29.963287353515625
17948,5.239999771118164,5.801125526428223
17949,40.95000076293945,44.654136657714844
17950,19.549999237060547,19.272544860839844
17951,20.530000686645508,27.560874938964844
17952,44.529998779296875,36.1796875
17953,19.950000762939453,22.797290802001953
17954,34.84000015258789,35.57923126220703
17955,9.960000038146973,12.004547119140625
17956,19.860000610351562,18.851865768432617
17957,31.350000381469727,30.29454231262207
17958,36.47999954223633,35.99412155151367
17959,50.459999084472656,51.192073822021484
17960,9.25,10.42177677154541
17961,71.27999877929688,67.0980224609375
17962,37.779998779296875,32.387908935546875
17963,26.299999237060547,26.598997116088867
17964,45.22999954223633,45.86750030517578
17965,29.110000610351562,29.314250946044922
17966,20.489999771118164,21.552871704101562
17967,45.22999954223633,41.942848205566406
17968,9.4399995803833,9.715814590454102
17969,20.149999618530273,22.89896583557129
17970,26.959999084472656,26.195444107055664
17971,16.649999618530273,17.688220977783203
17972,31.360000610351562,30.74972915649414
17973,19.1200008392334,22.775737762451172
17974,31.979999542236328,31.15252685546875
17975,3.369999885559082,4.805289268493652
17976,25.920000076293945,26.139934539794922
17977,11.420000076293945,13.287065505981445
17978,16.829999923706055,16.27176284790039
17979,28.649999618530273,27.683752059936523
17980,40.84000015258789,45.20676040649414
17981,45.029998779296875,43.64841079711914
17982,40.099998474121094,39.57303237915039
17983,14.449999809265137,16.270883560180664
17984,29.719999313354492,33.185909271240234
17985,19.25,21.274545669555664
17986,67.76000213623047,70.35336303710938
17987,45.77000045776367,48.92104721069336
17988,25.739999771118164,25.648971557617188
17989,19.040000915527344,18.42888641357422
17990,37.22999954223633,33.93184280395508
17991,11.25,9.348278045654297
17992,18.940000534057617,23.885887145996094
17993,15.390000343322754,15.009686470031738
17994,13.199999809265137,12.589836120605469
17995,28.229999542236328,29.78095245361328
17996,37.650001525878906,32.79054260253906
17997,26.420000076293945,28.676313400268555
17998,61.59000015258789,53.89530944824219
17999,9.430000305175781,9.399399757385254
18000,17.459999084472656,17.478919982910156
18001,49.02000045776367,43.62530517578125
18002,29.809999465942383,31.871179580688477
18003,33.380001068115234,30.444263458251953
18004,18.709999084472656,19.99773406982422
18005,49.97999954223633,49.22704315185547
18006,21.6299991607666,23.491310119628906
18007,71.29000091552734,57.70610809326172
18008,2.890000104904175,0.8180038928985596
18009,75.55999755859375,74.43356323242188
18010,14.670000076293945,15.653695106506348
18011,6.619999885559082,4.6226348876953125
18012,47.529998779296875,50.51514434814453
18013,31.229999542236328,31.42324447631836
18014,21.520000457763672,16.585426330566406
18015,29.469999313354492,29.01744842529297
18016,32.709999084472656,32.1021614074707
18017,54.779998779296875,48.0109977722168
18018,7.610000133514404,7.860751152038574
18019,5.760000228881836,7.356945037841797
18020,15.479999542236328,18.53847312927246
18021,40.970001220703125,40.912757873535156
18022,37.79999923706055,31.53838539123535
18023,62.77000045776367,71.75798034667969
18024,18.5,19.05341339111328
18025,43.209999084472656,44.819210052490234
18026,37.29999923706055,36.46000671386719
18027,19.139999389648438,20.912879943847656
18028,42.95000076293945,36.60028076171875
18029,11.0600004196167,9.872804641723633
18030,36.560001373291016,38.72507858276367
18031,55.38999938964844,52.70855712890625
18032,53.599998474121094,60.42920684814453
18033,56.709999084472656,55.18914031982422
18034,24.670000076293945,25.853485107421875
18035,40.970001220703125,41.450443267822266
18036,44.720001220703125,40.62582015991211
18037,23.8700008392334,21.771480560302734
18038,30.239999771118164,28.36410140991211
18039,67.52999877929688,65.21572875976562
18040,18.149999618530273,18.9527645111084
18041,48.08000183105469,47.42091369628906
18042,68.13999938964844,57.52115249633789
18043,33.5,39.473426818847656
18044,21.600000381469727,20.3995361328125
18045,10.010000228881836,12.771368026733398
18046,26.020000457763672,23.906749725341797
18047,3.0399999618530273,0.18624411523342133
18048,23.940000534057617,27.55307388305664
18049,22.579999923706055,17.821155548095703
18050,45.15999984741211,54.52625274658203
18051,16.219999313354492,14.684425354003906
18052,23.170000076293945,21.85723114013672
18053,61.380001068115234,55.951148986816406
18054,40.58000183105469,43.27882385253906
18055,19.040000915527344,19.86200714111328
18056,19.979999542236328,20.41522979736328
18057,23.850000381469727,23.590164184570312
18058,1.409999966621399,7.043606281280518
18059,13.350000381469727,13.931334495544434
18060,6.269999980926514,4.41779899597168
18061,11.640000343322754,11.603546142578125
18062,15.569999694824219,17.872196197509766
18063,59.790000915527344,65.14131927490234
18064,48.810001373291016,46.520851135253906
18065,10.899999618530273,11.211788177490234
18066,12.020000457763672,10.719977378845215
18067,17.18000030517578,15.260709762573242
18068,23.739999771118164,23.678123474121094
18069,7.019999980926514,6.628451824188232
18070,31.979999542236328,32.8957405090332
18071,71.12000274658203,69.12061309814453
18072,36.84000015258789,40.75763702392578
18073,36.310001373291016,37.02883529663086
18074,19.040000915527344,17.509490966796875
18075,42.970001220703125,39.94189453125
18076,78.04000091552734,67.68025970458984
18077,13.90999984741211,10.965126991271973
18078,6.679999828338623,9.03946304321289
18079,34.09000015258789,36.86779022216797
18080,35.22999954223633,35.88608932495117
18081,27.549999237060547,27.05368995666504
18082,6.71999979019165,1.6651360988616943
18083,16.850000381469727,16.46192169189453
18084,10.829999923706055,10.469369888305664
18085,52.04999923706055,51.49260711669922
18086,45.220001220703125,45.886009216308594
18087,10.260000228881836,9.8314208984375
18088,24.68000030517578,26.64679718017578
18089,28.5,23.948749542236328
18090,36.810001373291016,39.56126403808594
18091,16.030000686645508,13.21529769897461
18092,10.65999984741211,11.054825782775879
18093,49.83000183105469,47.79996871948242
18094,11.1899995803833,7.511753559112549
18095,18.940000534057617,13.300938606262207
18096,4.239999771118164,3.762223482131958
18097,32.279998779296875,31.524320602416992
18098,23.969999313354492,24.257915496826172
18099,56.650001525878906,63.31834030151367
18100,24.850000381469727,26.374406814575195
18101,46.099998474121094,40.42286682128906
18102,45.40999984741211,39.17565155029297
18103,42.970001220703125,39.38520050048828
18104,25.969999313354492,27.923433303833008
18105,39.060001373291016,33.55628967285156
18106,48.849998474121094,48.626853942871094
18107,31.899999618530273,23.347209930419922
18108,35.779998779296875,32.45652389526367
18109,9.600000381469727,7.291022300720215
18110,24.989999771118164,21.335872650146484
18111,32.5099983215332,38.213802337646484
18112,39.41999816894531,35.96742630004883
18113,43.38999938964844,44.03529357910156
18114,49.79999923706055,49.52546691894531
18115,34.939998626708984,41.13544464111328
18116,37.11000061035156,37.83745574951172
18117,16.8700008392334,14.30890941619873
18118,28.450000762939453,30.061601638793945
18119,22.209999084472656,21.983318328857422
18120,20.440000534057617,23.932512283325195
18121,31.84000015258789,29.514720916748047
18122,41.06999969482422,44.7469482421875
18123,44.470001220703125,45.66611862182617
18124,49.880001068115234,44.75154113769531
18125,8.65999984741211,8.157133102416992
18126,37.40999984741211,41.08775329589844
18127,21.760000228881836,19.481952667236328
18128,19.639999389648438,17.359167098999023
18129,29.520000457763672,32.07517623901367
18130,59.88999938964844,59.164222717285156
18131,13.229999542236328,11.366138458251953
18132,16.059999465942383,16.51458740234375
18133,49.86000061035156,44.15851593017578
18134,13.619999885559082,11.755696296691895
18135,14.850000381469727,16.639066696166992
18136,43.06999969482422,39.709205627441406
18137,11.100000381469727,26.021099090576172
18138,40.630001068115234,40.14775085449219
18139,7.329999923706055,7.590646743774414
18140,4.260000228881836,7.466519832611084
18141,25.799999237060547,26.965076446533203
18142,48.02000045776367,50.226722717285156
18143,14.279999732971191,14.60593032836914
18144,20.90999984741211,18.69200897216797
18145,14.149999618530273,13.778376579284668
18146,23.040000915527344,28.86136817932129
18147,27.65999984741211,25.406606674194336
18148,18.239999771118164,20.5642032623291
18149,18.850000381469727,27.834461212158203
18150,6.550000190734863,3.9904870986938477
18151,9.960000038146973,10.504231452941895
18152,34.349998474121094,34.44160079956055
18153,7.46999979019165,7.639822959899902
18154,18.420000076293945,17.350229263305664
18155,9.59000015258789,11.945050239562988
18156,23.649999618530273,23.67876434326172
18157,25.93000030517578,29.716108322143555
18158,48.27000045776367,46.58057403564453
18159,22.579999923706055,22.811691284179688
18160,29.190000534057617,26.963029861450195
18161,42.0099983215332,47.389347076416016
18162,32.02000045776367,28.712543487548828
18163,30.049999237060547,27.554609298706055
18164,18.899999618530273,20.9405574798584
18165,7.630000114440918,9.16990852355957
18166,34.11000061035156,34.52178955078125
18167,18.34000015258789,17.559127807617188
18168,45.2400016784668,43.28900146484375
18169,14.890000343322754,15.842432975769043
18170,58.36000061035156,50.52404022216797
18171,14.399999618530273,15.42617416381836
18172,32.81999969482422,33.44041442871094
18173,40.529998779296875,39.541439056396484
18174,2.7799999713897705,20.12045669555664
18175,14.710000038146973,16.618656158447266
18176,20.260000228881836,19.37093734741211
18177,29.149999618530273,30.254940032958984
18178,53.4900016784668,49.26218032836914
18179,21.010000228881836,20.5377254486084
18180,36.0,39.403717041015625
18181,33.599998474121094,37.576698303222656
18182,54.31999969482422,64.0657958984375
18183,25.799999237060547,26.888708114624023
18184,9.260000228881836,11.10058307647705
18185,17.709999084472656,19.263376235961914
18186,21.0,25.154674530029297
18187,20.389999389648438,16.90025520324707
18188,12.890000343322754,15.021199226379395
18189,48.88999938964844,52.75131607055664
18190,42.34000015258789,38.855411529541016
18191,58.790000915527344,56.5035514831543
18192,43.810001373291016,44.97088623046875
18193,56.349998474121094,53.6839599609375
18194,34.13999938964844,37.87564468383789
18195,29.700000762939453,34.867042541503906
18196,49.59000015258789,49.40422439575195
18197,37.209999084472656,37.644588470458984
18198,19.059999465942383,20.117496490478516
18199,31.799999237060547,31.46660041809082
18200,24.0,19.617141723632812
18201,10.039999961853027,10.436463356018066
18202,74.38999938964844,61.43696212768555
18203,12.960000038146973,13.97545337677002
18204,34.22999954223633,41.924835205078125
18205,20.270000457763672,16.7354736328125
18206,22.899999618530273,24.832786560058594
18207,49.27000045776367,52.52029037475586
18208,15.649999618530273,15.660194396972656
18209,39.290000915527344,42.2821044921875
18210,6.989999771118164,5.694497108459473
18211,3.3499999046325684,3.758666753768921
18212,14.260000228881836,15.093084335327148
18213,11.649999618530273,11.109106063842773
18214,18.209999084472656,17.161766052246094
18215,13.529999732971191,7.753005504608154
18216,8.829999923706055,8.513750076293945
18217,21.920000076293945,22.26678466796875
18218,18.110000610351562,15.481590270996094
18219,46.5099983215332,53.02848434448242
18220,8.829999923706055,9.249810218811035
18221,29.649999618530273,29.740110397338867
18222,73.16000366210938,68.72415161132812
18223,17.360000610351562,19.3127384185791
18224,54.810001373291016,48.844398498535156
18225,14.420000076293945,16.32219696044922
18226,20.6200008392334,22.45468521118164
18227,17.920000076293945,17.572647094726562
18228,47.619998931884766,47.94989776611328
18229,57.7400016784668,58.5498161315918
18230,10.109999656677246,10.282920837402344
18231,53.97999954223633,52.48356628417969
18232,50.36000061035156,42.17155456542969
18233,28.93000030517578,31.73855972290039
18234,44.33000183105469,43.08222961425781
18235,48.540000915527344,49.87555694580078
18236,33.9900016784668,34.952884674072266
18237,40.880001068115234,40.43254852294922
18238,27.399999618530273,31.05660057067871
18239,14.819999694824219,14.280505180358887
18240,24.920000076293945,27.024471282958984
18241,13.59000015258789,14.165350914001465
18242,32.97999954223633,29.94104766845703
18243,29.190000534057617,33.274147033691406
18244,5.809999942779541,9.440855979919434
18245,46.27000045776367,45.348121643066406
18246,12.4399995803833,12.865493774414062
18247,21.06999969482422,20.143478393554688
18248,22.510000228881836,24.253583908081055
18249,14.899999618530273,13.205253601074219
18250,20.8700008392334,22.55746841430664
18251,57.25,55.670684814453125
18252,2.319999933242798,5.0531086921691895
18253,9.3100004196167,9.901535034179688
18254,6.320000171661377,7.274433612823486
18255,9.34000015258789,10.982606887817383
18256,41.02000045776367,43.0914421081543
18257,3.2699999809265137,7.135260581970215
18258,53.88999938964844,52.12773513793945
18259,24.450000762939453,25.34131622314453
18260,12.149999618530273,10.765318870544434
18261,29.780000686645508,32.052730560302734
18262,30.030000686645508,29.820627212524414
18263,21.709999084472656,20.69862937927246
18264,47.810001373291016,49.55077362060547
18265,18.270000457763672,21.02075958251953
18266,8.40999984741211,8.187628746032715
18267,6.739999771118164,5.365857124328613
18268,33.0099983215332,31.836111068725586
18269,31.8799991607666,34.08767318725586
18270,44.560001373291016,42.09857177734375
18271,12.470000267028809,14.444501876831055
18272,19.1299991607666,16.12078857421875
18273,21.559999465942383,25.44782257080078
18274,9.75,8.229432106018066
18275,41.20000076293945,41.69124221801758
18276,58.09000015258789,55.04393005371094
18277,23.6200008392334,30.704105377197266
18278,41.369998931884766,40.474998474121094
18279,25.209999084472656,26.98699951171875
18280,19.079999923706055,19.077571868896484
18281,37.33000183105469,39.72370910644531
18282,24.75,25.190465927124023
18283,18.899999618530273,20.11284637451172
18284,25.43000030517578,26.694791793823242
18285,32.61000061035156,36.6561279296875
18286,25.8799991607666,24.77242088317871
18287,46.06999969482422,50.75062942504883
18288,33.54999923706055,31.148759841918945
18289,44.38999938964844,43.022178649902344
18290,37.560001373291016,36.94523239135742
18291,61.22999954223633,61.86212158203125
18292,13.0,13.954970359802246
18293,51.779998779296875,48.89449691772461
18294,6.449999809265137,9.221044540405273
18295,7.909999847412109,6.315647602081299
18296,47.869998931884766,51.84074020385742
18297,12.729999542236328,18.637245178222656
18298,31.020000457763672,35.026283264160156
18299,43.529998779296875,41.836177825927734
18300,18.030000686645508,16.530813217163086
18301,8.09000015258789,6.965012073516846
18302,30.899999618530273,27.387807846069336
18303,27.760000228881836,26.064477920532227
18304,45.880001068115234,48.61671447753906
18305,8.880000114440918,9.483651161193848
18306,32.38999938964844,32.55714416503906
18307,42.41999816894531,34.181392669677734
18308,24.760000228881836,25.062524795532227
18309,48.130001068115234,40.67182159423828
18310,32.060001373291016,31.516239166259766
18311,37.290000915527344,38.08979415893555
18312,15.3100004196167,17.514198303222656
18313,14.5600004196167,17.099170684814453
18314,47.619998931884766,51.528099060058594
18315,39.720001220703125,44.658226013183594
18316,14.329999923706055,11.978127479553223
18317,26.290000915527344,26.43505096435547
18318,45.97999954223633,48.89255905151367
18319,50.459999084472656,48.66094207763672
18320,7.489999771118164,5.678133487701416
18321,52.04999923706055,54.600135803222656
18322,9.75,10.812329292297363
18323,5.340000152587891,4.872069835662842
18324,33.7400016784668,35.27077102661133
18325,33.56999969482422,36.44675827026367
18326,14.65999984741211,15.603965759277344
18327,15.25,16.642223358154297
18328,43.599998474121094,35.7906608581543
18329,39.16999816894531,37.09077835083008
18330,43.709999084472656,46.035972595214844
18331,23.8799991607666,25.07388687133789
18332,34.25,32.71775817871094
18333,22.329999923706055,25.40872573852539
18334,17.110000610351562,16.8132381439209
18335,9.640000343322754,11.553192138671875
18336,21.31999969482422,20.37191390991211
18337,20.079999923706055,14.422146797180176
18338,17.59000015258789,17.577037811279297
18339,60.119998931884766,56.158138275146484
18340,41.040000915527344,42.405887603759766
18341,29.81999969482422,27.104522705078125
18342,59.209999084472656,55.131378173828125
18343,8.109999656677246,8.698904991149902
18344,41.720001220703125,43.74724578857422
18345,64.83000183105469,62.223419189453125
18346,50.540000915527344,50.7624626159668
18347,26.299999237060547,24.13588523864746
18348,51.279998779296875,54.647560119628906
18349,37.40999984741211,34.44341278076172
18350,6.150000095367432,6.5052056312561035
18351,47.349998474121094,44.53570556640625
18352,30.459999084472656,28.62747573852539
18353,39.130001068115234,44.19053649902344
18354,15.859999656677246,18.21526336669922
18355,11.260000228881836,8.973519325256348
18356,22.829999923706055,19.217924118041992
18357,8.529999732971191,11.827345848083496
18358,13.729999542236328,13.550984382629395
18359,28.25,29.835285186767578
18360,10.34000015258789,7.282613277435303
18361,26.479999542236328,27.88446807861328
18362,32.150001525878906,32.504234313964844
18363,19.770000457763672,22.740238189697266
18364,5.289999961853027,7.158946514129639
18365,21.290000915527344,19.17506217956543
18366,45.06999969482422,44.27824401855469
18367,40.79999923706055,38.51239776611328
18368,52.56999969482422,52.7479362487793
18369,10.0,10.500500679016113
18370,52.7400016784668,56.35734939575195
18371,21.440000534057617,21.010589599609375
18372,47.209999084472656,46.952579498291016
18373,34.41999816894531,35.45310974121094
18374,4.610000133514404,8.400311470031738
18375,31.040000915527344,30.134374618530273
18376,55.5,50.71678161621094
18377,60.2400016784668,60.43659973144531
18378,21.520000457763672,23.46250343322754
18379,29.549999237060547,30.14044952392578
18380,42.20000076293945,40.012489318847656
18381,44.720001220703125,37.95994567871094
18382,54.66999816894531,55.42247009277344
18383,20.959999084472656,20.963584899902344
18384,16.25,15.052197456359863
18385,50.810001373291016,47.84986877441406
18386,61.040000915527344,54.048797607421875
18387,27.40999984741211,28.79983901977539
18388,6.539999961853027,7.5781707763671875
18389,19.530000686645508,16.880495071411133
18390,13.869999885559082,15.309087753295898
18391,9.550000190734863,10.815403938293457
18392,31.729999542236328,32.93647766113281
18393,36.70000076293945,36.487545013427734
18394,27.0,27.057491302490234
18395,31.399999618530273,21.903366088867188
18396,26.40999984741211,28.186004638671875
18397,10.649999618530273,9.372374534606934
18398,15.25,14.301264762878418
18399,22.309999465942383,23.543437957763672
18400,16.579999923706055,17.231094360351562
18401,43.630001068115234,43.12367248535156
18402,30.290000915527344,31.440494537353516
18403,12.710000038146973,11.062529563903809
18404,13.699999809265137,17.315494537353516
18405,48.5099983215332,41.77048873901367
18406,7.960000038146973,7.730882167816162
18407,16.020000457763672,15.98758316040039
18408,48.90999984741211,51.737281799316406
18409,24.1200008392334,22.008262634277344
18410,8.670000076293945,9.066485404968262
18411,20.799999237060547,20.500839233398438
18412,16.329999923706055,18.758586883544922
18413,26.1299991607666,30.85914421081543
18414,44.29999923706055,44.74510955810547
18415,38.4900016784668,42.11088943481445
18416,43.08000183105469,42.89698028564453
18417,39.47999954223633,45.28943634033203
18418,37.56999969482422,33.84312438964844
18419,15.25,14.39305305480957
18420,71.66000366210938,62.16852951049805
18421,57.91999816894531,57.77058410644531
18422,38.709999084472656,39.94257736206055
18423,18.860000610351562,18.464862823486328
18424,66.52999877929688,55.47095489501953
18425,20.18000030517578,19.08072280883789
18426,35.4900016784668,33.4265022277832
18427,21.350000381469727,22.15059471130371
18428,19.010000228881836,17.702274322509766
18429,2.430000066757202,0.0035480346996337175
18430,11.100000381469727,11.248065948486328
18431,9.979999542236328,11.799032211303711
18432,24.690000534057617,24.969058990478516
18433,12.899999618530273,11.452526092529297
18434,16.799999237060547,18.08544921875
18435,30.940000534057617,34.13850021362305
18436,10.0,10.864567756652832
18437,48.91999816894531,51.877017974853516
18438,30.510000228881836,30.2453556060791
18439,13.510000228881836,17.200820922851562
18440,36.95000076293945,38.237709045410156
18441,15.460000038146973,15.021984100341797
18442,8.479999542236328,9.438578605651855
18443,11.899999618530273,11.67285442352295
18444,12.630000114440918,11.181699752807617
18445,9.180000305175781,9.461810111999512
18446,46.16999816894531,47.529762268066406
18447,18.290000915527344,19.7120361328125
18448,33.54999923706055,33.43500518798828
18449,41.38999938964844,46.89912414550781
18450,13.270000457763672,13.302992820739746
18451,35.93000030517578,41.7159538269043
18452,20.8700008392334,21.756563186645508
18453,32.08000183105469,31.45392608642578
18454,10.239999771118164,9.653239250183105
18455,31.829999923706055,31.282941818237305
18456,9.180000305175781,11.819547653198242
18457,18.850000381469727,20.35393524169922
18458,4.210000038146973,6.552447319030762
18459,10.529999732971191,10.607542991638184
18460,36.099998474121094,35.73496627807617
18461,37.93000030517578,38.7706298828125
18462,50.709999084472656,50.9694709777832
18463,14.489999771118164,15.135967254638672
18464,5.150000095367432,6.039714813232422
18465,11.989999771118164,15.077692031860352
18466,1.8799999952316284,5.509146690368652
18467,11.539999961853027,11.831193923950195
18468,41.0099983215332,38.93757629394531
18469,70.08000183105469,64.6604232788086
18470,23.56999969482422,21.53788948059082
18471,38.5099983215332,37.95282745361328
18472,36.2599983215332,36.53118896484375
18473,64.13999938964844,57.093055725097656
18474,22.610000610351562,21.952733993530273
18475,23.309999465942383,23.925662994384766
18476,35.45000076293945,34.17835998535156
18477,47.61000061035156,46.638572692871094
18478,3.7899999618530273,3.1547114849090576
18479,19.040000915527344,16.87992286682129
18480,1.6100000143051147,2.552025079727173
18481,5.710000038146973,5.029664039611816
18482,19.1299991607666,20.444732666015625
18483,8.1899995803833,8.015556335449219
18484,32.36000061035156,34.34950256347656
18485,29.969999313354492,31.096385955810547
18486,33.810001373291016,29.05022430419922
18487,69.98999786376953,66.44270324707031
18488,18.700000762939453,15.784555435180664
18489,50.52000045776367,42.2857780456543
18490,24.299999237060547,26.918542861938477
18491,49.459999084472656,48.28163146972656
18492,18.040000915527344,16.329124450683594
18493,18.59000015258789,18.724750518798828
18494,14.300000190734863,13.83569622039795
18495,16.65999984741211,8.200316429138184
18496,49.08000183105469,49.78889465332031
18497,22.639999389648438,23.171409606933594
18498,6.460000038146973,5.59960412979126
18499,3.619999885559082,4.457692623138428
18500,5.440000057220459,10.961627960205078
18501,15.819999694824219,16.578035354614258
18502,12.739999771118164,11.727813720703125
18503,30.260000228881836,27.323974609375
18504,20.299999237060547,20.462688446044922
18505,44.130001068115234,48.14955139160156
18506,4.690000057220459,4.1269683837890625
18507,8.59000015258789,27.45504379272461
18508,37.209999084472656,35.96669006347656
18509,31.690000534057617,34.62077331542969
18510,43.939998626708984,41.17643737792969
18511,36.79999923706055,42.052459716796875
18512,11.9399995803833,11.526650428771973
18513,7.119999885559082,5.177023887634277
18514,0.9200000166893005,16.9697265625
18515,32.09000015258789,34.37014389038086
18516,14.829999923706055,14.813088417053223
18517,36.369998931884766,31.7530574798584
18518,15.680000305175781,20.834564208984375
18519,2.380000114440918,4.794296741485596
18520,12.239999771118164,15.016667366027832
18521,47.56999969482422,50.98733139038086
18522,40.81999969482422,37.878578186035156
18523,6.289999961853027,6.855286121368408
18524,52.47999954223633,55.01801300048828
18525,40.279998779296875,39.30427169799805
18526,6.46999979019165,6.409063339233398
18527,22.229999542236328,25.166027069091797
18528,24.549999237060547,22.690889358520508
18529,21.8799991607666,20.849153518676758
18530,24.6299991607666,27.180700302124023
18531,13.479999542236328,13.602087020874023
18532,29.049999237060547,26.106285095214844
18533,37.790000915527344,36.88933181762695
18534,10.119999885559082,7.961732387542725
18535,20.889999389648438,23.511825561523438
18536,59.04999923706055,64.11746978759766
18537,3.640000104904175,10.0910005569458
18538,10.069999694824219,10.659489631652832
18539,33.08000183105469,36.951622009277344
18540,9.420000076293945,9.686728477478027
18541,34.08000183105469,29.71940803527832
18542,28.079999923706055,28.486913681030273
18543,60.2599983215332,56.67371368408203
18544,34.22999954223633,32.011810302734375
18545,23.6299991607666,24.746841430664062
18546,51.099998474121094,52.133583068847656
18547,1.350000023841858,3.9158596992492676
18548,28.450000762939453,27.359619140625
18549,43.65999984741211,41.300071716308594
18550,18.170000076293945,19.499385833740234
18551,24.760000228881836,27.044429779052734
18552,7.880000114440918,6.596652507781982
18553,32.02000045776367,30.878610610961914
18554,18.200000762939453,20.951473236083984
18555,52.97999954223633,50.5127067565918
18556,20.780000686645508,22.898353576660156
18557,34.2400016784668,33.987850189208984
18558,32.5099983215332,35.98295593261719
18559,27.809999465942383,26.636831283569336
18560,14.970000267028809,14.008219718933105
18561,24.1299991607666,21.572219848632812
18562,22.1299991607666,22.480640411376953
18563,16.489999771118164,13.537333488464355
18564,31.93000030517578,31.41044807434082
18565,13.109999656677246,11.585762023925781
18566,43.779998779296875,44.109561920166016
18567,17.459999084472656,19.626216888427734
18568,39.58000183105469,42.476741790771484
18569,23.829999923706055,21.064193725585938
18570,28.1200008392334,29.403640747070312
18571,15.279999732971191,13.135819435119629
18572,43.47999954223633,45.11561584472656
18573,39.099998474121094,35.033077239990234
18574,33.16999816894531,36.183326721191406
18575,27.979999542236328,24.676708221435547
18576,7.300000190734863,5.202079772949219
18577,36.18000030517578,36.24494934082031
18578,7.070000171661377,7.658121585845947
18579,33.869998931884766,34.143287658691406
18580,41.83000183105469,37.735801696777344
18581,7.590000152587891,6.590020179748535
18582,36.40999984741211,36.00369644165039
18583,24.6299991607666,25.246408462524414
18584,35.81999969482422,33.85877990722656
18585,11.90999984741211,12.480393409729004
18586,40.56999969482422,43.81440734863281
18587,50.939998626708984,47.44083786010742
18588,61.619998931884766,58.7296028137207
18589,81.66000366210938,71.24168395996094
18590,55.04999923706055,53.46100616455078
18591,48.040000915527344,46.67206573486328
18592,8.079999923706055,4.186821937561035
18593,32.25,32.192012786865234
18594,23.920000076293945,25.833332061767578
18595,34.41999816894531,38.6998176574707
18596,11.529999732971191,12.812480926513672
18597,19.75,20.636051177978516
18598,21.90999984741211,21.475170135498047
18599,29.90999984741211,26.332305908203125
18600,54.689998626708984,48.50947952270508
18601,31.079999923706055,33.07502746582031
18602,51.06999969482422,52.005210876464844
18603,26.520000457763672,24.524429321289062
18604,52.61000061035156,56.54290771484375
18605,19.049999237060547,21.098438262939453
18606,23.0,23.099552154541016
18607,22.75,25.531391143798828
18608,20.920000076293945,20.265310287475586
18609,16.579999923706055,19.764995574951172
18610,76.68000030517578,66.775146484375
18611,12.850000381469727,14.287898063659668
18612,51.66999816894531,50.09402847290039
18613,41.040000915527344,43.00001525878906
18614,10.09000015258789,9.547080039978027
18615,47.220001220703125,45.4229621887207
18616,37.439998626708984,33.935054779052734
18617,63.599998474121094,62.693382263183594
18618,5.230000019073486,6.339212417602539
18619,33.2599983215332,31.341659545898438
18620,11.680000305175781,11.718804359436035
18621,24.649999618530273,24.120464324951172
18622,18.780000686645508,20.794055938720703
18623,37.150001525878906,32.62085723876953
18624,63.63999938964844,56.955101013183594
18625,13.819999694824219,14.245954513549805
18626,52.02000045776367,53.59873962402344
18627,23.049999237060547,20.069034576416016
18628,35.540000915527344,31.129854202270508
18629,21.84000015258789,20.807830810546875
18630,23.709999084472656,24.0185489654541
18631,40.25,45.83482360839844
18632,52.900001525878906,44.3938102722168
18633,21.729999542236328,21.655961990356445
18634,63.04999923706055,67.14203643798828
18635,18.8799991607666,19.143550872802734
18636,13.010000228881836,9.669551849365234
18637,24.260000228881836,25.787904739379883
18638,61.27000045776367,52.87141418457031
18639,23.149999618530273,24.592317581176758
18640,14.760000228881836,14.632847785949707
18641,3.6500000953674316,4.275043964385986
18642,10.819999694824219,8.91786003112793
18643,55.380001068115234,56.1371955871582
18644,53.52000045776367,52.007503509521484
18645,35.97999954223633,35.36579132080078
18646,12.390000343322754,14.188075065612793
18647,42.34000015258789,37.035831451416016
18648,30.549999237060547,28.487035751342773
18649,31.09000015258789,29.724349975585938
18650,22.56999969482422,23.721342086791992
18651,6.5,5.651514530181885
18652,34.47999954223633,32.35975646972656
18653,20.829999923706055,23.535566329956055
18654,36.540000915527344,32.718162536621094
18655,25.139999389648438,27.175296783447266
18656,10.930000305175781,13.324943542480469
18657,7.159999847412109,6.970391750335693
18658,14.65999984741211,17.147192001342773
18659,16.389999389648438,16.66858673095703
18660,29.34000015258789,34.30084991455078
18661,14.25,15.362250328063965
18662,0.75,9.942060470581055
18663,9.199999809265137,9.650858879089355
18664,40.810001373291016,35.02096176147461
18665,19.610000610351562,19.014148712158203
18666,26.34000015258789,26.14231300354004
18667,24.469999313354492,24.913925170898438
18668,68.70999908447266,57.38737106323242
18669,7.130000114440918,7.203335285186768
18670,7.639999866485596,8.27724552154541
18671,24.389999389648438,26.226764678955078
18672,51.93000030517578,57.69548797607422
18673,49.56999969482422,46.9513053894043
18674,16.600000381469727,15.915756225585938
18675,7.5,7.43469762802124
18676,17.690000534057617,18.69693374633789
18677,44.400001525878906,41.75251007080078
18678,6.369999885559082,7.787303447723389
18679,49.18000030517578,42.90655517578125
18680,9.75,8.684887886047363
18681,35.16999816894531,34.02078628540039
18682,14.8100004196167,17.36009407043457
18683,18.420000076293945,18.843242645263672
18684,10.0,9.411009788513184
18685,16.479999542236328,12.912182807922363
18686,24.200000762939453,24.26847267150879
18687,36.540000915527344,37.538387298583984
18688,24.979999542236328,26.50075912475586
18689,18.290000915527344,16.357589721679688
18690,18.65999984741211,20.660781860351562
18691,13.859999656677246,13.351978302001953
18692,41.81999969482422,43.64124298095703
18693,29.270000457763672,26.496244430541992
18694,18.959999084472656,17.729272842407227
18695,57.77000045776367,54.42726135253906
18696,18.959999084472656,19.904129028320312
18697,18.690000534057617,20.074674606323242
18698,36.88999938964844,36.82075119018555
18699,15.720000267028809,15.573052406311035
18700,30.670000076293945,24.485015869140625
18701,53.59000015258789,55.22052001953125
18702,7.340000152587891,5.43212366104126
18703,75.77999877929688,66.91726684570312
18704,37.150001525878906,36.867103576660156
18705,60.619998931884766,58.163352966308594
18706,15.460000038146973,17.07457733154297
18707,15.949999809265137,15.934654235839844
18708,8.949999809265137,7.245250225067139
18709,49.0099983215332,48.72062683105469
18710,71.30999755859375,65.09198760986328
18711,45.849998474121094,51.443580627441406
18712,32.380001068115234,34.458099365234375
18713,27.100000381469727,31.93146324157715
18714,23.809999465942383,20.951702117919922
18715,17.469999313354492,21.176334381103516
18716,30.290000915527344,31.00958824157715
18717,46.4900016784668,45.534515380859375
18718,39.459999084472656,37.45176696777344
18719,8.359999656677246,13.483460426330566
18720,46.279998779296875,36.415897369384766
18721,36.790000915527344,33.00141143798828
18722,51.84000015258789,49.382102966308594
18723,21.31999969482422,18.454681396484375
18724,14.979999542236328,11.962453842163086
18725,34.68000030517578,39.206871032714844
18726,32.650001525878906,30.622705459594727
18727,33.2400016784668,27.283296585083008
18728,45.25,46.88927459716797
18729,41.72999954223633,49.33289337158203
18730,35.560001373291016,33.288970947265625
18731,19.3700008392334,20.010223388671875
18732,35.400001525878906,28.280168533325195
18733,19.979999542236328,19.159019470214844
18734,30.420000076293945,30.155065536499023
18735,37.70000076293945,39.295387268066406
18736,2.109999895095825,27.96723747253418
18737,6.309999942779541,5.878604888916016
18738,24.549999237060547,26.073486328125
18739,67.5,69.27345275878906
18740,10.59000015258789,8.379456520080566
18741,8.319999694824219,7.6263508796691895
18742,9.619999885559082,12.206624031066895
18743,46.439998626708984,48.75743865966797
18744,9.069999694824219,6.2344651222229
18745,19.059999465942383,17.639083862304688
18746,11.949999809265137,12.711359977722168
18747,3.569999933242798,7.239100456237793
18748,52.86000061035156,50.505489349365234
18749,11.6899995803833,6.706907272338867
18750,45.13999938964844,43.175811767578125
18751,12.460000038146973,14.738178253173828
18752,29.950000762939453,32.125614166259766
18753,60.689998626708984,61.85443115234375
18754,22.350000381469727,22.38632583618164
18755,21.15999984741211,21.444351196289062
18756,17.540000915527344,16.61417007446289
18757,20.530000686645508,21.689922332763672
18758,8.329999923706055,7.514535427093506
18759,15.84000015258789,16.81083106994629
18760,13.5600004196167,13.771088600158691
18761,44.4900016784668,42.240577697753906
18762,42.279998779296875,45.7750129699707
18763,5.110000133514404,7.84703254699707
18764,43.31999969482422,40.710960388183594
18765,16.34000015258789,18.108379364013672
18766,7.679999828338623,10.215024948120117
18767,28.190000534057617,30.418472290039062
18768,34.20000076293945,32.922569274902344
18769,56.61000061035156,54.06672286987305
18770,14.039999961853027,12.576762199401855
18771,9.710000038146973,10.1105318069458
18772,32.93000030517578,31.80986976623535
18773,6.050000190734863,7.983973026275635
18774,31.540000915527344,31.27151870727539
18775,15.600000381469727,25.28670310974121
18776,8.8100004196167,10.001814842224121
18777,17.600000381469727,15.723970413208008
18778,23.5,20.048912048339844
18779,5.010000228881836,3.6698954105377197
18780,17.719999313354492,19.442401885986328
18781,51.43000030517578,48.807674407958984
18782,26.700000762939453,27.802234649658203
18783,25.920000076293945,27.58109474182129
18784,4.550000190734863,6.579741954803467
18785,27.65999984741211,30.30770492553711
18786,19.530000686645508,20.52425765991211
18787,3.5299999713897705,2.7550203800201416
18788,3.430000066757202,4.571216583251953
18789,7.980000019073486,9.133040428161621
18790,33.2599983215332,35.87275695800781
18791,31.940000534057617,33.35193634033203
18792,14.699999809265137,13.599841117858887
18793,61.439998626708984,58.47891616821289
18794,18.959999084472656,22.74838638305664
18795,25.450000762939453,24.566669464111328
18796,24.309999465942383,26.104835510253906
18797,53.09000015258789,52.20326614379883
18798,43.68000030517578,44.261966705322266
18799,7.239999771118164,10.669123649597168
18800,46.84000015258789,53.39775466918945
18801,26.6299991607666,28.40190315246582
18802,23.5,23.538911819458008
18803,15.09000015258789,14.8251371383667
18804,17.020000457763672,15.228070259094238
18805,39.09000015258789,39.87176513671875
18806,21.280000686645508,21.302255630493164
18807,34.58000183105469,23.684173583984375
18808,52.13999938964844,48.0203742980957
18809,46.540000915527344,47.453277587890625
18810,29.709999084472656,33.86628723144531
18811,26.059999465942383,27.849933624267578
18812,50.02000045776367,50.48600769042969
18813,25.56999969482422,25.65564727783203
18814,12.239999771118164,8.27849006652832
18815,23.469999313354492,22.797243118286133
18816,41.27000045776367,42.80609130859375
18817,26.399999618530273,26.328763961791992
18818,23.399999618530273,28.40286636352539
18819,15.989999771118164,14.455435752868652
18820,35.880001068115234,36.01124572753906
18821,17.200000762939453,17.371416091918945
18822,28.329999923706055,29.13135528564453
18823,18.270000457763672,15.929572105407715
18824,16.579999923706055,18.377120971679688
18825,29.190000534057617,31.436782836914062
18826,8.979999542236328,5.9111857414245605
18827,28.860000610351562,26.80845832824707
18828,52.220001220703125,56.073482513427734
18829,11.470000267028809,11.834548950195312
18830,31.959999084472656,34.480506896972656
18831,22.639999389648438,17.38019561767578
18832,8.920000076293945,9.298508644104004
18833,24.229999542236328,23.384159088134766
18834,11.600000381469727,12.267126083374023
18835,19.65999984741211,24.22454261779785
18836,69.44999694824219,62.52191162109375
18837,19.309999465942383,20.098819732666016
18838,9.1899995803833,10.41832447052002
18839,50.36000061035156,49.18675994873047
18840,13.350000381469727,14.76163387298584
18841,32.72999954223633,35.1484375
18842,41.529998779296875,38.39731979370117
18843,7.360000133514404,7.890031814575195
18844,29.200000762939453,29.235225677490234
18845,5.849999904632568,3.840768575668335
18846,15.380000114440918,14.464226722717285
18847,29.239999771118164,27.946575164794922
18848,37.060001373291016,34.321044921875
18849,31.959999084472656,32.739681243896484
18850,15.289999961853027,14.149852752685547
18851,5.210000038146973,5.638573169708252
18852,7.190000057220459,8.89932918548584
18853,38.66999816894531,35.438594818115234
18854,4.900000095367432,4.614994525909424
18855,22.350000381469727,20.312917709350586
18856,47.93000030517578,44.89677047729492
18857,42.189998626708984,43.646087646484375
18858,19.15999984741211,19.14816665649414
18859,20.899999618530273,18.477582931518555
18860,55.790000915527344,58.58860397338867
18861,7.710000038146973,10.387892723083496
18862,40.54999923706055,40.42613220214844
18863,37.45000076293945,40.91537094116211
18864,36.97999954223633,29.590784072875977
18865,7.579999923706055,9.46430778503418
18866,5.389999866485596,6.914204120635986
18867,53.689998626708984,44.19453811645508
18868,23.809999465942383,23.098787307739258
18869,26.149999618530273,26.717926025390625
18870,32.099998474121094,29.784732818603516
18871,22.510000228881836,23.70012664794922
18872,28.360000610351562,28.97417449951172
18873,5.519999980926514,7.830770969390869
18874,11.420000076293945,10.97752571105957
18875,19.270000457763672,19.332035064697266
18876,8.800000190734863,11.231133460998535
18877,2.6500000953674316,0.5111024975776672
18878,3.759999990463257,7.031471252441406
18879,7.190000057220459,5.407425403594971
18880,34.63999938964844,35.74526596069336
18881,35.18000030517578,38.87938690185547
18882,30.860000610351562,34.79862976074219
18883,22.1200008392334,22.882383346557617
18884,8.5600004196167,7.178310871124268
18885,35.77000045776367,35.37141418457031
18886,14.90999984741211,12.655285835266113
18887,22.809999465942383,22.179840087890625
18888,45.75,45.82585906982422
18889,25.360000610351562,22.210927963256836
18890,37.0099983215332,45.25080108642578
18891,16.270000457763672,16.32001304626465
18892,33.79999923706055,34.32026290893555
18893,27.639999389648438,29.341567993164062
18894,29.93000030517578,30.865808486938477
18895,41.70000076293945,46.996063232421875
18896,46.81999969482422,45.82074737548828
18897,42.08000183105469,39.3099250793457
18898,23.84000015258789,27.21339988708496
18899,46.58000183105469,47.32441711425781
18900,38.56999969482422,38.83457946777344
18901,15.880000114440918,14.640087127685547
18902,14.989999771118164,12.632031440734863
18903,9.770000457763672,8.914677619934082
18904,27.100000381469727,21.578031539916992
18905,12.149999618530273,16.379671096801758
18906,16.8700008392334,14.752490043640137
18907,28.780000686645508,30.66756820678711
18908,2.5399999618530273,5.928404331207275
18909,36.84000015258789,40.179420471191406
18910,12.619999885559082,13.802387237548828
18911,25.030000686645508,24.36229133605957
18912,14.739999771118164,16.35584259033203
18913,30.899999618530273,29.248676300048828
18914,6.070000171661377,6.926004886627197
18915,40.31999969482422,41.11235809326172
18916,14.680000305175781,12.695989608764648
18917,57.66999816894531,55.192955017089844
18918,20.489999771118164,21.507612228393555
18919,20.520000457763672,23.75673484802246
18920,10.649999618530273,8.494751930236816
18921,40.34000015258789,37.403419494628906
18922,25.219999313354492,27.40799331665039
18923,12.289999961853027,10.946732521057129
18924,26.860000610351562,26.972068786621094
18925,16.030000686645508,16.982833862304688
18926,24.799999237060547,24.55487060546875
18927,23.969999313354492,35.518463134765625
18928,58.470001220703125,56.55202865600586
18929,11.319999694824219,19.274127960205078
18930,14.15999984741211,14.061023712158203
18931,9.210000038146973,8.8848295211792
18932,27.270000457763672,31.64795684814453
18933,36.2400016784668,36.15253829956055
18934,30.270000457763672,28.905311584472656
18935,30.979999542236328,31.541358947753906
18936,16.079999923706055,17.49513816833496
18937,23.209999084472656,28.891700744628906
18938,37.70000076293945,39.84587478637695
18939,33.63999938964844,32.37369918823242
18940,50.650001525878906,43.066253662109375
18941,32.869998931884766,36.70759201049805
18942,34.959999084472656,42.322452545166016
18943,32.84000015258789,32.01282501220703
18944,10.25,9.390162467956543
18945,8.279999732971191,6.967144012451172
18946,21.950000762939453,20.770912170410156
18947,71.16999816894531,61.934349060058594
18948,9.470000267028809,10.455739974975586
18949,33.38999938964844,34.879730224609375
18950,60.970001220703125,61.1083869934082
18951,35.9900016784668,36.83543395996094
18952,7.340000152587891,7.089430809020996
18953,9.399999618530273,9.569775581359863
18954,38.72999954223633,41.05126190185547
18955,31.799999237060547,32.8462028503418
18956,15.949999809265137,12.589590072631836
18957,21.25,19.568986892700195
18958,26.799999237060547,29.136367797851562
18959,44.439998626708984,50.514217376708984
18960,24.799999237060547,27.486122131347656
18961,32.689998626708984,31.05020523071289
18962,55.630001068115234,50.63373947143555
18963,27.059999465942383,28.402734756469727
18964,26.270000457763672,26.106563568115234
18965,30.209999084472656,31.136226654052734
18966,22.059999465942383,20.889190673828125
18967,15.649999618530273,18.112953186035156
18968,9.600000381469727,12.228902816772461
18969,50.380001068115234,58.53410339355469
18970,31.290000915527344,31.775707244873047
18971,29.780000686645508,28.463117599487305
18972,31.540000915527344,30.15241813659668
18973,21.799999237060547,20.501140594482422
18974,28.219999313354492,30.366924285888672
18975,66.62000274658203,62.72900390625
18976,11.470000267028809,11.557082176208496
18977,12.140000343322754,12.232725143432617
18978,3.7100000381469727,1.4635180234909058
18979,44.779998779296875,55.472503662109375
18980,41.75,49.42132568359375
18981,2.799999952316284,4.403730392456055
18982,23.530000686645508,22.37774658203125
18983,10.720000267028809,14.472886085510254
18984,29.520000457763672,28.97233772277832
18985,60.59000015258789,62.07893753051758
18986,49.40999984741211,46.96059036254883
18987,31.969999313354492,31.395259857177734
18988,5.630000114440918,1.0550620555877686
18989,20.389999389648438,19.050382614135742
18990,25.770000457763672,26.64373779296875
18991,40.2599983215332,40.79127502441406
18992,32.029998779296875,28.188444137573242
18993,10.710000038146973,11.292023658752441
18994,33.18000030517578,34.85588836669922
18995,9.039999961853027,7.829639434814453
18996,26.709999084472656,26.706777572631836
18997,41.459999084472656,38.59242248535156
18998,11.460000038146973,10.300028800964355
18999,29.510000228881836,31.257789611816406
19000,27.739999771118164,28.264707565307617
19001,17.549999237060547,16.033123016357422
19002,38.689998626708984,40.2948112487793
19003,27.559999465942383,27.89395523071289
19004,75.05000305175781,68.20822143554688
19005,41.720001220703125,44.744747161865234
19006,31.40999984741211,30.640642166137695
19007,22.360000610351562,24.187009811401367
19008,24.84000015258789,27.290925979614258
19009,50.02000045776367,45.10913848876953
19010,18.229999542236328,17.799413681030273
19011,17.299999237060547,15.885120391845703
19012,37.15999984741211,37.06584930419922
19013,57.560001373291016,50.12096405029297
19014,15.710000038146973,18.171539306640625
19015,14.1899995803833,12.665555000305176
19016,6.110000133514404,8.709033012390137
19017,10.699999809265137,12.530159950256348
19018,47.900001525878906,55.08871841430664
19019,7.21999979019165,4.904553413391113
19020,30.799999237060547,32.6074333190918
19021,3.2100000381469727,0.27167290449142456
19022,24.790000915527344,21.860973358154297
19023,63.5,60.867469787597656
19024,32.040000915527344,35.07000732421875
19025,40.2599983215332,37.42835998535156
19026,17.030000686645508,12.702139854431152
19027,27.829999923706055,24.83997917175293
19028,8.0600004196167,8.093460083007812
19029,19.450000762939453,19.85605239868164
19030,16.690000534057617,19.313377380371094
19031,11.84000015258789,9.496060371398926
19032,36.06999969482422,44.26256561279297
19033,36.33000183105469,39.51865005493164
19034,21.239999771118164,24.190670013427734
19035,11.4399995803833,11.183541297912598
19036,40.31999969482422,43.553680419921875
19037,70.7300033569336,69.30986022949219
19038,23.610000610351562,19.314193725585938
19039,3.3499999046325684,3.3788695335388184
19040,22.100000381469727,23.468976974487305
19041,25.149999618530273,25.209470748901367
19042,44.09000015258789,46.32552719116211
19043,35.900001525878906,38.121158599853516
19044,59.209999084472656,57.52598571777344
19045,28.420000076293945,30.795284271240234
19046,31.5,31.80768585205078
19047,44.77000045776367,47.79173278808594
19048,29.65999984741211,34.371856689453125
19049,37.599998474121094,39.93449401855469
19050,32.529998779296875,31.521955490112305
19051,41.84000015258789,44.6338996887207
19052,29.329999923706055,35.630897521972656
19053,18.110000610351562,20.600147247314453
19054,9.729999542236328,10.815879821777344
19055,19.90999984741211,19.835041046142578
19056,32.130001068115234,33.70072555541992
19057,44.540000915527344,42.075077056884766
19058,11.149999618530273,9.3076810836792
19059,24.739999771118164,23.976747512817383
19060,27.030000686645508,31.974075317382812
19061,60.20000076293945,55.21861267089844
19062,5.019999980926514,6.226285934448242
19063,11.949999809265137,12.534520149230957
19064,17.780000686645508,22.279747009277344
19065,46.060001373291016,47.992881774902344
19066,53.91999816894531,50.847076416015625
19067,41.86000061035156,41.28236389160156
19068,5.630000114440918,8.016288757324219
19069,18.1200008392334,18.231672286987305
19070,8.970000267028809,12.356549263000488
19071,32.95000076293945,28.341093063354492
19072,3.440000057220459,8.37028980255127
19073,21.31999969482422,21.712749481201172
19074,15.550000190734863,15.389251708984375
19075,72.30999755859375,73.32254028320312
19076,30.110000610351562,29.559982299804688
19077,7.059999942779541,9.037763595581055
19078,19.329999923706055,21.57024574279785
19079,20.049999237060547,20.83411407470703
19080,51.56999969482422,51.89479446411133
19081,10.25,10.645853996276855
19082,41.34000015258789,39.81190490722656
19083,26.889999389648438,27.66959571838379
19084,56.310001373291016,46.84006118774414
19085,52.93000030517578,44.804019927978516
19086,41.75,45.82746124267578
19087,56.060001373291016,46.998992919921875
19088,22.010000228881836,24.186660766601562
19089,27.360000610351562,27.51451301574707
19090,23.559999465942383,23.79076385498047
19091,40.18000030517578,42.650230407714844
19092,18.030000686645508,18.022119522094727
19093,35.630001068115234,35.063926696777344
19094,1.4700000286102295,6.254658222198486
19095,38.290000915527344,38.80471420288086
19096,34.02000045776367,31.906648635864258
19097,20.889999389648438,17.75328826904297
19098,37.119998931884766,36.47013854980469
19099,36.349998474121094,39.55039978027344
19100,29.290000915527344,31.728534698486328
19101,40.70000076293945,44.30968475341797
19102,42.709999084472656,40.44514083862305
19103,34.63999938964844,32.234283447265625
19104,19.600000381469727,19.55977439880371
19105,61.72999954223633,59.62545394897461
19106,10.0600004196167,11.169598579406738
19107,37.310001373291016,36.22473907470703
19108,14.010000228881836,14.088366508483887
19109,35.34000015258789,33.52021026611328
19110,23.770000457763672,22.967327117919922
19111,8.59000015258789,10.60850715637207
19112,28.010000228881836,27.81440544128418
19113,44.83000183105469,49.72926712036133
19114,18.56999969482422,16.776988983154297
19115,26.93000030517578,29.449634552001953
19116,22.829999923706055,24.969501495361328
19117,53.54999923706055,49.137840270996094
19118,67.91000366210938,63.201751708984375
19119,46.209999084472656,44.998680114746094
19120,25.59000015258789,24.29831314086914
19121,5.440000057220459,9.287140846252441
19122,8.5,9.250372886657715
19123,34.2599983215332,33.67715835571289
19124,7.139999866485596,8.968374252319336
19125,50.4900016784668,47.00086975097656
19126,14.09000015258789,13.270578384399414
19127,22.09000015258789,25.127206802368164
19128,44.22999954223633,41.21788787841797
19129,23.18000030517578,26.415771484375
19130,21.209999084472656,22.349889755249023
19131,17.950000762939453,18.752330780029297
19132,10.869999885559082,10.693510055541992
19133,16.549999237060547,12.83598804473877
19134,39.02000045776367,35.16509246826172
19135,30.049999237060547,30.297103881835938
19136,11.199999809265137,11.439016342163086
19137,3.0,0.022556247189641
19138,29.399999618530273,29.41969871520996
19139,31.729999542236328,30.965744018554688
19140,30.1299991607666,32.13701248168945
19141,11.899999618530273,12.441996574401855
19142,36.83000183105469,36.69099426269531
19143,15.800000190734863,13.29689884185791
19144,11.739999771118164,13.585039138793945
19145,34.060001373291016,32.97944641113281
19146,8.130000114440918,10.1094331741333
19147,15.420000076293945,14.154037475585938
19148,36.400001525878906,40.43061447143555
19149,36.029998779296875,36.47843933105469
19150,35.720001220703125,36.36384582519531
19151,4.230000019073486,5.209332466125488
19152,11.420000076293945,10.263205528259277
19153,50.43000030517578,48.996124267578125
19154,23.030000686645508,24.14250373840332
19155,61.83000183105469,61.45134353637695
19156,25.790000915527344,24.233095169067383
19157,51.310001373291016,51.70759582519531
19158,45.22999954223633,44.20527648925781
19159,15.399999618530273,11.78238296508789
19160,50.68000030517578,53.410091400146484
19161,10.569999694824219,8.888739585876465
19162,5.630000114440918,6.918161392211914
19163,6.920000076293945,5.016266345977783
19164,27.329999923706055,26.32876205444336
19165,46.959999084472656,42.95555114746094
19166,20.149999618530273,22.959775924682617
19167,40.150001525878906,39.99152374267578
19168,29.079999923706055,29.547809600830078
19169,20.809999465942383,23.432861328125
19170,4.800000190734863,6.7112531661987305
19171,21.389999389648438,20.72618293762207
19172,17.420000076293945,19.575965881347656
19173,46.83000183105469,39.4991455078125
19174,17.3799991607666,18.097352981567383
19175,8.470000267028809,9.119107246398926
19176,20.270000457763672,22.408843994140625
19177,47.630001068115234,43.49694061279297
19178,42.869998931884766,43.59239959716797
19179,28.639999389648438,31.1309871673584
19180,36.2400016784668,39.85126876831055
19181,8.470000267028809,7.4124436378479
19182,8.399999618530273,7.1480560302734375
19183,26.479999542236328,28.897201538085938
19184,1.6699999570846558,17.62377166748047
19185,28.760000228881836,24.140647888183594
19186,45.29999923706055,48.40309143066406
19187,55.45000076293945,52.97928237915039
19188,35.279998779296875,32.4130744934082
19189,31.540000915527344,32.44390869140625
19190,22.93000030517578,19.3371639251709
19191,13.479999542236328,8.411904335021973
19192,54.7599983215332,50.88579559326172
19193,46.959999084472656,51.4355583190918
19194,37.939998626708984,33.27825927734375
19195,68.19000244140625,64.76759338378906
19196,42.59000015258789,48.901695251464844
19197,48.189998626708984,47.284637451171875
19198,15.25,12.292333602905273
19199,22.610000610351562,23.374324798583984
19200,62.27000045776367,62.819828033447266
19201,17.56999969482422,21.942792892456055
19202,13.229999542236328,11.794394493103027
19203,4.619999885559082,4.359870910644531
19204,5.559999942779541,7.8845624923706055
19205,38.2400016784668,35.53009033203125
19206,17.3799991607666,39.40727615356445
19207,2.259999990463257,5.66459846496582
19208,56.11000061035156,48.91953659057617
19209,26.75,28.627946853637695
19210,37.959999084472656,36.475440979003906
19211,22.899999618530273,24.728899002075195
19212,24.420000076293945,26.807275772094727
19213,24.829999923706055,19.189666748046875
19214,20.079999923706055,18.678892135620117
19215,13.779999732971191,18.878000259399414
19216,53.279998779296875,56.82404327392578
19217,36.470001220703125,32.372161865234375
19218,67.63999938964844,58.287540435791016
19219,19.90999984741211,20.887075424194336
19220,17.959999084472656,20.08002471923828
19221,55.5099983215332,58.748626708984375
19222,20.3799991607666,23.65648651123047
19223,11.779999732971191,12.746136665344238
19224,7.630000114440918,6.998389720916748
19225,11.869999885559082,10.625165939331055
19226,25.079999923706055,26.165983200073242
19227,23.020000457763672,24.019689559936523
19228,45.15999984741211,40.74658966064453
19229,31.09000015258789,30.65013313293457
19230,10.720000267028809,10.585996627807617
19231,7.829999923706055,5.911235332489014
19232,30.81999969482422,33.91904067993164
19233,11.710000038146973,8.45193099975586
19234,21.780000686645508,21.784191131591797
19235,58.630001068115234,51.44429016113281
19236,28.889999389648438,31.99771499633789
19237,16.360000610351562,16.290908813476562
19238,4.679999828338623,2.630380153656006
19239,32.04999923706055,29.47562599182129
19240,13.979999542236328,13.061249732971191
19241,21.559999465942383,23.226442337036133
19242,39.349998474121094,43.53148651123047
19243,17.68000030517578,16.101890563964844
19244,6.570000171661377,6.654924392700195
19245,37.81999969482422,35.30925369262695
19246,38.540000915527344,39.75071716308594
19247,44.90999984741211,45.606956481933594
19248,20.940000534057617,19.934070587158203
19249,31.149999618530273,28.88896369934082
19250,66.16000366210938,57.094478607177734
19251,2.740000009536743,6.204348564147949
19252,6.130000114440918,5.7819600105285645
19253,16.950000762939453,15.841721534729004
19254,6.579999923706055,5.812132358551025
19255,45.25,45.26841735839844
19256,51.70000076293945,50.21778106689453
19257,45.47999954223633,49.25253677368164
19258,66.91999816894531,60.721771240234375
19259,58.880001068115234,54.179508209228516
19260,44.83000183105469,49.01378631591797
19261,17.110000610351562,18.127716064453125
19262,47.93000030517578,47.42926025390625
19263,14.329999923706055,15.38379955291748
19264,23.010000228881836,20.825939178466797
19265,52.290000915527344,52.94717025756836
19266,73.43000030517578,65.35501098632812
19267,29.329999923706055,29.427005767822266
19268,31.360000610351562,30.97712516784668
19269,69.20999908447266,61.158531188964844
19270,16.030000686645508,19.178884506225586
19271,24.950000762939453,22.505504608154297
19272,13.069999694824219,12.540169715881348
19273,11.609999656677246,11.535473823547363
19274,6.239999771118164,8.361231803894043
19275,23.489999771118164,24.08304214477539
19276,34.09000015258789,35.35107421875
19277,2.75,1.657700538635254
19278,45.29999923706055,32.138607025146484
19279,41.04999923706055,40.8176155090332
19280,12.050000190734863,12.44418716430664
19281,37.77000045776367,34.248016357421875
19282,14.880000114440918,16.235801696777344
19283,27.219999313354492,26.758758544921875
19284,27.31999969482422,32.03417205810547
19285,19.809999465942383,18.737689971923828
19286,32.310001373291016,38.314369201660156
19287,55.83000183105469,55.10314178466797
19288,13.739999771118164,15.995060920715332
19289,46.27000045776367,43.133819580078125
19290,73.4800033569336,70.64289855957031
19291,12.239999771118164,12.123625755310059
19292,6.179999828338623,6.251869201660156
19293,12.869999885559082,12.671887397766113
19294,46.029998779296875,42.81392288208008
19295,33.720001220703125,27.7120361328125
19296,42.709999084472656,42.56747817993164
19297,48.040000915527344,47.857994079589844
19298,47.38999938964844,49.689544677734375
19299,20.459999084472656,18.5545654296875
19300,24.780000686645508,26.791236877441406
19301,31.90999984741211,33.95170211791992
19302,32.52000045776367,30.75139045715332
19303,20.110000610351562,19.3129940032959
19304,72.70999908447266,67.71699523925781
19305,17.440000534057617,15.675117492675781
19306,4.119999885559082,2.7770256996154785
19307,20.68000030517578,22.333843231201172
19308,27.309999465942383,29.06968116760254
19309,18.450000762939453,15.974076271057129
19310,50.91999816894531,56.19441604614258
19311,29.979999542236328,28.361034393310547
19312,28.8700008392334,27.911792755126953
19313,37.13999938964844,39.1390380859375
19314,3.609999895095825,2.395749807357788
19315,36.540000915527344,44.2379264831543
19316,27.889999389648438,32.21519470214844
19317,30.649999618530273,30.896821975708008
19318,34.65999984741211,35.038055419921875
19319,34.75,35.208473205566406
19320,44.25,43.18720245361328
19321,29.850000381469727,30.770954132080078
19322,25.479999542236328,25.823699951171875
19323,72.48999786376953,68.00874328613281
19324,15.140000343322754,14.619709968566895
19325,29.56999969482422,26.374372482299805
19326,27.350000381469727,25.9846248626709
19327,10.680000305175781,10.448328018188477
19328,75.25,59.95785140991211
19329,15.979999542236328,14.994409561157227
19330,27.6299991607666,23.646343231201172
19331,34.849998474121094,33.73779296875
19332,52.9900016784668,52.3273811340332
19333,14.619999885559082,13.369551658630371
19334,58.58000183105469,52.72154235839844
19335,24.579999923706055,25.54775619506836
19336,9.0,8.560654640197754
19337,35.040000915527344,39.1782112121582
19338,25.229999542236328,29.32657814025879
19339,21.639999389648438,25.51881980895996
19340,23.360000610351562,39.34287643432617
19341,47.959999084472656,47.642669677734375
19342,49.33000183105469,48.02440643310547
19343,22.969999313354492,25.468610763549805
19344,33.470001220703125,33.44633483886719
19345,34.209999084472656,37.24165725708008
19346,23.479999542236328,25.0433292388916
19347,62.06999969482422,63.64177322387695
19348,18.110000610351562,16.556631088256836
19349,14.529999732971191,16.111387252807617
19350,14.8100004196167,17.746700286865234
19351,29.350000381469727,29.001911163330078
19352,25.600000381469727,18.551450729370117
19353,32.47999954223633,32.35572814941406
19354,21.3799991607666,22.863901138305664
19355,9.380000114440918,4.917843341827393
19356,4.71999979019165,4.667603969573975
19357,9.819999694824219,10.095545768737793
19358,60.47999954223633,56.93685531616211
19359,26.200000762939453,23.77781105041504
19360,5.590000152587891,5.89772891998291
19361,13.75,14.811534881591797
19362,35.849998474121094,38.94314193725586
19363,14.359999656677246,25.60678482055664
19364,14.369999885559082,15.117074966430664
19365,11.770000457763672,11.062946319580078
19366,40.15999984741211,39.52238464355469
19367,5.809999942779541,7.955471992492676
19368,17.6200008392334,15.46247673034668
19369,31.489999771118164,32.921531677246094
19370,59.150001525878906,54.17149353027344
19371,7.119999885559082,7.805535316467285
19372,8.609999656677246,8.455357551574707
19373,46.11000061035156,52.152095794677734
19374,9.229999542236328,7.466911792755127
19375,31.739999771118164,33.44285202026367
19376,38.619998931884766,35.45012283325195
19377,51.90999984741211,51.44711685180664
19378,26.229999542236328,22.4556941986084
19379,18.360000610351562,19.670827865600586
19380,9.319999694824219,6.747122764587402
19381,18.75,19.835968017578125
19382,11.970000267028809,12.689309120178223
19383,19.360000610351562,19.29138946533203
19384,14.119999885559082,14.481802940368652
19385,29.959999084472656,33.908348083496094
19386,18.809999465942383,17.348468780517578
19387,49.560001373291016,56.379127502441406
19388,11.069999694824219,11.828964233398438
19389,11.470000267028809,11.228797912597656
19390,22.81999969482422,23.57587432861328
19391,43.029998779296875,45.27122497558594
19392,2.700000047683716,3.0380799770355225
19393,7.800000190734863,7.873321056365967
19394,43.529998779296875,39.64720153808594
19395,35.0099983215332,33.83951187133789
19396,14.710000038146973,15.208866119384766
19397,35.720001220703125,33.557926177978516
19398,4.090000152587891,0.13046544790267944
19399,43.16999816894531,39.020023345947266
19400,30.979999542236328,33.363975524902344
19401,10.09000015258789,12.21503734588623
19402,18.290000915527344,24.266361236572266
19403,41.7400016784668,34.354766845703125
19404,15.869999885559082,17.408031463623047
19405,12.270000457763672,22.296489715576172
19406,20.959999084472656,21.103517532348633
19407,8.619999885559082,10.156525611877441
19408,35.970001220703125,42.85395050048828
19409,3.059999942779541,5.002462387084961
19410,8.0,11.060702323913574
19411,16.459999084472656,15.218466758728027
19412,14.380000114440918,14.462991714477539
19413,34.13999938964844,30.100019454956055
19414,43.0,44.20484924316406
19415,21.40999984741211,25.575119018554688
19416,15.270000457763672,17.050811767578125
19417,23.459999084472656,25.955341339111328
19418,21.399999618530273,22.372682571411133
19419,38.72999954223633,35.874732971191406
19420,6.53000020980835,5.296364784240723
19421,19.329999923706055,20.291318893432617
19422,3.3499999046325684,3.201204776763916
19423,35.97999954223633,44.836204528808594
19424,36.18000030517578,32.92863082885742
19425,71.52999877929688,69.50895690917969
19426,17.40999984741211,15.349482536315918
19427,17.3799991607666,19.28805160522461
19428,19.1200008392334,18.03886604309082
19429,5.340000152587891,6.824088096618652
19430,9.489999771118164,10.018613815307617
19431,41.869998931884766,44.863319396972656
19432,24.729999542236328,24.851404190063477
19433,13.859999656677246,18.40915870666504
19434,16.440000534057617,16.793663024902344
19435,25.170000076293945,34.37531280517578
19436,13.100000381469727,14.459324836730957
19437,19.040000915527344,19.78923797607422
19438,20.309999465942383,21.003236770629883
19439,23.729999542236328,23.315906524658203
19440,20.559999465942383,22.901649475097656
19441,43.75,36.21308517456055
19442,57.18000030517578,56.431331634521484
19443,26.6200008392334,26.570186614990234
19444,10.420000076293945,11.930153846740723
19445,62.4900016784668,63.10441970825195
19446,6.769999980926514,9.61937141418457
19447,35.34000015258789,36.62140655517578
19448,29.309999465942383,30.247638702392578
19449,37.20000076293945,40.08802032470703
19450,13.100000381469727,13.432901382446289
19451,35.380001068115234,40.244850158691406
19452,19.06999969482422,17.919023513793945
19453,23.3700008392334,22.871143341064453
19454,56.61000061035156,54.235111236572266
19455,39.83000183105469,43.0667839050293
19456,21.25,27.048171997070312
19457,10.8100004196167,12.108352661132812
19458,30.549999237060547,29.331302642822266
19459,76.94999694824219,59.49825668334961
19460,20.729999542236328,22.432939529418945
19461,19.030000686645508,15.692634582519531
19462,47.7599983215332,44.31977081298828
19463,26.389999389648438,27.508533477783203
19464,22.190000534057617,23.508697509765625
19465,56.08000183105469,55.522056579589844
19466,25.799999237060547,24.342649459838867
19467,15.579999923706055,14.744471549987793
19468,13.9399995803833,13.913400650024414
19469,29.670000076293945,29.732257843017578
19470,19.549999237060547,21.46292495727539
19471,54.31999969482422,58.19399642944336
19472,30.600000381469727,27.079383850097656
19473,31.739999771118164,35.46080780029297
19474,27.600000381469727,29.48394775390625
19475,15.760000228881836,17.830934524536133
19476,56.79999923706055,57.75257873535156
19477,4.679999828338623,4.6761603355407715
19478,20.440000534057617,21.543956756591797
19479,26.399999618530273,28.763696670532227
19480,63.150001525878906,61.122154235839844
19481,29.020000457763672,28.213605880737305
19482,33.9900016784668,33.027767181396484
19483,21.030000686645508,23.146854400634766
19484,19.280000686645508,21.42930030822754
19485,41.45000076293945,38.92742919921875
19486,27.770000457763672,30.236125946044922
19487,38.189998626708984,41.25862121582031
19488,66.47000122070312,59.86026382446289
19489,38.93000030517578,43.82266616821289
19490,24.34000015258789,28.7010498046875
19491,13.640000343322754,20.341510772705078
19492,17.579999923706055,15.848438262939453
19493,23.81999969482422,23.704612731933594
19494,27.309999465942383,29.818222045898438
19495,53.61000061035156,48.86222457885742
19496,24.649999618530273,28.67504119873047
19497,0.800000011920929,9.029587745666504
19498,34.0,34.016807556152344
19499,41.61000061035156,42.18980407714844
19500,5.139999866485596,5.606060028076172
19501,28.280000686645508,30.276039123535156
19502,12.489999771118164,10.653238296508789
19503,6.230000019073486,8.781698226928711
19504,33.08000183105469,36.38436508178711
19505,31.309999465942383,31.369001388549805
19506,18.299999237060547,23.51940155029297
19507,32.900001525878906,29.9892578125
19508,20.5,20.580102920532227
19509,32.810001373291016,31.552143096923828
19510,38.540000915527344,37.6572380065918
19511,30.3799991607666,31.420141220092773
19512,35.40999984741211,38.59674072265625
19513,42.06999969482422,47.05179214477539
19514,24.969999313354492,28.861587524414062
19515,57.40999984741211,60.99248123168945
19516,16.25,17.048297882080078
19517,30.600000381469727,31.534503936767578
19518,33.310001373291016,30.198936462402344
19519,12.069999694824219,13.096382141113281
19520,21.209999084472656,23.24620246887207
19521,39.33000183105469,39.20657730102539
19522,72.51000213623047,69.23200988769531
19523,35.81999969482422,38.296085357666016
19524,26.440000534057617,29.82455062866211
19525,51.439998626708984,48.4033203125
19526,61.47999954223633,61.656837463378906
19527,34.68000030517578,37.607269287109375
19528,13.640000343322754,12.732095718383789
19529,62.439998626708984,65.2658920288086
19530,35.81999969482422,35.170562744140625
19531,21.239999771118164,19.753345489501953
19532,12.539999961853027,12.417616844177246
19533,32.290000915527344,32.052452087402344
19534,28.850000381469727,29.824865341186523
19535,33.650001525878906,33.6607780456543
19536,28.110000610351562,31.197341918945312
19537,42.900001525878906,43.55812072753906
19538,20.540000915527344,18.429759979248047
19539,21.079999923706055,23.094070434570312
19540,24.989999771118164,25.238296508789062
19541,22.81999969482422,25.591554641723633
19542,34.58000183105469,33.922607421875
19543,21.209999084472656,21.43688201904297
19544,29.559999465942383,29.2376766204834
19545,14.25,15.798133850097656
19546,48.38999938964844,48.8752326965332
19547,29.299999237060547,27.5389404296875
19548,8.489999771118164,8.428603172302246
19549,2.880000114440918,5.144934177398682
19550,4.809999942779541,5.1043381690979
19551,8.819999694824219,10.043182373046875
19552,4.639999866485596,9.952986717224121
19553,34.540000915527344,33.630714416503906
19554,19.459999084472656,19.4311580657959
19555,15.260000228881836,17.703529357910156
19556,10.6899995803833,9.38327407836914
19557,4.849999904632568,7.676303863525391
19558,12.5,17.14911460876465
19559,37.20000076293945,31.650514602661133
19560,9.479999542236328,7.91033411026001
19561,18.610000610351562,16.099098205566406
19562,9.619999885559082,9.539849281311035
19563,19.969999313354492,25.512130737304688
19564,26.690000534057617,26.411651611328125
19565,28.5,28.469812393188477
19566,33.20000076293945,32.475799560546875
19567,58.22999954223633,58.837562561035156
19568,35.77000045776367,39.65732955932617
19569,11.989999771118164,13.36132526397705
19570,10.510000228881836,10.893499374389648
19571,22.670000076293945,26.23306655883789
19572,7.53000020980835,6.609694004058838
19573,9.739999771118164,6.524906635284424
19574,18.899999618530273,20.863046646118164
19575,26.350000381469727,23.988245010375977
19576,39.040000915527344,46.68279266357422
19577,14.149999618530273,12.54078483581543
19578,36.560001373291016,36.966033935546875
19579,4.260000228881836,4.212376594543457
19580,47.529998779296875,46.90510940551758
19581,37.38999938964844,40.57855987548828
19582,54.380001068115234,52.408992767333984
19583,41.36000061035156,43.230690002441406
19584,64.4800033569336,58.29917526245117
19585,17.030000686645508,16.270462036132812
19586,17.270000457763672,19.656469345092773
19587,19.200000762939453,18.902481079101562
19588,4.119999885559082,2.2021334171295166
19589,14.210000038146973,14.144622802734375
19590,5.75,4.972649097442627
19591,45.810001373291016,52.60988235473633
19592,47.189998626708984,45.36307144165039
19593,4.710000038146973,7.242900848388672
19594,21.43000030517578,23.528202056884766
19595,19.469999313354492,14.850668907165527
19596,15.130000114440918,15.264826774597168
19597,15.600000381469727,13.905425071716309
19598,28.850000381469727,29.02077865600586
19599,5.110000133514404,7.124750137329102
19600,7.010000228881836,7.051767349243164
19601,13.300000190734863,13.030387878417969
19602,26.459999084472656,28.109943389892578
19603,7.869999885559082,8.176239013671875
19604,15.329999923706055,15.903860092163086
19605,46.310001373291016,41.3111457824707
19606,21.84000015258789,21.839570999145508
19607,18.309999465942383,17.752296447753906
19608,31.139999389648438,31.408029556274414
19609,11.8100004196167,10.897631645202637
19610,18.969999313354492,23.70907974243164
19611,42.209999084472656,35.193824768066406
19612,60.95000076293945,50.523170471191406
19613,30.899999618530273,31.184429168701172
19614,18.889999389648438,19.731727600097656
19615,48.290000915527344,44.812965393066406
19616,46.11000061035156,43.82190704345703
19617,28.149999618530273,26.56641960144043
19618,30.209999084472656,31.638307571411133
19619,27.850000381469727,22.6259765625
19620,24.5,26.206043243408203
19621,19.799999237060547,18.030235290527344
19622,9.739999771118164,9.161558151245117
19623,47.09000015258789,50.01534652709961
19624,11.970000267028809,9.45560073852539
19625,4.539999961853027,4.295347213745117
19626,4.070000171661377,6.098006248474121
19627,28.93000030517578,28.359378814697266
19628,31.06999969482422,28.74143409729004
19629,15.460000038146973,16.71441078186035
19630,21.1200008392334,26.134719848632812
19631,43.63999938964844,39.47883987426758
19632,16.450000762939453,17.118738174438477
19633,31.649999618530273,31.28407859802246
19634,3.2799999713897705,8.61984634399414
19635,14.609999656677246,12.78172492980957
19636,20.84000015258789,16.907955169677734
19637,23.690000534057617,24.146902084350586
19638,34.25,38.27116394042969
19639,32.36000061035156,30.5894775390625
19640,20.709999084472656,23.864482879638672
19641,16.5,16.657215118408203
19642,21.520000457763672,22.884437561035156
19643,46.970001220703125,41.30298614501953
19644,37.47999954223633,37.3305778503418
19645,30.8700008392334,31.422189712524414
19646,21.239999771118164,20.10974884033203
19647,23.729999542236328,23.69417953491211
19648,24.940000534057617,28.460369110107422
19649,48.38999938964844,49.49027633666992
19650,7.139999866485596,7.112332820892334
19651,18.440000534057617,18.931177139282227
19652,13.050000190734863,12.353795051574707
19653,7.610000133514404,7.124443531036377
19654,24.920000076293945,26.292394638061523
19655,32.06999969482422,35.784873962402344
19656,29.260000228881836,30.585227966308594
19657,19.770000457763672,17.0272159576416
19658,16.950000762939453,16.813825607299805
19659,48.5099983215332,48.26240539550781
19660,15.09000015258789,16.035465240478516
19661,18.450000762939453,17.856887817382812
19662,44.84000015258789,48.95250701904297
19663,7.440000057220459,11.232211112976074
19664,62.099998474121094,56.78517150878906
19665,28.8799991607666,31.324094772338867
19666,32.34000015258789,39.00933837890625
19667,40.81999969482422,42.701900482177734
19668,55.91999816894531,54.7427978515625
19669,27.170000076293945,26.50275993347168
19670,16.610000610351562,15.268162727355957
19671,10.770000457763672,11.737236976623535
19672,14.720000267028809,14.529752731323242
19673,17.84000015258789,15.230405807495117
19674,45.599998474121094,46.869590759277344
19675,17.18000030517578,19.605674743652344
19676,40.09000015258789,35.86920166015625
19677,37.29999923706055,33.745567321777344
19678,32.959999084472656,32.429664611816406
19679,33.650001525878906,31.793718338012695
19680,78.44999694824219,64.35200500488281
19681,27.420000076293945,28.147153854370117
19682,57.400001525878906,57.560707092285156
19683,52.380001068115234,54.411224365234375
19684,8.40999984741211,5.665478229522705
19685,23.979999542236328,25.102558135986328
19686,21.940000534057617,20.986343383789062
19687,34.41999816894531,33.08074951171875
19688,25.780000686645508,26.245506286621094
19689,19.940000534057617,19.201011657714844
19690,14.630000114440918,12.041709899902344
19691,3.2200000286102295,1.3651171922683716
19692,52.41999816894531,51.474403381347656
19693,18.850000381469727,16.422500610351562
19694,20.459999084472656,19.693681716918945
19695,36.40999984741211,34.08300018310547
19696,10.789999961853027,10.614270210266113
19697,15.59000015258789,14.967799186706543
19698,21.209999084472656,20.623577117919922
19699,44.88999938964844,53.24835205078125
19700,11.479999542236328,7.5698628425598145
19701,38.2599983215332,41.63734436035156
19702,21.059999465942383,20.04252815246582
19703,27.799999237060547,25.776601791381836
19704,31.8700008392334,28.62228775024414
19705,6.139999866485596,6.337530136108398
19706,22.010000228881836,21.947664260864258
19707,36.0099983215332,38.00666046142578
19708,25.950000762939453,25.643142700195312
19709,17.25,16.394250869750977
19710,34.380001068115234,39.09653091430664
19711,10.989999771118164,12.041876792907715
19712,45.810001373291016,46.376522064208984
19713,33.310001373291016,36.75831604003906
19714,34.58000183105469,38.55464553833008
19715,27.25,30.52506446838379
19716,17.440000534057617,18.519615173339844
19717,51.09000015258789,53.825279235839844
19718,11.380000114440918,10.641865730285645
19719,30.09000015258789,31.091829299926758
19720,8.300000190734863,9.484040260314941
19721,7.760000228881836,9.486572265625
19722,20.520000457763672,18.175334930419922
19723,20.81999969482422,21.191307067871094
19724,39.310001373291016,40.49125289916992
19725,5.099999904632568,7.196710586547852
19726,8.220000267028809,8.4905424118042
19727,14.4399995803833,14.587639808654785
19728,45.04999923706055,46.62004470825195
19729,9.380000114440918,8.274975776672363
19730,4.190000057220459,0.6863250136375427
19731,12.210000038146973,12.309537887573242
19732,33.310001373291016,34.69699478149414
19733,35.2400016784668,32.43559646606445
19734,12.65999984741211,12.745299339294434
19735,12.369999885559082,13.59531021118164
19736,28.290000915527344,26.195838928222656
19737,27.6200008392334,29.11760711669922
19738,40.689998626708984,40.26700973510742
19739,18.600000381469727,18.708057403564453
19740,25.329999923706055,28.129533767700195
19741,31.559999465942383,27.840906143188477
19742,40.83000183105469,44.81446075439453
19743,19.770000457763672,19.154916763305664
19744,28.219999313354492,23.85808563232422
19745,5.539999961853027,5.005527496337891
19746,40.02000045776367,39.49983215332031
19747,22.809999465942383,22.43634796142578
19748,69.0999984741211,61.760902404785156
19749,12.9399995803833,10.889479637145996
19750,59.560001373291016,55.561370849609375
19751,52.56999969482422,51.65115737915039
19752,35.59000015258789,34.677799224853516
19753,52.060001373291016,51.877037048339844
19754,22.010000228881836,22.02334976196289
19755,16.239999771118164,25.597440719604492
19756,52.869998931884766,50.09247589111328
19757,7.460000038146973,5.361186981201172
19758,7.829999923706055,6.374375343322754
19759,19.540000915527344,19.691619873046875
19760,14.300000190734863,12.8396577835083
19761,41.470001220703125,37.39338302612305
19762,54.43000030517578,57.91069793701172
19763,19.309999465942383,21.80327606201172
19764,22.670000076293945,22.26882553100586
19765,24.290000915527344,25.776592254638672
19766,47.04999923706055,45.245399475097656
19767,69.43000030517578,59.79579162597656
19768,38.529998779296875,42.176605224609375
19769,22.030000686645508,25.37331771850586
19770,10.220000267028809,11.736732482910156
19771,8.15999984741211,4.781155586242676
19772,17.760000228881836,17.869606018066406
19773,24.75,20.85524559020996
19774,39.540000915527344,34.62253189086914
19775,28.25,27.22520637512207
19776,22.110000610351562,25.214235305786133
19777,7.019999980926514,7.063115119934082
19778,43.060001373291016,36.3052864074707
19779,43.95000076293945,47.36600112915039
19780,13.289999961853027,15.938079833984375
19781,24.329999923706055,23.689184188842773
19782,20.610000610351562,20.678316116333008
19783,42.81999969482422,42.037017822265625
19784,34.70000076293945,37.20866394042969
19785,36.40999984741211,29.841705322265625
19786,24.030000686645508,21.934598922729492
19787,58.86000061035156,54.366920471191406
19788,24.979999542236328,25.610538482666016
19789,17.739999771118164,16.73931121826172
19790,48.5099983215332,47.10734939575195
19791,25.790000915527344,27.504459381103516
19792,11.930000305175781,13.019429206848145
19793,30.649999618530273,29.36350440979004
19794,3.509999990463257,2.026179075241089
19795,31.600000381469727,38.498687744140625
19796,37.130001068115234,39.411720275878906
19797,40.630001068115234,32.380821228027344
19798,25.040000915527344,21.476930618286133
19799,3.690000057220459,6.5001959800720215
19800,25.31999969482422,25.017467498779297
19801,12.84000015258789,12.878249168395996
19802,35.119998931884766,40.60236358642578
19803,3.8499999046325684,2.510753631591797
19804,31.889999389648438,32.719478607177734
19805,30.829999923706055,37.812435150146484
19806,17.90999984741211,18.231164932250977
19807,25.649999618530273,26.308616638183594
19808,15.770000457763672,15.465435028076172
19809,12.010000228881836,10.932649612426758
19810,36.47999954223633,34.888389587402344
19811,45.15999984741211,43.81024932861328
19812,55.47999954223633,49.44502639770508
19813,13.859999656677246,16.281312942504883
19814,25.06999969482422,28.105236053466797
19815,7.269999980926514,10.140074729919434
19816,30.489999771118164,28.848119735717773
19817,9.600000381469727,9.024917602539062
19818,25.209999084472656,25.322599411010742
19819,2.700000047683716,1.8086878061294556
19820,20.920000076293945,19.248119354248047
19821,14.130000114440918,15.244832992553711
19822,63.91999816894531,69.6329345703125
19823,21.350000381469727,21.052024841308594
19824,18.530000686645508,18.733036041259766
19825,33.470001220703125,33.20151138305664
19826,46.779998779296875,45.62550735473633
19827,13.300000190734863,15.526101112365723
19828,37.119998931884766,34.75274658203125
19829,4.449999809265137,7.930732250213623
19830,8.380000114440918,5.181361675262451
19831,17.6200008392334,16.88848304748535
19832,5.039999961853027,8.463231086730957
19833,6.03000020980835,7.484547138214111
19834,30.510000228881836,29.484928131103516
19835,35.630001068115234,36.66358947753906
19836,20.5,21.25896453857422
19837,16.079999923706055,15.652000427246094
19838,44.290000915527344,41.86656188964844
19839,10.529999732971191,11.26143741607666
19840,17.399999618530273,14.62391471862793
19841,21.770000457763672,22.826648712158203
19842,5.519999980926514,4.306339740753174
19843,6.329999923706055,16.892152786254883
19844,36.779998779296875,42.659950256347656
19845,75.08999633789062,62.8507080078125
19846,19.690000534057617,20.231101989746094
19847,32.22999954223633,36.34860610961914
19848,33.5,27.735149383544922
19849,9.479999542236328,11.20329475402832
19850,52.400001525878906,50.4335823059082
19851,33.209999084472656,32.332420349121094
19852,46.849998474121094,44.018924713134766
19853,72.7699966430664,70.790771484375
19854,9.390000343322754,9.228560447692871
19855,32.209999084472656,26.458293914794922
19856,42.380001068115234,46.17402267456055
19857,13.770000457763672,16.500051498413086
19858,23.8799991607666,23.78223419189453
19859,47.689998626708984,52.8410530090332
19860,77.44000244140625,69.90666198730469
19861,56.310001373291016,53.32172775268555
19862,14.670000076293945,14.511327743530273
19863,41.66999816894531,38.92783737182617
19864,17.530000686645508,19.673377990722656
19865,39.2400016784668,39.05776596069336
19866,7.800000190734863,6.4663238525390625
19867,11.229999542236328,5.5715131759643555
19868,28.309999465942383,31.358381271362305
19869,18.100000381469727,19.41429901123047
19870,31.209999084472656,30.443540573120117
19871,47.029998779296875,47.97948455810547
19872,24.8700008392334,24.9617977142334
19873,25.290000915527344,23.016664505004883
19874,52.18000030517578,50.76668167114258
19875,29.3700008392334,32.83308029174805
19876,19.139999389648438,20.08458709716797
19877,26.110000610351562,25.132789611816406
19878,71.06999969482422,71.12638854980469
19879,10.380000114440918,10.91463565826416
19880,19.639999389648438,25.09931755065918
19881,19.84000015258789,19.905305862426758
19882,35.2599983215332,41.67216110229492
19883,62.06999969482422,68.30763244628906
19884,47.34000015258789,43.58036804199219
19885,13.40999984741211,16.175697326660156
19886,9.050000190734863,11.22127628326416
19887,12.140000343322754,11.987509727478027
19888,25.530000686645508,26.222469329833984
19889,29.899999618530273,30.496116638183594
19890,19.709999084472656,21.43588638305664
19891,38.43000030517578,33.89365005493164
19892,44.66999816894531,45.483680725097656
19893,38.720001220703125,41.91797637939453
19894,36.220001220703125,41.69475173950195
19895,23.149999618530273,26.78871726989746
19896,69.80000305175781,62.03083419799805
19897,19.43000030517578,15.11136245727539
19898,37.47999954223633,39.775325775146484
19899,33.36000061035156,31.586151123046875
19900,46.31999969482422,41.25354766845703
19901,49.11000061035156,50.68830108642578
19902,39.59000015258789,38.86308670043945
19903,7.960000038146973,8.304936408996582
19904,14.020000457763672,14.616146087646484
19905,21.549999237060547,24.7042293548584
19906,58.16999816894531,60.92137145996094
19907,29.920000076293945,29.762723922729492
19908,21.979999542236328,20.0128116607666
19909,63.56999969482422,57.565406799316406
19910,6.920000076293945,4.872867584228516
19911,38.310001373291016,43.144344329833984
19912,32.72999954223633,33.76345443725586
19913,19.030000686645508,21.675798416137695
19914,61.16999816894531,67.60226440429688
19915,21.389999389648438,20.088420867919922
19916,36.33000183105469,45.97597885131836
19917,38.06999969482422,39.22231674194336
19918,37.11000061035156,32.367374420166016
19919,15.699999809265137,22.198532104492188
19920,35.9900016784668,36.84001922607422
19921,5.75,6.210688591003418
19922,18.559999465942383,16.72010612487793
19923,35.20000076293945,28.861000061035156
19924,15.829999923706055,16.503782272338867
19925,48.54999923706055,47.51777267456055
19926,16.950000762939453,16.774383544921875
19927,34.369998931884766,24.094751358032227
19928,14.460000038146973,13.688314437866211
19929,41.650001525878906,42.54737854003906
19930,32.529998779296875,29.073131561279297
19931,16.809999465942383,15.600135803222656
19932,29.790000915527344,24.123554229736328
19933,36.31999969482422,35.34101867675781
19934,20.510000228881836,20.12055206298828
19935,44.95000076293945,49.66876983642578
19936,37.09000015258789,36.92204284667969
19937,37.59000015258789,40.65182876586914
19938,43.220001220703125,50.582584381103516
19939,42.58000183105469,43.462459564208984
19940,6.21999979019165,6.041249752044678
19941,36.869998931884766,38.71504211425781
19942,25.34000015258789,27.302963256835938
19943,51.84000015258789,56.18642807006836
19944,17.43000030517578,17.634607315063477
19945,28.989999771118164,30.006484985351562
19946,33.95000076293945,34.12321472167969
19947,30.06999969482422,29.628122329711914
19948,23.329999923706055,24.82469940185547
19949,33.849998474121094,35.58283996582031
19950,43.36000061035156,41.36921691894531
19951,12.970000267028809,12.5719575881958
19952,18.459999084472656,16.545883178710938
19953,43.349998474121094,48.627784729003906
19954,29.34000015258789,29.41829490661621
19955,12.760000228881836,12.527549743652344
19956,16.920000076293945,17.18250274658203
19957,11.5,10.580409049987793
19958,50.61000061035156,44.782005310058594
19959,25.389999389648438,23.09996795654297
19960,52.709999084472656,47.04159927368164
19961,19.56999969482422,21.599584579467773
19962,37.4900016784668,37.239437103271484
19963,37.369998931884766,29.30960464477539
19964,15.0600004196167,16.850833892822266
19965,7.599999904632568,5.208572864532471
19966,8.8100004196167,8.576151847839355
19967,21.09000015258789,21.571250915527344
19968,37.290000915527344,39.005340576171875
19969,28.489999771118164,26.726947784423828
19970,23.8700008392334,26.464357376098633
19971,56.5099983215332,56.37085723876953
19972,23.56999969482422,28.022083282470703
19973,44.5099983215332,38.4559326171875
19974,9.930000305175781,11.125653266906738
19975,47.75,50.125526428222656
19976,19.899999618530273,18.127460479736328
19977,20.420000076293945,21.593875885009766
19978,21.559999465942383,22.49431800842285
19979,10.289999961853027,6.3780364990234375
19980,48.7599983215332,43.31376647949219
19981,27.950000762939453,31.240013122558594
19982,26.75,27.07781410217285
19983,18.56999969482422,17.539907455444336
19984,6.75,5.993352890014648
19985,23.950000762939453,21.84612274169922
19986,10.529999732971191,9.744186401367188
19987,43.540000915527344,40.86486053466797
19988,26.93000030517578,26.52145767211914
19989,37.56999969482422,34.31464385986328
19990,30.280000686645508,30.375747680664062
19991,19.959999084472656,19.523195266723633
19992,68.25,64.57806396484375
19993,7.860000133514404,10.164902687072754
19994,12.029999732971191,12.289834022521973
19995,18.200000762939453,16.013750076293945
19996,35.0,37.082786560058594
19997,27.459999084472656,24.80266761779785
19998,44.529998779296875,44.64701843261719
19999,57.810001373291016,52.10354232788086
20000,3.359999895095825,3.4412519931793213
20001,20.360000610351562,20.530433654785156
20002,30.440000534057617,29.0512752532959
20003,13.350000381469727,16.010744094848633
20004,29.600000381469727,32.221641540527344
20005,33.65999984741211,38.224300384521484
20006,19.1299991607666,18.142980575561523
20007,47.02000045776367,52.02903366088867
20008,58.77000045776367,59.209293365478516
20009,60.689998626708984,56.056396484375
20010,45.599998474121094,43.25130844116211
20011,26.299999237060547,26.288021087646484
20012,25.729999542236328,26.470277786254883
20013,16.479999542236328,16.140880584716797
20014,12.90999984741211,16.577125549316406
20015,27.780000686645508,25.267616271972656
20016,12.949999809265137,11.551322937011719
20017,11.279999732971191,8.437889099121094
20018,20.600000381469727,20.777690887451172
20019,24.25,23.5165958404541
20020,62.470001220703125,61.526004791259766
20021,18.75,21.673263549804688
20022,14.989999771118164,13.013269424438477
20023,18.940000534057617,18.373632431030273
20024,48.25,56.13304138183594
20025,31.530000686645508,32.737701416015625
20026,7.03000020980835,7.250106334686279
20027,24.280000686645508,24.79998016357422
20028,13.880000114440918,14.402560234069824
20029,11.960000038146973,11.510215759277344
20030,29.959999084472656,30.837182998657227
20031,38.150001525878906,39.509010314941406
20032,44.86000061035156,41.56587600708008
20033,13.600000381469727,15.085332870483398
20034,11.479999542236328,11.0615816116333
20035,28.059999465942383,25.075244903564453
20036,8.989999771118164,8.34107494354248
20037,19.760000228881836,21.290504455566406
20038,12.0600004196167,9.831729888916016
20039,30.760000228881836,34.68759536743164
20040,40.29999923706055,37.492347717285156
20041,19.600000381469727,19.412620544433594
20042,34.40999984741211,36.545318603515625
20043,21.139999389648438,20.14021110534668
20044,4.760000228881836,6.160458087921143
20045,38.16999816894531,35.964324951171875
20046,20.809999465942383,19.893348693847656
20047,12.880000114440918,11.356873512268066
20048,9.140000343322754,10.689074516296387
20049,33.79999923706055,31.56705093383789
20050,32.79999923706055,32.78168869018555
20051,74.95999908447266,64.83158874511719
20052,14.270000457763672,14.508355140686035
20053,9.979999542236328,11.625248908996582
20054,23.920000076293945,25.838409423828125
20055,39.060001373291016,42.989479064941406
20056,34.060001373291016,34.00800323486328
20057,44.5,41.568389892578125
20058,31.309999465942383,26.93465232849121
20059,31.75,29.820199966430664
20060,52.189998626708984,58.37797927856445
20061,33.81999969482422,29.31150245666504
20062,36.900001525878906,30.7325496673584
20063,21.440000534057617,22.103981018066406
20064,19.639999389648438,23.877517700195312
20065,26.6200008392334,23.744876861572266
20066,18.40999984741211,16.3852481842041
20067,9.1899995803833,7.273886680603027
20068,71.20999908447266,56.91352844238281
20069,31.31999969482422,33.725433349609375
20070,34.689998626708984,33.85673141479492
20071,23.110000610351562,24.04827880859375
20072,32.61000061035156,34.67326354980469
20073,23.90999984741211,22.290508270263672
20074,30.15999984741211,38.94426727294922
20075,12.899999618530273,14.206826210021973
20076,24.559999465942383,23.452346801757812
20077,40.4900016784668,46.33087158203125
20078,8.0,6.305119037628174
20079,26.270000457763672,21.933826446533203
20080,32.75,30.55596351623535
20081,3.7799999713897705,1.298579216003418
20082,28.600000381469727,22.703693389892578
20083,32.06999969482422,33.86939239501953
20084,51.90999984741211,48.064537048339844
20085,51.52000045776367,44.329864501953125
20086,37.95000076293945,36.466339111328125
20087,22.079999923706055,22.10287094116211
20088,43.33000183105469,46.28858947753906
20089,35.86000061035156,37.94929504394531
20090,14.989999771118164,15.046979904174805
20091,46.38999938964844,45.84657669067383
20092,37.4900016784668,36.521305084228516
20093,9.1899995803833,11.97735595703125
20094,18.760000228881836,18.605087280273438
20095,49.97999954223633,52.997047424316406
20096,12.75,11.574607849121094
20097,69.97000122070312,65.0777587890625
20098,18.170000076293945,16.697525024414062
20099,20.09000015258789,20.07033348083496
20100,11.630000114440918,8.564397811889648
20101,50.41999816894531,53.914302825927734
20102,19.34000015258789,23.392887115478516
20103,16.860000610351562,19.605716705322266
20104,19.299999237060547,18.98809051513672
20105,33.68000030517578,35.5992546081543
20106,16.290000915527344,19.304027557373047
20107,32.34000015258789,30.574291229248047
20108,12.59000015258789,11.219646453857422
20109,8.640000343322754,7.721895694732666
20110,23.40999984741211,22.562408447265625
20111,17.209999084472656,21.69636344909668
20112,37.22999954223633,37.934295654296875
20113,29.170000076293945,27.241235733032227
20114,30.030000686645508,28.27839469909668
20115,30.860000610351562,25.790733337402344
20116,14.920000076293945,16.13990592956543
20117,25.56999969482422,24.73209571838379
20118,27.149999618530273,30.110212326049805
20119,63.09000015258789,54.26362991333008
20120,14.609999656677246,12.251928329467773
20121,17.34000015258789,13.73977279663086
20122,11.550000190734863,10.852483749389648
20123,28.979999542236328,30.532794952392578
20124,47.11000061035156,43.2811279296875
20125,29.719999313354492,28.630146026611328
20126,33.29999923706055,38.258365631103516
20127,32.59000015258789,28.781957626342773
20128,20.6200008392334,22.785823822021484
20129,15.25,12.746503829956055
20130,5.28000020980835,6.929079532623291
20131,26.309999465942383,25.98928451538086
20132,19.510000228881836,18.99037742614746
20133,32.630001068115234,30.461156845092773
20134,35.959999084472656,34.23954772949219
20135,14.180000305175781,13.427070617675781
20136,5.239999771118164,4.8210835456848145
20137,34.779998779296875,33.75046157836914
20138,36.75,32.386051177978516
20139,49.77000045776367,51.56551742553711
20140,16.5,16.367422103881836
20141,7.559999942779541,8.276874542236328
20142,35.15999984741211,33.658599853515625
20143,22.15999984741211,21.565021514892578
20144,3.559999942779541,3.0214176177978516
20145,38.91999816894531,35.400482177734375
20146,3.690000057220459,6.2023115158081055
20147,30.459999084472656,31.82086944580078
20148,9.359999656677246,9.524099349975586
20149,25.260000228881836,24.290056228637695
20150,44.83000183105469,47.11172103881836
20151,56.2599983215332,53.643558502197266
20152,7.019999980926514,6.158229827880859
20153,76.0999984741211,64.5330810546875
20154,15.989999771118164,13.758646965026855
20155,2.759999990463257,0.15194839239120483
20156,8.680000305175781,7.772988796234131
20157,34.77000045776367,37.023719787597656
20158,30.270000457763672,33.4049186706543
20159,33.22999954223633,29.821622848510742
20160,34.43000030517578,24.862451553344727
20161,47.130001068115234,41.350364685058594
20162,18.299999237060547,17.3651123046875
20163,5.090000152587891,4.078481197357178
20164,8.920000076293945,9.152215003967285
20165,66.41999816894531,52.71068572998047
20166,20.3799991607666,19.57944107055664
20167,10.449999809265137,8.683834075927734
20168,59.68000030517578,62.800254821777344
20169,27.40999984741211,26.865400314331055
20170,22.100000381469727,22.78110122680664
20171,40.9900016784668,45.77124786376953
20172,46.79999923706055,49.382598876953125
20173,6.639999866485596,3.0570104122161865
20174,65.30000305175781,59.22852325439453
20175,18.65999984741211,20.170032501220703
20176,46.7599983215332,46.86820983886719
20177,27.600000381469727,22.626441955566406
20178,33.9900016784668,35.345863342285156
20179,45.83000183105469,47.44369888305664
20180,16.110000610351562,20.765411376953125
20181,6.980000019073486,6.8046722412109375
20182,19.829999923706055,19.44761848449707
20183,38.650001525878906,39.92847442626953
20184,22.010000228881836,22.417236328125
20185,22.809999465942383,22.801406860351562
20186,23.270000457763672,20.678234100341797
20187,3.930000066757202,4.079671382904053
20188,47.970001220703125,39.033607482910156
20189,32.52000045776367,28.47634506225586
20190,20.899999618530273,26.398509979248047
20191,39.83000183105469,39.730064392089844
20192,46.9900016784668,43.285213470458984
20193,29.3799991607666,28.431854248046875
20194,36.810001373291016,42.33094787597656
20195,51.31999969482422,45.46282196044922
20196,32.13999938964844,34.0007438659668
20197,9.5600004196167,8.85203742980957
20198,10.90999984741211,10.24123764038086
20199,36.97999954223633,40.591224670410156
20200,68.94999694824219,68.73558807373047
20201,23.940000534057617,24.03462791442871
20202,35.72999954223633,36.00897216796875
20203,38.02000045776367,38.35585021972656
20204,54.72999954223633,59.76385498046875
20205,27.020000457763672,28.27095603942871
20206,8.960000038146973,9.504203796386719
20207,30.200000762939453,28.571426391601562
20208,20.93000030517578,20.259347915649414
20209,17.43000030517578,17.614662170410156
20210,12.0,13.519708633422852
20211,3.25,4.764828681945801
20212,40.47999954223633,36.90483093261719
20213,16.889999389648438,17.39683723449707
20214,44.869998931884766,48.87025451660156
20215,34.060001373291016,35.67903137207031
20216,53.83000183105469,48.93856430053711
20217,21.100000381469727,20.596054077148438
20218,11.989999771118164,12.259543418884277
20219,45.029998779296875,42.158164978027344
20220,40.439998626708984,44.212684631347656
20221,23.75,27.153654098510742
20222,16.149999618530273,19.19288444519043
20223,18.530000686645508,16.53302001953125
20224,24.649999618530273,22.966293334960938
20225,17.68000030517578,19.506103515625
20226,8.539999961853027,12.324728965759277
20227,45.119998931884766,48.85414123535156
20228,19.8799991607666,20.300899505615234
20229,20.739999771118164,23.361820220947266
20230,11.079999923706055,9.519896507263184
20231,23.969999313354492,26.410295486450195
20232,42.59000015258789,44.257408142089844
20233,46.2599983215332,40.45922088623047
20234,40.40999984741211,36.532493591308594
20235,7.349999904632568,11.013092994689941
20236,19.489999771118164,19.91851234436035
20237,36.400001525878906,37.91423034667969
20238,34.61000061035156,37.42448043823242
20239,10.720000267028809,11.343157768249512
20240,20.579999923706055,19.370866775512695
20241,47.33000183105469,48.22563171386719
20242,46.349998474121094,40.17638397216797
20243,20.739999771118164,21.078916549682617
20244,30.690000534057617,32.910789489746094
20245,21.540000915527344,22.526151657104492
20246,14.430000305175781,13.348848342895508
20247,23.799999237060547,41.991943359375
20248,33.790000915527344,31.911834716796875
20249,36.560001373291016,39.682884216308594
20250,43.97999954223633,45.125465393066406
20251,30.530000686645508,26.81131362915039
20252,39.220001220703125,34.396095275878906
20253,23.549999237060547,24.046630859375
20254,28.93000030517578,28.23084259033203
20255,42.970001220703125,43.50483322143555
20256,19.59000015258789,20.10541534423828
20257,2.5299999713897705,0.38462889194488525
20258,31.34000015258789,31.43509292602539
20259,3.759999990463257,3.7261812686920166
20260,33.959999084472656,31.956985473632812
20261,17.579999923706055,18.27643585205078
20262,47.029998779296875,39.53121566772461
20263,2.0399999618530273,3.960575580596924
20264,18.920000076293945,14.725300788879395
20265,17.18000030517578,15.190118789672852
20266,44.75,44.33564758300781
20267,8.229999542236328,6.892940044403076
20268,18.979999542236328,22.0006046295166
20269,48.959999084472656,54.418846130371094
20270,29.229999542236328,29.606895446777344
20271,20.149999618530273,18.846811294555664
20272,8.420000076293945,10.76425552368164
20273,70.91000366210938,69.97509765625
20274,26.139999389648438,26.579242706298828
20275,19.850000381469727,21.16234016418457
20276,23.09000015258789,23.574127197265625
20277,44.16999816894531,46.517601013183594
20278,17.360000610351562,18.912677764892578
20279,41.720001220703125,38.57329559326172
20280,14.210000038146973,17.426349639892578
20281,49.18000030517578,45.96759796142578
20282,11.859999656677246,11.104743957519531
20283,24.489999771118164,24.799976348876953
20284,23.969999313354492,25.297130584716797
20285,13.430000305175781,13.922572135925293
20286,18.719999313354492,15.391156196594238
20287,41.38999938964844,39.65845489501953
20288,27.149999618530273,29.58047103881836
20289,30.290000915527344,31.120100021362305
20290,29.959999084472656,26.387733459472656
20291,32.13999938964844,30.85027313232422
20292,32.400001525878906,36.117103576660156
20293,26.040000915527344,28.081218719482422
20294,16.81999969482422,19.3399715423584
20295,38.209999084472656,34.199459075927734
20296,6.730000019073486,8.166394233703613
20297,13.470000267028809,12.977216720581055
20298,14.229999542236328,16.687484741210938
20299,21.899999618530273,23.707462310791016
20300,11.640000343322754,10.507318496704102
20301,50.369998931884766,52.782073974609375
20302,68.70999908447266,61.379249572753906
20303,16.90999984741211,16.90953826904297
20304,68.06999969482422,66.34121704101562
20305,28.81999969482422,34.195865631103516
20306,5.110000133514404,10.14531421661377
20307,55.869998931884766,50.5484733581543
20308,51.599998474121094,51.80436706542969
20309,33.810001373291016,33.1285400390625
20310,13.489999771118164,10.687506675720215
20311,8.630000114440918,8.432921409606934
20312,56.36000061035156,52.119239807128906
20313,32.11000061035156,33.71897888183594
20314,17.729999542236328,18.93715476989746
20315,42.2599983215332,37.442832946777344
20316,18.670000076293945,19.97386360168457
20317,12.619999885559082,9.965473175048828
20318,28.059999465942383,28.835254669189453
20319,76.61000061035156,52.913211822509766
20320,16.81999969482422,17.12759780883789
20321,57.689998626708984,62.935447692871094
20322,50.0099983215332,56.59846115112305
20323,56.349998474121094,47.51643371582031
20324,22.100000381469727,24.850080490112305
20325,71.30000305175781,67.05976867675781
20326,13.100000381469727,14.037216186523438
20327,31.75,32.84163284301758
20328,64.94000244140625,61.14605712890625
20329,15.109999656677246,11.648215293884277
20330,8.369999885559082,6.079824924468994
20331,12.640000343322754,14.554399490356445
20332,11.5,11.55709171295166
20333,29.920000076293945,31.947004318237305
20334,25.510000228881836,25.472827911376953
20335,12.180000305175781,14.872346878051758
20336,74.37999725341797,68.38931274414062
20337,19.809999465942383,17.174053192138672
20338,56.599998474121094,61.08194351196289
20339,17.969999313354492,17.558509826660156
20340,38.880001068115234,36.05171203613281
20341,10.550000190734863,7.848622798919678
20342,58.27000045776367,57.181087493896484
20343,3.4800000190734863,2.580260992050171
20344,41.869998931884766,43.2835578918457
20345,30.18000030517578,30.206302642822266
20346,6.489999771118164,4.688187599182129
20347,46.790000915527344,49.37505340576172
20348,2.8499999046325684,9.318172454833984
20349,12.260000228881836,17.67643928527832
20350,40.560001373291016,38.759132385253906
20351,34.060001373291016,26.898303985595703
20352,30.100000381469727,26.470142364501953
20353,29.290000915527344,27.590946197509766
20354,20.110000610351562,20.262123107910156
20355,31.190000534057617,28.204198837280273
20356,40.970001220703125,41.177650451660156
20357,4.829999923706055,5.088464736938477
20358,6.349999904632568,3.9632575511932373
20359,27.790000915527344,29.045928955078125
20360,36.86000061035156,34.62849426269531
20361,12.359999656677246,11.230356216430664
20362,7.679999828338623,7.866854190826416
20363,22.889999389648438,21.82811164855957
20364,6.03000020980835,4.583583354949951
20365,22.600000381469727,23.366680145263672
20366,25.770000457763672,28.03809356689453
20367,26.420000076293945,30.67768096923828
20368,48.0099983215332,54.0258674621582
20369,12.329999923706055,12.87436294555664
20370,33.810001373291016,37.06683349609375
20371,45.560001373291016,44.854766845703125
20372,7.690000057220459,9.84192943572998
20373,56.41999816894531,54.77619552612305
20374,4.179999828338623,3.0451719760894775
20375,70.8499984741211,62.29182052612305
20376,55.2599983215332,52.70960235595703
20377,9.300000190734863,9.63222599029541
20378,58.939998626708984,59.790496826171875
20379,27.440000534057617,26.48736572265625
20380,12.989999771118164,12.475849151611328
20381,47.93000030517578,46.17733383178711
20382,10.369999885559082,9.304597854614258
20383,11.050000190734863,11.42038631439209
20384,25.469999313354492,26.816282272338867
20385,68.44000244140625,69.68299865722656
20386,10.260000228881836,11.035014152526855
20387,8.739999771118164,10.109905242919922
20388,68.1500015258789,64.686279296875
20389,57.88999938964844,58.123939514160156
20390,12.630000114440918,14.565397262573242
20391,36.68000030517578,33.5963134765625
20392,48.52000045776367,43.775672912597656
20393,51.880001068115234,56.21684265136719
20394,41.0,41.82792663574219
20395,19.81999969482422,20.297752380371094
20396,18.59000015258789,17.209579467773438
20397,9.15999984741211,9.139599800109863
20398,32.880001068115234,39.628082275390625
20399,66.55999755859375,56.5079345703125
20400,39.90999984741211,32.986961364746094
20401,38.52000045776367,42.01875686645508
20402,19.969999313354492,17.030914306640625
20403,1.649999976158142,0.1931057870388031
20404,32.689998626708984,36.48493194580078
20405,32.66999816894531,33.18022918701172
20406,51.619998931884766,48.09043502807617
20407,16.510000228881836,15.249978065490723
20408,29.6200008392334,30.063446044921875
20409,35.95000076293945,32.57085037231445
20410,22.020000457763672,25.411880493164062
20411,17.8799991607666,19.141719818115234
20412,11.859999656677246,10.198238372802734
20413,19.670000076293945,19.92068099975586
20414,40.70000076293945,45.56206130981445
20415,60.349998474121094,53.11467742919922
20416,20.329999923706055,20.08002281188965
20417,4.050000190734863,2.18656325340271
20418,51.099998474121094,50.422508239746094
20419,38.939998626708984,36.25099563598633
20420,20.84000015258789,21.77001190185547
20421,19.940000534057617,19.382659912109375
20422,20.06999969482422,20.09841537475586
20423,19.739999771118164,17.67413330078125
20424,73.25,65.98916625976562
20425,40.970001220703125,38.069881439208984
20426,2.6500000953674316,1.9119211435317993
20427,6.599999904632568,9.43737506866455
20428,46.099998474121094,43.90177917480469
20429,13.710000038146973,12.493255615234375
20430,25.920000076293945,25.980051040649414
20431,23.520000457763672,21.981369018554688
20432,6.539999961853027,7.238657474517822
20433,60.0,47.94335174560547
20434,10.75,15.806709289550781
20435,43.18000030517578,42.968772888183594
20436,22.010000228881836,22.18007469177246
20437,17.899999618530273,17.477327346801758
20438,48.08000183105469,40.60791778564453
20439,4.900000095367432,2.3122568130493164
20440,48.52000045776367,48.17713165283203
20441,10.119999885559082,12.152606964111328
20442,35.2599983215332,35.48555374145508
20443,13.529999732971191,15.519204139709473
20444,19.940000534057617,20.45223617553711
20445,18.059999465942383,20.10763931274414
20446,24.610000610351562,24.43975830078125
20447,7.449999809265137,6.974411964416504
20448,44.31999969482422,44.730735778808594
20449,69.12999725341797,64.27479553222656
20450,48.529998779296875,44.32898712158203
20451,67.55999755859375,56.53374099731445
20452,37.7400016784668,36.9760627746582
20453,28.34000015258789,28.08804702758789
20454,15.170000076293945,16.46471405029297
20455,8.020000457763672,8.529531478881836
20456,13.130000114440918,13.04216194152832
20457,13.109999656677246,13.629815101623535
20458,21.93000030517578,20.03459930419922
20459,25.239999771118164,26.163341522216797
20460,13.850000381469727,13.331563949584961
20461,17.780000686645508,17.45886993408203
20462,56.400001525878906,50.56494903564453
20463,13.710000038146973,15.426593780517578
20464,47.83000183105469,50.674896240234375
20465,12.829999923706055,11.898640632629395
20466,5.170000076293945,5.778722286224365
20467,31.670000076293945,32.633094787597656
20468,18.299999237060547,17.656187057495117
20469,15.630000114440918,14.792900085449219
20470,55.060001373291016,51.6456298828125
20471,39.119998931884766,43.640377044677734
20472,8.079999923706055,7.054967403411865
20473,14.729999542236328,15.14950942993164
20474,56.16999816894531,50.89215087890625
20475,16.360000610351562,17.38460350036621
20476,47.099998474121094,51.3017578125
20477,47.560001373291016,45.52107620239258
20478,49.18000030517578,43.668922424316406
20479,41.720001220703125,40.41466522216797
20480,32.7400016784668,36.117671966552734
20481,29.239999771118164,32.99658203125
20482,30.31999969482422,29.4501953125
20483,19.200000762939453,18.91464614868164
20484,45.27000045776367,45.92717742919922
20485,69.29000091552734,67.04840087890625
20486,17.579999923706055,18.109052658081055
20487,49.25,43.508182525634766
20488,31.43000030517578,27.99376678466797
20489,19.329999923706055,18.240346908569336
20490,35.220001220703125,34.011375427246094
20491,28.239999771118164,25.617815017700195
20492,7.690000057220459,3.5388987064361572
20493,45.439998626708984,47.42363739013672
20494,24.40999984741211,23.553367614746094
20495,54.119998931884766,50.460731506347656
20496,23.6200008392334,24.851791381835938
20497,58.0,52.569419860839844
20498,49.349998474121094,49.57634735107422
20499,11.0,9.573391914367676
20500,17.34000015258789,20.821863174438477
20501,8.75,6.574586391448975
20502,47.709999084472656,47.98569107055664
20503,25.450000762939453,20.240127563476562
20504,20.920000076293945,20.54488182067871
20505,18.579999923706055,20.96215057373047
20506,35.06999969482422,33.33008575439453
20507,34.650001525878906,36.267333984375
20508,20.690000534057617,20.3987979888916
20509,74.7699966430664,63.37194061279297
20510,20.0,22.35819435119629
20511,26.56999969482422,29.421504974365234
20512,9.789999961853027,11.23569107055664
20513,46.189998626708984,45.09791946411133
20514,66.54000091552734,63.64168167114258
20515,9.34000015258789,9.461270332336426
20516,13.119999885559082,11.364863395690918
20517,18.100000381469727,17.800640106201172
20518,6.059999942779541,4.042977333068848
20519,33.349998474121094,35.1585807800293
20520,15.100000381469727,16.517019271850586
20521,16.809999465942383,15.507508277893066
20522,13.960000038146973,15.215458869934082
20523,26.139999389648438,23.358442306518555
20524,43.560001373291016,43.73236846923828
20525,2.890000104904175,0.9084188342094421
20526,42.060001373291016,48.107948303222656
20527,24.969999313354492,25.793960571289062
20528,46.7400016784668,41.27326965332031
20529,23.889999389648438,16.546798706054688
20530,43.33000183105469,43.37629699707031
20531,11.100000381469727,9.211586952209473
20532,3.630000114440918,3.6521501541137695
20533,21.049999237060547,21.81732940673828
20534,18.959999084472656,19.670013427734375
20535,62.88999938964844,58.91606140136719
20536,35.38999938964844,35.55103302001953
20537,13.130000114440918,14.69469928741455
20538,30.260000228881836,33.23732376098633
20539,19.0,14.300617218017578
20540,51.83000183105469,52.10024642944336
20541,16.950000762939453,15.849340438842773
20542,64.9000015258789,61.68123245239258
20543,15.369999885559082,16.045650482177734
20544,22.969999313354492,24.21448516845703
20545,37.630001068115234,43.24354553222656
20546,19.65999984741211,21.0250244140625
20547,33.310001373291016,34.89887237548828
20548,38.68000030517578,39.392051696777344
20549,22.440000534057617,20.094860076904297
20550,47.15999984741211,40.3980712890625
20551,16.6299991607666,19.43047523498535
20552,47.88999938964844,45.147483825683594
20553,27.639999389648438,26.26732063293457
20554,23.399999618530273,25.152626037597656
20555,22.899999618530273,20.968883514404297
20556,11.5,13.105447769165039
20557,42.81999969482422,41.20188522338867
20558,55.119998931884766,55.09893798828125
20559,17.690000534057617,18.95220947265625
20560,22.8799991607666,22.908388137817383
20561,19.549999237060547,21.017444610595703
20562,37.279998779296875,35.23126983642578
20563,32.84000015258789,31.008176803588867
20564,40.56999969482422,40.45635986328125
20565,50.619998931884766,44.703983306884766
20566,57.150001525878906,55.79278564453125
20567,42.470001220703125,39.10895538330078
20568,14.90999984741211,13.153762817382812
20569,0.4699999988079071,11.194523811340332
20570,31.510000228881836,35.984920501708984
20571,35.11000061035156,35.124412536621094
20572,5.090000152587891,7.950400352478027
20573,3.3499999046325684,3.3550899028778076
20574,20.110000610351562,21.872684478759766
20575,71.81999969482422,69.86540985107422
20576,31.90999984741211,33.834075927734375
20577,42.52000045776367,39.65119552612305
20578,4.300000190734863,4.754244804382324
20579,26.90999984741211,28.682891845703125
20580,20.040000915527344,19.338546752929688
20581,3.1500000953674316,3.5761406421661377
20582,19.149999618530273,19.158607482910156
20583,18.959999084472656,19.82050323486328
20584,23.790000915527344,37.971092224121094
20585,59.279998779296875,57.5556640625
20586,1.090000033378601,8.172374725341797
20587,17.280000686645508,20.312788009643555
20588,20.729999542236328,24.251323699951172
20589,36.7400016784668,37.0911865234375
20590,22.799999237060547,24.61850357055664
20591,57.779998779296875,48.198219299316406
20592,14.449999809265137,13.537464141845703
20593,32.16999816894531,34.841773986816406
20594,33.84000015258789,33.889339447021484
20595,13.390000343322754,14.159424781799316
20596,76.58999633789062,69.02256774902344
20597,35.810001373291016,36.8329963684082
20598,18.420000076293945,17.236736297607422
20599,64.01000213623047,52.444358825683594
20600,15.680000305175781,15.363693237304688
20601,3.759999990463257,5.742951393127441
20602,18.530000686645508,19.577016830444336
20603,18.170000076293945,18.397432327270508
20604,40.72999954223633,39.72337341308594
20605,31.559999465942383,30.804759979248047
20606,39.81999969482422,38.42871856689453
20607,20.829999923706055,19.66840362548828
20608,17.549999237060547,15.837512016296387
20609,49.709999084472656,50.18439865112305
20610,12.140000343322754,11.104204177856445
20611,34.65999984741211,35.248775482177734
20612,3.950000047683716,1.9624215364456177
20613,9.949999809265137,20.191646575927734
20614,42.2599983215332,37.10788345336914
20615,30.270000457763672,31.516504287719727
20616,26.059999465942383,27.579729080200195
20617,9.529999732971191,9.690300941467285
20618,55.810001373291016,45.93132400512695
20619,16.06999969482422,13.521439552307129
20620,30.8799991607666,30.268964767456055
20621,33.959999084472656,36.7271614074707
20622,44.84000015258789,40.36152648925781
20623,12.510000228881836,12.542141914367676
20624,13.210000038146973,13.054055213928223
20625,23.850000381469727,21.824464797973633
20626,47.41999816894531,48.74566650390625
20627,39.290000915527344,40.03731155395508
20628,34.04999923706055,32.200531005859375
20629,10.8100004196167,12.741118431091309
20630,18.229999542236328,19.779375076293945
20631,28.639999389648438,28.18672752380371
20632,11.170000076293945,8.25579833984375
20633,17.440000534057617,16.360811233520508
20634,59.119998931884766,53.41194152832031
20635,13.359999656677246,13.512259483337402
20636,45.79999923706055,47.382057189941406
20637,28.6200008392334,29.194528579711914
20638,13.800000190734863,13.117452621459961
20639,10.789999961853027,11.956425666809082
20640,33.599998474121094,33.629024505615234
20641,15.069999694824219,16.64319610595703
20642,5.940000057220459,5.929566383361816
20643,25.280000686645508,24.384218215942383
20644,77.94000244140625,62.05119705200195
20645,30.510000228881836,32.2578239440918
20646,17.709999084472656,16.1992244720459
20647,7.96999979019165,3.2631044387817383
20648,50.90999984741211,51.955631256103516
20649,25.549999237060547,23.128704071044922
20650,57.95000076293945,51.255645751953125
20651,18.6200008392334,19.3657283782959
20652,48.91999816894531,45.973533630371094
20653,22.65999984741211,23.99378204345703
20654,45.88999938964844,45.47576141357422
20655,47.439998626708984,49.341819763183594
20656,30.8799991607666,31.15778350830078
20657,32.27000045776367,34.809967041015625
20658,20.959999084472656,27.640220642089844
20659,17.520000457763672,14.43817138671875
20660,56.59000015258789,49.29438400268555
20661,5.369999885559082,5.958538055419922
20662,21.600000381469727,21.679397583007812
20663,28.18000030517578,45.80237579345703
20664,21.479999542236328,23.476428985595703
20665,54.16999816894531,45.766990661621094
20666,36.79999923706055,33.878395080566406
20667,32.4900016784668,33.43597412109375
20668,31.030000686645508,29.697904586791992
20669,23.790000915527344,23.715972900390625
20670,26.350000381469727,28.09646224975586
20671,37.459999084472656,33.931339263916016
20672,11.479999542236328,10.290502548217773
20673,24.110000610351562,24.732074737548828
20674,73.63999938964844,73.51419830322266
20675,50.869998931884766,50.200931549072266
20676,64.7699966430664,62.51776123046875
20677,16.959999084472656,16.657808303833008
20678,16.579999923706055,15.466461181640625
20679,42.470001220703125,44.3073616027832
20680,30.8799991607666,31.743900299072266
20681,45.810001373291016,51.045536041259766
20682,34.83000183105469,39.644195556640625
20683,18.610000610351562,17.610498428344727
20684,22.09000015258789,23.258806228637695
20685,9.09000015258789,9.862236022949219
20686,16.579999923706055,16.916555404663086
20687,9.539999961853027,8.563274383544922
20688,23.989999771118164,20.915199279785156
20689,59.45000076293945,58.841461181640625
20690,5.190000057220459,8.660619735717773
20691,50.38999938964844,41.27611541748047
20692,36.959999084472656,35.904869079589844
20693,65.83999633789062,64.0521469116211
20694,5.610000133514404,8.218674659729004
20695,16.950000762939453,14.44664192199707
20696,58.119998931884766,60.8143424987793
20697,45.06999969482422,50.016075134277344
20698,56.0,53.543243408203125
20699,27.049999237060547,26.17621612548828
20700,42.84000015258789,39.24618911743164
20701,24.520000457763672,30.046483993530273
20702,13.850000381469727,8.804800033569336
20703,22.5,20.008434295654297
20704,25.260000228881836,24.31688690185547
20705,9.699999809265137,9.092288970947266
20706,39.79999923706055,45.4544792175293
20707,22.200000762939453,24.655292510986328
20708,40.790000915527344,41.01341247558594
20709,31.739999771118164,32.290184020996094
20710,36.540000915527344,36.73041534423828
20711,47.25,51.06205749511719
20712,17.3799991607666,18.591588973999023
20713,27.110000610351562,29.726926803588867
20714,27.610000610351562,25.809158325195312
20715,54.56999969482422,48.69342803955078
20716,13.119999885559082,12.001659393310547
20717,52.04999923706055,48.583736419677734
20718,6.610000133514404,7.628883361816406
20719,28.59000015258789,29.09258460998535
20720,62.20000076293945,55.8087272644043
20721,9.430000305175781,5.548360347747803
20722,59.83000183105469,60.001888275146484
20723,58.75,57.89778518676758
20724,24.90999984741211,25.04987907409668
20725,75.5999984741211,62.39485168457031
20726,28.3799991607666,29.71112632751465
20727,8.529999732971191,7.50123405456543
20728,69.58999633789062,57.375850677490234
20729,19.520000457763672,20.22304916381836
20730,52.349998474121094,59.68792724609375
20731,20.350000381469727,19.615589141845703
20732,2.7899999618530273,2.862330675125122
20733,12.600000381469727,14.680604934692383
20734,22.3700008392334,31.119434356689453
20735,23.760000228881836,22.025039672851562
20736,14.350000381469727,14.828446388244629
20737,27.639999389648438,27.338655471801758
20738,48.540000915527344,46.35756301879883
20739,27.530000686645508,21.72581672668457
20740,57.54999923706055,55.85063934326172
20741,58.90999984741211,54.768211364746094
20742,5.610000133514404,6.087784290313721
20743,24.829999923706055,25.044599533081055
20744,54.83000183105469,54.721046447753906
20745,8.34000015258789,9.619266510009766
20746,5.329999923706055,4.16847038269043
20747,21.1299991607666,19.5766658782959
20748,25.309999465942383,25.615339279174805
20749,28.43000030517578,33.641117095947266
20750,21.68000030517578,21.68873405456543
20751,39.70000076293945,41.959503173828125
20752,8.350000381469727,11.079617500305176
20753,35.40999984741211,33.94343566894531
20754,1.659999966621399,3.0048980712890625
20755,2.1700000762939453,8.307015419006348
20756,47.66999816894531,48.65952682495117
20757,60.2599983215332,64.5089111328125
20758,26.690000534057617,31.07265281677246
20759,29.280000686645508,26.082965850830078
20760,42.459999084472656,41.37176513671875
20761,10.130000114440918,6.06012487411499
20762,27.989999771118164,27.32684326171875
20763,29.0,24.896881103515625
20764,30.200000762939453,32.35240173339844
20765,41.7599983215332,36.896907806396484
20766,11.729999542236328,12.791300773620605
20767,23.81999969482422,24.232566833496094
20768,32.18000030517578,39.50398635864258
20769,44.880001068115234,41.24509811401367
20770,21.8700008392334,19.492115020751953
20771,42.15999984741211,43.15595626831055
20772,42.13999938964844,38.219146728515625
20773,5.789999961853027,6.3037943840026855
20774,44.58000183105469,39.172889709472656
20775,33.43000030517578,31.249786376953125
20776,21.739999771118164,19.27394676208496
20777,51.790000915527344,50.333824157714844
20778,29.209999084472656,30.472759246826172
20779,7.889999866485596,8.904752731323242
20780,44.630001068115234,54.140316009521484
20781,41.54999923706055,45.16189956665039
20782,31.709999084472656,24.31853675842285
20783,31.510000228881836,27.98921775817871
20784,20.100000381469727,17.811046600341797
20785,26.829999923706055,26.786075592041016
20786,3.430000066757202,4.391494274139404
20787,61.15999984741211,50.98262405395508
20788,25.280000686645508,28.11705780029297
20789,29.760000228881836,31.367355346679688
20790,3.8499999046325684,3.5043745040893555
20791,35.7400016784668,30.247684478759766
20792,0.9300000071525574,6.365283012390137
20793,14.25,14.085386276245117
20794,14.550000190734863,11.37860107421875
20795,57.29999923706055,59.3253173828125
20796,4.920000076293945,7.4800920486450195
20797,13.09000015258789,13.91235065460205
20798,35.68000030517578,36.46212387084961
20799,41.22999954223633,38.643951416015625
20800,20.459999084472656,19.2736873626709
20801,22.520000457763672,21.472721099853516
20802,36.43000030517578,29.165571212768555
20803,17.06999969482422,16.529767990112305
20804,29.81999969482422,31.113658905029297
20805,26.729999542236328,27.029678344726562
20806,21.829999923706055,22.789737701416016
20807,30.81999969482422,30.698936462402344
20808,16.600000381469727,16.259906768798828
20809,28.790000915527344,21.980417251586914
20810,30.940000534057617,32.38981246948242
20811,40.150001525878906,36.452064514160156
20812,24.489999771118164,25.54483413696289
20813,43.689998626708984,46.4384765625
20814,4.199999809265137,6.456854820251465
20815,39.97999954223633,37.718544006347656
20816,28.850000381469727,28.604089736938477
20817,41.599998474121094,36.17631912231445
20818,10.489999771118164,12.040872573852539
20819,21.170000076293945,20.544879913330078
20820,15.600000381469727,16.119882583618164
20821,7.489999771118164,9.544676780700684
20822,21.09000015258789,18.428665161132812
20823,12.859999656677246,10.850785255432129
20824,56.02000045776367,48.72160339355469
20825,43.5,41.741268157958984
20826,15.729999542236328,15.281965255737305
20827,30.760000228881836,30.929460525512695
20828,43.900001525878906,38.70073699951172
20829,24.09000015258789,24.590078353881836
20830,20.559999465942383,23.341678619384766
20831,8.6899995803833,8.166152000427246
20832,19.200000762939453,21.029430389404297
20833,36.939998626708984,35.682884216308594
20834,7.559999942779541,6.993894577026367
20835,9.15999984741211,8.211588859558105
20836,35.650001525878906,32.53439712524414
20837,34.68000030517578,30.320938110351562
20838,44.290000915527344,40.27791976928711
20839,14.649999618530273,19.550195693969727
20840,34.11000061035156,32.50299072265625
20841,13.350000381469727,12.34548568725586
20842,40.380001068115234,49.705116271972656
20843,8.199999809265137,9.608179092407227
20844,54.099998474121094,60.420291900634766
20845,17.959999084472656,19.16187286376953
20846,15.4399995803833,16.26950454711914
20847,24.389999389648438,23.446533203125
20848,21.190000534057617,23.899404525756836
20849,4.409999847412109,1.4881577491760254
20850,21.510000228881836,21.00465202331543
20851,40.619998931884766,36.542999267578125
20852,14.25,13.874073028564453
20853,5.599999904632568,7.386331558227539
20854,31.329999923706055,34.16725540161133
20855,47.08000183105469,48.953956604003906
20856,9.029999732971191,8.85367488861084
20857,52.470001220703125,51.815277099609375
20858,29.06999969482422,29.66843605041504
20859,9.109999656677246,9.412827491760254
20860,21.139999389648438,20.248844146728516
20861,9.210000038146973,9.417014122009277
20862,19.90999984741211,22.951099395751953
20863,26.950000762939453,24.22808074951172
20864,13.300000190734863,11.924212455749512
20865,29.25,29.085290908813477
20866,18.81999969482422,15.556926727294922
20867,21.5,23.38998794555664
20868,35.75,34.6923828125
20869,29.709999084472656,34.072444915771484
20870,39.41999816894531,41.7362060546875
20871,19.200000762939453,23.89596939086914
20872,7.840000152587891,8.783744812011719
20873,40.779998779296875,38.384132385253906
20874,55.18000030517578,46.57083511352539
20875,22.809999465942383,23.182466506958008
20876,22.969999313354492,21.693283081054688
20877,8.510000228881836,8.389266967773438
20878,46.2599983215332,46.44304656982422
20879,56.459999084472656,53.69502258300781
20880,65.51000213623047,58.40927505493164
20881,11.989999771118164,9.733270645141602
20882,19.81999969482422,18.042144775390625
20883,27.850000381469727,24.570589065551758
20884,19.920000076293945,18.92053985595703
20885,3.3499999046325684,4.253508567810059
20886,48.029998779296875,41.484317779541016
20887,32.040000915527344,29.731609344482422
20888,41.09000015258789,41.21995162963867
20889,34.15999984741211,34.48139953613281
20890,56.58000183105469,56.904884338378906
20891,3.569999933242798,4.0264573097229
20892,25.559999465942383,50.072120666503906
20893,19.31999969482422,19.439931869506836
20894,43.68000030517578,43.78804397583008
20895,50.7400016784668,56.57106018066406
20896,18.06999969482422,15.320855140686035
20897,50.04999923706055,45.680564880371094
20898,19.450000762939453,21.839115142822266
20899,52.36000061035156,54.608863830566406
20900,38.220001220703125,33.65461730957031
20901,26.0,22.62603759765625
20902,24.8799991607666,26.12833595275879
20903,23.34000015258789,25.23511505126953
20904,15.779999732971191,16.220170974731445
20905,51.70000076293945,52.84911346435547
20906,23.15999984741211,23.070566177368164
20907,19.739999771118164,20.49156379699707
20908,10.470000267028809,11.23263168334961
20909,20.610000610351562,19.12975311279297
20910,26.59000015258789,26.835176467895508
20911,38.04999923706055,44.294315338134766
20912,2.1500000953674316,4.813502788543701
20913,8.84000015258789,7.445841312408447
20914,29.729999542236328,31.428386688232422
20915,55.599998474121094,49.219425201416016
20916,9.100000381469727,7.11856746673584
20917,46.13999938964844,46.179649353027344
20918,32.189998626708984,32.01792526245117
20919,17.479999542236328,17.73866844177246
20920,8.949999809265137,5.495018005371094
20921,11.180000305175781,9.840848922729492
20922,48.90999984741211,47.996829986572266
20923,14.25,13.801589012145996
20924,62.04999923706055,60.16447067260742
20925,29.829999923706055,28.173521041870117
20926,35.34000015258789,25.016170501708984
20927,14.069999694824219,15.368826866149902
20928,23.530000686645508,21.721332550048828
20929,22.739999771118164,23.663742065429688
20930,47.18000030517578,47.54343795776367
20931,44.25,45.869022369384766
20932,28.299999237060547,27.067955017089844
20933,9.520000457763672,10.539726257324219
20934,20.90999984741211,24.047977447509766
20935,57.869998931884766,62.4293327331543
20936,16.440000534057617,15.739502906799316
20937,10.140000343322754,11.365365028381348
20938,9.710000038146973,8.958888053894043
20939,9.40999984741211,8.901110649108887
20940,29.770000457763672,29.886005401611328
20941,53.2599983215332,53.493690490722656
20942,15.729999542236328,16.090251922607422
20943,31.059999465942383,33.52375030517578
20944,34.040000915527344,37.4322624206543
20945,27.709999084472656,30.294757843017578
20946,61.970001220703125,63.88457489013672
20947,60.970001220703125,63.80685806274414
20948,18.270000457763672,16.617040634155273
20949,10.010000228881836,11.244464874267578
20950,44.130001068115234,43.35599136352539
20951,31.690000534057617,37.106746673583984
20952,8.0600004196167,8.67519760131836
20953,52.040000915527344,49.64628219604492
20954,29.639999389648438,29.688644409179688
20955,27.770000457763672,28.062358856201172
20956,47.7400016784668,46.37458801269531
20957,11.210000038146973,12.938982963562012
20958,23.75,23.112438201904297
20959,62.150001525878906,57.68637466430664
20960,8.350000381469727,2.880510091781616
20961,5.619999885559082,5.947545528411865
20962,18.600000381469727,19.15796661376953
20963,35.22999954223633,36.279075622558594
20964,23.899999618530273,24.200023651123047
20965,52.040000915527344,52.3372688293457
20966,37.38999938964844,37.017059326171875
20967,26.219999313354492,27.678401947021484
20968,9.6899995803833,9.714423179626465
20969,43.529998779296875,50.93871307373047
20970,34.81999969482422,30.574899673461914
20971,27.65999984741211,26.13228988647461
20972,40.290000915527344,46.550132751464844
20973,17.43000030517578,13.33950424194336
20974,4.989999771118164,8.92873477935791
20975,17.059999465942383,17.938278198242188
20976,46.529998779296875,47.900184631347656
20977,18.40999984741211,20.355928421020508
20978,29.440000534057617,29.627307891845703
20979,15.319999694824219,15.010467529296875
20980,50.2599983215332,35.06675720214844
20981,8.829999923706055,6.948728561401367
20982,25.600000381469727,26.435182571411133
20983,20.719999313354492,18.505695343017578
20984,10.829999923706055,8.817727088928223
20985,3.2300000190734863,3.095515251159668
20986,29.229999542236328,31.484722137451172
20987,32.43000030517578,33.371437072753906
20988,31.100000381469727,31.080364227294922
20989,5.199999809265137,7.3399810791015625
20990,34.18000030517578,37.60890197753906
20991,10.979999542236328,13.007877349853516
20992,23.979999542236328,24.02440643310547
20993,31.280000686645508,30.233726501464844
20994,31.649999618530273,28.879390716552734
20995,43.880001068115234,41.22978973388672
20996,4.739999771118164,10.401083946228027
20997,32.619998931884766,32.77801513671875
20998,29.639999389648438,30.96450424194336
20999,49.18000030517578,51.02033615112305
21000,5.139999866485596,7.524484634399414
21001,21.56999969482422,20.18311882019043
21002,41.189998626708984,37.92502975463867
21003,11.010000228881836,8.829917907714844
21004,48.52000045776367,47.6890754699707
21005,25.889999389648438,25.961956024169922
21006,30.40999984741211,33.1500244140625
21007,40.83000183105469,40.030948638916016
21008,60.650001525878906,58.413169860839844
21009,46.439998626708984,39.83296585083008
21010,29.709999084472656,29.682889938354492
21011,29.6299991607666,26.197528839111328
21012,25.06999969482422,25.313961029052734
21013,32.65999984741211,33.459835052490234
21014,50.029998779296875,51.089256286621094
21015,3.190000057220459,2.6308507919311523
21016,23.459999084472656,23.28974151611328
21017,40.130001068115234,37.351417541503906
21018,1.8200000524520874,2.8207502365112305
21019,22.719999313354492,30.361778259277344
21020,16.989999771118164,16.795812606811523
21021,22.90999984741211,23.286888122558594
21022,16.459999084472656,16.52315902709961
21023,8.760000228881836,6.986930847167969
21024,23.770000457763672,23.972461700439453
21025,19.75,19.633922576904297
21026,1.6200000047683716,8.978487968444824
21027,20.59000015258789,17.869792938232422
21028,71.13999938964844,64.25984191894531
21029,75.20999908447266,56.023826599121094
21030,14.479999542236328,10.970542907714844
21031,20.190000534057617,18.200294494628906
21032,50.400001525878906,50.007198333740234
21033,7.539999961853027,7.769682884216309
21034,52.25,44.836883544921875
21035,42.09000015258789,37.17317199707031
21036,56.689998626708984,52.914634704589844
21037,32.2400016784668,32.906349182128906
21038,29.43000030517578,28.968801498413086
21039,18.850000381469727,20.266204833984375
21040,40.630001068115234,42.40153503417969
21041,9.420000076293945,13.032182693481445
21042,42.11000061035156,39.02619171142578
21043,57.97999954223633,60.34568405151367
21044,1.309999942779541,2.780963659286499
21045,36.91999816894531,34.779449462890625
21046,18.170000076293945,18.9256534576416
21047,21.860000610351562,20.79126739501953
21048,10.430000305175781,12.093761444091797
21049,23.040000915527344,23.162593841552734
21050,23.739999771118164,22.86376190185547
21051,39.77000045776367,47.53678894042969
21052,72.5199966430664,68.0526123046875
21053,8.699999809265137,7.221828460693359
21054,32.040000915527344,32.137107849121094
21055,16.15999984741211,16.234636306762695
21056,30.0,30.08403778076172
21057,29.350000381469727,33.0752067565918
21058,34.2400016784668,37.3394775390625
21059,13.729999542236328,11.061422348022461
21060,28.18000030517578,28.897747039794922
21061,1.690000057220459,1.7929185628890991
21062,25.559999465942383,28.290769577026367
21063,24.040000915527344,22.393016815185547
21064,20.389999389648438,22.42131805419922
21065,42.400001525878906,39.342079162597656
21066,45.15999984741211,47.25918960571289
21067,5.070000171661377,8.505120277404785
21068,34.25,33.4407958984375
21069,12.180000305175781,13.201436042785645
21070,27.440000534057617,26.086082458496094
21071,26.209999084472656,27.278154373168945
21072,18.329999923706055,18.775175094604492
21073,18.6200008392334,17.895397186279297
21074,52.31999969482422,47.386295318603516
21075,20.639999389648438,19.642391204833984
21076,10.199999809265137,8.174610137939453
21077,6.230000019073486,7.3737993240356445
21078,48.709999084472656,44.31991195678711
21079,52.529998779296875,53.15019989013672
21080,42.15999984741211,41.39092254638672
21081,24.950000762939453,25.189136505126953
21082,41.150001525878906,41.021183013916016
21083,54.130001068115234,53.33835983276367
21084,50.349998474121094,52.96952819824219
21085,39.45000076293945,31.9281063079834
21086,17.510000228881836,18.315799713134766
21087,15.40999984741211,16.187719345092773
21088,17.329999923706055,16.731765747070312
21089,23.670000076293945,24.94553565979004
21090,26.350000381469727,25.83100128173828
21091,51.529998779296875,55.729835510253906
21092,11.850000381469727,11.819832801818848
21093,13.710000038146973,15.593513488769531
21094,9.600000381469727,9.106728553771973
21095,43.849998474121094,47.55082702636719
21096,13.0,13.727278709411621
21097,44.310001373291016,39.56488800048828
21098,22.350000381469727,19.35053253173828
21099,2.2699999809265137,10.843327522277832
21100,8.050000190734863,7.332429885864258
21101,17.59000015258789,18.4030704498291
21102,60.810001373291016,56.500511169433594
21103,13.9399995803833,15.45179271697998
21104,40.689998626708984,42.84038543701172
21105,57.7400016784668,59.97336196899414
21106,23.280000686645508,25.07223129272461
21107,41.36000061035156,44.59153747558594
21108,37.70000076293945,34.241844177246094
21109,25.329999923706055,24.52381134033203
21110,22.579999923706055,22.411968231201172
21111,64.27999877929688,59.896270751953125
21112,12.850000381469727,14.511306762695312
21113,45.36000061035156,37.329444885253906
21114,34.86000061035156,32.055259704589844
21115,14.649999618530273,13.738944053649902
21116,21.420000076293945,21.50880241394043
21117,37.36000061035156,38.473052978515625
21118,38.06999969482422,36.346946716308594
21119,53.880001068115234,53.29194259643555
21120,18.489999771118164,18.007360458374023
21121,20.469999313354492,23.08139419555664
21122,34.709999084472656,33.91423797607422
21123,47.36000061035156,47.13440704345703
21124,47.040000915527344,47.29309844970703
21125,10.140000343322754,8.774025917053223
21126,17.780000686645508,15.953144073486328
21127,23.100000381469727,22.982555389404297
21128,17.8700008392334,17.919845581054688
21129,13.65999984741211,14.198077201843262
21130,14.350000381469727,14.780119895935059
21131,27.549999237060547,26.02293586730957
21132,5.289999961853027,8.07809066772461
21133,36.439998626708984,38.76459503173828
21134,22.260000228881836,23.460845947265625
21135,26.15999984741211,33.49028778076172
21136,27.770000457763672,32.85782241821289
21137,49.290000915527344,52.34449005126953
21138,41.09000015258789,39.913917541503906
21139,52.220001220703125,50.69816589355469
21140,17.100000381469727,16.26677703857422
21141,53.93000030517578,55.39999771118164
21142,13.579999923706055,12.009162902832031
21143,40.869998931884766,37.845027923583984
21144,4.809999942779541,5.278387069702148
21145,3.3299999237060547,0.22149941325187683
21146,14.40999984741211,13.332477569580078
21147,15.319999694824219,16.899351119995117
21148,21.959999084472656,19.950651168823242
21149,29.93000030517578,28.3656063079834
21150,10.75,11.365083694458008
21151,23.530000686645508,25.46066665649414
21152,12.600000381469727,13.868880271911621
21153,10.010000228881836,11.402469635009766
21154,22.139999389648438,21.791589736938477
21155,33.939998626708984,31.165769577026367
21156,11.960000038146973,12.80734634399414
21157,17.43000030517578,21.95497703552246
21158,24.34000015258789,25.53304672241211
21159,24.18000030517578,26.785390853881836
21160,69.08999633789062,59.020992279052734
21161,20.059999465942383,22.655115127563477
21162,9.399999618530273,7.974457740783691
21163,18.420000076293945,15.964046478271484
21164,27.850000381469727,29.520641326904297
21165,9.770000457763672,12.292136192321777
21166,28.850000381469727,31.454057693481445
21167,23.1200008392334,23.360746383666992
21168,55.599998474121094,54.01055908203125
21169,55.59000015258789,52.587337493896484
21170,20.81999969482422,21.593467712402344
21171,44.54999923706055,44.397552490234375
21172,25.15999984741211,26.630098342895508
21173,14.760000228881836,13.435660362243652
21174,21.309999465942383,20.448274612426758
21175,16.68000030517578,16.843921661376953
21176,49.310001373291016,50.163978576660156
21177,36.880001068115234,37.007720947265625
21178,30.860000610351562,31.44141387939453
21179,34.2599983215332,32.23704528808594
21180,30.809999465942383,35.01225280761719
21181,46.77000045776367,47.38545227050781
21182,37.52000045776367,36.666259765625
21183,56.72999954223633,59.063297271728516
21184,29.170000076293945,27.585126876831055
21185,34.52000045776367,36.59081268310547
21186,30.950000762939453,29.871543884277344
21187,2.009999990463257,7.485135078430176
21188,18.90999984741211,20.69499397277832
21189,11.579999923706055,10.400053977966309
21190,8.460000038146973,6.867597579956055
21191,53.66999816894531,48.787200927734375
21192,14.890000343322754,12.268301010131836
21193,34.77000045776367,37.30635070800781
21194,25.229999542236328,24.42237663269043
21195,48.09000015258789,42.015079498291016
21196,31.34000015258789,33.877227783203125
21197,52.650001525878906,53.31996154785156
21198,74.33000183105469,72.15362548828125
21199,33.689998626708984,33.36091232299805
21200,56.90999984741211,60.44976806640625
21201,52.959999084472656,60.29984664916992
21202,32.20000076293945,31.3546085357666
21203,25.299999237060547,26.504566192626953
21204,32.9900016784668,35.38457489013672
21205,53.11000061035156,40.31842041015625
21206,64.29000091552734,61.02491760253906
21207,5.869999885559082,7.219764232635498
21208,21.770000457763672,23.179092407226562
21209,33.09000015258789,36.003692626953125
21210,3.569999933242798,5.703970432281494
21211,25.90999984741211,32.38874816894531
21212,6.300000190734863,6.358100414276123
21213,7.150000095367432,8.847597122192383
21214,33.220001220703125,34.20867156982422
21215,20.479999542236328,21.81382942199707
21216,38.59000015258789,34.485225677490234
21217,28.40999984741211,29.050655364990234
21218,27.889999389648438,31.188610076904297
21219,41.27000045776367,43.35435485839844
21220,21.149999618530273,25.852680206298828
21221,29.729999542236328,31.16313362121582
21222,41.279998779296875,45.028038024902344
21223,12.010000228881836,8.823427200317383
21224,17.389999389648438,17.27286148071289
21225,30.8799991607666,27.295711517333984
21226,38.11000061035156,38.30283737182617
21227,15.489999771118164,13.974358558654785
21228,16.31999969482422,18.148103713989258
21229,46.560001373291016,45.53421401977539
21230,17.670000076293945,16.544206619262695
21231,17.229999542236328,16.42667579650879
21232,34.900001525878906,35.32373809814453
21233,36.25,33.16630554199219
21234,58.58000183105469,58.45274353027344
21235,12.329999923706055,9.756978034973145
21236,22.31999969482422,24.021480560302734
21237,32.04999923706055,32.47176742553711
21238,35.7599983215332,35.112091064453125
21239,45.18000030517578,37.312530517578125
21240,46.84000015258789,46.40492630004883
21241,48.5099983215332,48.05268859863281
21242,13.720000267028809,13.216571807861328
21243,11.109999656677246,10.8876371383667
21244,38.65999984741211,35.773216247558594
21245,8.670000076293945,6.873761177062988
21246,33.43000030517578,30.572010040283203
21247,45.38999938964844,50.568450927734375
21248,22.299999237060547,15.30523681640625
21249,19.8799991607666,20.403377532958984
21250,48.97999954223633,49.956607818603516
21251,21.309999465942383,18.075035095214844
21252,16.3700008392334,15.414289474487305
21253,31.149999618530273,31.088603973388672
21254,45.7599983215332,48.8585205078125
21255,18.489999771118164,17.719417572021484
21256,71.69999694824219,69.04508209228516
21257,5.050000190734863,7.5648932456970215
21258,28.09000015258789,28.159072875976562
21259,20.739999771118164,18.586702346801758
21260,27.389999389648438,24.816028594970703
21261,26.59000015258789,27.612638473510742
21262,12.520000457763672,14.067183494567871
21263,20.56999969482422,25.15818977355957
21264,57.33000183105469,59.529781341552734
21265,8.229999542236328,10.634543418884277
21266,14.09000015258789,16.493648529052734
21267,27.450000762939453,27.682214736938477
21268,66.37000274658203,62.291534423828125
21269,29.65999984741211,29.857501983642578
21270,9.630000114440918,8.084662437438965
21271,20.149999618530273,20.236539840698242
21272,36.029998779296875,39.694129943847656
21273,26.280000686645508,25.644996643066406
21274,42.040000915527344,40.682796478271484
21275,11.350000381469727,12.414429664611816
21276,21.8700008392334,21.930072784423828
21277,25.799999237060547,25.858644485473633
21278,12.300000190734863,15.515103340148926
21279,45.33000183105469,40.08171844482422
21280,10.720000267028809,11.627860069274902
21281,35.150001525878906,33.614723205566406
21282,43.290000915527344,50.185054779052734
21283,72.83999633789062,64.08672332763672
21284,41.61000061035156,36.684078216552734
21285,3.950000047683716,0.9227042198181152
21286,19.059999465942383,22.265094757080078
21287,18.200000762939453,18.102176666259766
21288,23.75,26.603424072265625
21289,67.30999755859375,61.563194274902344
21290,22.309999465942383,23.0728702545166
21291,38.689998626708984,33.5978889465332
21292,19.969999313354492,21.886430740356445
21293,25.649999618530273,27.907958984375
21294,26.219999313354492,29.44847297668457
21295,16.059999465942383,18.151166915893555
21296,38.2400016784668,32.97319412231445
21297,20.639999389648438,20.73566436767578
21298,28.040000915527344,28.59510040283203
21299,30.6299991607666,29.811992645263672
21300,20.579999923706055,22.394750595092773
21301,45.09000015258789,44.232505798339844
21302,10.789999961853027,13.232282638549805
21303,50.849998474121094,53.18555450439453
21304,30.549999237060547,27.838726043701172
21305,26.93000030517578,27.190752029418945
21306,32.02000045776367,39.0954475402832
21307,26.540000915527344,22.563709259033203
21308,31.6200008392334,30.406740188598633
21309,28.860000610351562,32.01490783691406
21310,11.0,11.598189353942871
21311,35.599998474121094,38.69715881347656
21312,8.380000114440918,8.399075508117676
21313,43.65999984741211,44.80049133300781
21314,50.400001525878906,52.307945251464844
21315,9.09000015258789,9.054031372070312
21316,38.40999984741211,32.95729446411133
21317,23.989999771118164,26.599843978881836
21318,31.579999923706055,31.76763916015625
21319,17.799999237060547,18.484310150146484
21320,16.5,16.710880279541016
21321,46.439998626708984,47.887481689453125
21322,68.86000061035156,67.99629211425781
21323,12.710000038146973,13.862039566040039
21324,21.610000610351562,22.260725021362305
21325,31.979999542236328,32.16105270385742
21326,40.25,38.292083740234375
21327,18.43000030517578,20.858074188232422
21328,65.66999816894531,47.697757720947266
21329,29.719999313354492,29.30644416809082
21330,66.08000183105469,67.98065185546875
21331,45.95000076293945,49.070648193359375
21332,24.989999771118164,24.16975975036621
21333,68.5199966430664,63.79589080810547
21334,10.699999809265137,12.982806205749512
21335,23.670000076293945,21.794111251831055
21336,42.29999923706055,41.413719177246094
21337,12.9399995803833,14.107438087463379
21338,39.22999954223633,40.579254150390625
21339,38.439998626708984,34.0629997253418
21340,31.610000610351562,32.000694274902344
21341,14.479999542236328,12.542960166931152
21342,56.7599983215332,54.215599060058594
21343,27.200000762939453,29.927242279052734
21344,18.829999923706055,20.369443893432617
21345,55.220001220703125,58.267127990722656
21346,35.599998474121094,39.70237350463867
21347,75.04000091552734,68.9161376953125
21348,53.25,49.020206451416016
21349,31.299999237060547,35.73564147949219
21350,5.070000171661377,3.597313404083252
21351,17.56999969482422,20.38580894470215
21352,20.31999969482422,19.79024887084961
21353,21.719999313354492,22.158077239990234
21354,51.2400016784668,43.381752014160156
21355,57.4900016784668,49.7867431640625
21356,66.6500015258789,68.98036193847656
21357,45.279998779296875,40.947269439697266
21358,32.220001220703125,34.94374084472656
21359,25.950000762939453,28.19681739807129
21360,13.119999885559082,16.750816345214844
21361,17.5,18.890186309814453
21362,34.68000030517578,38.293975830078125
21363,35.2400016784668,30.951358795166016
21364,43.150001525878906,50.615909576416016
21365,36.04999923706055,32.38318634033203
21366,66.6500015258789,65.9604263305664
21367,8.029999732971191,7.594771862030029
21368,37.939998626708984,41.789085388183594
21369,3.3499999046325684,2.89182186126709
21370,14.930000305175781,13.490119934082031
21371,28.90999984741211,32.43037796020508
21372,18.18000030517578,18.04947853088379
21373,53.630001068115234,53.37984085083008
21374,44.849998474121094,43.557861328125
21375,48.939998626708984,42.23616409301758
21376,9.4399995803833,6.50523042678833
21377,5.849999904632568,9.20014762878418
21378,21.190000534057617,25.655630111694336
21379,4.389999866485596,4.285409927368164
21380,27.219999313354492,28.60457420349121
21381,37.38999938964844,34.73371124267578
21382,22.43000030517578,23.353443145751953
21383,40.779998779296875,38.94083786010742
21384,11.180000305175781,7.92685079574585
21385,2.609999895095825,3.4363718032836914
21386,18.549999237060547,18.65377426147461
21387,30.170000076293945,32.20810317993164
21388,6.989999771118164,7.864485740661621
21389,26.780000686645508,29.390161514282227
21390,20.06999969482422,19.185501098632812
21391,36.459999084472656,36.38082504272461
21392,8.619999885559082,8.99949836730957
21393,18.940000534057617,18.96455955505371
21394,25.450000762939453,25.899242401123047
21395,49.68000030517578,49.415924072265625
21396,51.68000030517578,44.91706848144531
21397,14.90999984741211,10.237702369689941
21398,23.670000076293945,22.57417106628418
21399,13.569999694824219,14.060025215148926
21400,4.619999885559082,5.416942119598389
21401,29.510000228881836,24.339601516723633
21402,27.90999984741211,28.531749725341797
21403,41.58000183105469,47.46654510498047
21404,19.940000534057617,21.192546844482422
21405,5.960000038146973,7.372835159301758
21406,26.6200008392334,29.116260528564453
21407,16.6299991607666,18.533540725708008
21408,26.81999969482422,25.705326080322266
21409,45.709999084472656,39.386077880859375
21410,50.18000030517578,47.84543991088867
21411,25.65999984741211,30.715288162231445
21412,25.950000762939453,23.919530868530273
21413,22.81999969482422,24.956459045410156
21414,21.84000015258789,23.008647918701172
21415,28.0,26.739843368530273
21416,24.350000381469727,26.068384170532227
21417,10.220000267028809,11.45561408996582
21418,50.369998931884766,49.34541320800781
21419,26.729999542236328,29.03337287902832
21420,28.06999969482422,28.573116302490234
21421,15.539999961853027,11.584921836853027
21422,57.02000045776367,55.003173828125
21423,58.97999954223633,60.30052947998047
21424,30.18000030517578,28.663127899169922
21425,18.559999465942383,17.737409591674805
21426,10.229999542236328,12.198334693908691
21427,13.869999885559082,8.242053985595703
21428,25.739999771118164,25.100284576416016
21429,42.720001220703125,44.34056091308594
21430,27.860000610351562,24.848630905151367
21431,24.8799991607666,24.094364166259766
21432,36.2400016784668,32.486820220947266
21433,41.66999816894531,44.74346923828125
21434,51.209999084472656,50.68031692504883
21435,17.84000015258789,23.205684661865234
21436,39.189998626708984,35.419883728027344
21437,30.229999542236328,29.70351219177246
21438,12.5600004196167,13.430404663085938
21439,5.920000076293945,6.367456912994385
21440,51.380001068115234,51.06222152709961
21441,11.920000076293945,11.2937650680542
21442,15.880000114440918,19.48371124267578
21443,29.350000381469727,29.917339324951172
21444,11.729999542236328,10.815408706665039
21445,23.6299991607666,19.646869659423828
21446,4.599999904632568,2.6719470024108887
21447,40.34000015258789,36.682071685791016
21448,33.849998474121094,30.632648468017578
21449,18.040000915527344,17.545928955078125
21450,42.33000183105469,44.82933807373047
21451,49.849998474121094,48.905616760253906
21452,42.029998779296875,45.971397399902344
21453,6.53000020980835,10.067686080932617
21454,68.16000366210938,59.48926544189453
21455,6.699999809265137,8.691171646118164
21456,35.619998931884766,37.00772476196289
21457,49.65999984741211,58.725887298583984
21458,39.0,40.37752914428711
21459,27.25,27.234752655029297
21460,9.710000038146973,11.129164695739746
21461,18.549999237060547,19.84247589111328
21462,8.460000038146973,9.137312889099121
21463,24.649999618530273,26.811738967895508
21464,58.16999816894531,51.534366607666016
21465,7.489999771118164,2.575204849243164
21466,14.119999885559082,14.703031539916992
21467,12.65999984741211,12.453178405761719
21468,25.190000534057617,22.895092010498047
21469,66.7300033569336,68.10160827636719
21470,8.25,5.714313983917236
21471,77.69999694824219,70.90766906738281
21472,54.59000015258789,54.61079788208008
21473,21.209999084472656,22.421815872192383
21474,13.789999961853027,15.920278549194336
21475,63.279998779296875,59.881568908691406
21476,14.270000457763672,11.648843765258789
21477,60.5,62.159034729003906
21478,39.7400016784668,39.77134704589844
21479,39.9900016784668,40.927642822265625
21480,26.56999969482422,30.02755355834961
21481,40.31999969482422,36.85148239135742
21482,22.889999389648438,23.302860260009766
21483,37.08000183105469,37.724205017089844
21484,42.869998931884766,37.69633865356445
21485,26.809999465942383,27.13788604736328
21486,32.540000915527344,34.86063003540039
21487,34.220001220703125,33.451377868652344
21488,22.969999313354492,20.753175735473633
21489,10.399999618530273,10.780555725097656
21490,35.02000045776367,34.0579948425293
21491,25.34000015258789,25.779443740844727
21492,33.59000015258789,34.6627082824707
21493,33.58000183105469,34.83181381225586
21494,41.90999984741211,42.107513427734375
21495,18.6200008392334,18.911672592163086
21496,35.150001525878906,37.462684631347656
21497,1.3600000143051147,0.37321019172668457
21498,39.43000030517578,34.312095642089844
21499,7.590000152587891,8.537964820861816
21500,49.47999954223633,49.80716323852539
21501,62.099998474121094,56.16334533691406
21502,58.060001373291016,56.865501403808594
21503,11.630000114440918,10.696554183959961
21504,7.0,6.094087600708008
21505,45.95000076293945,46.81354522705078
21506,47.81999969482422,46.74623107910156
21507,13.050000190734863,11.902902603149414
21508,17.6299991607666,23.562274932861328
21509,33.15999984741211,33.747745513916016
21510,24.530000686645508,27.84864616394043
21511,9.989999771118164,10.501107215881348
21512,38.09000015258789,34.59214782714844
21513,17.280000686645508,18.39958381652832
21514,37.09000015258789,53.21385955810547
21515,40.7400016784668,39.49124526977539
21516,7.78000020980835,8.425634384155273
21517,50.380001068115234,46.75171661376953
21518,46.04999923706055,46.93928527832031
21519,64.75,62.870670318603516
21520,48.06999969482422,56.703067779541016
21521,17.940000534057617,18.988279342651367
21522,52.56999969482422,52.406925201416016
21523,29.1299991607666,34.77717590332031
21524,53.689998626708984,46.198055267333984
21525,16.610000610351562,17.141117095947266
21526,34.61000061035156,35.44804763793945
21527,30.329999923706055,29.59408187866211
21528,12.930000305175781,13.375800132751465
21529,27.1299991607666,30.302501678466797
21530,26.59000015258789,28.332242965698242
21531,3.240000009536743,1.6376044750213623
21532,34.310001373291016,31.649465560913086
21533,37.869998931884766,36.43505096435547
21534,23.079999923706055,22.12483024597168
21535,57.86000061035156,61.46718215942383
21536,22.709999084472656,24.438825607299805
21537,27.34000015258789,27.65148162841797
21538,19.25,19.202131271362305
21539,46.5099983215332,39.983985900878906
21540,11.420000076293945,10.520994186401367
21541,17.229999542236328,17.677448272705078
21542,57.04999923706055,46.45197677612305
21543,34.040000915527344,35.30630874633789
21544,9.960000038146973,8.970235824584961
21545,26.200000762939453,25.457372665405273
21546,7.559999942779541,7.621400356292725
21547,24.56999969482422,26.467529296875
21548,25.010000228881836,25.042797088623047
21549,25.68000030517578,25.868209838867188
21550,34.810001373291016,33.491920471191406
21551,23.420000076293945,21.066577911376953
21552,14.960000038146973,14.576459884643555
21553,22.780000686645508,25.330005645751953
21554,7.96999979019165,8.002426147460938
21555,22.100000381469727,21.193225860595703
21556,19.110000610351562,16.49669075012207
21557,2.75,0.720767617225647
21558,23.450000762939453,21.412778854370117
21559,24.469999313354492,26.266887664794922
21560,58.220001220703125,47.35908126831055
21561,70.05000305175781,68.69511413574219
21562,20.989999771118164,18.63503646850586
21563,32.599998474121094,29.9307861328125
21564,10.890000343322754,14.885875701904297
21565,24.200000762939453,27.5289249420166
21566,8.59000015258789,9.334095001220703
21567,41.13999938964844,41.68637466430664
21568,55.54999923706055,52.64241409301758
21569,19.829999923706055,15.81826114654541
21570,32.04999923706055,33.57033920288086
21571,7.730000019073486,5.791109085083008
21572,28.170000076293945,31.29730796813965
21573,11.460000038146973,12.157424926757812
21574,35.25,33.55354309082031
21575,43.810001373291016,41.44270324707031
21576,10.359999656677246,13.228530883789062
21577,20.219999313354492,23.278533935546875
21578,13.15999984741211,14.832819938659668
21579,10.890000343322754,11.921080589294434
21580,11.100000381469727,9.005807876586914
21581,2.3499999046325684,8.243559837341309
21582,35.209999084472656,35.086490631103516
21583,14.34000015258789,13.197848320007324
21584,21.09000015258789,23.02515983581543
21585,38.33000183105469,43.48101806640625
21586,29.040000915527344,25.457462310791016
21587,28.09000015258789,29.398178100585938
21588,1.409999966621399,12.208762168884277
21589,50.130001068115234,45.059608459472656
21590,21.65999984741211,23.541549682617188
21591,7.159999847412109,6.516058921813965
21592,1.2599999904632568,7.773318290710449
21593,37.65999984741211,29.939830780029297
21594,10.84000015258789,10.074468612670898
21595,12.930000305175781,13.850510597229004
21596,42.29999923706055,42.30328369140625
21597,7.849999904632568,7.999557018280029
21598,18.8799991607666,38.4803466796875
21599,29.530000686645508,29.477649688720703
21600,33.70000076293945,34.0631103515625
21601,30.030000686645508,28.416013717651367
21602,67.66999816894531,60.65907287597656
21603,32.56999969482422,32.57979202270508
21604,15.020000457763672,15.073729515075684
21605,34.77000045776367,35.81515121459961
21606,11.40999984741211,9.083517074584961
21607,6.050000190734863,5.29956579208374
21608,36.83000183105469,40.61260986328125
21609,10.140000343322754,15.678873062133789
21610,45.95000076293945,47.09296417236328
21611,37.630001068115234,41.08349609375
21612,48.810001373291016,49.912010192871094
21613,22.110000610351562,21.602039337158203
21614,16.299999237060547,14.747302055358887
21615,7.679999828338623,5.312528610229492
21616,41.790000915527344,45.235252380371094
21617,16.700000762939453,16.112031936645508
21618,33.310001373291016,38.17377853393555
21619,21.540000915527344,21.17241668701172
21620,48.470001220703125,45.763458251953125
21621,15.430000305175781,15.497292518615723
21622,14.649999618530273,12.935447692871094
21623,16.989999771118164,19.103225708007812
21624,10.149999618530273,9.713415145874023
21625,10.119999885559082,9.0534086227417
21626,40.06999969482422,37.05735778808594
21627,32.52000045776367,33.343955993652344
21628,22.329999923706055,25.858240127563477
21629,39.529998779296875,37.33611297607422
21630,17.850000381469727,18.224365234375
21631,10.0600004196167,11.721299171447754
21632,7.909999847412109,4.329991817474365
21633,13.300000190734863,14.212883949279785
21634,38.400001525878906,37.229034423828125
21635,21.149999618530273,21.386871337890625
21636,13.649999618530273,12.724055290222168
21637,26.440000534057617,27.68923568725586
21638,25.479999542236328,26.831222534179688
21639,33.58000183105469,31.73220443725586
21640,28.93000030517578,30.483196258544922
21641,44.439998626708984,47.044551849365234
21642,47.2599983215332,48.948795318603516
21643,34.15999984741211,33.19314956665039
21644,26.690000534057617,28.426773071289062
21645,22.860000610351562,23.608795166015625
21646,20.84000015258789,21.073715209960938
21647,37.959999084472656,41.06387710571289
21648,18.540000915527344,17.30669593811035
21649,6.21999979019165,5.288967132568359
21650,38.45000076293945,37.74004364013672
21651,12.369999885559082,14.085437774658203
21652,9.5,10.388038635253906
21653,21.43000030517578,20.996440887451172
21654,36.439998626708984,38.08128356933594
21655,35.16999816894531,32.09030532836914
21656,62.0099983215332,59.081295013427734
21657,39.400001525878906,32.566184997558594
21658,14.319999694824219,12.766474723815918
21659,47.470001220703125,46.428382873535156
21660,29.829999923706055,34.19829559326172
21661,10.5600004196167,9.978835105895996
21662,49.63999938964844,51.8239860534668
21663,27.290000915527344,26.88825035095215
21664,5.900000095367432,4.491182804107666
21665,28.760000228881836,30.873632431030273
21666,55.209999084472656,53.17484664916992
21667,1.4900000095367432,0.16235177218914032
21668,26.3700008392334,25.77498435974121
21669,8.760000228881836,11.411425590515137
21670,33.4900016784668,33.545475006103516
21671,43.310001373291016,43.23982238769531
21672,9.760000228881836,7.314253330230713
21673,19.010000228881836,14.817073822021484
21674,37.31999969482422,36.20811462402344
21675,4.659999847412109,6.166357517242432
21676,29.079999923706055,27.43526840209961
21677,10.479999542236328,12.416200637817383
21678,3.5399999618530273,3.0831141471862793
21679,26.729999542236328,31.38075065612793
21680,16.030000686645508,15.726107597351074
21681,24.700000762939453,24.923463821411133
21682,6.159999847412109,5.6106085777282715
21683,19.68000030517578,21.332942962646484
21684,37.119998931884766,34.61259841918945
21685,63.77000045776367,62.00279998779297
21686,21.940000534057617,20.171249389648438
21687,17.959999084472656,21.405242919921875
21688,47.56999969482422,50.08635711669922
21689,60.90999984741211,58.81209182739258
21690,37.939998626708984,37.409690856933594
21691,50.61000061035156,48.59308624267578
21692,39.68000030517578,44.53833770751953
21693,40.06999969482422,48.216087341308594
21694,6.96999979019165,7.031215667724609
21695,27.209999084472656,31.76740837097168
21696,12.369999885559082,11.789938926696777
21697,24.450000762939453,29.01805305480957
21698,52.31999969482422,55.003387451171875
21699,13.979999542236328,12.492530822753906
21700,48.349998474121094,48.36595916748047
21701,17.389999389648438,15.766668319702148
21702,37.9900016784668,37.93059158325195
21703,70.86000061035156,64.05174255371094
21704,38.959999084472656,45.69791793823242
21705,39.68000030517578,35.81184387207031
21706,40.790000915527344,48.79042053222656
21707,17.969999313354492,15.724373817443848
21708,27.65999984741211,28.47597885131836
21709,13.59000015258789,14.749433517456055
21710,12.739999771118164,11.12084674835205
21711,35.70000076293945,39.99983215332031
21712,19.579999923706055,18.8226318359375
21713,14.40999984741211,17.309972763061523
21714,25.1200008392334,29.44782257080078
21715,3.3299999237060547,5.508609294891357
21716,6.110000133514404,6.026566982269287
21717,10.260000228881836,8.782505989074707
21718,30.780000686645508,35.31477355957031
21719,11.170000076293945,11.02913761138916
21720,12.920000076293945,15.758735656738281
21721,25.6299991607666,27.456239700317383
21722,61.720001220703125,56.641197204589844
21723,58.119998931884766,42.5116081237793
21724,6.519999980926514,11.280431747436523
21725,12.920000076293945,15.782094955444336
21726,36.84000015258789,39.92108917236328
21727,38.310001373291016,38.69845199584961
21728,8.779999732971191,11.896750450134277
21729,18.760000228881836,17.666481018066406
21730,17.530000686645508,17.723051071166992
21731,40.18000030517578,35.1405029296875
21732,37.77000045776367,37.66205978393555
21733,23.540000915527344,23.433622360229492
21734,36.59000015258789,43.48155975341797
21735,26.25,27.37420654296875
21736,38.439998626708984,32.938297271728516
21737,14.210000038146973,14.443678855895996
21738,57.75,60.97966003417969
21739,44.4900016784668,45.219451904296875
21740,54.31999969482422,57.25865936279297
21741,8.970000267028809,9.189217567443848
21742,48.689998626708984,52.32856750488281
21743,25.469999313354492,22.003480911254883
21744,1.5299999713897705,1.6704058647155762
21745,6.159999847412109,3.7875773906707764
21746,38.310001373291016,42.57463073730469
21747,33.470001220703125,32.320621490478516
21748,9.930000305175781,12.67745304107666
21749,26.829999923706055,25.725997924804688
21750,26.729999542236328,26.430740356445312
21751,18.790000915527344,20.860261917114258
21752,33.869998931884766,39.92512893676758
21753,36.29999923706055,42.78850173950195
21754,17.81999969482422,16.376184463500977
21755,15.260000228881836,15.548072814941406
21756,27.079999923706055,28.615726470947266
21757,18.149999618530273,18.235048294067383
21758,17.3700008392334,17.977333068847656
21759,17.559999465942383,19.97313690185547
21760,55.380001068115234,42.87434005737305
21761,4.829999923706055,9.979573249816895
21762,14.789999961853027,13.816288948059082
21763,29.600000381469727,30.169761657714844
21764,24.459999084472656,20.376598358154297
21765,27.59000015258789,27.53636360168457
21766,4.880000114440918,2.474756956100464
21767,15.069999694824219,14.793378829956055
21768,22.719999313354492,23.410634994506836
21769,3.759999990463257,9.31419849395752
21770,38.060001373291016,35.49322509765625
21771,22.700000762939453,25.975065231323242
21772,31.899999618530273,34.686073303222656
21773,12.890000343322754,14.789648056030273
21774,37.4900016784668,45.5228385925293
21775,36.83000183105469,42.6695671081543
21776,35.779998779296875,38.76457977294922
21777,27.219999313354492,32.56067657470703
21778,8.479999542236328,8.686867713928223
21779,12.850000381469727,12.61902904510498
21780,20.790000915527344,22.128801345825195
21781,43.52000045776367,44.06110382080078
21782,62.189998626708984,63.04376983642578
21783,6.869999885559082,7.9188737869262695
21784,1.6299999952316284,5.390402317047119
21785,35.63999938964844,33.70555114746094
21786,51.02000045776367,49.02105712890625
21787,6.96999979019165,5.349559783935547
21788,12.039999961853027,10.628358840942383
21789,30.270000457763672,28.669876098632812
21790,28.889999389648438,30.76614761352539
21791,24.06999969482422,22.4293155670166
21792,24.479999542236328,24.52328872680664
21793,5.619999885559082,5.90294075012207
21794,34.91999816894531,38.37668991088867
21795,10.260000228881836,9.455045700073242
21796,19.600000381469727,18.705705642700195
21797,50.61000061035156,46.31545639038086
21798,64.51000213623047,50.08885955810547
21799,16.09000015258789,14.825429916381836
21800,22.709999084472656,26.939781188964844
21801,21.829999923706055,21.90371322631836
21802,30.59000015258789,33.73139572143555
21803,42.400001525878906,43.279693603515625
21804,3.7300000190734863,5.84781551361084
21805,30.940000534057617,29.126937866210938
21806,22.18000030517578,24.627017974853516
21807,22.239999771118164,25.21015739440918
21808,10.40999984741211,10.542853355407715
21809,37.59000015258789,39.52836990356445
21810,5.78000020980835,5.4581193923950195
21811,60.7400016784668,62.844058990478516
21812,35.54999923706055,33.38044357299805
21813,2.049999952316284,3.07810378074646
21814,15.770000457763672,16.843345642089844
21815,25.719999313354492,23.81134605407715
21816,42.61000061035156,38.71075439453125
21817,66.63999938964844,55.39995574951172
21818,12.149999618530273,11.675406455993652
21819,7.710000038146973,5.7196245193481445
21820,35.220001220703125,33.176517486572266
21821,50.86000061035156,52.199012756347656
21822,21.459999084472656,23.01999282836914
21823,23.010000228881836,24.037158966064453
21824,8.329999923706055,5.57755184173584
21825,19.81999969482422,19.83549690246582
21826,8.239999771118164,8.330721855163574
21827,28.059999465942383,28.517786026000977
21828,11.260000228881836,14.401373863220215
21829,18.010000228881836,12.557292938232422
21830,24.139999389648438,22.676794052124023
21831,15.90999984741211,19.339141845703125
21832,11.170000076293945,11.699087142944336
21833,29.540000915527344,30.714754104614258
21834,57.349998474121094,50.278900146484375
21835,14.579999923706055,15.9835844039917
21836,16.270000457763672,18.17007064819336
21837,13.479999542236328,15.951470375061035
21838,17.59000015258789,23.380870819091797
21839,23.3799991607666,20.98763656616211
21840,36.31999969482422,35.2435417175293
21841,11.09000015258789,11.355941772460938
21842,30.84000015258789,33.04225158691406
21843,2.75,3.4053151607513428
21844,24.360000610351562,23.879547119140625
21845,47.939998626708984,46.351654052734375
21846,45.380001068115234,45.98458480834961
21847,20.229999542236328,19.634174346923828
21848,16.780000686645508,21.057432174682617
21849,36.310001373291016,37.489593505859375
21850,20.65999984741211,20.16609001159668
21851,24.8799991607666,21.9707088470459
21852,8.789999961853027,9.485483169555664
21853,31.040000915527344,36.000003814697266
21854,29.940000534057617,32.85209655761719
21855,29.209999084472656,29.391748428344727
21856,59.95000076293945,58.5020637512207
21857,23.5,22.105676651000977
21858,7.820000171661377,3.2795867919921875
21859,59.70000076293945,52.73967742919922
21860,26.760000228881836,24.331623077392578
21861,17.799999237060547,19.933626174926758
21862,38.36000061035156,37.69652557373047
21863,25.229999542236328,25.497262954711914
21864,43.09000015258789,42.72140121459961
21865,25.010000228881836,28.199172973632812
21866,17.56999969482422,17.461929321289062
21867,69.5,60.10466003417969
21868,17.510000228881836,14.687302589416504
21869,21.360000610351562,21.783159255981445
21870,19.850000381469727,20.392425537109375
21871,13.649999618530273,12.660367965698242
21872,33.08000183105469,30.254398345947266
21873,43.0,37.854881286621094
21874,37.41999816894531,38.78945541381836
21875,22.170000076293945,24.832611083984375
21876,22.549999237060547,21.780744552612305
21877,18.979999542236328,25.19915771484375
21878,48.220001220703125,47.245059967041016
21879,13.930000305175781,14.872727394104004
21880,19.139999389648438,13.337577819824219
21881,50.810001373291016,54.286773681640625
21882,23.329999923706055,22.493921279907227
21883,10.15999984741211,11.610528945922852
21884,9.25,10.677616119384766
21885,53.63999938964844,45.38682556152344
21886,19.459999084472656,18.303569793701172
21887,36.83000183105469,42.07569122314453
21888,33.310001373291016,38.41141891479492
21889,9.649999618530273,9.921470642089844
21890,64.12000274658203,61.54025650024414
21891,8.0,6.130146503448486
21892,6.829999923706055,5.703990936279297
21893,11.350000381469727,9.914621353149414
21894,10.119999885559082,9.900721549987793
21895,41.20000076293945,36.380435943603516
21896,60.88999938964844,53.30411911010742
21897,9.289999961853027,10.704051971435547
21898,26.360000610351562,27.32555389404297
21899,8.210000038146973,8.210894584655762
21900,30.8700008392334,30.9633846282959
21901,26.459999084472656,23.735801696777344
21902,13.890000343322754,12.848830223083496
21903,76.33999633789062,62.117095947265625
21904,28.290000915527344,27.03032684326172
21905,32.70000076293945,36.07855224609375
21906,28.290000915527344,26.68270492553711
21907,20.31999969482422,20.785144805908203
21908,25.3700008392334,23.72750473022461
21909,7.579999923706055,9.270710945129395
21910,21.18000030517578,21.18415069580078
21911,5.619999885559082,10.138004302978516
21912,11.989999771118164,13.09615707397461
21913,20.3799991607666,22.75545310974121
21914,22.690000534057617,17.601362228393555
21915,52.2400016784668,50.64311981201172
21916,33.099998474121094,35.29771423339844
21917,29.149999618530273,27.825761795043945
21918,12.199999809265137,11.418272018432617
21919,6.46999979019165,6.287598609924316
21920,8.170000076293945,9.80203914642334
21921,28.010000228881836,26.008159637451172
21922,29.399999618530273,31.242691040039062
21923,16.149999618530273,15.111566543579102
21924,31.020000457763672,32.36928176879883
21925,8.0600004196167,6.353679656982422
21926,18.43000030517578,19.87134552001953
21927,25.540000915527344,26.033992767333984
21928,25.799999237060547,24.20520782470703
21929,17.459999084472656,15.365449905395508
21930,19.6299991607666,23.676101684570312
21931,12.90999984741211,26.081478118896484
21932,62.5099983215332,54.703399658203125
21933,61.400001525878906,56.83878707885742
21934,15.109999656677246,10.370132446289062
21935,41.5,48.00970458984375
21936,23.940000534057617,24.234804153442383
21937,15.779999732971191,16.247594833374023
21938,52.060001373291016,52.230831146240234
21939,28.25,29.554332733154297
21940,31.90999984741211,31.904159545898438
21941,57.25,52.915916442871094
21942,27.219999313354492,24.534460067749023
21943,14.800000190734863,14.663923263549805
21944,45.189998626708984,49.3398551940918
21945,59.70000076293945,63.05845260620117
21946,5.980000019073486,4.916021823883057
21947,20.1299991607666,16.642362594604492
21948,4.710000038146973,2.013820171356201
21949,33.279998779296875,31.869789123535156
21950,24.940000534057617,26.31691551208496
21951,30.829999923706055,28.939908981323242
21952,54.04999923706055,44.095367431640625
21953,31.270000457763672,34.24583053588867
21954,36.06999969482422,38.10774230957031
21955,36.86000061035156,32.741668701171875
21956,7.03000020980835,7.029829502105713
21957,7.099999904632568,8.224532127380371
21958,9.130000114440918,8.31200122833252
21959,43.09000015258789,41.57835006713867
21960,54.43000030517578,54.88036346435547
21961,8.5600004196167,7.958914279937744
21962,13.239999771118164,29.419963836669922
21963,38.75,39.77894973754883
21964,39.09000015258789,39.25468826293945
21965,21.68000030517578,25.322486877441406
21966,10.5,11.308486938476562
21967,40.11000061035156,38.49924087524414
21968,37.310001373291016,38.15129470825195
21969,33.380001068115234,31.963281631469727
21970,65.73999786376953,63.21814727783203
21971,30.420000076293945,27.414804458618164
21972,48.56999969482422,54.83070755004883
21973,20.670000076293945,21.37148666381836
21974,21.520000457763672,24.978891372680664
21975,8.960000038146973,9.684829711914062
21976,47.86000061035156,52.54664993286133
21977,36.0,36.51160430908203
21978,60.72999954223633,57.72166442871094
21979,77.5,64.70284271240234
21980,24.6200008392334,27.047271728515625
21981,18.729999542236328,15.845685958862305
21982,12.829999923706055,12.4774808883667
21983,20.290000915527344,18.564056396484375
21984,38.33000183105469,37.902587890625
21985,4.809999942779541,4.927023887634277
21986,39.7400016784668,35.11033630371094
21987,19.270000457763672,15.316011428833008
21988,6.650000095367432,6.7965989112854
21989,22.809999465942383,23.554929733276367
21990,26.90999984741211,26.42483139038086
21991,22.030000686645508,23.219945907592773
21992,24.6200008392334,24.34359359741211
21993,7.409999847412109,7.83436918258667
21994,53.720001220703125,51.43791961669922
21995,21.610000610351562,27.303913116455078
21996,8.130000114440918,9.154202461242676
21997,60.7400016784668,63.98521423339844
21998,47.25,50.086666107177734
21999,49.86000061035156,48.55476379394531
22000,23.530000686645508,17.358125686645508
22001,36.83000183105469,39.51207733154297
22002,9.989999771118164,12.535259246826172
22003,10.479999542236328,13.56590747833252
22004,42.61000061035156,44.8260383605957
22005,24.639999389648438,24.66441535949707
22006,51.22999954223633,44.652652740478516
22007,15.579999923706055,15.137547492980957
22008,20.84000015258789,20.265193939208984
22009,46.810001373291016,47.758792877197266
22010,60.13999938964844,53.262901306152344
22011,53.02000045776367,48.6307487487793
22012,11.600000381469727,10.082771301269531
22013,2.3499999046325684,6.152646064758301
22014,32.13999938964844,26.587736129760742
22015,22.520000457763672,22.476469039916992
22016,11.229999542236328,12.148937225341797
22017,28.84000015258789,28.825279235839844
22018,6.039999961853027,7.061722278594971
22019,15.25,15.46081256866455
22020,34.25,36.18097686767578
22021,43.34000015258789,42.98332977294922
22022,3.7100000381469727,9.737956047058105
22023,36.529998779296875,35.52815246582031
22024,19.450000762939453,14.128010749816895
22025,13.770000457763672,13.195961952209473
22026,13.970000267028809,13.643982887268066
22027,15.109999656677246,12.427602767944336
22028,22.809999465942383,28.320402145385742
22029,26.760000228881836,26.980670928955078
22030,53.63999938964844,52.2624397277832
22031,12.880000114440918,11.100607872009277
22032,63.220001220703125,55.01841354370117
22033,11.15999984741211,10.379477500915527
22034,19.760000228881836,22.175371170043945
22035,27.6200008392334,29.68691635131836
22036,20.760000228881836,22.105987548828125
22037,38.439998626708984,30.199790954589844
22038,13.369999885559082,13.650547981262207
22039,48.959999084472656,51.00041961669922
22040,42.06999969482422,40.76752853393555
22041,5.820000171661377,4.42071533203125
22042,18.799999237060547,22.35704803466797
22043,18.219999313354492,22.875024795532227
22044,11.25,13.539016723632812
22045,19.690000534057617,19.32638931274414
22046,11.960000038146973,12.134225845336914
22047,15.520000457763672,14.732661247253418
22048,11.380000114440918,13.291735649108887
22049,22.90999984741211,25.71414566040039
22050,19.559999465942383,15.217785835266113
22051,6.869999885559082,7.981113910675049
22052,17.389999389648438,17.868488311767578
22053,12.670000076293945,14.507238388061523
22054,24.209999084472656,25.001895904541016
22055,14.539999961853027,17.2484188079834
22056,17.110000610351562,19.12548065185547
22057,15.90999984741211,16.532907485961914
22058,15.220000267028809,19.01392936706543
22059,38.380001068115234,37.650672912597656
22060,16.959999084472656,19.9327335357666
22061,30.489999771118164,34.47014617919922
22062,8.420000076293945,8.734688758850098
22063,44.060001373291016,46.69766616821289
22064,69.5199966430664,65.29313659667969
22065,15.40999984741211,15.487027168273926
22066,26.65999984741211,27.195171356201172
22067,47.61000061035156,40.51970291137695
22068,34.470001220703125,32.41608428955078
22069,13.34000015258789,13.810144424438477
22070,25.799999237060547,25.677217483520508
22071,22.25,18.7503662109375
22072,2.130000114440918,8.867500305175781
22073,32.91999816894531,34.17138671875
22074,7.590000152587891,8.272590637207031
22075,24.049999237060547,20.566818237304688
22076,17.34000015258789,13.810328483581543
22077,22.8799991607666,24.93350601196289
22078,10.180000305175781,6.013495445251465
22079,12.039999961853027,11.642277717590332
22080,32.16999816894531,28.46086883544922
22081,51.150001525878906,45.614891052246094
22082,10.390000343322754,10.121480941772461
22083,27.600000381469727,27.570959091186523
22084,48.27000045776367,52.828590393066406
22085,17.170000076293945,16.958858489990234
22086,69.68000030517578,66.6102066040039
22087,35.41999816894531,33.29996871948242
22088,8.020000457763672,5.97782564163208
22089,33.099998474121094,34.106353759765625
22090,40.630001068115234,41.68001174926758
22091,31.59000015258789,35.355987548828125
22092,53.68000030517578,43.62413024902344
22093,6.610000133514404,5.941319465637207
22094,22.739999771118164,22.527271270751953
22095,29.489999771118164,27.009109497070312
22096,24.969999313354492,29.81523895263672
22097,41.56999969482422,44.33808135986328
22098,3.5799999237060547,10.935471534729004
22099,53.02000045776367,52.65968704223633
22100,45.849998474121094,44.55913162231445
22101,9.300000190734863,8.756875991821289
22102,16.690000534057617,16.706295013427734
22103,16.479999542236328,15.83161735534668
22104,6.349999904632568,8.622725486755371
22105,20.399999618530273,18.585098266601562
22106,25.350000381469727,27.284116744995117
22107,41.400001525878906,44.62045669555664
22108,32.45000076293945,25.625595092773438
22109,33.689998626708984,32.19202423095703
22110,19.420000076293945,20.97532844543457
22111,35.7400016784668,37.16075897216797
22112,22.399999618530273,19.42079734802246
22113,33.880001068115234,29.649085998535156
22114,28.020000457763672,27.16178321838379
22115,8.1899995803833,7.866926193237305
22116,42.66999816894531,41.8477783203125
22117,33.54999923706055,31.705581665039062
22118,16.579999923706055,16.96349334716797
22119,20.479999542236328,21.07900047302246
22120,22.600000381469727,24.452924728393555
22121,36.63999938964844,36.92637634277344
22122,19.84000015258789,23.80120849609375
22123,46.66999816894531,38.00293731689453
22124,41.099998474121094,32.69856262207031
22125,14.039999961853027,10.596381187438965
22126,3.509999990463257,0.9255267381668091
22127,43.45000076293945,42.32954406738281
22128,9.8100004196167,12.124282836914062
22129,18.010000228881836,15.505186080932617
22130,11.140000343322754,10.910511016845703
22131,14.680000305175781,13.549683570861816
22132,7.71999979019165,8.508880615234375
22133,23.739999771118164,23.254045486450195
22134,22.059999465942383,22.049304962158203
22135,9.760000228881836,9.607410430908203
22136,27.600000381469727,32.02301788330078
22137,49.209999084472656,52.06201934814453
22138,1.9299999475479126,1.2053866386413574
22139,32.959999084472656,36.5345458984375
22140,52.02000045776367,53.961402893066406
22141,41.0099983215332,42.45109939575195
22142,25.469999313354492,24.583187103271484
22143,10.8100004196167,7.912824630737305
22144,42.90999984741211,38.971290588378906
22145,8.149999618530273,7.465930938720703
22146,17.860000610351562,16.806428909301758
22147,30.229999542236328,30.766103744506836
22148,24.469999313354492,27.4848575592041
22149,17.059999465942383,18.42322540283203
22150,6.760000228881836,23.304208755493164
22151,19.780000686645508,21.192575454711914
22152,27.059999465942383,26.641159057617188
22153,36.599998474121094,38.23986053466797
22154,38.08000183105469,39.98810958862305
22155,14.770000457763672,14.402666091918945
22156,10.1899995803833,12.267820358276367
22157,0.6299999952316284,1.7052990198135376
22158,6.929999828338623,4.520321846008301
22159,8.899999618530273,10.580436706542969
22160,19.389999389648438,21.13070297241211
22161,21.860000610351562,19.92989730834961
22162,21.280000686645508,28.467567443847656
22163,28.59000015258789,32.10710144042969
22164,6.650000095367432,7.896531581878662
22165,33.310001373291016,31.141563415527344
22166,15.5600004196167,12.439058303833008
22167,32.72999954223633,36.148231506347656
22168,36.65999984741211,39.231834411621094
22169,54.06999969482422,38.794837951660156
22170,53.56999969482422,51.50897216796875
22171,39.130001068115234,40.26529312133789
22172,28.6299991607666,29.941030502319336
22173,2.049999952316284,9.905351638793945
22174,27.690000534057617,28.9899959564209
22175,23.90999984741211,26.244945526123047
22176,21.700000762939453,22.298152923583984
22177,19.299999237060547,17.687240600585938
22178,20.149999618530273,19.36659049987793
22179,16.860000610351562,17.787242889404297
22180,1.6299999952316284,14.012310981750488
22181,7.619999885559082,7.5383453369140625
22182,46.52000045776367,40.54121398925781
22183,23.3700008392334,22.656352996826172
22184,37.7400016784668,36.692626953125
22185,58.31999969482422,59.25090789794922
22186,8.289999961853027,5.718631744384766
22187,69.83999633789062,61.14331817626953
22188,25.190000534057617,23.082698822021484
22189,12.140000343322754,12.169879913330078
22190,10.520000457763672,6.22463846206665
22191,3.1600000858306885,5.23651647567749
22192,39.77000045776367,42.80921173095703
22193,74.13999938964844,63.209739685058594
22194,35.91999816894531,31.22784423828125
22195,39.939998626708984,37.36922073364258
22196,25.299999237060547,25.333024978637695
22197,26.860000610351562,26.298095703125
22198,13.390000343322754,13.528217315673828
22199,10.619999885559082,14.378301620483398
22200,26.309999465942383,29.515687942504883
22201,30.979999542236328,31.649255752563477
22202,23.829999923706055,21.67615509033203
22203,35.040000915527344,37.015804290771484
22204,39.16999816894531,39.724639892578125
22205,28.229999542236328,28.756174087524414
22206,22.950000762939453,25.878005981445312
22207,6.690000057220459,5.756832122802734
22208,34.47999954223633,32.86968994140625
22209,41.5099983215332,38.649497985839844
22210,40.959999084472656,39.920772552490234
22211,21.100000381469727,20.752573013305664
22212,35.119998931884766,43.70352554321289
22213,32.08000183105469,30.961463928222656
22214,20.1200008392334,22.704036712646484
22215,34.52000045776367,36.578521728515625
22216,45.11000061035156,49.0882568359375
22217,11.569999694824219,10.78453540802002
22218,14.460000038146973,13.364950180053711
22219,38.58000183105469,34.618064880371094
22220,22.8700008392334,24.095197677612305
22221,67.06999969482422,67.22692108154297
22222,22.68000030517578,22.65191078186035
22223,12.579999923706055,16.585988998413086
22224,45.9900016784668,48.936588287353516
22225,42.099998474121094,37.920135498046875
22226,9.119999885559082,8.503081321716309
22227,51.849998474121094,56.22285461425781
22228,41.630001068115234,49.57080078125
22229,24.600000381469727,25.9813232421875
22230,48.400001525878906,47.49114227294922
22231,25.170000076293945,24.51482582092285
22232,31.760000228881836,32.70777893066406
22233,22.899999618530273,21.724111557006836
22234,35.290000915527344,34.505897521972656
22235,13.350000381469727,16.613317489624023
22236,11.619999885559082,7.915989398956299
22237,32.630001068115234,36.9993896484375
22238,15.180000305175781,13.601339340209961
22239,60.5099983215332,46.25959396362305
22240,48.52000045776367,45.748924255371094
22241,37.33000183105469,37.774620056152344
22242,49.939998626708984,61.04225540161133
22243,22.280000686645508,23.582469940185547
22244,36.119998931884766,34.22575378417969
22245,49.529998779296875,43.77975082397461
22246,9.420000076293945,10.686836242675781
22247,34.11000061035156,33.87751388549805
22248,68.04000091552734,66.90965270996094
22249,16.010000228881836,15.753219604492188
22250,7.389999866485596,9.413058280944824
22251,52.31999969482422,51.10243606567383
22252,21.06999969482422,19.139785766601562
22253,17.09000015258789,19.692089080810547
22254,66.5199966430664,67.00648498535156
22255,34.18000030517578,34.86149978637695
22256,42.93000030517578,48.060447692871094
22257,39.849998474121094,35.92219543457031
22258,20.920000076293945,15.382736206054688
22259,4.570000171661377,0.8631820678710938
22260,46.84000015258789,49.559059143066406
22261,28.489999771118164,28.50191879272461
22262,13.5,14.71812629699707
22263,60.380001068115234,52.25437927246094
22264,32.04999923706055,34.752410888671875
22265,10.300000190734863,10.272311210632324
22266,11.529999732971191,13.452238082885742
22267,8.0,7.786768913269043
22268,42.11000061035156,37.35161590576172
22269,11.199999809265137,11.257621765136719
22270,28.079999923706055,27.941204071044922
22271,13.739999771118164,11.632091522216797
22272,41.380001068115234,46.718292236328125
22273,44.150001525878906,41.69200897216797
22274,20.149999618530273,19.795452117919922
22275,32.58000183105469,34.09466552734375
22276,28.610000610351562,33.23957443237305
22277,14.170000076293945,14.36100959777832
22278,20.440000534057617,19.441434860229492
22279,20.989999771118164,20.8604793548584
22280,2.690000057220459,4.8730363845825195
22281,53.150001525878906,38.320579528808594
22282,28.229999542236328,31.202293395996094
22283,56.9900016784668,47.34702682495117
22284,31.979999542236328,29.75485610961914
22285,16.200000762939453,16.406896591186523
22286,32.84000015258789,31.586959838867188
22287,33.970001220703125,33.5579833984375
22288,22.579999923706055,24.8531494140625
22289,10.239999771118164,10.135778427124023
22290,30.469999313354492,32.92488479614258
22291,25.780000686645508,21.555727005004883
22292,10.3100004196167,9.854863166809082
22293,19.059999465942383,19.670564651489258
22294,17.329999923706055,19.76619529724121
22295,14.680000305175781,13.040373802185059
22296,30.270000457763672,30.397737503051758
22297,63.06999969482422,57.39415740966797
22298,24.940000534057617,27.147418975830078
22299,27.559999465942383,26.15561866760254
22300,22.139999389648438,22.371444702148438
22301,6.46999979019165,3.4885451793670654
22302,4.880000114440918,3.130469799041748
22303,16.020000457763672,12.999639511108398
22304,40.290000915527344,44.79792022705078
22305,26.18000030517578,21.443161010742188
22306,10.960000038146973,9.788015365600586
22307,46.720001220703125,46.61589813232422
22308,29.049999237060547,27.930233001708984
22309,21.399999618530273,20.714624404907227
22310,37.61000061035156,38.41682434082031
22311,14.899999618530273,18.328075408935547
22312,21.100000381469727,17.871137619018555
22313,43.18000030517578,46.99897766113281
22314,20.399999618530273,20.37655258178711
22315,28.520000457763672,31.21291732788086
22316,26.469999313354492,29.203147888183594
22317,7.150000095367432,5.304145812988281
22318,33.88999938964844,34.519466400146484
22319,34.52000045776367,33.260345458984375
22320,24.209999084472656,25.124876022338867
22321,49.63999938964844,55.159393310546875
22322,7.920000076293945,7.845994472503662
22323,0.7200000286102295,6.323034763336182
22324,22.940000534057617,37.85987091064453
22325,16.700000762939453,16.268329620361328
22326,18.90999984741211,16.567481994628906
22327,12.619999885559082,10.377644538879395
22328,23.260000228881836,23.82219696044922
22329,39.459999084472656,46.57568359375
22330,10.260000228881836,17.83992576599121
22331,14.710000038146973,17.493228912353516
22332,13.449999809265137,14.093268394470215
22333,45.279998779296875,44.78925323486328
22334,13.039999961853027,11.118281364440918
22335,32.959999084472656,33.153770446777344
22336,59.02000045776367,51.62910079956055
22337,28.290000915527344,27.09775161743164
22338,36.0,40.83720016479492
22339,29.280000686645508,27.67977523803711
22340,10.850000381469727,9.425366401672363
22341,12.010000228881836,9.067676544189453
22342,41.13999938964844,42.92515563964844
22343,33.79999923706055,36.39030456542969
22344,34.56999969482422,30.996929168701172
22345,11.1899995803833,11.68143081665039
22346,10.15999984741211,13.631728172302246
22347,23.969999313354492,21.31621742248535
22348,47.90999984741211,53.92317581176758
22349,6.53000020980835,8.47004508972168
22350,18.799999237060547,20.307296752929688
22351,23.25,23.633472442626953
22352,14.960000038146973,12.789535522460938
22353,36.18000030517578,31.72722625732422
22354,55.04999923706055,55.39641571044922
22355,40.75,41.026668548583984
22356,13.239999771118164,14.869832992553711
22357,29.670000076293945,24.77185821533203
22358,45.18000030517578,39.85103225708008
22359,19.850000381469727,18.130178451538086
22360,20.200000762939453,18.37162971496582
22361,21.329999923706055,21.369741439819336
22362,62.90999984741211,55.48919677734375
22363,42.36000061035156,42.4554328918457
22364,39.310001373291016,39.996131896972656
22365,50.0099983215332,52.89885330200195
22366,26.1200008392334,25.449337005615234
22367,35.630001068115234,35.786964416503906
22368,23.329999923706055,23.204097747802734
22369,9.880000114440918,5.39967679977417
22370,48.119998931884766,40.330562591552734
22371,28.780000686645508,29.362838745117188
22372,46.0,43.80711364746094
22373,32.79999923706055,31.961868286132812
22374,28.719999313354492,27.220550537109375
22375,64.30000305175781,59.430213928222656
22376,8.539999961853027,8.790891647338867
22377,28.329999923706055,28.142547607421875
22378,18.670000076293945,18.211061477661133
22379,27.469999313354492,26.395235061645508
22380,8.380000114440918,8.146915435791016
22381,5.119999885559082,6.844738483428955
22382,75.37000274658203,70.6894760131836
22383,18.6299991607666,17.70195770263672
22384,29.260000228881836,31.766420364379883
22385,20.700000762939453,21.510498046875
22386,48.61000061035156,46.78894805908203
22387,24.829999923706055,22.3396053314209
22388,4.920000076293945,7.794327259063721
22389,67.63999938964844,65.87814331054688
22390,21.709999084472656,20.993011474609375
22391,42.95000076293945,44.215919494628906
22392,5.099999904632568,7.975195407867432
22393,34.81999969482422,33.11787796020508
22394,8.75,7.08205509185791
22395,39.209999084472656,36.68077850341797
22396,38.61000061035156,46.7605094909668
22397,15.779999732971191,14.511216163635254
22398,17.280000686645508,18.702173233032227
22399,9.399999618530273,7.5465168952941895
22400,5.949999809265137,4.082266330718994
22401,30.850000381469727,29.44130516052246
22402,0.9100000262260437,5.182904243469238
22403,30.440000534057617,29.250518798828125
22404,10.9399995803833,11.485072135925293
22405,3.7799999713897705,4.415225982666016
22406,18.049999237060547,19.235820770263672
22407,24.399999618530273,22.66423797607422
22408,45.880001068115234,45.814697265625
22409,21.479999542236328,23.589599609375
22410,38.279998779296875,39.630226135253906
22411,6.519999980926514,6.334791660308838
22412,15.15999984741211,12.148483276367188
22413,8.479999542236328,8.63489818572998
22414,40.689998626708984,37.49790954589844
22415,13.079999923706055,12.043771743774414
22416,45.400001525878906,44.881446838378906
22417,5.610000133514404,8.606847763061523
22418,35.599998474121094,43.52885437011719
22419,68.12000274658203,59.490142822265625
22420,10.260000228881836,8.267526626586914
22421,34.63999938964844,34.79361343383789
22422,46.189998626708984,43.001773834228516
22423,14.960000038146973,14.7543306350708
22424,33.939998626708984,40.18288040161133
22425,9.4399995803833,5.709417819976807
22426,33.720001220703125,39.377891540527344
22427,13.15999984741211,15.297889709472656
22428,28.030000686645508,29.003400802612305
22429,33.029998779296875,35.639129638671875
22430,11.029999732971191,13.093255043029785
22431,40.66999816894531,40.665443420410156
22432,32.380001068115234,35.00743865966797
22433,13.59000015258789,13.359757423400879
22434,12.390000343322754,12.361610412597656
22435,46.68000030517578,44.96882629394531
22436,30.100000381469727,28.203338623046875
22437,46.7599983215332,47.024269104003906
22438,20.920000076293945,18.049564361572266
22439,48.75,53.388572692871094
22440,27.93000030517578,28.47504997253418
22441,33.43000030517578,38.116249084472656
22442,29.780000686645508,31.592302322387695
22443,14.449999809265137,12.407773971557617
22444,34.970001220703125,31.61806297302246
22445,9.569999694824219,10.136982917785645
22446,47.540000915527344,48.546546936035156
22447,15.100000381469727,13.512845993041992
22448,54.45000076293945,51.055702209472656
22449,19.1200008392334,18.60567855834961
22450,27.219999313354492,27.908437728881836
22451,41.02000045776367,44.91017532348633
22452,7.989999771118164,7.733826160430908
22453,47.470001220703125,45.858619689941406
22454,7.019999980926514,7.904060363769531
22455,13.180000305175781,11.98916244506836
22456,7.320000171661377,5.722286224365234
22457,32.52000045776367,34.445526123046875
22458,11.210000038146973,7.9814324378967285
22459,19.219999313354492,20.776451110839844
22460,36.4900016784668,37.20259475708008
22461,16.6299991607666,16.570831298828125
22462,6.489999771118164,8.933943748474121
22463,25.739999771118164,28.522432327270508
22464,2.75,0.15156874060630798
22465,5.820000171661377,4.510074615478516
22466,10.130000114440918,11.02965259552002
22467,9.770000457763672,8.512927055358887
22468,10.6899995803833,10.242425918579102
22469,54.47999954223633,49.5239143371582
22470,36.97999954223633,37.83539581298828
22471,44.08000183105469,45.29572296142578
22472,17.43000030517578,17.18515968322754
22473,37.54999923706055,33.04353332519531
22474,18.360000610351562,19.15584373474121
22475,77.13999938964844,69.43168640136719
22476,23.8799991607666,25.159635543823242
22477,14.020000457763672,13.502461433410645
22478,48.16999816894531,43.02602767944336
22479,23.139999389648438,23.66533660888672
22480,23.899999618530273,25.3487548828125
22481,27.290000915527344,23.523569107055664
22482,40.34000015258789,39.80699920654297
22483,37.52000045776367,34.27845001220703
22484,13.399999618530273,15.99882698059082
22485,21.84000015258789,23.04767608642578
22486,25.09000015258789,26.202266693115234
22487,19.149999618530273,22.531307220458984
22488,61.310001373291016,54.50025177001953
22489,27.969999313354492,31.813079833984375
22490,14.09000015258789,13.966021537780762
22491,14.010000228881836,13.624509811401367
22492,7.349999904632568,5.860760688781738
22493,30.020000457763672,31.399272918701172
22494,15.3100004196167,15.684571266174316
22495,12.65999984741211,12.274883270263672
22496,40.54999923706055,40.093597412109375
22497,12.670000076293945,11.936362266540527
22498,39.939998626708984,37.827659606933594
22499,30.079999923706055,28.33300018310547
22500,12.819999694824219,11.934549331665039
22501,12.9399995803833,12.969320297241211
22502,19.030000686645508,19.044723510742188
22503,4.329999923706055,9.39024543762207
22504,49.599998474121094,50.61150360107422
22505,25.479999542236328,23.174888610839844
22506,35.97999954223633,31.834320068359375
22507,67.55000305175781,66.14519500732422
22508,47.63999938964844,50.67091751098633
22509,25.690000534057617,24.972375869750977
22510,44.58000183105469,44.131439208984375
22511,23.8700008392334,24.321434020996094
22512,37.400001525878906,33.85221862792969
22513,13.550000190734863,13.39529800415039
22514,37.939998626708984,43.25292205810547
22515,29.229999542236328,29.324316024780273
22516,21.8700008392334,21.111370086669922
22517,23.709999084472656,26.054428100585938
22518,24.25,24.88349151611328
22519,43.709999084472656,40.4786376953125
22520,60.790000915527344,64.46075439453125
22521,48.849998474121094,41.19149398803711
22522,12.350000381469727,10.33547306060791
22523,46.0099983215332,47.76351547241211
22524,18.899999618530273,20.553255081176758
22525,18.989999771118164,18.662973403930664
22526,44.5099983215332,38.844078063964844
22527,7.449999809265137,9.446528434753418
22528,29.450000762939453,26.623123168945312
22529,16.739999771118164,17.12462043762207
22530,44.869998931884766,38.802162170410156
22531,20.719999313354492,23.797658920288086
22532,4.739999771118164,2.6525611877441406
22533,8.84000015258789,18.09244155883789
22534,33.119998931884766,31.84685516357422
22535,12.119999885559082,11.04334545135498
22536,18.719999313354492,19.51781463623047
22537,10.859999656677246,10.196616172790527
22538,25.489999771118164,23.489091873168945
22539,31.959999084472656,33.35490798950195
22540,22.889999389648438,21.178428649902344
22541,27.020000457763672,26.96407699584961
22542,46.279998779296875,44.78456115722656
22543,22.719999313354492,20.69538116455078
22544,35.34000015258789,34.891929626464844
22545,18.579999923706055,19.211742401123047
22546,13.020000457763672,13.438177108764648
22547,13.979999542236328,12.158197402954102
22548,10.619999885559082,9.485279083251953
22549,38.7599983215332,44.1094970703125
22550,35.369998931884766,30.996639251708984
22551,25.65999984741211,28.115352630615234
22552,24.75,27.597929000854492
22553,64.4000015258789,59.59284973144531
22554,18.530000686645508,19.80021858215332
22555,7.650000095367432,4.474720001220703
22556,34.77000045776367,38.36454772949219
22557,32.290000915527344,28.131103515625
22558,60.5,60.09104919433594
22559,10.34000015258789,11.525880813598633
22560,39.83000183105469,42.733734130859375
22561,52.2599983215332,52.09588623046875
22562,44.11000061035156,38.338722229003906
22563,58.779998779296875,54.479827880859375
22564,44.619998931884766,45.689857482910156
22565,58.75,51.052162170410156
22566,17.829999923706055,17.850662231445312
22567,38.689998626708984,34.718788146972656
22568,38.45000076293945,39.656089782714844
22569,52.849998474121094,47.241329193115234
22570,37.0,37.272911071777344
22571,32.720001220703125,26.823368072509766
22572,56.220001220703125,56.73435592651367
22573,9.510000228881836,10.289753913879395
22574,17.59000015258789,14.62287425994873
22575,34.279998779296875,36.17068099975586
22576,19.31999969482422,19.480281829833984
22577,31.049999237060547,29.541147232055664
22578,32.290000915527344,31.32398223876953
22579,53.43000030517578,47.2713737487793
22580,24.270000457763672,21.6555233001709
22581,4.760000228881836,4.832352638244629
22582,8.460000038146973,8.719711303710938
22583,5.590000152587891,6.234686374664307
22584,35.380001068115234,37.38269805908203
22585,24.520000457763672,20.262205123901367
22586,11.550000190734863,13.919489860534668
22587,16.110000610351562,15.43152141571045
22588,26.549999237060547,24.465925216674805
22589,18.850000381469727,17.429609298706055
22590,24.170000076293945,23.513853073120117
22591,15.5,15.461244583129883
22592,22.850000381469727,23.779279708862305
22593,7.0,6.421340465545654
22594,20.770000457763672,22.115856170654297
22595,23.06999969482422,22.4689884185791
22596,46.34000015258789,53.047935485839844
22597,29.979999542236328,26.167980194091797
22598,52.709999084472656,47.41038513183594
22599,33.97999954223633,34.49046325683594
22600,59.72999954223633,55.30466842651367
22601,2.5299999713897705,5.561559677124023
22602,42.720001220703125,40.91864013671875
22603,21.389999389648438,23.86065101623535
22604,66.91000366210938,66.82438659667969
22605,24.229999542236328,26.933565139770508
22606,6.519999980926514,4.618072986602783
22607,13.880000114440918,15.010607719421387
22608,11.949999809265137,9.9764986038208
22609,50.36000061035156,46.91263198852539
22610,7.010000228881836,11.610992431640625
22611,34.18000030517578,35.47601318359375
22612,23.170000076293945,13.547545433044434
22613,52.02000045776367,60.49202346801758
22614,53.439998626708984,53.865821838378906
22615,23.1200008392334,21.32015037536621
22616,11.739999771118164,12.55757999420166
22617,31.75,36.76646041870117
22618,52.7400016784668,47.51341247558594
22619,13.010000228881836,13.765997886657715
22620,50.77000045776367,57.455650329589844
22621,13.729999542236328,16.788808822631836
22622,6.139999866485596,3.5965282917022705
22623,49.16999816894531,42.34433364868164
22624,18.760000228881836,16.954254150390625
22625,8.800000190734863,9.3680419921875
22626,22.959999084472656,22.347557067871094
22627,12.09000015258789,8.119471549987793
22628,46.41999816894531,44.570987701416016
22629,8.899999618530273,8.312158584594727
22630,20.40999984741211,23.713214874267578
22631,37.279998779296875,31.891931533813477
22632,26.229999542236328,30.30712890625
22633,9.619999885559082,12.211548805236816
22634,73.37000274658203,59.634395599365234
22635,17.420000076293945,17.32107162475586
22636,39.06999969482422,37.477569580078125
22637,4.510000228881836,0.26159361004829407
22638,10.079999923706055,9.136136054992676
22639,39.09000015258789,37.533992767333984
22640,13.359999656677246,12.525124549865723
22641,19.420000076293945,18.773033142089844
22642,7.769999980926514,8.640706062316895
22643,18.100000381469727,19.009071350097656
22644,30.530000686645508,27.958595275878906
22645,11.329999923706055,18.440698623657227
22646,46.029998779296875,45.633487701416016
22647,24.8700008392334,24.293704986572266
22648,10.460000038146973,8.92766284942627
22649,59.11000061035156,60.550880432128906
22650,22.309999465942383,22.914409637451172
22651,18.020000457763672,20.178104400634766
22652,11.59000015258789,11.530750274658203
22653,53.02000045776367,49.81340408325195
22654,34.5,41.43729782104492
22655,6.21999979019165,5.280653953552246
22656,22.219999313354492,22.30609893798828
22657,35.119998931884766,35.67665100097656
22658,9.470000267028809,7.949496269226074
22659,39.459999084472656,42.02581787109375
22660,6.570000171661377,2.378432035446167
22661,61.290000915527344,58.27586364746094
22662,55.43000030517578,49.024024963378906
22663,39.790000915527344,40.145137786865234
22664,13.699999809265137,13.626896858215332
22665,31.979999542236328,30.67985725402832
22666,16.030000686645508,15.48004150390625
22667,18.280000686645508,18.400005340576172
22668,30.15999984741211,31.903263092041016
22669,20.90999984741211,22.758195877075195
22670,29.770000457763672,49.512969970703125
22671,29.290000915527344,25.681657791137695
22672,36.599998474121094,33.4414176940918
22673,38.9900016784668,39.74595642089844
22674,1.5800000429153442,2.3006129264831543
22675,33.790000915527344,33.00621032714844
22676,24.920000076293945,29.28392791748047
22677,27.18000030517578,25.659942626953125
22678,36.599998474121094,37.518821716308594
22679,22.25,22.79658317565918
22680,15.979999542236328,15.136601448059082
22681,20.8799991607666,17.279661178588867
22682,30.15999984741211,25.878494262695312
22683,41.13999938964844,47.59623718261719
22684,36.2400016784668,41.39868927001953
22685,51.09000015258789,43.33779525756836
22686,36.27000045776367,36.330257415771484
22687,33.29999923706055,34.77663803100586
22688,42.970001220703125,42.903873443603516
22689,58.2400016784668,57.838993072509766
22690,13.289999961853027,15.408397674560547
22691,69.29000091552734,62.860328674316406
22692,8.369999885559082,9.532078742980957
22693,32.119998931884766,32.827301025390625
22694,14.859999656677246,15.578065872192383
22695,25.010000228881836,29.059589385986328
22696,52.25,58.942466735839844
22697,26.489999771118164,26.4505558013916
22698,25.780000686645508,27.296669006347656
22699,50.04999923706055,43.40486145019531
22700,12.760000228881836,11.947439193725586
22701,24.969999313354492,30.77310562133789
22702,44.63999938964844,50.44538879394531
22703,6.869999885559082,8.756669998168945
22704,31.200000762939453,29.575382232666016
22705,5.059999942779541,3.776308536529541
22706,44.95000076293945,47.831993103027344
22707,8.34000015258789,8.09417724609375
22708,25.049999237060547,24.687824249267578
22709,14.880000114440918,15.998001098632812
22710,22.389999389648438,24.47405242919922
22711,50.81999969482422,46.6000862121582
22712,23.389999389648438,21.485450744628906
22713,10.369999885559082,10.745884895324707
22714,2.240000009536743,2.3193044662475586
22715,37.689998626708984,40.1412467956543
22716,4.460000038146973,5.532059669494629
22717,17.43000030517578,16.548908233642578
22718,69.12000274658203,69.48432159423828
22719,16.68000030517578,17.778358459472656
22720,26.170000076293945,27.642162322998047
22721,15.350000381469727,16.056108474731445
22722,32.65999984741211,29.785730361938477
22723,10.539999961853027,9.876786231994629
22724,46.36000061035156,50.329444885253906
22725,31.010000228881836,33.841636657714844
22726,5.380000114440918,6.546631336212158
22727,33.95000076293945,34.46897888183594
22728,25.940000534057617,25.5633602142334
22729,6.929999828338623,9.112133979797363
22730,4.289999961853027,5.917064666748047
22731,42.22999954223633,45.28120422363281
22732,16.040000915527344,15.498868942260742
22733,46.689998626708984,47.229774475097656
22734,20.479999542236328,18.711063385009766
22735,38.0099983215332,36.21717834472656
22736,41.18000030517578,40.01148986816406
22737,9.869999885559082,9.552986145019531
22738,10.84000015258789,9.755265235900879
22739,21.290000915527344,22.27765464782715
22740,55.029998779296875,52.490482330322266
22741,31.549999237060547,28.623245239257812
22742,24.170000076293945,21.818300247192383
22743,16.81999969482422,19.02927017211914
22744,27.649999618530273,26.49704360961914
22745,60.59000015258789,61.313682556152344
22746,32.90999984741211,35.378360748291016
22747,3.5,2.3171355724334717
22748,29.899999618530273,26.470970153808594
22749,71.11000061035156,64.0435791015625
22750,9.789999961853027,5.761867523193359
22751,7.130000114440918,4.111185550689697
22752,21.559999465942383,19.874996185302734
22753,38.06999969482422,41.03355407714844
22754,6.670000076293945,5.075717449188232
22755,81.5199966430664,65.97969055175781
22756,23.93000030517578,35.342864990234375
22757,16.709999084472656,18.749065399169922
22758,30.700000762939453,32.00515365600586
22759,6.869999885559082,11.344019889831543
22760,43.20000076293945,39.269493103027344
22761,33.02000045776367,31.440797805786133
22762,72.04000091552734,59.40822219848633
22763,36.38999938964844,36.842403411865234
22764,24.40999984741211,24.86882781982422
22765,40.45000076293945,34.64492416381836
22766,21.799999237060547,18.520519256591797
22767,12.300000190734863,8.759355545043945
22768,18.18000030517578,13.486116409301758
22769,19.889999389648438,18.312528610229492
22770,30.010000228881836,30.573537826538086
22771,15.170000076293945,12.805962562561035
22772,38.43000030517578,34.28078842163086
22773,33.939998626708984,34.73182678222656
22774,46.689998626708984,54.518760681152344
22775,15.050000190734863,19.194772720336914
22776,30.81999969482422,31.03725814819336
22777,41.66999816894531,39.412139892578125
22778,49.970001220703125,49.575408935546875
22779,48.2599983215332,44.04225158691406
22780,18.360000610351562,17.83302879333496
22781,22.719999313354492,19.144607543945312
22782,30.030000686645508,29.678800582885742
22783,28.1299991607666,33.632381439208984
22784,11.649999618530273,15.561734199523926
22785,12.079999923706055,11.42196273803711
22786,29.68000030517578,29.068666458129883
22787,36.36000061035156,38.84489822387695
22788,43.029998779296875,38.667964935302734
22789,67.23999786376953,68.05581665039062
22790,64.87000274658203,65.1591796875
22791,35.869998931884766,35.26157760620117
22792,29.790000915527344,29.584592819213867
22793,10.989999771118164,8.022161483764648
22794,69.27999877929688,61.46781921386719
22795,26.030000686645508,26.49852752685547
22796,24.25,22.75782012939453
22797,8.510000228881836,2.656214475631714
22798,28.049999237060547,31.226613998413086
22799,11.109999656677246,11.794441223144531
22800,41.81999969482422,42.64378356933594
22801,16.100000381469727,14.408744812011719
22802,19.959999084472656,23.093914031982422
22803,31.65999984741211,32.22245407104492
22804,16.15999984741211,14.596460342407227
22805,10.279999732971191,8.370871543884277
22806,12.279999732971191,12.659612655639648
22807,16.969999313354492,22.41756248474121
22808,62.119998931884766,66.44950103759766
22809,32.45000076293945,35.831932067871094
22810,38.529998779296875,35.13555908203125
22811,43.459999084472656,43.832557678222656
22812,17.459999084472656,16.636310577392578
22813,74.26000213623047,60.435672760009766
22814,5.53000020980835,9.1221923828125
22815,45.540000915527344,53.35890197753906
22816,10.329999923706055,9.108116149902344
22817,20.59000015258789,24.42380142211914
22818,45.15999984741211,45.990509033203125
22819,17.010000228881836,14.404240608215332
22820,23.139999389648438,24.320083618164062
22821,43.81999969482422,46.912662506103516
22822,55.880001068115234,53.314605712890625
22823,7.239999771118164,9.069393157958984
22824,71.2699966430664,68.65677642822266
22825,29.299999237060547,26.415361404418945
22826,22.639999389648438,18.938411712646484
22827,39.689998626708984,47.77227783203125
22828,37.220001220703125,35.292755126953125
22829,22.59000015258789,26.619230270385742
22830,13.920000076293945,11.307577133178711
22831,28.600000381469727,30.68828582763672
22832,9.8100004196167,8.125429153442383
22833,33.40999984741211,35.21214294433594
22834,27.049999237060547,27.504056930541992
22835,12.649999618530273,12.88083267211914
22836,28.040000915527344,27.320466995239258
22837,2.5299999713897705,0.06584368646144867
22838,51.33000183105469,50.74258804321289
22839,22.860000610351562,25.22797966003418
22840,15.649999618530273,16.727476119995117
22841,60.27000045776367,53.57072830200195
22842,35.040000915527344,31.407917022705078
22843,6.690000057220459,6.779007434844971
22844,22.350000381469727,23.346282958984375
22845,9.329999923706055,5.338935375213623
22846,27.280000686645508,30.036739349365234
22847,9.420000076293945,9.513888359069824
22848,56.63999938964844,50.23005294799805
22849,6.340000152587891,6.344472885131836
22850,44.79999923706055,45.64936828613281
22851,32.9900016784668,35.230506896972656
22852,22.489999771118164,23.488550186157227
22853,35.63999938964844,34.58150100708008
22854,54.40999984741211,49.112789154052734
22855,29.75,33.20501708984375
22856,26.450000762939453,22.780658721923828
22857,30.149999618530273,28.665163040161133
22858,53.790000915527344,55.89696502685547
22859,17.3700008392334,14.879032135009766
22860,52.540000915527344,48.11295700073242
22861,26.270000457763672,25.235498428344727
22862,20.06999969482422,19.123920440673828
22863,50.45000076293945,44.19190979003906
22864,15.829999923706055,15.329934120178223
22865,25.43000030517578,28.633094787597656
22866,78.3499984741211,72.31328582763672
22867,46.81999969482422,47.10678482055664
22868,17.90999984741211,11.793293952941895
22869,19.530000686645508,17.725065231323242
22870,33.2400016784668,38.29307174682617
22871,35.72999954223633,38.582279205322266
22872,9.9399995803833,7.407968521118164
22873,27.190000534057617,27.125802993774414
22874,51.209999084472656,43.988258361816406
22875,7.940000057220459,6.514255046844482
22876,11.210000038146973,10.62472152709961
22877,2.200000047683716,3.128680944442749
22878,18.25,19.453716278076172
22879,8.270000457763672,8.367471694946289
22880,15.970000267028809,17.898574829101562
22881,42.91999816894531,27.67055320739746
22882,32.369998931884766,31.088483810424805
22883,15.600000381469727,21.513378143310547
22884,49.459999084472656,53.403350830078125
22885,22.559999465942383,22.42506217956543
22886,11.699999809265137,11.014305114746094
22887,26.350000381469727,27.413616180419922
22888,6.130000114440918,8.503424644470215
22889,21.260000228881836,21.448118209838867
22890,20.40999984741211,23.59441375732422
22891,23.790000915527344,22.294099807739258
22892,32.38999938964844,32.47146987915039
22893,8.199999809265137,11.46942138671875
22894,34.970001220703125,34.88446807861328
22895,53.11000061035156,53.749908447265625
22896,33.060001373291016,28.903104782104492
22897,52.959999084472656,51.85383224487305
22898,18.520000457763672,22.96710777282715
22899,70.13999938964844,61.91139602661133
22900,11.270000457763672,11.063440322875977
22901,14.369999885559082,13.3103609085083
22902,9.390000343322754,13.252009391784668
22903,22.010000228881836,21.824737548828125
22904,11.130000114440918,7.335705757141113
22905,14.359999656677246,13.88765811920166
22906,50.040000915527344,50.623878479003906
22907,4.900000095367432,0.5080851316452026
22908,30.65999984741211,31.907543182373047
22909,26.709999084472656,26.930923461914062
22910,46.68000030517578,48.671485900878906
22911,46.75,44.45559310913086
22912,55.130001068115234,49.461631774902344
22913,10.220000267028809,13.292991638183594
22914,53.630001068115234,52.04115295410156
22915,30.8799991607666,31.73171615600586
22916,11.930000305175781,12.610616683959961
22917,19.889999389648438,22.311288833618164
22918,51.47999954223633,60.99858856201172
22919,23.6299991607666,23.692012786865234
22920,24.760000228881836,24.945762634277344
22921,21.3799991607666,25.12647819519043
22922,34.689998626708984,32.84878921508789
22923,47.040000915527344,47.23041534423828
22924,20.81999969482422,27.155546188354492
22925,15.729999542236328,14.893838882446289
22926,43.18000030517578,42.91253662109375
22927,24.020000457763672,25.42416763305664
22928,40.15999984741211,49.15582275390625
22929,44.02000045776367,52.34154510498047
22930,19.149999618530273,19.04305648803711
22931,10.890000343322754,11.6082763671875
22932,62.91999816894531,54.102935791015625
22933,27.940000534057617,30.25977325439453
22934,26.020000457763672,28.84449005126953
22935,31.610000610351562,28.356359481811523
22936,45.63999938964844,45.33580017089844
22937,24.0,25.710187911987305
22938,28.399999618530273,27.394390106201172
22939,3.5199999809265137,0.588335394859314
22940,59.83000183105469,53.85883331298828
22941,18.389999389648438,17.149580001831055
22942,5.909999847412109,8.9124174118042
22943,37.209999084472656,36.600894927978516
22944,55.560001373291016,48.26307678222656
22945,3.819999933242798,0.44878244400024414
22946,35.15999984741211,32.367454528808594
22947,19.399999618530273,19.537235260009766
22948,18.520000457763672,20.018741607666016
22949,34.0,33.76301956176758
22950,44.43000030517578,42.15709686279297
22951,47.599998474121094,47.2185173034668
22952,5.809999942779541,2.6295948028564453
22953,16.940000534057617,16.14468002319336
22954,18.729999542236328,17.424358367919922
22955,43.470001220703125,38.136985778808594
22956,32.4900016784668,31.620319366455078
22957,63.31999969482422,63.06367492675781
22958,17.15999984741211,19.632659912109375
22959,2.7100000381469727,2.6210596561431885
22960,6.960000038146973,4.64935827255249
22961,22.280000686645508,25.25040054321289
22962,7.920000076293945,8.312496185302734
22963,15.859999656677246,15.873689651489258
22964,43.189998626708984,45.87113952636719
22965,31.100000381469727,29.587209701538086
22966,22.979999542236328,25.886768341064453
22967,30.389999389648438,32.10211944580078
22968,14.869999885559082,16.975555419921875
22969,37.20000076293945,42.52392578125
22970,14.0,14.21567440032959
22971,34.040000915527344,36.743927001953125
22972,39.7599983215332,34.4163932800293
22973,23.729999542236328,23.65450668334961
22974,39.369998931884766,37.35634994506836
22975,56.790000915527344,46.98454284667969
22976,40.33000183105469,41.230125427246094
22977,20.010000228881836,18.23043441772461
22978,28.770000457763672,29.234413146972656
22979,25.600000381469727,25.18148422241211
22980,29.149999618530273,30.90438461303711
22981,19.6299991607666,24.186676025390625
22982,9.600000381469727,11.581315040588379
22983,20.68000030517578,23.008459091186523
22984,34.58000183105469,34.582942962646484
22985,66.83000183105469,62.74055480957031
22986,15.789999961853027,16.115638732910156
22987,40.560001373291016,42.58655548095703
22988,2.630000114440918,6.869595527648926
22989,7.019999980926514,6.911909580230713
22990,12.319999694824219,12.704201698303223
22991,45.59000015258789,51.50464630126953
22992,17.309999465942383,18.276756286621094
22993,25.75,24.247512817382812
