,true_depths,predicted_depths
0,30.549999237060547,25.6209659576416
1,3.0399999618530273,2.0723280906677246
2,49.20000076293945,40.05010986328125
3,6.349999904632568,4.644404411315918
4,40.31999969482422,35.18240737915039
5,5.170000076293945,3.8748795986175537
6,31.8700008392334,27.825063705444336
7,46.79999923706055,40.239295959472656
8,18.1299991607666,18.452594757080078
9,4.429999828338623,2.0424132347106934
10,30.579999923706055,27.90997314453125
11,23.420000076293945,21.679248809814453
12,70.86000061035156,69.7149887084961
13,1.3600000143051147,2.1210625171661377
14,11.890000343322754,10.594378471374512
15,27.219999313354492,22.40062713623047
16,13.220000267028809,11.5403413772583
17,40.86000061035156,36.57707595825195
18,10.819999694824219,9.174110412597656
19,26.65999984741211,22.38976287841797
20,64.98999786376953,63.64170455932617
21,63.34000015258789,60.25491714477539
22,12.710000038146973,11.113838195800781
23,55.15999984741211,51.363677978515625
24,70.68000030517578,66.21060943603516
25,38.810001373291016,35.545291900634766
26,3.690000057220459,2.160297393798828
27,10.380000114440918,9.505681037902832
28,71.87999725341797,59.02907943725586
29,56.650001525878906,56.92938995361328
30,49.400001525878906,38.00700759887695
31,17.010000228881836,14.703421592712402
32,35.599998474121094,30.02574920654297
33,33.470001220703125,34.194149017333984
34,38.52000045776367,39.85921859741211
35,40.9900016784668,36.20543670654297
36,27.25,26.997461318969727
37,23.959999084472656,21.626136779785156
38,49.130001068115234,46.65791702270508
39,17.899999618530273,15.26082706451416
40,43.72999954223633,40.47761917114258
41,52.470001220703125,50.27286911010742
42,47.130001068115234,48.4366569519043
43,19.030000686645508,16.568004608154297
44,7.010000228881836,4.914036273956299
45,19.079999923706055,16.902263641357422
46,31.549999237060547,40.8347282409668
47,31.8700008392334,27.49772071838379
48,34.209999084472656,30.007030487060547
49,19.739999771118164,15.17149829864502
50,35.83000183105469,32.00490951538086
51,14.649999618530273,12.849113464355469
52,28.229999542236328,25.01333999633789
53,36.5099983215332,31.69134521484375
54,25.229999542236328,20.93453598022461
55,17.600000381469727,14.630942344665527
56,14.5600004196167,12.413456916809082
57,48.619998931884766,45.99803924560547
58,21.68000030517578,18.773910522460938
59,33.75,31.877079010009766
60,28.520000457763672,23.674352645874023
61,37.369998931884766,35.41078567504883
62,4.119999885559082,2.345487356185913
63,29.290000915527344,27.282516479492188
64,9.489999771118164,8.367533683776855
65,45.7400016784668,42.90507125854492
66,26.43000030517578,26.804576873779297
67,20.8799991607666,20.866390228271484
68,17.170000076293945,13.731132507324219
69,27.93000030517578,23.66147232055664
70,68.5199966430664,67.14766693115234
71,8.079999923706055,6.85324764251709
72,51.9900016784668,50.78825759887695
73,41.2599983215332,38.66804122924805
74,22.520000457763672,18.124855041503906
75,30.8700008392334,29.711671829223633
76,22.700000762939453,19.1873779296875
77,5.150000095367432,2.523630380630493
78,46.02000045776367,42.16914367675781
79,6.429999828338623,4.227091312408447
80,8.460000038146973,6.623221397399902
81,50.43000030517578,44.94487762451172
82,22.059999465942383,21.849933624267578
83,16.950000762939453,15.332818031311035
84,21.15999984741211,17.29186248779297
85,12.239999771118164,11.166253089904785
86,36.2599983215332,33.4746208190918
87,34.13999938964844,49.23226547241211
88,22.8700008392334,19.2513427734375
89,28.5,26.176685333251953
90,0.8600000143051147,1.269679307937622
91,48.08000183105469,45.95907974243164
92,49.369998931884766,46.502838134765625
93,33.099998474121094,30.025009155273438
94,14.489999771118164,11.688155174255371
95,35.2599983215332,25.48143768310547
96,21.639999389648438,19.33182144165039
97,22.950000762939453,21.000986099243164
98,25.43000030517578,22.98345184326172
99,8.029999732971191,6.123239994049072
100,49.43000030517578,42.75407028198242
101,15.210000038146973,12.236515045166016
102,26.280000686645508,21.62067413330078
103,24.139999389648438,20.60506820678711
104,39.06999969482422,36.1987419128418
105,36.22999954223633,33.67820739746094
106,45.439998626708984,40.18271255493164
107,16.950000762939453,14.609532356262207
108,44.529998779296875,40.97800827026367
109,16.790000915527344,13.637337684631348
110,4.460000038146973,2.723186731338501
111,69.12000274658203,67.25202178955078
112,30.709999084472656,29.439592361450195
113,11.25,10.157546043395996
114,72.80999755859375,44.101863861083984
115,49.75,48.10422134399414
116,39.7400016784668,47.722137451171875
117,33.45000076293945,28.70952033996582
118,32.36000061035156,32.0782585144043
119,46.02000045776367,42.273799896240234
120,27.68000030517578,21.435930252075195
121,4.190000057220459,2.8594343662261963
122,11.079999923706055,9.271809577941895
123,21.5,17.822065353393555
124,33.2400016784668,32.09108352661133
125,43.209999084472656,38.7641716003418
126,24.739999771118164,22.92125701904297
127,42.029998779296875,29.829145431518555
128,24.489999771118164,18.865867614746094
129,37.529998779296875,34.08777618408203
130,18.15999984741211,15.28852367401123
131,19.860000610351562,15.657785415649414
132,14.890000343322754,12.314050674438477
133,22.700000762939453,17.923063278198242
134,17.799999237060547,14.468823432922363
135,14.270000457763672,14.01197338104248
136,42.34000015258789,39.94688415527344
137,24.760000228881836,21.269325256347656
138,13.449999809265137,10.998200416564941
139,13.710000038146973,11.675382614135742
140,29.75,26.139129638671875
141,52.290000915527344,53.83885192871094
142,61.15999984741211,58.41434860229492
143,17.1299991607666,14.419687271118164
144,33.65999984741211,30.28866195678711
145,37.77000045776367,35.53268051147461
146,13.680000305175781,11.80440616607666
147,26.90999984741211,22.500202178955078
148,27.93000030517578,24.755168914794922
149,12.34000015258789,9.982800483703613
150,18.459999084472656,16.60755157470703
151,23.6299991607666,19.952625274658203
152,80.86000061035156,78.92107391357422
153,9.09000015258789,7.31143856048584
154,40.38999938964844,44.284461975097656
155,4.829999923706055,2.1699764728546143
156,9.229999542236328,7.1178412437438965
157,40.31999969482422,38.07621383666992
158,31.899999618530273,35.23531723022461
159,31.639999389648438,29.958633422851562
160,18.850000381469727,14.140398025512695
161,27.18000030517578,24.69915008544922
162,16.540000915527344,14.28701400756836
163,9.779999732971191,8.161418914794922
164,56.36000061035156,41.08076095581055
165,28.209999084472656,25.33550262451172
166,13.109999656677246,11.079570770263672
167,10.579999923706055,7.999652862548828
168,10.699999809265137,8.533860206604004
169,3.369999885559082,1.5059950351715088
170,14.630000114440918,12.62590217590332
171,32.720001220703125,23.71811294555664
172,11.880000114440918,9.81164836883545
173,16.450000762939453,13.406941413879395
174,32.369998931884766,27.665573120117188
175,42.630001068115234,38.469329833984375
176,21.450000762939453,17.273548126220703
177,13.550000190734863,11.691123962402344
178,66.76000213623047,65.65271759033203
179,31.950000762939453,31.790733337402344
180,51.4900016784668,49.80008316040039
181,3.869999885559082,2.6298282146453857
182,38.61000061035156,33.55768966674805
183,19.43000030517578,13.946368217468262
184,34.349998474121094,33.28403854370117
185,38.380001068115234,34.257110595703125
186,39.2400016784668,36.61137008666992
187,30.799999237060547,27.805566787719727
188,42.08000183105469,39.23188018798828
189,75.48999786376953,38.858455657958984
190,28.670000076293945,22.233253479003906
191,40.31999969482422,35.81388854980469
192,17.579999923706055,15.089278221130371
193,26.260000228881836,22.84864044189453
194,23.100000381469727,23.53459930419922
195,10.5600004196167,10.133219718933105
196,0.6499999761581421,1.095724105834961
197,70.08000183105469,61.887351989746094
198,33.380001068115234,28.048965454101562
199,23.110000610351562,20.94672393798828
200,27.530000686645508,23.242076873779297
201,17.729999542236328,15.526580810546875
202,20.989999771118164,20.058218002319336
203,8.84000015258789,7.360713958740234
204,37.11000061035156,32.67951965332031
205,20.229999542236328,20.636001586914062
206,12.15999984741211,9.881718635559082
207,17.360000610351562,15.37637710571289
208,12.4399995803833,10.651960372924805
209,54.0,47.194515228271484
210,41.40999984741211,38.46015930175781
211,18.1299991607666,13.97620964050293
212,5.829999923706055,3.7491941452026367
213,31.809999465942383,29.512086868286133
214,37.290000915527344,32.261844635009766
215,20.799999237060547,18.903902053833008
216,30.600000381469727,29.63150405883789
217,3.569999933242798,2.22049880027771
218,3.3499999046325684,1.7303619384765625
219,19.3700008392334,16.561723709106445
220,46.779998779296875,44.54647445678711
221,21.690000534057617,17.078773498535156
222,46.56999969482422,51.13193130493164
223,46.349998474121094,41.96651840209961
224,60.38999938964844,47.562862396240234
225,25.040000915527344,20.57958984375
226,22.200000762939453,19.478260040283203
227,37.11000061035156,34.58250045776367
228,40.84000015258789,38.008399963378906
229,20.31999969482422,17.37518882751465
230,15.529999732971191,13.622945785522461
231,19.850000381469727,17.947324752807617
232,44.849998474121094,40.76028060913086
233,38.650001525878906,35.34228515625
234,43.68000030517578,51.90663528442383
235,35.41999816894531,31.59234619140625
236,18.110000610351562,16.329118728637695
237,32.849998474121094,29.286197662353516
238,29.639999389648438,26.765810012817383
239,33.130001068115234,30.59853744506836
240,24.270000457763672,24.77001953125
241,40.29999923706055,35.981407165527344
242,30.010000228881836,26.088624954223633
243,27.950000762939453,24.165321350097656
244,10.289999961853027,8.224174499511719
245,47.220001220703125,32.00458526611328
246,7.949999809265137,6.054162502288818
247,26.459999084472656,23.551118850708008
248,9.930000305175781,7.696969509124756
249,10.369999885559082,7.751559257507324
250,57.560001373291016,51.547122955322266
251,73.31999969482422,51.47591781616211
252,5.25,3.6234312057495117
253,10.59000015258789,7.7064385414123535
254,29.25,26.502365112304688
255,33.720001220703125,34.128944396972656
256,29.829999923706055,23.00840950012207
257,7.099999904632568,3.9926791191101074
258,64.94000244140625,61.33991622924805
259,41.040000915527344,37.72232437133789
260,32.70000076293945,29.215953826904297
261,19.639999389648438,20.19522476196289
262,16.450000762939453,14.513222694396973
263,12.489999771118164,11.090258598327637
264,28.239999771118164,23.752788543701172
265,61.130001068115234,58.05038070678711
266,34.38999938964844,44.21915054321289
267,16.56999969482422,13.80280590057373
268,60.41999816894531,41.22163009643555
269,12.680000305175781,10.920333862304688
270,36.380001068115234,31.715538024902344
271,34.59000015258789,30.14820098876953
272,36.439998626708984,30.534008026123047
273,25.739999771118164,23.417491912841797
274,69.73999786376953,65.62358856201172
275,44.040000915527344,41.48040008544922
276,21.5,17.940107345581055
277,27.8700008392334,22.620685577392578
278,5.329999923706055,5.214184284210205
279,0.8500000238418579,0.9996687173843384
280,42.279998779296875,38.78561782836914
281,2.130000114440918,1.3451356887817383
282,46.439998626708984,42.54587173461914
283,13.869999885559082,11.391884803771973
284,15.680000305175781,10.546842575073242
285,49.130001068115234,45.59056091308594
286,23.25,20.778514862060547
287,21.790000915527344,20.745098114013672
288,49.099998474121094,42.84882354736328
289,27.649999618530273,24.377666473388672
290,23.899999618530273,20.840198516845703
291,22.239999771118164,18.82291030883789
292,14.770000457763672,13.204972267150879
293,31.540000915527344,27.645326614379883
294,40.25,47.76275634765625
295,39.709999084472656,37.81467819213867
296,15.25,12.755487442016602
297,5.820000171661377,3.4118757247924805
298,10.789999961853027,8.892912864685059
299,53.18000030517578,52.122955322265625
300,7.230000019073486,4.867570877075195
301,54.77000045776367,51.97245407104492
302,24.43000030517578,20.848731994628906
303,23.3799991607666,23.944189071655273
304,33.630001068115234,36.793922424316406
305,30.420000076293945,20.56283950805664
306,18.6200008392334,17.524179458618164
307,32.5099983215332,27.498294830322266
308,3.7899999618530273,1.5645731687545776
309,15.600000381469727,13.160614967346191
310,2.319999933242798,1.6293768882751465
311,19.719999313354492,15.34176254272461
312,40.34000015258789,37.4989128112793
313,19.540000915527344,16.030847549438477
314,22.6299991607666,19.183609008789062
315,34.040000915527344,27.708282470703125
316,3.309999942779541,1.9822871685028076
317,6.309999942779541,4.259475231170654
318,31.469999313354492,29.38144302368164
319,8.399999618530273,6.314889907836914
320,22.010000228881836,18.298160552978516
321,19.93000030517578,16.472061157226562
322,18.100000381469727,15.361674308776855
323,54.4900016784668,43.06748580932617
324,32.869998931884766,29.048648834228516
325,8.199999809265137,6.917229652404785
326,30.290000915527344,32.57564163208008
327,6.570000171661377,4.6566009521484375
328,50.90999984741211,49.953399658203125
329,33.810001373291016,29.248455047607422
330,32.220001220703125,31.299327850341797
331,26.059999465942383,21.66707420349121
332,25.3799991607666,21.914451599121094
333,17.760000228881836,14.718918800354004
334,22.450000762939453,14.687081336975098
335,46.36000061035156,43.02998352050781
336,44.20000076293945,41.980220794677734
337,8.59000015258789,6.878663063049316
338,40.369998931884766,35.61763000488281
339,35.810001373291016,25.95039939880371
340,49.02000045776367,47.07865905761719
341,20.399999618530273,17.363664627075195
342,21.709999084472656,18.279508590698242
343,23.899999618530273,21.792829513549805
344,32.599998474121094,27.377239227294922
345,65.37000274658203,61.31045150756836
346,63.77000045776367,60.65645980834961
347,52.20000076293945,56.99396514892578
348,8.59000015258789,5.719852447509766
349,52.56999969482422,49.676780700683594
350,21.149999618530273,21.85454750061035
351,22.670000076293945,19.945842742919922
352,36.34000015258789,46.27518081665039
353,63.599998474121094,34.4407958984375
354,54.779998779296875,52.66751480102539
355,36.45000076293945,31.068950653076172
356,28.25,23.56527328491211
357,4.050000190734863,3.26223087310791
358,39.939998626708984,47.24430465698242
359,17.280000686645508,15.91719913482666
360,33.650001525878906,36.34421157836914
361,46.439998626708984,51.27161407470703
362,18.940000534057617,16.74361228942871
363,23.989999771118164,21.886735916137695
364,5.690000057220459,4.37721586227417
365,23.510000228881836,19.585765838623047
366,5.829999923706055,3.6758339405059814
367,62.099998474121094,61.45502853393555
368,27.139999389648438,21.244609832763672
369,51.52000045776367,42.38018798828125
370,40.7400016784668,35.577274322509766
371,29.510000228881836,26.077213287353516
372,15.539999961853027,13.523331642150879
373,13.100000381469727,10.359696388244629
374,40.779998779296875,40.18706130981445
375,53.16999816894531,48.18559646606445
376,31.760000228881836,27.19301414489746
377,14.449999809265137,11.410819053649902
378,46.099998474121094,42.10350036621094
379,27.549999237060547,28.64670753479004
380,27.59000015258789,22.632553100585938
381,61.619998931884766,61.856201171875
382,48.040000915527344,43.082496643066406
383,40.439998626708984,40.39719772338867
384,24.979999542236328,23.185035705566406
385,64.81999969482422,62.96139144897461
386,22.3700008392334,21.593868255615234
387,23.969999313354492,21.36391830444336
388,48.08000183105469,43.61912155151367
389,26.780000686645508,26.294780731201172
390,18.56999969482422,15.10532283782959
391,52.400001525878906,48.59572219848633
392,30.420000076293945,23.252958297729492
393,51.86000061035156,48.85996627807617
394,44.560001373291016,43.89148712158203
395,31.510000228881836,29.05267333984375
396,73.61000061035156,59.11037063598633
397,49.02000045776367,46.70402145385742
398,24.190000534057617,19.24285125732422
399,28.860000610351562,23.444955825805664
400,4.900000095367432,3.22670841217041
401,25.510000228881836,22.860660552978516
402,46.22999954223633,44.17424011230469
403,30.299999237060547,31.900856018066406
404,18.3700008392334,15.407312393188477
405,11.25,9.417024612426758
406,33.369998931884766,33.00266647338867
407,18.3799991607666,17.24859619140625
408,43.060001373291016,39.4672737121582
409,34.2400016784668,30.734111785888672
410,9.430000305175781,7.387156963348389
411,17.700000762939453,14.074308395385742
412,23.1299991607666,20.552038192749023
413,12.430000305175781,10.199909210205078
414,40.040000915527344,36.58000183105469
415,50.33000183105469,48.95082473754883
416,27.729999542236328,17.80547332763672
417,23.56999969482422,21.354772567749023
418,30.15999984741211,25.882089614868164
419,30.350000381469727,24.25963020324707
420,41.86000061035156,40.9628791809082
421,18.540000915527344,16.575439453125
422,20.489999771118164,19.650815963745117
423,54.58000183105469,51.56698989868164
424,43.22999954223633,41.09309768676758
425,10.369999885559082,8.54736614227295
426,24.510000228881836,24.466371536254883
427,9.960000038146973,7.6149210929870605
428,10.109999656677246,7.5078959465026855
429,14.930000305175781,12.779809951782227
430,27.68000030517578,21.218917846679688
431,40.5,35.72968292236328
432,41.33000183105469,38.129188537597656
433,8.130000114440918,5.484359264373779
434,36.29999923706055,33.11934280395508
435,28.3799991607666,25.18810272216797
436,16.440000534057617,12.380656242370605
437,57.06999969482422,34.72256088256836
438,15.199999809265137,12.284773826599121
439,4.179999828338623,2.4841794967651367
440,12.670000076293945,11.103547096252441
441,45.689998626708984,35.240684509277344
442,35.13999938964844,30.200759887695312
443,26.139999389648438,26.516660690307617
444,64.80999755859375,62.98661422729492
445,62.439998626708984,55.92112350463867
446,52.849998474121094,49.44024658203125
447,19.079999923706055,16.414186477661133
448,55.45000076293945,52.105281829833984
449,38.02000045776367,31.756881713867188
450,32.529998779296875,24.652130126953125
451,30.25,26.203590393066406
452,24.8700008392334,18.098995208740234
453,48.52000045776367,44.78937911987305
454,9.960000038146973,7.851382732391357
455,31.100000381469727,26.790403366088867
456,34.0099983215332,32.304229736328125
457,13.380000114440918,10.947449684143066
458,9.430000305175781,8.409305572509766
459,13.710000038146973,12.02181339263916
460,45.77000045776367,44.523067474365234
461,62.470001220703125,59.751888275146484
462,41.54999923706055,40.31575393676758
463,50.34000015258789,49.395137786865234
464,56.619998931884766,54.14801025390625
465,24.600000381469727,22.767986297607422
466,60.880001068115234,53.64522171020508
467,9.270000457763672,7.109953880310059
468,12.390000343322754,10.725035667419434
469,33.61000061035156,33.46623611450195
470,26.510000228881836,21.03738784790039
471,43.290000915527344,38.794857025146484
472,24.31999969482422,27.292842864990234
473,9.760000228881836,7.687713623046875
474,4.800000190734863,3.4294304847717285
475,24.389999389648438,19.849456787109375
476,30.219999313354492,26.940826416015625
477,37.2400016784668,35.2873420715332
478,9.180000305175781,7.655120372772217
479,44.36000061035156,43.88850784301758
480,60.790000915527344,60.23105239868164
481,46.560001373291016,40.160526275634766
482,7.570000171661377,6.16890287399292
483,8.210000038146973,6.628600120544434
484,10.0,7.608606815338135
485,15.390000343322754,12.641729354858398
486,16.6200008392334,13.637032508850098
487,16.229999542236328,12.20615005493164
488,48.369998931884766,45.689640045166016
489,34.83000183105469,33.53136444091797
490,5.840000152587891,3.930173873901367
491,57.119998931884766,44.06662368774414
492,32.9900016784668,29.675670623779297
493,26.360000610351562,22.027437210083008
494,30.18000030517578,24.02953338623047
495,11.289999961853027,9.44049072265625
496,15.720000267028809,14.7555570602417
497,45.2400016784668,42.349639892578125
498,38.189998626708984,37.460941314697266
499,37.81999969482422,33.493953704833984
500,35.529998779296875,43.0939826965332
501,19.850000381469727,16.88559341430664
502,71.11000061035156,66.97490692138672
503,23.75,21.098281860351562
504,29.559999465942383,31.82240104675293
505,52.790000915527344,48.66460418701172
506,23.3799991607666,21.234336853027344
507,29.040000915527344,23.173030853271484
508,11.520000457763672,9.396470069885254
509,56.33000183105469,50.78055191040039
510,24.850000381469727,24.235063552856445
511,39.7599983215332,35.79652786254883
512,31.200000762939453,19.62924575805664
513,30.09000015258789,30.262975692749023
514,37.11000061035156,34.45379638671875
515,30.420000076293945,25.803253173828125
516,5.659999847412109,3.9796860218048096
517,28.729999542236328,24.355724334716797
518,25.799999237060547,20.56564712524414
519,37.529998779296875,32.78734588623047
520,18.65999984741211,15.355772972106934
521,19.90999984741211,17.497512817382812
522,71.2300033569336,53.98143005371094
523,30.06999969482422,26.22102165222168
524,11.640000343322754,10.299039840698242
525,20.139999389648438,17.594045639038086
526,54.459999084472656,51.30369567871094
527,32.90999984741211,28.295501708984375
528,44.84000015258789,41.44630813598633
529,32.5099983215332,29.281856536865234
530,11.6899995803833,9.187755584716797
531,20.579999923706055,20.89069366455078
532,12.130000114440918,10.159595489501953
533,2.299999952316284,1.2329374551773071
534,41.720001220703125,37.028446197509766
535,18.459999084472656,15.503459930419922
536,62.5,57.20700454711914
537,25.969999313354492,24.797157287597656
538,3.569999933242798,2.253368377685547
539,5.5,3.274289846420288
540,24.290000915527344,19.256147384643555
541,24.649999618530273,22.348831176757812
542,60.77000045776367,60.68699264526367
543,32.18000030517578,31.299327850341797
544,15.350000381469727,11.667311668395996
545,18.690000534057617,18.15714454650879
546,27.25,27.789287567138672
547,63.63999938964844,59.63845443725586
548,22.59000015258789,22.171619415283203
549,68.04000091552734,66.81983947753906
550,23.969999313354492,21.42559242248535
551,15.699999809265137,11.98675537109375
552,14.15999984741211,12.021065711975098
553,13.979999542236328,11.387140274047852
554,31.649999618530273,26.606603622436523
555,9.890000343322754,8.982666969299316
556,12.770000457763672,10.85916805267334
557,24.0,21.356412887573242
558,12.420000076293945,10.566191673278809
559,18.860000610351562,14.975993156433105
560,51.470001220703125,50.109222412109375
561,61.45000076293945,58.46360397338867
562,17.489999771118164,14.20736026763916
563,57.22999954223633,50.70897674560547
564,33.47999954223633,30.46527099609375
565,16.079999923706055,14.247459411621094
566,57.02000045776367,55.07801818847656
567,16.280000686645508,13.666837692260742
568,29.0,22.212858200073242
569,13.609999656677246,11.811206817626953
570,77.33999633789062,56.07661056518555
571,17.889999389648438,14.306730270385742
572,24.34000015258789,22.84991455078125
573,6.079999923706055,3.1049695014953613
574,41.060001373291016,34.98826217651367
575,26.6299991607666,21.704349517822266
576,52.459999084472656,44.38475799560547
577,3.4600000381469727,3.574782133102417
578,23.420000076293945,20.491455078125
579,35.72999954223633,31.461200714111328
580,8.869999885559082,7.013734340667725
581,47.040000915527344,44.044429779052734
582,11.239999771118164,9.86582088470459
583,19.6299991607666,16.85698890686035
584,18.950000762939453,15.815971374511719
585,34.40999984741211,29.208162307739258
586,13.630000114440918,11.155928611755371
587,19.469999313354492,16.233957290649414
588,18.729999542236328,15.261958122253418
589,19.020000457763672,16.913738250732422
590,64.22000122070312,63.724483489990234
591,27.110000610351562,22.581993103027344
592,35.56999969482422,32.78571701049805
593,23.3700008392334,18.137088775634766
594,22.780000686645508,19.895000457763672
595,18.559999465942383,14.803744316101074
596,19.399999618530273,18.973039627075195
597,37.220001220703125,36.30422592163086
598,43.41999816894531,40.18720245361328
599,20.149999618530273,16.98613166809082
600,30.530000686645508,28.353961944580078
601,7.079999923706055,5.573350429534912
602,14.420000076293945,12.638364791870117
603,24.6200008392334,21.093616485595703
604,32.7400016784668,27.985246658325195
605,7.239999771118164,4.992408752441406
606,28.90999984741211,26.33490753173828
607,15.050000190734863,12.538229942321777
608,34.02000045776367,29.743165969848633
609,63.63999938964844,63.12423324584961
610,50.130001068115234,46.5826530456543
611,19.329999923706055,16.451955795288086
612,5.909999847412109,3.539332866668701
613,39.4900016784668,34.63790512084961
614,15.170000076293945,12.541239738464355
615,29.979999542236328,27.736385345458984
616,42.54999923706055,34.039146423339844
617,15.670000076293945,12.075892448425293
618,30.149999618530273,27.514789581298828
619,44.439998626708984,37.089134216308594
620,2.319999933242798,1.6710712909698486
621,14.5600004196167,12.251011848449707
622,35.36000061035156,32.258949279785156
623,40.810001373291016,38.2939567565918
624,32.04999923706055,29.47883415222168
625,42.04999923706055,40.579750061035156
626,66.41999816894531,65.30632019042969
627,16.489999771118164,13.638092041015625
628,4.880000114440918,2.531808614730835
629,15.680000305175781,12.452902793884277
630,16.190000534057617,13.867058753967285
631,16.899999618530273,13.573457717895508
632,27.40999984741211,24.786211013793945
633,60.5099983215332,53.23161315917969
634,8.0600004196167,5.5678815841674805
635,23.459999084472656,19.82701873779297
636,16.270000457763672,13.941378593444824
637,31.149999618530273,27.064870834350586
638,3.059999942779541,1.8769625425338745
639,34.70000076293945,28.888469696044922
640,8.460000038146973,6.394643783569336
641,15.630000114440918,12.973735809326172
642,8.149999618530273,6.139742374420166
643,66.94000244140625,64.62145233154297
644,48.209999084472656,46.40859603881836
645,9.989999771118164,7.4873857498168945
646,28.290000915527344,25.248573303222656
647,20.149999618530273,19.1812801361084
648,19.530000686645508,18.02606964111328
649,23.6299991607666,20.6346492767334
650,42.380001068115234,46.3751106262207
651,11.5600004196167,9.631767272949219
652,25.559999465942383,21.341283798217773
653,22.829999923706055,16.44629669189453
654,7.53000020980835,5.506330490112305
655,11.270000457763672,8.426716804504395
656,33.7400016784668,28.56143569946289
657,24.549999237060547,20.350345611572266
658,10.430000305175781,9.67265796661377
659,32.869998931884766,27.848190307617188
660,41.77000045776367,38.16127395629883
661,19.06999969482422,18.28932762145996
662,47.36000061035156,43.85686492919922
663,21.68000030517578,19.051965713500977
664,64.9000015258789,61.79184341430664
665,48.41999816894531,46.249698638916016
666,29.209999084472656,24.692676544189453
667,66.7699966430664,62.43131637573242
668,15.489999771118164,14.147518157958984
669,53.97999954223633,50.99235916137695
670,42.880001068115234,40.0466194152832
671,45.56999969482422,41.43300247192383
672,47.77000045776367,37.823612213134766
673,15.850000381469727,12.430325508117676
674,35.38999938964844,31.238265991210938
675,14.8100004196167,13.289389610290527
676,53.040000915527344,50.878990173339844
677,46.310001373291016,43.80353546142578
678,55.43000030517578,56.25868606567383
679,9.329999923706055,7.170077323913574
680,70.72000122070312,68.34909057617188
681,8.529999732971191,7.193649768829346
682,21.969999313354492,19.016155242919922
683,59.18000030517578,58.167816162109375
684,54.099998474121094,37.527015686035156
685,4.679999828338623,2.6385881900787354
686,53.900001525878906,55.056434631347656
687,30.329999923706055,27.882051467895508
688,19.31999969482422,15.717202186584473
689,32.560001373291016,27.420913696289062
690,33.709999084472656,29.4091854095459
691,25.68000030517578,22.33597183227539
692,7.869999885559082,6.26555061340332
693,7.829999923706055,5.734622955322266
694,46.91999816894531,48.69526290893555
695,46.349998474121094,40.87290573120117
696,14.09000015258789,12.26379108428955
697,22.809999465942383,21.489673614501953
698,16.389999389648438,15.082077980041504
699,69.33000183105469,70.08416748046875
700,21.229999542236328,17.299009323120117
701,8.420000076293945,6.846627235412598
702,3.359999895095825,1.8545567989349365
703,19.309999465942383,15.533576965332031
704,34.59000015258789,31.241573333740234
705,69.11000061035156,33.4968376159668
706,18.209999084472656,15.365765571594238
707,48.40999984741211,46.6126594543457
708,40.400001525878906,38.52431106567383
709,57.529998779296875,50.8369255065918
710,14.619999885559082,12.592472076416016
711,35.02000045776367,33.566287994384766
712,26.350000381469727,21.487573623657227
713,41.04999923706055,38.13964080810547
714,47.09000015258789,47.152915954589844
715,21.5,20.23027801513672
716,49.130001068115234,46.494083404541016
717,8.630000114440918,7.132457733154297
718,24.959999084472656,20.68199348449707
719,42.20000076293945,43.36720657348633
720,9.470000267028809,7.629537105560303
721,21.549999237060547,17.54083251953125
722,23.799999237060547,19.69226837158203
723,26.989999771118164,22.788122177124023
724,11.199999809265137,9.539373397827148
725,20.790000915527344,19.8525333404541
726,17.34000015258789,12.835774421691895
727,20.280000686645508,15.443778038024902
728,16.5,14.709023475646973
729,12.5,9.586556434631348
730,54.18000030517578,50.73271179199219
731,58.61000061035156,51.697391510009766
732,26.450000762939453,25.968914031982422
733,25.739999771118164,21.11947250366211
734,10.130000114440918,8.387803077697754
735,10.9399995803833,8.549310684204102
736,20.06999969482422,18.06251335144043
737,39.70000076293945,34.9339485168457
738,38.810001373291016,39.5202751159668
739,27.600000381469727,23.894386291503906
740,32.25,29.52958106994629
741,8.229999542236328,6.970321178436279
742,22.799999237060547,19.119401931762695
743,30.239999771118164,22.783044815063477
744,18.489999771118164,16.578704833984375
745,3.569999933242798,2.7722110748291016
746,13.350000381469727,9.021283149719238
747,25.440000534057617,22.409509658813477
748,28.479999542236328,22.995506286621094
749,17.6299991607666,16.036373138427734
750,69.83999633789062,59.85511016845703
751,10.0600004196167,8.315837860107422
752,25.06999969482422,22.528579711914062
753,31.079999923706055,27.94386100769043
754,71.20999908447266,69.10415649414062
755,27.850000381469727,24.79026222229004
756,70.44000244140625,67.1082763671875
757,43.27000045776367,38.96576690673828
758,19.850000381469727,17.695602416992188
759,38.209999084472656,35.883907318115234
760,27.139999389648438,25.478710174560547
761,34.68000030517578,30.36851692199707
762,3.569999933242798,2.9567275047302246
763,59.209999084472656,52.81827163696289
764,9.729999542236328,6.470288276672363
765,21.010000228881836,20.671716690063477
766,36.54999923706055,36.63252258300781
767,6.309999942779541,4.731555461883545
768,47.630001068115234,45.78054428100586
769,49.83000183105469,47.406917572021484
770,19.15999984741211,15.155816078186035
771,29.030000686645508,23.55709457397461
772,28.780000686645508,26.904529571533203
773,43.16999816894531,37.19725799560547
774,31.610000610351562,28.60529327392578
775,14.1899995803833,12.013323783874512
776,43.66999816894531,36.614681243896484
777,44.59000015258789,49.40280532836914
778,11.920000076293945,9.665619850158691
779,20.200000762939453,16.888479232788086
780,46.599998474121094,42.742183685302734
781,15.0600004196167,11.856605529785156
782,20.510000228881836,21.93497657775879
783,24.729999542236328,21.938779830932617
784,16.459999084472656,13.918452262878418
785,6.599999904632568,4.8555755615234375
786,41.7400016784668,39.20235824584961
787,16.040000915527344,13.992220878601074
788,66.22000122070312,46.8148307800293
789,36.95000076293945,33.107608795166016
790,46.41999816894531,39.64600372314453
791,77.76000213623047,66.77155303955078
792,52.22999954223633,47.85448455810547
793,7.570000171661377,5.794633388519287
794,23.829999923706055,19.647624969482422
795,15.140000343322754,11.892213821411133
796,25.09000015258789,22.78936767578125
797,13.100000381469727,10.702860832214355
798,15.550000190734863,13.006739616394043
799,44.349998474121094,35.434757232666016
800,41.810001373291016,39.075714111328125
801,19.549999237060547,15.663354873657227
802,72.6500015258789,71.02967834472656
803,17.6299991607666,14.485559463500977
804,53.459999084472656,49.70358657836914
805,28.549999237060547,24.532630920410156
806,42.20000076293945,34.64387893676758
807,77.94000244140625,74.07192993164062
808,23.290000915527344,20.728849411010742
809,48.25,44.72235107421875
810,42.189998626708984,37.88628005981445
811,11.119999885559082,9.557273864746094
812,36.65999984741211,33.40227508544922
813,14.170000076293945,11.228033065795898
814,23.65999984741211,20.75625991821289
815,20.479999542236328,20.200130462646484
816,16.65999984741211,13.268412590026855
817,19.3700008392334,19.889907836914062
818,37.20000076293945,43.042930603027344
819,35.279998779296875,31.147294998168945
820,30.799999237060547,30.477100372314453
821,28.56999969482422,24.545902252197266
822,38.56999969482422,35.2924690246582
823,12.109999656677246,10.48765754699707
824,23.15999984741211,19.484844207763672
825,66.0199966430664,52.586700439453125
826,22.170000076293945,19.62924575805664
827,27.440000534057617,23.521656036376953
828,20.309999465942383,15.703949928283691
829,37.130001068115234,32.80450439453125
830,7.21999979019165,6.250509262084961
831,7.019999980926514,4.943918704986572
832,21.290000915527344,18.757118225097656
833,41.279998779296875,38.584781646728516
834,18.079999923706055,15.639095306396484
835,9.199999809265137,7.01542854309082
836,19.15999984741211,17.164501190185547
837,31.90999984741211,33.02436447143555
838,44.33000183105469,41.57847213745117
839,22.40999984741211,18.472515106201172
840,33.099998474121094,29.984039306640625
841,40.790000915527344,37.12892150878906
842,29.809999465942383,27.897869110107422
843,26.760000228881836,22.230167388916016
844,47.09000015258789,44.65451431274414
845,34.810001373291016,31.117229461669922
846,46.86000061035156,43.383209228515625
847,7.429999828338623,5.056434154510498
848,17.889999389648438,14.525793075561523
849,4.599999904632568,2.6233909130096436
850,9.010000228881836,6.131224632263184
851,35.36000061035156,30.247295379638672
852,37.849998474121094,33.702552795410156
853,37.209999084472656,32.25698471069336
854,32.040000915527344,27.17501449584961
855,13.039999961853027,11.36860179901123
856,53.93000030517578,49.406185150146484
857,31.139999389648438,29.311878204345703
858,26.520000457763672,18.145160675048828
859,23.309999465942383,20.74785041809082
860,15.960000038146973,13.563942909240723
861,64.87000274658203,50.28877639770508
862,21.579999923706055,19.656585693359375
863,46.790000915527344,42.37318420410156
864,58.83000183105469,55.52046585083008
865,16.1299991607666,14.526130676269531
866,17.6299991607666,15.045868873596191
867,23.670000076293945,21.00089454650879
868,24.0,21.44308853149414
869,21.770000457763672,18.90579605102539
870,27.459999084472656,23.999664306640625
871,28.270000457763672,24.684993743896484
872,12.600000381469727,9.986536026000977
873,22.389999389648438,17.467082977294922
874,33.459999084472656,31.07953453063965
875,12.289999961853027,10.213607788085938
876,35.68000030517578,31.970802307128906
877,48.81999969482422,37.81032943725586
878,26.690000534057617,22.676565170288086
879,35.68000030517578,36.25339889526367
880,32.119998931884766,25.549015045166016
881,24.760000228881836,23.100711822509766
882,15.0600004196167,12.013176918029785
883,47.689998626708984,44.74695587158203
884,70.2699966430664,68.19526672363281
885,33.43000030517578,27.544631958007812
886,22.780000686645508,19.004039764404297
887,6.21999979019165,3.7378618717193604
888,30.399999618530273,37.53044509887695
889,35.060001373291016,29.86724090576172
890,5.519999980926514,3.1482865810394287
891,28.270000457763672,26.185937881469727
892,6.760000228881836,4.516241550445557
893,19.200000762939453,16.397262573242188
894,47.18000030517578,45.70234298706055
895,40.790000915527344,33.94534683227539
896,22.450000762939453,16.79764175415039
897,24.989999771118164,21.92116928100586
898,25.8700008392334,23.413801193237305
899,34.31999969482422,29.82893943786621
900,15.4399995803833,11.284595489501953
901,40.689998626708984,37.63737869262695
902,27.34000015258789,22.285812377929688
903,55.869998931884766,43.4603385925293
904,11.25,9.201481819152832
905,20.360000610351562,18.401025772094727
906,8.8100004196167,7.858950138092041
907,13.789999961853027,10.808865547180176
908,14.710000038146973,12.068925857543945
909,12.579999923706055,12.442795753479004
910,22.860000610351562,22.278606414794922
911,22.420000076293945,19.33204460144043
912,21.479999542236328,18.802919387817383
913,24.530000686645508,20.5964298248291
914,31.479999542236328,24.276018142700195
915,24.0,20.35833740234375
916,15.9399995803833,12.665360450744629
917,44.560001373291016,39.960819244384766
918,38.61000061035156,36.30051803588867
919,7.78000020980835,6.444055080413818
920,27.209999084472656,22.30058479309082
921,29.360000610351562,22.209012985229492
922,29.770000457763672,27.324586868286133
923,38.349998474121094,36.73075485229492
924,18.93000030517578,17.36956787109375
925,11.029999732971191,8.674845695495605
926,20.219999313354492,19.20014762878418
927,53.61000061035156,50.93741226196289
928,22.8700008392334,20.516237258911133
929,5.46999979019165,4.123472213745117
930,33.689998626708984,31.337995529174805
931,38.65999984741211,41.41265106201172
932,31.65999984741211,27.430225372314453
933,33.36000061035156,24.113868713378906
934,52.349998474121094,50.04030227661133
935,19.850000381469727,18.553194046020508
936,14.670000076293945,12.420047760009766
937,22.579999923706055,17.656511306762695
938,41.54999923706055,37.61254119873047
939,7.010000228881836,6.041716575622559
940,22.729999542236328,19.807369232177734
941,18.549999237060547,15.262999534606934
942,53.47999954223633,28.571964263916016
943,62.0,55.14618682861328
944,19.940000534057617,17.573383331298828
945,11.529999732971191,9.461050987243652
946,8.680000305175781,7.8525238037109375
947,13.5600004196167,11.307845115661621
948,19.299999237060547,16.368642807006836
949,2.5299999713897705,1.4247418642044067
950,21.8799991607666,21.349044799804688
951,45.380001068115234,46.52241134643555
952,49.88999938964844,46.72685623168945
953,22.700000762939453,18.554698944091797
954,7.150000095367432,5.420584201812744
955,17.209999084472656,15.112798690795898
956,24.389999389648438,21.984066009521484
957,28.139999389648438,25.60479164123535
958,34.5099983215332,24.44775390625
959,14.1899995803833,11.631819725036621
960,21.770000457763672,18.45543098449707
961,49.63999938964844,52.27739715576172
962,41.59000015258789,36.486358642578125
963,15.420000076293945,12.562211036682129
964,19.200000762939453,15.846685409545898
965,16.760000228881836,12.708076477050781
966,14.609999656677246,10.882391929626465
967,41.0099983215332,37.55430603027344
968,7.480000019073486,5.441737651824951
969,14.720000267028809,12.775856018066406
970,10.649999618530273,9.2210111618042
971,50.04999923706055,47.613712310791016
972,35.45000076293945,30.434694290161133
973,37.310001373291016,34.2273063659668
974,16.3700008392334,13.700263977050781
975,36.290000915527344,36.91853332519531
976,10.6899995803833,8.499792098999023
977,25.600000381469727,22.507232666015625
978,47.54999923706055,45.8497428894043
979,44.869998931884766,39.41391372680664
980,3.2799999713897705,2.7306067943573
981,25.350000381469727,23.652355194091797
982,37.7400016784668,34.605777740478516
983,24.979999542236328,21.556049346923828
984,8.65999984741211,6.377406597137451
985,33.16999816894531,29.932283401489258
986,62.939998626708984,61.82526779174805
987,7.730000019073486,6.302273750305176
988,11.760000228881836,10.036772727966309
989,29.709999084472656,24.90496063232422
990,28.040000915527344,24.6507568359375
991,35.540000915527344,36.644264221191406
992,28.489999771118164,24.209636688232422
993,32.66999816894531,44.45024871826172
994,30.780000686645508,27.902374267578125
995,24.40999984741211,17.614734649658203
996,24.3799991607666,24.307374954223633
997,16.34000015258789,13.4588041305542
998,9.050000190734863,5.946328639984131
999,48.0099983215332,35.52958297729492
1000,46.470001220703125,43.900882720947266
1001,24.420000076293945,21.714906692504883
1002,22.520000457763672,18.239683151245117
1003,9.039999961853027,7.391820430755615
1004,28.860000610351562,22.784278869628906
1005,17.940000534057617,14.245457649230957
1006,13.380000114440918,10.740045547485352
1007,35.54999923706055,31.15943145751953
1008,24.579999923706055,19.06668472290039
1009,16.06999969482422,13.820091247558594
1010,20.809999465942383,16.358169555664062
1011,9.6899995803833,7.798370361328125
1012,13.84000015258789,10.434050559997559
1013,40.36000061035156,40.430362701416016
1014,47.63999938964844,42.99258041381836
1015,41.540000915527344,41.627498626708984
1016,12.479999542236328,10.358612060546875
1017,24.8799991607666,21.02121353149414
1018,41.27000045776367,39.094970703125
1019,7.989999771118164,6.058769702911377
1020,33.58000183105469,32.88580322265625
1021,14.109999656677246,11.719171524047852
1022,32.86000061035156,29.28397560119629
1023,41.36000061035156,43.351016998291016
1024,9.420000076293945,7.180448055267334
1025,8.829999923706055,4.1345014572143555
1026,26.209999084472656,23.905330657958984
1027,29.8700008392334,24.17980194091797
1028,15.819999694824219,13.773253440856934
1029,33.040000915527344,49.06029510498047
1030,23.75,21.487579345703125
1031,35.91999816894531,31.244979858398438
1032,46.79999923706055,41.94709014892578
1033,29.6200008392334,37.256900787353516
1034,73.29000091552734,70.2560043334961
1035,8.34000015258789,5.331963062286377
1036,34.810001373291016,29.950271606445312
1037,28.219999313354492,23.309614181518555
1038,19.969999313354492,18.121667861938477
1039,27.239999771118164,22.325145721435547
1040,8.960000038146973,7.278120040893555
1041,33.400001525878906,30.72602653503418
1042,49.06999969482422,44.63726806640625
1043,38.20000076293945,31.02481460571289
1044,44.529998779296875,41.52688217163086
1045,21.170000076293945,18.66364288330078
1046,25.530000686645508,22.612709045410156
1047,19.1200008392334,15.278056144714355
1048,18.040000915527344,14.450034141540527
1049,21.260000228881836,18.87013053894043
1050,47.77000045776367,44.13471221923828
1051,25.600000381469727,23.288333892822266
1052,11.40999984741211,8.48712158203125
1053,27.770000457763672,25.636520385742188
1054,38.9900016784668,38.391788482666016
1055,17.920000076293945,16.023666381835938
1056,29.200000762939453,25.7208194732666
1057,74.37000274658203,55.94179916381836
1058,11.300000190734863,9.153575897216797
1059,2.369999885559082,1.1954174041748047
1060,20.450000762939453,19.210500717163086
1061,29.729999542236328,26.291152954101562
1062,58.810001373291016,55.71061325073242
1063,40.630001068115234,37.84569549560547
1064,15.670000076293945,12.670866966247559
1065,19.270000457763672,18.294322967529297
1066,30.139999389648438,25.798667907714844
1067,8.279999732971191,7.3941650390625
1068,8.380000114440918,6.427393913269043
1069,24.81999969482422,20.779253005981445
1070,28.5,23.915382385253906
1071,29.860000610351562,26.115581512451172
1072,34.380001068115234,33.36457824707031
1073,21.760000228881836,16.31365203857422
1074,25.5,20.90619659423828
1075,29.6299991607666,25.492448806762695
1076,36.72999954223633,36.02379608154297
1077,36.880001068115234,32.844913482666016
1078,4.090000152587891,2.0578272342681885
1079,25.489999771118164,20.92314910888672
1080,53.65999984741211,52.02965545654297
1081,5.739999771118164,4.11328125
1082,3.9200000762939453,1.6649833917617798
1083,34.20000076293945,29.27513313293457
1084,28.059999465942383,23.999547958374023
1085,26.780000686645508,25.012535095214844
1086,16.940000534057617,13.176920890808105
1087,39.369998931884766,37.77986526489258
1088,37.060001373291016,33.22236251831055
1089,19.440000534057617,17.909040451049805
1090,14.9399995803833,11.586568832397461
1091,17.84000015258789,14.857499122619629
1092,29.290000915527344,28.43575096130371
1093,61.380001068115234,56.560665130615234
1094,24.15999984741211,21.860591888427734
1095,21.329999923706055,15.920401573181152
1096,15.020000457763672,12.995744705200195
1097,6.900000095367432,4.65676736831665
1098,29.639999389648438,26.003324508666992
1099,47.849998474121094,42.806671142578125
1100,12.270000457763672,11.313831329345703
1101,46.400001525878906,42.57695007324219
1102,30.81999969482422,25.7729434967041
1103,7.920000076293945,5.833206653594971
1104,64.08000183105469,43.27234649658203
1105,40.0,35.864444732666016
1106,41.0099983215332,35.96847152709961
1107,22.420000076293945,19.432409286499023
1108,46.0099983215332,37.607086181640625
1109,12.170000076293945,8.969375610351562
1110,45.2400016784668,42.42657470703125
1111,16.15999984741211,14.033879280090332
1112,7.53000020980835,3.9624922275543213
1113,37.58000183105469,38.54684066772461
1114,15.029999732971191,12.403124809265137
1115,17.84000015258789,16.53325080871582
1116,19.329999923706055,16.014678955078125
1117,17.530000686645508,14.999058723449707
1118,15.1899995803833,13.304183006286621
1119,32.25,28.979907989501953
1120,36.02000045776367,31.636425018310547
1121,7.539999961853027,5.728618621826172
1122,7.260000228881836,5.10511589050293
1123,11.25,9.426396369934082
1124,19.899999618530273,15.983960151672363
1125,60.099998474121094,57.2242317199707
1126,58.529998779296875,55.49530029296875
1127,15.260000228881836,11.51972484588623
1128,4.880000114440918,4.316375732421875
1129,23.700000762939453,21.78083038330078
1130,35.810001373291016,38.11116027832031
1131,19.280000686645508,16.327878952026367
1132,18.65999984741211,14.525053977966309
1133,8.539999961853027,5.918739318847656
1134,14.800000190734863,15.344437599182129
1135,26.479999542236328,23.116771697998047
1136,51.099998474121094,54.29909896850586
1137,23.329999923706055,16.99565887451172
1138,22.170000076293945,20.855722427368164
1139,25.100000381469727,20.42266845703125
1140,22.90999984741211,17.927722930908203
1141,29.790000915527344,25.19549560546875
1142,17.290000915527344,14.385895729064941
1143,10.239999771118164,8.468484878540039
1144,25.489999771118164,21.315631866455078
1145,22.889999389648438,22.026044845581055
1146,9.220000267028809,7.413517475128174
1147,26.809999465942383,23.312702178955078
1148,43.970001220703125,40.71627426147461
1149,18.469999313354492,14.601044654846191
1150,4.449999809265137,2.6989681720733643
1151,67.18000030517578,65.92742919921875
1152,20.559999465942383,17.856735229492188
1153,16.540000915527344,13.928672790527344
1154,13.670000076293945,10.685179710388184
1155,17.190000534057617,13.052645683288574
1156,48.9900016784668,51.27161407470703
1157,31.559999465942383,23.848276138305664
1158,32.36000061035156,29.538780212402344
1159,45.119998931884766,43.60573959350586
1160,27.09000015258789,21.776222229003906
1161,30.030000686645508,25.491518020629883
1162,4.389999866485596,2.897397756576538
1163,25.3799991607666,21.997339248657227
1164,15.020000457763672,12.5416841506958
1165,34.220001220703125,33.961917877197266
1166,34.63999938964844,27.453218460083008
1167,46.189998626708984,41.42197036743164
1168,43.90999984741211,40.82059097290039
1169,23.520000457763672,19.586246490478516
1170,18.190000534057617,15.854340553283691
1171,10.9399995803833,9.29224681854248
1172,36.45000076293945,29.95534324645996
1173,42.47999954223633,38.20652389526367
1174,22.790000915527344,18.97911834716797
1175,42.66999816894531,42.45798110961914
1176,4.769999980926514,2.197115898132324
1177,13.460000038146973,11.623831748962402
1178,23.889999389648438,17.761518478393555
1179,33.16999816894531,28.380155563354492
1180,19.540000915527344,17.81907081604004
1181,45.83000183105469,44.06108856201172
1182,12.109999656677246,8.661750793457031
1183,80.5999984741211,55.19157028198242
1184,22.670000076293945,20.77667236328125
1185,12.90999984741211,10.781123161315918
1186,25.75,22.66471290588379
1187,22.8700008392334,19.13400650024414
1188,49.65999984741211,45.45440673828125
1189,5.989999771118164,4.8559417724609375
1190,19.350000381469727,18.146751403808594
1191,32.59000015258789,30.96392822265625
1192,40.31999969482422,36.95690155029297
1193,35.9900016784668,32.6071662902832
1194,3.0,1.6575162410736084
1195,14.510000228881836,12.898622512817383
1196,9.270000457763672,8.274080276489258
1197,18.010000228881836,14.264800071716309
1198,14.710000038146973,12.658164024353027
1199,43.290000915527344,40.186832427978516
1200,10.399999618530273,8.558002471923828
1201,34.630001068115234,32.522071838378906
1202,11.180000305175781,9.853811264038086
1203,31.700000762939453,26.04800796508789
1204,40.61000061035156,35.192413330078125
1205,65.80999755859375,60.52496337890625
1206,18.700000762939453,17.054977416992188
1207,19.90999984741211,18.422161102294922
1208,19.75,16.54115867614746
1209,35.599998474121094,30.343708038330078
1210,21.979999542236328,19.723472595214844
1211,43.15999984741211,37.93905258178711
1212,71.19000244140625,65.6533203125
1213,19.3799991607666,17.612855911254883
1214,38.79999923706055,35.94610595703125
1215,37.220001220703125,37.5152702331543
1216,20.190000534057617,16.459712982177734
1217,27.329999923706055,25.017353057861328
1218,35.34000015258789,32.40670394897461
1219,44.0,43.41139602661133
1220,28.1200008392334,24.622539520263672
1221,3.7200000286102295,2.1813576221466064
1222,16.889999389648438,14.159872055053711
1223,29.540000915527344,31.03882598876953
1224,17.670000076293945,14.778181076049805
1225,42.91999816894531,39.58234786987305
1226,12.359999656677246,10.446598052978516
1227,28.34000015258789,27.8210506439209
1228,24.489999771118164,21.66625213623047
1229,34.0,34.272403717041016
1230,12.489999771118164,9.741273880004883
1231,37.540000915527344,33.54563522338867
1232,21.469999313354492,20.866962432861328
1233,27.350000381469727,25.20800018310547
1234,20.59000015258789,15.879679679870605
1235,37.29999923706055,32.91383743286133
1236,55.59000015258789,53.20948791503906
1237,29.1299991607666,26.077592849731445
1238,2.4100000858306885,1.4726059436798096
1239,37.619998931884766,38.084346771240234
1240,38.279998779296875,33.06146240234375
1241,24.6299991607666,20.236045837402344
1242,40.90999984741211,38.288944244384766
1243,23.610000610351562,18.662883758544922
1244,5.340000152587891,2.996399402618408
1245,33.790000915527344,29.54485321044922
1246,21.84000015258789,18.36721420288086
1247,22.010000228881836,17.5908203125
1248,17.6200008392334,13.799442291259766
1249,9.359999656677246,7.739802837371826
1250,14.210000038146973,12.695690155029297
1251,44.4900016784668,42.85672378540039
1252,5.46999979019165,3.9972779750823975
1253,6.519999980926514,4.630733966827393
1254,3.0299999713897705,1.8769663572311401
1255,38.7599983215332,37.369319915771484
1256,52.25,51.95000457763672
1257,15.630000114440918,11.907251358032227
1258,18.34000015258789,14.808846473693848
1259,35.06999969482422,27.592857360839844
1260,19.1299991607666,15.434711456298828
1261,8.5600004196167,7.075079917907715
1262,41.58000183105469,39.25381851196289
1263,46.77000045776367,44.137840270996094
1264,40.97999954223633,39.8740119934082
1265,65.7300033569336,62.27452087402344
1266,10.529999732971191,9.236899375915527
1267,48.150001525878906,46.1303825378418
1268,30.700000762939453,28.728515625
1269,30.649999618530273,28.093955993652344
1270,29.190000534057617,25.915311813354492
1271,2.0999999046325684,2.2802937030792236
1272,26.1200008392334,20.786977767944336
1273,47.15999984741211,43.04320526123047
1274,18.360000610351562,19.55707550048828
1275,49.63999938964844,47.5323371887207
1276,63.150001525878906,61.17450714111328
1277,21.510000228881836,17.855777740478516
1278,45.40999984741211,44.169189453125
1279,37.56999969482422,33.71984100341797
1280,9.6899995803833,7.194601058959961
1281,19.420000076293945,16.617820739746094
1282,29.190000534057617,25.252315521240234
1283,29.420000076293945,23.914180755615234
1284,26.959999084472656,23.339357376098633
1285,5.5,4.2869062423706055
1286,41.2400016784668,38.16045379638672
1287,57.91999816894531,52.042144775390625
1288,52.34000015258789,55.07801818847656
1289,27.34000015258789,26.119647979736328
1290,52.86000061035156,46.590538024902344
1291,21.049999237060547,19.302576065063477
1292,54.849998474121094,49.61985778808594
1293,7.760000228881836,6.5272746086120605
1294,11.819999694824219,9.99919319152832
1295,11.829999923706055,10.035008430480957
1296,20.90999984741211,16.994197845458984
1297,67.66999816894531,69.79728698730469
1298,13.649999618530273,10.467705726623535
1299,7.130000114440918,4.946780204772949
1300,25.530000686645508,23.362773895263672
1301,43.7599983215332,40.91526794433594
1302,23.1299991607666,19.642105102539062
1303,4.909999847412109,3.2568976879119873
1304,11.5,9.152141571044922
1305,31.260000228881836,27.28208351135254
1306,21.90999984741211,17.521100997924805
1307,38.56999969482422,35.45112228393555
1308,41.529998779296875,37.507747650146484
1309,24.889999389648438,20.12234878540039
1310,12.4399995803833,10.5283784866333
1311,28.8700008392334,26.428937911987305
1312,55.060001373291016,48.600460052490234
1313,23.959999084472656,22.76723861694336
1314,25.6299991607666,22.734766006469727
1315,28.489999771118164,24.146438598632812
1316,15.649999618530273,13.636061668395996
1317,10.979999542236328,8.800212860107422
1318,62.47999954223633,56.241432189941406
1319,39.45000076293945,35.94194412231445
1320,52.189998626708984,49.3654670715332
1321,56.58000183105469,62.85039138793945
1322,52.189998626708984,46.98002624511719
1323,42.29999923706055,40.73352813720703
1324,40.939998626708984,39.84646224975586
1325,58.599998474121094,56.13944625854492
1326,55.84000015258789,58.56029510498047
1327,12.550000190734863,9.867700576782227
1328,39.310001373291016,35.11911392211914
1329,20.670000076293945,18.405614852905273
1330,14.229999542236328,12.889968872070312
1331,40.599998474121094,37.055355072021484
1332,27.049999237060547,23.317869186401367
1333,8.350000381469727,6.8935747146606445
1334,30.440000534057617,37.602413177490234
1335,28.510000228881836,20.87066650390625
1336,5.610000133514404,4.027674674987793
1337,35.93000030517578,34.585906982421875
1338,3.880000114440918,2.088510036468506
1339,41.0,38.24763870239258
1340,28.56999969482422,25.509769439697266
1341,46.099998474121094,43.84636306762695
1342,28.31999969482422,26.4873046875
1343,31.09000015258789,37.05629348754883
1344,38.06999969482422,39.16234588623047
1345,57.77000045776367,61.887351989746094
1346,59.02000045776367,55.27408218383789
1347,25.719999313354492,21.160669326782227
1348,20.40999984741211,18.422422409057617
1349,30.020000457763672,25.20100975036621
1350,19.329999923706055,16.639434814453125
1351,4.619999885559082,4.7858076095581055
1352,50.7400016784668,47.99050521850586
1353,23.579999923706055,18.988996505737305
1354,7.309999942779541,5.372283458709717
1355,21.809999465942383,27.983211517333984
1356,9.880000114440918,5.8167243003845215
1357,19.209999084472656,15.099236488342285
1358,54.119998931884766,50.6705322265625
1359,36.06999969482422,33.3217658996582
1360,8.109999656677246,6.01163911819458
1361,17.579999923706055,15.898497581481934
1362,49.400001525878906,45.86191177368164
1363,47.959999084472656,41.30567932128906
1364,3.880000114440918,1.8347300291061401
1365,47.63999938964844,40.28311538696289
1366,51.93000030517578,49.30295181274414
1367,19.459999084472656,16.662052154541016
1368,14.710000038146973,11.017460823059082
1369,7.619999885559082,5.898204803466797
1370,15.319999694824219,12.62293815612793
1371,23.360000610351562,22.62455940246582
1372,14.619999885559082,12.0418701171875
1373,41.41999816894531,38.27633285522461
1374,24.020000457763672,21.945541381835938
1375,31.389999389648438,29.212038040161133
1376,27.989999771118164,21.871826171875
1377,8.670000076293945,7.004433631896973
1378,25.1200008392334,22.06043815612793
1379,20.969999313354492,18.57817840576172
1380,9.210000038146973,7.959407329559326
1381,25.920000076293945,21.651775360107422
1382,39.529998779296875,37.24647521972656
1383,12.369999885559082,9.402166366577148
1384,16.579999923706055,13.876055717468262
1385,18.520000457763672,17.198291778564453
1386,17.950000762939453,15.406176567077637
1387,19.209999084472656,16.49172592163086
1388,41.470001220703125,36.808780670166016
1389,27.860000610351562,21.551076889038086
1390,4.760000228881836,2.6967737674713135
1391,29.1299991607666,26.669086456298828
1392,30.639999389648438,27.509479522705078
1393,6.489999771118164,5.318731307983398
1394,52.68000030517578,48.83708953857422
1395,78.13999938964844,54.79002380371094
1396,10.829999923706055,8.724602699279785
1397,22.739999771118164,18.582557678222656
1398,25.110000610351562,20.725791931152344
1399,39.599998474121094,33.37380599975586
1400,67.77999877929688,63.6685905456543
1401,48.52000045776367,44.66940689086914
1402,19.1200008392334,16.1433162689209
1403,12.380000114440918,10.356475830078125
1404,48.540000915527344,47.32687759399414
1405,30.170000076293945,27.15394401550293
1406,7.289999961853027,6.108888149261475
1407,23.110000610351562,19.434181213378906
1408,42.52000045776367,40.83073043823242
1409,35.599998474121094,35.711666107177734
1410,20.579999923706055,17.70140838623047
1411,23.700000762939453,19.967723846435547
1412,24.479999542236328,22.23053550720215
1413,50.439998626708984,45.62019348144531
1414,60.220001220703125,60.378700256347656
1415,12.479999542236328,9.910122871398926
1416,2.569999933242798,1.7345268726348877
1417,13.970000267028809,12.418391227722168
1418,23.93000030517578,21.068443298339844
1419,11.1899995803833,8.806021690368652
1420,37.93000030517578,44.201568603515625
1421,28.700000762939453,29.576213836669922
1422,25.8799991607666,23.253211975097656
1423,45.849998474121094,40.91808319091797
1424,46.7599983215332,45.391231536865234
1425,31.219999313354492,28.765674591064453
1426,45.95000076293945,43.02528762817383
1427,20.43000030517578,18.451786041259766
1428,4.28000020980835,2.5598387718200684
1429,23.540000915527344,21.548818588256836
1430,19.6299991607666,16.482402801513672
1431,72.04000091552734,61.17095184326172
1432,15.9399995803833,12.41532039642334
1433,25.600000381469727,22.590845108032227
1434,15.59000015258789,13.179216384887695
1435,30.170000076293945,25.427453994750977
1436,2.990000009536743,2.324115753173828
1437,18.6200008392334,16.500139236450195
1438,6.769999980926514,3.8163158893585205
1439,12.65999984741211,10.008549690246582
1440,17.1200008392334,15.319796562194824
1441,31.610000610351562,23.533950805664062
1442,12.6899995803833,11.060242652893066
1443,12.529999732971191,10.265207290649414
1444,17.34000015258789,14.177074432373047
1445,38.470001220703125,43.693050384521484
1446,26.450000762939453,24.600170135498047
1447,26.969999313354492,23.25943374633789
1448,26.190000534057617,27.525846481323242
1449,13.180000305175781,10.927330017089844
1450,18.149999618530273,18.821914672851562
1451,30.309999465942383,25.93009376525879
1452,24.469999313354492,22.378639221191406
1453,2.819999933242798,1.4239935874938965
1454,5.699999809265137,3.772858142852783
1455,53.040000915527344,49.31097412109375
1456,22.040000915527344,18.489635467529297
1457,57.02000045776367,53.48832702636719
1458,23.020000457763672,19.4160099029541
1459,25.280000686645508,22.37349510192871
1460,47.869998931884766,35.52956008911133
1461,20.360000610351562,17.688764572143555
1462,8.979999542236328,7.306962490081787
1463,13.710000038146973,11.723005294799805
1464,21.0,16.910568237304688
1465,44.54999923706055,39.16234588623047
1466,34.099998474121094,32.27919006347656
1467,26.459999084472656,20.23027801513672
1468,16.799999237060547,14.703081130981445
1469,3.509999990463257,1.8132020235061646
1470,22.049999237060547,22.97209358215332
1471,29.700000762939453,25.784494400024414
1472,22.110000610351562,19.192251205444336
1473,16.440000534057617,13.493131637573242
1474,9.029999732971191,6.6396260261535645
1475,14.039999961853027,12.268957138061523
1476,17.09000015258789,14.881312370300293
1477,5.429999828338623,3.483276605606079
1478,29.25,26.22893524169922
1479,73.37000274658203,60.4515266418457
1480,9.329999923706055,8.04198169708252
1481,28.190000534057617,23.82150650024414
1482,23.34000015258789,18.96942138671875
1483,35.040000915527344,32.64647674560547
1484,21.440000534057617,17.697790145874023
1485,44.25,39.55964279174805
1486,38.16999816894531,38.45747756958008
1487,46.310001373291016,45.647159576416016
1488,19.270000457763672,15.734137535095215
1489,44.77000045776367,40.8220329284668
1490,5.510000228881836,4.043754577636719
1491,23.149999618530273,18.51154327392578
1492,48.79999923706055,46.27268981933594
1493,54.45000076293945,51.88199234008789
1494,5.949999809265137,3.3523523807525635
1495,69.5999984741211,75.38079071044922
1496,39.119998931884766,34.56134796142578
1497,7.03000020980835,4.7205119132995605
1498,29.43000030517578,25.278465270996094
1499,22.25,17.023378372192383
1500,13.0,10.705753326416016
1501,38.560001373291016,37.61091613769531
1502,27.889999389648438,24.466020584106445
1503,7.929999828338623,5.857370853424072
1504,51.630001068115234,39.62358093261719
1505,31.969999313354492,28.599807739257812
1506,35.91999816894531,33.26382827758789
1507,21.09000015258789,18.566646575927734
1508,25.739999771118164,20.475109100341797
1509,51.86000061035156,51.60487747192383
1510,24.229999542236328,22.160985946655273
1511,8.020000457763672,4.810713768005371
1512,14.609999656677246,12.522107124328613
1513,41.849998474121094,37.591041564941406
1514,19.780000686645508,17.86256217956543
1515,33.720001220703125,32.50858688354492
1516,14.710000038146973,11.740313529968262
1517,23.1200008392334,20.18031883239746
1518,33.439998626708984,31.075366973876953
1519,15.539999961853027,11.570605278015137
1520,12.920000076293945,10.850741386413574
1521,31.360000610351562,28.829797744750977
1522,17.549999237060547,17.75824737548828
1523,20.459999084472656,17.973262786865234
1524,31.520000457763672,27.942800521850586
1525,20.079999923706055,18.03857421875
1526,37.779998779296875,39.25205612182617
1527,46.130001068115234,44.59786605834961
1528,16.149999618530273,13.835428237915039
1529,69.05000305175781,52.962276458740234
1530,28.09000015258789,28.083431243896484
1531,43.939998626708984,37.798004150390625
1532,8.319999694824219,6.4410080909729
1533,10.819999694824219,8.318703651428223
1534,28.25,23.74415397644043
1535,19.969999313354492,15.658316612243652
1536,29.920000076293945,20.6546688079834
1537,21.149999618530273,18.356014251708984
1538,3.3499999046325684,1.723400592803955
1539,76.69999694824219,76.54279327392578
1540,23.040000915527344,19.771400451660156
1541,38.2400016784668,32.92251968383789
1542,26.489999771118164,24.2784423828125
1543,19.360000610351562,16.164308547973633
1544,32.4900016784668,28.054365158081055
1545,53.7400016784668,49.18866729736328
1546,12.640000343322754,10.27542781829834
1547,4.179999828338623,2.297752618789673
1548,34.58000183105469,29.40782928466797
1549,40.59000015258789,45.16267395019531
1550,71.66000366210938,71.37129211425781
1551,5.75,4.404837608337402
1552,11.359999656677246,8.966726303100586
1553,8.65999984741211,6.571933269500732
1554,14.4399995803833,10.576333045959473
1555,27.93000030517578,25.818971633911133
1556,63.599998474121094,61.96360778808594
1557,8.789999961853027,7.483625888824463
1558,9.1899995803833,7.937629222869873
1559,15.180000305175781,13.564035415649414
1560,17.200000762939453,14.988350868225098
1561,25.579999923706055,23.106647491455078
1562,21.1299991607666,18.180912017822266
1563,12.5600004196167,9.574122428894043
1564,30.18000030517578,25.870466232299805
1565,15.0600004196167,12.931568145751953
1566,7.159999847412109,5.2791876792907715
1567,34.040000915527344,34.41850662231445
1568,46.529998779296875,42.65149688720703
1569,22.520000457763672,20.42290496826172
1570,29.34000015258789,29.435989379882812
1571,21.3700008392334,17.497140884399414
1572,29.889999389648438,25.399993896484375
1573,29.850000381469727,25.34294891357422
1574,23.670000076293945,20.57062530517578
1575,8.329999923706055,6.590594291687012
1576,4.300000190734863,2.9602653980255127
1577,11.149999618530273,9.186610221862793
1578,13.0,9.065435409545898
1579,2.5899999141693115,1.8771390914916992
1580,6.119999885559082,4.242839336395264
1581,27.59000015258789,23.901355743408203
1582,12.319999694824219,10.429110527038574
1583,58.29999923706055,52.81596755981445
1584,22.940000534057617,24.060195922851562
1585,32.83000183105469,36.71563720703125
1586,11.15999984741211,9.096298217773438
1587,9.140000343322754,8.333955764770508
1588,35.81999969482422,33.99913024902344
1589,38.20000076293945,34.957916259765625
1590,16.81999969482422,15.307451248168945
1591,37.77000045776367,35.232879638671875
1592,53.77000045776367,54.34480667114258
1593,57.7400016784668,41.51536178588867
1594,42.900001525878906,35.291168212890625
1595,47.47999954223633,33.70827102661133
1596,23.530000686645508,22.198148727416992
1597,32.970001220703125,29.9572811126709
1598,41.59000015258789,44.29953384399414
1599,32.2400016784668,29.72811508178711
1600,15.59000015258789,13.694366455078125
1601,4.96999979019165,3.01011323928833
1602,16.239999771118164,12.54483413696289
1603,13.8100004196167,11.74364948272705
1604,8.920000076293945,7.176112174987793
1605,24.079999923706055,20.22576141357422
1606,26.1200008392334,23.071123123168945
1607,28.100000381469727,24.851360321044922
1608,32.130001068115234,27.05760383605957
1609,6.239999771118164,3.33937668800354
1610,7.949999809265137,6.937994480133057
1611,35.43000030517578,29.06655502319336
1612,46.13999938964844,54.668785095214844
1613,9.819999694824219,8.141632080078125
1614,29.639999389648438,26.54741668701172
1615,44.900001525878906,38.065528869628906
1616,34.77000045776367,30.681917190551758
1617,31.479999542236328,29.584102630615234
1618,16.139999389648438,13.328752517700195
1619,39.310001373291016,35.92327117919922
1620,21.65999984741211,20.330276489257812
1621,6.230000019073486,4.969008445739746
1622,42.54999923706055,39.83687210083008
1623,28.6299991607666,29.473621368408203
1624,23.469999313354492,20.10489273071289
1625,14.550000190734863,11.571571350097656
1626,19.75,20.22580337524414
1627,12.069999694824219,9.814818382263184
1628,13.130000114440918,11.332955360412598
1629,33.02000045776367,28.770681381225586
1630,30.040000915527344,26.449201583862305
1631,37.470001220703125,39.17038345336914
1632,23.639999389648438,19.491065979003906
1633,19.110000610351562,17.419023513793945
1634,25.40999984741211,21.535140991210938
1635,19.65999984741211,16.86554718017578
1636,29.299999237060547,24.665124893188477
1637,2.7799999713897705,2.008476495742798
1638,8.989999771118164,6.4408183097839355
1639,18.479999542236328,15.70215892791748
1640,25.170000076293945,20.981403350830078
1641,36.83000183105469,33.554969787597656
1642,47.93000030517578,31.39606475830078
1643,4.320000171661377,2.5941500663757324
1644,31.360000610351562,28.10496711730957
1645,38.400001525878906,36.53400421142578
1646,61.97999954223633,52.42845153808594
1647,56.459999084472656,56.2468147277832
1648,23.559999465942383,19.975183486938477
1649,18.06999969482422,13.893778800964355
1650,13.680000305175781,11.876459121704102
1651,41.470001220703125,36.74885940551758
1652,36.16999816894531,33.23722839355469
1653,27.639999389648438,23.39678192138672
1654,20.6299991607666,19.314573287963867
1655,22.5,22.088293075561523
1656,7.880000114440918,6.206546306610107
1657,40.290000915527344,44.04426956176758
1658,25.65999984741211,20.4655704498291
1659,55.0,38.05224609375
1660,42.040000915527344,38.431941986083984
1661,20.170000076293945,15.134090423583984
1662,8.850000381469727,6.120718479156494
1663,35.84000015258789,33.709007263183594
1664,46.36000061035156,42.277767181396484
1665,16.84000015258789,14.007637023925781
1666,30.719999313354492,28.359106063842773
1667,24.459999084472656,22.324888229370117
1668,23.8799991607666,20.8842830657959
1669,37.310001373291016,34.93273162841797
1670,8.369999885559082,6.456154823303223
1671,30.549999237060547,20.774871826171875
1672,28.93000030517578,25.202571868896484
1673,10.760000228881836,9.024908065795898
1674,40.83000183105469,42.46713638305664
1675,45.63999938964844,44.064701080322266
1676,27.110000610351562,22.32582664489746
1677,23.93000030517578,20.303911209106445
1678,17.229999542236328,14.831374168395996
1679,10.260000228881836,7.078306674957275
1680,16.149999618530273,13.361929893493652
1681,14.180000305175781,11.592939376831055
1682,6.440000057220459,3.829970121383667
1683,16.079999923706055,13.11211109161377
1684,16.040000915527344,13.477302551269531
1685,7.820000171661377,5.2713775634765625
1686,37.779998779296875,50.377193450927734
1687,12.0600004196167,8.304805755615234
1688,2.5399999618530273,2.2756857872009277
1689,37.61000061035156,33.839900970458984
1690,17.600000381469727,16.06389045715332
1691,35.18000030517578,31.247846603393555
1692,9.710000038146973,8.131693840026855
1693,32.43000030517578,34.562564849853516
1694,53.11000061035156,50.982322692871094
1695,18.979999542236328,15.839125633239746
1696,6.800000190734863,4.54576301574707
1697,48.869998931884766,41.866031646728516
1698,42.86000061035156,45.4892692565918
1699,8.460000038146973,6.266044616699219
1700,18.780000686645508,16.616046905517578
1701,39.54999923706055,33.09066390991211
1702,51.029998779296875,46.1478385925293
1703,2.690000057220459,1.4456126689910889
1704,44.33000183105469,43.58662414550781
1705,22.860000610351562,19.424091339111328
1706,56.310001373291016,36.172489166259766
1707,44.540000915527344,33.81155776977539
1708,10.579999923706055,8.476658821105957
1709,14.460000038146973,11.479304313659668
1710,40.81999969482422,31.168296813964844
1711,49.150001525878906,49.842777252197266
1712,15.880000114440918,12.93580150604248
1713,26.420000076293945,23.145484924316406
1714,9.260000228881836,7.1928582191467285
1715,36.189998626708984,32.346378326416016
1716,21.280000686645508,17.814619064331055
1717,6.130000114440918,2.5307021141052246
1718,41.130001068115234,41.22528076171875
1719,22.979999542236328,18.703922271728516
1720,12.4399995803833,10.706302642822266
1721,8.5600004196167,6.971014499664307
1722,20.239999771118164,18.60845184326172
1723,69.30000305175781,67.25202178955078
1724,6.909999847412109,5.964188575744629
1725,5.559999942779541,3.9579572677612305
1726,50.72999954223633,40.0860710144043
1727,34.959999084472656,32.47428512573242
1728,43.93000030517578,39.51933670043945
1729,20.649999618530273,18.399738311767578
1730,47.16999816894531,41.67314910888672
1731,11.09000015258789,8.780505180358887
1732,4.630000114440918,3.709902763366699
1733,8.369999885559082,6.4970622062683105
1734,42.91999816894531,38.83678436279297
1735,52.040000915527344,53.80965805053711
1736,48.93000030517578,47.8207893371582
1737,26.309999465942383,19.811264038085938
1738,31.649999618530273,25.601295471191406
1739,5.019999980926514,3.2241363525390625
1740,68.9800033569336,59.5151481628418
1741,38.189998626708984,36.053287506103516
1742,24.209999084472656,21.779722213745117
1743,1.6200000047683716,1.2907718420028687
1744,31.899999618530273,28.969316482543945
1745,7.090000152587891,5.634232044219971
1746,47.849998474121094,45.6150016784668
1747,42.400001525878906,37.71038818359375
1748,59.060001373291016,56.2314338684082
1749,37.52000045776367,33.84504699707031
1750,27.559999465942383,25.350440979003906
1751,32.689998626708984,27.86283302307129
1752,42.970001220703125,42.045860290527344
1753,43.11000061035156,36.00429153442383
1754,28.219999313354492,37.15149688720703
1755,29.399999618530273,26.81362533569336
1756,35.720001220703125,32.96063232421875
1757,10.84000015258789,8.295234680175781
1758,49.459999084472656,46.09571075439453
1759,30.010000228881836,23.617521286010742
1760,7.320000171661377,5.713808059692383
1761,13.920000076293945,13.731870651245117
1762,58.70000076293945,56.99190902709961
1763,39.0,34.51864242553711
1764,8.819999694824219,6.506610870361328
1765,23.270000457763672,30.949989318847656
1766,40.56999969482422,36.892578125
1767,22.559999465942383,19.551204681396484
1768,4.050000190734863,1.9021635055541992
1769,34.77000045776367,25.310548782348633
1770,22.139999389648438,18.925392150878906
1771,50.130001068115234,35.27517318725586
1772,38.439998626708984,34.742576599121094
1773,22.700000762939453,20.074670791625977
1774,34.15999984741211,32.190696716308594
1775,28.079999923706055,23.787487030029297
1776,18.790000915527344,14.601147651672363
1777,40.029998779296875,37.103389739990234
1778,66.86000061035156,58.9416618347168
1779,9.210000038146973,6.74414587020874
1780,34.709999084472656,30.489524841308594
1781,9.619999885559082,7.902690887451172
1782,3.1500000953674316,2.1287927627563477
1783,8.550000190734863,6.623593330383301
1784,15.100000381469727,13.799758911132812
1785,15.779999732971191,12.325477600097656
1786,27.959999084472656,24.53131103515625
1787,52.20000076293945,46.18749237060547
1788,19.719999313354492,16.503482818603516
1789,38.09000015258789,35.085914611816406
1790,16.09000015258789,13.732759475708008
1791,11.869999885559082,11.16453742980957
1792,32.83000183105469,37.18227005004883
1793,45.790000915527344,39.753353118896484
1794,72.68000030517578,72.75875854492188
1795,13.15999984741211,10.479926109313965
1796,28.860000610351562,25.636747360229492
1797,15.899999618530273,13.64365291595459
1798,30.649999618530273,25.828088760375977
1799,28.31999969482422,23.61244010925293
1800,34.11000061035156,28.744220733642578
1801,42.33000183105469,36.442176818847656
1802,16.649999618530273,13.534199714660645
1803,10.3100004196167,8.978414535522461
1804,41.84000015258789,46.26503372192383
1805,33.02000045776367,29.423255920410156
1806,29.360000610351562,26.349767684936523
1807,32.72999954223633,26.832298278808594
1808,46.900001525878906,45.707374572753906
1809,57.290000915527344,52.85695266723633
1810,23.899999618530273,21.9764404296875
1811,5.159999847412109,4.3584208488464355
1812,48.459999084472656,43.140254974365234
1813,22.959999084472656,18.835662841796875
1814,35.439998626708984,30.22089195251465
1815,55.029998779296875,52.271183013916016
1816,7.659999847412109,5.014085292816162
1817,17.549999237060547,13.48050308227539
1818,41.04999923706055,26.468835830688477
1819,20.93000030517578,20.715837478637695
1820,22.75,18.29620933532715
1821,59.04999923706055,53.67395782470703
1822,62.0099983215332,58.14591598510742
1823,7.019999980926514,4.89450216293335
1824,7.980000019073486,5.119842052459717
1825,10.149999618530273,8.353988647460938
1826,13.079999923706055,11.228679656982422
1827,20.68000030517578,18.62950897216797
1828,24.420000076293945,20.270925521850586
1829,71.66999816894531,71.95441436767578
1830,15.199999809265137,12.446615219116211
1831,37.20000076293945,31.913593292236328
1832,8.880000114440918,7.3540873527526855
1833,50.18000030517578,44.47922134399414
1834,62.43000030517578,60.567073822021484
1835,24.860000610351562,21.44036293029785
1836,40.16999816894531,36.790096282958984
1837,21.68000030517578,19.094472885131836
1838,22.100000381469727,18.503631591796875
1839,33.560001373291016,29.88228416442871
1840,43.34000015258789,45.6519889831543
1841,9.600000381469727,7.57627534866333
1842,27.65999984741211,26.058692932128906
1843,44.9900016784668,40.985084533691406
1844,19.489999771118164,17.596174240112305
1845,14.510000228881836,12.46813678741455
1846,21.829999923706055,19.140594482421875
1847,43.380001068115234,38.069400787353516
1848,23.149999618530273,20.215368270874023
1849,23.899999618530273,19.05978775024414
1850,23.040000915527344,18.32767105102539
1851,73.25,69.53767395019531
1852,9.09000015258789,6.0598039627075195
1853,25.649999618530273,22.375864028930664
1854,27.219999313354492,26.19678497314453
1855,3.640000104904175,2.9733715057373047
1856,21.09000015258789,18.595016479492188
1857,46.56999969482422,40.34341812133789
1858,8.520000457763672,6.337265491485596
1859,15.460000038146973,15.347124099731445
1860,23.010000228881836,20.05068588256836
1861,20.81999969482422,19.134353637695312
1862,15.390000343322754,12.260337829589844
1863,11.65999984741211,9.519895553588867
1864,62.029998779296875,58.95729446411133
1865,15.600000381469727,12.713401794433594
1866,39.20000076293945,36.12588119506836
1867,2.700000047683716,2.0260677337646484
1868,9.270000457763672,7.2266435623168945
1869,37.150001525878906,33.91366195678711
1870,50.150001525878906,40.777408599853516
1871,10.90999984741211,7.512893199920654
1872,21.059999465942383,17.603910446166992
1873,29.719999313354492,19.392860412597656
1874,17.40999984741211,15.08935832977295
1875,24.469999313354492,21.119577407836914
1876,6.260000228881836,4.309849262237549
1877,44.40999984741211,34.08034896850586
1878,38.16999816894531,36.37155532836914
1879,36.540000915527344,32.763301849365234
1880,34.470001220703125,32.72254180908203
1881,24.700000762939453,21.155406951904297
1882,35.560001373291016,29.017498016357422
1883,18.270000457763672,15.344630241394043
1884,15.529999732971191,12.617735862731934
1885,20.889999389648438,23.094873428344727
1886,58.0,57.20475387573242
1887,44.90999984741211,41.48586654663086
1888,57.83000183105469,48.69526290893555
1889,24.350000381469727,20.951217651367188
1890,49.939998626708984,47.26408767700195
1891,50.310001373291016,39.65705490112305
1892,8.75,7.436446189880371
1893,20.75,16.909564971923828
1894,39.880001068115234,36.56281280517578
1895,6.610000133514404,3.870008707046509
1896,56.459999084472656,50.4009895324707
1897,14.399999618530273,12.338784217834473
1898,21.1200008392334,17.450801849365234
1899,25.190000534057617,20.819684982299805
1900,9.149999618530273,7.4535813331604
1901,42.09000015258789,41.974002838134766
1902,19.739999771118164,18.615535736083984
1903,24.56999969482422,23.717689514160156
1904,4.230000019073486,2.6084446907043457
1905,25.270000457763672,19.71407699584961
1906,15.40999984741211,12.850358963012695
1907,54.41999816894531,50.795467376708984
1908,74.19999694824219,64.22196197509766
1909,40.959999084472656,40.10918426513672
1910,16.790000915527344,13.230986595153809
1911,50.58000183105469,41.33287048339844
1912,5.989999771118164,4.753249645233154
1913,28.90999984741211,25.76275634765625
1914,71.98999786376953,59.31277084350586
1915,28.639999389648438,30.801488876342773
1916,46.77000045776367,42.311004638671875
1917,52.9900016784668,51.11476135253906
1918,10.699999809265137,8.695904731750488
1919,33.86000061035156,49.35332489013672
1920,7.059999942779541,4.579423904418945
1921,26.06999969482422,18.324865341186523
1922,27.079999923706055,22.25579833984375
1923,45.61000061035156,36.85042953491211
1924,12.0,9.063021659851074
1925,11.109999656677246,7.174148082733154
1926,16.100000381469727,13.784631729125977
1927,18.059999465942383,14.515049934387207
1928,35.45000076293945,39.14948654174805
1929,27.940000534057617,24.769575119018555
1930,13.350000381469727,10.207261085510254
1931,7.739999771118164,5.390959739685059
1932,9.609999656677246,7.678077220916748
1933,46.66999816894531,39.54694747924805
1934,14.220000267028809,11.267662048339844
1935,23.100000381469727,17.44754409790039
1936,7.699999809265137,5.447871685028076
1937,5.340000152587891,3.4613404273986816
1938,21.040000915527344,19.688283920288086
1939,12.619999885559082,10.93212890625
1940,17.110000610351562,14.489668846130371
1941,24.889999389648438,20.94123649597168
1942,56.9900016784668,55.80820083618164
1943,16.8700008392334,14.160486221313477
1944,37.70000076293945,32.002655029296875
1945,17.399999618530273,14.959229469299316
1946,10.510000228881836,8.450277328491211
1947,15.25,13.245291709899902
1948,36.63999938964844,31.60325050354004
1949,37.119998931884766,31.967529296875
1950,5.03000020980835,2.2670676708221436
1951,44.84000015258789,42.21137237548828
1952,16.0,13.986433029174805
1953,44.4900016784668,42.89376449584961
1954,29.0,29.571617126464844
1955,23.899999618530273,20.207256317138672
1956,60.59000015258789,65.82382202148438
1957,27.15999984741211,24.591808319091797
1958,15.289999961853027,13.87042236328125
1959,10.25,8.720353126525879
1960,26.079999923706055,22.621295928955078
1961,35.33000183105469,42.94460678100586
1962,42.439998626708984,38.893741607666016
1963,34.630001068115234,32.861366271972656
1964,33.90999984741211,29.08060646057129
1965,34.81999969482422,31.60230255126953
1966,23.6299991607666,20.34290885925293
1967,39.779998779296875,35.995872497558594
1968,31.350000381469727,28.1048526763916
1969,27.25,21.708606719970703
1970,20.540000915527344,17.141517639160156
1971,3.440000057220459,1.2517845630645752
1972,15.270000457763672,12.08919620513916
1973,28.1299991607666,28.3416805267334
1974,46.43000030517578,36.9233512878418
1975,39.43000030517578,36.95329666137695
1976,35.7400016784668,31.03417205810547
1977,18.610000610351562,16.8052978515625
1978,40.02000045776367,36.63191604614258
1979,26.610000610351562,21.753551483154297
1980,35.75,44.857749938964844
1981,1.7799999713897705,1.642418384552002
1982,34.439998626708984,32.61560821533203
1983,29.989999771118164,27.14851951599121
1984,19.010000228881836,16.361127853393555
1985,52.18000030517578,49.94731521606445
1986,73.19000244140625,76.04227447509766
1987,25.420000076293945,21.412294387817383
1988,16.059999465942383,12.622893333435059
1989,24.68000030517578,20.22580337524414
1990,5.650000095367432,5.0381011962890625
1991,16.729999542236328,15.05651569366455
1992,24.479999542236328,21.470600128173828
1993,42.029998779296875,34.89186477661133
1994,41.15999984741211,26.46548080444336
1995,15.920000076293945,13.36681079864502
1996,24.790000915527344,21.772192001342773
1997,57.290000915527344,54.068016052246094
1998,27.899999618530273,30.08393096923828
1999,8.449999809265137,6.352179527282715
2000,10.529999732971191,8.649873733520508
2001,34.29999923706055,34.72550582885742
2002,22.479999542236328,20.63448715209961
2003,23.989999771118164,20.7257080078125
2004,21.229999542236328,17.371749877929688
2005,22.81999969482422,19.6296443939209
2006,12.869999885559082,10.304252624511719
2007,11.59000015258789,9.767334938049316
2008,47.810001373291016,43.224205017089844
2009,42.86000061035156,33.879913330078125
2010,39.720001220703125,35.480926513671875
2011,10.479999542236328,8.480353355407715
2012,47.79999923706055,40.06894302368164
2013,20.81999969482422,17.577655792236328
2014,32.97999954223633,27.171939849853516
2015,45.91999816894531,44.190128326416016
2016,30.799999237060547,24.648876190185547
2017,6.929999828338623,3.9998421669006348
2018,2.2300000190734863,2.488469123840332
2019,30.549999237060547,35.549991607666016
2020,11.529999732971191,9.912492752075195
2021,21.799999237060547,18.53337860107422
2022,8.0,5.326914310455322
2023,32.66999816894531,28.302967071533203
2024,43.209999084472656,40.72166061401367
2025,13.859999656677246,11.465363502502441
2026,71.97000122070312,69.70590209960938
2027,12.430000305175781,9.425703048706055
2028,21.399999618530273,18.157760620117188
2029,28.75,27.287425994873047
2030,43.0,38.46998596191406
2031,25.18000030517578,21.58349609375
2032,16.440000534057617,11.800929069519043
2033,12.569999694824219,10.276896476745605
2034,4.409999847412109,2.4895644187927246
2035,31.489999771118164,28.150463104248047
2036,29.280000686645508,25.124038696289062
2037,18.709999084472656,16.171829223632812
2038,6.420000076293945,4.602309226989746
2039,43.38999938964844,34.145652770996094
2040,22.049999237060547,16.69162368774414
2041,59.45000076293945,60.74906539916992
2042,12.640000343322754,11.044782638549805
2043,23.479999542236328,20.930221557617188
2044,27.350000381469727,23.925601959228516
2045,35.40999984741211,31.648231506347656
2046,23.649999618530273,20.949983596801758
2047,54.209999084472656,45.86813735961914
2048,73.30999755859375,70.0867691040039
2049,9.630000114440918,7.188490867614746
2050,28.34000015258789,24.324535369873047
2051,13.449999809265137,11.671598434448242
2052,62.150001525878906,59.505157470703125
2053,68.33000183105469,61.45419692993164
2054,16.479999542236328,13.856389999389648
2055,20.270000457763672,19.854019165039062
2056,13.5,10.429471969604492
2057,12.84000015258789,10.537613868713379
2058,5.230000019073486,3.0056424140930176
2059,26.860000610351562,25.004398345947266
2060,12.9399995803833,10.660419464111328
2061,6.090000152587891,4.154585361480713
2062,66.27999877929688,60.52496337890625
2063,33.209999084472656,27.83161163330078
2064,6.079999923706055,4.265286445617676
2065,35.63999938964844,31.782503128051758
2066,27.559999465942383,23.76969337463379
2067,57.959999084472656,48.477760314941406
2068,9.40999984741211,7.217494964599609
2069,1.7300000190734863,1.1331806182861328
2070,22.290000915527344,20.776092529296875
2071,56.02000045776367,51.30183792114258
2072,47.86000061035156,43.91196060180664
2073,31.06999969482422,27.184406280517578
2074,54.939998626708984,53.88437271118164
2075,50.41999816894531,44.523067474365234
2076,19.719999313354492,16.56767463684082
2077,40.029998779296875,37.01921463012695
2078,23.18000030517578,19.860700607299805
2079,33.09000015258789,26.143295288085938
2080,16.09000015258789,13.351675987243652
2081,36.52000045776367,31.806793212890625
2082,9.359999656677246,7.471705913543701
2083,20.959999084472656,18.957374572753906
2084,16.1299991607666,12.48752498626709
2085,16.260000228881836,14.676186561584473
2086,29.709999084472656,25.793012619018555
2087,10.9399995803833,9.969674110412598
2088,55.290000915527344,52.78640365600586
2089,10.130000114440918,7.761020660400391
2090,28.450000762939453,23.420513153076172
2091,43.43000030517578,46.80419158935547
2092,19.40999984741211,16.167335510253906
2093,27.809999465942383,24.514326095581055
2094,5.889999866485596,4.520263195037842
2095,40.63999938964844,36.083438873291016
2096,22.8700008392334,18.260276794433594
2097,39.290000915527344,36.81828308105469
2098,51.97999954223633,35.18321228027344
2099,47.43000030517578,39.97343063354492
2100,23.530000686645508,20.092979431152344
2101,12.569999694824219,10.142494201660156
2102,10.970000267028809,8.814181327819824
2103,26.020000457763672,22.543603897094727
2104,54.45000076293945,50.80500411987305
2105,38.45000076293945,35.38988494873047
2106,18.100000381469727,16.40485382080078
2107,29.719999313354492,23.926279067993164
2108,2.4000000953674316,1.6764668226242065
2109,44.369998931884766,39.26265335083008
2110,11.5,9.614313125610352
2111,42.099998474121094,40.05010986328125
2112,24.84000015258789,22.9295711517334
2113,62.380001068115234,64.42639923095703
2114,52.83000183105469,51.3421745300293
2115,5.050000190734863,3.658764362335205
2116,31.059999465942383,27.650346755981445
2117,8.850000381469727,7.977019786834717
2118,35.81999969482422,29.584688186645508
2119,7.050000190734863,3.9874753952026367
2120,36.06999969482422,30.45408821105957
2121,71.58000183105469,69.7015609741211
2122,42.470001220703125,37.23891830444336
2123,28.780000686645508,25.704191207885742
2124,32.47999954223633,29.7392635345459
2125,12.369999885559082,10.712652206420898
2126,9.600000381469727,7.464316368103027
2127,3.359999895095825,1.708432674407959
2128,5.829999923706055,4.1395392417907715
2129,19.290000915527344,15.888468742370605
2130,34.77000045776367,30.014158248901367
2131,13.760000228881836,12.307388305664062
2132,26.81999969482422,24.23168182373047
2133,41.97999954223633,37.63912582397461
2134,16.40999984741211,13.358784675598145
2135,14.130000114440918,11.740947723388672
2136,28.600000381469727,25.329669952392578
2137,27.43000030517578,22.49708366394043
2138,26.1200008392334,28.02895736694336
2139,9.869999885559082,7.481752395629883
2140,54.72999954223633,52.3733024597168
2141,19.040000915527344,15.887120246887207
2142,32.900001525878906,32.13967514038086
2143,27.860000610351562,23.08597183227539
2144,20.3799991607666,17.852752685546875
2145,21.420000076293945,18.82227325439453
2146,56.22999954223633,57.48615646362305
2147,45.15999984741211,41.69584274291992
2148,37.349998474121094,30.55461311340332
2149,15.359999656677246,13.031745910644531
2150,21.020000457763672,16.599096298217773
2151,26.780000686645508,22.83138084411621
2152,34.45000076293945,29.51934814453125
2153,11.539999961853027,9.558449745178223
2154,75.20999908447266,50.98794937133789
2155,2.380000114440918,1.2217928171157837
2156,34.08000183105469,29.803865432739258
2157,52.56999969482422,47.6348762512207
2158,2.740000009536743,3.659284830093384
2159,58.810001373291016,43.418121337890625
2160,34.38999938964844,30.79665756225586
2161,16.899999618530273,14.366304397583008
2162,10.930000305175781,9.2083101272583
2163,51.380001068115234,49.48347854614258
2164,27.280000686645508,20.247940063476562
2165,36.2599983215332,34.818328857421875
2166,62.150001525878906,55.28508758544922
2167,51.599998474121094,48.12065505981445
2168,8.989999771118164,5.890361309051514
2169,28.229999542236328,27.40811538696289
2170,33.970001220703125,28.16343116760254
2171,30.530000686645508,28.709033966064453
2172,32.34000015258789,27.06559944152832
2173,10.4399995803833,8.331462860107422
2174,11.579999923706055,9.518547058105469
2175,23.549999237060547,18.422161102294922
2176,23.850000381469727,19.303424835205078
2177,31.350000381469727,25.08688735961914
2178,24.43000030517578,22.611923217773438
2179,7.03000020980835,4.907146453857422
2180,11.0600004196167,9.034111022949219
2181,15.09000015258789,12.994699478149414
2182,31.360000610351562,28.681655883789062
2183,34.27000045776367,32.14741134643555
2184,30.84000015258789,26.892173767089844
2185,11.449999809265137,8.114598274230957
2186,13.479999542236328,11.361710548400879
2187,43.45000076293945,40.49062728881836
2188,60.83000183105469,61.59878921508789
2189,22.1200008392334,21.227800369262695
2190,12.210000038146973,9.786993026733398
2191,16.5,13.999101638793945
2192,46.7400016784668,45.71730422973633
2193,11.15999984741211,9.829511642456055
2194,8.380000114440918,7.176504135131836
2195,54.63999938964844,53.06566619873047
2196,31.989999771118164,31.87709617614746
2197,26.780000686645508,23.08436393737793
2198,39.209999084472656,35.884151458740234
2199,18.670000076293945,14.503561973571777
2200,3.690000057220459,2.2075395584106445
2201,5.539999961853027,2.7606027126312256
2202,6.900000095367432,5.143852710723877
2203,10.680000305175781,9.288541793823242
2204,52.560001373291016,50.72416687011719
2205,5.119999885559082,3.09181547164917
2206,29.030000686645508,22.857315063476562
2207,38.290000915527344,33.92259216308594
2208,41.369998931884766,35.423179626464844
2209,19.65999984741211,21.42355728149414
2210,11.710000038146973,8.09298038482666
2211,18.510000228881836,16.068359375
2212,32.810001373291016,35.46342468261719
2213,33.189998626708984,25.346460342407227
2214,2.430000066757202,1.234918236732483
2215,17.520000457763672,14.051490783691406
2216,26.110000610351562,21.445308685302734
2217,50.220001220703125,46.286468505859375
2218,59.279998779296875,56.610939025878906
2219,9.039999961853027,7.220681190490723
2220,21.940000534057617,18.862659454345703
2221,42.43000030517578,41.69314193725586
2222,16.549999237060547,13.599455833435059
2223,34.439998626708984,31.012680053710938
2224,12.550000190734863,9.905231475830078
2225,40.099998474121094,37.51411819458008
2226,41.599998474121094,37.860721588134766
2227,25.209999084472656,23.079633712768555
2228,27.6200008392334,24.73447036743164
2229,50.0099983215332,46.09915542602539
2230,13.680000305175781,11.176057815551758
2231,49.369998931884766,54.03061294555664
2232,5.690000057220459,4.774911403656006
2233,34.189998626708984,28.81764030456543
2234,25.079999923706055,23.667072296142578
2235,19.040000915527344,15.750154495239258
2236,27.6299991607666,25.235050201416016
2237,21.18000030517578,18.268688201904297
2238,36.790000915527344,38.27328872680664
2239,21.93000030517578,17.703899383544922
2240,38.45000076293945,33.7923698425293
2241,32.63999938964844,20.707340240478516
2242,18.200000762939453,14.52922534942627
2243,11.020000457763672,9.023599624633789
2244,33.099998474121094,28.98340606689453
2245,69.55999755859375,40.839542388916016
2246,7.590000152587891,6.074282646179199
2247,33.689998626708984,29.15312957763672
2248,52.02000045776367,48.390037536621094
2249,11.079999923706055,8.424968719482422
2250,3.25,2.1403884887695312
2251,29.34000015258789,29.73347282409668
2252,21.969999313354492,18.823423385620117
2253,15.979999542236328,13.265686988830566
2254,22.700000762939453,21.189306259155273
2255,51.880001068115234,49.875083923339844
2256,15.829999923706055,13.25920295715332
2257,53.47999954223633,52.327335357666016
2258,43.290000915527344,41.37255096435547
2259,33.880001068115234,29.125537872314453
2260,18.31999969482422,15.686676979064941
2261,36.619998931884766,34.16714096069336
2262,21.010000228881836,16.563350677490234
2263,66.20999908447266,62.09632110595703
2264,22.420000076293945,18.65950584411621
2265,14.050000190734863,10.090021133422852
2266,32.08000183105469,25.789642333984375
2267,52.88999938964844,54.109310150146484
2268,50.36000061035156,50.370025634765625
2269,25.8700008392334,21.003944396972656
2270,27.969999313354492,25.712078094482422
2271,32.72999954223633,27.95464515686035
2272,20.59000015258789,17.381187438964844
2273,21.389999389648438,18.90418243408203
2274,10.140000343322754,8.281635284423828
2275,11.989999771118164,11.225378036499023
2276,24.1299991607666,20.046247482299805
2277,7.170000076293945,5.861802577972412
2278,35.630001068115234,41.02816390991211
2279,18.600000381469727,15.52034854888916
2280,2.930000066757202,1.1816834211349487
2281,3.8399999141693115,2.7254879474639893
2282,5.940000057220459,5.018425941467285
2283,22.34000015258789,18.235891342163086
2284,10.930000305175781,10.8195219039917
2285,38.63999938964844,36.960304260253906
2286,26.200000762939453,23.484516143798828
2287,11.729999542236328,9.117633819580078
2288,55.25,41.14747619628906
2289,25.969999313354492,24.362594604492188
2290,35.11000061035156,31.971994400024414
2291,61.83000183105469,55.657318115234375
2292,35.16999816894531,30.58330726623535
2293,12.489999771118164,10.08366870880127
2294,77.52999877929688,61.8267936706543
2295,30.06999969482422,24.452190399169922
2296,27.6200008392334,25.639240264892578
2297,14.649999618530273,12.545708656311035
2298,23.1200008392334,18.638891220092773
2299,47.09000015258789,37.62208938598633
2300,14.989999771118164,12.75894546508789
2301,52.290000915527344,45.8161735534668
2302,14.369999885559082,12.139883995056152
2303,14.40999984741211,12.010613441467285
2304,8.270000457763672,5.736000061035156
2305,15.640000343322754,14.239564895629883
2306,18.790000915527344,15.952984809875488
2307,8.59000015258789,8.103811264038086
2308,72.13999938964844,66.4346694946289
2309,26.829999923706055,23.81495475769043
2310,12.529999732971191,10.902891159057617
2311,45.04999923706055,41.21781921386719
2312,29.549999237060547,27.657869338989258
2313,30.31999969482422,30.156627655029297
2314,66.4800033569336,64.101806640625
2315,57.849998474121094,52.70143508911133
2316,63.7599983215332,59.59479904174805
2317,17.770000457763672,12.892251968383789
2318,17.389999389648438,15.337907791137695
2319,18.6299991607666,15.826545715332031
2320,58.869998931884766,47.74284744262695
2321,79.05999755859375,70.32546997070312
2322,23.639999389648438,19.143232345581055
2323,39.34000015258789,36.988990783691406
2324,15.3100004196167,11.956377029418945
2325,34.40999984741211,27.289880752563477
2326,0.9300000071525574,0.9859344959259033
2327,14.640000343322754,11.304295539855957
2328,17.100000381469727,15.119701385498047
2329,1.350000023841858,1.161247968673706
2330,35.5,33.41086959838867
2331,39.16999816894531,36.36779022216797
2332,43.43000030517578,42.13831329345703
2333,51.68000030517578,45.10722351074219
2334,2.759999990463257,2.961456775665283
2335,21.25,18.681415557861328
2336,33.29999923706055,30.037675857543945
2337,15.619999885559082,13.389893531799316
2338,17.530000686645508,14.434996604919434
2339,28.030000686645508,19.739383697509766
2340,18.25,15.253539085388184
2341,54.22999954223633,52.35112380981445
2342,12.989999771118164,11.070357322692871
2343,28.40999984741211,24.834651947021484
2344,49.16999816894531,47.70022201538086
2345,60.290000915527344,57.993492126464844
2346,4.260000228881836,3.2737715244293213
2347,33.47999954223633,30.348251342773438
2348,19.15999984741211,15.755732536315918
2349,34.060001373291016,30.291217803955078
2350,44.439998626708984,41.38667297363281
2351,7.909999847412109,6.215356349945068
2352,52.279998779296875,54.75480651855469
2353,28.15999984741211,24.367544174194336
2354,51.13999938964844,49.399818420410156
2355,59.2400016784668,57.05147171020508
2356,22.450000762939453,21.95602035522461
2357,27.950000762939453,24.02231788635254
2358,40.86000061035156,35.48398208618164
2359,16.100000381469727,13.681428909301758
2360,31.010000228881836,25.75304412841797
2361,13.640000343322754,12.153355598449707
2362,20.809999465942383,18.567115783691406
2363,46.189998626708984,43.919898986816406
2364,4.369999885559082,2.6464717388153076
2365,45.29999923706055,33.3062744140625
2366,37.119998931884766,34.303550720214844
2367,39.4900016784668,35.19174575805664
2368,25.149999618530273,20.809232711791992
2369,40.7400016784668,66.21060943603516
2370,24.479999542236328,21.563581466674805
2371,10.029999732971191,8.178351402282715
2372,14.010000228881836,14.40563678741455
2373,18.559999465942383,14.899531364440918
2374,45.599998474121094,46.2503662109375
2375,29.950000762939453,25.579771041870117
2376,25.65999984741211,24.566028594970703
2377,21.780000686645508,18.286739349365234
2378,49.220001220703125,46.6926155090332
2379,54.04999923706055,51.656280517578125
2380,18.309999465942383,14.941670417785645
2381,34.16999816894531,29.57805633544922
2382,16.389999389648438,13.36164379119873
2383,12.0,9.667252540588379
2384,59.130001068115234,56.8507194519043
2385,6.079999923706055,2.687998056411743
2386,14.529999732971191,11.130596160888672
2387,12.15999984741211,9.47921085357666
2388,27.809999465942383,24.210744857788086
2389,23.709999084472656,21.816877365112305
2390,40.54999923706055,37.54605484008789
2391,37.91999816894531,34.85844802856445
2392,31.34000015258789,21.99047088623047
2393,32.36000061035156,26.694150924682617
2394,21.1299991607666,20.147716522216797
2395,6.699999809265137,4.937255859375
2396,8.220000267028809,5.083911418914795
2397,9.609999656677246,8.187569618225098
2398,38.439998626708984,36.40757369995117
2399,21.450000762939453,19.445262908935547
2400,45.619998931884766,44.52252960205078
2401,34.09000015258789,32.4627799987793
2402,22.780000686645508,20.180177688598633
2403,15.420000076293945,12.379435539245605
2404,5.289999961853027,3.4347877502441406
2405,9.079999923706055,7.099230766296387
2406,36.38999938964844,32.47603225708008
2407,29.6299991607666,29.680761337280273
2408,10.25,7.355360984802246
2409,60.560001373291016,50.19145584106445
2410,23.670000076293945,19.970186233520508
2411,31.459999084472656,27.43981170654297
2412,49.529998779296875,48.775779724121094
2413,31.139999389648438,30.526105880737305
2414,33.2400016784668,31.173702239990234
2415,66.06999969482422,68.28067779541016
2416,41.56999969482422,37.69664001464844
2417,28.639999389648438,19.895000457763672
2418,34.209999084472656,21.67306900024414
2419,19.139999389648438,16.438804626464844
2420,39.779998779296875,33.54689407348633
2421,27.809999465942383,21.77404022216797
2422,3.630000114440918,2.6827619075775146
2423,19.459999084472656,17.813072204589844
2424,18.760000228881836,16.99565887451172
2425,29.450000762939453,26.425161361694336
2426,35.9900016784668,32.48958206176758
2427,79.12000274658203,78.46370697021484
2428,2.0199999809265137,4.373352527618408
2429,32.65999984741211,29.89409065246582
2430,39.849998474121094,34.757198333740234
2431,22.75,20.68572998046875
2432,30.6299991607666,25.503063201904297
2433,10.670000076293945,8.40738296508789
2434,28.309999465942383,19.683927536010742
2435,46.150001525878906,41.42623519897461
2436,30.950000762939453,30.9226016998291
2437,28.219999313354492,25.200204849243164
2438,5.940000057220459,4.976009368896484
2439,22.34000015258789,23.430545806884766
2440,21.3700008392334,18.020200729370117
2441,58.61000061035156,55.675567626953125
2442,36.220001220703125,32.03954315185547
2443,48.7599983215332,44.96626663208008
2444,53.40999984741211,36.322120666503906
2445,23.8799991607666,24.020978927612305
2446,27.1299991607666,21.847129821777344
2447,25.59000015258789,22.245668411254883
2448,18.90999984741211,16.451435089111328
2449,53.63999938964844,52.81267166137695
2450,21.770000457763672,19.446409225463867
2451,12.779999732971191,10.631433486938477
2452,23.700000762939453,21.07379722595215
2453,45.95000076293945,42.897220611572266
2454,19.549999237060547,17.734933853149414
2455,6.159999847412109,2.68206524848938
2456,7.300000190734863,5.607774257659912
2457,49.58000183105469,47.76679611206055
2458,14.170000076293945,10.917284965515137
2459,14.5600004196167,12.166864395141602
2460,27.309999465942383,21.407310485839844
2461,41.06999969482422,39.1287727355957
2462,28.93000030517578,18.651714324951172
2463,37.099998474121094,32.215789794921875
2464,16.520000457763672,15.272031784057617
2465,3.25,3.0194644927978516
2466,19.520000457763672,16.180694580078125
2467,53.09000015258789,48.94654083251953
2468,10.140000343322754,6.110090255737305
2469,25.170000076293945,20.85536766052246
2470,44.220001220703125,40.256595611572266
2471,27.889999389648438,23.500518798828125
2472,11.979999542236328,9.353955268859863
2473,42.56999969482422,37.14494705200195
2474,10.239999771118164,8.229763984680176
2475,24.329999923706055,20.312191009521484
2476,8.1899995803833,6.549099922180176
2477,36.119998931884766,34.37912368774414
2478,12.5,10.339816093444824
2479,58.54999923706055,55.52165603637695
2480,31.670000076293945,31.125057220458984
2481,18.809999465942383,14.85609245300293
2482,5.019999980926514,4.1421122550964355
2483,13.739999771118164,10.095500946044922
2484,55.7400016784668,58.9416618347168
2485,23.989999771118164,20.33671760559082
2486,16.139999389648438,13.885159492492676
2487,39.15999984741211,36.77598190307617
2488,17.459999084472656,16.26038360595703
2489,36.34000015258789,36.00429153442383
2490,33.060001373291016,31.236923217773438
2491,14.020000457763672,12.029288291931152
2492,4.510000228881836,2.9842114448547363
2493,21.56999969482422,19.49026870727539
2494,10.630000114440918,8.730480194091797
2495,39.2400016784668,35.04313659667969
2496,4.929999828338623,3.06225323677063
2497,27.399999618530273,24.56112289428711
2498,43.58000183105469,40.820152282714844
2499,40.400001525878906,37.10298538208008
2500,23.34000015258789,20.17258644104004
2501,18.139999389648438,15.670197486877441
2502,34.9900016784668,30.473064422607422
2503,30.959999084472656,34.532230377197266
2504,64.23999786376953,65.6033935546875
2505,32.45000076293945,24.638946533203125
2506,41.810001373291016,39.24664306640625
2507,37.06999969482422,35.30173873901367
2508,29.899999618530273,23.765483856201172
2509,14.130000114440918,12.10172176361084
2510,14.59000015258789,11.980555534362793
2511,32.84000015258789,28.47248077392578
2512,19.200000762939453,15.393757820129395
2513,21.540000915527344,20.981666564941406
2514,13.770000457763672,11.077439308166504
2515,46.31999969482422,42.71383285522461
2516,10.399999618530273,8.610921859741211
2517,27.93000030517578,23.710838317871094
2518,24.229999542236328,21.531827926635742
2519,28.219999313354492,26.04955291748047
2520,19.969999313354492,17.243061065673828
2521,11.5,10.040068626403809
2522,8.680000305175781,6.305863857269287
2523,54.09000015258789,45.627037048339844
2524,37.0099983215332,34.438377380371094
2525,12.989999771118164,10.268401145935059
2526,23.690000534057617,20.553028106689453
2527,9.979999542236328,6.789096355438232
2528,29.43000030517578,23.908998489379883
2529,21.190000534057617,17.91667366027832
2530,1.0299999713897705,1.0464117527008057
2531,38.47999954223633,37.58938980102539
2532,23.170000076293945,19.72780990600586
2533,25.31999969482422,22.402502059936523
2534,5.639999866485596,4.4846649169921875
2535,18.100000381469727,14.000536918640137
2536,58.93000030517578,57.063072204589844
2537,11.59000015258789,7.943419456481934
2538,17.040000915527344,14.190313339233398
2539,17.5,13.477388381958008
2540,44.5,45.496437072753906
2541,19.899999618530273,17.24917984008789
2542,17.850000381469727,16.823463439941406
2543,5.070000171661377,3.7987473011016846
2544,35.529998779296875,31.971622467041016
2545,46.70000076293945,44.46913146972656
2546,29.59000015258789,24.592243194580078
2547,29.579999923706055,24.178119659423828
2548,3.8499999046325684,3.04667067527771
2549,39.79999923706055,34.52560043334961
2550,22.15999984741211,21.520397186279297
2551,20.690000534057617,16.8052978515625
2552,64.08999633789062,42.100460052490234
2553,34.279998779296875,30.183034896850586
2554,44.08000183105469,42.833438873291016
2555,12.15999984741211,10.795649528503418
2556,20.719999313354492,16.45687484741211
2557,22.639999389648438,20.71216583251953
2558,19.3700008392334,16.002527236938477
2559,31.610000610351562,28.04132843017578
2560,23.350000381469727,18.95071792602539
2561,44.849998474121094,38.25575256347656
2562,40.40999984741211,36.546443939208984
2563,48.0,43.84401321411133
2564,28.950000762939453,25.712139129638672
2565,59.099998474121094,47.15703201293945
2566,51.04999923706055,51.35871124267578
2567,32.880001068115234,28.41796112060547
2568,40.54999923706055,38.70981979370117
2569,39.41999816894531,32.715599060058594
2570,16.610000610351562,11.990838050842285
2571,13.069999694824219,11.146408081054688
2572,25.299999237060547,18.613788604736328
2573,16.760000228881836,14.960919380187988
2574,31.84000015258789,28.08540916442871
2575,20.450000762939453,17.518339157104492
2576,37.11000061035156,32.05400848388672
2577,54.45000076293945,53.508934020996094
2578,32.18000030517578,27.274707794189453
2579,55.18000030517578,52.301021575927734
2580,24.3799991607666,19.392032623291016
2581,40.470001220703125,37.664432525634766
2582,33.36000061035156,29.162260055541992
2583,51.13999938964844,48.998477935791016
2584,24.59000015258789,22.977380752563477
2585,37.869998931884766,32.68386459350586
2586,57.52000045776367,54.40925979614258
2587,34.060001373291016,30.810047149658203
2588,16.579999923706055,13.914043426513672
2589,6.539999961853027,4.550650596618652
2590,12.3100004196167,10.116620063781738
2591,20.809999465942383,17.940704345703125
2592,16.469999313354492,15.083806991577148
2593,51.4900016784668,47.21470260620117
2594,11.930000305175781,10.264232635498047
2595,26.299999237060547,22.069019317626953
2596,70.86000061035156,65.24293518066406
2597,19.149999618530273,16.892141342163086
2598,9.720000267028809,7.840175151824951
2599,25.219999313354492,20.688743591308594
2600,14.239999771118164,11.778728485107422
2601,15.010000228881836,13.300185203552246
2602,49.790000915527344,50.326202392578125
2603,9.220000267028809,8.154375076293945
2604,66.62999725341797,61.60869216918945
2605,38.310001373291016,31.22933006286621
2606,5.570000171661377,4.8154449462890625
2607,38.68000030517578,38.446041107177734
2608,31.56999969482422,25.786020278930664
2609,36.029998779296875,37.23639678955078
2610,32.279998779296875,36.03227615356445
2611,10.380000114440918,7.007266044616699
2612,32.380001068115234,26.337539672851562
2613,24.850000381469727,20.905242919921875
2614,2.759999990463257,1.3993678092956543
2615,70.11000061035156,64.6063461303711
2616,24.079999923706055,18.700408935546875
2617,10.430000305175781,8.172870635986328
2618,46.27000045776367,42.103939056396484
2619,14.699999809265137,12.725902557373047
2620,4.139999866485596,1.8232808113098145
2621,33.209999084472656,27.507003784179688
2622,15.869999885559082,13.045340538024902
2623,62.27000045776367,59.86426544189453
2624,10.3100004196167,8.693058013916016
2625,21.719999313354492,17.31802749633789
2626,23.040000915527344,17.900482177734375
2627,11.670000076293945,9.60764217376709
2628,42.52000045776367,39.008445739746094
2629,37.939998626708984,34.37849426269531
2630,10.180000305175781,7.866678714752197
2631,3.2100000381469727,1.5796066522598267
2632,18.700000762939453,16.553815841674805
2633,12.25,10.037788391113281
2634,8.289999961853027,5.964620590209961
2635,5.860000133514404,3.584862232208252
2636,27.450000762939453,24.03436851501465
2637,53.689998626708984,51.784854888916016
2638,20.649999618530273,16.66679573059082
2639,42.849998474121094,38.87553024291992
2640,22.899999618530273,18.45132064819336
2641,16.6299991607666,14.13630199432373
2642,11.680000305175781,9.751182556152344
2643,11.050000190734863,9.02556324005127
2644,9.75,8.03298282623291
2645,27.540000915527344,24.40058708190918
2646,12.5,10.509567260742188
2647,17.5,13.608423233032227
2648,48.7400016784668,38.6956901550293
2649,17.780000686645508,15.029763221740723
2650,32.400001525878906,30.27461051940918
2651,41.2599983215332,40.35844039916992
2652,10.729999542236328,8.592854499816895
2653,14.34000015258789,12.112432479858398
2654,18.229999542236328,15.73723030090332
2655,20.520000457763672,16.88467025756836
2656,42.2400016784668,28.640602111816406
2657,6.570000171661377,4.990217685699463
2658,28.649999618530273,32.72175979614258
2659,23.290000915527344,17.099576950073242
2660,4.900000095367432,2.6845297813415527
2661,27.6200008392334,25.763816833496094
2662,33.22999954223633,23.903852462768555
2663,48.90999984741211,42.9920539855957
2664,15.789999961853027,11.440201759338379
2665,3.4000000953674316,2.324831485748291
2666,13.699999809265137,11.890195846557617
2667,26.09000015258789,28.307741165161133
2668,60.47999954223633,37.44022750854492
2669,20.760000228881836,17.44173812866211
2670,46.31999969482422,45.491371154785156
2671,16.610000610351562,14.065951347351074
2672,21.530000686645508,18.2698974609375
2673,36.27000045776367,31.55142593383789
2674,18.030000686645508,14.553190231323242
2675,55.220001220703125,50.80379867553711
2676,23.270000457763672,23.98938751220703
2677,9.970000267028809,7.9815473556518555
2678,22.690000534057617,19.60342788696289
2679,49.22999954223633,50.136295318603516
2680,60.689998626708984,58.240596771240234
2681,3.9000000953674316,2.3411214351654053
2682,32.40999984741211,27.44004249572754
2683,28.190000534057617,25.453224182128906
2684,7.28000020980835,5.656848430633545
2685,58.91999816894531,52.943511962890625
2686,17.290000915527344,16.104673385620117
2687,17.280000686645508,13.00725269317627
2688,23.479999542236328,22.642189025878906
2689,24.65999984741211,18.194660186767578
2690,60.65999984741211,59.43124771118164
2691,26.350000381469727,23.587387084960938
2692,8.880000114440918,7.630547523498535
2693,41.0099983215332,38.668888092041016
2694,13.9399995803833,11.89008617401123
2695,9.25,7.062117099761963
2696,23.149999618530273,20.98802947998047
2697,32.310001373291016,40.10127639770508
2698,22.579999923706055,18.72989273071289
2699,15.4399995803833,13.945785522460938
2700,32.52000045776367,29.255191802978516
2701,38.41999816894531,34.571353912353516
2702,27.31999969482422,21.439409255981445
2703,33.18000030517578,29.63738441467285
2704,6.440000057220459,4.848589897155762
2705,26.149999618530273,23.120943069458008
2706,12.449999809265137,10.879291534423828
2707,15.180000305175781,13.113006591796875
2708,24.5,19.706329345703125
2709,56.310001373291016,45.19661331176758
2710,14.90999984741211,10.412619590759277
2711,13.0600004196167,11.049578666687012
2712,39.43000030517578,35.25680160522461
2713,9.630000114440918,8.229700088500977
2714,29.530000686645508,29.788022994995117
2715,30.700000762939453,27.483783721923828
2716,22.579999923706055,19.142751693725586
2717,2.559999942779541,2.0865085124969482
2718,26.610000610351562,23.204864501953125
2719,48.56999969482422,31.543987274169922
2720,13.039999961853027,11.034661293029785
2721,3.1500000953674316,2.4670193195343018
2722,45.29999923706055,40.719242095947266
2723,6.869999885559082,6.173264980316162
2724,30.899999618530273,28.930007934570312
2725,5.639999866485596,4.4265851974487305
2726,21.149999618530273,19.229801177978516
2727,8.510000228881836,7.657102108001709
2728,7.300000190734863,5.564613342285156
2729,8.460000038146973,6.7394585609436035
2730,7.440000057220459,5.192440986633301
2731,47.70000076293945,44.1087646484375
2732,39.119998931884766,32.33867263793945
2733,11.199999809265137,7.943994045257568
2734,24.489999771118164,22.131254196166992
2735,26.110000610351562,24.303213119506836
2736,14.369999885559082,12.378460884094238
2737,46.47999954223633,40.55897521972656
2738,8.510000228881836,5.758182525634766
2739,22.25,21.75164794921875
2740,9.4399995803833,7.0528998374938965
2741,46.849998474121094,44.44247817993164
2742,16.829999923706055,14.354293823242188
2743,21.56999969482422,19.1728458404541
2744,24.559999465942383,22.474380493164062
2745,40.970001220703125,37.53029251098633
2746,27.549999237060547,24.171100616455078
2747,46.56999969482422,41.69999313354492
2748,20.3799991607666,19.688053131103516
2749,6.730000019073486,6.001580238342285
2750,58.58000183105469,46.27518081665039
2751,58.90999984741211,57.85502624511719
2752,24.059999465942383,19.453710556030273
2753,29.100000381469727,24.79470443725586
2754,9.34000015258789,7.592686176300049
2755,25.469999313354492,19.658634185791016
2756,9.180000305175781,6.973967552185059
2757,40.93000030517578,37.70295333862305
2758,39.099998474121094,34.82416915893555
2759,31.790000915527344,29.65411376953125
2760,24.639999389648438,21.92766761779785
2761,13.5,10.13103199005127
2762,49.70000076293945,47.284210205078125
2763,5.53000020980835,3.064091920852661
2764,43.7400016784668,33.63847351074219
2765,5.849999904632568,3.701958417892456
2766,26.420000076293945,29.68277359008789
2767,30.950000762939453,26.553098678588867
2768,22.329999923706055,19.191463470458984
2769,33.15999984741211,26.881378173828125
2770,32.310001373291016,28.64510726928711
2771,29.90999984741211,28.774877548217773
2772,22.079999923706055,19.596904754638672
2773,71.51000213623047,66.47587585449219
2774,24.15999984741211,18.359764099121094
2775,46.36000061035156,42.94389343261719
2776,66.43000030517578,66.24359130859375
2777,26.260000228881836,22.779726028442383
2778,11.430000305175781,8.815221786499023
2779,28.84000015258789,26.04800796508789
2780,40.060001373291016,39.62358093261719
2781,19.600000381469727,18.274368286132812
2782,42.7400016784668,42.049102783203125
2783,23.729999542236328,21.235450744628906
2784,8.1899995803833,6.5652337074279785
2785,6.239999771118164,4.4164204597473145
2786,15.75,13.229331016540527
2787,38.29999923706055,35.806705474853516
2788,16.8799991607666,12.964096069335938
2789,25.15999984741211,22.061847686767578
2790,3.5799999237060547,2.3011698722839355
2791,45.90999984741211,42.27779769897461
2792,38.08000183105469,33.60417175292969
2793,19.030000686645508,14.062101364135742
2794,34.61000061035156,29.576213836669922
2795,32.56999969482422,27.942115783691406
2796,43.630001068115234,41.56069564819336
2797,13.850000381469727,10.834405899047852
2798,31.549999237060547,28.843955993652344
2799,15.229999542236328,11.995890617370605
2800,8.569999694824219,5.69111967086792
2801,50.0099983215332,54.231815338134766
2802,41.84000015258789,34.763484954833984
2803,6.800000190734863,5.031105041503906
2804,44.06999969482422,42.037391662597656
2805,24.479999542236328,21.87104606628418
2806,56.72999954223633,66.77155303955078
2807,66.86000061035156,53.93901443481445
2808,16.770000457763672,13.856978416442871
2809,21.06999969482422,17.396711349487305
2810,25.719999313354492,24.22080421447754
2811,7.800000190734863,5.858249187469482
2812,15.319999694824219,12.921285629272461
2813,35.150001525878906,36.9052848815918
2814,52.97999954223633,55.35919952392578
2815,34.58000183105469,31.481075286865234
2816,29.469999313354492,22.424875259399414
2817,9.699999809265137,8.155792236328125
2818,18.940000534057617,16.005538940429688
2819,9.029999732971191,7.020776271820068
2820,39.470001220703125,35.15962600708008
2821,60.04999923706055,57.8135986328125
2822,32.25,32.20723342895508
2823,3.0899999141693115,2.1920530796051025
2824,8.520000457763672,6.921209335327148
2825,33.5,28.324060440063477
2826,25.860000610351562,23.51331329345703
2827,23.100000381469727,22.235170364379883
2828,18.950000762939453,14.761894226074219
2829,13.0,10.812220573425293
2830,19.200000762939453,17.013090133666992
2831,31.190000534057617,25.427860260009766
2832,34.88999938964844,37.07965087890625
2833,45.5099983215332,43.71235275268555
2834,53.220001220703125,51.385189056396484
2835,58.25,55.04133605957031
2836,41.25,38.960472106933594
2837,25.360000610351562,22.448528289794922
2838,27.09000015258789,31.954185485839844
2839,7.329999923706055,4.881490707397461
2840,24.979999542236328,24.377099990844727
2841,21.770000457763672,17.733505249023438
2842,24.770000457763672,22.73629379272461
2843,60.84000015258789,53.41067123413086
2844,26.989999771118164,23.587677001953125
2845,12.460000038146973,10.733357429504395
2846,14.880000114440918,12.171029090881348
2847,24.350000381469727,19.890560150146484
2848,13.380000114440918,10.945307731628418
2849,31.459999084472656,27.435672760009766
2850,24.6200008392334,22.952056884765625
2851,12.149999618530273,10.130512237548828
2852,34.970001220703125,32.62220764160156
2853,4.599999904632568,3.536938428878784
2854,59.150001525878906,47.848533630371094
2855,30.600000381469727,28.679840087890625
2856,10.869999885559082,9.252059936523438
2857,30.170000076293945,27.797670364379883
2858,28.299999237060547,32.54712677001953
2859,10.220000267028809,8.940868377685547
2860,27.770000457763672,24.91373062133789
2861,40.279998779296875,28.607563018798828
2862,30.450000762939453,23.200523376464844
2863,11.979999542236328,9.768739700317383
2864,68.4000015258789,63.9697151184082
2865,16.530000686645508,14.317230224609375
2866,11.960000038146973,9.470422744750977
2867,30.850000381469727,22.854217529296875
2868,38.15999984741211,32.93754196166992
2869,28.940000534057617,26.898210525512695
2870,11.0600004196167,9.75636100769043
2871,28.1299991607666,23.938953399658203
2872,33.70000076293945,27.389381408691406
2873,17.399999618530273,15.791304588317871
2874,35.5,30.987285614013672
2875,32.119998931884766,22.84194564819336
2876,32.63999938964844,35.37637710571289
2877,2.9800000190734863,1.4256291389465332
2878,34.5,25.592973709106445
2879,2.7300000190734863,1.148707389831543
2880,15.359999656677246,11.82951545715332
2881,6.019999980926514,4.501255989074707
2882,10.399999618530273,8.280425071716309
2883,22.06999969482422,18.906291961669922
2884,20.559999465942383,17.86916732788086
2885,21.8700008392334,18.13766860961914
2886,34.65999984741211,35.42095947265625
2887,12.5600004196167,10.984801292419434
2888,33.63999938964844,31.58487892150879
2889,46.93000030517578,45.93220520019531
2890,59.72999954223633,57.8556022644043
2891,36.7599983215332,34.1967887878418
2892,7.139999866485596,4.532437324523926
2893,75.05000305175781,49.875083923339844
2894,20.1200008392334,17.005586624145508
2895,8.5600004196167,7.174415111541748
2896,22.079999923706055,18.133142471313477
2897,20.6200008392334,16.42087173461914
2898,22.43000030517578,22.554149627685547
2899,29.43000030517578,26.536840438842773
2900,26.719999313354492,26.937774658203125
2901,51.209999084472656,44.847251892089844
2902,29.770000457763672,25.944873809814453
2903,4.010000228881836,2.876288652420044
2904,21.6299991607666,21.858705520629883
2905,9.670000076293945,8.092747688293457
2906,13.510000228881836,12.075884819030762
2907,13.390000343322754,11.699799537658691
2908,34.81999969482422,30.712451934814453
2909,16.760000228881836,13.172779083251953
2910,13.489999771118164,12.092365264892578
2911,44.290000915527344,42.940589904785156
2912,17.299999237060547,13.791648864746094
2913,29.139999389648438,25.76304054260254
2914,16.420000076293945,14.24366569519043
2915,12.039999961853027,10.166791915893555
2916,30.6200008392334,20.736127853393555
2917,10.699999809265137,9.150444984436035
2918,20.729999542236328,17.20751953125
2919,7.929999828338623,4.70776891708374
2920,29.34000015258789,21.101699829101562
2921,7.679999828338623,6.481141090393066
2922,19.010000228881836,18.615478515625
2923,6.869999885559082,5.6983232498168945
2924,35.16999816894531,31.17133331298828
2925,61.59000015258789,58.86697006225586
2926,51.099998474121094,43.65982437133789
2927,16.360000610351562,14.508358001708984
2928,8.229999542236328,6.702248573303223
2929,30.469999313354492,26.954696655273438
2930,15.729999542236328,11.924420356750488
2931,37.529998779296875,33.38719940185547
2932,17.049999237060547,14.378961563110352
2933,32.189998626708984,29.86666488647461
2934,6.900000095367432,4.7825727462768555
2935,77.44000244140625,57.7154426574707
2936,13.600000381469727,10.746641159057617
2937,14.1899995803833,11.705318450927734
2938,48.15999984741211,41.01388168334961
2939,12.25,10.388459205627441
2940,2.4000000953674316,1.5878673791885376
2941,41.38999938964844,40.01626205444336
2942,38.470001220703125,47.6348762512207
2943,7.920000076293945,6.526787757873535
2944,27.559999465942383,24.447677612304688
2945,33.939998626708984,25.121315002441406
2946,5.179999828338623,3.2167439460754395
2947,71.29000091552734,40.956077575683594
2948,3.3499999046325684,1.5095086097717285
2949,26.270000457763672,23.486570358276367
2950,38.79999923706055,34.85523223876953
2951,21.389999389648438,18.44409942626953
2952,41.38999938964844,38.564815521240234
2953,18.040000915527344,15.635608673095703
2954,32.84000015258789,29.846906661987305
2955,17.719999313354492,14.938407897949219
2956,33.27000045776367,28.47385025024414
2957,27.209999084472656,23.842103958129883
2958,2.7799999713897705,3.184793472290039
2959,20.520000457763672,18.96529197692871
2960,47.45000076293945,35.90012741088867
2961,26.239999771118164,20.398962020874023
2962,33.060001373291016,24.235492706298828
2963,15.239999771118164,12.692634582519531
2964,29.940000534057617,21.942020416259766
2965,23.489999771118164,20.31810188293457
2966,44.90999984741211,41.740882873535156
2967,13.4399995803833,11.278564453125
2968,19.90999984741211,15.595256805419922
2969,13.470000267028809,11.173070907592773
2970,34.56999969482422,34.244449615478516
2971,40.45000076293945,38.30878829956055
2972,9.989999771118164,8.71042251586914
2973,53.72999954223633,48.089046478271484
2974,26.59000015258789,22.17624282836914
2975,28.75,25.24878692626953
2976,48.5099983215332,44.69179916381836
2977,24.229999542236328,21.740596771240234
2978,12.789999961853027,10.39377212524414
2979,21.700000762939453,17.752620697021484
2980,57.65999984741211,55.92080307006836
2981,34.58000183105469,32.22185516357422
2982,25.559999465942383,22.156490325927734
2983,11.5600004196167,9.632355690002441
2984,36.84000015258789,32.88867950439453
2985,17.260000228881836,15.514649391174316
2986,23.8700008392334,21.372907638549805
2987,33.47999954223633,28.353456497192383
2988,29.68000030517578,25.74294662475586
2989,16.579999923706055,15.1217679977417
2990,3.549999952316284,4.587581634521484
2991,23.450000762939453,19.217731475830078
2992,14.960000038146973,13.14981460571289
2993,20.59000015258789,17.46308135986328
2994,5.75,4.726263999938965
2995,27.5,22.491796493530273
2996,14.9399995803833,14.598038673400879
2997,6.389999866485596,4.666391849517822
2998,24.610000610351562,19.2324161529541
2999,75.55999755859375,76.766845703125
3000,9.720000267028809,7.953585147857666
3001,31.84000015258789,27.260286331176758
3002,9.539999961853027,7.930826663970947
3003,8.510000228881836,6.217560768127441
3004,10.40999984741211,8.228221893310547
3005,9.369999885559082,7.176063537597656
3006,43.369998931884766,38.48057174682617
3007,22.809999465942383,20.773860931396484
3008,23.969999313354492,19.46662139892578
3009,41.130001068115234,32.932071685791016
3010,33.40999984741211,29.467071533203125
3011,67.91000366210938,58.014408111572266
3012,43.040000915527344,41.52254867553711
3013,32.34000015258789,28.594783782958984
3014,6.059999942779541,4.1294121742248535
3015,8.699999809265137,7.17242956161499
3016,24.030000686645508,21.257829666137695
3017,36.20000076293945,41.043209075927734
3018,16.360000610351562,14.344541549682617
3019,13.300000190734863,10.91719913482666
3020,21.209999084472656,16.712505340576172
3021,7.389999866485596,5.008028030395508
3022,10.0,8.37825870513916
3023,13.789999961853027,11.4783935546875
3024,11.319999694824219,10.015732765197754
3025,41.189998626708984,38.60956954956055
3026,16.079999923706055,14.92018985748291
3027,6.230000019073486,4.898298263549805
3028,51.459999084472656,48.677677154541016
3029,33.58000183105469,31.34321403503418
3030,30.59000015258789,29.555599212646484
3031,22.889999389648438,18.720298767089844
3032,7.21999979019165,5.77907133102417
3033,38.16999816894531,34.98918914794922
3034,39.2400016784668,39.19731140136719
3035,22.170000076293945,18.494693756103516
3036,24.43000030517578,19.310670852661133
3037,12.930000305175781,11.14140510559082
3038,6.210000038146973,4.630062103271484
3039,2.4600000381469727,1.2301009893417358
3040,32.849998474121094,25.818971633911133
3041,46.130001068115234,46.87358093261719
3042,28.84000015258789,26.045475006103516
3043,45.5099983215332,43.07815933227539
3044,20.799999237060547,17.9752197265625
3045,12.649999618530273,10.582616806030273
3046,27.200000762939453,22.363428115844727
3047,33.68000030517578,29.35230827331543
3048,11.260000228881836,9.224306106567383
3049,25.75,18.11660385131836
3050,31.260000228881836,26.104846954345703
3051,30.239999771118164,27.672588348388672
3052,6.429999828338623,4.464992046356201
3053,6.900000095367432,5.543068885803223
3054,22.059999465942383,20.242233276367188
3055,24.799999237060547,21.15747833251953
3056,39.25,41.51536178588867
3057,24.420000076293945,19.389013290405273
3058,32.47999954223633,28.307741165161133
3059,28.600000381469727,20.98802947998047
3060,16.729999542236328,13.101948738098145
3061,4.019999980926514,1.4442070722579956
3062,22.190000534057617,20.42266845703125
3063,40.970001220703125,38.03582763671875
3064,36.0,33.51324462890625
3065,41.56999969482422,31.076175689697266
3066,63.31999969482422,66.10371398925781
3067,51.54999923706055,50.07076644897461
3068,27.469999313354492,23.43375015258789
3069,62.91999816894531,61.50266647338867
3070,17.59000015258789,14.965288162231445
3071,23.969999313354492,19.89476776123047
3072,46.099998474121094,45.26182556152344
3073,14.0,10.93797779083252
3074,18.770000457763672,16.71587371826172
3075,30.520000457763672,27.35868263244629
3076,10.619999885559082,8.659331321716309
3077,13.880000114440918,11.141888618469238
3078,34.099998474121094,29.152063369750977
3079,29.239999771118164,24.22307777404785
3080,24.239999771118164,19.639389038085938
3081,36.529998779296875,33.751564025878906
3082,51.45000076293945,36.77091598510742
3083,27.3799991607666,23.285675048828125
3084,15.829999923706055,13.874711036682129
3085,9.460000038146973,7.467028617858887
3086,26.1299991607666,24.607053756713867
3087,30.25,27.808883666992188
3088,15.229999542236328,13.712217330932617
3089,18.1299991607666,15.732778549194336
3090,46.560001373291016,44.66083908081055
3091,23.010000228881836,18.942138671875
3092,39.15999984741211,34.03903579711914
3093,36.400001525878906,29.041610717773438
3094,48.02000045776367,42.7232780456543
3095,68.69999694824219,67.06382751464844
3096,45.18000030517578,43.89875030517578
3097,43.810001373291016,40.85896682739258
3098,38.45000076293945,34.923248291015625
3099,77.98999786376953,74.70565032958984
3100,16.68000030517578,14.17690372467041
3101,20.719999313354492,18.724327087402344
3102,58.0,44.45024871826172
3103,74.51000213623047,75.40325164794922
3104,30.479999542236328,24.992839813232422
3105,15.0600004196167,13.455910682678223
3106,34.15999984741211,32.55684280395508
3107,49.18000030517578,45.19230270385742
3108,20.049999237060547,18.32861328125
3109,5.869999885559082,3.971839427947998
3110,34.790000915527344,31.686792373657227
3111,13.09000015258789,11.381026268005371
3112,22.1299991607666,19.12401580810547
3113,13.90999984741211,11.895977020263672
3114,50.41999816894531,46.79617691040039
3115,13.899999618530273,13.042470932006836
3116,13.6899995803833,9.84332275390625
3117,32.61000061035156,28.41876983642578
3118,25.780000686645508,20.874378204345703
3119,7.340000152587891,5.376718997955322
3120,23.899999618530273,21.339941024780273
3121,31.979999542236328,28.773279190063477
3122,49.310001373291016,48.12430191040039
3123,27.639999389648438,21.042747497558594
3124,13.289999961853027,10.832021713256836
3125,21.079999923706055,19.69042205810547
3126,62.369998931884766,55.166622161865234
3127,12.40999984741211,10.595297813415527
3128,8.779999732971191,7.676499366760254
3129,30.649999618530273,27.036828994750977
3130,12.289999961853027,11.393228530883789
3131,36.7400016784668,33.94886779785156
3132,34.25,32.8217887878418
3133,14.699999809265137,12.689116477966309
3134,16.860000610351562,15.237544059753418
3135,28.350000381469727,26.535837173461914
3136,49.40999984741211,48.756107330322266
3137,65.0,62.76390075683594
3138,12.449999809265137,10.665063858032227
3139,21.459999084472656,18.767080307006836
3140,25.139999389648438,23.858543395996094
3141,50.650001525878906,49.93381881713867
3142,29.540000915527344,41.856834411621094
3143,30.770000457763672,26.969688415527344
3144,62.93000030517578,60.19939041137695
3145,28.690000534057617,25.64695167541504
3146,36.45000076293945,35.214447021484375
3147,25.479999542236328,22.535938262939453
3148,36.18000030517578,32.06987762451172
3149,10.279999732971191,8.624197959899902
3150,4.099999904632568,2.3937888145446777
3151,6.559999942779541,3.0534050464630127
3152,37.709999084472656,35.1556396484375
3153,35.7400016784668,29.01995277404785
3154,40.0099983215332,35.869449615478516
3155,37.45000076293945,27.804981231689453
3156,29.489999771118164,29.1007022857666
3157,14.890000343322754,12.291132926940918
3158,4.480000019073486,3.4087324142456055
3159,31.31999969482422,26.711631774902344
3160,27.399999618530273,22.485939025878906
3161,31.540000915527344,23.542272567749023
3162,1.850000023841858,1.1672810316085815
3163,55.11000061035156,49.59272384643555
3164,15.640000343322754,13.191186904907227
3165,21.43000030517578,21.6302490234375
3166,11.329999923706055,10.323756217956543
3167,30.5,27.92219352722168
3168,17.239999771118164,14.665160179138184
3169,46.0,43.209930419921875
3170,12.770000457763672,10.962335586547852
3171,15.039999961853027,12.492907524108887
3172,43.43000030517578,51.538936614990234
3173,27.1299991607666,23.04364013671875
3174,8.270000457763672,7.356110572814941
3175,48.4900016784668,52.78826904296875
3176,10.569999694824219,8.132270812988281
3177,23.979999542236328,21.127574920654297
3178,35.119998931884766,33.54052734375
3179,22.239999771118164,18.536476135253906
3180,39.0099983215332,37.26041030883789
3181,37.16999816894531,33.00090026855469
3182,56.04999923706055,38.41115951538086
3183,59.310001373291016,54.19054412841797
3184,46.529998779296875,41.3054313659668
3185,29.440000534057617,23.17980194091797
3186,30.31999969482422,25.348262786865234
3187,53.43000030517578,52.26462173461914
3188,34.40999984741211,40.21206283569336
3189,47.619998931884766,38.086097717285156
3190,40.459999084472656,37.352012634277344
3191,25.739999771118164,20.324941635131836
3192,11.029999732971191,9.518131256103516
3193,33.06999969482422,26.630535125732422
3194,23.75,20.808433532714844
3195,40.470001220703125,37.569679260253906
3196,40.11000061035156,36.06709671020508
3197,29.420000076293945,26.633514404296875
3198,57.65999984741211,45.67975997924805
3199,31.75,26.749839782714844
3200,32.380001068115234,32.05671310424805
3201,26.260000228881836,34.4407958984375
3202,64.69999694824219,61.105655670166016
3203,63.790000915527344,57.266876220703125
3204,2.4700000286102295,3.6690258979797363
3205,5.679999828338623,4.2850871086120605
3206,21.360000610351562,17.127883911132812
3207,14.289999961853027,11.862994194030762
3208,48.68000030517578,42.598514556884766
3209,10.350000381469727,9.204227447509766
3210,26.760000228881836,23.316192626953125
3211,13.760000228881836,11.60106372833252
3212,26.260000228881836,21.335540771484375
3213,11.829999923706055,9.64966106414795
3214,29.459999084472656,25.895296096801758
3215,24.84000015258789,21.27069854736328
3216,4.570000171661377,2.7796027660369873
3217,32.93000030517578,31.290761947631836
3218,16.899999618530273,14.17243480682373
3219,34.09000015258789,31.02587890625
3220,20.59000015258789,16.851160049438477
3221,35.630001068115234,30.8513126373291
3222,7.840000152587891,6.088093280792236
3223,34.2599983215332,27.41109275817871
3224,32.20000076293945,28.11351776123047
3225,28.010000228881836,24.180604934692383
3226,45.68000030517578,46.26261520385742
3227,35.04999923706055,33.14004898071289
3228,49.220001220703125,52.4948844909668
3229,20.079999923706055,16.51056480407715
3230,21.290000915527344,18.651714324951172
3231,48.220001220703125,47.315853118896484
3232,27.90999984741211,25.22038459777832
3233,18.959999084472656,15.665246963500977
3234,54.31999969482422,49.39865493774414
3235,19.469999313354492,21.359745025634766
3236,55.810001373291016,48.78750228881836
3237,8.90999984741211,7.643321514129639
3238,4.619999885559082,2.5181972980499268
3239,23.6200008392334,19.632537841796875
3240,9.449999809265137,8.217693328857422
3241,9.239999771118164,6.984506607055664
3242,39.56999969482422,49.75572204589844
3243,18.809999465942383,16.72623634338379
3244,35.650001525878906,29.4943790435791
3245,26.889999389648438,20.94825553894043
3246,20.8700008392334,17.146425247192383
3247,24.489999771118164,21.780773162841797
3248,29.239999771118164,24.195940017700195
3249,8.800000190734863,6.849453449249268
3250,22.299999237060547,19.74868392944336
3251,30.6299991607666,29.537418365478516
3252,27.610000610351562,25.886714935302734
3253,32.93000030517578,28.41497802734375
3254,24.790000915527344,20.186382293701172
3255,16.790000915527344,14.104463577270508
3256,42.029998779296875,38.15230178833008
3257,36.27000045776367,35.84616470336914
3258,3.4800000190734863,2.387549638748169
3259,23.90999984741211,22.88089942932129
3260,56.63999938964844,50.082035064697266
3261,48.310001373291016,44.78571701049805
3262,18.979999542236328,14.921263694763184
3263,24.950000762939453,22.709280014038086
3264,7.019999980926514,4.705791473388672
3265,12.75,10.107547760009766
3266,16.8700008392334,13.622442245483398
3267,40.02000045776367,37.01007080078125
3268,16.649999618530273,13.249892234802246
3269,3.3499999046325684,1.637911081314087
3270,15.199999809265137,12.55837345123291
3271,64.16999816894531,61.818878173828125
3272,27.899999618530273,25.356056213378906
3273,53.189998626708984,53.13361740112305
3274,14.960000038146973,11.802590370178223
3275,49.18000030517578,44.88848114013672
3276,24.06999969482422,19.840763092041016
3277,40.310001373291016,33.151458740234375
3278,18.600000381469727,16.19087028503418
3279,31.299999237060547,27.7451114654541
3280,69.51000213623047,45.98319625854492
3281,41.7400016784668,34.938255310058594
3282,33.41999816894531,32.16568374633789
3283,5.289999961853027,3.3729264736175537
3284,54.720001220703125,35.58464050292969
3285,8.329999923706055,6.29191780090332
3286,8.890000343322754,7.468249320983887
3287,17.8700008392334,15.597880363464355
3288,20.84000015258789,17.61270523071289
3289,24.6299991607666,20.623924255371094
3290,4.610000133514404,2.967654228210449
3291,39.9900016784668,36.623531341552734
3292,41.150001525878906,40.65553283691406
3293,55.20000076293945,55.60305404663086
3294,31.309999465942383,28.917503356933594
3295,17.25,15.731626510620117
3296,30.25,28.446014404296875
3297,18.899999618530273,17.103130340576172
3298,3.5299999713897705,2.6084914207458496
3299,27.610000610351562,21.240503311157227
3300,69.37000274658203,66.71931457519531
3301,4.760000228881836,3.278444290161133
3302,43.04999923706055,39.53944778442383
3303,7.320000171661377,5.2349748611450195
3304,25.040000915527344,21.213600158691406
3305,9.220000267028809,7.840119361877441
3306,68.5,65.81734466552734
3307,10.15999984741211,8.200801849365234
3308,20.219999313354492,17.093318939208984
3309,36.189998626708984,33.719390869140625
3310,21.489999771118164,21.265613555908203
3311,24.90999984741211,20.137855529785156
3312,24.540000915527344,23.559417724609375
3313,11.430000305175781,8.534107208251953
3314,55.2599983215332,50.55768966674805
3315,23.549999237060547,18.856094360351562
3316,11.109999656677246,10.099259376525879
3317,20.81999969482422,19.26599884033203
3318,16.15999984741211,14.141056060791016
3319,28.06999969482422,24.000606536865234
3320,41.599998474121094,35.346580505371094
3321,24.540000915527344,20.217470169067383
3322,34.36000061035156,30.464881896972656
3323,15.09000015258789,11.520587921142578
3324,10.949999809265137,8.947685241699219
3325,36.58000183105469,33.89596176147461
3326,16.200000762939453,11.929398536682129
3327,42.310001373291016,38.75562286376953
3328,18.170000076293945,15.443196296691895
3329,23.260000228881836,18.67684555053711
3330,66.30999755859375,49.75572204589844
3331,33.060001373291016,30.710214614868164
3332,29.959999084472656,26.319923400878906
3333,6.880000114440918,4.877923011779785
3334,19.979999542236328,18.10458755493164
3335,7.730000019073486,6.240274906158447
3336,35.04999923706055,30.687246322631836
3337,27.739999771118164,25.970022201538086
3338,9.420000076293945,7.5161285400390625
3339,32.58000183105469,29.529342651367188
3340,49.52000045776367,45.19316101074219
3341,19.229999542236328,15.391349792480469
3342,80.41999816894531,53.26888656616211
3343,26.68000030517578,22.699291229248047
3344,54.72999954223633,49.51517105102539
3345,35.15999984741211,30.18696403503418
3346,5.949999809265137,2.8345935344696045
3347,28.93000030517578,24.970020294189453
3348,9.34000015258789,6.699880123138428
3349,20.40999984741211,18.197629928588867
3350,24.3700008392334,21.714353561401367
3351,11.579999923706055,9.83116626739502
3352,26.260000228881836,23.40138053894043
3353,29.399999618530273,23.738590240478516
3354,29.829999923706055,26.714637756347656
3355,9.420000076293945,8.246806144714355
3356,41.400001525878906,37.34144973754883
3357,43.95000076293945,48.04978942871094
3358,29.8700008392334,21.962528228759766
3359,36.56999969482422,32.267234802246094
3360,14.149999618530273,10.847453117370605
3361,14.8100004196167,11.37005615234375
3362,8.289999961853027,5.086028099060059
3363,24.8799991607666,21.89665985107422
3364,37.130001068115234,37.34579086303711
3365,12.640000343322754,9.812583923339844
3366,52.2599983215332,49.96293640136719
3367,11.510000228881836,9.654050827026367
3368,26.829999923706055,25.032957077026367
3369,25.989999771118164,23.35284996032715
3370,27.350000381469727,23.58292007446289
3371,7.130000114440918,6.431589603424072
3372,3.140000104904175,1.4954923391342163
3373,31.059999465942383,27.176433563232422
3374,23.489999771118164,21.469078063964844
3375,27.93000030517578,23.33773422241211
3376,15.130000114440918,12.747337341308594
3377,24.0,20.752891540527344
3378,22.100000381469727,19.908584594726562
3379,3.3499999046325684,1.7148640155792236
3380,36.18000030517578,32.973480224609375
3381,36.380001068115234,31.19591522216797
3382,47.5099983215332,43.97371292114258
3383,29.030000686645508,25.450313568115234
3384,58.31999969482422,54.12433624267578
3385,35.599998474121094,31.44054412841797
3386,7.71999979019165,6.615198135375977
3387,37.630001068115234,33.137935638427734
3388,13.609999656677246,11.832267761230469
3389,8.5,6.544231414794922
3390,24.440000534057617,22.97541618347168
3391,24.469999313354492,22.50333023071289
3392,56.959999084472656,33.86911392211914
3393,15.800000190734863,12.12444019317627
3394,18.639999389648438,17.394760131835938
3395,39.0099983215332,36.81016159057617
3396,17.739999771118164,16.9844970703125
3397,15.199999809265137,14.091743469238281
3398,8.350000381469727,2.897881031036377
3399,48.5099983215332,45.28288650512695
3400,8.039999961853027,6.567028045654297
3401,68.02999877929688,59.62947082519531
3402,29.459999084472656,26.670164108276367
3403,36.83000183105469,33.59737777709961
3404,58.93000030517578,52.89623260498047
3405,11.260000228881836,9.146500587463379
3406,30.3700008392334,27.49274444580078
3407,11.760000228881836,9.267131805419922
3408,23.290000915527344,20.660114288330078
3409,51.279998779296875,50.87369155883789
3410,29.780000686645508,25.804866790771484
3411,39.959999084472656,38.11554718017578
3412,44.15999984741211,39.59492111206055
3413,17.84000015258789,14.722819328308105
3414,38.43000030517578,35.5280647277832
3415,7.71999979019165,4.638092041015625
3416,42.599998474121094,39.5185432434082
3417,55.77000045776367,51.690643310546875
3418,7.0,4.89684534072876
3419,45.84000015258789,48.587833404541016
3420,33.72999954223633,37.19417953491211
3421,26.1200008392334,22.065093994140625
3422,54.20000076293945,55.823001861572266
3423,56.83000183105469,55.420284271240234
3424,33.7599983215332,34.41180419921875
3425,8.25,6.242436408996582
3426,46.15999984741211,43.78097915649414
3427,68.33000183105469,67.86143493652344
3428,60.119998931884766,59.608863830566406
3429,7.800000190734863,5.8364386558532715
3430,41.689998626708984,37.35501480102539
3431,47.13999938964844,46.092674255371094
3432,15.979999542236328,13.259017944335938
3433,73.2699966430664,72.51557922363281
3434,15.640000343322754,12.819347381591797
3435,9.489999771118164,7.513472080230713
3436,35.93000030517578,33.262081146240234
3437,27.809999465942383,26.07599449157715
3438,37.959999084472656,34.42679214477539
3439,34.95000076293945,34.067440032958984
3440,35.7400016784668,31.521827697753906
3441,29.530000686645508,26.308452606201172
3442,23.139999389648438,16.66788673400879
3443,26.600000381469727,22.72805404663086
3444,22.670000076293945,22.1842098236084
3445,18.329999923706055,15.053025245666504
3446,12.289999961853027,9.407792091369629
3447,24.510000228881836,20.924898147583008
3448,41.06999969482422,38.02598571777344
3449,18.479999542236328,15.084339141845703
3450,17.899999618530273,14.570751190185547
3451,10.25,8.159785270690918
3452,29.469999313354492,26.341716766357422
3453,17.3700008392334,15.236175537109375
3454,27.139999389648438,23.408184051513672
3455,11.619999885559082,7.400890827178955
3456,29.670000076293945,24.864763259887695
3457,9.630000114440918,7.87581205368042
3458,43.18000030517578,42.57510757446289
3459,45.279998779296875,41.3228759765625
3460,24.969999313354492,21.685039520263672
3461,24.3799991607666,23.65532112121582
3462,9.8100004196167,8.357619285583496
3463,39.150001525878906,36.451663970947266
3464,34.849998474121094,30.716602325439453
3465,3.759999990463257,2.6455979347229004
3466,25.809999465942383,23.335350036621094
3467,28.799999237060547,25.37684440612793
3468,21.420000076293945,20.991004943847656
3469,35.689998626708984,30.565998077392578
3470,50.72999954223633,49.96333312988281
3471,26.739999771118164,24.25446319580078
3472,43.0099983215332,39.32438659667969
3473,20.899999618530273,17.633529663085938
3474,24.600000381469727,23.331829071044922
3475,7.110000133514404,4.262696266174316
3476,20.18000030517578,16.55921173095703
3477,26.440000534057617,24.179553985595703
3478,7.820000171661377,6.06417179107666
3479,26.110000610351562,20.16819953918457
3480,47.66999816894531,47.0812873840332
3481,26.110000610351562,21.9173526763916
3482,33.4900016784668,28.61741828918457
3483,30.979999542236328,22.645523071289062
3484,16.200000762939453,14.797197341918945
3485,19.850000381469727,15.849347114562988
3486,36.439998626708984,32.0919189453125
3487,40.08000183105469,37.17490768432617
3488,7.019999980926514,5.064598083496094
3489,11.130000114440918,9.134881973266602
3490,66.62999725341797,56.698917388916016
3491,29.209999084472656,22.31234359741211
3492,27.649999618530273,24.74931526184082
3493,60.72999954223633,60.53285598754883
3494,12.40999984741211,10.135750770568848
3495,36.93000030517578,39.59836196899414
3496,50.5099983215332,45.46831130981445
3497,18.709999084472656,17.959949493408203
3498,16.200000762939453,12.841062545776367
3499,8.640000343322754,6.721862316131592
3500,24.81999969482422,21.51473617553711
3501,19.139999389648438,16.98525047302246
3502,21.450000762939453,18.918733596801758
3503,21.309999465942383,19.798946380615234
3504,36.18000030517578,33.1908073425293
3505,31.020000457763672,25.229379653930664
3506,33.2599983215332,36.18204116821289
3507,11.529999732971191,9.434414863586426
3508,21.100000381469727,15.153935432434082
3509,2.940000057220459,1.234226107597351
3510,24.68000030517578,21.176837921142578
3511,7.329999923706055,4.207823753356934
3512,62.5099983215332,69.27406311035156
3513,37.720001220703125,33.889427185058594
3514,18.739999771118164,14.919919967651367
3515,31.299999237060547,28.864151000976562
3516,36.45000076293945,35.90012741088867
3517,25.3799991607666,20.526044845581055
3518,22.040000915527344,21.173490524291992
3519,28.81999969482422,25.7828311920166
3520,48.52000045776367,44.19646072387695
3521,10.770000457763672,8.668519020080566
3522,25.600000381469727,22.975521087646484
3523,15.579999923706055,13.863922119140625
3524,12.079999923706055,10.339288711547852
3525,35.5,28.613693237304688
3526,32.970001220703125,27.048357009887695
3527,67.54000091552734,63.3072395324707
3528,21.15999984741211,19.7574462890625
3529,51.209999084472656,49.77558517456055
3530,2.5799999237060547,1.8862073421478271
3531,19.969999313354492,16.084428787231445
3532,50.689998626708984,48.527915954589844
3533,39.4900016784668,35.565189361572266
3534,7.860000133514404,6.360794544219971
3535,11.819999694824219,9.58478832244873
3536,23.600000381469727,19.88511085510254
3537,18.329999923706055,15.471196174621582
3538,16.030000686645508,13.522298812866211
3539,26.790000915527344,25.492448806762695
3540,14.25,12.560694694519043
3541,29.110000610351562,25.960493087768555
3542,45.88999938964844,41.65944290161133
3543,46.59000015258789,42.511207580566406
3544,28.309999465942383,24.893590927124023
3545,44.68000030517578,42.09752655029297
3546,22.06999969482422,19.823143005371094
3547,15.149999618530273,12.06184196472168
3548,25.760000228881836,21.17028045654297
3549,43.189998626708984,40.08926010131836
3550,53.099998474121094,46.34785461425781
3551,43.599998474121094,38.50653076171875
3552,10.789999961853027,9.225967407226562
3553,1.649999976158142,2.2401649951934814
3554,52.95000076293945,49.25796890258789
3555,25.8700008392334,23.283628463745117
3556,17.049999237060547,14.068199157714844
3557,48.08000183105469,43.81837844848633
3558,25.829999923706055,22.413070678710938
3559,27.09000015258789,20.806013107299805
3560,20.440000534057617,17.3489990234375
3561,8.550000190734863,6.787684440612793
3562,54.720001220703125,39.0541877746582
3563,34.54999923706055,29.646347045898438
3564,9.039999961853027,6.991135597229004
3565,20.190000534057617,16.19936180114746
3566,25.950000762939453,24.71086883544922
3567,21.0,17.965246200561523
3568,37.38999938964844,38.443946838378906
3569,58.7599983215332,54.43857955932617
3570,44.220001220703125,39.88505554199219
3571,33.70000076293945,29.27387046813965
3572,9.140000343322754,7.892728328704834
3573,30.049999237060547,28.201881408691406
3574,21.170000076293945,18.68949317932129
3575,20.40999984741211,16.58673667907715
3576,33.099998474121094,28.488889694213867
3577,25.09000015258789,19.650135040283203
3578,56.38999938964844,40.02204513549805
3579,49.72999954223633,45.25285720825195
3580,50.720001220703125,45.489784240722656
3581,25.649999618530273,21.3640193939209
3582,24.610000610351562,20.566741943359375
3583,12.319999694824219,9.983546257019043
3584,12.489999771118164,11.106094360351562
3585,4.809999942779541,3.097234010696411
3586,34.869998931884766,33.158592224121094
3587,21.170000076293945,17.490116119384766
3588,8.170000076293945,6.293005466461182
3589,47.810001373291016,42.06479263305664
3590,70.91000366210938,69.58064270019531
3591,4.610000133514404,2.6234562397003174
3592,27.200000762939453,23.947338104248047
3593,36.70000076293945,30.24505043029785
3594,25.799999237060547,22.089414596557617
3595,6.03000020980835,3.389827013015747
3596,33.95000076293945,42.100460052490234
3597,18.5,16.498083114624023
3598,32.18000030517578,30.093687057495117
3599,21.610000610351562,20.762226104736328
3600,36.0099983215332,32.03462219238281
3601,12.729999542236328,10.379329681396484
3602,16.1200008392334,13.643631935119629
3603,12.619999885559082,10.465849876403809
3604,31.350000381469727,28.96293830871582
3605,59.720001220703125,56.64287185668945
3606,23.760000228881836,21.986827850341797
3607,15.569999694824219,13.445591926574707
3608,38.02000045776367,33.274051666259766
3609,16.360000610351562,13.773187637329102
3610,55.189998626708984,53.467037200927734
3611,31.979999542236328,29.28273582458496
3612,55.189998626708984,51.532615661621094
3613,9.8100004196167,8.363081932067871
3614,58.9900016784668,48.104827880859375
3615,62.22999954223633,57.84196472167969
3616,55.2599983215332,56.27384567260742
3617,17.079999923706055,14.08094596862793
3618,12.829999923706055,10.606949806213379
3619,16.389999389648438,14.230764389038086
3620,22.15999984741211,18.44818878173828
3621,3.5299999713897705,1.3789243698120117
3622,45.790000915527344,41.557552337646484
3623,27.290000915527344,28.584381103515625
3624,6.739999771118164,4.250922679901123
3625,26.100000381469727,20.763389587402344
3626,12.130000114440918,10.883706092834473
3627,23.280000686645508,19.68647003173828
3628,23.709999084472656,24.48872947692871
3629,39.7599983215332,41.856449127197266
3630,22.799999237060547,19.343564987182617
3631,48.130001068115234,43.03828048706055
3632,31.170000076293945,28.85808563232422
3633,25.360000610351562,21.733095169067383
3634,11.6899995803833,9.793651580810547
3635,44.15999984741211,44.453182220458984
3636,44.880001068115234,43.35136795043945
3637,29.829999923706055,21.038129806518555
3638,29.360000610351562,25.59181785583496
3639,8.6899995803833,6.031561374664307
3640,38.2599983215332,31.766931533813477
3641,27.81999969482422,24.692773818969727
3642,28.1299991607666,25.645172119140625
3643,24.920000076293945,21.6143741607666
3644,41.720001220703125,36.32491683959961
3645,11.600000381469727,10.568487167358398
3646,23.799999237060547,22.248931884765625
3647,19.200000762939453,15.665546417236328
3648,23.770000457763672,21.05091094970703
3649,17.469999313354492,14.296992301940918
3650,26.40999984741211,23.984325408935547
3651,11.739999771118164,8.842827796936035
3652,9.34000015258789,7.238990783691406
3653,4.619999885559082,3.094254493713379
3654,38.16999816894531,34.27690505981445
3655,18.149999618530273,18.505264282226562
3656,20.469999313354492,17.27934455871582
3657,61.75,62.03567886352539
3658,59.61000061035156,54.34480667114258
3659,17.440000534057617,13.913591384887695
3660,36.939998626708984,50.16496276855469
3661,19.75,15.39145565032959
3662,15.319999694824219,12.673018455505371
3663,16.600000381469727,13.950849533081055
3664,36.439998626708984,33.14360427856445
3665,9.34000015258789,7.262964725494385
3666,40.36000061035156,36.83749008178711
3667,7.300000190734863,6.407093048095703
3668,73.4800033569336,64.14579772949219
3669,52.02000045776367,50.6107292175293
3670,16.829999923706055,15.473922729492188
3671,11.90999984741211,8.875282287597656
3672,36.599998474121094,35.86709976196289
3673,17.719999313354492,14.762578964233398
3674,25.649999618530273,23.317081451416016
3675,25.299999237060547,19.889907836914062
3676,7.71999979019165,4.583539962768555
3677,16.850000381469727,13.179142951965332
3678,11.569999694824219,9.745321273803711
3679,31.399999618530273,27.356176376342773
3680,30.649999618530273,26.56730842590332
3681,20.6299991607666,16.086877822875977
3682,39.849998474121094,37.72136306762695
3683,26.110000610351562,23.774436950683594
3684,50.790000915527344,52.745765686035156
3685,12.880000114440918,10.50103759765625
3686,7.139999866485596,5.942728042602539
3687,19.469999313354492,17.29929542541504
3688,39.59000015258789,33.993263244628906
3689,23.309999465942383,20.68077278137207
3690,13.90999984741211,11.819546699523926
3691,38.79999923706055,31.07198715209961
3692,46.380001068115234,45.36746597290039
3693,53.650001525878906,51.3676872253418
3694,45.16999816894531,42.597442626953125
3695,32.959999084472656,27.553394317626953
3696,36.220001220703125,34.89456558227539
3697,7.71999979019165,5.962710380554199
3698,57.0099983215332,46.27578353881836
3699,28.65999984741211,23.75925636291504
3700,10.84000015258789,8.978034973144531
3701,19.8700008392334,18.458412170410156
3702,3.5199999809265137,2.9496939182281494
3703,20.809999465942383,18.142578125
3704,39.95000076293945,36.29084014892578
3705,33.25,28.51138687133789
3706,33.9900016784668,31.20891571044922
3707,34.77000045776367,30.27662467956543
3708,23.56999969482422,20.043611526489258
3709,43.560001373291016,38.811275482177734
3710,19.639999389648438,15.714274406433105
3711,27.780000686645508,20.015609741210938
3712,34.5,29.508777618408203
3713,8.529999732971191,6.869488716125488
3714,9.649999618530273,7.336933135986328
3715,35.20000076293945,33.612728118896484
3716,22.68000030517578,20.405126571655273
3717,41.0099983215332,39.03984832763672
3718,50.439998626708984,47.86039733886719
3719,45.470001220703125,39.372013092041016
3720,15.40999984741211,13.54925537109375
3721,19.649999618530273,16.989273071289062
3722,7.909999847412109,7.0591139793396
3723,49.060001373291016,47.741783142089844
3724,25.100000381469727,24.761688232421875
3725,32.45000076293945,30.118331909179688
3726,20.299999237060547,18.227554321289062
3727,4.369999885559082,6.005548000335693
3728,12.9399995803833,10.40632438659668
3729,37.599998474121094,35.617305755615234
3730,22.540000915527344,19.46278953552246
3731,31.6200008392334,24.276344299316406
3732,25.979999542236328,23.357988357543945
3733,58.91999816894531,58.42488098144531
3734,25.780000686645508,22.755674362182617
3735,6.340000152587891,5.369406223297119
3736,13.680000305175781,11.07349681854248
3737,37.810001373291016,36.02273178100586
3738,36.15999984741211,31.829078674316406
3739,19.8799991607666,18.7054443359375
3740,29.280000686645508,27.066368103027344
3741,19.56999969482422,20.844280242919922
3742,31.219999313354492,26.841663360595703
3743,53.90999984741211,52.4329948425293
3744,37.349998474121094,36.75778579711914
3745,19.290000915527344,21.190773010253906
3746,41.939998626708984,37.003684997558594
3747,39.43000030517578,36.4884147644043
3748,39.36000061035156,33.72853469848633
3749,16.739999771118164,13.539167404174805
3750,32.849998474121094,30.143835067749023
3751,21.06999969482422,19.999290466308594
3752,3.3499999046325684,1.560507893562317
3753,25.979999542236328,20.802772521972656
3754,54.66999816894531,54.231563568115234
3755,47.650001525878906,54.07846450805664
3756,28.59000015258789,26.18378448486328
3757,36.77000045776367,59.24894332885742
3758,14.640000343322754,12.9156494140625
3759,41.47999954223633,42.46870803833008
3760,32.959999084472656,27.707101821899414
3761,18.530000686645508,16.77146339416504
3762,25.700000762939453,21.835037231445312
3763,45.72999954223633,42.96388626098633
3764,4.519999980926514,3.5829262733459473
3765,24.610000610351562,20.472148895263672
3766,17.40999984741211,14.090862274169922
3767,19.420000076293945,16.674428939819336
3768,23.8700008392334,22.53592300415039
3769,13.470000267028809,12.107316970825195
3770,15.420000076293945,12.613767623901367
3771,17.780000686645508,14.216300010681152
3772,33.77000045776367,29.629005432128906
3773,16.84000015258789,14.30112361907959
3774,22.3700008392334,19.260799407958984
3775,3.700000047683716,2.5482594966888428
3776,20.420000076293945,15.61881160736084
3777,36.349998474121094,31.797121047973633
3778,45.09000015258789,40.638450622558594
3779,3.940000057220459,2.3262598514556885
3780,11.710000038146973,10.580158233642578
3781,38.86000061035156,39.62382507324219
3782,21.139999389648438,18.709354400634766
3783,3.2699999809265137,1.8746490478515625
3784,17.690000534057617,15.920336723327637
3785,24.81999969482422,22.829696655273438
3786,20.559999465942383,17.297046661376953
3787,42.56999969482422,37.513362884521484
3788,14.220000267028809,11.824697494506836
3789,10.84000015258789,8.70152473449707
3790,22.190000534057617,18.911781311035156
3791,51.5099983215332,59.02907943725586
3792,32.33000183105469,23.902130126953125
3793,20.1200008392334,25.789642333984375
3794,46.31999969482422,41.765830993652344
3795,13.079999923706055,9.56303596496582
3796,6.130000114440918,3.7531862258911133
3797,20.690000534057617,17.645917892456055
3798,34.900001525878906,33.1939811706543
3799,21.149999618530273,15.799068450927734
3800,8.359999656677246,9.322579383850098
3801,12.34000015258789,9.148633003234863
3802,14.050000190734863,10.43897533416748
3803,38.869998931884766,27.553394317626953
3804,8.130000114440918,5.744505882263184
3805,28.450000762939453,22.896333694458008
3806,61.7400016784668,63.535316467285156
3807,51.61000061035156,41.856788635253906
3808,7.599999904632568,5.928968906402588
3809,20.889999389648438,18.60186004638672
3810,46.119998931884766,41.70838928222656
3811,38.279998779296875,37.55665969848633
3812,41.75,37.524375915527344
3813,19.290000915527344,15.324638366699219
3814,18.06999969482422,15.003645896911621
3815,44.11000061035156,46.53010940551758
3816,11.989999771118164,10.40482234954834
3817,47.33000183105469,44.09000778198242
3818,28.100000381469727,23.387569427490234
3819,46.70000076293945,41.04848098754883
3820,23.729999542236328,19.66598892211914
3821,59.2400016784668,57.844661712646484
3822,3.119999885559082,3.4741132259368896
3823,68.51000213623047,63.2929801940918
3824,31.979999542236328,32.69287872314453
3825,48.91999816894531,45.12675857543945
3826,34.439998626708984,32.586082458496094
3827,68.70999908447266,66.71611785888672
3828,17.600000381469727,14.813993453979492
3829,38.619998931884766,35.27109909057617
3830,56.060001373291016,51.75651168823242
3831,6.340000152587891,5.70545768737793
3832,3.9100000858306885,2.285952091217041
3833,69.44999694824219,64.41768646240234
3834,8.960000038146973,7.531881332397461
3835,32.81999969482422,30.902732849121094
3836,13.359999656677246,10.940980911254883
3837,40.130001068115234,38.91654586791992
3838,33.29999923706055,30.37969207763672
3839,30.93000030517578,23.46002197265625
3840,20.290000915527344,16.820541381835938
3841,29.5,24.8109073638916
3842,41.209999084472656,37.681575775146484
3843,16.270000457763672,14.051688194274902
3844,31.610000610351562,27.68872833251953
3845,33.5099983215332,29.549047470092773
3846,28.040000915527344,23.055591583251953
3847,22.6299991607666,20.847631454467773
3848,6.099999904632568,5.106248378753662
3849,22.75,18.808351516723633
3850,46.81999969482422,45.067955017089844
3851,13.600000381469727,11.467063903808594
3852,30.459999084472656,25.601993560791016
3853,16.209999084472656,14.293427467346191
3854,70.88999938964844,72.65391540527344
3855,16.81999969482422,14.531853675842285
3856,13.770000457763672,11.567174911499023
3857,26.360000610351562,21.831729888916016
3858,22.889999389648438,18.941802978515625
3859,35.709999084472656,32.02916717529297
3860,44.31999969482422,36.51005935668945
3861,20.280000686645508,16.360916137695312
3862,41.81999969482422,37.625370025634766
3863,32.970001220703125,27.557979583740234
3864,48.43000030517578,40.06484603881836
3865,35.45000076293945,36.97671127319336
3866,51.41999816894531,46.41371536254883
3867,28.920000076293945,23.33737564086914
3868,23.829999923706055,17.674072265625
3869,15.449999809265137,12.239830017089844
3870,15.859999656677246,12.744612693786621
3871,21.469999313354492,21.951881408691406
3872,41.02000045776367,39.86217498779297
3873,10.829999923706055,8.758834838867188
3874,32.5,49.875083923339844
3875,48.5099983215332,43.73826217651367
3876,20.770000457763672,19.096336364746094
3877,45.72999954223633,43.35365295410156
3878,7.599999904632568,5.571875095367432
3879,29.639999389648438,27.691865921020508
3880,18.690000534057617,14.47589111328125
3881,22.209999084472656,19.897340774536133
3882,26.010000228881836,21.794422149658203
3883,40.119998931884766,37.28828048706055
3884,26.549999237060547,22.79753303527832
3885,17.360000610351562,14.82943058013916
3886,10.850000381469727,8.425002098083496
3887,71.19999694824219,72.33527374267578
3888,2.890000104904175,1.3615728616714478
3889,30.010000228881836,24.871131896972656
3890,27.860000610351562,25.761516571044922
3891,22.68000030517578,19.147457122802734
3892,43.77000045776367,39.6245231628418
3893,30.290000915527344,27.200042724609375
3894,31.770000457763672,26.747793197631836
3895,2.5199999809265137,1.6322760581970215
3896,29.040000915527344,26.468835830688477
3897,46.310001373291016,44.05371856689453
3898,21.690000534057617,18.503278732299805
3899,8.800000190734863,7.011901378631592
3900,55.47999954223633,54.918296813964844
3901,28.350000381469727,25.373056411743164
3902,30.100000381469727,25.048419952392578
3903,13.520000457763672,11.122488021850586
3904,12.600000381469727,9.78424072265625
3905,15.9399995803833,13.682624816894531
3906,30.3700008392334,27.142154693603516
3907,31.389999389648438,27.449459075927734
3908,30.850000381469727,24.426677703857422
3909,36.2400016784668,29.19308853149414
3910,76.18000030517578,73.13322448730469
3911,14.180000305175781,12.287382125854492
3912,26.309999465942383,24.728134155273438
3913,4.760000228881836,3.119877815246582
3914,6.449999809265137,3.251892566680908
3915,21.049999237060547,17.6496524810791
3916,21.239999771118164,18.417728424072266
3917,3.0299999713897705,1.6065534353256226
3918,39.06999969482422,30.659061431884766
3919,27.579999923706055,23.803848266601562
3920,13.40999984741211,11.063909530639648
3921,24.8700008392334,17.787805557250977
3922,27.959999084472656,24.519859313964844
3923,54.130001068115234,45.56605529785156
3924,15.270000457763672,12.33078384399414
3925,21.690000534057617,18.515045166015625
3926,5.139999866485596,2.7873802185058594
3927,67.27999877929688,55.6958122253418
3928,33.06999969482422,29.882905960083008
3929,43.27000045776367,40.0965690612793
3930,31.100000381469727,32.544429779052734
3931,48.90999984741211,46.30376052856445
3932,32.02000045776367,28.41071128845215
3933,28.600000381469727,28.79901123046875
3934,19.43000030517578,17.368432998657227
3935,10.960000038146973,9.561882019042969
3936,42.0099983215332,38.170806884765625
3937,44.040000915527344,38.152748107910156
3938,21.559999465942383,17.61298370361328
3939,17.829999923706055,15.678292274475098
3940,35.59000015258789,31.48630142211914
3941,2.75,1.953608512878418
3942,40.689998626708984,35.122589111328125
3943,37.560001373291016,30.237829208374023
3944,17.18000030517578,15.307611465454102
3945,25.84000015258789,22.920969009399414
3946,49.18000030517578,49.94331359863281
3947,10.15999984741211,8.100749969482422
3948,13.890000343322754,10.99436092376709
3949,24.760000228881836,16.60625457763672
3950,60.75,58.16192626953125
3951,29.260000228881836,27.384014129638672
3952,53.40999984741211,36.87639617919922
3953,56.2400016784668,54.629459381103516
3954,39.709999084472656,38.765018463134766
3955,29.850000381469727,28.302967071533203
3956,44.09000015258789,39.44214630126953
3957,52.290000915527344,51.44841384887695
3958,13.369999885559082,9.865673065185547
3959,11.270000457763672,9.822636604309082
3960,72.52999877929688,71.67847442626953
3961,34.720001220703125,28.72792625427246
3962,13.920000076293945,11.194018363952637
3963,10.010000228881836,8.088155746459961
3964,27.59000015258789,25.344959259033203
3965,26.209999084472656,21.785194396972656
3966,24.950000762939453,18.973039627075195
3967,37.880001068115234,34.85320281982422
3968,11.329999923706055,9.605607986450195
3969,52.56999969482422,50.60432052612305
3970,5.650000095367432,3.142756700515747
3971,25.790000915527344,21.715898513793945
3972,33.040000915527344,28.994508743286133
3973,53.88999938964844,52.122955322265625
3974,8.170000076293945,7.293027400970459
3975,25.6200008392334,22.424907684326172
3976,5.300000190734863,4.124033451080322
3977,8.079999923706055,6.186995029449463
3978,15.920000076293945,13.717281341552734
3979,25.450000762939453,22.289165496826172
3980,43.209999084472656,31.19023323059082
3981,31.1200008392334,28.648460388183594
3982,43.54999923706055,42.131195068359375
3983,20.520000457763672,15.21364688873291
3984,24.479999542236328,20.666696548461914
3985,22.989999771118164,24.25943374633789
3986,60.54999923706055,55.3229866027832
3987,39.97999954223633,38.33000564575195
3988,19.420000076293945,15.440964698791504
3989,44.400001525878906,39.00766372680664
3990,18.059999465942383,16.574525833129883
3991,15.729999542236328,13.045022010803223
3992,14.029999732971191,12.261726379394531
3993,7.860000133514404,5.973517417907715
3994,26.229999542236328,23.542272567749023
3995,34.18000030517578,33.399784088134766
3996,35.880001068115234,33.23649978637695
3997,6.829999923706055,5.393331527709961
3998,59.04999923706055,54.70637130737305
3999,3.0999999046325684,1.9509270191192627
4000,37.439998626708984,31.218263626098633
4001,67.63999938964844,66.42951202392578
4002,63.56999969482422,55.439208984375
4003,9.319999694824219,7.3900980949401855
4004,10.050000190734863,8.517656326293945
4005,5.400000095367432,4.829516410827637
4006,44.81999969482422,40.47404098510742
4007,32.25,28.241703033447266
4008,11.479999542236328,9.590088844299316
4009,65.27999877929688,63.459041595458984
4010,32.150001525878906,27.41151237487793
4011,18.18000030517578,13.694921493530273
4012,40.70000076293945,39.0956916809082
4013,9.15999984741211,9.027405738830566
4014,12.300000190734863,9.788573265075684
4015,61.91999816894531,57.33369827270508
4016,32.56999969482422,29.503379821777344
4017,12.350000381469727,10.600004196166992
4018,24.59000015258789,22.629074096679688
4019,22.829999923706055,22.089262008666992
4020,14.819999694824219,12.943522453308105
4021,40.5,36.44892883300781
4022,29.700000762939453,24.06889533996582
4023,47.41999816894531,44.52268981933594
4024,5.340000152587891,4.515529155731201
4025,9.479999542236328,7.913891315460205
4026,39.290000915527344,35.523807525634766
4027,34.939998626708984,31.671701431274414
4028,6.949999809265137,5.3377156257629395
4029,8.260000228881836,6.840057373046875
4030,19.93000030517578,16.942543029785156
4031,35.650001525878906,33.26207733154297
4032,70.2699966430664,40.8347282409668
4033,23.75,21.650405883789062
4034,25.579999923706055,20.800167083740234
4035,10.75,8.54769229888916
4036,35.97999954223633,29.455711364746094
4037,63.15999984741211,36.81016159057617
4038,5.809999942779541,4.196948051452637
4039,23.75,17.75272560119629
4040,21.5,18.95917510986328
4041,61.689998626708984,59.60187911987305
4042,14.670000076293945,11.530976295471191
4043,50.400001525878906,39.53866195678711
4044,12.59000015258789,10.42829704284668
4045,10.989999771118164,8.447945594787598
4046,11.710000038146973,9.780019760131836
4047,27.389999389648438,24.351951599121094
4048,53.04999923706055,50.82645797729492
4049,47.18000030517578,46.525360107421875
4050,17.8799991607666,15.155165672302246
4051,44.380001068115234,35.77676010131836
4052,53.45000076293945,47.78026580810547
4053,51.95000076293945,48.863800048828125
4054,23.770000457763672,20.232839584350586
4055,20.709999084472656,19.532669067382812
4056,6.860000133514404,4.537542819976807
4057,22.68000030517578,20.715267181396484
4058,21.829999923706055,17.478660583496094
4059,33.029998779296875,28.282590866088867
4060,11.359999656677246,10.700263977050781
4061,28.059999465942383,27.553394317626953
4062,33.5,30.558727264404297
4063,1.2599999904632568,0.9849475622177124
4064,23.0,19.592979431152344
4065,17.25,14.503049850463867
4066,11.0,9.96099853515625
4067,20.469999313354492,18.497344970703125
4068,24.90999984741211,21.113313674926758
4069,34.22999954223633,29.188352584838867
4070,53.13999938964844,48.81779479980469
4071,42.400001525878906,29.41050148010254
4072,59.45000076293945,57.63102340698242
4073,34.540000915527344,31.16815185546875
4074,16.200000762939453,12.766094207763672
4075,33.41999816894531,29.58830451965332
4076,18.229999542236328,16.10529899597168
4077,28.280000686645508,25.88013458251953
4078,50.61000061035156,51.50656509399414
4079,9.770000457763672,8.326821327209473
4080,15.029999732971191,13.027478218078613
4081,4.539999961853027,2.4834213256835938
4082,41.779998779296875,37.31533432006836
4083,8.600000381469727,7.015006065368652
4084,45.7599983215332,43.9971809387207
4085,34.349998474121094,32.3874626159668
4086,11.229999542236328,10.166279792785645
4087,24.09000015258789,21.387067794799805
4088,12.90999984741211,9.86054515838623
4089,31.350000381469727,28.720489501953125
4090,33.790000915527344,43.69721603393555
4091,29.959999084472656,25.99757194519043
4092,10.539999961853027,8.311882972717285
4093,37.0099983215332,33.69369888305664
4094,15.489999771118164,12.977995872497559
4095,41.29999923706055,40.16108322143555
4096,39.34000015258789,34.84660720825195
4097,36.47999954223633,32.039546966552734
4098,18.520000457763672,15.898316383361816
4099,12.520000457763672,9.022515296936035
4100,52.040000915527344,49.65958023071289
4101,21.329999923706055,18.7650203704834
4102,24.1200008392334,20.95505142211914
4103,7.539999961853027,5.950174331665039
4104,41.310001373291016,39.62358093261719
4105,12.3100004196167,11.296727180480957
4106,25.079999923706055,21.55121421813965
4107,79.94999694824219,63.93141555786133
4108,42.720001220703125,42.853702545166016
4109,21.600000381469727,17.215381622314453
4110,26.040000915527344,21.558273315429688
4111,34.86000061035156,28.755409240722656
4112,5.619999885559082,3.4905285835266113
4113,9.15999984741211,7.935897350311279
4114,25.770000457763672,21.264657974243164
4115,23.170000076293945,19.583778381347656
4116,6.789999961853027,3.7476744651794434
4117,30.760000228881836,27.803936004638672
4118,39.959999084472656,35.70149612426758
4119,7.739999771118164,5.932528495788574
4120,32.630001068115234,27.96368408203125
4121,34.86000061035156,30.267486572265625
4122,11.84000015258789,11.224529266357422
4123,39.59000015258789,37.752986907958984
4124,10.0600004196167,8.3992338180542
4125,11.470000267028809,9.882716178894043
4126,38.529998779296875,32.20143508911133
4127,73.4800033569336,73.2452163696289
4128,60.0099983215332,59.429656982421875
4129,10.380000114440918,8.642961502075195
4130,24.299999237060547,18.270511627197266
4131,36.75,34.55228805541992
4132,33.36000061035156,30.759021759033203
4133,17.579999923706055,15.61594295501709
4134,26.540000915527344,21.284996032714844
4135,45.25,42.76469039916992
4136,32.689998626708984,31.61333465576172
4137,15.460000038146973,12.053717613220215
4138,15.050000190734863,13.024299621582031
4139,26.700000762939453,24.03662109375
4140,3.069999933242798,1.3821635246276855
4141,43.52000045776367,38.5462760925293
4142,35.959999084472656,33.08818435668945
4143,32.529998779296875,29.146493911743164
4144,53.58000183105469,63.707950592041016
4145,20.170000076293945,16.602201461791992
4146,41.650001525878906,39.22157287597656
4147,51.689998626708984,47.796504974365234
4148,39.79999923706055,36.37186050415039
4149,7.679999828338623,6.289815902709961
4150,72.05000305175781,42.74177169799805
4151,29.059999465942383,24.038789749145508
4152,39.540000915527344,37.15149688720703
4153,22.760000228881836,20.153900146484375
4154,54.75,55.2911262512207
4155,16.059999465942383,13.015560150146484
4156,18.1299991607666,15.197721481323242
4157,26.049999237060547,23.957334518432617
4158,56.0,51.123172760009766
4159,49.029998779296875,45.752017974853516
4160,32.25,28.767730712890625
4161,29.920000076293945,26.14826202392578
4162,4.400000095367432,4.483787536621094
4163,13.220000267028809,10.555107116699219
4164,15.510000228881836,14.132340431213379
4165,36.65999984741211,31.79966163635254
4166,15.100000381469727,13.745731353759766
4167,60.349998474121094,57.21284866333008
4168,17.3799991607666,15.235633850097656
4169,40.29999923706055,36.42704391479492
4170,13.670000076293945,10.057403564453125
4171,39.72999954223633,37.061309814453125
4172,7.519999980926514,5.153167247772217
4173,43.56999969482422,38.79978561401367
4174,30.649999618530273,27.47753143310547
4175,17.420000076293945,15.725908279418945
4176,8.890000343322754,7.4488701820373535
4177,21.239999771118164,18.859722137451172
4178,10.710000038146973,8.496779441833496
4179,53.61000061035156,52.95606994628906
4180,8.279999732971191,7.227445602416992
4181,23.969999313354492,21.614530563354492
4182,18.549999237060547,16.45115089416504
4183,23.399999618530273,21.05752944946289
4184,11.779999732971191,10.422117233276367
4185,38.08000183105469,27.404943466186523
4186,34.810001373291016,36.1482048034668
4187,40.59000015258789,36.58275604248047
4188,46.20000076293945,29.941635131835938
4189,10.850000381469727,7.970949649810791
4190,41.25,38.1091194152832
4191,23.5,20.936378479003906
4192,15.4399995803833,13.224213600158691
4193,19.889999389648438,16.247941970825195
4194,14.210000038146973,11.929278373718262
4195,52.2599983215332,50.05508804321289
4196,18.110000610351562,14.551556587219238
4197,38.040000915527344,32.90034103393555
4198,19.079999923706055,18.80719757080078
4199,10.460000038146973,8.637816429138184
4200,13.670000076293945,11.313311576843262
4201,12.569999694824219,11.271453857421875
4202,30.1299991607666,25.728532791137695
4203,25.280000686645508,23.438142776489258
4204,18.520000457763672,15.901350975036621
4205,21.309999465942383,18.400550842285156
4206,2.319999933242798,1.3048887252807617
4207,33.2599983215332,28.27133560180664
4208,46.130001068115234,45.42586135864258
4209,27.889999389648438,23.543601989746094
4210,3.1500000953674316,2.359586238861084
4211,48.11000061035156,50.44026565551758
4212,17.719999313354492,15.607972145080566
4213,21.989999771118164,20.16199493408203
4214,15.829999923706055,14.35348129272461
4215,20.110000610351562,20.736127853393555
4216,28.3700008392334,25.53525161743164
4217,23.209999084472656,20.064735412597656
4218,43.91999816894531,36.49639129638672
4219,26.030000686645508,22.586877822875977
4220,17.510000228881836,15.345181465148926
4221,37.790000915527344,37.24647521972656
4222,44.29999923706055,40.579959869384766
4223,24.25,22.305070877075195
4224,27.8700008392334,25.21300506591797
4225,11.789999961853027,9.332820892333984
4226,25.860000610351562,21.997831344604492
4227,7.21999979019165,4.809861660003662
4228,47.5,42.853702545166016
4229,48.310001373291016,49.68692398071289
4230,7.909999847412109,6.218554496765137
4231,59.09000015258789,53.83885192871094
4232,49.08000183105469,52.461395263671875
4233,54.2599983215332,52.320892333984375
4234,37.81999969482422,33.5108642578125
4235,35.9900016784668,32.88730239868164
4236,30.860000610351562,29.616073608398438
4237,26.229999542236328,24.156349182128906
4238,68.80000305175781,54.0865592956543
4239,22.639999389648438,21.708606719970703
4240,34.83000183105469,27.39434051513672
4241,44.58000183105469,40.56527328491211
4242,31.81999969482422,28.087501525878906
4243,23.709999084472656,21.043407440185547
4244,51.75,50.969390869140625
4245,19.190000534057617,15.604646682739258
4246,29.360000610351562,26.128589630126953
4247,16.979999542236328,14.35200023651123
4248,18.420000076293945,15.061631202697754
4249,37.97999954223633,33.42850875854492
4250,10.119999885559082,7.908345699310303
4251,19.40999984741211,15.879569053649902
4252,13.949999809265137,12.058959007263184
4253,24.6200008392334,21.249067306518555
4254,27.6200008392334,23.604629516601562
4255,56.41999816894531,56.76523208618164
4256,29.979999542236328,25.71573257446289
4257,39.52000045776367,36.06379318237305
4258,40.970001220703125,37.77634811401367
4259,31.239999771118164,28.354366302490234
4260,33.83000183105469,30.64008903503418
4261,18.389999389648438,15.263752937316895
4262,43.38999938964844,40.109291076660156
4263,32.59000015258789,28.45307159423828
4264,30.850000381469727,28.52278709411621
4265,19.829999923706055,17.7012882232666
4266,10.140000343322754,8.06640911102295
4267,63.029998779296875,57.48615646362305
4268,10.6899995803833,8.504545211791992
4269,69.55999755859375,58.19855880737305
4270,44.150001525878906,37.8046989440918
4271,8.930000305175781,7.144237995147705
4272,43.18000030517578,39.22336196899414
4273,23.110000610351562,21.421886444091797
4274,29.799999237060547,26.478187561035156
4275,19.100000381469727,19.018600463867188
4276,16.979999542236328,13.53390884399414
4277,26.780000686645508,19.639266967773438
4278,18.799999237060547,16.759252548217773
4279,22.600000381469727,18.162338256835938
4280,28.799999237060547,24.927841186523438
4281,26.229999542236328,20.713884353637695
4282,48.97999954223633,46.318397521972656
4283,29.270000457763672,24.177309036254883
4284,47.029998779296875,44.25072479248047
4285,14.210000038146973,11.874598503112793
4286,7.829999923706055,6.272024631500244
4287,22.559999465942383,18.93303680419922
4288,18.93000030517578,16.254833221435547
4289,15.770000457763672,13.367098808288574
4290,70.51000213623047,67.77118682861328
4291,16.40999984741211,13.802740097045898
4292,24.530000686645508,22.081327438354492
4293,35.08000183105469,29.524906158447266
4294,16.850000381469727,14.704148292541504
4295,33.150001525878906,30.595111846923828
4296,17.75,14.247812271118164
4297,28.360000610351562,24.827701568603516
4298,27.709999084472656,20.811534881591797
4299,25.350000381469727,24.349071502685547
4300,27.84000015258789,26.036224365234375
4301,3.369999885559082,1.9407788515090942
4302,21.110000610351562,25.04706573486328
4303,8.9399995803833,8.282868385314941
4304,39.04999923706055,35.333805084228516
4305,46.16999816894531,42.23128128051758
4306,47.970001220703125,46.07685470581055
4307,45.849998474121094,35.2537841796875
4308,37.75,32.86100769042969
4309,21.68000030517578,21.535898208618164
4310,10.65999984741211,9.348786354064941
4311,30.559999465942383,26.969905853271484
4312,14.600000381469727,11.468259811401367
4313,28.65999984741211,24.33553695678711
4314,23.0,21.37406349182129
4315,12.4399995803833,11.258687019348145
4316,71.20999908447266,58.9257698059082
4317,41.13999938964844,38.75871658325195
4318,38.18000030517578,33.05133056640625
4319,25.780000686645508,23.69297218322754
4320,14.25,11.54883861541748
4321,41.75,37.559226989746094
4322,43.0,38.63728713989258
4323,32.90999984741211,26.247587203979492
4324,21.56999969482422,17.896930694580078
4325,46.689998626708984,42.28715896606445
4326,22.010000228881836,19.37497329711914
4327,21.110000610351562,20.693984985351562
4328,28.059999465942383,23.635452270507812
4329,12.65999984741211,10.335691452026367
4330,23.479999542236328,20.143556594848633
4331,51.470001220703125,41.9343147277832
4332,27.899999618530273,24.295747756958008
4333,38.43000030517578,35.599525451660156
4334,27.790000915527344,25.37532615661621
4335,26.489999771118164,23.005361557006836
4336,2.9200000762939453,1.7446041107177734
4337,37.220001220703125,33.21641159057617
4338,42.02000045776367,38.05738067626953
4339,2.819999933242798,1.1584670543670654
4340,22.239999771118164,20.17058563232422
4341,38.63999938964844,36.40040969848633
4342,42.2599983215332,37.27924728393555
4343,28.93000030517578,25.18909454345703
4344,53.5,50.920753479003906
4345,25.209999084472656,21.368711471557617
4346,20.280000686645508,20.015609741210938
4347,11.619999885559082,9.611895561218262
4348,29.729999542236328,25.649765014648438
4349,45.310001373291016,42.04008483886719
4350,39.720001220703125,36.443904876708984
4351,31.020000457763672,26.60179901123047
4352,12.449999809265137,10.528865814208984
4353,9.789999961853027,8.114194869995117
4354,28.549999237060547,26.5762882232666
4355,23.860000610351562,21.704723358154297
4356,26.459999084472656,23.48012924194336
4357,25.229999542236328,20.177881240844727
4358,47.93000030517578,45.5711555480957
4359,23.270000457763672,20.57988929748535
4360,43.84000015258789,38.62140655517578
4361,24.079999923706055,20.40447998046875
4362,38.2400016784668,36.50223159790039
4363,9.079999923706055,7.355273246765137
4364,18.889999389648438,17.012062072753906
4365,3.3499999046325684,1.6165446043014526
4366,12.9399995803833,11.99458122253418
4367,15.3100004196167,13.47079849243164
4368,17.100000381469727,14.772027015686035
4369,29.149999618530273,27.909908294677734
4370,58.47999954223633,55.056434631347656
4371,15.970000267028809,14.262575149536133
4372,40.220001220703125,33.69367980957031
4373,51.209999084472656,47.64860916137695
4374,29.8799991607666,25.0130615234375
4375,16.8799991607666,13.662034034729004
4376,32.560001373291016,28.841567993164062
4377,21.0,18.250598907470703
4378,8.119999885559082,6.431820869445801
4379,32.31999969482422,28.496328353881836
4380,48.7599983215332,44.2657356262207
4381,40.77000045776367,38.4583740234375
4382,23.940000534057617,21.69605255126953
4383,27.6299991607666,21.312458038330078
4384,48.2599983215332,46.167335510253906
4385,3.890000104904175,2.0837130546569824
4386,29.610000610351562,25.668359756469727
4387,12.880000114440918,11.623528480529785
4388,22.90999984741211,17.942373275756836
4389,12.199999809265137,10.466876983642578
4390,23.860000610351562,20.40525245666504
4391,3.930000066757202,3.493013858795166
4392,8.619999885559082,4.809152603149414
4393,4.110000133514404,2.4439823627471924
4394,43.189998626708984,38.18496322631836
4395,49.560001373291016,39.225399017333984
4396,11.699999809265137,9.537209510803223
4397,17.81999969482422,14.638083457946777
4398,41.61000061035156,36.932193756103516
4399,20.600000381469727,17.82356071472168
4400,21.34000015258789,20.34375762939453
4401,34.040000915527344,30.339672088623047
4402,43.310001373291016,40.391639709472656
4403,2.2699999809265137,1.4345883131027222
4404,51.459999084472656,41.91969680786133
4405,42.439998626708984,40.99928283691406
4406,13.170000076293945,11.026351928710938
4407,7.010000228881836,4.933373928070068
4408,26.709999084472656,28.790573120117188
4409,10.640000343322754,8.6481294631958
4410,1.4900000095367432,1.2825125455856323
4411,40.81999969482422,38.01348876953125
4412,64.7699966430664,58.78751754760742
4413,23.25,21.07941246032715
4414,18.200000762939453,17.587295532226562
4415,51.95000076293945,45.496437072753906
4416,46.529998779296875,43.303829193115234
4417,20.579999923706055,16.52814483642578
4418,24.18000030517578,23.05233383178711
4419,22.520000457763672,20.23933219909668
4420,21.139999389648438,19.97738265991211
4421,23.18000030517578,19.434326171875
4422,25.56999969482422,22.496902465820312
4423,11.880000114440918,10.573862075805664
4424,34.38999938964844,30.26918601989746
4425,15.0,14.903348922729492
4426,5.099999904632568,1.939223051071167
4427,51.779998779296875,49.46603012084961
4428,15.729999542236328,11.247000694274902
4429,20.969999313354492,19.28485679626465
4430,31.1200008392334,24.834692001342773
4431,12.699999809265137,10.434795379638672
4432,35.0,31.994216918945312
4433,6.119999885559082,4.197305679321289
4434,53.40999984741211,50.066471099853516
4435,9.350000381469727,7.1067399978637695
4436,53.59000015258789,50.58796691894531
4437,15.210000038146973,12.932040214538574
4438,22.309999465942383,19.820823669433594
4439,58.08000183105469,42.020381927490234
4440,11.819999694824219,9.968466758728027
4441,16.979999542236328,14.261518478393555
4442,65.6500015258789,65.00340270996094
4443,77.8499984741211,72.31904602050781
4444,79.30999755859375,49.06179428100586
4445,21.479999542236328,16.818283081054688
4446,36.40999984741211,35.75991439819336
4447,63.880001068115234,59.62221145629883
4448,14.0,11.609625816345215
4449,34.52000045776367,29.76494598388672
4450,7.349999904632568,4.2726359367370605
4451,33.54999923706055,29.321517944335938
4452,59.970001220703125,54.19969940185547
4453,18.729999542236328,16.312362670898438
4454,9.960000038146973,8.032916069030762
4455,20.68000030517578,17.083171844482422
4456,4.519999980926514,3.366910696029663
4457,46.52000045776367,43.46025085449219
4458,18.709999084472656,16.712505340576172
4459,23.280000686645508,19.927236557006836
4460,24.75,22.666330337524414
4461,5.760000228881836,4.254054069519043
4462,33.84000015258789,26.864604949951172
4463,23.170000076293945,20.224456787109375
4464,53.869998931884766,53.06620407104492
4465,7.110000133514404,5.51282262802124
4466,39.779998779296875,36.212093353271484
4467,55.130001068115234,53.18170166015625
4468,18.84000015258789,15.296067237854004
4469,28.18000030517578,22.41919708251953
4470,15.520000457763672,13.589896202087402
4471,31.729999542236328,24.124042510986328
4472,29.780000686645508,27.86754608154297
4473,22.739999771118164,21.12273406982422
4474,22.479999542236328,23.61244010925293
4475,31.479999542236328,25.788841247558594
4476,9.479999542236328,8.195699691772461
4477,3.8399999141693115,2.2542712688446045
4478,56.970001220703125,55.232666015625
4479,12.520000457763672,9.636283874511719
4480,15.989999771118164,14.53259563446045
4481,18.6200008392334,16.21922492980957
4482,12.699999809265137,10.415297508239746
4483,16.440000534057617,13.854557037353516
4484,8.890000343322754,7.638423919677734
4485,11.350000381469727,10.04375171661377
4486,24.450000762939453,18.832765579223633
4487,22.799999237060547,22.491796493530273
4488,24.610000610351562,21.977872848510742
4489,3.759999990463257,1.7727679014205933
4490,39.56999969482422,36.9629020690918
4491,27.6299991607666,20.048038482666016
4492,9.380000114440918,7.123044967651367
4493,13.899999618530273,11.554802894592285
4494,21.290000915527344,20.49629020690918
4495,45.099998474121094,45.73386764526367
4496,15.09000015258789,12.850431442260742
4497,8.300000190734863,6.117229461669922
4498,3.9700000286102295,3.0479114055633545
4499,28.81999969482422,27.444366455078125
4500,4.21999979019165,3.002349853515625
4501,36.84000015258789,31.57257843017578
4502,39.5099983215332,36.87142562866211
4503,50.77000045776367,49.930912017822266
4504,3.3499999046325684,1.6242523193359375
4505,38.630001068115234,31.084529876708984
4506,12.979999542236328,10.691498756408691
4507,25.229999542236328,20.955175399780273
4508,21.829999923706055,19.610042572021484
4509,10.970000267028809,8.915355682373047
4510,24.0,20.069501876831055
4511,2.9200000762939453,1.3406715393066406
4512,9.300000190734863,6.602753639221191
4513,27.979999542236328,28.291730880737305
4514,30.8799991607666,27.278583526611328
4515,12.0600004196167,10.376917839050293
4516,77.11000061035156,66.01374053955078
4517,32.720001220703125,28.859455108642578
4518,22.75,18.15544891357422
4519,27.0,19.547618865966797
4520,31.84000015258789,23.827617645263672
4521,43.11000061035156,38.44936752319336
4522,5.460000038146973,3.7278006076812744
4523,13.119999885559082,11.438699722290039
4524,33.959999084472656,28.239044189453125
4525,18.15999984741211,16.290491104125977
4526,23.649999618530273,19.038776397705078
4527,13.050000190734863,10.539752006530762
4528,52.22999954223633,49.17155456542969
4529,32.59000015258789,29.55405044555664
4530,11.359999656677246,8.198528289794922
4531,10.1899995803833,8.380905151367188
4532,64.27999877929688,66.42379760742188
4533,12.630000114440918,10.908132553100586
4534,9.100000381469727,5.9340500831604
4535,33.130001068115234,29.783145904541016
4536,44.970001220703125,41.054203033447266
4537,3.950000047683716,2.6807661056518555
4538,47.65999984741211,42.65598678588867
4539,25.510000228881836,21.0274715423584
4540,15.800000190734863,13.470078468322754
4541,10.550000190734863,8.353402137756348
4542,22.40999984741211,21.353126525878906
4543,42.959999084472656,32.14151382446289
4544,5.860000133514404,4.0901103019714355
4545,30.690000534057617,31.93901824951172
4546,24.950000762939453,21.508480072021484
4547,60.77000045776367,58.22676467895508
4548,10.369999885559082,8.6140718460083
4549,32.11000061035156,29.94017791748047
4550,37.939998626708984,37.8231086730957
4551,26.450000762939453,24.261024475097656
4552,74.29000091552734,41.043209075927734
4553,20.649999618530273,18.430864334106445
4554,8.970000267028809,6.5345778465271
4555,19.649999618530273,16.659366607666016
4556,52.04999923706055,47.58463668823242
4557,38.349998474121094,35.411075592041016
4558,42.06999969482422,54.521244049072266
4559,22.809999465942383,18.901840209960938
4560,10.470000267028809,8.386442184448242
4561,53.81999969482422,51.25062561035156
4562,27.18000030517578,21.395721435546875
4563,1.4900000095367432,1.1701041460037231
4564,56.59000015258789,56.01300048828125
4565,19.729999542236328,16.599140167236328
4566,34.47999954223633,29.77712631225586
4567,31.549999237060547,28.84833526611328
4568,69.69000244140625,53.346771240234375
4569,18.010000228881836,14.049016952514648
4570,34.209999084472656,47.83687210083008
4571,14.029999732971191,12.360509872436523
4572,35.900001525878906,32.1829719543457
4573,10.420000076293945,9.571337699890137
4574,47.2599983215332,42.59943389892578
4575,10.239999771118164,8.439621925354004
4576,48.31999969482422,46.405704498291016
4577,72.37000274658203,53.95687484741211
4578,32.709999084472656,29.66733169555664
4579,10.729999542236328,8.35787296295166
4580,15.649999618530273,12.974679946899414
4581,41.720001220703125,36.49578094482422
4582,19.100000381469727,17.728511810302734
4583,36.560001373291016,30.218219757080078
4584,31.31999969482422,28.79144859313965
4585,59.45000076293945,60.03318786621094
4586,14.25,12.31005573272705
4587,51.15999984741211,49.67715072631836
4588,36.2400016784668,32.806549072265625
4589,56.209999084472656,47.29887008666992
4590,15.989999771118164,13.745899200439453
4591,11.770000457763672,10.653204917907715
4592,62.65999984741211,59.46223831176758
4593,4.710000038146973,2.5501320362091064
4594,32.20000076293945,29.511295318603516
4595,41.779998779296875,37.189109802246094
4596,57.61000061035156,56.911441802978516
4597,44.900001525878906,48.29376983642578
4598,18.18000030517578,16.40455436706543
4599,6.239999771118164,4.0321784019470215
4600,15.069999694824219,12.539565086364746
4601,3.799999952316284,1.6023125648498535
4602,25.06999969482422,20.25727081298828
4603,12.279999732971191,9.051054954528809
4604,1.6699999570846558,1.2469595670700073
4605,21.600000381469727,17.65565299987793
4606,16.5,14.523003578186035
4607,30.530000686645508,23.86328887939453
4608,4.929999828338623,2.5521628856658936
4609,56.959999084472656,56.21054458618164
4610,14.0600004196167,11.741747856140137
4611,3.640000104904175,1.823278546333313
4612,12.920000076293945,11.282620429992676
4613,22.639999389648438,18.06251335144043
4614,39.65999984741211,36.51005935668945
4615,8.0,4.914186000823975
4616,11.180000305175781,9.914360046386719
4617,31.600000381469727,28.037799835205078
4618,15.15999984741211,13.050999641418457
4619,10.020000457763672,8.146169662475586
4620,15.260000228881836,12.520814895629883
4621,52.119998931884766,40.02770233154297
4622,20.81999969482422,18.866615295410156
4623,17.34000015258789,15.856407165527344
4624,46.7400016784668,43.99581527709961
4625,5.840000152587891,2.9312093257904053
4626,37.20000076293945,27.800477981567383
4627,15.319999694824219,13.247089385986328
4628,28.360000610351562,24.723323822021484
4629,5.369999885559082,3.939643621444702
4630,41.90999984741211,37.657344818115234
4631,52.0,44.684207916259766
4632,43.810001373291016,39.357234954833984
4633,4.519999980926514,4.455173492431641
4634,14.760000228881836,11.849937438964844
4635,10.869999885559082,10.21846866607666
4636,37.81999969482422,35.3701286315918
4637,51.31999969482422,48.31385040283203
4638,26.65999984741211,20.49629020690918
4639,46.650001525878906,43.077850341796875
4640,27.0,22.475357055664062
4641,23.809999465942383,20.53977394104004
4642,68.13999938964844,68.10291290283203
4643,17.530000686645508,16.47117805480957
4644,26.719999313354492,20.77837562561035
4645,19.290000915527344,14.280527114868164
4646,16.149999618530273,11.36234188079834
4647,23.260000228881836,18.91059112548828
4648,35.22999954223633,29.061599731445312
4649,19.510000228881836,15.963065147399902
4650,15.779999732971191,13.206437110900879
4651,70.94000244140625,71.55646514892578
4652,16.229999542236328,14.017816543579102
4653,41.189998626708984,38.54008102416992
4654,14.220000267028809,10.21072006225586
4655,11.649999618530273,10.129040718078613
4656,27.649999618530273,19.100141525268555
4657,11.010000228881836,9.300738334655762
4658,36.15999984741211,31.669239044189453
4659,52.560001373291016,50.74077224731445
4660,37.70000076293945,34.57688903808594
4661,8.510000228881836,6.662128925323486
4662,27.360000610351562,22.699172973632812
4663,35.650001525878906,35.2996711730957
4664,4.579999923706055,3.063535451889038
4665,42.66999816894531,52.117435455322266
4666,50.400001525878906,47.475440979003906
4667,13.859999656677246,11.113967895507812
4668,37.880001068115234,35.98535919189453
4669,35.150001525878906,30.7679443359375
4670,43.04999923706055,37.85295486450195
4671,31.520000457763672,25.8266544342041
4672,11.619999885559082,9.209397315979004
4673,30.860000610351562,24.234922409057617
4674,34.709999084472656,30.014911651611328
4675,67.05999755859375,36.18204116821289
4676,22.139999389648438,19.547618865966797
4677,35.72999954223633,33.55412292480469
4678,37.4900016784668,34.12462615966797
4679,38.97999954223633,43.52256774902344
4680,36.41999816894531,30.373249053955078
4681,33.36000061035156,31.901538848876953
4682,13.270000457763672,10.999748229980469
4683,10.289999961853027,8.449289321899414
4684,35.93000030517578,28.994319915771484
4685,8.0,5.524504661560059
4686,33.83000183105469,32.347740173339844
4687,44.75,41.582000732421875
4688,29.809999465942383,33.86911392211914
4689,17.239999771118164,13.808574676513672
4690,55.7400016784668,49.90141677856445
4691,78.19999694824219,74.72496032714844
4692,46.2599983215332,41.88332748413086
4693,22.510000228881836,18.059295654296875
4694,34.400001525878906,36.362213134765625
4695,18.6299991607666,14.542372703552246
4696,32.79999923706055,26.861572265625
4697,20.209999084472656,18.282894134521484
4698,14.949999809265137,12.256041526794434
4699,48.290000915527344,45.73052978515625
4700,45.189998626708984,31.684402465820312
4701,74.05999755859375,69.72898864746094
4702,37.77000045776367,29.215953826904297
4703,30.780000686645508,26.5175724029541
4704,7.849999904632568,6.20160436630249
4705,12.739999771118164,10.112037658691406
4706,31.760000228881836,29.15848159790039
4707,23.5,18.93002700805664
4708,26.889999389648438,22.246417999267578
4709,4.880000114440918,2.3862812519073486
4710,29.18000030517578,25.443679809570312
4711,10.140000343322754,6.5146589279174805
4712,10.1899995803833,8.439044952392578
4713,11.479999542236328,9.20702075958252
4714,15.010000228881836,13.60167407989502
4715,18.979999542236328,15.901667594909668
4716,31.1299991607666,32.525108337402344
4717,18.56999969482422,17.86083221435547
4718,38.369998931884766,36.39670181274414
4719,51.869998931884766,48.147701263427734
4720,10.680000305175781,9.002427101135254
4721,29.729999542236328,26.28571319580078
4722,26.860000610351562,19.302576065063477
4723,23.8799991607666,20.610225677490234
4724,56.36000061035156,56.94929504394531
4725,23.309999465942383,18.513126373291016
4726,64.0999984741211,65.60964965820312
4727,1.9299999475479126,1.0977139472961426
4728,45.779998779296875,36.793922424316406
4729,28.899999618530273,24.785232543945312
4730,41.34000015258789,37.64635467529297
4731,12.670000076293945,10.7230224609375
4732,66.55000305175781,63.56483459472656
4733,45.09000015258789,39.9730110168457
4734,56.47999954223633,49.69038772583008
4735,47.58000183105469,36.08097457885742
4736,39.779998779296875,36.71045684814453
4737,38.84000015258789,35.96364212036133
4738,10.84000015258789,8.416241645812988
4739,72.93000030517578,72.64268493652344
4740,20.219999313354492,19.2324161529541
4741,21.209999084472656,18.557777404785156
4742,3.9800000190734863,2.5362932682037354
4743,5.789999961853027,4.254875659942627
4744,18.739999771118164,15.105284690856934
4745,21.3799991607666,18.06403160095215
4746,40.790000915527344,35.993709564208984
4747,62.77000045776367,59.07119369506836
4748,26.84000015258789,20.99103355407715
4749,36.31999969482422,31.11688232421875
4750,48.36000061035156,48.02061080932617
4751,9.020000457763672,7.367356777191162
4752,44.33000183105469,40.147891998291016
4753,58.18000030517578,55.98442840576172
4754,29.709999084472656,24.68821907043457
4755,21.719999313354492,16.323246002197266
4756,40.650001525878906,35.415958404541016
4757,24.440000534057617,23.691143035888672
4758,33.88999938964844,33.2756462097168
4759,35.34000015258789,31.186267852783203
4760,27.6200008392334,22.671079635620117
4761,57.86000061035156,56.00539016723633
4762,27.170000076293945,23.780731201171875
4763,64.9000015258789,64.72618865966797
4764,31.31999969482422,23.29479217529297
4765,23.989999771118164,20.053401947021484
4766,3.2200000286102295,3.5420053005218506
4767,27.219999313354492,22.441003799438477
4768,71.75,66.6324462890625
4769,25.899999618530273,21.308156967163086
4770,24.15999984741211,20.53194808959961
4771,5.349999904632568,4.472522258758545
4772,32.7599983215332,30.213857650756836
4773,7.179999828338623,3.881178379058838
4774,54.40999984741211,45.96449661254883
4775,47.119998931884766,47.269630432128906
4776,40.099998474121094,33.136070251464844
4777,7.380000114440918,5.295453071594238
4778,57.25,53.34550476074219
4779,23.6200008392334,21.87216567993164
4780,21.610000610351562,19.09958267211914
4781,26.440000534057617,24.40458869934082
4782,23.0,23.01559066772461
4783,23.280000686645508,20.216203689575195
4784,37.220001220703125,32.94188690185547
4785,36.459999084472656,36.73075485229492
4786,25.770000457763672,20.425777435302734
4787,75.08999633789062,69.56908416748047
4788,29.06999969482422,27.273134231567383
4789,33.20000076293945,27.58519744873047
4790,11.329999923706055,8.873334884643555
4791,22.5,18.09092140197754
4792,0.9399999976158142,1.0872732400894165
4793,76.87999725341797,72.98397064208984
4794,18.170000076293945,16.62318229675293
4795,23.040000915527344,19.162492752075195
4796,31.81999969482422,28.794830322265625
4797,8.710000038146973,6.214334487915039
4798,42.689998626708984,40.395965576171875
4799,28.09000015258789,26.650772094726562
4800,55.0099983215332,51.98998260498047
4801,18.059999465942383,20.964954376220703
4802,36.16999816894531,39.225399017333984
4803,46.09000015258789,42.87422561645508
4804,41.900001525878906,35.0023078918457
4805,28.190000534057617,25.021286010742188
4806,52.72999954223633,51.328609466552734
4807,33.66999816894531,30.12850570678711
4808,37.939998626708984,34.880794525146484
4809,27.850000381469727,24.330463409423828
4810,4.340000152587891,2.7477951049804688
4811,33.970001220703125,29.732131958007812
4812,40.540000915527344,38.13723373413086
4813,55.43000030517578,51.15047073364258
4814,24.020000457763672,19.80974578857422
4815,12.460000038146973,10.31574535369873
4816,27.309999465942383,23.372600555419922
4817,76.58999633789062,74.99311828613281
4818,7.019999980926514,4.7676777839660645
4819,35.43000030517578,31.68781280517578
4820,54.88999938964844,53.27927780151367
4821,37.099998474121094,31.715713500976562
4822,13.960000038146973,11.319643020629883
4823,17.56999969482422,15.483915328979492
4824,24.520000457763672,22.320064544677734
4825,53.18000030517578,49.406185150146484
4826,32.630001068115234,24.671550750732422
4827,24.579999923706055,20.143692016601562
4828,5.429999828338623,3.184098958969116
4829,30.40999984741211,27.283164978027344
4830,1.3899999856948853,1.0996578931808472
4831,15.100000381469727,12.235593795776367
4832,15.170000076293945,13.7137451171875
4833,46.59000015258789,43.230472564697266
4834,68.37999725341797,66.85103607177734
4835,34.95000076293945,26.1541805267334
4836,24.93000030517578,23.775327682495117
4837,17.280000686645508,18.275487899780273
4838,26.739999771118164,25.798439025878906
4839,11.779999732971191,10.506275177001953
4840,42.220001220703125,40.57779312133789
4841,12.239999771118164,10.139263153076172
4842,23.219999313354492,19.006696701049805
4843,23.760000228881836,21.870527267456055
4844,14.119999885559082,12.107009887695312
4845,0.75,2.067570924758911
4846,11.579999923706055,9.850016593933105
4847,69.4000015258789,62.63956832885742
4848,22.239999771118164,18.207012176513672
4849,34.099998474121094,30.64064598083496
4850,21.299999237060547,18.683774948120117
4851,17.239999771118164,14.47793960571289
4852,20.959999084472656,18.28288459777832
4853,11.649999618530273,10.247302055358887
4854,34.310001373291016,28.062145233154297
4855,5.800000190734863,4.05372428894043
4856,59.95000076293945,49.536380767822266
4857,42.27000045776367,38.70105743408203
4858,29.020000457763672,28.088022232055664
4859,33.310001373291016,31.112396240234375
4860,41.349998474121094,37.297874450683594
4861,14.359999656677246,11.032085418701172
4862,33.369998931884766,29.285287857055664
4863,78.83000183105469,46.80419158935547
4864,39.40999984741211,31.258451461791992
4865,21.329999923706055,18.431716918945312
4866,7.360000133514404,5.092174530029297
4867,18.530000686645508,15.336579322814941
4868,22.059999465942383,20.23310661315918
4869,26.969999313354492,22.812097549438477
4870,15.949999809265137,11.979692459106445
4871,30.780000686645508,32.639366149902344
4872,22.350000381469727,17.97978401184082
4873,50.58000183105469,48.04978942871094
4874,36.40999984741211,33.62473678588867
4875,10.199999809265137,8.261959075927734
4876,16.690000534057617,13.528790473937988
4877,36.400001525878906,32.50244903564453
4878,2.450000047683716,1.1535347700119019
4879,10.0600004196167,8.3839693069458
4880,31.389999389648438,30.18777084350586
4881,47.11000061035156,44.54077911376953
4882,16.25,13.016670227050781
4883,11.050000190734863,9.618463516235352
4884,28.559999465942383,24.956451416015625
4885,45.95000076293945,45.637550354003906
4886,11.100000381469727,8.62721061706543
4887,24.93000030517578,20.927562713623047
4888,57.09000015258789,62.79888153076172
4889,6.690000057220459,4.2862138748168945
4890,17.8700008392334,14.232599258422852
4891,9.609999656677246,7.256122589111328
4892,28.059999465942383,25.287790298461914
4893,40.630001068115234,37.87446212768555
4894,6.139999866485596,4.041732311248779
4895,32.380001068115234,29.18221092224121
4896,55.119998931884766,41.12981414794922
4897,6.579999923706055,5.355239391326904
4898,37.529998779296875,35.435630798339844
4899,18.200000762939453,15.58121395111084
4900,13.239999771118164,11.47170352935791
4901,40.29999923706055,35.06458282470703
4902,20.31999969482422,16.645320892333984
4903,17.700000762939453,14.971893310546875
4904,21.969999313354492,17.56576156616211
4905,14.119999885559082,12.280088424682617
4906,46.040000915527344,43.05913162231445
4907,26.450000762939453,24.36607551574707
4908,39.70000076293945,29.439592361450195
4909,24.850000381469727,22.64286231994629
4910,12.819999694824219,10.345553398132324
4911,56.650001525878906,52.9642333984375
4912,21.350000381469727,17.658292770385742
4913,54.33000183105469,40.04619598388672
4914,26.610000610351562,26.508867263793945
4915,13.210000038146973,10.18669319152832
4916,9.430000305175781,7.529440402984619
4917,7.010000228881836,4.895273208618164
4918,10.720000267028809,8.680073738098145
4919,50.77000045776367,40.88562774658203
4920,10.979999542236328,7.241095542907715
4921,21.299999237060547,18.37470817565918
4922,35.22999954223633,31.61558723449707
4923,42.15999984741211,41.28779220581055
4924,14.220000267028809,11.274018287658691
4925,20.81999969482422,18.06024932861328
4926,45.86000061035156,43.742557525634766
4927,36.47999954223633,34.134178161621094
4928,15.8100004196167,12.66573715209961
4929,16.84000015258789,15.240898132324219
4930,14.960000038146973,13.835895538330078
4931,23.420000076293945,19.848962783813477
4932,57.290000915527344,38.42991638183594
4933,31.549999237060547,27.87808609008789
4934,30.1200008392334,27.820289611816406
4935,17.75,15.84117317199707
4936,22.84000015258789,19.484302520751953
4937,3.9800000190734863,2.3178176879882812
4938,40.5,34.0251579284668
4939,4.010000228881836,2.4872827529907227
4940,32.099998474121094,29.134647369384766
4941,11.930000305175781,8.550729751586914
4942,25.25,22.16449546813965
4943,3.759999990463257,3.5955066680908203
4944,45.04999923706055,44.814937591552734
4945,26.479999542236328,21.171016693115234
4946,17.059999465942383,13.716302871704102
4947,24.65999984741211,30.15265655517578
4948,29.729999542236328,26.219619750976562
4949,26.049999237060547,21.972919464111328
4950,27.59000015258789,27.05544662475586
4951,8.5600004196167,5.828957557678223
4952,8.399999618530273,6.339500904083252
4953,10.739999771118164,8.7527437210083
4954,15.640000343322754,13.274081230163574
4955,33.47999954223633,26.821870803833008
4956,49.75,43.3874626159668
4957,1.3600000143051147,1.0952816009521484
4958,16.579999923706055,14.552144050598145
4959,33.650001525878906,34.64387893676758
4960,3.2200000286102295,2.979059934616089
4961,29.940000534057617,25.08612060546875
4962,46.06999969482422,43.24215316772461
4963,20.100000381469727,15.156102180480957
4964,28.239999771118164,23.514892578125
4965,35.869998931884766,31.482120513916016
4966,54.529998779296875,52.89813232421875
4967,3.680000066757202,1.8365492820739746
4968,59.83000183105469,58.705501556396484
4969,38.45000076293945,34.517826080322266
4970,34.310001373291016,42.39066696166992
4971,13.40999984741211,9.925775527954102
4972,41.4900016784668,40.77043533325195
4973,30.709999084472656,23.91107177734375
4974,56.060001373291016,52.57618713378906
4975,59.689998626708984,52.64095687866211
4976,57.95000076293945,52.2275505065918
4977,10.0,8.91619873046875
4978,8.920000076293945,7.333030700683594
4979,24.40999984741211,21.701309204101562
4980,37.65999984741211,38.34640121459961
4981,19.290000915527344,15.490036010742188
4982,21.190000534057617,20.289215087890625
4983,25.850000381469727,23.306089401245117
4984,25.34000015258789,26.216848373413086
4985,30.049999237060547,26.591596603393555
4986,3.9000000953674316,2.2277121543884277
4987,25.5,24.139060974121094
4988,55.349998474121094,53.326995849609375
4989,17.420000076293945,14.979047775268555
4990,50.09000015258789,51.293121337890625
4991,4.920000076293945,3.133086919784546
4992,16.440000534057617,13.271262168884277
4993,56.20000076293945,53.59071350097656
4994,35.2400016784668,32.80360794067383
4995,6.210000038146973,4.8278889656066895
4996,44.599998474121094,40.59556198120117
4997,12.09000015258789,10.888286590576172
4998,14.989999771118164,11.187166213989258
4999,34.220001220703125,30.819271087646484
5000,40.25,38.517642974853516
5001,37.38999938964844,34.2369499206543
5002,57.150001525878906,54.98904800415039
5003,45.130001068115234,31.386966705322266
5004,37.88999938964844,34.14634323120117
5005,10.670000076293945,8.4712495803833
5006,3.509999990463257,3.0548298358917236
5007,9.15999984741211,7.49372673034668
5008,21.260000228881836,17.387134552001953
5009,15.579999923706055,13.56761646270752
5010,17.860000610351562,14.704164505004883
5011,40.88999938964844,37.94021987915039
5012,42.25,38.86880874633789
5013,64.83999633789062,63.06132125854492
5014,5.429999828338623,3.6566736698150635
5015,18.719999313354492,15.675955772399902
5016,21.149999618530273,20.764530181884766
5017,29.65999984741211,23.246368408203125
5018,28.25,44.39912033081055
5019,33.86000061035156,31.803340911865234
5020,19.799999237060547,16.42428970336914
5021,36.869998931884766,28.5799617767334
5022,19.399999618530273,16.904468536376953
5023,22.84000015258789,23.318784713745117
5024,81.5199966430664,78.05115509033203
5025,32.5099983215332,28.653831481933594
5026,15.039999961853027,11.921689987182617
5027,21.549999237060547,21.64104461669922
5028,55.689998626708984,54.06429672241211
5029,4.989999771118164,3.861572265625
5030,23.18000030517578,19.870031356811523
5031,22.139999389648438,19.55522918701172
5032,21.100000381469727,17.01801300048828
5033,18.170000076293945,14.010747909545898
5034,28.93000030517578,26.40300941467285
5035,23.139999389648438,20.34471893310547
5036,52.7400016784668,51.34830093383789
5037,13.729999542236328,14.006621360778809
5038,35.029998779296875,30.97195053100586
5039,27.989999771118164,23.01559066772461
5040,34.7599983215332,30.84610366821289
5041,62.27000045776367,49.35332489013672
5042,33.65999984741211,26.37313461303711
5043,15.069999694824219,12.16101360321045
5044,31.270000457763672,26.47869873046875
5045,14.329999923706055,12.72274112701416
5046,47.400001525878906,41.83174514770508
5047,14.989999771118164,12.167058944702148
5048,34.099998474121094,27.501785278320312
5049,27.329999923706055,24.44601821899414
5050,26.540000915527344,22.3970947265625
5051,2.740000009536743,1.3334100246429443
5052,14.930000305175781,13.484586715698242
5053,20.25,16.5889835357666
5054,44.5099983215332,38.73380661010742
5055,19.459999084472656,17.535493850708008
5056,23.06999969482422,20.601957321166992
5057,19.600000381469727,16.168668746948242
5058,45.15999984741211,43.47871017456055
5059,45.810001373291016,41.955589294433594
5060,32.06999969482422,28.765213012695312
5061,12.359999656677246,9.894801139831543
5062,10.359999656677246,9.657824516296387
5063,41.529998779296875,37.659671783447266
5064,41.29999923706055,57.7154426574707
5065,5.829999923706055,3.5033655166625977
5066,7.099999904632568,4.871684551239014
5067,39.959999084472656,36.837013244628906
5068,19.450000762939453,17.280719757080078
5069,45.599998474121094,41.74345397949219
5070,34.09000015258789,30.089466094970703
5071,14.970000267028809,12.895902633666992
5072,23.670000076293945,21.42371940612793
5073,18.6200008392334,17.45406723022461
5074,38.689998626708984,36.26255416870117
5075,53.599998474121094,50.32984161376953
5076,44.5099983215332,41.09526443481445
5077,45.54999923706055,44.683265686035156
5078,35.709999084472656,27.72810173034668
5079,13.010000228881836,10.443144798278809
5080,40.58000183105469,35.28279495239258
5081,20.040000915527344,18.315208435058594
5082,36.43000030517578,30.118492126464844
5083,28.600000381469727,24.354875564575195
5084,2.140000104904175,1.8173431158065796
5085,47.70000076293945,47.09871292114258
5086,6.449999809265137,4.68696403503418
5087,32.65999984741211,29.357616424560547
5088,20.489999771118164,20.223793029785156
5089,55.91999816894531,45.31039810180664
5090,49.290000915527344,46.902591705322266
5091,53.18000030517578,50.377193450927734
5092,32.70000076293945,31.25675392150879
5093,9.569999694824219,7.663558006286621
5094,20.459999084472656,21.187583923339844
5095,48.279998779296875,42.349430084228516
5096,45.09000015258789,38.76778793334961
5097,10.15999984741211,5.864382743835449
5098,6.059999942779541,4.077546119689941
5099,10.8100004196167,8.966252326965332
5100,64.77999877929688,57.24302673339844
5101,11.199999809265137,9.458510398864746
5102,20.030000686645508,17.211715698242188
5103,22.3700008392334,18.553211212158203
5104,29.43000030517578,28.18929672241211
5105,35.279998779296875,30.915119171142578
5106,25.010000228881836,21.294647216796875
5107,18.399999618530273,14.6270112991333
5108,47.13999938964844,42.654151916503906
5109,22.280000686645508,18.590240478515625
5110,24.600000381469727,21.36312484741211
5111,36.599998474121094,28.554759979248047
5112,18.34000015258789,15.880756378173828
5113,14.760000228881836,11.65888786315918
5114,60.97999954223633,58.607147216796875
5115,8.289999961853027,6.449907302856445
5116,33.59000015258789,30.999570846557617
5117,4.199999809265137,1.863147497177124
5118,38.220001220703125,35.59247589111328
5119,14.800000190734863,12.001720428466797
5120,10.100000381469727,8.56600284576416
5121,42.060001373291016,34.82534408569336
5122,17.030000686645508,13.806923866271973
5123,60.790000915527344,56.36891174316406
5124,24.260000228881836,21.338315963745117
5125,26.829999923706055,22.06839370727539
5126,5.380000114440918,1.8182508945465088
5127,40.630001068115234,37.84498977661133
5128,33.2599983215332,53.346771240234375
5129,5.070000171661377,5.376121520996094
5130,4.739999771118164,1.722237467765808
5131,9.050000190734863,4.856922149658203
5132,7.010000228881836,5.003416061401367
5133,6.900000095367432,3.4618923664093018
5134,20.5,18.60047149658203
5135,7.510000228881836,6.2204742431640625
5136,18.110000610351562,15.954007148742676
5137,30.899999618530273,30.683931350708008
5138,22.170000076293945,17.01301383972168
5139,19.3700008392334,15.609524726867676
5140,41.54999923706055,38.78575134277344
5141,15.670000076293945,14.03034782409668
5142,39.630001068115234,37.54591751098633
5143,55.95000076293945,50.96175765991211
5144,10.470000267028809,8.725630760192871
5145,19.8700008392334,16.828506469726562
5146,40.97999954223633,36.754642486572266
5147,35.33000183105469,35.57204055786133
5148,21.559999465942383,19.322071075439453
5149,33.959999084472656,31.826770782470703
5150,40.09000015258789,37.47842788696289
5151,18.889999389648438,17.109630584716797
5152,30.8799991607666,26.043066024780273
5153,42.0,45.96449661254883
5154,36.529998779296875,34.00606918334961
5155,40.34000015258789,37.20331573486328
5156,14.109999656677246,12.222156524658203
5157,17.25,13.943832397460938
5158,11.640000343322754,9.250527381896973
5159,16.889999389648438,14.233642578125
5160,10.720000267028809,8.827873229980469
5161,5.099999904632568,4.007403373718262
5162,15.140000343322754,14.010416030883789
5163,9.8100004196167,7.662264823913574
5164,13.25,10.002168655395508
5165,3.359999895095825,1.6444909572601318
5166,16.31999969482422,13.240317344665527
5167,32.099998474121094,28.604358673095703
5168,40.290000915527344,37.79923629760742
5169,26.0,22.775714874267578
5170,23.959999084472656,19.67137336730957
5171,47.5,41.196044921875
5172,12.75,10.641897201538086
5173,13.4399995803833,10.051111221313477
5174,21.43000030517578,17.506248474121094
5175,46.689998626708984,45.63936996459961
5176,41.599998474121094,39.744544982910156
5177,10.0600004196167,8.917808532714844
5178,41.5099983215332,36.502906799316406
5179,46.060001373291016,40.333335876464844
5180,5.940000057220459,3.1035993099212646
5181,10.119999885559082,8.466263771057129
5182,19.3799991607666,15.761829376220703
5183,30.899999618530273,28.640602111816406
5184,19.639999389648438,12.688026428222656
5185,24.399999618530273,25.222759246826172
5186,38.61000061035156,38.34077835083008
5187,11.020000457763672,9.812771797180176
5188,5.239999771118164,4.065021991729736
5189,18.850000381469727,15.436151504516602
5190,24.639999389648438,19.609590530395508
5191,18.399999618530273,14.95495891571045
5192,24.229999542236328,21.901954650878906
5193,28.65999984741211,23.53534698486328
5194,8.25,6.432905673980713
5195,31.40999984741211,28.94867706298828
5196,32.880001068115234,35.68350601196289
5197,69.33999633789062,54.906436920166016
5198,21.09000015258789,16.66639518737793
5199,10.729999542236328,8.878812789916992
5200,13.239999771118164,9.2191743850708
5201,22.719999313354492,19.502403259277344
5202,32.38999938964844,31.168296813964844
5203,19.040000915527344,18.535179138183594
5204,48.279998779296875,34.09186553955078
5205,42.93000030517578,39.16114807128906
5206,7.679999828338623,5.886113166809082
5207,21.68000030517578,16.012481689453125
5208,51.470001220703125,40.3768196105957
5209,42.709999084472656,42.736087799072266
5210,39.43000030517578,35.1019172668457
5211,9.920000076293945,8.627161979675293
5212,53.95000076293945,42.100345611572266
5213,22.010000228881836,20.599384307861328
5214,24.1200008392334,21.901996612548828
5215,19.260000228881836,17.12834358215332
5216,9.319999694824219,8.01764965057373
5217,16.600000381469727,12.957149505615234
5218,16.329999923706055,14.084501266479492
5219,10.789999961853027,8.884811401367188
5220,15.609999656677246,14.092000961303711
5221,45.290000915527344,41.11565017700195
5222,35.7599983215332,29.212268829345703
5223,27.709999084472656,23.57819366455078
5224,34.349998474121094,30.48330307006836
5225,17.309999465942383,13.681468963623047
5226,44.59000015258789,45.100189208984375
5227,26.65999984741211,22.651935577392578
5228,8.829999923706055,7.014391899108887
5229,33.86000061035156,29.75235366821289
5230,19.8700008392334,16.587434768676758
5231,26.469999313354492,28.26179313659668
5232,36.83000183105469,33.15681457519531
5233,57.220001220703125,52.97770309448242
5234,21.780000686645508,18.520166397094727
5235,21.0,17.563446044921875
5236,26.25,22.046030044555664
5237,6.960000038146973,5.273903846740723
5238,4.690000057220459,2.755488395690918
5239,39.130001068115234,31.21193504333496
5240,59.95000076293945,42.672611236572266
5241,19.100000381469727,15.934629440307617
5242,38.61000061035156,36.5987434387207
5243,59.22999954223633,48.63859558105469
5244,6.5,4.71525764465332
5245,29.3700008392334,25.690692901611328
5246,49.290000915527344,44.169219970703125
5247,29.09000015258789,23.090579986572266
5248,36.5099983215332,34.55558395385742
5249,55.70000076293945,44.22010803222656
5250,35.93000030517578,30.02638053894043
5251,41.400001525878906,39.29326248168945
5252,34.470001220703125,31.952451705932617
5253,48.2400016784668,46.028526306152344
5254,27.479999542236328,21.82569694519043
5255,46.599998474121094,43.47240447998047
5256,42.9900016784668,36.05097961425781
5257,7.599999904632568,6.048234939575195
5258,33.810001373291016,32.56214141845703
5259,15.319999694824219,13.29601001739502
5260,54.119998931884766,50.57011795043945
5261,62.0,52.86554718017578
5262,38.22999954223633,31.413982391357422
5263,31.079999923706055,27.877580642700195
5264,57.470001220703125,54.839351654052734
5265,5.389999866485596,3.3892202377319336
5266,3.5399999618530273,1.9342195987701416
5267,36.65999984741211,29.95966339111328
5268,26.1200008392334,22.052186965942383
5269,37.09000015258789,33.56322479248047
5270,17.280000686645508,14.590961456298828
5271,56.16999816894531,40.93022155761719
5272,15.779999732971191,12.404282569885254
5273,68.41999816894531,65.85745239257812
5274,46.72999954223633,42.71383285522461
5275,18.459999084472656,15.444119453430176
5276,2.069999933242798,2.9237520694732666
5277,17.899999618530273,14.614121437072754
5278,29.770000457763672,26.476137161254883
5279,12.420000076293945,9.914740562438965
5280,42.209999084472656,37.882266998291016
5281,4.449999809265137,3.552953004837036
5282,10.0600004196167,9.266693115234375
5283,8.949999809265137,7.178873538970947
5284,71.55000305175781,67.89141082763672
5285,28.079999923706055,24.23824119567871
5286,29.389999389648438,21.93497657775879
5287,23.59000015258789,19.99708366394043
5288,14.920000076293945,12.315215110778809
5289,30.940000534057617,27.928707122802734
5290,23.450000762939453,19.833009719848633
5291,46.75,37.41393280029297
5292,19.40999984741211,17.432300567626953
5293,9.420000076293945,7.481847286224365
5294,9.489999771118164,7.605432510375977
5295,16.34000015258789,14.418628692626953
5296,4.230000019073486,2.229573965072632
5297,29.709999084472656,22.2969970703125
5298,18.149999618530273,19.450454711914062
5299,10.079999923706055,8.879146575927734
5300,10.260000228881836,8.459486961364746
5301,18.510000228881836,15.358498573303223
5302,75.37000274658203,54.09738540649414
5303,44.86000061035156,35.187950134277344
5304,7.03000020980835,5.076539516448975
5305,14.970000267028809,13.241084098815918
5306,37.52000045776367,48.886722564697266
5307,50.849998474121094,34.72550582885742
5308,16.18000030517578,12.842859268188477
5309,10.40999984741211,7.379724979400635
5310,31.709999084472656,28.174007415771484
5311,21.309999465942383,18.44466209411621
5312,15.930000305175781,14.614588737487793
5313,31.149999618530273,28.554759979248047
5314,45.22999954223633,36.8002815246582
5315,14.670000076293945,13.39771842956543
5316,47.56999969482422,43.76830291748047
5317,51.5,47.11411666870117
5318,26.899999618530273,22.30416488647461
5319,9.170000076293945,7.691956520080566
5320,17.940000534057617,14.941760063171387
5321,15.789999961853027,13.438243865966797
5322,12.649999618530273,10.692961692810059
5323,19.200000762939453,15.127290725708008
5324,6.96999979019165,3.7952773571014404
5325,22.979999542236328,19.898937225341797
5326,16.75,13.85705280303955
5327,53.65999984741211,46.395912170410156
5328,26.690000534057617,23.781980514526367
5329,21.739999771118164,21.161489486694336
5330,15.90999984741211,13.92347526550293
5331,3.6600000858306885,2.433178663253784
5332,4.619999885559082,2.590256929397583
5333,32.119998931884766,30.333227157592773
5334,17.600000381469727,15.852336883544922
5335,28.920000076293945,26.82080841064453
5336,21.139999389648438,17.64047622680664
5337,22.1299991607666,19.86826515197754
5338,36.900001525878906,38.858455657958984
5339,25.010000228881836,19.53955078125
5340,23.469999313354492,22.851102828979492
5341,3.809999942779541,2.581434726715088
5342,19.940000534057617,19.225811004638672
5343,53.880001068115234,48.44886016845703
5344,21.06999969482422,18.996463775634766
5345,11.369999885559082,8.480544090270996
5346,24.40999984741211,20.187129974365234
5347,17.489999771118164,13.918497085571289
5348,8.880000114440918,7.088817119598389
5349,36.040000915527344,31.94321060180664
5350,52.54999923706055,47.75175476074219
5351,7.710000038146973,5.577125072479248
5352,35.2400016784668,31.536222457885742
5353,46.27000045776367,42.97624588012695
5354,17.200000762939453,15.0276460647583
5355,51.25,47.5630989074707
5356,53.650001525878906,50.82645797729492
5357,27.829999923706055,21.658954620361328
5358,29.309999465942383,26.21804428100586
5359,53.279998779296875,51.5535774230957
5360,9.09000015258789,7.296526908874512
5361,24.1200008392334,20.225187301635742
5362,15.130000114440918,13.85299015045166
5363,46.86000061035156,45.63912582397461
5364,52.90999984741211,45.37943649291992
5365,33.869998931884766,30.02238655090332
5366,21.940000534057617,17.789398193359375
5367,50.90999984741211,36.23579025268555
5368,6.880000114440918,4.127923965454102
5369,34.4900016784668,32.20289611816406
5370,24.93000030517578,20.392377853393555
5371,31.149999618530273,26.557830810546875
5372,28.479999542236328,25.95039939880371
5373,68.23999786376953,66.81983947753906
5374,23.6200008392334,22.46155548095703
5375,52.400001525878906,40.07895278930664
5376,17.93000030517578,16.104351043701172
5377,32.13999938964844,27.70262336730957
5378,47.630001068115234,44.357643127441406
5379,59.560001373291016,60.20011901855469
5380,25.139999389648438,22.38943099975586
5381,29.09000015258789,24.761375427246094
5382,8.970000267028809,7.537557125091553
5383,7.340000152587891,6.232457160949707
5384,12.15999984741211,10.580639839172363
5385,19.1299991607666,17.305994033813477
5386,14.579999923706055,12.439090728759766
5387,5.639999866485596,3.5004429817199707
5388,18.84000015258789,16.00788688659668
5389,38.36000061035156,34.482242584228516
5390,15.579999923706055,12.87596607208252
5391,4.28000020980835,2.311725616455078
5392,54.59000015258789,49.22955322265625
5393,16.459999084472656,14.147272109985352
5394,68.83999633789062,65.10897827148438
5395,67.79000091552734,65.96278381347656
5396,41.790000915527344,39.96612548828125
5397,33.15999984741211,28.41492462158203
5398,3.950000047683716,2.318814754486084
5399,28.729999542236328,22.88089942932129
5400,74.33000183105469,50.51214599609375
5401,41.31999969482422,40.34783935546875
5402,13.59000015258789,10.609530448913574
5403,25.3799991607666,22.915260314941406
5404,41.849998474121094,32.59345626831055
5405,6.420000076293945,4.646254539489746
5406,26.170000076293945,22.265438079833984
5407,8.539999961853027,7.112077236175537
5408,44.189998626708984,40.10321044921875
5409,38.88999938964844,34.665618896484375
5410,50.369998931884766,48.54867935180664
5411,21.780000686645508,19.02451515197754
5412,39.31999969482422,32.05671310424805
5413,21.200000762939453,21.824201583862305
5414,11.739999771118164,9.487110137939453
5415,33.189998626708984,29.582069396972656
5416,40.400001525878906,37.335350036621094
5417,55.599998474121094,39.900047302246094
5418,26.719999313354492,22.488821029663086
5419,10.119999885559082,8.706582069396973
5420,21.059999465942383,18.409643173217773
5421,4.420000076293945,4.224259853363037
5422,30.290000915527344,24.596073150634766
5423,25.100000381469727,20.143226623535156
5424,47.56999969482422,44.544471740722656
5425,49.380001068115234,50.046897888183594
5426,30.520000457763672,24.765592575073242
5427,26.84000015258789,23.782264709472656
5428,29.75,24.8707275390625
5429,14.75,11.684715270996094
5430,20.299999237060547,15.697815895080566
5431,6.590000152587891,4.4667229652404785
5432,13.09000015258789,10.249007225036621
5433,35.650001525878906,34.067562103271484
5434,5.590000152587891,4.142932415008545
5435,49.16999816894531,47.148990631103516
5436,28.920000076293945,25.646167755126953
5437,19.270000457763672,18.696226119995117
5438,36.29999923706055,31.378684997558594
5439,11.3100004196167,9.478967666625977
5440,35.72999954223633,32.81991195678711
5441,25.360000610351562,22.92348861694336
5442,6.019999980926514,4.863025665283203
5443,42.119998931884766,29.63150405883789
5444,24.329999923706055,22.11277198791504
5445,22.399999618530273,19.284433364868164
5446,63.7400016784668,60.65976333618164
5447,12.0,10.552749633789062
5448,11.350000381469727,9.680912017822266
5449,16.950000762939453,14.259206771850586
5450,15.880000114440918,13.35265827178955
5451,11.800000190734863,9.109831809997559
5452,13.180000305175781,10.86235523223877
5453,29.18000030517578,25.94097900390625
5454,8.84000015258789,8.549135208129883
5455,20.200000762939453,18.507347106933594
5456,37.56999969482422,34.04774475097656
5457,20.219999313354492,18.08820915222168
5458,45.66999816894531,40.03067398071289
5459,32.9900016784668,29.68994140625
5460,2.240000009536743,1.106796145439148
5461,36.5099983215332,30.793663024902344
5462,73.36000061035156,70.0812759399414
5463,30.06999969482422,29.508777618408203
5464,24.540000915527344,20.453903198242188
5465,46.2599983215332,45.31856918334961
5466,8.930000305175781,7.4155964851379395
5467,34.310001373291016,31.638896942138672
5468,58.630001068115234,54.36368942260742
5469,29.84000015258789,25.68362808227539
5470,40.45000076293945,35.46584701538086
5471,29.889999389648438,23.457408905029297
5472,52.040000915527344,48.63938903808594
5473,12.869999885559082,10.279808044433594
5474,11.869999885559082,9.90731430053711
5475,2.490000009536743,1.467043161392212
5476,4.360000133514404,3.472594976425171
5477,26.8799991607666,23.07847785949707
5478,32.099998474121094,28.408931732177734
5479,52.4900016784668,51.02742385864258
5480,14.649999618530273,13.056792259216309
5481,18.59000015258789,15.529099464416504
5482,41.380001068115234,31.959375381469727
5483,8.819999694824219,7.115108489990234
5484,37.209999084472656,32.883602142333984
5485,53.95000076293945,46.63454818725586
5486,20.989999771118164,20.74424171447754
5487,19.530000686645508,17.68838119506836
5488,39.52000045776367,33.503780364990234
5489,22.959999084472656,20.561246871948242
5490,16.81999969482422,14.9962158203125
5491,38.0,33.68960189819336
5492,21.329999923706055,18.425861358642578
5493,25.979999542236328,20.69717788696289
5494,11.9399995803833,9.835833549499512
5495,46.5099983215332,28.347326278686523
5496,18.299999237060547,17.161937713623047
5497,24.639999389648438,23.540725708007812
5498,46.849998474121094,48.104827880859375
5499,14.899999618530273,13.445183753967285
5500,39.349998474121094,36.617000579833984
5501,22.030000686645508,18.516530990600586
5502,24.09000015258789,21.2415771484375
5503,30.600000381469727,25.33707046508789
5504,50.91999816894531,47.29887008666992
5505,29.90999984741211,27.903610229492188
5506,12.470000267028809,9.740307807922363
5507,25.6200008392334,19.733074188232422
5508,7.150000095367432,5.177499771118164
5509,5.130000114440918,4.242373943328857
5510,45.560001373291016,34.49380874633789
5511,18.040000915527344,16.044219970703125
5512,16.010000228881836,12.340773582458496
5513,4.809999942779541,3.9924488067626953
5514,40.25,35.44753646850586
5515,39.189998626708984,34.940452575683594
5516,35.15999984741211,30.75734519958496
5517,51.849998474121094,46.41500473022461
5518,57.7400016784668,52.433204650878906
5519,18.209999084472656,15.872298240661621
5520,9.470000267028809,7.765091896057129
5521,60.5,52.27739715576172
5522,25.360000610351562,17.70186996459961
5523,31.09000015258789,27.591190338134766
5524,5.230000019073486,3.325359582901001
5525,34.77000045776367,29.216318130493164
5526,9.680000305175781,7.491551399230957
5527,35.4900016784668,27.660125732421875
5528,72.26000213623047,70.11643981933594
5529,8.100000381469727,5.388711929321289
5530,18.989999771118164,18.476457595825195
5531,18.3700008392334,15.156362533569336
5532,39.060001373291016,45.17942428588867
5533,19.040000915527344,15.967409133911133
5534,15.75,12.472023010253906
5535,8.119999885559082,6.0443854331970215
5536,41.31999969482422,41.610599517822266
5537,14.5600004196167,12.214405059814453
5538,36.4900016784668,29.292930603027344
5539,12.029999732971191,9.956737518310547
5540,12.140000343322754,9.932775497436523
5541,20.959999084472656,22.159778594970703
5542,14.680000305175781,11.584089279174805
5543,42.529998779296875,38.894256591796875
5544,37.84000015258789,35.76408386230469
5545,5.78000020980835,3.8147833347320557
5546,25.219999313354492,21.475109100341797
5547,39.81999969482422,37.80613327026367
5548,34.59000015258789,26.24671745300293
5549,16.850000381469727,15.713606834411621
5550,25.09000015258789,22.371124267578125
5551,42.15999984741211,37.89204025268555
5552,30.219999313354492,23.80244255065918
5553,67.12999725341797,65.90025329589844
5554,28.549999237060547,26.732574462890625
5555,9.149999618530273,7.455276012420654
5556,36.709999084472656,33.98625564575195
5557,45.279998779296875,37.2348518371582
5558,16.219999313354492,14.601147651672363
5559,53.66999816894531,50.982322692871094
5560,26.770000457763672,23.540267944335938
5561,27.520000457763672,24.30581283569336
5562,7.460000038146973,4.9872846603393555
5563,33.310001373291016,28.237825393676758
5564,40.099998474121094,36.775630950927734
5565,23.270000457763672,19.37067413330078
5566,54.150001525878906,45.17942428588867
5567,5.210000038146973,3.3991477489471436
5568,16.75,13.606900215148926
5569,16.290000915527344,12.712080955505371
5570,20.93000030517578,17.58292007446289
5571,53.0099983215332,53.147178649902344
5572,11.859999656677246,9.756806373596191
5573,17.030000686645508,14.683507919311523
5574,51.47999954223633,50.38009262084961
5575,38.150001525878906,47.74284744262695
5576,7.869999885559082,6.383284091949463
5577,25.329999923706055,19.280248641967773
5578,16.270000457763672,13.333273887634277
5579,9.930000305175781,8.03759479522705
5580,38.279998779296875,34.32014846801758
5581,44.470001220703125,33.2756462097168
5582,3.4100000858306885,2.653700351715088
5583,21.84000015258789,19.375707626342773
5584,27.260000228881836,23.713346481323242
5585,2.7899999618530273,1.9907475709915161
5586,6.590000152587891,5.246514797210693
5587,22.969999313354492,20.931373596191406
5588,15.369999885559082,12.581138610839844
5589,32.38999938964844,29.02153968811035
5590,33.790000915527344,34.71135330200195
5591,4.639999866485596,3.76133131980896
5592,14.829999923706055,11.516921997070312
5593,10.220000267028809,9.244477272033691
5594,45.47999954223633,41.18635177612305
5595,27.40999984741211,25.974105834960938
5596,25.770000457763672,17.63945198059082
5597,10.699999809265137,8.736794471740723
5598,10.210000038146973,8.233047485351562
5599,16.049999237060547,12.844019889831543
5600,42.0,40.86863327026367
5601,15.6899995803833,13.084580421447754
5602,38.380001068115234,32.950931549072266
5603,7.059999942779541,5.375551700592041
5604,12.65999984741211,11.494682312011719
5605,44.04999923706055,38.978267669677734
5606,19.75,17.164329528808594
5607,27.700000762939453,24.411344528198242
5608,53.4900016784668,50.01149368286133
5609,56.220001220703125,56.34865188598633
5610,25.790000915527344,22.515445709228516
5611,31.360000610351562,27.897201538085938
5612,6.909999847412109,5.050656318664551
5613,20.90999984741211,17.852184295654297
5614,33.31999969482422,28.651439666748047
5615,8.5600004196167,7.320943355560303
5616,36.400001525878906,33.3422966003418
5617,46.540000915527344,36.0279541015625
5618,39.06999969482422,37.61976623535156
5619,32.310001373291016,28.887113571166992
5620,52.54999923706055,51.16054153442383
5621,10.329999923706055,8.982792854309082
5622,23.520000457763672,20.00726318359375
5623,24.200000762939453,20.69165802001953
5624,53.45000076293945,50.029624938964844
5625,23.100000381469727,23.447547912597656
5626,28.479999542236328,24.626007080078125
5627,31.40999984741211,26.23259735107422
5628,3.440000057220459,2.1955935955047607
5629,31.850000381469727,27.757741928100586
5630,14.829999923706055,13.262202262878418
5631,25.559999465942383,22.6228084564209
5632,37.040000915527344,32.42198944091797
5633,21.280000686645508,17.646896362304688
5634,30.799999237060547,27.77927017211914
5635,15.010000228881836,12.04813003540039
5636,29.270000457763672,26.843284606933594
5637,52.310001373291016,50.05350112915039
5638,30.6299991607666,27.131237030029297
5639,63.27000045776367,53.61601638793945
5640,5.949999809265137,4.127248287200928
5641,29.170000076293945,22.971214294433594
5642,19.920000076293945,17.145463943481445
5643,13.9399995803833,12.84749984741211
5644,14.029999732971191,11.645563125610352
5645,30.780000686645508,29.590242385864258
5646,40.84000015258789,36.47488021850586
5647,15.390000343322754,12.601338386535645
5648,8.670000076293945,6.390854358673096
5649,31.670000076293945,29.33036231994629
5650,45.09000015258789,44.97163772583008
5651,8.130000114440918,6.105291843414307
5652,26.770000457763672,25.512020111083984
5653,22.31999969482422,21.985240936279297
5654,28.850000381469727,25.50623893737793
5655,29.719999313354492,24.98514747619629
5656,71.0,72.54837036132812
5657,57.66999816894531,54.86271667480469
5658,24.299999237060547,16.756229400634766
5659,17.739999771118164,15.141507148742676
5660,61.27000045776367,58.45327377319336
5661,22.8799991607666,21.30492401123047
5662,7.96999979019165,4.37327241897583
5663,27.309999465942383,22.706758499145508
5664,47.560001373291016,45.10115051269531
5665,14.739999771118164,11.468724250793457
5666,48.84000015258789,48.63859558105469
5667,64.4000015258789,62.498573303222656
5668,9.0600004196167,6.446470737457275
5669,41.540000915527344,36.71513366699219
5670,9.170000076293945,7.502845764160156
5671,10.020000457763672,8.76044750213623
5672,51.54999923706055,41.80459976196289
5673,42.95000076293945,39.261962890625
5674,47.08000183105469,44.13654708862305
5675,39.790000915527344,37.72806930541992
5676,6.940000057220459,5.5067057609558105
5677,23.399999618530273,19.763322830200195
5678,34.77000045776367,35.25984191894531
5679,27.90999984741211,25.04210090637207
5680,20.440000534057617,17.13472557067871
5681,14.260000228881836,11.826815605163574
5682,8.470000267028809,6.842702865600586
5683,11.640000343322754,9.700987815856934
5684,26.489999771118164,21.9942684173584
5685,69.52999877929688,58.948524475097656
5686,66.16000366210938,62.03567886352539
5687,43.470001220703125,37.815616607666016
5688,18.209999084472656,14.749207496643066
5689,65.80999755859375,59.8762092590332
5690,14.399999618530273,11.2471284866333
5691,11.479999542236328,8.908214569091797
5692,40.130001068115234,38.88377380371094
5693,28.280000686645508,24.520320892333984
5694,26.729999542236328,21.126829147338867
5695,13.960000038146973,11.151068687438965
5696,33.20000076293945,29.49768829345703
5697,74.83000183105469,64.1948471069336
5698,45.34000015258789,41.46906280517578
5699,6.449999809265137,5.08625602722168
5700,33.810001373291016,30.803691864013672
5701,37.52000045776367,32.4063835144043
5702,17.25,14.456212043762207
5703,24.229999542236328,22.09944725036621
5704,17.809999465942383,15.56906795501709
5705,60.41999816894531,56.61787796020508
5706,36.709999084472656,33.96562957763672
5707,37.70000076293945,36.30051803588867
5708,8.649999618530273,6.451990604400635
5709,49.029998779296875,48.438621520996094
5710,40.25,39.21635055541992
5711,21.780000686645508,19.733606338500977
5712,7.849999904632568,5.354266166687012
5713,26.290000915527344,20.71086311340332
5714,34.20000076293945,30.480213165283203
5715,36.369998931884766,32.31589889526367
5716,13.760000228881836,10.134587287902832
5717,6.179999828338623,4.755724906921387
5718,7.619999885559082,5.026406288146973
5719,40.400001525878906,40.25627517700195
5720,36.939998626708984,33.552364349365234
5721,77.5,73.83655548095703
5722,17.709999084472656,14.972225189208984
5723,25.31999969482422,20.097126007080078
5724,16.309999465942383,13.287412643432617
5725,38.400001525878906,33.33097457885742
5726,13.630000114440918,12.357257843017578
5727,38.52000045776367,32.645511627197266
5728,26.889999389648438,22.95849609375
5729,68.33000183105469,66.2921371459961
5730,36.93000030517578,34.5345458984375
5731,11.510000228881836,10.056983947753906
5732,44.13999938964844,39.56621170043945
5733,19.3700008392334,17.113536834716797
5734,38.40999984741211,36.44172286987305
5735,13.470000267028809,10.775341033935547
5736,52.93000030517578,50.99364471435547
5737,71.5,69.27706909179688
5738,9.75,8.381570816040039
5739,32.959999084472656,31.3646183013916
5740,31.389999389648438,26.199373245239258
5741,16.100000381469727,13.701231956481934
5742,23.579999923706055,18.20875358581543
5743,52.310001373291016,51.20991897583008
5744,2.890000104904175,2.3863985538482666
5745,29.059999465942383,30.75631332397461
5746,23.889999389648438,20.42544174194336
5747,24.489999771118164,23.877290725708008
5748,16.6200008392334,14.502960205078125
5749,24.8799991607666,21.87621307373047
5750,20.6299991607666,16.724163055419922
5751,2.049999952316284,2.1884865760803223
5752,11.989999771118164,9.644954681396484
5753,52.36000061035156,51.189476013183594
5754,29.06999969482422,25.6331787109375
5755,17.850000381469727,14.387399673461914
5756,24.15999984741211,21.343759536743164
5757,5.579999923706055,3.6448538303375244
5758,47.20000076293945,54.39805221557617
5759,37.09000015258789,34.62861633300781
5760,47.25,41.68282699584961
5761,19.139999389648438,17.007129669189453
5762,33.0,26.932979583740234
5763,42.380001068115234,37.73973846435547
5764,19.770000457763672,14.35264778137207
5765,22.329999923706055,17.48550033569336
5766,12.34000015258789,9.682055473327637
5767,19.5,17.41855239868164
5768,7.679999828338623,6.257623195648193
5769,49.52000045776367,39.62382507324219
5770,21.309999465942383,18.182348251342773
5771,8.220000267028809,6.6370697021484375
5772,29.079999923706055,28.18541145324707
5773,40.220001220703125,36.873748779296875
5774,12.359999656677246,10.106242179870605
5775,14.300000190734863,11.766587257385254
5776,39.02000045776367,35.1409797668457
5777,6.599999904632568,5.186183452606201
5778,47.470001220703125,42.16549301147461
5779,24.1200008392334,21.036298751831055
5780,14.84000015258789,12.374403953552246
5781,16.600000381469727,13.690099716186523
5782,45.06999969482422,40.14620590209961
5783,64.43000030517578,62.54838180541992
5784,40.41999816894531,38.344791412353516
5785,2.1700000762939453,1.9332274198532104
5786,24.299999237060547,21.530593872070312
5787,56.459999084472656,55.81978225708008
5788,28.6200008392334,25.18413734436035
5789,24.15999984741211,22.58622932434082
5790,20.959999084472656,20.033586502075195
5791,12.970000267028809,10.96939754486084
5792,27.6200008392334,23.732681274414062
5793,13.069999694824219,10.858003616333008
5794,43.060001373291016,43.02291488647461
5795,19.450000762939453,15.514662742614746
5796,25.670000076293945,19.722986221313477
5797,25.280000686645508,23.330673217773438
5798,8.239999771118164,7.236623764038086
5799,7.190000057220459,4.795083522796631
5800,27.270000457763672,24.896011352539062
5801,22.59000015258789,19.705781936645508
5802,27.43000030517578,22.433399200439453
5803,26.40999984741211,24.136981964111328
5804,73.18000030517578,69.88496398925781
5805,40.02000045776367,37.67643356323242
5806,40.18000030517578,36.406925201416016
5807,10.069999694824219,8.234111785888672
5808,35.97999954223633,32.14057922363281
5809,13.75,13.392075538635254
5810,16.729999542236328,14.027484893798828
5811,39.15999984741211,33.87490463256836
5812,69.44999694824219,66.10572052001953
5813,45.459999084472656,41.871822357177734
5814,7.019999980926514,5.108492851257324
5815,16.59000015258789,15.246405601501465
5816,35.29999923706055,30.955432891845703
5817,63.68000030517578,54.109310150146484
5818,32.36000061035156,25.40802001953125
5819,21.940000534057617,18.147918701171875
5820,19.06999969482422,15.666643142700195
5821,18.940000534057617,17.395244598388672
5822,18.889999389648438,15.233091354370117
5823,37.7599983215332,35.58681106567383
5824,34.56999969482422,31.172624588012695
5825,10.34000015258789,8.738957405090332
5826,34.43000030517578,36.16493606567383
5827,21.139999389648438,19.3140869140625
5828,33.540000915527344,33.00321578979492
5829,40.5,37.54414749145508
5830,36.290000915527344,31.343713760375977
5831,32.7400016784668,25.234962463378906
5832,14.09000015258789,13.199978828430176
5833,14.569999694824219,12.32887077331543
5834,10.65999984741211,6.936412334442139
5835,24.3799991607666,20.472280502319336
5836,45.630001068115234,42.9081916809082
5837,36.47999954223633,30.853811264038086
5838,61.9900016784668,60.378700256347656
5839,35.97999954223633,33.69341278076172
5840,71.27999877929688,66.82357788085938
5841,38.709999084472656,33.8100700378418
5842,16.6299991607666,13.074751853942871
5843,23.889999389648438,20.05973243713379
5844,29.690000534057617,26.40934181213379
5845,26.1299991607666,22.474267959594727
5846,33.65999984741211,29.00543975830078
5847,31.959999084472656,29.280643463134766
5848,21.799999237060547,18.616573333740234
5849,34.47999954223633,30.408220291137695
5850,16.59000015258789,13.804962158203125
5851,41.33000183105469,37.571441650390625
5852,12.199999809265137,9.331583976745605
5853,20.540000915527344,17.691028594970703
5854,6.199999809265137,4.015566349029541
5855,18.34000015258789,16.437829971313477
5856,28.68000030517578,24.554798126220703
5857,22.93000030517578,18.990388870239258
5858,19.75,17.49920082092285
5859,2.0399999618530273,1.3747549057006836
5860,1.2200000286102295,1.290218472480774
5861,35.869998931884766,31.315521240234375
5862,14.350000381469727,11.551756858825684
5863,56.209999084472656,55.92112350463867
5864,24.229999542236328,21.151470184326172
5865,11.25,9.9065580368042
5866,32.290000915527344,29.081680297851562
5867,32.630001068115234,28.03753662109375
5868,55.400001525878906,51.024295806884766
5869,2.0299999713897705,1.4054162502288818
5870,26.690000534057617,22.105331420898438
5871,22.75,20.24833869934082
5872,52.900001525878906,50.70271682739258
5873,25.350000381469727,20.728992462158203
5874,16.15999984741211,13.107856750488281
5875,35.63999938964844,33.882694244384766
5876,10.380000114440918,8.491316795349121
5877,18.93000030517578,16.603561401367188
5878,72.08000183105469,68.18897247314453
5879,42.18000030517578,37.20048141479492
5880,40.58000183105469,35.6090202331543
5881,48.18000030517578,46.55782699584961
5882,34.470001220703125,32.10316848754883
5883,21.809999465942383,20.182273864746094
5884,30.18000030517578,28.38730812072754
5885,7.570000171661377,5.018178939819336
5886,16.729999542236328,15.556675910949707
5887,5.800000190734863,3.125354766845703
5888,54.59000015258789,47.71114730834961
5889,9.199999809265137,7.11770486831665
5890,22.68000030517578,18.992942810058594
5891,4.800000190734863,3.4885640144348145
5892,20.760000228881836,24.17980194091797
5893,32.130001068115234,29.12793731689453
5894,10.34000015258789,7.763763904571533
5895,38.77000045776367,33.32139587402344
5896,11.210000038146973,9.041543960571289
5897,14.020000457763672,12.613887786865234
5898,35.40999984741211,32.00880432128906
5899,69.58999633789062,58.52493667602539
5900,48.599998474121094,44.10896682739258
5901,53.939998626708984,50.63027572631836
5902,68.5199966430664,64.76188659667969
5903,41.20000076293945,39.77216720581055
5904,24.6200008392334,21.229236602783203
5905,26.100000381469727,23.725528717041016
5906,41.02000045776367,37.113006591796875
5907,12.579999923706055,10.491512298583984
5908,71.70999908447266,59.70228958129883
5909,42.209999084472656,37.11204528808594
5910,32.91999816894531,29.534147262573242
5911,6.78000020980835,5.047669410705566
5912,21.479999542236328,18.252220153808594
5913,60.59000015258789,58.876708984375
5914,16.649999618530273,13.971636772155762
5915,21.100000381469727,20.85536766052246
5916,42.4900016784668,35.78549575805664
5917,29.520000457763672,26.095001220703125
5918,16.860000610351562,15.671613693237305
5919,21.760000228881836,16.01474952697754
5920,33.29999923706055,30.24505043029785
5921,10.930000305175781,9.171182632446289
5922,6.320000171661377,4.4188551902771
5923,20.399999618530273,18.23922348022461
5924,16.469999313354492,14.214345932006836
5925,15.59000015258789,13.113422393798828
5926,19.3799991607666,16.145008087158203
5927,13.600000381469727,11.513701438903809
5928,27.190000534057617,24.416584014892578
5929,6.550000190734863,4.528347015380859
5930,11.350000381469727,8.988597869873047
5931,14.40999984741211,12.305110931396484
5932,13.069999694824219,10.78636646270752
5933,22.31999969482422,22.898399353027344
5934,12.9399995803833,10.625739097595215
5935,50.5099983215332,60.4515266418457
5936,60.59000015258789,54.12117385864258
5937,6.880000114440918,3.852774143218994
5938,13.859999656677246,11.082256317138672
5939,32.720001220703125,27.333520889282227
5940,30.06999969482422,25.594684600830078
5941,11.84000015258789,9.52000904083252
5942,24.40999984741211,25.01274299621582
5943,7.579999923706055,5.67173957824707
5944,7.010000228881836,4.966238021850586
5945,21.90999984741211,17.885297775268555
5946,9.1899995803833,7.009438991546631
5947,35.81999969482422,28.76409149169922
5948,25.719999313354492,21.759220123291016
5949,30.079999923706055,26.588794708251953
5950,17.56999969482422,15.037454605102539
5951,6.539999961853027,4.776465892791748
5952,29.170000076293945,26.868541717529297
5953,28.420000076293945,25.98096466064453
5954,50.13999938964844,46.924869537353516
5955,21.360000610351562,19.000404357910156
5956,7.75,6.670748233795166
5957,37.38999938964844,34.67325973510742
5958,14.140000343322754,11.832894325256348
5959,47.7400016784668,43.703277587890625
5960,25.719999313354492,23.619537353515625
5961,39.66999816894531,37.03172302246094
5962,71.94000244140625,59.95745086669922
5963,8.319999694824219,7.584417819976807
5964,15.149999618530273,13.983576774597168
5965,35.93000030517578,31.75482177734375
5966,18.6299991607666,16.077327728271484
5967,27.25,24.420303344726562
5968,4.130000114440918,2.2369091510772705
5969,27.59000015258789,24.787494659423828
5970,38.75,24.566028594970703
5971,63.540000915527344,60.86137771606445
5972,15.050000190734863,12.120383262634277
5973,38.29999923706055,33.072662353515625
5974,41.2599983215332,31.954185485839844
5975,14.359999656677246,13.014689445495605
5976,34.9900016784668,32.158729553222656
5977,37.970001220703125,39.56621170043945
5978,36.11000061035156,40.58481979370117
5979,32.2400016784668,28.462430953979492
5980,53.060001373291016,52.303985595703125
5981,9.729999542236328,8.062051773071289
5982,67.7300033569336,68.399169921875
5983,45.13999938964844,42.30489730834961
5984,53.93000030517578,49.266849517822266
5985,7.679999828338623,6.268754959106445
5986,38.439998626708984,35.695491790771484
5987,64.91000366210938,62.59397506713867
5988,48.18000030517578,45.64906692504883
5989,40.790000915527344,36.48955535888672
5990,12.75,10.875821113586426
5991,10.850000381469727,8.814704895019531
5992,33.279998779296875,30.552812576293945
5993,15.09000015258789,12.268149375915527
5994,36.119998931884766,31.20679473876953
5995,32.77000045776367,28.11707305908203
5996,21.610000610351562,16.872833251953125
5997,3.569999933242798,3.487598419189453
5998,16.829999923706055,14.70943832397461
5999,15.869999885559082,12.600287437438965
6000,35.84000015258789,30.843448638916016
6001,27.059999465942383,23.078052520751953
6002,28.799999237060547,26.73798942565918
6003,41.959999084472656,42.07746505737305
6004,11.1899995803833,9.469085693359375
6005,62.43000030517578,56.571468353271484
6006,56.709999084472656,49.880619049072266
6007,22.690000534057617,20.634830474853516
6008,12.239999771118164,10.195459365844727
6009,12.020000457763672,9.021400451660156
6010,18.579999923706055,15.64207649230957
6011,51.369998931884766,47.73371887207031
6012,27.56999969482422,23.018569946289062
6013,18.81999969482422,16.79764175415039
6014,41.27000045776367,43.82868957519531
6015,37.31999969482422,34.34254455566406
6016,23.1299991607666,20.840328216552734
6017,17.1299991607666,15.59447193145752
6018,33.2599983215332,29.556753158569336
6019,50.369998931884766,47.27064895629883
6020,12.079999923706055,9.505072593688965
6021,24.549999237060547,21.740489959716797
6022,23.899999618530273,20.096492767333984
6023,7.409999847412109,5.69605827331543
6024,50.459999084472656,47.39714431762695
6025,30.09000015258789,27.450809478759766
6026,46.959999084472656,45.10206604003906
6027,62.619998931884766,62.6153678894043
6028,0.9100000262260437,1.0615053176879883
6029,28.43000030517578,25.150428771972656
6030,40.15999984741211,35.98307418823242
6031,25.030000686645508,22.311840057373047
6032,7.579999923706055,5.741697788238525
6033,39.939998626708984,35.657291412353516
6034,32.040000915527344,29.659318923950195
6035,49.709999084472656,47.345333099365234
6036,6.550000190734863,4.777226448059082
6037,45.83000183105469,42.38979721069336
6038,18.920000076293945,16.131031036376953
6039,49.209999084472656,47.20317459106445
6040,22.260000228881836,20.301939010620117
6041,30.75,28.45774269104004
6042,20.739999771118164,17.808374404907227
6043,12.270000457763672,10.072857856750488
6044,19.65999984741211,15.731378555297852
6045,35.380001068115234,32.642818450927734
6046,50.27000045776367,46.9531364440918
6047,34.2400016784668,30.777332305908203
6048,21.469999313354492,19.159671783447266
6049,20.459999084472656,20.320648193359375
6050,22.649999618530273,18.482269287109375
6051,27.950000762939453,20.82649803161621
6052,32.02000045776367,34.683921813964844
6053,23.799999237060547,21.759689331054688
6054,16.700000762939453,14.621566772460938
6055,32.689998626708984,27.621557235717773
6056,14.75,12.450222969055176
6057,21.770000457763672,18.121511459350586
6058,56.40999984741211,53.015235900878906
6059,13.050000190734863,10.91413402557373
6060,18.450000762939453,16.025583267211914
6061,11.260000228881836,9.773263931274414
6062,30.229999542236328,22.84479331970215
6063,33.7400016784668,28.45628547668457
6064,32.369998931884766,28.837841033935547
6065,8.109999656677246,5.352986812591553
6066,32.9900016784668,29.300395965576172
6067,32.34000015258789,28.960548400878906
6068,24.229999542236328,21.706174850463867
6069,1.409999966621399,1.3706120252609253
6070,34.11000061035156,36.23579025268555
6071,49.68000030517578,43.89148712158203
6072,33.83000183105469,29.879446029663086
6073,7.769999980926514,5.447559833526611
6074,18.760000228881836,17.547077178955078
6075,62.060001373291016,41.66868591308594
6076,6.329999923706055,4.942549705505371
6077,26.0,19.89120101928711
6078,63.95000076293945,61.76984786987305
6079,32.61000061035156,32.78521728515625
6080,55.86000061035156,53.06620407104492
6081,44.18000030517578,39.183658599853516
6082,65.5,62.08125686645508
6083,30.850000381469727,22.874042510986328
6084,27.030000686645508,20.981666564941406
6085,33.84000015258789,43.75320816040039
6086,69.27999877929688,60.214935302734375
6087,42.11000061035156,45.9251594543457
6088,37.41999816894531,35.72642135620117
6089,11.140000343322754,10.049200057983398
6090,47.439998626708984,42.15634536743164
6091,20.8799991607666,17.128314971923828
6092,10.640000343322754,8.758054733276367
6093,30.010000228881836,25.59613609313965
6094,40.380001068115234,37.866729736328125
6095,22.100000381469727,17.710535049438477
6096,21.239999771118164,17.984167098999023
6097,16.40999984741211,13.423675537109375
6098,5.869999885559082,3.6500823497772217
6099,23.010000228881836,18.963178634643555
6100,7.849999904632568,6.264206886291504
6101,32.650001525878906,34.72256088256836
6102,17.06999969482422,13.4712495803833
6103,17.440000534057617,13.423940658569336
6104,15.760000228881836,14.310174942016602
6105,21.280000686645508,16.493240356445312
6106,45.7400016784668,41.45262908935547
6107,22.190000534057617,20.11116600036621
6108,37.369998931884766,32.84880828857422
6109,13.399999618530273,11.150263786315918
6110,24.760000228881836,18.123666763305664
6111,19.799999237060547,25.301822662353516
6112,21.260000228881836,19.045406341552734
6113,47.619998931884766,47.34217071533203
6114,32.209999084472656,26.13789939880371
6115,33.7599983215332,29.84403419494629
6116,30.34000015258789,26.223979949951172
6117,12.84000015258789,11.31749153137207
6118,8.800000190734863,4.950724124908447
6119,29.299999237060547,27.81881332397461
6120,22.920000076293945,19.759666442871094
6121,14.279999732971191,11.759608268737793
6122,3.990000009536743,2.313659906387329
6123,22.959999084472656,18.554611206054688
6124,12.079999923706055,9.8593111038208
6125,25.270000457763672,23.193132400512695
6126,11.8100004196167,10.157901763916016
6127,25.479999542236328,20.881418228149414
6128,48.54999923706055,42.2230224609375
6129,33.040000915527344,25.93532371520996
6130,48.0099983215332,45.860103607177734
6131,33.22999954223633,29.503734588623047
6132,11.930000305175781,10.912761688232422
6133,6.679999828338623,4.6867523193359375
6134,27.100000381469727,25.1322078704834
6135,30.309999465942383,22.466798782348633
6136,2.5899999141693115,1.3910014629364014
6137,14.829999923706055,12.12812328338623
6138,6.039999961853027,3.2342684268951416
6139,39.68000030517578,36.71892166137695
6140,10.199999809265137,9.834573745727539
6141,21.399999618530273,18.51787757873535
6142,23.360000610351562,21.29891014099121
6143,41.04999923706055,37.46981430053711
6144,30.270000457763672,25.573192596435547
6145,20.850000381469727,18.28195571899414
6146,25.350000381469727,24.62615203857422
6147,43.97999954223633,41.25564956665039
6148,8.770000457763672,6.694756507873535
6149,8.619999885559082,7.212680816650391
6150,33.849998474121094,29.96156883239746
6151,1.8600000143051147,1.3870153427124023
6152,33.560001373291016,30.9854736328125
6153,18.360000610351562,15.959425926208496
6154,50.459999084472656,48.63859558105469
6155,21.18000030517578,25.269634246826172
6156,14.369999885559082,10.48719310760498
6157,13.3100004196167,11.192239761352539
6158,48.52000045776367,43.0939826965332
6159,50.619998931884766,47.52462387084961
6160,24.8799991607666,20.82960319519043
6161,52.93000030517578,44.74806594848633
6162,59.7400016784668,56.16743087768555
6163,16.940000534057617,15.683595657348633
6164,29.899999618530273,26.105388641357422
6165,5.539999961853027,5.169367790222168
6166,25.34000015258789,23.832324981689453
6167,24.139999389648438,20.997108459472656
6168,53.630001068115234,51.3400764465332
6169,16.010000228881836,13.707284927368164
6170,16.709999084472656,13.931068420410156
6171,13.59000015258789,10.684418678283691
6172,14.819999694824219,13.09480094909668
6173,45.470001220703125,35.264522552490234
6174,23.5,18.027568817138672
6175,22.010000228881836,17.22557830810547
6176,21.709999084472656,19.39913558959961
6177,11.329999923706055,9.658041954040527
6178,34.849998474121094,30.627532958984375
6179,6.039999961853027,3.5669119358062744
6180,18.079999923706055,14.220161437988281
6181,44.869998931884766,32.1722297668457
6182,28.770000457763672,20.636001586914062
6183,37.130001068115234,34.314361572265625
6184,29.219999313354492,24.638309478759766
6185,15.279999732971191,12.387835502624512
6186,22.440000534057617,20.194488525390625
6187,10.670000076293945,9.592850685119629
6188,25.110000610351562,21.410085678100586
6189,30.3799991607666,28.208602905273438
6190,14.829999923706055,12.536215782165527
6191,49.4900016784668,37.153499603271484
6192,35.2400016784668,25.217540740966797
6193,8.930000305175781,6.111940383911133
6194,15.109999656677246,13.499809265136719
6195,30.15999984741211,25.758569717407227
6196,31.31999969482422,26.5924072265625
6197,21.59000015258789,16.91667938232422
6198,50.33000183105469,47.68586349487305
6199,38.59000015258789,36.36698532104492
6200,31.540000915527344,31.600332260131836
6201,32.869998931884766,31.146068572998047
6202,41.619998931884766,35.33418655395508
6203,39.2400016784668,37.06450271606445
6204,63.099998474121094,58.15714645385742
6205,14.0,12.711433410644531
6206,18.81999969482422,13.438780784606934
6207,8.8100004196167,7.433798789978027
6208,66.7300033569336,64.84609985351562
6209,6.670000076293945,4.625402927398682
6210,23.84000015258789,20.801353454589844
6211,54.040000915527344,37.84769058227539
6212,56.16999816894531,53.5024528503418
6213,42.33000183105469,40.138729095458984
6214,28.540000915527344,26.542823791503906
6215,49.029998779296875,61.17095184326172
6216,18.790000915527344,15.59204387664795
6217,7.78000020980835,5.805542469024658
6218,12.0,9.929805755615234
6219,48.209999084472656,46.491878509521484
6220,54.38999938964844,52.07746505737305
6221,26.510000228881836,25.18075942993164
6222,22.350000381469727,19.680198669433594
6223,51.31999969482422,47.782615661621094
6224,31.8700008392334,30.009384155273438
6225,33.220001220703125,29.647048950195312
6226,33.41999816894531,29.117816925048828
6227,4.710000038146973,3.7926220893859863
6228,50.290000915527344,44.167991638183594
6229,32.7400016784668,24.512981414794922
6230,49.970001220703125,48.26566696166992
6231,35.20000076293945,31.407569885253906
6232,43.790000915527344,39.743446350097656
6233,25.6299991607666,20.97846794128418
6234,47.5,42.64112091064453
6235,73.48999786376953,71.8373031616211
6236,5.480000019073486,4.061405658721924
6237,30.450000762939453,25.836917877197266
6238,15.130000114440918,11.528881072998047
6239,2.109999895095825,1.2070473432540894
6240,36.72999954223633,34.174068450927734
6241,46.9900016784668,43.72323989868164
6242,15.770000457763672,13.053028106689453
6243,60.689998626708984,56.53969192504883
6244,8.710000038146973,7.59138298034668
6245,24.649999618530273,21.355512619018555
6246,68.25,66.20661926269531
6247,11.779999732971191,9.890260696411133
6248,14.229999542236328,11.684049606323242
6249,33.970001220703125,30.152780532836914
6250,40.41999816894531,35.553436279296875
6251,35.56999969482422,32.460147857666016
6252,3.4100000858306885,3.5481319427490234
6253,21.6299991607666,16.297883987426758
6254,18.829999923706055,14.864733695983887
6255,14.369999885559082,12.047268867492676
6256,72.05000305175781,69.2914047241211
6257,28.3799991607666,28.347326278686523
6258,21.350000381469727,18.023635864257812
6259,52.459999084472656,50.151371002197266
6260,28.610000610351562,25.22052764892578
6261,31.040000915527344,26.903820037841797
6262,21.270000457763672,15.706500053405762
6263,27.6299991607666,22.879196166992188
6264,25.440000534057617,22.931955337524414
6265,33.61000061035156,30.068042755126953
6266,23.520000457763672,21.08477020263672
6267,32.38999938964844,28.935108184814453
6268,56.16999816894531,54.2995719909668
6269,34.0099983215332,31.065731048583984
6270,15.90999984741211,13.868934631347656
6271,47.529998779296875,44.725555419921875
6272,57.25,58.948524475097656
6273,18.8799991607666,13.463335037231445
6274,38.5099983215332,33.3062744140625
6275,2.7799999713897705,3.151799201965332
6276,19.139999389648438,17.982715606689453
6277,22.739999771118164,18.04524040222168
6278,47.119998931884766,45.92644500732422
6279,8.579999923706055,6.73030424118042
6280,20.700000762939453,15.49804401397705
6281,20.389999389648438,19.478273391723633
6282,37.25,32.34903335571289
6283,49.630001068115234,47.453147888183594
6284,48.27000045776367,45.75739669799805
6285,16.3700008392334,12.766210556030273
6286,36.86000061035156,32.638877868652344
6287,17.110000610351562,14.694446563720703
6288,27.639999389648438,25.318267822265625
6289,14.609999656677246,13.097920417785645
6290,17.6299991607666,14.207527160644531
6291,7.840000152587891,5.885951995849609
6292,49.18000030517578,41.938106536865234
6293,30.649999618530273,25.202983856201172
6294,17.18000030517578,13.00770092010498
6295,22.43000030517578,19.458179473876953
6296,74.30999755859375,72.8572006225586
6297,43.849998474121094,37.87051773071289
6298,21.790000915527344,14.149112701416016
6299,24.799999237060547,23.64922523498535
6300,52.209999084472656,54.16566848754883
6301,23.8700008392334,20.84128189086914
6302,32.7599983215332,27.606895446777344
6303,26.440000534057617,23.774261474609375
6304,14.350000381469727,10.95327091217041
6305,7.829999923706055,6.839118957519531
6306,36.22999954223633,38.04986572265625
6307,36.25,34.909305572509766
6308,21.700000762939453,21.91274642944336
6309,1.7400000095367432,2.3905177116394043
6310,57.86000061035156,54.16566848754883
6311,37.68000030517578,34.94021987915039
6312,10.760000228881836,9.060478210449219
6313,48.540000915527344,48.62220001220703
6314,46.349998474121094,43.01561737060547
6315,52.56999969482422,47.48598861694336
6316,13.949999809265137,12.408987998962402
6317,30.489999771118164,27.772781372070312
6318,41.7599983215332,35.69524383544922
6319,33.27000045776367,24.3134708404541
6320,58.09000015258789,54.62247848510742
6321,17.850000381469727,14.922717094421387
6322,23.1299991607666,18.954328536987305
6323,10.779999732971191,8.858525276184082
6324,20.139999389648438,19.722986221313477
6325,51.59000015258789,48.04978942871094
6326,5.019999980926514,3.5151045322418213
6327,47.720001220703125,45.11687088012695
6328,8.9399995803833,7.306992053985596
6329,12.970000267028809,10.573517799377441
6330,7.119999885559082,5.355440616607666
6331,51.459999084472656,47.18864059448242
6332,71.69999694824219,66.20818328857422
6333,29.149999618530273,27.679325103759766
6334,33.56999969482422,29.96689224243164
6335,11.520000457763672,8.551353454589844
6336,35.27000045776367,32.09395217895508
6337,14.770000457763672,10.363178253173828
6338,44.84000015258789,42.034873962402344
6339,23.530000686645508,19.376657485961914
6340,42.29999923706055,37.3851432800293
6341,34.25,32.071388244628906
6342,33.58000183105469,30.88457679748535
6343,31.610000610351562,26.731393814086914
6344,32.22999954223633,28.691904067993164
6345,27.959999084472656,23.101106643676758
6346,3.619999885559082,1.9323737621307373
6347,1.9500000476837158,1.577802062034607
6348,31.75,32.61653518676758
6349,23.260000228881836,22.21917152404785
6350,34.58000183105469,31.336923599243164
6351,10.109999656677246,7.972484111785889
6352,3.450000047683716,1.9657325744628906
6353,21.030000686645508,19.06668472290039
6354,74.95999908447266,61.31306838989258
6355,17.719999313354492,14.212613105773926
6356,25.229999542236328,17.127883911132812
6357,34.0,31.21295738220215
6358,34.25,27.043603897094727
6359,21.459999084472656,19.034732818603516
6360,14.550000190734863,12.43547534942627
6361,3.6500000953674316,1.9813108444213867
6362,36.16999816894531,32.51255798339844
6363,33.47999954223633,27.740314483642578
6364,13.359999656677246,9.695053100585938
6365,21.790000915527344,18.7354679107666
6366,6.03000020980835,4.618586540222168
6367,51.43000030517578,48.61029052734375
6368,15.300000190734863,12.448987007141113
6369,6.570000171661377,4.657931804656982
6370,20.829999923706055,26.831565856933594
6371,11.579999923706055,9.848356246948242
6372,14.489999771118164,12.726696968078613
6373,31.139999389648438,30.90610122680664
6374,25.729999542236328,22.597728729248047
6375,33.70000076293945,31.08118438720703
6376,7.760000228881836,5.5291748046875
6377,36.400001525878906,32.79917526245117
6378,23.649999618530273,20.994287490844727
6379,9.859999656677246,7.7563886642456055
6380,16.540000915527344,14.554116249084473
6381,32.75,30.639318466186523
6382,37.4900016784668,32.80609893798828
6383,13.960000038146973,10.896170616149902
6384,47.79999923706055,38.8501091003418
6385,23.079999923706055,20.019704818725586
6386,9.59000015258789,8.297859191894531
6387,46.810001373291016,42.59224319458008
6388,39.650001525878906,42.090206146240234
6389,23.3700008392334,24.182016372680664
6390,40.459999084472656,35.184574127197266
6391,12.720000267028809,10.586980819702148
6392,43.41999816894531,40.78532791137695
6393,71.33000183105469,69.3445053100586
6394,14.869999885559082,13.288674354553223
6395,15.34000015258789,12.497269630432129
6396,32.349998474121094,27.903818130493164
6397,42.59000015258789,39.56729507446289
6398,29.770000457763672,23.657268524169922
6399,12.149999618530273,10.116957664489746
6400,20.549999237060547,16.538738250732422
6401,43.060001373291016,43.04895782470703
6402,47.88999938964844,43.19962692260742
6403,61.16999816894531,44.85582733154297
6404,14.199999809265137,12.378597259521484
6405,15.65999984741211,13.065753936767578
6406,12.680000305175781,9.985595703125
6407,19.149999618530273,16.673641204833984
6408,13.920000076293945,11.539795875549316
6409,40.880001068115234,37.30302429199219
6410,21.639999389648438,20.895309448242188
6411,24.309999465942383,18.972675323486328
6412,20.389999389648438,18.403841018676758
6413,53.220001220703125,51.72743225097656
6414,53.220001220703125,54.08113098144531
6415,17.739999771118164,14.891756057739258
6416,29.979999542236328,26.92652130126953
6417,5.730000019073486,3.9782357215881348
6418,13.380000114440918,10.767698287963867
6419,28.100000381469727,24.844470977783203
6420,25.010000228881836,20.561847686767578
6421,8.529999732971191,6.920134544372559
6422,38.380001068115234,36.622066497802734
6423,45.369998931884766,40.32901382446289
6424,27.489999771118164,20.683120727539062
6425,40.150001525878906,38.77396774291992
6426,58.91999816894531,55.549861907958984
6427,14.520000457763672,12.078218460083008
6428,37.310001373291016,31.117229461669922
6429,15.069999694824219,11.658597946166992
6430,23.049999237060547,19.43319320678711
6431,54.86000061035156,54.22014236450195
6432,22.690000534057617,18.57893943786621
6433,53.040000915527344,60.214935302734375
6434,49.619998931884766,45.68278121948242
6435,4.389999866485596,2.279674530029297
6436,8.079999923706055,5.26804256439209
6437,16.850000381469727,13.307883262634277
6438,29.829999923706055,24.638858795166016
6439,48.63999938964844,47.76967239379883
6440,17.09000015258789,13.622179985046387
6441,36.38999938964844,39.64600372314453
6442,26.40999984741211,23.239561080932617
6443,19.850000381469727,19.52099609375
6444,26.450000762939453,22.294185638427734
6445,36.2400016784668,30.614906311035156
6446,7.53000020980835,4.886723041534424
6447,9.399999618530273,7.848229885101318
6448,17.770000457763672,14.530942916870117
6449,52.58000183105469,48.751583099365234
6450,34.060001373291016,29.404407501220703
6451,49.52000045776367,45.77396774291992
6452,35.33000183105469,26.879444122314453
6453,12.649999618530273,11.067914009094238
6454,76.51000213623047,75.5754623413086
6455,37.95000076293945,37.04376220703125
6456,46.2400016784668,40.430362701416016
6457,32.290000915527344,33.8481330871582
6458,25.43000030517578,30.546178817749023
6459,28.889999389648438,26.946693420410156
6460,11.229999542236328,9.45332145690918
6461,27.530000686645508,28.1351318359375
6462,21.329999923706055,20.441654205322266
6463,24.579999923706055,19.44091796875
6464,50.2400016784668,43.693050384521484
6465,7.690000057220459,5.037680625915527
6466,35.13999938964844,34.2273063659668
6467,31.59000015258789,30.216264724731445
6468,6.21999979019165,4.580864429473877
6469,10.630000114440918,8.348755836486816
6470,34.040000915527344,28.22174072265625
6471,7.130000114440918,3.814035177230835
6472,38.15999984741211,34.38284683227539
6473,10.829999923706055,9.414737701416016
6474,24.329999923706055,21.208932876586914
6475,43.650001525878906,41.29166030883789
6476,21.18000030517578,16.603836059570312
6477,22.860000610351562,18.951248168945312
6478,35.459999084472656,29.65009307861328
6479,36.31999969482422,33.7587776184082
6480,12.859999656677246,9.656839370727539
6481,14.3100004196167,12.361394882202148
6482,21.440000534057617,20.08578872680664
6483,4.940000057220459,3.001307249069214
6484,67.47000122070312,65.84813690185547
6485,39.540000915527344,36.58291244506836
6486,21.06999969482422,18.463560104370117
6487,40.380001068115234,31.357158660888672
6488,48.290000915527344,43.545169830322266
6489,22.809999465942383,19.693660736083984
6490,28.940000534057617,35.61763000488281
6491,4.760000228881836,4.048574924468994
6492,36.04999923706055,36.13869094848633
6493,7.409999847412109,7.349039077758789
6494,8.8100004196167,7.3794474601745605
6495,12.239999771118164,9.319599151611328
6496,45.93000030517578,41.366451263427734
6497,27.31999969482422,22.201871871948242
6498,12.069999694824219,10.411706924438477
6499,11.600000381469727,9.144808769226074
6500,7.71999979019165,6.499870300292969
6501,23.600000381469727,21.89178466796875
6502,20.940000534057617,20.251686096191406
6503,38.939998626708984,35.41865921020508
6504,31.600000381469727,26.294780731201172
6505,51.880001068115234,45.73386764526367
6506,12.930000305175781,10.172152519226074
6507,50.869998931884766,44.8763542175293
6508,9.109999656677246,7.078039646148682
6509,21.989999771118164,19.572242736816406
6510,16.030000686645508,13.03773021697998
6511,9.989999771118164,8.629968643188477
6512,1.940000057220459,1.196310043334961
6513,22.860000610351562,20.176334381103516
6514,48.06999969482422,43.613277435302734
6515,48.400001525878906,46.49716567993164
6516,33.70000076293945,31.029705047607422
6517,73.83000183105469,56.14043426513672
6518,23.989999771118164,28.02234649658203
6519,22.6299991607666,19.75670623779297
6520,17.020000457763672,14.683417320251465
6521,17.6200008392334,15.528125762939453
6522,8.920000076293945,7.183590888977051
6523,19.739999771118164,18.548233032226562
6524,28.059999465942383,26.128589630126953
6525,33.63999938964844,30.37228012084961
6526,29.959999084472656,27.77947425842285
6527,26.950000762939453,23.59117317199707
6528,28.8700008392334,25.192136764526367
6529,55.09000015258789,53.857505798339844
6530,39.52000045776367,35.189388275146484
6531,13.819999694824219,11.54804515838623
6532,27.940000534057617,19.83745765686035
6533,23.920000076293945,17.504810333251953
6534,27.610000610351562,24.12861442565918
6535,52.040000915527344,55.4571647644043
6536,28.40999984741211,23.053367614746094
6537,41.529998779296875,39.285255432128906
6538,11.630000114440918,9.669231414794922
6539,27.450000762939453,23.859130859375
6540,18.280000686645508,13.938292503356934
6541,40.790000915527344,40.23411178588867
6542,7.21999979019165,6.200333595275879
6543,15.90999984741211,12.300140380859375
6544,48.709999084472656,52.48948287963867
6545,28.25,23.495195388793945
6546,42.97999954223633,42.0984001159668
6547,51.66999816894531,39.71189880371094
6548,33.310001373291016,32.8951530456543
6549,28.399999618530273,24.338851928710938
6550,6.929999828338623,5.709107875823975
6551,16.739999771118164,14.33791732788086
6552,41.720001220703125,41.33066177368164
6553,46.88999938964844,41.86428451538086
6554,31.770000457763672,26.385475158691406
6555,7.019999980926514,5.087076187133789
6556,18.270000457763672,15.200179100036621
6557,13.649999618530273,10.510660171508789
6558,33.290000915527344,29.628257751464844
6559,53.470001220703125,49.06600570678711
6560,74.5999984741211,64.71918487548828
6561,31.18000030517578,22.099529266357422
6562,4.010000228881836,2.0174403190612793
6563,17.850000381469727,16.304357528686523
6564,37.189998626708984,40.2891731262207
6565,21.360000610351562,19.465953826904297
6566,7.78000020980835,6.6868157386779785
6567,33.369998931884766,27.31841278076172
6568,20.959999084472656,18.251659393310547
6569,29.729999542236328,28.384456634521484
6570,41.09000015258789,38.74489974975586
6571,45.189998626708984,38.971214294433594
6572,25.489999771118164,23.812763214111328
6573,26.6200008392334,22.781381607055664
6574,26.75,20.289215087890625
6575,21.360000610351562,18.04608917236328
6576,38.709999084472656,33.68408203125
6577,16.010000228881836,14.705435752868652
6578,19.299999237060547,16.44215202331543
6579,50.650001525878906,46.019927978515625
6580,10.029999732971191,7.580784320831299
6581,1.090000033378601,1.0005483627319336
6582,40.75,40.47404098510742
6583,20.06999969482422,18.727436065673828
6584,25.389999389648438,19.26375961303711
6585,23.829999923706055,19.8676815032959
6586,12.350000381469727,10.878031730651855
6587,33.290000915527344,26.793292999267578
6588,24.479999542236328,21.8392333984375
6589,25.06999969482422,21.743797302246094
6590,12.710000038146973,10.141485214233398
6591,55.060001373291016,53.318939208984375
6592,18.75,16.534765243530273
6593,42.650001525878906,39.40217208862305
6594,13.869999885559082,12.921174049377441
6595,4.730000019073486,2.627133846282959
6596,32.72999954223633,28.994035720825195
6597,35.779998779296875,36.08097457885742
6598,7.639999866485596,5.560127258300781
6599,35.209999084472656,31.61954116821289
6600,33.77000045776367,27.946678161621094
6601,6.239999771118164,4.617767810821533
6602,33.88999938964844,33.351558685302734
6603,23.43000030517578,19.691944122314453
6604,33.61000061035156,33.32380676269531
6605,26.850000381469727,21.684749603271484
6606,34.0,27.305538177490234
6607,48.88999938964844,45.70886993408203
6608,51.68000030517578,49.06502151489258
6609,11.59000015258789,9.009950637817383
6610,3.690000057220459,2.4880218505859375
6611,21.43000030517578,17.14902114868164
6612,36.900001525878906,31.198244094848633
6613,28.549999237060547,24.98432159423828
6614,23.559999465942383,21.49801254272461
6615,33.869998931884766,41.22163009643555
6616,38.63999938964844,37.24570083618164
6617,18.100000381469727,15.831563949584961
6618,17.25,14.207216262817383
6619,3.0,2.7970192432403564
6620,13.640000343322754,10.777203559875488
6621,7.349999904632568,4.8081793785095215
6622,23.969999313354492,20.894695281982422
6623,46.36000061035156,52.86554718017578
6624,6.050000190734863,4.317120552062988
6625,39.83000183105469,39.033329010009766
6626,15.069999694824219,14.008485794067383
6627,26.170000076293945,20.182273864746094
6628,23.920000076293945,19.090301513671875
6629,21.43000030517578,20.850006103515625
6630,36.459999084472656,29.832256317138672
6631,19.579999923706055,15.896636009216309
6632,28.5,24.594650268554688
6633,29.18000030517578,26.446866989135742
6634,19.600000381469727,17.70709800720215
6635,21.670000076293945,17.04425621032715
6636,24.65999984741211,21.776885986328125
6637,44.86000061035156,41.61307907104492
6638,13.979999542236328,10.739128112792969
6639,17.229999542236328,16.18050193786621
6640,67.13999938964844,61.60538864135742
6641,37.25,31.26191520690918
6642,38.439998626708984,35.19894027709961
6643,49.9900016784668,44.58292770385742
6644,15.9399995803833,12.73590087890625
6645,55.08000183105469,46.53010940551758
6646,12.359999656677246,10.220995903015137
6647,20.90999984741211,17.940387725830078
6648,36.560001373291016,32.552005767822266
6649,24.389999389648438,22.4650936126709
6650,9.510000228881836,7.622729301452637
6651,62.459999084472656,50.445072174072266
6652,43.2599983215332,41.26445007324219
6653,45.15999984741211,40.6968879699707
6654,77.16999816894531,67.38105010986328
6655,16.959999084472656,13.195785522460938
6656,5.340000152587891,2.8174889087677
6657,41.61000061035156,38.339839935302734
6658,6.389999866485596,5.05295991897583
6659,7.559999942779541,6.190324783325195
6660,18.360000610351562,14.492671966552734
6661,12.989999771118164,10.187247276306152
6662,9.149999618530273,6.841959476470947
6663,12.390000343322754,10.80473518371582
6664,24.969999313354492,23.242076873779297
6665,12.609999656677246,10.156123161315918
6666,24.200000762939453,21.73785972595215
6667,34.84000015258789,28.691848754882812
6668,25.799999237060547,20.873306274414062
6669,7.590000152587891,5.939606189727783
6670,36.529998779296875,37.852230072021484
6671,17.219999313354492,14.772631645202637
6672,27.06999969482422,22.230085372924805
6673,35.16999816894531,32.25748062133789
6674,33.4900016784668,30.063425064086914
6675,29.6200008392334,24.472837448120117
6676,28.350000381469727,23.466796875
6677,13.289999961853027,10.929439544677734
6678,29.979999542236328,26.559200286865234
6679,31.969999313354492,25.26451873779297
6680,19.15999984741211,15.80163288116455
6681,37.130001068115234,33.087928771972656
6682,33.06999969482422,29.76670265197754
6683,62.90999984741211,57.40494918823242
6684,12.850000381469727,10.635435104370117
6685,34.40999984741211,29.92508888244629
6686,30.719999313354492,27.631555557250977
6687,44.9900016784668,41.87380599975586
6688,48.470001220703125,45.273780822753906
6689,38.36000061035156,37.735137939453125
6690,23.399999618530273,19.4169921875
6691,24.100000381469727,20.035320281982422
6692,31.270000457763672,33.967777252197266
6693,11.1899995803833,10.258584022521973
6694,28.420000076293945,27.07004737854004
6695,11.220000267028809,8.951452255249023
6696,5.010000228881836,3.227107524871826
6697,24.049999237060547,23.188493728637695
6698,13.760000228881836,11.834074974060059
6699,39.63999938964844,35.803993225097656
6700,30.040000915527344,26.033336639404297
6701,24.299999237060547,19.505971908569336
6702,29.649999618530273,25.318246841430664
6703,24.06999969482422,21.343673706054688
6704,28.25,23.603723526000977
6705,13.579999923706055,10.571306228637695
6706,43.65999984741211,44.950138092041016
6707,9.359999656677246,7.661308765411377
6708,17.889999389648438,14.137081146240234
6709,20.010000228881836,16.177717208862305
6710,21.09000015258789,18.519481658935547
6711,33.439998626708984,31.515975952148438
6712,29.690000534057617,23.931190490722656
6713,8.600000381469727,7.3536458015441895
6714,39.93000030517578,39.733219146728516
6715,23.950000762939453,21.31148910522461
6716,74.5199966430664,71.10468292236328
6717,32.88999938964844,27.786396026611328
6718,10.479999542236328,9.657086372375488
6719,22.670000076293945,18.132614135742188
6720,53.25,41.22528076171875
6721,8.760000228881836,7.189364433288574
6722,21.950000762939453,17.833938598632812
6723,46.119998931884766,42.52131271362305
6724,25.06999969482422,22.522241592407227
6725,9.25,7.3465895652771
6726,27.219999313354492,23.207073211669922
6727,14.0,10.499212265014648
6728,11.899999618530273,8.760564804077148
6729,17.81999969482422,16.143850326538086
6730,70.30000305175781,69.84095001220703
6731,9.989999771118164,8.119439125061035
6732,34.77000045776367,32.18648910522461
6733,33.400001525878906,30.925399780273438
6734,8.949999809265137,7.357522964477539
6735,50.36000061035156,56.698917388916016
6736,33.29999923706055,28.688642501831055
6737,14.649999618530273,12.248278617858887
6738,33.380001068115234,28.35625457763672
6739,48.470001220703125,60.37696838378906
6740,18.200000762939453,14.644343376159668
6741,36.29999923706055,31.010414123535156
6742,34.81999969482422,31.388507843017578
6743,29.770000457763672,24.84065055847168
6744,5.440000057220459,4.600602149963379
6745,17.59000015258789,14.286577224731445
6746,17.200000762939453,14.248647689819336
6747,7.53000020980835,5.628036022186279
6748,50.86000061035156,49.82902145385742
6749,63.439998626708984,62.063575744628906
6750,7.010000228881836,4.9454216957092285
6751,12.170000076293945,9.47472095489502
6752,55.54999923706055,52.173892974853516
6753,18.969999313354492,16.02975082397461
6754,9.8100004196167,7.9962615966796875
6755,9.489999771118164,6.85452127456665
6756,5.860000133514404,4.549463748931885
6757,9.020000457763672,6.858259677886963
6758,24.290000915527344,20.82344627380371
6759,34.40999984741211,32.176109313964844
6760,40.029998779296875,37.46748733520508
6761,19.809999465942383,16.8786563873291
6762,20.600000381469727,16.883453369140625
6763,8.640000343322754,7.384181022644043
6764,45.63999938964844,37.31365966796875
6765,27.760000228881836,23.890727996826172
6766,22.950000762939453,20.080049514770508
6767,10.699999809265137,8.955545425415039
6768,44.47999954223633,39.35806655883789
6769,47.5,42.66558074951172
6770,52.88999938964844,50.93741226196289
6771,36.369998931884766,33.71151351928711
6772,17.15999984741211,14.604853630065918
6773,16.93000030517578,13.939397811889648
6774,3.059999942779541,2.0725347995758057
6775,20.709999084472656,25.08688735961914
6776,15.760000228881836,13.184043884277344
6777,15.9399995803833,13.841651916503906
6778,46.150001525878906,42.122745513916016
6779,79.44999694824219,55.876407623291016
6780,49.20000076293945,44.07510757446289
6781,7.78000020980835,5.86872673034668
6782,20.290000915527344,18.560043334960938
6783,49.2599983215332,47.30086135864258
6784,35.63999938964844,30.66220474243164
6785,19.809999465942383,17.329601287841797
6786,9.15999984741211,6.0670037269592285
6787,19.549999237060547,16.038599014282227
6788,6.400000095367432,4.599998950958252
6789,18.450000762939453,15.63320541381836
6790,50.470001220703125,48.29850387573242
6791,36.97999954223633,32.12743377685547
6792,29.209999084472656,24.441606521606445
6793,14.149999618530273,12.256921768188477
6794,20.84000015258789,17.77008819580078
6795,11.319999694824219,8.642833709716797
6796,28.040000915527344,28.407678604125977
6797,18.6200008392334,16.685382843017578
6798,24.200000762939453,19.24381446838379
6799,12.220000267028809,9.61178207397461
6800,32.43000030517578,30.172012329101562
6801,21.549999237060547,18.765472412109375
6802,71.08000183105469,70.99333953857422
6803,27.920000076293945,21.714950561523438
6804,12.930000305175781,9.737214088439941
6805,24.459999084472656,22.281620025634766
6806,27.280000686645508,25.108261108398438
6807,42.279998779296875,37.05629348754883
6808,7.019999980926514,5.739654541015625
6809,7.46999979019165,5.024296283721924
6810,39.77000045776367,41.85797119140625
6811,36.349998474121094,36.322120666503906
6812,42.13999938964844,49.20578384399414
6813,15.649999618530273,13.139309883117676
6814,38.529998779296875,40.86025619506836
6815,61.81999969482422,55.05451965332031
6816,25.8700008392334,20.763309478759766
6817,44.61000061035156,50.70897674560547
6818,25.5,23.194034576416016
6819,44.029998779296875,43.149314880371094
6820,21.520000457763672,17.885820388793945
6821,56.400001525878906,54.4034309387207
6822,4.510000228881836,2.543891429901123
6823,41.77000045776367,39.33982467651367
6824,45.209999084472656,41.53936767578125
6825,44.310001373291016,42.552520751953125
6826,16.510000228881836,13.624322891235352
6827,32.380001068115234,31.12750816345215
6828,2.369999885559082,1.3698475360870361
6829,17.739999771118164,13.561518669128418
6830,15.260000228881836,11.148066520690918
6831,46.88999938964844,42.28962326049805
6832,21.579999923706055,17.290082931518555
6833,6.679999828338623,3.3769099712371826
6834,30.979999542236328,35.964637756347656
6835,1.75,1.2515552043914795
6836,3.880000114440918,1.7355241775512695
6837,15.890000343322754,14.167652130126953
6838,68.73999786376953,62.849239349365234
6839,60.88999938964844,60.364646911621094
6840,11.050000190734863,9.030452728271484
6841,45.630001068115234,47.57916259765625
6842,46.27000045776367,40.77121353149414
6843,38.43000030517578,34.935935974121094
6844,11.15999984741211,9.15656852722168
6845,21.309999465942383,17.863584518432617
6846,41.470001220703125,36.49351119995117
6847,30.31999969482422,25.963457107543945
6848,50.939998626708984,48.90410614013672
6849,22.020000457763672,18.300535202026367
6850,24.219999313354492,23.42483901977539
6851,45.11000061035156,41.63950729370117
6852,1.5299999713897705,1.1992179155349731
6853,22.350000381469727,19.282377243041992
6854,3.3499999046325684,1.763008952140808
6855,67.2300033569336,64.784912109375
6856,6.960000038146973,5.413039684295654
6857,40.11000061035156,34.54438018798828
6858,7.440000057220459,6.063811779022217
6859,17.06999969482422,14.030136108398438
6860,45.22999954223633,42.21799087524414
6861,18.049999237060547,16.19544219970703
6862,5.170000076293945,3.5360307693481445
6863,10.920000076293945,10.873931884765625
6864,9.239999771118164,8.179339408874512
6865,42.470001220703125,38.370872497558594
6866,22.899999618530273,20.004436492919922
6867,19.90999984741211,18.11660385131836
6868,35.65999984741211,31.953937530517578
6869,39.68000030517578,40.704673767089844
6870,21.899999618530273,18.929119110107422
6871,2.430000066757202,2.8982489109039307
6872,15.600000381469727,13.237085342407227
6873,46.63999938964844,42.21004104614258
6874,30.239999771118164,25.992219924926758
6875,45.0099983215332,43.237857818603516
6876,41.18000030517578,36.304630279541016
6877,50.650001525878906,47.784881591796875
6878,27.489999771118164,22.266931533813477
6879,23.299999237060547,19.802522659301758
6880,26.31999969482422,21.315357208251953
6881,30.360000610351562,44.50654983520508
6882,27.950000762939453,24.12372589111328
6883,36.18000030517578,30.42422103881836
6884,19.780000686645508,19.353002548217773
6885,39.58000183105469,36.59310531616211
6886,12.65999984741211,10.647370338439941
6887,24.479999542236328,24.217287063598633
6888,62.20000076293945,62.039451599121094
6889,45.25,42.397403717041016
6890,17.420000076293945,14.983887672424316
6891,25.219999313354492,21.992576599121094
6892,22.639999389648438,20.496620178222656
6893,8.989999771118164,7.479734420776367
6894,7.78000020980835,5.859590530395508
6895,53.27000045776367,42.44923400878906
6896,51.790000915527344,48.256099700927734
6897,36.540000915527344,30.7235050201416
6898,8.0600004196167,5.527301788330078
6899,18.850000381469727,14.874703407287598
6900,51.380001068115234,37.60285949707031
6901,71.52999877929688,53.61072540283203
6902,17.040000915527344,15.404523849487305
6903,42.61000061035156,39.91683578491211
6904,8.100000381469727,3.3501241207122803
6905,10.020000457763672,8.484630584716797
6906,38.400001525878906,36.07667541503906
6907,18.139999389648438,15.598182678222656
6908,21.610000610351562,19.320358276367188
6909,13.260000228881836,10.8060941696167
6910,4.079999923706055,2.932603597640991
6911,13.65999984741211,11.1980619430542
6912,10.819999694824219,8.810059547424316
6913,33.290000915527344,32.101253509521484
6914,24.229999542236328,21.122772216796875
6915,5.610000133514404,3.1777758598327637
6916,36.52000045776367,33.835994720458984
6917,19.510000228881836,16.610929489135742
6918,29.600000381469727,23.341575622558594
6919,31.719999313354492,25.506271362304688
6920,7.739999771118164,6.079432487487793
6921,22.110000610351562,19.430564880371094
6922,17.920000076293945,14.89854907989502
6923,44.04999923706055,40.980796813964844
6924,13.880000114440918,11.649187088012695
6925,14.539999961853027,12.712564468383789
6926,44.16999816894531,37.787044525146484
6927,18.1299991607666,14.470531463623047
6928,26.420000076293945,25.319499969482422
6929,29.8700008392334,25.41398811340332
6930,7.449999809265137,5.611195087432861
6931,31.719999313354492,26.170759201049805
6932,9.4399995803833,8.079407691955566
6933,21.059999465942383,20.16819953918457
6934,47.790000915527344,46.654354095458984
6935,23.010000228881836,19.67448616027832
6936,11.350000381469727,9.335500717163086
6937,18.420000076293945,14.344669342041016
6938,28.799999237060547,26.834552764892578
6939,5.75,3.1520745754241943
6940,30.049999237060547,25.684921264648438
6941,38.59000015258789,33.835899353027344
6942,13.0600004196167,10.111300468444824
6943,19.780000686645508,16.899578094482422
6944,9.880000114440918,6.822451114654541
6945,13.109999656677246,10.110029220581055
6946,15.40999984741211,15.946473121643066
6947,46.52000045776367,43.56904983520508
6948,9.930000305175781,7.798613548278809
6949,29.360000610351562,21.31801414489746
6950,33.209999084472656,28.000791549682617
6951,20.6299991607666,18.268339157104492
6952,5.880000114440918,3.010253429412842
6953,43.029998779296875,42.38018798828125
6954,20.899999618530273,19.15521240234375
6955,29.110000610351562,32.295387268066406
6956,23.739999771118164,19.67867088317871
6957,42.970001220703125,39.83484649658203
6958,46.849998474121094,45.8161735534668
6959,18.0,15.457270622253418
6960,40.91999816894531,37.61094284057617
6961,33.540000915527344,31.285369873046875
6962,19.510000228881836,17.099576950073242
6963,20.899999618530273,19.981056213378906
6964,16.079999923706055,13.912068367004395
6965,39.47999954223633,34.262027740478516
6966,10.5,8.589136123657227
6967,74.26000213623047,59.84706115722656
6968,57.369998931884766,53.17921829223633
6969,49.040000915527344,45.24309539794922
6970,23.34000015258789,22.852581024169922
6971,11.260000228881836,9.434375762939453
6972,13.380000114440918,11.645532608032227
6973,44.369998931884766,37.55430603027344
6974,20.860000610351562,22.429401397705078
6975,22.850000381469727,23.541702270507812
6976,27.600000381469727,25.92396354675293
6977,18.770000457763672,14.619925498962402
6978,9.319999694824219,6.998371124267578
6979,29.260000228881836,27.114904403686523
6980,54.599998474121094,51.690643310546875
6981,17.510000228881836,15.611924171447754
6982,16.010000228881836,15.179854393005371
6983,54.189998626708984,49.611724853515625
6984,33.849998474121094,29.43865394592285
6985,38.150001525878906,37.30958557128906
6986,44.75,36.85124588012695
6987,20.84000015258789,17.338401794433594
6988,40.560001373291016,47.848533630371094
6989,2.8499999046325684,3.190484046936035
6990,17.31999969482422,14.196056365966797
6991,47.11000061035156,44.503143310546875
6992,23.709999084472656,20.971664428710938
6993,48.34000015258789,46.208335876464844
6994,47.150001525878906,42.86588668823242
6995,44.900001525878906,39.81620407104492
6996,23.270000457763672,23.148941040039062
6997,6.739999771118164,5.457780361175537
6998,38.119998931884766,34.72518539428711
6999,19.6200008392334,17.87425994873047
7000,54.02000045776367,56.90384292602539
7001,22.81999969482422,18.021251678466797
7002,10.470000267028809,8.399323463439941
7003,58.150001525878906,60.65976333618164
7004,7.010000228881836,4.942505836486816
7005,38.40999984741211,36.1948127746582
7006,43.470001220703125,39.437255859375
7007,28.280000686645508,22.572940826416016
7008,8.0600004196167,6.267738342285156
7009,43.150001525878906,37.22136306762695
7010,15.609999656677246,12.42861270904541
7011,7.230000019073486,5.8903961181640625
7012,16.559999465942383,13.979201316833496
7013,26.0,20.59746551513672
7014,20.579999923706055,15.827350616455078
7015,34.709999084472656,39.65705490112305
7016,50.47999954223633,46.14667510986328
7017,45.4900016784668,41.738338470458984
7018,22.31999969482422,18.15489387512207
7019,3.5199999809265137,2.398689031600952
7020,11.609999656677246,9.490297317504883
7021,25.440000534057617,21.694482803344727
7022,36.84000015258789,32.99994659423828
7023,46.790000915527344,41.161468505859375
7024,8.979999542236328,3.442694902420044
7025,6.130000114440918,4.735991954803467
7026,21.799999237060547,18.86808967590332
7027,9.039999961853027,8.180734634399414
7028,17.43000030517578,15.4549560546875
7029,21.139999389648438,18.01022720336914
7030,17.729999542236328,14.961884498596191
7031,75.06999969482422,75.98756408691406
7032,15.550000190734863,15.01050853729248
7033,63.68000030517578,62.82051086425781
7034,44.040000915527344,38.625125885009766
7035,30.549999237060547,26.85762596130371
7036,19.020000457763672,15.363186836242676
7037,9.869999885559082,8.062776565551758
7038,56.310001373291016,55.80268478393555
7039,10.640000343322754,7.704412460327148
7040,39.650001525878906,42.93943786621094
7041,5.559999942779541,4.23391580581665
7042,39.36000061035156,38.39863586425781
7043,54.779998779296875,53.43777847290039
7044,24.489999771118164,21.650466918945312
7045,22.579999923706055,20.35137176513672
7046,35.70000076293945,32.471588134765625
7047,64.9800033569336,64.42046356201172
7048,4.659999847412109,2.882880210876465
7049,48.95000076293945,33.60232162475586
7050,40.119998931884766,38.8485221862793
7051,12.729999542236328,11.229668617248535
7052,34.16999816894531,27.675508499145508
7053,37.619998931884766,33.32569885253906
7054,44.720001220703125,39.64943313598633
7055,13.15999984741211,11.069185256958008
7056,56.81999969482422,53.90190505981445
7057,24.850000381469727,21.430225372314453
7058,27.030000686645508,22.871782302856445
7059,9.260000228881836,7.467782020568848
7060,37.459999084472656,33.457088470458984
7061,30.8799991607666,28.290637969970703
7062,50.36000061035156,48.79848098754883
7063,32.31999969482422,31.504806518554688
7064,28.899999618530273,25.788841247558594
7065,14.470000267028809,11.317957878112793
7066,20.040000915527344,16.052425384521484
7067,15.779999732971191,13.547069549560547
7068,20.579999923706055,17.71771240234375
7069,50.41999816894531,51.02048110961914
7070,23.40999984741211,20.200605392456055
7071,28.690000534057617,22.172908782958984
7072,8.710000038146973,7.832562446594238
7073,15.65999984741211,12.493465423583984
7074,28.1299991607666,22.793914794921875
7075,33.130001068115234,29.500680923461914
7076,32.15999984741211,26.167205810546875
7077,37.970001220703125,29.92765235900879
7078,48.43000030517578,45.25239944458008
7079,2.690000057220459,1.5691453218460083
7080,36.63999938964844,34.523494720458984
7081,23.940000534057617,21.038129806518555
7082,38.0099983215332,36.88807678222656
7083,19.709999084472656,19.206897735595703
7084,11.800000190734863,10.469473838806152
7085,20.329999923706055,16.402856826782227
7086,13.140000343322754,9.286136627197266
7087,63.439998626708984,64.61598205566406
7088,9.6899995803833,7.107469081878662
7089,49.849998474121094,45.20469284057617
7090,49.40999984741211,46.47428512573242
7091,18.860000610351562,15.484898567199707
7092,14.8100004196167,11.138525009155273
7093,10.550000190734863,8.558660507202148
7094,5.170000076293945,2.7222442626953125
7095,8.539999961853027,6.53575325012207
7096,10.65999984741211,9.17105770111084
7097,22.360000610351562,21.140703201293945
7098,7.489999771118164,5.5062713623046875
7099,20.799999237060547,25.3179931640625
7100,13.050000190734863,10.07595443725586
7101,28.260000228881836,21.590438842773438
7102,38.369998931884766,36.40786361694336
7103,14.510000228881836,12.051497459411621
7104,12.420000076293945,10.506887435913086
7105,4.920000076293945,2.800407886505127
7106,28.8700008392334,25.585716247558594
7107,61.2599983215332,60.74906539916992
7108,19.09000015258789,17.160846710205078
7109,28.889999389648438,24.640233993530273
7110,74.45999908447266,61.44858932495117
7111,26.270000457763672,22.399343490600586
7112,46.880001068115234,37.87996292114258
7113,2.6500000953674316,1.9953867197036743
7114,12.930000305175781,10.243578910827637
7115,21.8700008392334,18.03093147277832
7116,30.049999237060547,27.34368324279785
7117,53.36000061035156,50.103477478027344
7118,25.889999389648438,23.519306182861328
7119,10.779999732971191,8.794750213623047
7120,12.829999923706055,11.2323637008667
7121,29.280000686645508,41.73722457885742
7122,25.399999618530273,22.391897201538086
7123,16.489999771118164,12.02781867980957
7124,20.520000457763672,18.272083282470703
7125,48.029998779296875,45.02095031738281
7126,68.1500015258789,64.31800079345703
7127,38.060001373291016,32.57355499267578
7128,29.6200008392334,26.37038803100586
7129,40.349998474121094,37.31187057495117
7130,30.790000915527344,27.349306106567383
7131,37.369998931884766,29.155881881713867
7132,8.050000190734863,6.39904260635376
7133,20.780000686645508,19.61444091796875
7134,11.59000015258789,9.498834609985352
7135,25.719999313354492,23.095840454101562
7136,18.31999969482422,16.10291862487793
7137,23.209999084472656,18.08820915222168
7138,52.709999084472656,49.57505416870117
7139,9.8100004196167,7.9478278160095215
7140,39.220001220703125,35.55036544799805
7141,72.30999755859375,68.56558990478516
7142,34.119998931884766,28.43878173828125
7143,36.25,30.264148712158203
7144,20.18000030517578,17.642900466918945
7145,7.590000152587891,5.786193370819092
7146,62.349998474121094,61.42673873901367
7147,52.150001525878906,59.31277084350586
7148,13.609999656677246,10.435929298400879
7149,21.59000015258789,18.810884475708008
7150,29.489999771118164,26.101699829101562
7151,27.0,22.161415100097656
7152,28.030000686645508,23.285125732421875
7153,10.720000267028809,9.24210262298584
7154,48.5,43.271759033203125
7155,23.530000686645508,19.488298416137695
7156,18.299999237060547,16.739418029785156
7157,17.8700008392334,16.463247299194336
7158,42.560001373291016,45.12772750854492
7159,60.08000183105469,53.44533920288086
7160,14.710000038146973,12.601461410522461
7161,27.90999984741211,24.71835708618164
7162,32.310001373291016,34.25541687011719
7163,28.479999542236328,24.86988067626953
7164,9.819999694824219,8.137004852294922
7165,4.340000152587891,2.417544364929199
7166,18.290000915527344,17.010089874267578
7167,58.61000061035156,56.78654861450195
7168,36.4900016784668,31.581356048583984
7169,40.4900016784668,41.277565002441406
7170,24.670000076293945,23.533950805664062
7171,38.43000030517578,35.4760856628418
7172,16.260000228881836,13.756011962890625
7173,29.15999984741211,23.839807510375977
7174,19.459999084472656,17.341632843017578
7175,19.06999969482422,15.528666496276855
7176,38.45000076293945,34.21365737915039
7177,44.29999923706055,37.942012786865234
7178,16.950000762939453,12.364875793457031
7179,16.59000015258789,12.428093910217285
7180,6.800000190734863,3.7701988220214844
7181,23.639999389648438,19.675491333007812
7182,15.670000076293945,13.719797134399414
7183,22.649999618530273,20.528146743774414
7184,7.449999809265137,4.3902716636657715
7185,24.549999237060547,27.592857360839844
7186,31.93000030517578,30.552812576293945
7187,53.630001068115234,51.19603729248047
7188,16.809999465942383,12.624335289001465
7189,49.83000183105469,48.566890716552734
7190,47.720001220703125,34.2273063659668
7191,20.260000228881836,16.30128288269043
7192,41.560001373291016,31.921480178833008
7193,39.47999954223633,35.64015579223633
7194,7.119999885559082,5.151585102081299
7195,9.800000190734863,7.027091026306152
7196,52.959999084472656,51.01948165893555
7197,30.84000015258789,26.742095947265625
7198,19.209999084472656,16.693004608154297
7199,20.170000076293945,18.015932083129883
7200,8.199999809265137,6.977570056915283
7201,12.1899995803833,9.37630844116211
7202,40.150001525878906,38.26842498779297
7203,58.58000183105469,54.037044525146484
7204,31.239999771118164,26.861446380615234
7205,34.70000076293945,34.549869537353516
7206,37.790000915527344,33.67874526977539
7207,28.139999389648438,25.562759399414062
7208,22.010000228881836,20.26245880126953
7209,51.2400016784668,50.41696548461914
7210,57.220001220703125,53.0357666015625
7211,41.56999969482422,39.70201110839844
7212,24.65999984741211,21.522066116333008
7213,27.989999771118164,24.32053565979004
7214,42.7400016784668,41.25918960571289
7215,24.450000762939453,20.859434127807617
7216,11.5600004196167,9.708403587341309
7217,41.470001220703125,41.01388168334961
7218,34.41999816894531,30.68964958190918
7219,44.58000183105469,43.52711486816406
7220,55.290000915527344,52.962074279785156
7221,44.06999969482422,36.560237884521484
7222,32.45000076293945,27.55412483215332
7223,56.2400016784668,53.325157165527344
7224,25.18000030517578,22.672710418701172
7225,53.61000061035156,51.00259017944336
7226,59.84000015258789,61.20660400390625
7227,23.860000610351562,20.638227462768555
7228,32.08000183105469,35.139854431152344
7229,25.049999237060547,23.78770637512207
7230,5.110000133514404,2.758063554763794
7231,52.75,49.75830078125
7232,17.190000534057617,13.512393951416016
7233,16.579999923706055,12.938319206237793
7234,35.9900016784668,30.592697143554688
7235,39.36000061035156,37.60647964477539
7236,9.4399995803833,7.759678363800049
7237,25.920000076293945,20.17910385131836
7238,22.479999542236328,18.92961311340332
7239,17.100000381469727,14.25986099243164
7240,70.19999694824219,67.75471496582031
7241,38.93000030517578,31.728389739990234
7242,21.200000762939453,18.23128318786621
7243,18.770000457763672,14.73929500579834
7244,72.5199966430664,68.03096008300781
7245,31.5,26.819110870361328
7246,60.13999938964844,65.6533203125
7247,18.280000686645508,14.353665351867676
7248,17.34000015258789,16.454376220703125
7249,27.639999389648438,23.949962615966797
7250,12.289999961853027,9.729341506958008
7251,35.689998626708984,28.852968215942383
7252,10.930000305175781,8.952217102050781
7253,42.47999954223633,38.40817642211914
7254,17.950000762939453,14.04569149017334
7255,46.599998474121094,42.57340621948242
7256,30.290000915527344,25.48477554321289
7257,24.100000381469727,20.329801559448242
7258,18.579999923706055,17.399187088012695
7259,26.25,22.43398666381836
7260,15.34000015258789,13.245755195617676
7261,30.989999771118164,26.01913833618164
7262,35.869998931884766,34.35422897338867
7263,43.33000183105469,39.67531967163086
7264,25.93000030517578,24.173147201538086
7265,63.220001220703125,62.073116302490234
7266,46.369998931884766,42.791255950927734
7267,8.760000228881836,6.828149795532227
7268,79.7699966430664,74.6865005493164
7269,33.599998474121094,29.75379180908203
7270,8.569999694824219,6.71728515625
7271,21.34000015258789,17.246967315673828
7272,20.079999923706055,18.54966163635254
7273,51.33000183105469,49.3466911315918
7274,41.369998931884766,35.37479782104492
7275,24.93000030517578,23.564733505249023
7276,10.130000114440918,8.12076187133789
7277,28.969999313354492,26.75562286376953
7278,56.45000076293945,54.94302749633789
7279,71.56999969482422,70.05043029785156
7280,27.280000686645508,23.86326026916504
7281,6.050000190734863,5.406177997589111
7282,22.610000610351562,20.533382415771484
7283,14.0600004196167,14.956748962402344
7284,34.5099983215332,27.45814323425293
7285,38.689998626708984,35.25982666015625
7286,48.849998474121094,42.131195068359375
7287,63.18000030517578,57.33986282348633
7288,51.81999969482422,48.743896484375
7289,8.470000267028809,8.143444061279297
7290,18.6200008392334,14.028493881225586
7291,23.530000686645508,20.047279357910156
7292,13.359999656677246,11.36234188079834
7293,32.599998474121094,28.994319915771484
7294,21.360000610351562,18.105546951293945
7295,22.989999771118164,19.996768951416016
7296,54.4900016784668,41.216915130615234
7297,20.920000076293945,19.473791122436523
7298,23.75,21.178144454956055
7299,61.790000915527344,55.72782516479492
7300,29.3799991607666,28.25067901611328
7301,58.0099983215332,55.72422409057617
7302,24.479999542236328,23.806949615478516
7303,25.489999771118164,21.799047470092773
7304,40.11000061035156,37.10629653930664
7305,32.27000045776367,31.728389739990234
7306,18.290000915527344,14.516753196716309
7307,38.66999816894531,35.528404235839844
7308,44.54999923706055,41.05343246459961
7309,61.209999084472656,59.37282180786133
7310,33.90999984741211,31.444902420043945
7311,19.149999618530273,16.226072311401367
7312,27.170000076293945,24.163593292236328
7313,36.029998779296875,31.077381134033203
7314,18.700000762939453,14.97567081451416
7315,11.449999809265137,9.150335311889648
7316,24.709999084472656,20.305389404296875
7317,45.470001220703125,37.61521530151367
7318,17.670000076293945,15.162322998046875
7319,13.239999771118164,10.829689025878906
7320,36.91999816894531,31.59107208251953
7321,38.75,37.965396881103516
7322,20.190000534057617,16.375965118408203
7323,60.779998779296875,44.69819259643555
7324,46.47999954223633,36.3780403137207
7325,44.459999084472656,38.704410552978516
7326,7.010000228881836,5.059292316436768
7327,5.099999904632568,3.6207821369171143
7328,32.25,27.792537689208984
7329,30.940000534057617,27.08670997619629
7330,18.610000610351562,14.70456314086914
7331,37.099998474121094,36.07364273071289
7332,14.710000038146973,13.284882545471191
7333,24.239999771118164,21.157602310180664
7334,31.43000030517578,31.835445404052734
7335,51.93000030517578,48.09455871582031
7336,63.52000045776367,44.48066711425781
7337,9.979999542236328,8.508339881896973
7338,42.68000030517578,39.27583312988281
7339,24.959999084472656,19.482486724853516
7340,13.199999809265137,11.341513633728027
7341,13.300000190734863,10.892668724060059
7342,40.540000915527344,38.45657730102539
7343,19.110000610351562,15.669832229614258
7344,23.09000015258789,20.511762619018555
7345,42.97999954223633,38.72781753540039
7346,26.829999923706055,24.131473541259766
7347,32.7599983215332,29.219945907592773
7348,23.5,17.2355899810791
7349,9.90999984741211,7.05935525894165
7350,29.020000457763672,24.05518341064453
7351,15.5600004196167,12.265214920043945
7352,21.940000534057617,20.548259735107422
7353,29.479999542236328,20.847631454467773
7354,18.350000381469727,15.189913749694824
7355,15.329999923706055,11.62646484375
7356,19.040000915527344,14.533269882202148
7357,6.869999885559082,5.763698101043701
7358,3.759999990463257,3.2045812606811523
7359,33.38999938964844,30.533790588378906
7360,13.449999809265137,9.850276947021484
7361,8.0,6.6536664962768555
7362,54.08000183105469,51.92818832397461
7363,23.809999465942383,22.880544662475586
7364,7.269999980926514,5.362403392791748
7365,31.270000457763672,24.596628189086914
7366,6.789999961853027,4.013627529144287
7367,14.529999732971191,12.96285343170166
7368,33.5,28.65640640258789
7369,20.209999084472656,17.047138214111328
7370,34.56999969482422,29.8138370513916
7371,35.290000915527344,37.669830322265625
7372,13.779999732971191,10.255667686462402
7373,16.139999389648438,14.444825172424316
7374,13.680000305175781,11.880414009094238
7375,33.43000030517578,31.30710220336914
7376,11.109999656677246,8.900558471679688
7377,35.900001525878906,31.77252197265625
7378,5.03000020980835,5.019188404083252
7379,42.02000045776367,36.00140380859375
7380,31.209999084472656,50.98794937133789
7381,11.890000343322754,9.748557090759277
7382,17.43000030517578,16.809722900390625
7383,17.700000762939453,15.040716171264648
7384,21.520000457763672,18.896821975708008
7385,26.209999084472656,22.84195327758789
7386,23.420000076293945,20.136873245239258
7387,45.970001220703125,48.888912200927734
7388,50.13999938964844,37.73414993286133
7389,46.400001525878906,44.248680114746094
7390,34.16999816894531,38.20267868041992
7391,14.449999809265137,11.690929412841797
7392,34.630001068115234,31.57077407836914
7393,31.510000228881836,25.64619255065918
7394,19.290000915527344,15.522544860839844
7395,62.060001373291016,54.03061294555664
7396,27.059999465942383,21.21855354309082
7397,19.610000610351562,18.249540328979492
7398,26.850000381469727,23.135068893432617
7399,53.7599983215332,53.14600372314453
7400,22.65999984741211,17.055158615112305
7401,26.200000762939453,25.5946044921875
7402,18.6299991607666,16.039270401000977
7403,20.239999771118164,18.33765411376953
7404,23.860000610351562,21.26877784729004
7405,38.099998474121094,30.773332595825195
7406,47.959999084472656,45.86314010620117
7407,28.690000534057617,24.558448791503906
7408,15.550000190734863,13.202827453613281
7409,23.260000228881836,19.493549346923828
7410,15.319999694824219,12.976349830627441
7411,5.090000152587891,4.123169898986816
7412,14.279999732971191,11.603523254394531
7413,19.760000228881836,17.232881546020508
7414,60.18000030517578,60.00453567504883
7415,8.010000228881836,6.050833702087402
7416,53.79999923706055,48.24013137817383
7417,18.950000762939453,15.968371391296387
7418,11.5600004196167,10.507827758789062
7419,31.90999984741211,28.445051193237305
7420,34.27000045776367,30.259552001953125
7421,44.849998474121094,34.194149017333984
7422,11.220000267028809,10.578238487243652
7423,35.439998626708984,32.47218322753906
7424,64.30000305175781,63.19447708129883
7425,9.0,7.864354610443115
7426,17.290000915527344,15.683768272399902
7427,23.979999542236328,20.20595932006836
7428,54.720001220703125,47.21405792236328
7429,14.270000457763672,10.415364265441895
7430,16.700000762939453,13.864567756652832
7431,25.790000915527344,21.155574798583984
7432,20.989999771118164,18.438419342041016
7433,19.0,17.13892364501953
7434,20.959999084472656,18.268630981445312
7435,23.90999984741211,19.78520965576172
7436,53.279998779296875,48.02061080932617
7437,46.40999984741211,42.09489822387695
7438,15.40999984741211,13.856480598449707
7439,50.400001525878906,36.84169387817383
7440,30.709999084472656,28.105880737304688
7441,48.41999816894531,33.967777252197266
7442,14.649999618530273,12.363569259643555
7443,14.710000038146973,12.24539852142334
7444,31.329999923706055,24.957170486450195
7445,31.31999969482422,27.10566520690918
7446,22.579999923706055,20.027484893798828
7447,36.13999938964844,29.93242645263672
7448,22.520000457763672,19.77220916748047
7449,58.16999816894531,57.85994338989258
7450,25.299999237060547,21.75716781616211
7451,41.20000076293945,39.26265335083008
7452,20.920000076293945,18.157392501831055
7453,45.06999969482422,37.089271545410156
7454,26.100000381469727,23.701553344726562
7455,39.77000045776367,34.38966751098633
7456,38.06999969482422,32.323463439941406
7457,6.829999923706055,4.3477654457092285
7458,12.960000038146973,9.6497802734375
7459,15.369999885559082,13.80322265625
7460,23.899999618530273,19.487308502197266
7461,10.25,8.935833930969238
7462,37.90999984741211,35.14076614379883
7463,32.36000061035156,40.956077575683594
7464,8.869999885559082,6.783048152923584
7465,20.209999084472656,16.38581657409668
7466,40.95000076293945,37.860416412353516
7467,20.559999465942383,18.95505142211914
7468,11.460000038146973,9.50262451171875
7469,8.529999732971191,7.334694862365723
7470,7.300000190734863,5.479731559753418
7471,67.80999755859375,65.49658203125
7472,41.27000045776367,37.3934211730957
7473,3.9200000762939453,3.6564736366271973
7474,28.829999923706055,23.537918090820312
7475,39.06999969482422,39.02406311035156
7476,32.439998626708984,28.54364013671875
7477,16.690000534057617,14.63297176361084
7478,4.050000190734863,2.0501487255096436
7479,4.239999771118164,2.980149745941162
7480,32.58000183105469,35.52956008911133
7481,50.2400016784668,45.62763595581055
7482,22.18000030517578,19.835784912109375
7483,42.9900016784668,38.58723449707031
7484,76.69999694824219,66.04248046875
7485,29.670000076293945,26.687047958374023
7486,41.790000915527344,39.29399490356445
7487,42.90999984741211,38.90903091430664
7488,35.79999923706055,28.153772354125977
7489,13.130000114440918,10.255206108093262
7490,56.790000915527344,54.27068328857422
7491,34.13999938964844,30.43877410888672
7492,24.8799991607666,21.263402938842773
7493,42.400001525878906,41.50518798828125
7494,42.13999938964844,40.55716323852539
7495,21.1299991607666,18.671031951904297
7496,20.65999984741211,18.07811737060547
7497,30.81999969482422,27.80652618408203
7498,34.040000915527344,34.645965576171875
7499,53.16999816894531,65.22787475585938
7500,33.11000061035156,30.161334991455078
7501,22.68000030517578,17.87479591369629
7502,28.049999237060547,23.942604064941406
7503,26.579999923706055,20.940040588378906
7504,9.390000343322754,7.501760005950928
7505,17.1200008392334,14.184652328491211
7506,21.829999923706055,17.800220489501953
7507,59.689998626708984,59.12150192260742
7508,44.959999084472656,42.25990295410156
7509,53.93000030517578,51.713844299316406
7510,10.960000038146973,8.235800743103027
7511,70.83000183105469,68.04073333740234
7512,9.510000228881836,8.345317840576172
7513,26.739999771118164,23.82657241821289
7514,36.709999084472656,32.317779541015625
7515,27.18000030517578,24.883930206298828
7516,31.969999313354492,27.34941864013672
7517,26.90999984741211,23.096820831298828
7518,21.100000381469727,18.151477813720703
7519,36.06999969482422,37.30081558227539
7520,25.649999618530273,23.14638900756836
7521,35.459999084472656,30.605728149414062
7522,39.70000076293945,36.293155670166016
7523,9.180000305175781,7.362463474273682
7524,19.309999465942383,16.76980972290039
7525,47.7599983215332,43.28709030151367
7526,28.6299991607666,25.442625045776367
7527,37.130001068115234,35.00185012817383
7528,37.380001068115234,34.3216438293457
7529,10.34000015258789,8.59947681427002
7530,21.760000228881836,19.66484832763672
7531,30.309999465942383,25.033615112304688
7532,24.950000762939453,20.64588737487793
7533,39.130001068115234,37.048343658447266
7534,14.65999984741211,12.145869255065918
7535,47.439998626708984,43.588443756103516
7536,66.16000366210938,58.28623580932617
7537,16.06999969482422,13.454947471618652
7538,33.15999984741211,28.21464729309082
7539,45.869998931884766,44.19441223144531
7540,21.25,18.72966194152832
7541,11.1899995803833,8.796077728271484
7542,17.770000457763672,13.792139053344727
7543,15.979999542236328,14.470693588256836
7544,17.639999389648438,14.351449012756348
7545,25.75,22.998859405517578
7546,33.810001373291016,32.304229736328125
7547,35.810001373291016,29.222816467285156
7548,23.579999923706055,19.258516311645508
7549,29.979999542236328,25.98312759399414
7550,38.439998626708984,33.41781997680664
7551,13.239999771118164,11.882558822631836
7552,2.609999895095825,1.8119615316390991
7553,30.0,27.168617248535156
7554,14.649999618530273,11.308917999267578
7555,11.880000114440918,10.563653945922852
7556,26.399999618530273,23.29851722717285
7557,14.449999809265137,11.568034172058105
7558,71.41999816894531,66.21060943603516
7559,12.069999694824219,9.827093124389648
7560,17.170000076293945,15.645179748535156
7561,31.110000610351562,25.250370025634766
7562,21.350000381469727,17.33664321899414
7563,17.079999923706055,16.75962257385254
7564,7.909999847412109,6.35067081451416
7565,28.149999618530273,23.653688430786133
7566,9.289999961853027,7.128159523010254
7567,23.600000381469727,20.831960678100586
7568,11.970000267028809,8.476974487304688
7569,17.139999389648438,14.947586059570312
7570,63.79999923706055,54.357391357421875
7571,39.88999938964844,34.77018356323242
7572,43.130001068115234,39.31575012207031
7573,17.010000228881836,14.314736366271973
7574,39.209999084472656,36.1341667175293
7575,43.119998931884766,38.935245513916016
7576,11.770000457763672,9.730426788330078
7577,5.619999885559082,3.358909845352173
7578,11.670000076293945,10.974288940429688
7579,4.309999942779541,2.966081380844116
7580,23.1299991607666,24.09926986694336
7581,36.5,31.3962459564209
7582,52.040000915527344,49.783451080322266
7583,58.91999816894531,57.20603561401367
7584,14.199999809265137,12.301228523254395
7585,34.15999984741211,30.06308937072754
7586,48.119998931884766,44.58327102661133
7587,55.5099983215332,56.94929504394531
7588,2.759999990463257,1.6793758869171143
7589,7.559999942779541,5.269207954406738
7590,36.540000915527344,31.680625915527344
7591,46.439998626708984,43.48821258544922
7592,40.91999816894531,36.41318893432617
7593,23.420000076293945,20.287837982177734
7594,6.03000020980835,3.59846830368042
7595,9.760000228881836,8.45976448059082
7596,32.31999969482422,24.547855377197266
7597,57.41999816894531,54.83943557739258
7598,51.959999084472656,51.631221771240234
7599,44.439998626708984,40.12828063964844
7600,28.739999771118164,21.074527740478516
7601,34.939998626708984,29.16533660888672
7602,45.939998626708984,42.595191955566406
7603,15.930000305175781,13.695545196533203
7604,39.72999954223633,38.11347961425781
7605,30.940000534057617,26.55889892578125
7606,60.2400016784668,56.21533966064453
7607,13.869999885559082,10.252408027648926
7608,39.18000030517578,37.4240608215332
7609,27.649999618530273,25.028413772583008
7610,6.070000171661377,5.101484775543213
7611,7.440000057220459,5.9417643547058105
7612,27.690000534057617,23.51311492919922
7613,22.860000610351562,20.02031707763672
7614,22.020000457763672,17.870683670043945
7615,4.449999809265137,2.359553337097168
7616,19.709999084472656,18.931926727294922
7617,31.75,28.20665740966797
7618,23.31999969482422,23.457408905029297
7619,40.86000061035156,40.07895278930664
7620,20.489999771118164,16.800106048583984
7621,34.15999984741211,28.558429718017578
7622,21.0,19.60652732849121
7623,30.469999313354492,24.173147201538086
7624,34.349998474121094,29.32857894897461
7625,41.86000061035156,38.17948532104492
7626,24.079999923706055,19.43129539489746
7627,30.3799991607666,26.02338981628418
7628,13.979999542236328,11.907328605651855
7629,34.7400016784668,34.585514068603516
7630,56.900001525878906,45.84478759765625
7631,18.540000915527344,14.569348335266113
7632,12.65999984741211,10.044742584228516
7633,42.900001525878906,39.596683502197266
7634,10.130000114440918,8.639564514160156
7635,26.440000534057617,20.91891860961914
7636,29.149999618530273,23.654436111450195
7637,17.34000015258789,13.966392517089844
7638,52.84000015258789,49.531951904296875
7639,32.349998474121094,29.479263305664062
7640,16.969999313354492,15.36848258972168
7641,11.229999542236328,9.334653854370117
7642,19.81999969482422,18.60430335998535
7643,64.95999908447266,56.80942916870117
7644,24.479999542236328,21.570138931274414
7645,25.540000915527344,23.51289176940918
7646,12.119999885559082,9.820674896240234
7647,44.61000061035156,40.3625373840332
7648,31.360000610351562,27.402645111083984
7649,66.70999908447266,65.08474731445312
7650,63.93000030517578,61.599853515625
7651,13.270000457763672,11.118986129760742
7652,50.02000045776367,44.43600845336914
7653,43.68000030517578,40.844356536865234
7654,33.40999984741211,28.713621139526367
7655,16.149999618530273,13.737464904785156
7656,25.329999923706055,24.487140655517578
7657,40.47999954223633,35.55436325073242
7658,10.8100004196167,10.609530448913574
7659,33.18000030517578,29.81890296936035
7660,35.7400016784668,32.41628646850586
7661,38.779998779296875,31.269466400146484
7662,27.540000915527344,24.489137649536133
7663,13.619999885559082,10.781698226928711
7664,14.180000305175781,12.425997734069824
7665,16.420000076293945,14.407184600830078
7666,17.200000762939453,13.550103187561035
7667,25.260000228881836,20.872486114501953
7668,13.670000076293945,11.725320816040039
7669,28.399999618530273,38.163734436035156
7670,29.959999084472656,23.76168441772461
7671,56.90999984741211,58.094642639160156
7672,52.560001373291016,49.13462448120117
7673,68.2699966430664,41.856834411621094
7674,6.039999961853027,3.2799246311187744
7675,4.53000020980835,2.8156118392944336
7676,56.5099983215332,53.403892517089844
7677,4.010000228881836,1.6738616228103638
7678,39.040000915527344,35.02779006958008
7679,11.390000343322754,10.092397689819336
7680,56.470001220703125,53.184810638427734
7681,17.770000457763672,15.354166984558105
7682,7.590000152587891,6.053037166595459
7683,38.36000061035156,34.32595443725586
7684,56.7599983215332,49.19795608520508
7685,7.21999979019165,4.287694931030273
7686,13.819999694824219,11.316100120544434
7687,10.75,9.122733116149902
7688,33.5099983215332,29.970561981201172
7689,24.389999389648438,20.812908172607422
7690,33.63999938964844,29.560304641723633
7691,16.90999984741211,15.117562294006348
7692,6.46999979019165,4.9071784019470215
7693,7.110000133514404,4.05841064453125
7694,33.70000076293945,29.215545654296875
7695,45.58000183105469,43.68324279785156
7696,33.08000183105469,36.0279541015625
7697,6.869999885559082,3.187333106994629
7698,5.78000020980835,3.610795259475708
7699,47.560001373291016,44.492313385009766
7700,34.70000076293945,26.662614822387695
7701,22.350000381469727,20.589107513427734
7702,17.920000076293945,15.596895217895508
7703,46.959999084472656,43.21204376220703
7704,30.1200008392334,24.507368087768555
7705,18.34000015258789,14.97922420501709
7706,14.140000343322754,11.43437385559082
7707,34.77000045776367,30.538347244262695
7708,35.59000015258789,36.01259994506836
7709,34.84000015258789,32.77351379394531
7710,36.83000183105469,32.72732925415039
7711,6.610000133514404,3.3626832962036133
7712,32.380001068115234,36.58220291137695
7713,34.650001525878906,31.587007522583008
7714,18.079999923706055,14.322920799255371
7715,8.789999961853027,7.544773578643799
7716,57.970001220703125,50.682098388671875
7717,57.099998474121094,40.41847229003906
7718,34.34000015258789,31.070762634277344
7719,20.700000762939453,17.285850524902344
7720,41.790000915527344,37.515865325927734
7721,28.049999237060547,25.045135498046875
7722,22.739999771118164,21.089550018310547
7723,20.790000915527344,18.119949340820312
7724,17.670000076293945,14.408973693847656
7725,44.5,41.16223907470703
7726,40.25,31.706317901611328
7727,13.960000038146973,11.013577461242676
7728,45.52000045776367,42.154903411865234
7729,15.880000114440918,13.856138229370117
7730,13.239999771118164,10.994598388671875
7731,9.859999656677246,6.686901569366455
7732,40.279998779296875,35.61520767211914
7733,55.380001068115234,35.68350601196289
7734,35.81999969482422,33.24714660644531
7735,53.66999816894531,51.28169631958008
7736,15.149999618530273,10.549120903015137
7737,3.6700000762939453,1.8504631519317627
7738,27.389999389648438,24.63566780090332
7739,16.670000076293945,13.796817779541016
7740,15.949999809265137,14.544057846069336
7741,59.88999938964844,57.54848861694336
7742,33.58000183105469,31.240320205688477
7743,19.489999771118164,17.787805557250977
7744,14.729999542236328,12.060956954956055
7745,41.5,37.93556594848633
7746,8.600000381469727,6.485311031341553
7747,9.890000343322754,9.554513931274414
7748,10.670000076293945,8.400425910949707
7749,17.530000686645508,13.934106826782227
7750,12.970000267028809,11.110565185546875
7751,16.6200008392334,12.828795433044434
7752,17.65999984741211,14.173336029052734
7753,70.77999877929688,70.35718536376953
7754,9.460000038146973,7.395737648010254
7755,36.060001373291016,31.623868942260742
7756,37.290000915527344,34.2764892578125
7757,22.459999084472656,22.296958923339844
7758,49.529998779296875,46.134368896484375
7759,10.720000267028809,9.19438362121582
7760,18.110000610351562,14.211374282836914
7761,7.900000095367432,4.987231731414795
7762,6.28000020980835,4.400113105773926
7763,31.989999771118164,28.077972412109375
7764,51.380001068115234,40.18347930908203
7765,11.949999809265137,10.975104331970215
7766,9.520000457763672,7.441684246063232
7767,22.690000534057617,19.231313705444336
7768,9.90999984741211,6.615615367889404
7769,10.15999984741211,8.667662620544434
7770,23.25,19.044675827026367
7771,10.369999885559082,8.426288604736328
7772,12.720000267028809,8.695459365844727
7773,36.08000183105469,31.967647552490234
7774,38.689998626708984,34.905975341796875
7775,20.260000228881836,19.91023826599121
7776,19.860000610351562,18.286502838134766
7777,62.08000183105469,60.17316818237305
7778,19.479999542236328,16.345064163208008
7779,38.79999923706055,33.6502799987793
7780,51.7400016784668,52.98786163330078
7781,13.470000267028809,11.159540176391602
7782,22.889999389648438,22.965747833251953
7783,3.5799999237060547,2.9816110134124756
7784,34.31999969482422,25.094524383544922
7785,19.84000015258789,17.119768142700195
7786,24.110000610351562,20.495464324951172
7787,8.880000114440918,7.036079406738281
7788,22.280000686645508,17.726078033447266
7789,24.8799991607666,20.198123931884766
7790,32.41999816894531,27.255884170532227
7791,34.56999969482422,31.602203369140625
7792,17.68000030517578,15.115381240844727
7793,28.149999618530273,27.53214454650879
7794,8.890000343322754,6.89727258682251
7795,12.199999809265137,10.592026710510254
7796,14.460000038146973,11.599352836608887
7797,12.039999961853027,10.002208709716797
7798,6.179999828338623,3.666046380996704
7799,61.93000030517578,39.202606201171875
7800,9.40999984741211,7.642449378967285
7801,11.770000457763672,9.551690101623535
7802,30.510000228881836,24.544811248779297
7803,63.91999816894531,59.98556137084961
7804,23.31999969482422,18.165019989013672
7805,12.239999771118164,9.320979118347168
7806,58.75,51.715824127197266
7807,32.97999954223633,29.129993438720703
7808,61.310001373291016,60.1591911315918
7809,26.059999465942383,22.462764739990234
7810,27.149999618530273,22.307361602783203
7811,25.729999542236328,20.992183685302734
7812,52.9900016784668,48.67828369140625
7813,18.610000610351562,14.744109153747559
7814,20.520000457763672,19.484302520751953
7815,15.449999809265137,12.78464412689209
7816,56.689998626708984,57.51604461669922
7817,17.90999984741211,14.766674995422363
7818,40.13999938964844,26.708656311035156
7819,13.380000114440918,11.657605171203613
7820,24.6299991607666,22.411455154418945
7821,66.20999908447266,39.340782165527344
7822,31.899999618530273,29.515277862548828
7823,40.31999969482422,37.76316833496094
7824,5.590000152587891,2.717925548553467
7825,12.0600004196167,10.374403953552246
7826,13.390000343322754,10.68664836883545
7827,54.310001373291016,52.69131851196289
7828,12.039999961853027,10.810996055603027
7829,22.850000381469727,20.97846794128418
7830,63.06999969482422,57.67341995239258
7831,45.06999969482422,43.003780364990234
7832,8.229999542236328,7.699398994445801
7833,49.02000045776367,42.75796890258789
7834,63.31999969482422,61.56430435180664
7835,49.59000015258789,44.68214797973633
7836,39.84000015258789,39.9730110168457
7837,16.1299991607666,12.652847290039062
7838,10.020000457763672,8.711434364318848
7839,17.389999389648438,15.65341854095459
7840,41.900001525878906,37.07962417602539
7841,15.920000076293945,14.461625099182129
7842,34.060001373291016,49.59272384643555
7843,38.2599983215332,36.13859558105469
7844,32.380001068115234,27.606002807617188
7845,14.010000228881836,10.949505805969238
7846,47.7599983215332,43.97788619995117
7847,37.849998474121094,36.8002815246582
7848,37.2599983215332,37.57640075683594
7849,8.3100004196167,5.882481575012207
7850,13.279999732971191,10.981066703796387
7851,34.369998931884766,32.68790817260742
7852,38.849998474121094,40.55440139770508
7853,1.059999942779541,2.4114060401916504
7854,23.739999771118164,20.51577377319336
7855,68.7699966430664,68.10513305664062
7856,13.680000305175781,11.458016395568848
7857,51.2400016784668,47.4692268371582
7858,23.030000686645508,19.375659942626953
7859,49.7400016784668,49.03592300415039
7860,8.289999961853027,6.758551597595215
7861,23.440000534057617,20.528244018554688
7862,41.5,34.73414993286133
7863,73.5,70.90763854980469
7864,40.31999969482422,43.418121337890625
7865,13.289999961853027,10.360832214355469
7866,24.459999084472656,19.110979080200195
7867,19.059999465942383,15.151152610778809
7868,19.170000076293945,14.284004211425781
7869,11.84000015258789,8.863861083984375
7870,61.040000915527344,58.50739288330078
7871,48.91999816894531,50.78055191040039
7872,8.430000305175781,7.09951114654541
7873,24.989999771118164,21.643550872802734
7874,21.719999313354492,19.73682403564453
7875,25.75,23.046672821044922
7876,15.869999885559082,12.606819152832031
7877,22.719999313354492,20.221107482910156
7878,74.33000183105469,66.08518981933594
7879,18.469999313354492,16.33396339416504
7880,60.81999969482422,37.63640213012695
7881,20.350000381469727,17.24443817138672
7882,25.100000381469727,21.128061294555664
7883,39.369998931884766,33.600826263427734
7884,9.130000114440918,6.71138858795166
7885,19.760000228881836,15.52517032623291
7886,6.409999847412109,4.920231819152832
7887,35.540000915527344,34.834144592285156
7888,24.93000030517578,21.14999771118164
7889,8.479999542236328,5.588380813598633
7890,57.33000183105469,55.499366760253906
7891,13.890000343322754,12.059759140014648
7892,38.439998626708984,35.57748031616211
7893,41.38999938964844,32.00604248046875
7894,6.519999980926514,2.6882338523864746
7895,52.220001220703125,48.46352767944336
7896,44.060001373291016,39.624698638916016
7897,6.46999979019165,5.558136463165283
7898,3.930000066757202,2.7503533363342285
7899,12.920000076293945,10.5757474899292
7900,10.119999885559082,9.036473274230957
7901,28.450000762939453,25.119884490966797
7902,2.7100000381469727,1.7050634622573853
7903,10.119999885559082,8.318303108215332
7904,8.90999984741211,7.711636066436768
7905,55.869998931884766,54.34645462036133
7906,45.33000183105469,42.38394546508789
7907,73.87999725341797,46.05792236328125
7908,27.290000915527344,24.49559783935547
7909,55.279998779296875,52.21207046508789
7910,43.11000061035156,41.896141052246094
7911,50.11000061035156,38.497676849365234
7912,48.54999923706055,44.37483215332031
7913,50.70000076293945,48.33140182495117
7914,34.52000045776367,30.84942626953125
7915,25.940000534057617,18.7650203704834
7916,14.390000343322754,13.519657135009766
7917,30.920000076293945,25.697050094604492
7918,50.91999816894531,45.68035125732422
7919,25.889999389648438,21.172876358032227
7920,32.970001220703125,30.69135856628418
7921,26.440000534057617,22.112272262573242
7922,12.920000076293945,10.254488945007324
7923,27.770000457763672,24.430442810058594
7924,47.56999969482422,42.47076416015625
7925,58.220001220703125,59.368106842041016
7926,65.06999969482422,60.815887451171875
7927,26.559999465942383,22.236928939819336
7928,3.3499999046325684,1.6868987083435059
7929,22.81999969482422,20.58190155029297
7930,55.560001373291016,53.22014236450195
7931,52.900001525878906,50.276729583740234
7932,53.709999084472656,54.44667053222656
7933,11.369999885559082,10.383692741394043
7934,2.690000057220459,2.2217214107513428
7935,13.180000305175781,11.808749198913574
7936,28.079999923706055,24.527111053466797
7937,60.130001068115234,58.09973907470703
7938,30.690000534057617,28.035140991210938
7939,12.8100004196167,10.984511375427246
7940,10.789999961853027,7.936856269836426
7941,25.860000610351562,21.869911193847656
7942,38.220001220703125,36.6588134765625
7943,38.04999923706055,36.211387634277344
7944,7.21999979019165,5.507800579071045
7945,35.619998931884766,27.406124114990234
7946,24.520000457763672,21.680217742919922
7947,30.170000076293945,35.58464050292969
7948,16.860000610351562,14.387054443359375
7949,60.16999816894531,52.6326789855957
7950,51.93000030517578,49.558876037597656
7951,12.640000343322754,9.955735206604004
7952,46.83000183105469,37.72136306762695
7953,26.549999237060547,22.68149185180664
7954,32.849998474121094,30.905479431152344
7955,34.4900016784668,29.656227111816406
7956,15.90999984741211,15.367992401123047
7957,49.86000061035156,48.173484802246094
7958,7.449999809265137,5.829391002655029
7959,70.58999633789062,66.54341125488281
7960,46.70000076293945,38.33000564575195
7961,7.119999885559082,5.436550140380859
7962,46.959999084472656,50.290977478027344
7963,32.04999923706055,28.637903213500977
7964,14.010000228881836,11.624098777770996
7965,28.06999969482422,23.32337760925293
7966,48.25,35.362972259521484
7967,49.2599983215332,37.708072662353516
7968,14.989999771118164,12.520454406738281
7969,31.81999969482422,31.170188903808594
7970,46.75,45.0964241027832
7971,41.7400016784668,38.446746826171875
7972,48.5099983215332,44.717750549316406
7973,22.18000030517578,18.53334617614746
7974,24.06999969482422,22.36963653564453
7975,13.789999961853027,12.22537612915039
7976,28.799999237060547,26.989093780517578
7977,55.04999923706055,52.56190872192383
7978,15.760000228881836,12.668359756469727
7979,11.75,9.497662544250488
7980,7.190000057220459,5.851550579071045
7981,8.75,6.762667655944824
7982,20.6200008392334,16.874238967895508
7983,41.61000061035156,37.881778717041016
7984,56.599998474121094,49.55379867553711
7985,6.75,4.3674516677856445
7986,63.939998626708984,66.01374053955078
7987,8.520000457763672,6.604124546051025
7988,18.5,14.267457962036133
7989,27.639999389648438,19.5163631439209
7990,6.53000020980835,4.597862243652344
7991,43.189998626708984,40.62031173706055
7992,14.180000305175781,11.106585502624512
7993,14.430000305175781,12.793322563171387
7994,50.869998931884766,64.71918487548828
7995,69.5,65.82574462890625
7996,10.260000228881836,8.14487361907959
7997,60.790000915527344,59.20947265625
7998,63.5,61.99934768676758
7999,56.79999923706055,52.5758171081543
8000,4.980000019073486,4.325198650360107
8001,26.149999618530273,21.196556091308594
8002,12.84000015258789,9.535160064697266
8003,8.529999732971191,6.638471603393555
8004,14.649999618530273,11.617280006408691
8005,45.54999923706055,42.73465347290039
8006,0.6399999856948853,1.073162317276001
8007,27.290000915527344,22.1842098236084
8008,34.209999084472656,37.60285949707031
8009,7.599999904632568,4.764674186706543
8010,29.829999923706055,25.498374938964844
8011,58.06999969482422,56.69050979614258
8012,24.68000030517578,22.458587646484375
8013,33.22999954223633,34.27387619018555
8014,10.65999984741211,9.549015045166016
8015,41.72999954223633,32.37469482421875
8016,46.41999816894531,47.697513580322266
8017,27.610000610351562,22.67654800415039
8018,25.440000534057617,25.61414909362793
8019,34.439998626708984,29.5368709564209
8020,29.459999084472656,26.130916595458984
8021,23.450000762939453,20.047452926635742
8022,28.290000915527344,23.69310760498047
8023,28.040000915527344,18.567115783691406
8024,31.549999237060547,27.682518005371094
8025,22.299999237060547,19.821556091308594
8026,17.31999969482422,15.479630470275879
8027,18.81999969482422,18.44520378112793
8028,45.0,40.12508773803711
8029,38.459999084472656,36.88706588745117
8030,11.609999656677246,9.70749568939209
8031,11.050000190734863,8.645384788513184
8032,55.560001373291016,52.745765686035156
8033,15.239999771118164,11.662017822265625
8034,4.679999828338623,2.5652356147766113
8035,20.260000228881836,16.08854866027832
8036,9.109999656677246,8.31999683380127
8037,16.59000015258789,14.76791763305664
8038,23.5,19.644519805908203
8039,76.33000183105469,63.707950592041016
8040,14.680000305175781,12.456619262695312
8041,19.440000534057617,16.224000930786133
8042,35.86000061035156,33.85676956176758
8043,13.020000457763672,10.864397048950195
8044,31.959999084472656,26.42568588256836
8045,22.950000762939453,22.84479331970215
8046,15.319999694824219,10.789522171020508
8047,22.760000228881836,19.381805419921875
8048,43.709999084472656,39.938865661621094
8049,26.899999618530273,22.36997413635254
8050,11.829999923706055,9.91339111328125
8051,27.84000015258789,30.38156509399414
8052,36.40999984741211,36.98326110839844
8053,11.880000114440918,9.160111427307129
8054,14.369999885559082,12.363228797912598
8055,37.650001525878906,33.12497329711914
8056,9.600000381469727,7.7051310539245605
8057,31.549999237060547,22.171619415283203
8058,17.6299991607666,15.3170804977417
8059,23.90999984741211,19.489164352416992
8060,41.529998779296875,35.90871047973633
8061,34.59000015258789,29.600252151489258
8062,10.09000015258789,8.660412788391113
8063,29.770000457763672,24.850208282470703
8064,36.720001220703125,30.196762084960938
8065,6.03000020980835,5.177096366882324
8066,30.010000228881836,26.963037490844727
8067,70.13999938964844,66.53759765625
8068,27.639999389648438,22.317272186279297
8069,46.27000045776367,42.23173522949219
8070,44.849998474121094,40.76829147338867
8071,22.709999084472656,19.832199096679688
8072,20.93000030517578,17.390506744384766
8073,21.31999969482422,21.543212890625
8074,25.479999542236328,22.296995162963867
8075,17.15999984741211,16.71895408630371
8076,47.36000061035156,43.648414611816406
8077,20.989999771118164,17.576396942138672
8078,8.670000076293945,7.765674114227295
8079,17.459999084472656,13.199978828430176
8080,22.360000610351562,14.048242568969727
8081,16.15999984741211,12.64255142211914
8082,15.760000228881836,12.740633010864258
8083,19.969999313354492,19.324710845947266
8084,8.479999542236328,6.808626651763916
8085,46.65999984741211,43.014556884765625
8086,20.709999084472656,18.940532684326172
8087,44.20000076293945,46.73444366455078
8088,73.95999908447266,62.853458404541016
8089,38.5,33.689613342285156
8090,47.25,43.79511642456055
8091,14.039999961853027,10.458536148071289
8092,13.600000381469727,11.101617813110352
8093,32.65999984741211,37.9856071472168
8094,17.68000030517578,15.553431510925293
8095,33.79999923706055,35.28279495239258
8096,33.220001220703125,32.101253509521484
8097,5.829999923706055,3.3401238918304443
8098,23.920000076293945,19.927581787109375
8099,39.68000030517578,36.116676330566406
8100,70.77999877929688,50.39971160888672
8101,33.599998474121094,30.60867691040039
8102,48.16999816894531,46.98405075073242
8103,18.850000381469727,16.961196899414062
8104,58.70000076293945,55.705284118652344
8105,24.520000457763672,20.807132720947266
8106,29.239999771118164,21.666404724121094
8107,47.02000045776367,44.46398162841797
8108,41.31999969482422,37.58012771606445
8109,10.930000305175781,11.967875480651855
8110,13.729999542236328,11.96962833404541
8111,57.7599983215332,54.8604736328125
8112,20.389999389648438,19.698810577392578
8113,30.799999237060547,27.875415802001953
8114,17.15999984741211,12.779809951782227
8115,40.959999084472656,38.95918655395508
8116,20.489999771118164,16.729787826538086
8117,58.59000015258789,35.147518157958984
8118,29.389999389648438,25.034160614013672
8119,19.190000534057617,18.96787452697754
8120,37.9900016784668,25.301918029785156
8121,23.719999313354492,22.122310638427734
8122,34.060001373291016,44.101863861083984
8123,27.510000228881836,23.39892578125
8124,28.549999237060547,26.125350952148438
8125,16.030000686645508,12.82660961151123
8126,29.010000228881836,24.37799644470215
8127,7.309999942779541,5.111782073974609
8128,8.770000457763672,6.079300880432129
8129,12.460000038146973,9.910379409790039
8130,11.399999618530273,9.926899909973145
8131,39.290000915527344,36.153480529785156
8132,12.300000190734863,10.412315368652344
8133,30.389999389648438,26.350574493408203
8134,35.369998931884766,36.3780403137207
8135,28.90999984741211,26.13789939880371
8136,39.47999954223633,35.23735046386719
8137,23.559999465942383,19.665603637695312
8138,3.3499999046325684,1.7065969705581665
8139,16.90999984741211,14.783618927001953
8140,18.530000686645508,16.223648071289062
8141,46.66999816894531,43.49208450317383
8142,37.7400016784668,29.600252151489258
8143,23.989999771118164,21.374446868896484
8144,25.209999084472656,20.95721435546875
8145,21.3700008392334,16.726577758789062
8146,13.199999809265137,11.539071083068848
8147,55.560001373291016,52.62855911254883
8148,35.52000045776367,34.75297927856445
8149,23.350000381469727,20.128185272216797
8150,26.6200008392334,24.047447204589844
8151,32.04999923706055,33.23269271850586
8152,5.78000020980835,4.044442653656006
8153,31.940000534057617,20.74909019470215
8154,47.58000183105469,39.316368103027344
8155,12.329999923706055,9.835426330566406
8156,41.88999938964844,28.06237030029297
8157,10.5,8.082416534423828
8158,14.100000381469727,11.782313346862793
8159,18.18000030517578,16.66577911376953
8160,15.270000457763672,11.35595417022705
8161,11.210000038146973,8.397194862365723
8162,23.84000015258789,20.965953826904297
8163,38.709999084472656,34.41929244995117
8164,18.309999465942383,15.71232795715332
8165,25.979999542236328,24.415578842163086
8166,26.68000030517578,23.62117576599121
8167,5.0,4.110060214996338
8168,72.36000061035156,69.89318084716797
8169,45.630001068115234,38.125057220458984
8170,24.170000076293945,20.506576538085938
8171,63.08000183105469,59.617313385009766
8172,33.630001068115234,36.67948532104492
8173,22.399999618530273,20.8756046295166
8174,33.79999923706055,29.359771728515625
8175,31.389999389648438,28.415767669677734
8176,16.299999237060547,11.466500282287598
8177,13.449999809265137,10.974745750427246
8178,1.899999976158142,2.263104200363159
8179,22.100000381469727,20.78270721435547
8180,18.239999771118164,15.059537887573242
8181,36.58000183105469,35.82339096069336
8182,12.84000015258789,11.835952758789062
8183,20.950000762939453,18.88622283935547
8184,29.290000915527344,25.55069351196289
8185,26.31999969482422,23.736591339111328
8186,14.640000343322754,13.145340919494629
8187,15.8100004196167,12.511700630187988
8188,9.899999618530273,7.62849235534668
8189,21.399999618530273,17.5052433013916
8190,21.8799991607666,24.780466079711914
8191,21.139999389648438,19.293560028076172
8192,18.489999771118164,14.391748428344727
8193,20.639999389648438,16.788848876953125
8194,33.720001220703125,31.26600456237793
8195,47.900001525878906,41.55766677856445
8196,34.29999923706055,30.774169921875
8197,26.690000534057617,24.275535583496094
8198,30.530000686645508,26.69820785522461
8199,52.97999954223633,54.25984573364258
8200,58.540000915527344,53.9627799987793
8201,46.84000015258789,40.28910446166992
8202,4.079999923706055,1.5216773748397827
8203,23.020000457763672,19.539409637451172
8204,6.349999904632568,4.733304977416992
8205,24.8700008392334,20.89456558227539
8206,9.180000305175781,7.673348903656006
8207,22.600000381469727,19.415315628051758
8208,26.950000762939453,23.000228881835938
8209,37.06999969482422,32.011192321777344
8210,21.510000228881836,18.99588394165039
8211,9.149999618530273,7.131819248199463
8212,40.189998626708984,36.07809066772461
8213,14.170000076293945,12.43388843536377
8214,11.170000076293945,10.077535629272461
8215,8.829999923706055,6.729572296142578
8216,11.1899995803833,9.308507919311523
8217,13.569999694824219,11.323025703430176
8218,32.95000076293945,29.5439453125
8219,41.0099983215332,37.255435943603516
8220,29.729999542236328,28.86073875427246
8221,43.52000045776367,40.138832092285156
8222,6.840000152587891,5.285091876983643
8223,14.630000114440918,11.68043327331543
8224,36.540000915527344,34.95326232910156
8225,69.97000122070312,70.65547180175781
8226,53.029998779296875,50.43433380126953
8227,48.06999969482422,44.31608963012695
8228,14.1899995803833,11.292339324951172
8229,13.710000038146973,10.992388725280762
8230,20.559999465942383,18.077404022216797
8231,38.61000061035156,33.6396369934082
8232,13.069999694824219,10.797674179077148
8233,12.390000343322754,10.845890045166016
8234,54.45000076293945,49.81999588012695
8235,36.79999923706055,33.815643310546875
8236,2.75,1.349510669708252
8237,17.170000076293945,16.040407180786133
8238,26.81999969482422,22.860597610473633
8239,10.25,7.930666923522949
8240,46.79999923706055,41.74240493774414
8241,29.899999618530273,29.676753997802734
8242,25.399999618530273,21.52322006225586
8243,45.13999938964844,40.5907096862793
8244,4.0,3.2471225261688232
8245,27.0,31.77682113647461
8246,38.2599983215332,40.3768196105957
8247,32.41999816894531,27.64858627319336
8248,36.84000015258789,32.90068817138672
8249,53.689998626708984,47.805206298828125
8250,66.47000122070312,65.15799713134766
8251,32.630001068115234,30.864469528198242
8252,19.639999389648438,16.682010650634766
8253,22.899999618530273,18.29444122314453
8254,52.189998626708984,54.98215866088867
8255,33.650001525878906,28.953155517578125
8256,36.400001525878906,29.053667068481445
8257,35.720001220703125,32.85276412963867
8258,30.200000762939453,25.534696578979492
8259,45.25,41.19856262207031
8260,15.989999771118164,11.806146621704102
8261,8.569999694824219,7.074295520782471
8262,32.63999938964844,28.232608795166016
8263,19.700000762939453,16.711605072021484
8264,10.489999771118164,8.14781665802002
8265,4.03000020980835,1.9472951889038086
8266,16.6299991607666,14.146202087402344
8267,39.2599983215332,32.812957763671875
8268,42.900001525878906,41.582637786865234
8269,17.989999771118164,15.05774974822998
8270,43.33000183105469,40.18466567993164
8271,61.290000915527344,59.17076110839844
8272,58.18000030517578,52.459808349609375
8273,39.720001220703125,38.343502044677734
8274,32.20000076293945,35.37241744995117
8275,18.0,15.598201751708984
8276,31.899999618530273,26.726551055908203
8277,31.729999542236328,32.324806213378906
8278,12.479999542236328,10.000575065612793
8279,52.52000045776367,52.42845153808594
8280,31.200000762939453,30.22454261779785
8281,13.579999923706055,11.99632453918457
8282,52.02000045776367,49.28290557861328
8283,43.88999938964844,38.81081008911133
8284,22.09000015258789,17.23299217224121
8285,23.5,18.649658203125
8286,37.369998931884766,30.661609649658203
8287,2.0799999237060547,1.6451261043548584
8288,2.299999952316284,1.4835922718048096
8289,39.66999816894531,30.75631332397461
8290,81.66000366210938,80.44366455078125
8291,65.83999633789062,64.76929473876953
8292,37.540000915527344,32.51846694946289
8293,15.069999694824219,11.048583030700684
8294,2.5899999141693115,1.7149338722229004
8295,22.290000915527344,20.41571044921875
8296,20.43000030517578,17.137874603271484
8297,46.939998626708984,36.38566207885742
8298,19.43000030517578,14.631185531616211
8299,24.229999542236328,22.285446166992188
8300,10.760000228881836,9.038947105407715
8301,52.41999816894531,51.34938430786133
8302,22.959999084472656,17.96728515625
8303,6.199999809265137,2.8798446655273438
8304,30.899999618530273,28.83877944946289
8305,38.41999816894531,33.95096206665039
8306,52.040000915527344,45.8768196105957
8307,55.650001525878906,54.16099166870117
8308,7.329999923706055,5.515408515930176
8309,50.630001068115234,46.8575553894043
8310,24.350000381469727,22.810462951660156
8311,18.719999313354492,16.173738479614258
8312,69.5999984741211,65.25402069091797
8313,38.439998626708984,37.22287368774414
8314,3.809999942779541,3.461937665939331
8315,31.530000686645508,26.516660690307617
8316,24.549999237060547,20.533151626586914
8317,5.039999961853027,3.017927408218384
8318,15.1899995803833,13.040848731994629
8319,19.530000686645508,16.668716430664062
8320,48.7400016784668,42.741878509521484
8321,49.380001068115234,45.709449768066406
8322,28.329999923706055,21.954261779785156
8323,49.470001220703125,44.642635345458984
8324,34.16999816894531,30.63836097717285
8325,17.729999542236328,13.563267707824707
8326,40.06999969482422,36.78861618041992
8327,21.25,19.916370391845703
8328,14.180000305175781,11.808144569396973
8329,53.68000030517578,50.094661712646484
8330,11.319999694824219,10.20651912689209
8331,38.68000030517578,33.23269271850586
8332,4.840000152587891,3.408531427383423
8333,8.010000228881836,6.8279523849487305
8334,67.06999969482422,65.90750122070312
8335,32.959999084472656,30.52328109741211
8336,46.099998474121094,41.81675338745117
8337,37.75,39.316368103027344
8338,46.11000061035156,42.72218704223633
8339,14.170000076293945,11.98017692565918
8340,10.539999961853027,8.21346378326416
8341,14.989999771118164,12.051656723022461
8342,3.069999933242798,2.6075994968414307
8343,31.170000076293945,31.357158660888672
8344,21.549999237060547,19.42717170715332
8345,44.84000015258789,40.06550216674805
8346,54.650001525878906,54.143550872802734
8347,45.709999084472656,41.79975509643555
8348,30.700000762939453,25.88013458251953
8349,39.189998626708984,33.735633850097656
8350,51.43000030517578,46.213993072509766
8351,23.110000610351562,22.590707778930664
8352,14.710000038146973,12.4750394821167
8353,23.760000228881836,22.21592903137207
8354,22.899999618530273,20.53352928161621
8355,10.449999809265137,8.084317207336426
8356,17.399999618530273,14.400498390197754
8357,31.90999984741211,26.424345016479492
8358,6.170000076293945,5.368880271911621
8359,42.970001220703125,34.98398208618164
8360,46.88999938964844,33.590538024902344
8361,15.600000381469727,14.546916961669922
8362,13.9399995803833,11.620368957519531
8363,15.0,13.234569549560547
8364,12.15999984741211,10.320331573486328
8365,9.930000305175781,8.007814407348633
8366,14.970000267028809,12.870867729187012
8367,13.729999542236328,12.944465637207031
8368,62.880001068115234,64.65280151367188
8369,25.84000015258789,36.520328521728516
8370,51.880001068115234,49.237762451171875
8371,17.280000686645508,13.986002922058105
8372,25.209999084472656,23.15260887145996
8373,45.959999084472656,34.33220291137695
8374,36.810001373291016,35.5034065246582
8375,27.139999389648438,23.83698081970215
8376,5.460000038146973,4.206045627593994
8377,42.84000015258789,38.70668411254883
8378,64.29000091552734,62.38832473754883
8379,55.47999954223633,51.89653396606445
8380,35.7599983215332,29.676753997802734
8381,22.040000915527344,17.746097564697266
8382,15.140000343322754,14.43847942352295
8383,3.0,1.707619309425354
8384,21.600000381469727,18.50359535217285
8385,7.840000152587891,5.027426719665527
8386,14.619999885559082,11.925714492797852
8387,9.34000015258789,6.994616508483887
8388,6.53000020980835,4.223972797393799
8389,33.36000061035156,28.74995994567871
8390,16.81999969482422,14.333150863647461
8391,36.310001373291016,31.856990814208984
8392,30.139999389648438,28.430038452148438
8393,66.91999816894531,65.89710998535156
8394,15.779999732971191,13.784164428710938
8395,11.279999732971191,8.778813362121582
8396,22.18000030517578,20.72298812866211
8397,44.880001068115234,50.98117446899414
8398,18.420000076293945,15.719334602355957
8399,17.030000686645508,14.795784950256348
8400,54.11000061035156,50.136295318603516
8401,16.6200008392334,13.62977123260498
8402,32.54999923706055,27.098506927490234
8403,7.139999866485596,4.749571323394775
8404,16.049999237060547,11.797865867614746
8405,23.940000534057617,19.539653778076172
8406,23.209999084472656,19.917678833007812
8407,18.489999771118164,16.95862579345703
8408,26.549999237060547,26.561328887939453
8409,6.730000019073486,5.268707752227783
8410,37.88999938964844,36.00175094604492
8411,7.599999904632568,6.570486068725586
8412,7.579999923706055,5.740291118621826
8413,21.389999389648438,17.753843307495117
8414,44.95000076293945,36.918373107910156
8415,29.940000534057617,25.993743896484375
8416,30.440000534057617,27.35868263244629
8417,12.239999771118164,11.289565086364746
8418,1.059999942779541,0.982458233833313
8419,11.630000114440918,10.159021377563477
8420,35.060001373291016,31.90402603149414
8421,72.80999755859375,65.82382202148438
8422,14.390000343322754,12.404881477355957
8423,11.470000267028809,9.621947288513184
8424,24.649999618530273,21.605737686157227
8425,15.0,12.832335472106934
8426,31.639999389648438,31.14827537536621
8427,10.880000114440918,5.911793231964111
8428,34.810001373291016,32.17665481567383
8429,9.630000114440918,8.179397583007812
8430,15.760000228881836,13.249518394470215
8431,9.069999694824219,5.261338710784912
8432,30.770000457763672,28.696840286254883
8433,49.70000076293945,44.74695587158203
8434,19.889999389648438,16.67464828491211
8435,11.65999984741211,9.307088851928711
8436,42.91999816894531,36.4463005065918
8437,24.1200008392334,21.288097381591797
8438,25.969999313354492,22.365406036376953
8439,66.1500015258789,64.62313842773438
8440,3.109999895095825,1.4866868257522583
8441,50.689998626708984,44.568782806396484
8442,9.369999885559082,8.127493858337402
8443,38.90999984741211,39.6461067199707
8444,73.79000091552734,71.63700866699219
8445,46.689998626708984,44.52109909057617
8446,22.579999923706055,20.953445434570312
8447,30.56999969482422,26.139801025390625
8448,34.91999816894531,28.548612594604492
8449,53.18000030517578,51.25062561035156
8450,51.9900016784668,47.152915954589844
8451,13.609999656677246,11.974885940551758
8452,14.260000228881836,11.691762924194336
8453,39.220001220703125,36.864601135253906
8454,11.199999809265137,9.155333518981934
8455,55.060001373291016,50.1613655090332
8456,12.350000381469727,10.146089553833008
8457,53.0099983215332,52.66189193725586
8458,8.640000343322754,7.457333087921143
8459,24.399999618530273,23.796279907226562
8460,18.719999313354492,15.209927558898926
8461,29.09000015258789,24.84700584411621
8462,16.969999313354492,14.440469741821289
8463,3.2300000190734863,3.088979721069336
8464,24.219999313354492,22.214092254638672
8465,25.969999313354492,23.12196922302246
8466,9.720000267028809,8.548913955688477
8467,35.380001068115234,33.258628845214844
8468,4.210000038146973,2.0570151805877686
8469,31.09000015258789,26.027267456054688
8470,32.52000045776367,28.755149841308594
8471,20.149999618530273,17.279315948486328
8472,40.66999816894531,36.355072021484375
8473,55.77000045776367,52.83047103881836
8474,77.04000091552734,72.38053131103516
8475,25.700000762939453,23.291593551635742
8476,9.279999732971191,7.350017547607422
8477,36.68000030517578,33.02663803100586
8478,21.18000030517578,21.140331268310547
8479,37.060001373291016,38.11066436767578
8480,49.84000015258789,47.71302032470703
8481,33.880001068115234,28.626802444458008
8482,37.310001373291016,33.98752975463867
8483,21.190000534057617,16.937305450439453
8484,10.069999694824219,8.444067001342773
8485,37.970001220703125,33.415122985839844
8486,33.310001373291016,27.71751594543457
8487,45.06999969482422,44.525821685791016
8488,48.75,42.672611236572266
8489,3.569999933242798,2.443525552749634
8490,14.90999984741211,12.405470848083496
8491,28.829999923706055,25.61102294921875
8492,18.030000686645508,16.105566024780273
8493,15.170000076293945,13.27136516571045
8494,36.40999984741211,33.811710357666016
8495,38.9900016784668,40.3625373840332
8496,13.289999961853027,9.866016387939453
8497,57.900001525878906,56.68389129638672
8498,29.34000015258789,25.364999771118164
8499,36.27000045776367,31.534671783447266
8500,54.52000045776367,53.5134391784668
8501,18.979999542236328,15.140138626098633
8502,20.030000686645508,17.34385871887207
8503,20.149999618530273,16.49073028564453
8504,25.0,23.53534698486328
8505,18.90999984741211,15.601836204528809
8506,29.309999465942383,24.381305694580078
8507,50.22999954223633,49.369380950927734
8508,22.309999465942383,19.664241790771484
8509,18.030000686645508,13.472723960876465
8510,28.709999084472656,25.872236251831055
8511,58.380001068115234,50.741451263427734
8512,12.15999984741211,10.220505714416504
8513,11.989999771118164,9.381096839904785
8514,20.809999465942383,17.00697898864746
8515,11.130000114440918,9.581761360168457
8516,14.670000076293945,11.293423652648926
8517,36.470001220703125,32.307132720947266
8518,16.8799991607666,14.191256523132324
8519,16.770000457763672,14.259845733642578
8520,4.510000228881836,3.1012978553771973
8521,29.75,26.492534637451172
8522,44.41999816894531,42.0721321105957
8523,37.75,32.977195739746094
8524,37.72999954223633,36.209171295166016
8525,27.190000534057617,23.816240310668945
8526,64.43000030517578,63.86097717285156
8527,8.4399995803833,5.569709300994873
8528,53.2599983215332,49.924644470214844
8529,27.309999465942383,22.31423568725586
8530,18.440000534057617,16.236862182617188
8531,39.540000915527344,37.369441986083984
8532,19.389999389648438,16.130714416503906
8533,38.209999084472656,33.25226974487305
8534,28.8799991607666,25.96129608154297
8535,8.029999732971191,5.7382025718688965
8536,40.790000915527344,37.58124923706055
8537,15.399999618530273,14.86688232421875
8538,40.099998474121094,35.98005676269531
8539,44.310001373291016,37.369319915771484
8540,36.5099983215332,29.912460327148438
8541,21.649999618530273,17.223569869995117
8542,14.789999961853027,13.01328182220459
8543,37.5099983215332,32.61935043334961
8544,30.1200008392334,22.392663955688477
8545,60.060001373291016,57.00742721557617
8546,27.6299991607666,24.15355110168457
8547,15.680000305175781,13.255715370178223
8548,5.820000171661377,4.27144718170166
8549,58.470001220703125,57.68828582763672
8550,48.38999938964844,45.8802490234375
8551,3.309999942779541,1.8424389362335205
8552,48.5099983215332,35.114479064941406
8553,28.709999084472656,27.603662490844727
8554,27.549999237060547,21.447681427001953
8555,11.770000457763672,8.65097427368164
8556,53.720001220703125,52.10837936401367
8557,24.34000015258789,22.694562911987305
8558,29.549999237060547,26.34593963623047
8559,34.689998626708984,30.823471069335938
8560,28.760000228881836,24.449052810668945
8561,73.5199966430664,71.0223159790039
8562,3.8499999046325684,1.7200276851654053
8563,35.189998626708984,31.8570556640625
8564,10.829999923706055,9.099174499511719
8565,2.940000057220459,2.909003257751465
8566,19.729999542236328,16.566146850585938
8567,20.3799991607666,16.393291473388672
8568,54.40999984741211,51.207725524902344
8569,56.13999938964844,54.619937896728516
8570,13.270000457763672,11.403791427612305
8571,23.920000076293945,21.83746910095215
8572,24.059999465942383,20.699438095092773
8573,12.649999618530273,9.811382293701172
8574,22.809999465942383,19.688392639160156
8575,39.880001068115234,35.75519561767578
8576,32.84000015258789,35.437110900878906
8577,45.310001373291016,45.12790298461914
8578,46.560001373291016,47.11411666870117
8579,5.800000190734863,4.095649719238281
8580,57.06999969482422,54.332271575927734
8581,56.04999923706055,57.46186828613281
8582,64.52999877929688,54.83943557739258
8583,30.049999237060547,26.089874267578125
8584,23.049999237060547,20.910789489746094
8585,6.210000038146973,4.9498820304870605
8586,53.630001068115234,52.686431884765625
8587,48.099998474121094,42.786895751953125
8588,30.8799991607666,25.612260818481445
8589,39.36000061035156,36.41777801513672
8590,34.599998474121094,31.156818389892578
8591,22.290000915527344,17.59602165222168
8592,10.510000228881836,9.54632568359375
8593,20.329999923706055,17.03484344482422
8594,17.329999923706055,14.918854713439941
8595,4.75,2.7016749382019043
8596,45.81999969482422,44.26023483276367
8597,26.329999923706055,24.814651489257812
8598,22.690000534057617,18.821002960205078
8599,43.810001373291016,41.89931106567383
8600,35.099998474121094,31.282917022705078
8601,47.41999816894531,44.44148635864258
8602,24.979999542236328,22.902793884277344
8603,40.91999816894531,38.876407623291016
8604,49.93000030517578,40.94050979614258
8605,4.579999923706055,3.3798537254333496
8606,64.95999908447266,65.68231201171875
8607,46.279998779296875,43.896053314208984
8608,44.22999954223633,38.205711364746094
8609,19.600000381469727,16.76517105102539
8610,41.060001373291016,34.225791931152344
8611,30.190000534057617,25.70075798034668
8612,14.920000076293945,12.660795211791992
8613,29.700000762939453,25.469797134399414
8614,3.7799999713897705,2.1466944217681885
8615,33.720001220703125,30.78936767578125
8616,24.290000915527344,19.597286224365234
8617,13.739999771118164,10.903918266296387
8618,15.0,12.77158260345459
8619,20.190000534057617,15.768004417419434
8620,52.7599983215332,48.279884338378906
8621,57.04999923706055,54.26249694824219
8622,10.550000190734863,8.597209930419922
8623,32.79999923706055,27.902103424072266
8624,2.5299999713897705,1.557855248451233
8625,8.979999542236328,6.817777633666992
8626,28.260000228881836,23.14771842956543
8627,47.540000915527344,46.3302116394043
8628,45.439998626708984,41.80635070800781
8629,33.65999984741211,32.990760803222656
8630,37.84000015258789,33.41561508178711
8631,25.59000015258789,22.602602005004883
8632,21.940000534057617,17.820526123046875
8633,23.219999313354492,17.660120010375977
8634,22.600000381469727,18.778560638427734
8635,34.13999938964844,31.41960906982422
8636,47.939998626708984,47.37419891357422
8637,35.970001220703125,32.74326705932617
8638,42.93000030517578,38.94551467895508
8639,43.04999923706055,39.89120864868164
8640,34.20000076293945,31.335248947143555
8641,18.170000076293945,14.238183975219727
8642,15.960000038146973,12.795220375061035
8643,15.520000457763672,12.563858032226562
8644,18.579999923706055,16.175743103027344
8645,59.790000915527344,54.11002731323242
8646,1.0299999713897705,1.1661673784255981
8647,35.36000061035156,31.919048309326172
8648,44.869998931884766,34.25541687011719
8649,49.31999969482422,45.40129852294922
8650,20.479999542236328,17.851343154907227
8651,7.119999885559082,4.758828163146973
8652,10.140000343322754,8.270524024963379
8653,45.2400016784668,42.54523468017578
8654,57.09000015258789,52.9278450012207
8655,16.790000915527344,14.718003273010254
8656,8.529999732971191,7.052746295928955
8657,30.010000228881836,23.734638214111328
8658,30.579999923706055,26.467660903930664
8659,21.170000076293945,16.80800437927246
8660,40.619998931884766,38.20191192626953
8661,26.299999237060547,23.967580795288086
8662,8.619999885559082,6.5697455406188965
8663,21.90999984741211,18.91092872619629
8664,41.06999969482422,39.35000991821289
8665,22.520000457763672,19.138660430908203
8666,20.770000457763672,18.183467864990234
8667,7.360000133514404,4.240828514099121
8668,8.020000457763672,7.045671463012695
8669,56.7400016784668,56.54610061645508
8670,30.81999969482422,25.69482421875
8671,30.059999465942383,26.5821475982666
8672,52.220001220703125,52.968177795410156
8673,35.5099983215332,31.3172607421875
8674,40.15999984741211,36.63066482543945
8675,22.469999313354492,21.12826919555664
8676,9.420000076293945,7.274967670440674
8677,51.099998474121094,47.66299819946289
8678,15.649999618530273,11.577128410339355
8679,29.809999465942383,30.24505043029785
8680,27.540000915527344,29.773439407348633
8681,43.56999969482422,37.61569595336914
8682,30.1200008392334,25.556724548339844
8683,33.91999816894531,28.974742889404297
8684,28.149999618530273,24.062545776367188
8685,37.779998779296875,27.922212600708008
8686,9.279999732971191,7.5271897315979
8687,67.5199966430664,67.69076538085938
8688,40.9900016784668,38.12421798706055
8689,11.529999732971191,9.145501136779785
8690,32.97999954223633,31.015546798706055
8691,37.029998779296875,33.54609680175781
8692,25.799999237060547,22.086105346679688
8693,33.70000076293945,31.220237731933594
8694,21.0,19.297260284423828
8695,26.219999313354492,22.569480895996094
8696,13.239999771118164,11.373624801635742
8697,5.28000020980835,2.685105800628662
8698,61.68000030517578,56.22915267944336
8699,21.760000228881836,19.4283390045166
8700,5.920000076293945,4.840284824371338
8701,31.280000686645508,29.19055938720703
8702,5.150000095367432,3.6981310844421387
8703,10.260000228881836,8.212894439697266
8704,8.09000015258789,6.521434783935547
8705,12.760000228881836,10.604501724243164
8706,7.190000057220459,4.939103126525879
8707,67.52999877929688,63.093685150146484
8708,37.29999923706055,30.591934204101562
8709,21.649999618530273,19.941267013549805
8710,28.139999389648438,26.61873435974121
8711,5.110000133514404,3.987424373626709
8712,49.79999923706055,44.79773712158203
8713,37.97999954223633,34.3123893737793
8714,25.219999313354492,21.344263076782227
8715,18.469999313354492,15.271998405456543
8716,11.600000381469727,8.262661933898926
8717,36.43000030517578,32.68865966796875
8718,53.130001068115234,51.28169631958008
8719,19.940000534057617,17.06822395324707
8720,42.189998626708984,40.22263717651367
8721,8.239999771118164,6.8409247398376465
8722,65.70999908447266,46.444820404052734
8723,32.77000045776367,30.774757385253906
8724,8.670000076293945,6.3915696144104
8725,71.36000061035156,52.50307083129883
8726,16.420000076293945,12.890098571777344
8727,46.65999984741211,41.87326431274414
8728,33.08000183105469,30.167062759399414
8729,15.359999656677246,12.945591926574707
8730,32.349998474121094,30.92049217224121
8731,43.61000061035156,40.2891731262207
8732,18.34000015258789,16.550846099853516
8733,28.780000686645508,25.9995059967041
8734,16.329999923706055,14.1550931930542
8735,43.02000045776367,37.50663375854492
8736,13.569999694824219,10.011757850646973
8737,29.530000686645508,22.659358978271484
8738,8.649999618530273,6.732516765594482
8739,34.11000061035156,29.87250518798828
8740,54.880001068115234,55.52046585083008
8741,28.190000534057617,24.913190841674805
8742,13.65999984741211,12.073232650756836
8743,13.210000038146973,10.649943351745605
8744,20.329999923706055,17.291521072387695
8745,19.389999389648438,16.013153076171875
8746,23.469999313354492,17.333728790283203
8747,5.059999942779541,3.6476447582244873
8748,30.709999084472656,24.201616287231445
8749,25.059999465942383,27.57029914855957
8750,20.110000610351562,15.459638595581055
8751,51.720001220703125,43.22130584716797
8752,51.439998626708984,45.23871994018555
8753,3.6700000762939453,2.04111909866333
8754,29.049999237060547,26.250286102294922
8755,27.65999984741211,18.1400203704834
8756,25.84000015258789,18.940532684326172
8757,41.099998474121094,37.543113708496094
8758,31.549999237060547,29.754074096679688
8759,23.65999984741211,21.704381942749023
8760,54.08000183105469,52.91175842285156
8761,15.279999732971191,12.088829040527344
8762,28.040000915527344,25.510723114013672
8763,5.099999904632568,2.5884761810302734
8764,15.279999732971191,12.35049819946289
8765,31.510000228881836,28.607563018798828
8766,28.360000610351562,25.252893447875977
8767,17.479999542236328,15.038347244262695
8768,24.1299991607666,19.7825870513916
8769,37.79999923706055,31.75841522216797
8770,38.33000183105469,40.93022155761719
8771,5.610000133514404,3.1089818477630615
8772,29.420000076293945,27.00959587097168
8773,76.94999694824219,37.15149688720703
8774,5.139999866485596,2.9001221656799316
8775,3.430000066757202,2.626006603240967
8776,29.149999618530273,24.747196197509766
8777,20.8700008392334,17.197696685791016
8778,5.389999866485596,3.1689484119415283
8779,17.290000915527344,14.681933403015137
8780,21.899999618530273,20.247940063476562
8781,19.989999771118164,17.113584518432617
8782,15.760000228881836,14.301724433898926
8783,11.420000076293945,8.233464241027832
8784,31.760000228881836,26.00344467163086
8785,18.579999923706055,16.20955467224121
8786,53.439998626708984,42.937896728515625
8787,79.58999633789062,64.4495620727539
8788,71.06999969482422,64.6981201171875
8789,32.5099983215332,27.952510833740234
8790,10.670000076293945,9.123002052307129
8791,17.09000015258789,13.007902145385742
8792,10.989999771118164,9.369417190551758
8793,37.09000015258789,31.338172912597656
8794,2.5999999046325684,1.3353792428970337
8795,7.230000019073486,4.509692192077637
8796,49.41999816894531,48.637535095214844
8797,5.369999885559082,2.943643093109131
8798,42.02000045776367,34.666229248046875
8799,19.780000686645508,16.750429153442383
8800,4.289999961853027,3.6369173526763916
8801,69.29000091552734,69.01066589355469
8802,15.069999694824219,11.987716674804688
8803,19.530000686645508,17.09760284423828
8804,58.2400016784668,63.40134048461914
8805,18.360000610351562,15.041953086853027
8806,16.43000030517578,13.817512512207031
8807,12.600000381469727,11.263962745666504
8808,31.719999313354492,25.22321319580078
8809,12.390000343322754,11.742877006530762
8810,44.84000015258789,41.50794219970703
8811,44.810001373291016,40.25531768798828
8812,15.880000114440918,14.248013496398926
8813,6.349999904632568,5.325106620788574
8814,76.33999633789062,38.20267868041992
8815,13.640000343322754,11.232254981994629
8816,8.619999885559082,5.807931900024414
8817,37.119998931884766,32.302818298339844
8818,31.010000228881836,27.15413475036621
8819,2.130000114440918,1.4737861156463623
8820,12.3100004196167,10.281356811523438
8821,47.099998474121094,40.34783935546875
8822,38.130001068115234,33.96778869628906
8823,4.090000152587891,3.9765655994415283
8824,17.200000762939453,13.803064346313477
8825,14.369999885559082,11.184011459350586
8826,9.4399995803833,7.857233047485352
8827,31.649999618530273,28.15736961364746
8828,31.209999084472656,27.040403366088867
8829,38.11000061035156,35.920135498046875
8830,11.550000190734863,9.731698036193848
8831,23.770000457763672,18.11369514465332
8832,10.039999961853027,7.952023983001709
8833,6.739999771118164,4.629591941833496
8834,55.599998474121094,47.25424575805664
8835,39.7400016784668,33.35224914550781
8836,67.11000061035156,63.709449768066406
8837,37.16999816894531,39.62541961669922
8838,29.81999969482422,28.16771697998047
8839,7.630000114440918,6.4360551834106445
8840,5.369999885559082,4.121311187744141
8841,43.7400016784668,43.64494323730469
8842,36.86000061035156,30.382333755493164
8843,22.969999313354492,19.275096893310547
8844,23.8799991607666,22.31249237060547
8845,23.989999771118164,20.96769905090332
8846,11.180000305175781,9.583627700805664
8847,29.1299991607666,26.735050201416016
8848,14.890000343322754,12.48709774017334
8849,25.520000457763672,20.494548797607422
8850,50.709999084472656,47.825435638427734
8851,9.600000381469727,8.02271842956543
8852,10.630000114440918,9.504447937011719
8853,31.43000030517578,31.418914794921875
8854,76.16999816894531,77.99414825439453
8855,30.209999084472656,26.455415725708008
8856,40.810001373291016,38.746665954589844
8857,22.1299991607666,18.4615421295166
8858,44.38999938964844,42.736087799072266
8859,53.630001068115234,50.340179443359375
8860,32.0,24.71086883544922
8861,30.8799991607666,27.628803253173828
8862,34.040000915527344,29.83514976501465
8863,7.340000152587891,5.967635154724121
8864,25.420000076293945,22.84194564819336
8865,78.86000061035156,79.50862884521484
8866,29.1200008392334,23.179603576660156
8867,19.989999771118164,18.248048782348633
8868,32.119998931884766,29.76685905456543
8869,49.59000015258789,41.41265106201172
8870,19.84000015258789,17.738258361816406
8871,30.209999084472656,26.275421142578125
8872,45.959999084472656,42.80528259277344
8873,18.8700008392334,15.61616325378418
8874,34.9900016784668,33.18757629394531
8875,30.329999923706055,27.422941207885742
8876,24.969999313354492,22.836605072021484
8877,34.63999938964844,31.286331176757812
8878,33.65999984741211,39.54694747924805
8879,34.439998626708984,28.517242431640625
8880,50.5,40.2891731262207
8881,48.95000076293945,38.78768539428711
8882,24.350000381469727,19.404394149780273
8883,68.94000244140625,61.15346908569336
8884,48.29999923706055,46.589054107666016
8885,22.579999923706055,19.054956436157227
8886,23.15999984741211,21.954261779785156
8887,48.22999954223633,33.53136444091797
8888,14.34000015258789,12.602408409118652
8889,56.2400016784668,49.9802360534668
8890,3.3499999046325684,1.5757975578308105
8891,24.049999237060547,21.87649154663086
8892,22.43000030517578,19.55659294128418
8893,14.1899995803833,11.073884010314941
8894,47.61000061035156,48.0545768737793
8895,80.12000274658203,51.44639205932617
8896,8.90999984741211,6.957247257232666
8897,25.8799991607666,26.1541805267334
8898,12.460000038146973,9.689666748046875
8899,32.040000915527344,27.205799102783203
8900,31.739999771118164,21.64104461669922
8901,20.68000030517578,18.38568687438965
8902,37.099998474121094,35.050132751464844
8903,24.260000228881836,22.329856872558594
8904,19.479999542236328,18.486562728881836
8905,22.030000686645508,21.9908447265625
8906,36.369998931884766,36.96818161010742
8907,14.869999885559082,13.127947807312012
8908,26.239999771118164,22.862581253051758
8909,12.270000457763672,10.80467700958252
8910,13.289999961853027,11.153635025024414
8911,33.59000015258789,29.20238494873047
8912,26.469999313354492,22.50106430053711
8913,36.040000915527344,32.052833557128906
8914,30.3799991607666,28.294597625732422
8915,27.93000030517578,22.26237678527832
8916,39.81999969482422,36.95940399169922
8917,30.639999389648438,28.028249740600586
8918,37.7599983215332,35.048831939697266
8919,8.739999771118164,7.234007835388184
8920,33.43000030517578,29.092058181762695
8921,24.149999618530273,22.017518997192383
8922,32.5099983215332,31.011310577392578
8923,39.0099983215332,35.02663803100586
8924,53.13999938964844,53.008121490478516
8925,1.1200000047683716,1.0523595809936523
8926,32.22999954223633,30.161155700683594
8927,20.110000610351562,18.435199737548828
8928,38.38999938964844,33.0400276184082
8929,9.609999656677246,7.971444606781006
8930,34.540000915527344,33.4740104675293
8931,18.200000762939453,16.07988739013672
8932,36.72999954223633,32.194068908691406
8933,46.15999984741211,31.11430549621582
8934,17.969999313354492,14.416740417480469
8935,20.75,17.697200775146484
8936,6.860000133514404,3.852372884750366
8937,27.190000534057617,23.73749542236328
8938,41.43000030517578,36.35706329345703
8939,14.119999885559082,11.353677749633789
8940,5.630000114440918,3.578059434890747
8941,44.13999938964844,43.021610260009766
8942,12.609999656677246,10.598114013671875
8943,21.899999618530273,19.311878204345703
8944,27.770000457763672,27.098506927490234
8945,24.280000686645508,20.26245880126953
8946,33.369998931884766,33.15822982788086
8947,13.100000381469727,11.262906074523926
8948,8.819999694824219,7.042813301086426
8949,17.09000015258789,14.999945640563965
8950,12.670000076293945,9.993695259094238
8951,71.68000030517578,52.4948844909668
8952,7.960000038146973,6.779144287109375
8953,31.229999542236328,26.900922775268555
8954,2.9800000190734863,1.8352407217025757
8955,37.4900016784668,34.92336654663086
8956,14.430000305175781,11.735308647155762
8957,7.019999980926514,4.68823766708374
8958,35.04999923706055,31.744247436523438
8959,29.84000015258789,24.25943374633789
8960,21.75,18.02276611328125
8961,28.510000228881836,25.484209060668945
8962,50.43000030517578,46.577999114990234
8963,38.66999816894531,33.827083587646484
8964,13.479999542236328,10.851861000061035
8965,44.36000061035156,42.30174255371094
8966,18.959999084472656,15.54654598236084
8967,28.459999084472656,21.187583923339844
8968,0.9200000166893005,0.9912470579147339
8969,57.47999954223633,53.72970199584961
8970,15.720000267028809,13.222626686096191
8971,47.279998779296875,43.24626541137695
8972,38.0099983215332,32.75446319580078
8973,18.59000015258789,15.18862533569336
8974,22.860000610351562,21.707103729248047
8975,2.200000047683716,3.349130153656006
8976,60.95000076293945,56.91481399536133
8977,19.25,17.33142852783203
8978,19.25,16.25741195678711
8979,27.65999984741211,25.46608543395996
8980,4.150000095367432,2.352229118347168
8981,41.369998931884766,37.7005729675293
8982,16.760000228881836,13.04478645324707
8983,19.170000076293945,16.085468292236328
8984,7.940000057220459,4.238317489624023
8985,19.90999984741211,16.901979446411133
8986,17.59000015258789,14.343403816223145
8987,20.670000076293945,16.88765525817871
8988,5.929999828338623,3.4586164951324463
8989,25.860000610351562,24.86083984375
8990,19.709999084472656,21.101699829101562
8991,53.650001525878906,51.914066314697266
8992,35.459999084472656,27.570552825927734
8993,23.09000015258789,20.105789184570312
8994,25.84000015258789,25.530384063720703
8995,37.59000015258789,33.236568450927734
8996,21.389999389648438,18.226552963256836
8997,20.190000534057617,15.754969596862793
8998,32.900001525878906,31.70989227294922
8999,53.529998779296875,52.68528366088867
9000,37.06999969482422,35.04954528808594
9001,28.5,29.43988037109375
9002,3.3499999046325684,1.6350840330123901
9003,47.720001220703125,45.3603630065918
9004,60.9900016784668,57.83486557006836
9005,46.040000915527344,42.758235931396484
9006,22.709999084472656,18.123231887817383
9007,8.359999656677246,7.096827983856201
9008,33.720001220703125,27.996232986450195
9009,25.940000534057617,23.24268341064453
9010,14.630000114440918,11.977604866027832
9011,6.739999771118164,6.0237603187561035
9012,56.7599983215332,52.48979568481445
9013,26.75,23.597579956054688
9014,60.86000061035156,60.674102783203125
9015,9.770000457763672,7.819344997406006
9016,40.619998931884766,37.3241081237793
9017,21.639999389648438,18.50916290283203
9018,10.880000114440918,8.97835636138916
9019,52.06999969482422,42.9854621887207
9020,20.219999313354492,18.125812530517578
9021,4.849999904632568,3.2824149131774902
9022,16.010000228881836,13.920318603515625
9023,20.860000610351562,19.635883331298828
9024,28.09000015258789,24.38337516784668
9025,8.479999542236328,7.688813209533691
9026,48.52000045776367,44.04368209838867
9027,38.310001373291016,37.1315803527832
9028,40.97999954223633,35.624996185302734
9029,8.899999618530273,7.436572551727295
9030,47.779998779296875,46.18350601196289
9031,49.11000061035156,42.630184173583984
9032,39.90999984741211,34.73784637451172
9033,52.36000061035156,48.11222457885742
9034,18.020000457763672,15.067770004272461
9035,50.540000915527344,42.46870803833008
9036,29.68000030517578,23.907344818115234
9037,6.53000020980835,5.885675430297852
9038,12.670000076293945,11.054608345031738
9039,15.170000076293945,12.645261764526367
9040,21.1299991607666,20.079280853271484
9041,52.04999923706055,52.11281967163086
9042,11.390000343322754,9.588212013244629
9043,42.189998626708984,39.86029052734375
9044,32.70000076293945,27.5097713470459
9045,50.43000030517578,49.883052825927734
9046,57.97999954223633,59.01456069946289
9047,16.90999984741211,14.524791717529297
9048,24.670000076293945,20.635746002197266
9049,4.070000171661377,3.622206926345825
9050,62.939998626708984,61.28242111206055
9051,14.949999809265137,12.931922912597656
9052,8.430000305175781,6.065709114074707
9053,10.010000228881836,8.46310806274414
9054,20.020000457763672,18.341306686401367
9055,1.309999942779541,1.0213828086853027
9056,41.900001525878906,37.69529342651367
9057,33.560001373291016,30.91695785522461
9058,48.119998931884766,44.19352340698242
9059,42.869998931884766,40.819210052490234
9060,21.100000381469727,18.74964141845703
9061,54.810001373291016,52.53689956665039
9062,34.11000061035156,26.804576873779297
9063,53.13999938964844,35.37306594848633
9064,37.790000915527344,34.089298248291016
9065,56.09000015258789,48.69990158081055
9066,16.690000534057617,13.850214004516602
9067,24.6200008392334,22.134017944335938
9068,32.209999084472656,29.733579635620117
9069,46.43000030517578,44.39700698852539
9070,24.75,20.563823699951172
9071,17.760000228881836,14.056257247924805
9072,31.190000534057617,25.91197967529297
9073,27.309999465942383,24.440397262573242
9074,19.649999618530273,16.810422897338867
9075,25.139999389648438,22.309600830078125
9076,29.200000762939453,26.532732009887695
9077,17.200000762939453,13.3310546875
9078,16.81999969482422,13.80801773071289
9079,17.969999313354492,14.296451568603516
9080,28.940000534057617,24.48872947692871
9081,39.0,37.82966995239258
9082,23.520000457763672,20.69837188720703
9083,12.270000457763672,10.386942863464355
9084,17.469999313354492,15.108367919921875
9085,2.4100000858306885,1.5778776407241821
9086,23.459999084472656,20.319988250732422
9087,20.459999084472656,17.478832244873047
9088,26.43000030517578,22.10808563232422
9089,39.40999984741211,36.67178726196289
9090,55.560001373291016,51.3876838684082
9091,25.200000762939453,20.301939010620117
9092,54.43000030517578,47.50664138793945
9093,26.690000534057617,24.019474029541016
9094,23.3700008392334,20.31562042236328
9095,21.219999313354492,18.631061553955078
9096,6.269999980926514,4.179348468780518
9097,28.56999969482422,25.697128295898438
9098,19.799999237060547,17.75122833251953
9099,12.859999656677246,10.984482765197754
9100,6.710000038146973,4.629561424255371
9101,19.75,18.859085083007812
9102,13.8100004196167,12.571663856506348
9103,52.099998474121094,48.834712982177734
9104,15.819999694824219,13.913955688476562
9105,52.0099983215332,46.62305450439453
9106,22.09000015258789,17.388240814208984
9107,52.540000915527344,61.48999786376953
9108,33.369998931884766,28.02234649658203
9109,46.529998779296875,42.304561614990234
9110,75.08000183105469,73.99150085449219
9111,12.460000038146973,9.882688522338867
9112,13.020000457763672,10.4607515335083
9113,23.93000030517578,21.500680923461914
9114,25.959999084472656,22.947202682495117
9115,17.25,13.893668174743652
9116,49.7599983215332,35.23531723022461
9117,20.670000076293945,18.995929718017578
9118,20.200000762939453,17.75149917602539
9119,19.90999984741211,17.631391525268555
9120,20.780000686645508,15.7454252243042
9121,44.959999084472656,40.19129943847656
9122,11.260000228881836,9.669173240661621
9123,17.18000030517578,14.905856132507324
9124,43.58000183105469,43.2977180480957
9125,5.71999979019165,3.507253646850586
9126,37.61000061035156,34.21500015258789
9127,75.6500015258789,65.22787475585938
9128,14.680000305175781,10.63126277923584
9129,33.93000030517578,29.513992309570312
9130,6.519999980926514,3.557323455810547
9131,29.399999618530273,26.979045867919922
9132,25.579999923706055,22.129276275634766
9133,42.150001525878906,37.953670501708984
9134,31.600000381469727,28.8253116607666
9135,21.690000534057617,17.98346519470215
9136,19.860000610351562,18.021251678466797
9137,28.219999313354492,25.974105834960938
9138,61.369998931884766,60.53285598754883
9139,34.29999923706055,30.81402015686035
9140,23.40999984741211,20.294727325439453
9141,37.9900016784668,39.41391372680664
9142,38.02000045776367,33.18785858154297
9143,10.270000457763672,7.606334209442139
9144,28.649999618530273,24.253005981445312
9145,13.489999771118164,11.901540756225586
9146,14.510000228881836,11.888938903808594
9147,8.239999771118164,6.565340042114258
9148,17.799999237060547,13.959492683410645
9149,19.030000686645508,16.580303192138672
9150,22.350000381469727,18.397518157958984
9151,29.25,26.05328941345215
9152,16.0,11.841331481933594
9153,35.040000915527344,31.45215606689453
9154,16.360000610351562,12.438345909118652
9155,21.15999984741211,17.71152687072754
9156,13.029999732971191,10.57268238067627
9157,10.229999542236328,7.925037384033203
9158,53.849998474121094,51.76739501953125
9159,60.90999984741211,53.49170684814453
9160,39.7599983215332,39.202606201171875
9161,22.15999984741211,17.685779571533203
9162,62.720001220703125,49.549442291259766
9163,33.459999084472656,29.54906463623047
9164,28.719999313354492,26.790576934814453
9165,13.4399995803833,8.558145523071289
9166,4.460000038146973,1.9625135660171509
9167,7.079999923706055,5.527021408081055
9168,23.559999465942383,20.612085342407227
9169,59.16999816894531,48.69184112548828
9170,62.08000183105469,50.65380859375
9171,9.380000114440918,6.987137794494629
9172,11.789999961853027,10.562907218933105
9173,8.15999984741211,4.252513408660889
9174,12.850000381469727,10.68125057220459
9175,32.7400016784668,30.04450225830078
9176,34.88999938964844,30.961626052856445
9177,20.110000610351562,17.454147338867188
9178,24.559999465942383,21.439453125
9179,58.34000015258789,55.80916976928711
9180,33.20000076293945,28.897987365722656
9181,11.859999656677246,9.29628849029541
9182,36.029998779296875,31.964405059814453
9183,28.040000915527344,24.984577178955078
9184,50.52000045776367,52.35005569458008
9185,15.020000457763672,12.223828315734863
9186,29.920000076293945,25.419496536254883
9187,10.15999984741211,8.593575477600098
9188,18.3799991607666,14.441137313842773
9189,7.579999923706055,5.408299922943115
9190,43.7599983215332,40.07939529418945
9191,15.770000457763672,12.768251419067383
9192,10.520000457763672,9.387524604797363
9193,47.310001373291016,51.44639205932617
9194,30.440000534057617,25.4614200592041
9195,57.09000015258789,53.125572204589844
9196,9.229999542236328,7.7088117599487305
9197,7.449999809265137,5.530707836151123
9198,26.399999618530273,22.872419357299805
9199,10.5600004196167,9.094573974609375
9200,22.100000381469727,19.405988693237305
9201,37.2599983215332,30.08393096923828
9202,24.479999542236328,21.870283126831055
9203,17.56999969482422,13.75233268737793
9204,10.869999885559082,9.611564636230469
9205,45.0099983215332,39.774658203125
9206,33.40999984741211,29.835994720458984
9207,28.09000015258789,21.50255012512207
9208,36.04999923706055,38.00700759887695
9209,42.58000183105469,38.726253509521484
9210,31.100000381469727,27.124326705932617
9211,46.04999923706055,42.81125259399414
9212,36.65999984741211,33.283447265625
9213,3.890000104904175,2.2926933765411377
9214,44.63999938964844,40.89719772338867
9215,42.11000061035156,43.679988861083984
9216,6.71999979019165,4.571274757385254
9217,22.739999771118164,20.4655704498291
9218,13.920000076293945,11.316019058227539
9219,20.670000076293945,18.42877197265625
9220,28.40999984741211,24.443017959594727
9221,27.209999084472656,24.73748779296875
9222,55.029998779296875,51.30678176879883
9223,23.940000534057617,22.96207618713379
9224,43.849998474121094,40.66936111450195
9225,26.6299991607666,20.69847297668457
9226,23.8700008392334,21.3981876373291
9227,13.050000190734863,10.887972831726074
9228,27.649999618530273,22.79180908203125
9229,6.329999923706055,4.626223087310791
9230,5.820000171661377,3.6188862323760986
9231,21.06999969482422,18.662193298339844
9232,78.01000213623047,76.79507446289062
9233,16.030000686645508,13.738126754760742
9234,37.279998779296875,33.752742767333984
9235,23.309999465942383,21.56951141357422
9236,44.02000045776367,36.95974349975586
9237,29.239999771118164,27.970088958740234
9238,17.200000762939453,17.519433975219727
9239,16.299999237060547,13.809527397155762
9240,50.959999084472656,46.52241134643555
9241,9.300000190734863,6.9140191078186035
9242,19.469999313354492,16.2108154296875
9243,26.770000457763672,20.817920684814453
9244,2.8499999046325684,1.5788214206695557
9245,45.2400016784668,40.02770233154297
9246,8.3100004196167,6.3758039474487305
9247,5.159999847412109,3.0094659328460693
9248,19.600000381469727,17.2852725982666
9249,8.4399995803833,6.728248596191406
9250,53.86000061035156,50.32734680175781
9251,36.619998931884766,33.49697494506836
9252,28.469999313354492,30.48812484741211
9253,6.230000019073486,4.500174045562744
9254,14.510000228881836,13.456008911132812
9255,47.93000030517578,53.10968017578125
9256,10.649999618530273,8.630522727966309
9257,51.720001220703125,49.54118728637695
9258,13.84000015258789,11.398451805114746
9259,7.210000038146973,5.476531028747559
9260,16.829999923706055,14.365657806396484
9261,16.709999084472656,13.506925582885742
9262,53.689998626708984,50.908294677734375
9263,7.800000190734863,5.054600715637207
9264,72.62000274658203,71.51777648925781
9265,7.989999771118164,5.279661178588867
9266,23.6200008392334,21.896114349365234
9267,22.350000381469727,21.125873565673828
9268,11.279999732971191,9.19842529296875
9269,22.260000228881836,18.322546005249023
9270,19.020000457763672,16.803110122680664
9271,20.899999618530273,15.441309928894043
9272,16.34000015258789,13.36513614654541
9273,24.459999084472656,19.756134033203125
9274,45.20000076293945,39.34076690673828
9275,20.760000228881836,18.523767471313477
9276,17.969999313354492,16.92514419555664
9277,10.15999984741211,8.22749137878418
9278,31.700000762939453,26.22655487060547
9279,25.059999465942383,24.62797737121582
9280,24.5,20.047500610351562
9281,9.539999961853027,7.805120944976807
9282,34.93000030517578,26.535837173461914
9283,26.59000015258789,23.740209579467773
9284,37.09000015258789,33.97245407104492
9285,25.760000228881836,24.23973846435547
9286,20.020000457763672,17.087055206298828
9287,12.220000267028809,10.649682998657227
9288,2.4000000953674316,1.5991010665893555
9289,14.010000228881836,10.7623291015625
9290,6.550000190734863,5.053523540496826
9291,28.389999389648438,24.49246597290039
9292,14.229999542236328,11.71544361114502
9293,16.299999237060547,13.866218566894531
9294,33.0099983215332,30.788616180419922
9295,19.600000381469727,15.9197416305542
9296,9.989999771118164,8.605753898620605
9297,31.729999542236328,25.891666412353516
9298,20.540000915527344,16.243053436279297
9299,43.380001068115234,42.59988021850586
9300,28.06999969482422,25.913223266601562
9301,14.149999618530273,12.556584358215332
9302,21.899999618530273,19.85454750061035
9303,27.940000534057617,27.537845611572266
9304,28.31999969482422,25.070884704589844
9305,47.16999816894531,44.70564651489258
9306,62.79999923706055,58.094642639160156
9307,9.680000305175781,7.755519866943359
9308,30.979999542236328,24.239551544189453
9309,46.810001373291016,41.02460861206055
9310,19.68000030517578,17.973363876342773
9311,13.260000228881836,10.545384407043457
9312,20.889999389648438,19.337797164916992
9313,25.450000762939453,21.2410831451416
9314,46.9900016784668,49.96360397338867
9315,26.75,23.03227996826172
9316,43.7400016784668,39.8232421875
9317,15.180000305175781,11.923885345458984
9318,36.95000076293945,42.0032844543457
9319,22.459999084472656,19.81937026977539
9320,23.170000076293945,23.739883422851562
9321,68.9800033569336,65.83316040039062
9322,39.0099983215332,33.735633850097656
9323,33.7599983215332,27.40811538696289
9324,12.779999732971191,10.57145881652832
9325,8.069999694824219,6.180537700653076
9326,17.420000076293945,15.854890823364258
9327,24.690000534057617,21.19805908203125
9328,31.209999084472656,23.725528717041016
9329,6.019999980926514,5.150128364562988
9330,58.0099983215332,56.527503967285156
9331,46.029998779296875,44.184139251708984
9332,22.399999618530273,19.455612182617188
9333,10.779999732971191,8.427931785583496
9334,12.739999771118164,11.386872291564941
9335,21.280000686645508,18.070646286010742
9336,24.329999923706055,19.98064613342285
9337,12.9399995803833,10.629790306091309
9338,15.75,13.44493293762207
9339,6.699999809265137,5.179780960083008
9340,35.189998626708984,30.235708236694336
9341,44.77000045776367,45.01082992553711
9342,61.97999954223633,61.92868423461914
9343,20.31999969482422,17.811643600463867
9344,16.34000015258789,14.374622344970703
9345,13.6899995803833,12.765314102172852
9346,66.37000274658203,66.20661926269531
9347,41.130001068115234,37.500789642333984
9348,55.470001220703125,66.60082244873047
9349,47.7599983215332,40.86835861206055
9350,60.75,60.830047607421875
9351,41.27000045776367,36.21660232543945
9352,73.9000015258789,69.94025421142578
9353,57.40999984741211,53.0515022277832
9354,20.479999542236328,16.985849380493164
9355,22.489999771118164,19.8729190826416
9356,35.59000015258789,30.213001251220703
9357,24.969999313354492,22.134811401367188
9358,27.889999389648438,25.125621795654297
9359,33.560001373291016,28.519542694091797
9360,44.220001220703125,40.6817512512207
9361,16.809999465942383,13.689619064331055
9362,38.91999816894531,44.06662368774414
9363,47.56999969482422,44.951942443847656
9364,9.1899995803833,7.445387363433838
9365,9.850000381469727,8.000873565673828
9366,14.630000114440918,11.683424949645996
9367,31.6299991607666,32.17134094238281
9368,20.360000610351562,18.39449119567871
9369,5.940000057220459,4.095829486846924
9370,8.739999771118164,7.4000654220581055
9371,16.25,13.552919387817383
9372,23.75,21.525602340698242
9373,37.959999084472656,34.786293029785156
9374,18.06999969482422,14.156763076782227
9375,13.369999885559082,12.020569801330566
9376,40.65999984741211,35.17978286743164
9377,43.41999816894531,39.20993423461914
9378,28.190000534057617,25.45757293701172
9379,12.479999542236328,10.34622859954834
9380,59.38999938964844,56.5645866394043
9381,12.5,10.987759590148926
9382,23.3799991607666,23.84473991394043
9383,34.16999816894531,29.667346954345703
9384,23.6299991607666,19.36077117919922
9385,15.800000190734863,14.11376953125
9386,13.039999961853027,10.144715309143066
9387,24.1200008392334,20.04058837890625
9388,33.2400016784668,21.458654403686523
9389,7.590000152587891,6.212916374206543
9390,36.97999954223633,29.90350341796875
9391,9.420000076293945,8.047677993774414
9392,12.550000190734863,10.26692008972168
9393,23.649999618530273,21.05707550048828
9394,14.289999961853027,11.770773887634277
9395,22.31999969482422,18.252727508544922
9396,6.260000228881836,3.591038942337036
9397,23.729999542236328,20.838623046875
9398,1.190000057220459,0.9916075468063354
9399,33.150001525878906,34.69401550292969
9400,33.619998931884766,28.85366439819336
9401,7.449999809265137,6.169152736663818
9402,44.11000061035156,42.365108489990234
9403,26.93000030517578,26.97157859802246
9404,11.489999771118164,9.074383735656738
9405,37.220001220703125,33.69589614868164
9406,21.440000534057617,18.218849182128906
9407,12.449999809265137,10.534268379211426
9408,37.52000045776367,31.628093719482422
9409,10.520000457763672,8.26789665222168
9410,30.81999969482422,27.281160354614258
9411,17.209999084472656,15.366141319274902
9412,56.630001068115234,44.72781753540039
9413,27.40999984741211,25.55059051513672
9414,8.739999771118164,6.619149684906006
9415,53.20000076293945,45.156185150146484
9416,17.469999313354492,14.091100692749023
9417,14.5,11.944429397583008
9418,18.850000381469727,14.909820556640625
9419,18.1200008392334,16.57819175720215
9420,7.420000076293945,2.157047986984253
9421,38.060001373291016,49.406185150146484
9422,36.70000076293945,25.153791427612305
9423,42.369998931884766,37.55481719970703
9424,23.360000610351562,20.469484329223633
9425,22.780000686645508,18.230335235595703
9426,33.970001220703125,29.527236938476562
9427,52.709999084472656,50.092010498046875
9428,64.31999969482422,53.743263244628906
9429,16.979999542236328,14.291800498962402
9430,9.399999618530273,7.3763957023620605
9431,24.829999923706055,21.97344398498535
9432,36.63999938964844,34.85688781738281
9433,9.359999656677246,7.177262306213379
9434,21.1299991607666,18.7528018951416
9435,14.140000343322754,11.31438159942627
9436,49.25,44.75515365600586
9437,31.739999771118164,27.337560653686523
9438,17.799999237060547,14.913275718688965
9439,5.380000114440918,6.655309200286865
9440,52.560001373291016,46.72072219848633
9441,13.029999732971191,9.561278343200684
9442,17.809999465942383,14.687718391418457
9443,14.449999809265137,13.053434371948242
9444,25.260000228881836,20.238853454589844
9445,17.5,14.17039966583252
9446,48.5099983215332,45.19980239868164
9447,21.530000686645508,17.366945266723633
9448,36.400001525878906,36.58852767944336
9449,14.350000381469727,11.018634796142578
9450,37.400001525878906,36.002220153808594
9451,19.8799991607666,22.3089656829834
9452,20.270000457763672,16.999176025390625
9453,23.049999237060547,19.269882202148438
9454,11.789999961853027,9.349014282226562
9455,8.510000228881836,5.991493225097656
9456,20.040000915527344,18.834714889526367
9457,19.06999969482422,16.65976333618164
9458,55.650001525878906,54.898807525634766
9459,41.83000183105469,38.47325897216797
9460,15.899999618530273,14.034292221069336
9461,14.649999618530273,11.378802299499512
9462,7.429999828338623,5.736929416656494
9463,30.520000457763672,27.826549530029297
9464,50.54999923706055,46.02840042114258
9465,58.22999954223633,55.3945426940918
9466,4.130000114440918,3.623521327972412
9467,26.700000762939453,21.316120147705078
9468,15.600000381469727,13.542617797851562
9469,24.270000457763672,20.41766357421875
9470,54.810001373291016,52.158058166503906
9471,71.91999816894531,67.14785766601562
9472,19.149999618530273,16.225664138793945
9473,8.760000228881836,6.909789562225342
9474,18.43000030517578,14.842375755310059
9475,24.1299991607666,20.242107391357422
9476,1.8799999952316284,2.048661947250366
9477,13.65999984741211,11.515546798706055
9478,46.90999984741211,47.123207092285156
9479,18.010000228881836,15.972184181213379
9480,16.290000915527344,13.634757041931152
9481,15.210000038146973,11.149993896484375
9482,15.420000076293945,13.312056541442871
9483,4.940000057220459,3.4334051609039307
9484,22.299999237060547,17.718265533447266
9485,9.380000114440918,7.740484237670898
9486,4.510000228881836,2.9811553955078125
9487,8.449999809265137,6.957280158996582
9488,38.34000015258789,34.51070022583008
9489,23.110000610351562,23.641521453857422
9490,73.31999969482422,68.87652587890625
9491,23.90999984741211,18.953041076660156
9492,61.11000061035156,56.1678352355957
9493,43.5,40.19298553466797
9494,8.619999885559082,6.8536763191223145
9495,44.470001220703125,40.29723358154297
9496,5.920000076293945,4.128615856170654
9497,24.809999465942383,21.585935592651367
9498,23.1200008392334,19.272165298461914
9499,59.11000061035156,56.40671920776367
9500,27.780000686645508,23.54209327697754
9501,16.0,12.631773948669434
9502,33.939998626708984,27.232229232788086
9503,55.88999938964844,52.07162857055664
9504,3.2100000381469727,2.5738258361816406
9505,37.08000183105469,34.57145309448242
9506,28.389999389648438,25.916961669921875
9507,22.6299991607666,17.976825714111328
9508,20.59000015258789,17.528757095336914
9509,39.38999938964844,35.88703918457031
9510,24.149999618530273,20.218521118164062
9511,35.5099983215332,34.910274505615234
9512,46.939998626708984,49.17155456542969
9513,40.970001220703125,36.31352615356445
9514,21.040000915527344,19.08841896057129
9515,9.3100004196167,7.8313398361206055
9516,8.75,7.247806549072266
9517,30.739999771118164,29.54551124572754
9518,22.3700008392334,19.24783706665039
9519,23.56999969482422,19.945213317871094
9520,14.420000076293945,11.628249168395996
9521,24.489999771118164,21.47873306274414
9522,66.6500015258789,62.41476821899414
9523,39.779998779296875,35.415103912353516
9524,3.7200000286102295,1.6983646154403687
9525,74.13999938964844,73.24480438232422
9526,11.529999732971191,9.223617553710938
9527,28.780000686645508,26.27613639831543
9528,7.639999866485596,5.78225564956665
9529,20.899999618530273,17.589242935180664
9530,12.279999732971191,9.790916442871094
9531,27.889999389648438,26.403427124023438
9532,14.920000076293945,12.591531753540039
9533,22.719999313354492,19.707149505615234
9534,37.060001373291016,32.986724853515625
9535,31.610000610351562,29.660720825195312
9536,21.399999618530273,18.90395736694336
9537,27.65999984741211,25.761516571044922
9538,15.0,12.910418510437012
9539,3.3499999046325684,1.6446391344070435
9540,24.040000915527344,17.98663330078125
9541,51.75,51.43978500366211
9542,75.7300033569336,68.41093444824219
9543,25.1299991607666,23.52220344543457
9544,9.600000381469727,8.1815767288208
9545,27.440000534057617,24.514190673828125
9546,28.770000457763672,25.25456428527832
9547,8.34000015258789,6.367643356323242
9548,25.979999542236328,23.402925491333008
9549,45.5099983215332,42.121341705322266
9550,8.399999618530273,7.244474411010742
9551,40.52000045776367,35.229820251464844
9552,27.079999923706055,23.554161071777344
9553,1.4500000476837158,1.926297664642334
9554,39.63999938964844,37.50778579711914
9555,58.029998779296875,56.550254821777344
9556,7.96999979019165,6.813634872436523
9557,43.2599983215332,34.903011322021484
9558,12.34000015258789,9.841822624206543
9559,25.260000228881836,22.776573181152344
9560,7.019999980926514,5.244021892547607
9561,12.899999618530273,10.542729377746582
9562,11.260000228881836,8.669560432434082
9563,24.1299991607666,20.532344818115234
9564,53.099998474121094,50.300697326660156
9565,61.880001068115234,57.596153259277344
9566,62.099998474121094,51.27161407470703
9567,4.710000038146973,2.972792625427246
9568,38.40999984741211,28.116790771484375
9569,16.010000228881836,15.510451316833496
9570,42.810001373291016,40.175750732421875
9571,29.65999984741211,26.491443634033203
9572,48.75,50.516841888427734
9573,16.959999084472656,13.803739547729492
9574,15.619999885559082,12.881750106811523
9575,36.939998626708984,34.33192443847656
9576,30.56999969482422,27.232898712158203
9577,9.0,7.6742706298828125
9578,72.6500015258789,71.70187377929688
9579,71.30000305175781,70.59141540527344
9580,10.239999771118164,8.351515769958496
9581,12.600000381469727,10.896814346313477
9582,41.54999923706055,39.77646255493164
9583,19.1299991607666,17.210472106933594
9584,9.90999984741211,8.27481460571289
9585,44.25,35.50314712524414
9586,20.18000030517578,17.73762321472168
9587,5.559999942779541,3.4659054279327393
9588,6.079999923706055,5.066782474517822
9589,22.549999237060547,17.527408599853516
9590,18.729999542236328,15.382816314697266
9591,26.56999969482422,22.4814510345459
9592,31.690000534057617,29.045562744140625
9593,45.029998779296875,41.46686553955078
9594,65.91999816894531,67.73406982421875
9595,12.779999732971191,10.61114501953125
9596,18.790000915527344,12.787775039672852
9597,35.5,35.82367706298828
9598,4.900000095367432,4.008086204528809
9599,22.219999313354492,19.56172752380371
9600,30.780000686645508,31.921480178833008
9601,71.06999969482422,67.73919677734375
9602,20.65999984741211,16.694908142089844
9603,53.4900016784668,51.432987213134766
9604,18.399999618530273,15.18181037902832
9605,48.900001525878906,46.58921813964844
9606,33.9900016784668,29.92643928527832
9607,15.630000114440918,14.14183521270752
9608,30.520000457763672,29.987823486328125
9609,72.45999908447266,71.53662109375
9610,36.84000015258789,33.52140426635742
9611,10.5,9.089030265808105
9612,29.270000457763672,25.465669631958008
9613,29.34000015258789,27.751800537109375
9614,11.260000228881836,9.738011360168457
9615,23.5,20.286453247070312
9616,19.309999465942383,16.66855812072754
9617,7.849999904632568,5.842851638793945
9618,1.7999999523162842,1.3987995386123657
9619,39.2400016784668,36.4759635925293
9620,39.83000183105469,35.820709228515625
9621,5.059999942779541,3.6250391006469727
9622,17.829999923706055,13.703457832336426
9623,23.65999984741211,19.04388999938965
9624,24.549999237060547,20.376197814941406
9625,57.459999084472656,54.009620666503906
9626,16.09000015258789,15.099896430969238
9627,16.440000534057617,13.047237396240234
9628,27.860000610351562,24.280574798583984
9629,10.460000038146973,8.31275749206543
9630,9.960000038146973,8.392492294311523
9631,66.91000366210938,64.34217834472656
9632,9.989999771118164,7.185020446777344
9633,22.649999618530273,20.268667221069336
9634,4.809999942779541,2.9865360260009766
9635,50.470001220703125,47.41470718383789
9636,37.810001373291016,43.22130584716797
9637,72.11000061035156,69.80614471435547
9638,41.400001525878906,34.93573760986328
9639,53.880001068115234,54.363826751708984
9640,51.349998474121094,43.55446243286133
9641,19.639999389648438,16.483871459960938
9642,25.469999313354492,22.40884017944336
9643,28.329999923706055,26.124500274658203
9644,19.799999237060547,15.494669914245605
9645,26.600000381469727,20.223793029785156
9646,27.299999237060547,26.86608123779297
9647,5.860000133514404,4.679376602172852
9648,39.58000183105469,37.50215530395508
9649,17.90999984741211,14.472221374511719
9650,9.90999984741211,8.452583312988281
9651,12.0600004196167,9.635638236999512
9652,48.5099983215332,44.64122772216797
9653,44.68000030517578,41.17937469482422
9654,14.0600004196167,12.38648509979248
9655,30.399999618530273,28.056427001953125
9656,19.59000015258789,16.731769561767578
9657,38.130001068115234,34.35065460205078
9658,12.369999885559082,10.356865882873535
9659,48.09000015258789,51.43040084838867
9660,35.81999969482422,33.3433723449707
9661,33.310001373291016,28.657947540283203
9662,25.770000457763672,20.862342834472656
9663,7.889999866485596,5.98245096206665
9664,14.630000114440918,12.043519020080566
9665,9.079999923706055,5.818796157836914
9666,30.799999237060547,25.685121536254883
9667,24.049999237060547,20.97576332092285
9668,23.8799991607666,20.138385772705078
9669,11.5600004196167,9.540462493896484
9670,66.6500015258789,63.73454666137695
9671,50.810001373291016,45.637550354003906
9672,19.31999969482422,16.016510009765625
9673,13.489999771118164,11.351688385009766
9674,7.829999923706055,4.896570682525635
9675,41.099998474121094,39.01395797729492
9676,21.520000457763672,18.477283477783203
9677,11.010000228881836,8.243705749511719
9678,74.98999786376953,76.16813659667969
9679,40.4900016784668,37.09785079956055
9680,47.459999084472656,44.587093353271484
9681,39.22999954223633,35.95623779296875
9682,16.059999465942383,14.048002243041992
9683,21.399999618530273,20.58788299560547
9684,32.61000061035156,31.036624908447266
9685,39.29999923706055,37.70730972290039
9686,2.069999933242798,1.0591057538986206
9687,43.470001220703125,42.00564193725586
9688,42.790000915527344,38.45298767089844
9689,7.829999923706055,4.755441665649414
9690,37.7400016784668,34.69882583618164
9691,34.970001220703125,30.4233455657959
9692,28.889999389648438,23.594417572021484
9693,31.049999237060547,26.317672729492188
9694,71.5199966430664,67.05488586425781
9695,5.090000152587891,3.7354254722595215
9696,15.390000343322754,13.10098648071289
9697,28.229999542236328,27.11838150024414
9698,21.950000762939453,19.223731994628906
9699,5.300000190734863,2.7031662464141846
9700,4.579999923706055,2.1389811038970947
9701,57.4900016784668,56.43317413330078
9702,50.9900016784668,43.85663986206055
9703,30.15999984741211,31.684402465820312
9704,28.450000762939453,26.813289642333984
9705,18.420000076293945,17.98501205444336
9706,20.8700008392334,19.092689514160156
9707,48.349998474121094,47.255008697509766
9708,15.960000038146973,16.447303771972656
9709,32.34000015258789,29.25697135925293
9710,10.260000228881836,8.418418884277344
9711,29.670000076293945,23.40138053894043
9712,50.720001220703125,40.55574417114258
9713,8.800000190734863,6.217541694641113
9714,74.1500015258789,62.51209259033203
9715,26.020000457763672,21.97667121887207
9716,46.810001373291016,44.13584518432617
9717,35.810001373291016,31.738582611083984
9718,64.01000213623047,51.538936614990234
9719,51.52000045776367,43.042930603027344
9720,25.690000534057617,17.959949493408203
9721,34.380001068115234,31.52172088623047
9722,30.219999313354492,25.16141128540039
9723,15.65999984741211,14.225528717041016
9724,36.86000061035156,32.67668151855469
9725,24.190000534057617,22.41325569152832
9726,21.739999771118164,19.328094482421875
9727,25.170000076293945,20.849590301513672
9728,16.670000076293945,12.804803848266602
9729,37.790000915527344,34.12792205810547
9730,29.299999237060547,26.417570114135742
9731,13.770000457763672,12.278440475463867
9732,9.90999984741211,7.846878528594971
9733,20.489999771118164,16.68668556213379
9734,7.150000095367432,4.282214641571045
9735,22.600000381469727,19.145038604736328
9736,37.4900016784668,24.215774536132812
9737,23.6299991607666,19.839712142944336
9738,20.200000762939453,18.1516170501709
9739,46.04999923706055,36.644264221191406
9740,57.41999816894531,47.697513580322266
9741,3.950000047683716,2.2613279819488525
9742,16.520000457763672,13.761123657226562
9743,13.9399995803833,10.194136619567871
9744,34.939998626708984,33.716129302978516
9745,17.18000030517578,15.492903709411621
9746,47.08000183105469,47.59635543823242
9747,25.389999389648438,22.449914932250977
9748,53.63999938964844,51.56589889526367
9749,28.200000762939453,23.92290687561035
9750,17.139999389648438,14.657188415527344
9751,3.7799999713897705,2.345327138900757
9752,32.4900016784668,26.831457138061523
9753,7.130000114440918,5.60770320892334
9754,22.81999969482422,22.325145721435547
9755,76.04000091552734,68.91661834716797
9756,18.81999969482422,18.700408935546875
9757,6.96999979019165,3.7044332027435303
9758,19.290000915527344,16.97090721130371
9759,13.0,11.087891578674316
9760,12.760000228881836,10.572530746459961
9761,43.029998779296875,46.02840042114258
9762,34.560001373291016,30.90610122680664
9763,43.66999816894531,37.797733306884766
9764,24.84000015258789,23.148624420166016
9765,1.5800000429153442,1.9110016822814941
9766,7.230000019073486,5.247661590576172
9767,13.329999923706055,11.33887767791748
9768,5.389999866485596,4.550368785858154
9769,25.3700008392334,22.857315063476562
9770,48.5099983215332,40.529876708984375
9771,25.81999969482422,20.92522621154785
9772,44.599998474121094,41.66868591308594
9773,41.66999816894531,31.691280364990234
9774,7.610000133514404,5.794414520263672
9775,49.150001525878906,45.707374572753906
9776,40.4900016784668,36.09300994873047
9777,1.4700000286102295,1.3192112445831299
9778,60.25,53.06167984008789
9779,30.100000381469727,45.68745422363281
9780,36.83000183105469,32.85178756713867
9781,24.09000015258789,20.969593048095703
9782,23.389999389648438,21.02265739440918
9783,9.619999885559082,7.960961818695068
9784,24.829999923706055,21.090791702270508
9785,46.16999816894531,44.00461959838867
9786,7.159999847412109,3.537203550338745
9787,24.18000030517578,20.903459548950195
9788,52.20000076293945,49.004520416259766
9789,7.619999885559082,6.482011318206787
9790,18.850000381469727,15.378076553344727
9791,30.610000610351562,26.159141540527344
9792,7.610000133514404,5.920904159545898
9793,14.220000267028809,12.53523063659668
9794,7.460000038146973,4.715360164642334
9795,3.009999990463257,3.334195137023926
9796,9.970000267028809,8.422311782836914
9797,27.18000030517578,22.949596405029297
9798,39.689998626708984,37.45000076293945
9799,23.760000228881836,22.699817657470703
9800,42.720001220703125,41.54019546508789
9801,15.260000228881836,12.750504493713379
9802,32.22999954223633,29.653564453125
9803,48.099998474121094,45.45897674560547
9804,74.36000061035156,74.0689697265625
9805,38.40999984741211,31.636425018310547
9806,59.290000915527344,50.73115539550781
9807,25.459999084472656,21.359859466552734
9808,13.069999694824219,10.905977249145508
9809,30.030000686645508,31.39606475830078
9810,12.109999656677246,9.157851219177246
9811,30.860000610351562,27.577621459960938
9812,41.95000076293945,39.7134895324707
9813,2.5299999713897705,2.0414507389068604
9814,60.52000045776367,55.07829666137695
9815,21.739999771118164,18.492286682128906
9816,3.3299999237060547,1.9061222076416016
9817,17.18000030517578,13.920536994934082
9818,23.079999923706055,21.03497314453125
9819,45.689998626708984,46.49269485473633
9820,55.38999938964844,55.30756378173828
9821,14.270000457763672,11.479899406433105
9822,24.469999313354492,22.783044815063477
9823,5.670000076293945,3.9086833000183105
9824,15.569999694824219,13.993147850036621
9825,8.239999771118164,6.304714679718018
9826,52.04999923706055,49.38450241088867
9827,27.3799991607666,24.37750244140625
9828,29.59000015258789,24.72749900817871
9829,28.469999313354492,28.286788940429688
9830,17.959999084472656,14.646712303161621
9831,7.570000171661377,5.904008865356445
9832,11.470000267028809,9.419556617736816
9833,46.779998779296875,45.81341552734375
9834,8.5600004196167,5.419098377227783
9835,14.539999961853027,11.86329460144043
9836,21.84000015258789,18.937843322753906
9837,13.609999656677246,11.8275146484375
9838,7.230000019073486,4.8228254318237305
9839,4.039999961853027,2.6333465576171875
9840,15.65999984741211,14.46676254272461
9841,34.369998931884766,31.946613311767578
9842,11.9399995803833,9.927103042602539
9843,10.65999984741211,8.397287368774414
9844,25.350000381469727,19.52099609375
9845,33.08000183105469,31.821687698364258
9846,59.470001220703125,58.61172866821289
9847,18.059999465942383,13.930830955505371
9848,20.719999313354492,23.090579986572266
9849,21.239999771118164,18.682161331176758
9850,21.540000915527344,19.438623428344727
9851,5.460000038146973,4.171392440795898
9852,28.440000534057617,25.664432525634766
9853,24.950000762939453,20.000648498535156
9854,6.090000152587891,5.7419915199279785
9855,56.25,56.30908966064453
9856,18.290000915527344,14.209510803222656
9857,36.84000015258789,32.43244552612305
9858,27.780000686645508,26.81564712524414
9859,3.5199999809265137,2.9734652042388916
9860,14.470000267028809,12.358633041381836
9861,48.31999969482422,46.32356643676758
9862,14.260000228881836,11.543658256530762
9863,39.599998474121094,37.20201110839844
9864,46.5099983215332,39.27943801879883
9865,24.739999771118164,22.78135108947754
9866,29.329999923706055,22.004165649414062
9867,39.68000030517578,34.99338150024414
9868,69.08999633789062,64.67782592773438
9869,4.260000228881836,4.382436275482178
9870,52.290000915527344,49.47233963012695
9871,34.66999816894531,35.04022979736328
9872,28.850000381469727,33.993263244628906
9873,22.610000610351562,18.872417449951172
9874,7.739999771118164,3.9866585731506348
9875,7.860000133514404,6.19317626953125
9876,21.540000915527344,16.991893768310547
9877,18.6200008392334,15.765960693359375
9878,12.850000381469727,11.541510581970215
9879,12.460000038146973,10.358926773071289
9880,33.56999969482422,24.248794555664062
9881,19.510000228881836,15.511996269226074
9882,52.56999969482422,52.23333740234375
9883,44.02000045776367,41.26557159423828
9884,19.770000457763672,16.946964263916016
9885,17.59000015258789,14.951764106750488
9886,26.68000030517578,22.741369247436523
9887,49.880001068115234,54.97603225708008
9888,6.800000190734863,5.30269718170166
9889,34.439998626708984,33.1929931640625
9890,33.220001220703125,29.51430320739746
9891,11.699999809265137,9.760769844055176
9892,34.709999084472656,29.491764068603516
9893,64.66999816894531,62.93607711791992
9894,13.390000343322754,11.529107093811035
9895,40.290000915527344,34.913352966308594
9896,12.239999771118164,10.99221420288086
9897,33.349998474121094,28.67965316772461
9898,45.56999969482422,42.59725570678711
9899,27.260000228881836,24.073535919189453
9900,20.84000015258789,18.45948028564453
9901,33.18000030517578,29.884517669677734
9902,18.25,16.626985549926758
9903,58.63999938964844,56.75837326049805
9904,31.049999237060547,29.489011764526367
9905,11.149999618530273,10.343629837036133
9906,19.219999313354492,17.15624237060547
9907,22.1200008392334,19.495838165283203
9908,8.670000076293945,6.65842866897583
9909,27.760000228881836,25.369548797607422
9910,45.41999816894531,34.78239440917969
9911,28.040000915527344,24.902494430541992
9912,18.520000457763672,15.771636009216309
9913,29.899999618530273,23.717689514160156
9914,16.15999984741211,12.395951271057129
9915,11.680000305175781,9.664673805236816
9916,15.979999542236328,11.695295333862305
9917,38.22999954223633,38.00358581542969
9918,9.779999732971191,7.6348114013671875
9919,22.25,20.200199127197266
9920,7.130000114440918,4.747035980224609
9921,42.459999084472656,42.100345611572266
9922,16.1200008392334,15.080751419067383
9923,37.33000183105469,34.99232864379883
9924,37.959999084472656,33.813358306884766
9925,6.269999980926514,4.611805438995361
9926,6.349999904632568,2.6098482608795166
9927,73.4000015258789,68.85697937011719
9928,24.020000457763672,21.101760864257812
9929,24.459999084472656,22.637941360473633
9930,12.350000381469727,10.509016990661621
9931,37.310001373291016,34.06819152832031
9932,5.579999923706055,3.008151054382324
9933,45.709999084472656,44.96469497680664
9934,34.65999984741211,32.79464340209961
9935,16.8700008392334,13.235088348388672
9936,37.33000183105469,32.21052551269531
9937,17.270000457763672,15.152505874633789
9938,35.70000076293945,39.256195068359375
9939,25.559999465942383,23.280439376831055
9940,14.880000114440918,11.494660377502441
9941,37.59000015258789,28.790573120117188
9942,45.2599983215332,37.55665969848633
9943,40.209999084472656,36.8353157043457
9944,67.08999633789062,66.85428619384766
9945,15.770000457763672,13.510757446289062
9946,30.860000610351562,22.42344093322754
9947,27.8700008392334,23.998027801513672
9948,6.550000190734863,5.5988311767578125
9949,60.150001525878906,59.48954391479492
9950,10.430000305175781,7.504268169403076
9951,60.380001068115234,57.336181640625
9952,45.15999984741211,32.54712677001953
9953,13.699999809265137,11.656763076782227
9954,11.449999809265137,9.752092361450195
9955,55.47999954223633,49.537010192871094
9956,30.420000076293945,26.770328521728516
9957,13.470000267028809,12.310885429382324
9958,16.469999313354492,13.661484718322754
9959,14.9399995803833,12.594491958618164
9960,20.829999923706055,17.779142379760742
9961,23.75,19.902568817138672
9962,13.520000457763672,11.354348182678223
9963,29.1200008392334,23.873857498168945
9964,14.390000343322754,11.83938980102539
9965,43.290000915527344,38.38100814819336
9966,8.369999885559082,6.684337615966797
9967,19.610000610351562,16.397666931152344
9968,2.5299999713897705,2.193233013153076
9969,22.149999618530273,19.104694366455078
9970,32.65999984741211,28.804759979248047
9971,10.510000228881836,8.314445495605469
9972,16.940000534057617,13.850194931030273
9973,20.81999969482422,18.278261184692383
9974,11.40999984741211,9.382613182067871
9975,32.130001068115234,27.619674682617188
9976,13.859999656677246,11.19601821899414
9977,16.65999984741211,14.785508155822754
9978,43.52000045776367,42.100345611572266
9979,11.989999771118164,10.184548377990723
9980,27.899999618530273,24.762042999267578
9981,5.150000095367432,3.4094245433807373
9982,39.7599983215332,36.51719284057617
9983,22.450000762939453,16.324203491210938
9984,34.36000061035156,31.53185272216797
9985,10.59000015258789,8.522686004638672
9986,19.65999984741211,15.5126953125
9987,22.6200008392334,22.53562355041504
9988,38.70000076293945,35.48422622680664
9989,61.279998779296875,56.486083984375
9990,23.280000686645508,20.90484046936035
9991,24.190000534057617,21.975122451782227
9992,21.75,19.57787322998047
9993,10.119999885559082,7.718981742858887
9994,33.77000045776367,32.430335998535156
9995,18.8799991607666,16.702085494995117
9996,12.859999656677246,11.487637519836426
9997,19.389999389648438,18.434722900390625
9998,13.930000305175781,11.032827377319336
9999,23.5,20.71086311340332
10000,16.200000762939453,13.9905424118042
10001,23.649999618530273,20.34296989440918
10002,53.36000061035156,53.949398040771484
10003,24.799999237060547,20.1953067779541
10004,24.260000228881836,24.06889533996582
10005,11.710000038146973,10.089190483093262
10006,4.880000114440918,3.66752552986145
10007,38.2400016784668,33.32794189453125
10008,6.789999961853027,4.382951259613037
10009,40.619998931884766,35.104801177978516
10010,1.1699999570846558,1.0052790641784668
10011,19.549999237060547,17.718027114868164
10012,28.799999237060547,25.01755714416504
10013,37.11000061035156,29.73347282409668
10014,4.03000020980835,2.610539197921753
10015,16.079999923706055,12.866765975952148
10016,29.549999237060547,23.508092880249023
10017,34.41999816894531,28.009002685546875
10018,28.780000686645508,25.36077117919922
10019,29.979999542236328,25.72635269165039
10020,30.75,26.190168380737305
10021,32.66999816894531,28.106201171875
10022,26.979999542236328,25.77758026123047
10023,16.709999084472656,15.046546936035156
10024,24.530000686645508,23.31989288330078
10025,16.239999771118164,14.033563613891602
10026,16.600000381469727,12.689167022705078
10027,7.230000019073486,4.96328067779541
10028,7.21999979019165,4.461933612823486
10029,20.239999771118164,16.389734268188477
10030,36.33000183105469,34.39594268798828
10031,18.610000610351562,14.556910514831543
10032,17.469999313354492,16.02830696105957
10033,16.329999923706055,14.769580841064453
10034,14.569999694824219,10.722501754760742
10035,63.09000015258789,65.64833068847656
10036,66.83999633789062,64.29440307617188
10037,57.54999923706055,55.722232818603516
10038,20.670000076293945,16.646867752075195
10039,11.869999885559082,9.894340515136719
10040,13.329999923706055,11.058680534362793
10041,36.79999923706055,33.282081604003906
10042,72.7699966430664,71.19497680664062
10043,27.399999618530273,23.765281677246094
10044,9.640000343322754,7.774235725402832
10045,2.359999895095825,2.1266965866088867
10046,11.0600004196167,9.067581176757812
10047,25.950000762939453,20.781169891357422
10048,48.470001220703125,45.282466888427734
10049,24.0,20.968244552612305
10050,29.670000076293945,25.823745727539062
10051,48.38999938964844,44.48848342895508
10052,22.15999984741211,19.25664710998535
10053,51.599998474121094,49.531951904296875
10054,22.190000534057617,18.14250946044922
10055,30.84000015258789,26.73548698425293
10056,43.08000183105469,34.06235122680664
10057,3.3399999141693115,1.7402572631835938
10058,50.13999938964844,47.287071228027344
10059,16.450000762939453,15.40206241607666
10060,39.400001525878906,36.54340744018555
10061,24.1200008392334,23.224929809570312
10062,27.940000534057617,24.201147079467773
10063,13.050000190734863,10.14067268371582
10064,37.959999084472656,33.589752197265625
10065,33.27000045776367,30.594379425048828
10066,33.720001220703125,29.43155288696289
10067,3.619999885559082,3.3911094665527344
10068,51.93000030517578,48.27845001220703
10069,14.680000305175781,12.795171737670898
10070,12.800000190734863,10.784209251403809
10071,20.959999084472656,18.344804763793945
10072,31.309999465942383,28.65543556213379
10073,32.630001068115234,39.0541877746582
10074,24.209999084472656,20.28171157836914
10075,15.869999885559082,15.657764434814453
10076,57.849998474121094,53.79977035522461
10077,17.8700008392334,15.808204650878906
10078,15.760000228881836,13.476384162902832
10079,46.45000076293945,42.62507247924805
10080,22.170000076293945,17.993518829345703
10081,45.72999954223633,43.21652603149414
10082,34.689998626708984,32.1016960144043
10083,69.91999816894531,68.59021759033203
10084,24.110000610351562,22.727680206298828
10085,31.540000915527344,31.234569549560547
10086,67.66999816894531,69.53328704833984
10087,41.68000030517578,41.91969680786133
10088,75.30999755859375,64.42639923095703
10089,52.04999923706055,51.35013198852539
10090,54.34000015258789,49.5084114074707
10091,38.150001525878906,35.83856964111328
10092,30.270000457763672,26.716053009033203
10093,22.059999465942383,18.52912139892578
10094,22.709999084472656,18.54647445678711
10095,29.170000076293945,26.57729148864746
10096,37.13999938964844,34.6030387878418
10097,75.5999984741211,75.38079071044922
10098,14.020000457763672,10.070291519165039
10099,36.7400016784668,32.210540771484375
10100,10.119999885559082,9.385382652282715
10101,41.779998779296875,38.91398239135742
10102,49.439998626708984,45.38351058959961
10103,45.689998626708984,42.59022903442383
10104,22.799999237060547,20.26677703857422
10105,4.039999961853027,2.1348471641540527
10106,6.369999885559082,5.039700031280518
10107,45.7599983215332,43.4765625
10108,65.18000030517578,40.86025619506836
10109,15.960000038146973,14.669428825378418
10110,51.56999969482422,48.92874526977539
10111,24.31999969482422,21.86832618713379
10112,38.209999084472656,33.02436447143555
10113,18.809999465942383,17.93625259399414
10114,38.41999816894531,36.086517333984375
10115,8.670000076293945,7.167464256286621
10116,7.800000190734863,6.731373310089111
10117,9.1899995803833,7.31735372543335
10118,14.760000228881836,12.783587455749512
10119,1.8300000429153442,1.516048550605774
10120,32.66999816894531,30.668170928955078
10121,26.93000030517578,23.80259132385254
10122,32.650001525878906,34.34438705444336
10123,18.549999237060547,15.622097969055176
10124,39.04999923706055,36.9514045715332
10125,16.719999313354492,14.090502738952637
10126,29.139999389648438,24.985393524169922
10127,23.850000381469727,20.1633358001709
10128,12.09000015258789,10.150598526000977
10129,52.34000015258789,53.87526321411133
10130,56.7599983215332,53.88263702392578
10131,38.689998626708984,34.3779296875
10132,35.060001373291016,30.428476333618164
10133,38.33000183105469,36.56657409667969
10134,31.290000915527344,27.772016525268555
10135,12.270000457763672,9.888765335083008
10136,6.639999866485596,4.047623634338379
10137,40.43000030517578,36.99953079223633
10138,25.06999969482422,20.241779327392578
10139,34.810001373291016,32.498992919921875
10140,50.61000061035156,44.808753967285156
10141,29.93000030517578,27.476951599121094
10142,35.75,31.44409942626953
10143,17.510000228881836,14.118833541870117
10144,29.639999389648438,28.173688888549805
10145,37.790000915527344,33.469417572021484
10146,4.800000190734863,3.189129114151001
10147,30.229999542236328,21.95602035522461
10148,13.029999732971191,11.377632141113281
10149,24.469999313354492,22.418453216552734
10150,12.84000015258789,11.666510581970215
10151,6.130000114440918,3.8731470108032227
10152,34.90999984741211,33.998756408691406
10153,54.9900016784668,51.98775863647461
10154,11.130000114440918,10.416650772094727
10155,6.019999980926514,4.651923179626465
10156,36.15999984741211,32.78740692138672
10157,28.920000076293945,24.126487731933594
10158,27.739999771118164,22.402502059936523
10159,38.439998626708984,31.112396240234375
10160,5.860000133514404,4.885226726531982
10161,15.010000228881836,11.927057266235352
10162,15.640000343322754,12.739909172058105
10163,37.189998626708984,32.10316848754883
10164,44.31999969482422,40.756412506103516
10165,43.36000061035156,40.19968032836914
10166,8.399999618530273,6.445436954498291
10167,37.41999816894531,41.71377944946289
10168,24.479999542236328,21.2551212310791
10169,6.519999980926514,3.999828577041626
10170,37.52000045776367,34.28071212768555
10171,32.97999954223633,29.31321144104004
10172,38.09000015258789,28.268468856811523
10173,37.959999084472656,29.88772201538086
10174,38.08000183105469,35.28007888793945
10175,19.350000381469727,18.19288444519043
10176,39.439998626708984,34.9407958984375
10177,19.260000228881836,16.019689559936523
10178,27.020000457763672,22.288827896118164
10179,41.47999954223633,38.1788444519043
10180,3.609999895095825,2.625025510787964
10181,7.739999771118164,6.573655128479004
10182,8.0,4.834542274475098
10183,9.8100004196167,7.5695648193359375
10184,36.630001068115234,32.49834442138672
10185,17.690000534057617,14.84102725982666
10186,33.720001220703125,30.86431121826172
10187,25.299999237060547,24.332515716552734
10188,11.4399995803833,9.892464637756348
10189,35.9900016784668,31.807044982910156
10190,5.489999771118164,3.512784481048584
10191,29.110000610351562,23.094833374023438
10192,6.96999979019165,5.937717914581299
10193,32.599998474121094,27.97530746459961
10194,17.420000076293945,14.47607135772705
10195,10.880000114440918,8.59221076965332
10196,26.829999923706055,24.258949279785156
10197,37.650001525878906,37.025390625
10198,8.279999732971191,6.2972869873046875
10199,10.010000228881836,7.953162670135498
10200,44.689998626708984,46.0273551940918
10201,14.5,11.067599296569824
10202,9.569999694824219,7.36893892288208
10203,18.75,15.137370109558105
10204,34.2400016784668,34.89186477661133
10205,47.849998474121094,34.75297927856445
10206,27.6200008392334,23.938884735107422
10207,45.150001525878906,35.860965728759766
10208,34.5099983215332,31.721282958984375
10209,6.110000133514404,4.365870475769043
10210,44.52000045776367,42.45896911621094
10211,19.68000030517578,17.20415687561035
10212,13.350000381469727,10.680087089538574
10213,10.59000015258789,6.754881381988525
10214,22.850000381469727,21.083097457885742
10215,44.04999923706055,39.79484939575195
10216,33.16999816894531,26.75343132019043
10217,33.61000061035156,28.770681381225586
10218,8.390000343322754,7.198758602142334
10219,67.30999755859375,62.79888153076172
10220,66.52999877929688,69.23748779296875
10221,3.9200000762939453,3.2405028343200684
10222,19.510000228881836,15.200173377990723
10223,18.079999923706055,15.378613471984863
10224,78.44999694824219,53.38750076293945
10225,36.630001068115234,30.1125431060791
10226,22.309999465942383,19.75948715209961
10227,38.18000030517578,36.8492317199707
10228,9.630000114440918,8.36284351348877
10229,34.650001525878906,29.898868560791016
10230,11.350000381469727,9.17017936706543
10231,10.649999618530273,8.51567554473877
10232,48.459999084472656,46.44845962524414
10233,37.40999984741211,34.17409896850586
10234,21.969999313354492,19.697757720947266
10235,14.899999618530273,12.58515739440918
10236,25.06999969482422,21.758176803588867
10237,6.929999828338623,5.2037272453308105
10238,10.4399995803833,8.861452102661133
10239,6.230000019073486,4.129073143005371
10240,25.299999237060547,21.63951873779297
10241,21.940000534057617,20.08756446838379
10242,36.7400016784668,35.088783264160156
10243,19.15999984741211,16.52098846435547
10244,50.59000015258789,49.37797164916992
10245,23.75,21.86300277709961
10246,13.729999542236328,11.34875774383545
10247,30.829999923706055,26.21280288696289
10248,28.420000076293945,27.019094467163086
10249,25.3700008392334,22.128015518188477
10250,63.61000061035156,60.191558837890625
10251,68.86000061035156,60.57255935668945
10252,4.739999771118164,2.947704792022705
10253,35.869998931884766,33.70563888549805
10254,76.0999984741211,42.0032844543457
10255,3.8399999141693115,2.8236918449401855
10256,49.560001373291016,46.02490997314453
10257,8.130000114440918,5.464134693145752
10258,12.739999771118164,10.540006637573242
10259,13.279999732971191,11.856695175170898
10260,25.639999389648438,20.338777542114258
10261,23.040000915527344,19.06531524658203
10262,20.18000030517578,16.558124542236328
10263,25.600000381469727,17.45521354675293
10264,26.690000534057617,23.45417022705078
10265,16.229999542236328,13.319730758666992
10266,27.219999313354492,27.804981231689453
10267,19.43000030517578,14.324209213256836
10268,7.099999904632568,5.602839946746826
10269,53.220001220703125,48.05983352661133
10270,22.440000534057617,20.080720901489258
10271,4.760000228881836,3.0040547847747803
10272,10.260000228881836,8.435050010681152
10273,39.5,32.28873062133789
10274,18.440000534057617,14.884051322937012
10275,13.529999732971191,11.777514457702637
10276,34.41999816894531,30.427770614624023
10277,36.099998474121094,32.85859680175781
10278,40.130001068115234,30.24505043029785
10279,49.029998779296875,45.76359939575195
10280,19.25,16.920564651489258
10281,27.079999923706055,24.52362060546875
10282,47.470001220703125,42.791969299316406
10283,35.97999954223633,38.977989196777344
10284,33.11000061035156,55.14802169799805
10285,31.260000228881836,29.483131408691406
10286,12.970000267028809,9.990377426147461
10287,30.760000228881836,30.8513126373291
10288,19.940000534057617,16.20457649230957
10289,34.83000183105469,31.26191520690918
10290,42.5,36.66243362426758
10291,42.56999969482422,38.329246520996094
10292,38.83000183105469,36.213558197021484
10293,13.8100004196167,11.277860641479492
10294,73.5999984741211,70.20053100585938
10295,7.929999828338623,5.7932634353637695
10296,67.12000274658203,65.77413940429688
10297,11.960000038146973,9.961524963378906
10298,53.099998474121094,50.4749641418457
10299,33.27000045776367,22.079410552978516
10300,54.56999969482422,63.709449768066406
10301,30.329999923706055,27.218957901000977
10302,67.76000213623047,66.21497344970703
10303,18.1200008392334,14.584604263305664
10304,7.360000133514404,5.641880989074707
10305,45.29999923706055,43.660823822021484
10306,2.049999952316284,2.1117501258850098
10307,24.18000030517578,21.04552459716797
10308,7.760000228881836,4.863274574279785
10309,35.77000045776367,32.20538330078125
10310,32.810001373291016,27.245899200439453
10311,49.63999938964844,47.37778091430664
10312,47.790000915527344,46.516780853271484
10313,53.810001373291016,48.43977737426758
10314,33.45000076293945,30.965322494506836
10315,25.280000686645508,23.428348541259766
10316,13.739999771118164,11.543015480041504
10317,25.56999969482422,22.298559188842773
10318,45.939998626708984,37.5152702331543
10319,25.469999313354492,20.245195388793945
10320,33.029998779296875,28.61666488647461
10321,31.989999771118164,29.14158058166504
10322,10.960000038146973,8.940762519836426
10323,3.3399999141693115,3.628934144973755
10324,27.170000076293945,25.788314819335938
10325,33.41999816894531,29.38690185546875
10326,40.290000915527344,39.372013092041016
10327,15.229999542236328,13.212733268737793
10328,16.209999084472656,12.709020614624023
10329,22.969999313354492,20.799068450927734
10330,54.939998626708984,49.77001190185547
10331,10.75,9.296053886413574
10332,18.719999313354492,15.744880676269531
10333,33.54999923706055,30.87076759338379
10334,34.79999923706055,30.879962921142578
10335,7.090000152587891,4.661104679107666
10336,6.550000190734863,4.67831563949585
10337,28.860000610351562,22.047483444213867
10338,21.829999923706055,18.520336151123047
10339,11.600000381469727,10.159346580505371
10340,44.88999938964844,45.508636474609375
10341,20.360000610351562,22.609928131103516
10342,12.65999984741211,10.926788330078125
10343,26.709999084472656,22.52421760559082
10344,31.34000015258789,28.357101440429688
10345,28.049999237060547,23.36670684814453
10346,21.809999465942383,19.07152557373047
10347,25.559999465942383,21.448162078857422
10348,13.170000076293945,10.398557662963867
10349,5.489999771118164,3.5536551475524902
10350,34.58000183105469,30.40256690979004
10351,34.08000183105469,31.561704635620117
10352,29.190000534057617,32.25748062133789
10353,41.38999938964844,42.9854621887207
10354,25.34000015258789,21.986974716186523
10355,43.88999938964844,40.15414810180664
10356,14.25,11.744025230407715
10357,10.739999771118164,8.719759941101074
10358,12.680000305175781,11.388169288635254
10359,13.069999694824219,11.501973152160645
10360,30.59000015258789,24.7051944732666
10361,27.959999084472656,21.03821563720703
10362,37.689998626708984,35.21260070800781
10363,11.180000305175781,9.289554595947266
10364,58.470001220703125,55.068241119384766
10365,23.600000381469727,22.552474975585938
10366,19.440000534057617,15.847808837890625
10367,20.829999923706055,18.986900329589844
10368,42.18000030517578,36.04872131347656
10369,11.949999809265137,9.029688835144043
10370,8.539999961853027,6.526760101318359
10371,30.260000228881836,28.640117645263672
10372,22.450000762939453,19.471914291381836
10373,34.27000045776367,35.691009521484375
10374,45.41999816894531,34.3734016418457
10375,53.06999969482422,50.86468505859375
10376,33.11000061035156,31.6053466796875
10377,76.01000213623047,69.4825210571289
10378,22.709999084472656,20.04440689086914
10379,72.51000213623047,63.944759368896484
10380,25.219999313354492,23.437477111816406
10381,18.31999969482422,14.783583641052246
10382,10.819999694824219,9.749876976013184
10383,24.6200008392334,19.452373504638672
10384,47.68000030517578,40.93862533569336
10385,6.409999847412109,4.790097713470459
10386,45.849998474121094,47.03028869628906
10387,38.63999938964844,64.92005920410156
10388,39.9900016784668,34.79441452026367
10389,51.959999084472656,52.78826904296875
10390,27.0,23.157682418823242
10391,10.029999732971191,7.146369457244873
10392,21.530000686645508,20.866092681884766
10393,38.189998626708984,35.56413269042969
10394,25.5,21.232418060302734
10395,37.279998779296875,33.87791061401367
10396,11.260000228881836,9.054980278015137
10397,12.149999618530273,10.331622123718262
10398,11.460000038146973,8.734360694885254
10399,13.880000114440918,11.02160930633545
10400,37.13999938964844,35.963104248046875
10401,49.209999084472656,37.23639678955078
10402,26.729999542236328,20.22576141357422
10403,33.869998931884766,27.664514541625977
10404,42.29999923706055,42.3919792175293
10405,27.709999084472656,24.246692657470703
10406,32.5,28.544986724853516
10407,29.510000228881836,26.093019485473633
10408,24.030000686645508,22.212858200073242
10409,46.79999923706055,44.312076568603516
10410,50.9900016784668,51.74979782104492
10411,19.040000915527344,15.485453605651855
10412,26.200000762939453,20.712112426757812
10413,32.400001525878906,28.948501586914062
10414,26.469999313354492,22.990968704223633
10415,39.38999938964844,37.80738830566406
10416,14.930000305175781,13.782511711120605
10417,19.31999969482422,16.842931747436523
10418,55.04999923706055,56.528167724609375
10419,11.029999732971191,8.908671379089355
10420,21.579999923706055,21.58561134338379
10421,23.889999389648438,21.942581176757812
10422,16.209999084472656,13.420788764953613
10423,16.93000030517578,14.742715835571289
10424,33.02000045776367,29.995838165283203
10425,4.769999980926514,3.220579147338867
10426,33.08000183105469,29.742542266845703
10427,43.88999938964844,42.39952850341797
10428,53.06999969482422,49.644588470458984
10429,4.260000228881836,2.834460496902466
10430,22.56999969482422,19.516700744628906
10431,24.940000534057617,20.270172119140625
10432,9.930000305175781,7.679317951202393
10433,10.199999809265137,8.794803619384766
10434,31.829999923706055,25.225679397583008
10435,3.3499999046325684,1.4179902076721191
10436,23.239999771118164,20.707515716552734
10437,58.459999084472656,37.56563949584961
10438,31.260000228881836,27.642044067382812
10439,4.989999771118164,4.481337070465088
10440,13.180000305175781,10.386796951293945
10441,22.1299991607666,18.178329467773438
10442,40.47999954223633,37.129173278808594
10443,61.529998779296875,52.48948287963867
10444,19.399999618530273,14.75655460357666
10445,14.460000038146973,11.243950843811035
10446,42.130001068115234,38.08872985839844
10447,42.2400016784668,40.97797775268555
10448,16.510000228881836,13.683711051940918
10449,34.619998931884766,30.981494903564453
10450,10.399999618530273,8.313672065734863
10451,20.760000228881836,16.487533569335938
10452,26.520000457763672,20.251686096191406
10453,21.670000076293945,21.861452102661133
10454,29.170000076293945,26.928590774536133
10455,20.75,18.50150489807129
10456,53.130001068115234,43.46376419067383
10457,34.90999984741211,31.402523040771484
10458,29.219999313354492,28.49353790283203
10459,25.31999969482422,19.04688835144043
10460,16.469999313354492,13.987397193908691
10461,21.889999389648438,18.976844787597656
10462,55.27000045776367,43.18156051635742
10463,16.229999542236328,13.531045913696289
10464,21.639999389648438,16.951990127563477
10465,10.859999656677246,6.754218101501465
10466,46.97999954223633,43.68888473510742
10467,19.850000381469727,15.280322074890137
10468,28.020000457763672,24.039705276489258
10469,21.639999389648438,20.661842346191406
10470,24.3799991607666,21.626251220703125
10471,20.299999237060547,17.106555938720703
10472,17.81999969482422,15.236546516418457
10473,19.780000686645508,16.245441436767578
10474,34.380001068115234,30.724987030029297
10475,18.170000076293945,14.632957458496094
10476,62.08000183105469,58.80118942260742
10477,5.869999885559082,4.8367109298706055
10478,14.949999809265137,12.396211624145508
10479,15.09000015258789,11.913410186767578
10480,18.40999984741211,16.15155601501465
10481,28.979999542236328,25.05242156982422
10482,7.489999771118164,5.290084362030029
10483,64.75,62.07162094116211
10484,30.549999237060547,26.403942108154297
10485,13.619999885559082,10.260269165039062
10486,36.119998931884766,32.87306213378906
10487,38.36000061035156,34.94902420043945
10488,35.849998474121094,32.391754150390625
10489,28.190000534057617,22.62455940246582
10490,8.930000305175781,6.50446891784668
10491,1.9700000286102295,2.2241344451904297
10492,31.329999923706055,27.58686065673828
10493,23.049999237060547,19.218584060668945
10494,25.84000015258789,22.812158584594727
10495,17.3700008392334,15.982479095458984
10496,21.940000534057617,21.456703186035156
10497,10.170000076293945,7.6159796714782715
10498,12.760000228881836,9.58698844909668
10499,42.060001373291016,38.24650192260742
10500,7.829999923706055,5.903517246246338
10501,36.650001525878906,33.58967590332031
10502,17.190000534057617,14.304128646850586
10503,72.11000061035156,67.4064712524414
10504,17.030000686645508,15.638738632202148
10505,17.709999084472656,15.312554359436035
10506,27.190000534057617,23.940065383911133
10507,8.119999885559082,5.258026123046875
10508,4.559999942779541,3.2627086639404297
10509,6.119999885559082,5.591751575469971
10510,5.659999847412109,4.635508060455322
10511,20.510000228881836,17.869537353515625
10512,21.06999969482422,16.21353530883789
10513,31.309999465942383,23.472251892089844
10514,59.060001373291016,57.67026901245117
10515,49.54999923706055,45.301631927490234
10516,43.04999923706055,38.120304107666016
10517,51.43000030517578,43.58662414550781
10518,7.489999771118164,5.2388997077941895
10519,35.70000076293945,36.05672836303711
10520,16.190000534057617,14.1336030960083
10521,27.110000610351562,25.40264320373535
10522,36.439998626708984,34.088218688964844
10523,3.9000000953674316,1.9885562658309937
10524,22.530000686645508,20.000648498535156
10525,35.75,31.100873947143555
10526,45.54999923706055,43.077850341796875
10527,22.469999313354492,21.827404022216797
10528,24.670000076293945,22.578826904296875
10529,10.899999618530273,9.568312644958496
10530,12.729999542236328,10.5858793258667
10531,15.579999923706055,13.640680313110352
10532,8.119999885559082,6.468864917755127
10533,20.520000457763672,16.807693481445312
10534,21.440000534057617,20.95721435546875
10535,25.899999618530273,22.94506072998047
10536,45.81999969482422,41.29640197753906
10537,18.270000457763672,15.218550682067871
10538,33.04999923706055,31.78365707397461
10539,41.52000045776367,34.910274505615234
10540,31.170000076293945,24.472604751586914
10541,25.729999542236328,22.889602661132812
10542,3.309999942779541,1.8972485065460205
10543,66.44999694824219,63.70607376098633
10544,33.959999084472656,31.800622940063477
10545,23.190000534057617,19.246158599853516
10546,13.890000343322754,11.656546592712402
10547,10.619999885559082,8.134910583496094
10548,51.83000183105469,43.54049301147461
10549,16.68000030517578,14.13325023651123
10550,41.02000045776367,37.60622024536133
10551,31.09000015258789,27.042320251464844
10552,14.210000038146973,12.909335136413574
10553,21.209999084472656,18.842273712158203
10554,33.91999816894531,29.379154205322266
10555,21.639999389648438,22.079410552978516
10556,28.979999542236328,25.000381469726562
10557,18.59000015258789,16.751575469970703
10558,24.020000457763672,22.833824157714844
10559,5.320000171661377,2.5940487384796143
10560,22.209999084472656,18.66265106201172
10561,20.209999084472656,16.600082397460938
10562,38.7400016784668,35.80222702026367
10563,17.110000610351562,14.357107162475586
10564,15.510000228881836,13.405442237854004
10565,9.579999923706055,8.102368354797363
10566,5.820000171661377,3.7278077602386475
10567,24.229999542236328,20.780681610107422
10568,11.859999656677246,10.07192611694336
10569,25.34000015258789,20.94672393798828
10570,25.059999465942383,24.596031188964844
10571,20.690000534057617,19.116926193237305
10572,3.4800000190734863,3.2376198768615723
10573,6.570000171661377,5.177452564239502
10574,27.68000030517578,23.831966400146484
10575,19.459999084472656,15.48436164855957
10576,24.8799991607666,24.25963020324707
10577,28.540000915527344,26.77418327331543
10578,3.1600000858306885,1.6483910083770752
10579,22.31999969482422,18.654611587524414
10580,15.25,11.982841491699219
10581,28.559999465942383,27.92926025390625
10582,19.079999923706055,15.69388484954834
10583,18.3799991607666,18.613788604736328
10584,14.989999771118164,12.307467460632324
10585,74.7699966430664,76.64537811279297
10586,45.560001373291016,42.311004638671875
10587,7.579999923706055,6.111783027648926
10588,31.979999542236328,28.484603881835938
10589,44.58000183105469,39.93445587158203
10590,30.260000228881836,35.63351821899414
10591,21.360000610351562,18.74551010131836
10592,74.38999938964844,70.33982849121094
10593,36.04999923706055,34.69525146484375
10594,35.0,27.751800537109375
10595,69.05000305175781,68.912109375
10596,17.360000610351562,13.658656120300293
10597,4.789999961853027,2.951195240020752
10598,3.369999885559082,3.404310703277588
10599,38.66999816894531,43.27234649658203
10600,5.25,3.046694040298462
10601,31.5,22.159502029418945
10602,36.02000045776367,38.64973831176758
10603,31.450000762939453,27.315593719482422
10604,20.290000915527344,17.70413589477539
10605,75.12000274658203,77.69061279296875
10606,15.279999732971191,12.651339530944824
10607,30.829999923706055,28.121681213378906
10608,19.610000610351562,18.117267608642578
10609,33.689998626708984,36.84169387817383
10610,18.520000457763672,17.982589721679688
10611,12.930000305175781,10.759344100952148
10612,10.880000114440918,9.429791450500488
10613,25.6299991607666,24.780834197998047
10614,13.779999732971191,12.277196884155273
10615,8.470000267028809,7.228581428527832
10616,30.360000610351562,28.859485626220703
10617,8.869999885559082,6.679488658905029
10618,14.739999771118164,12.063218116760254
10619,28.510000228881836,28.03851890563965
10620,44.560001373291016,42.62883758544922
10621,6.730000019073486,4.904202938079834
10622,22.520000457763672,18.951255798339844
10623,59.59000015258789,58.86603927612305
10624,4.860000133514404,3.0833680629730225
10625,2.609999895095825,1.842886209487915
10626,60.27000045776367,57.371849060058594
10627,12.279999732971191,10.121548652648926
10628,34.060001373291016,27.351743698120117
10629,17.709999084472656,14.192734718322754
10630,31.40999984741211,27.785520553588867
10631,39.810001373291016,35.79960250854492
10632,39.459999084472656,36.83814239501953
10633,42.34000015258789,38.052215576171875
10634,46.439998626708984,41.956634521484375
10635,2.190000057220459,2.8901519775390625
10636,41.869998931884766,42.07746505737305
10637,20.0,17.21308708190918
10638,7.550000190734863,6.4370293617248535
10639,22.68000030517578,19.708003997802734
10640,36.41999816894531,29.95482635498047
10641,35.97999954223633,29.671842575073242
10642,7.199999809265137,5.582437992095947
10643,37.20000076293945,33.01143264770508
10644,27.170000076293945,22.320812225341797
10645,26.809999465942383,25.125280380249023
10646,48.16999816894531,39.14948654174805
10647,76.20999908447266,71.21915435791016
10648,40.880001068115234,39.75636672973633
10649,51.36000061035156,51.21101760864258
10650,11.470000267028809,9.247777938842773
10651,38.540000915527344,35.72018814086914
10652,65.83000183105469,68.09712219238281
10653,32.279998779296875,33.76884460449219
10654,30.75,26.882957458496094
10655,43.790000915527344,38.76093673706055
10656,13.149999618530273,11.249520301818848
10657,7.710000038146973,4.785897254943848
10658,28.549999237060547,26.032686233520508
10659,31.90999984741211,37.708072662353516
10660,9.880000114440918,8.280694007873535
10661,50.52000045776367,46.7089958190918
10662,10.149999618530273,9.143823623657227
10663,37.29999923706055,34.212257385253906
10664,37.22999954223633,35.405487060546875
10665,30.020000457763672,25.225391387939453
10666,2.609999895095825,1.277209997177124
10667,17.559999465942383,14.37513542175293
10668,18.899999618530273,15.424067497253418
10669,23.299999237060547,20.347023010253906
10670,52.25,46.38787841796875
10671,52.459999084472656,50.34138107299805
10672,34.52000045776367,32.39420700073242
10673,38.59000015258789,34.69743728637695
10674,24.06999969482422,22.187902450561523
10675,5.599999904632568,3.8917627334594727
10676,29.200000762939453,26.813289642333984
10677,34.72999954223633,28.673824310302734
10678,53.220001220703125,52.10837936401367
10679,13.920000076293945,11.930322647094727
10680,21.209999084472656,15.215017318725586
10681,15.09000015258789,10.69022274017334
10682,39.630001068115234,32.37980651855469
10683,45.029998779296875,52.78789138793945
10684,10.890000343322754,9.246050834655762
10685,20.90999984741211,17.13814353942871
10686,24.780000686645508,21.439409255981445
10687,9.270000457763672,7.601012706756592
10688,42.709999084472656,39.29435348510742
10689,11.390000343322754,9.231100082397461
10690,13.850000381469727,10.61723804473877
10691,37.33000183105469,36.98539352416992
10692,66.54000091552734,41.64641571044922
10693,32.72999954223633,28.943634033203125
10694,33.790000915527344,28.601552963256836
10695,22.43000030517578,20.425920486450195
10696,62.5099983215332,62.09053421020508
10697,24.68000030517578,21.37057113647461
10698,32.34000015258789,27.90862274169922
10699,33.63999938964844,31.796077728271484
10700,43.09000015258789,42.03521728515625
10701,14.880000114440918,12.610713958740234
10702,9.489999771118164,7.802945613861084
10703,11.199999809265137,9.076519966125488
10704,6.190000057220459,4.874011516571045
10705,45.33000183105469,37.36685562133789
10706,31.899999618530273,28.0328311920166
10707,2.630000114440918,2.710237741470337
10708,6.889999866485596,4.664921283721924
10709,32.540000915527344,29.231889724731445
10710,19.389999389648438,16.299570083618164
10711,31.729999542236328,28.589319229125977
10712,28.5,24.30245590209961
10713,43.97999954223633,38.90976333618164
10714,33.81999969482422,28.470802307128906
10715,74.18000030517578,71.37642669677734
10716,40.09000015258789,36.61541748046875
10717,52.06999969482422,46.87358093261719
10718,61.36000061035156,60.0756721496582
10719,8.619999885559082,7.192399501800537
10720,29.729999542236328,25.701223373413086
10721,29.030000686645508,26.275142669677734
10722,7.809999942779541,5.8121161460876465
10723,43.880001068115234,39.27482604980469
10724,61.369998931884766,56.46708297729492
10725,37.06999969482422,37.73414993286133
10726,27.360000610351562,24.925945281982422
10727,38.95000076293945,31.850906372070312
10728,3.5199999809265137,1.7441844940185547
10729,24.149999618530273,21.364505767822266
10730,20.459999084472656,17.503376007080078
10731,52.40999984741211,50.40049743652344
10732,3.0999999046325684,1.7003179788589478
10733,21.149999618530273,18.54951286315918
10734,15.640000343322754,12.518668174743652
10735,15.4399995803833,13.124762535095215
10736,49.11000061035156,45.90678787231445
10737,20.270000457763672,16.429443359375
10738,32.599998474121094,32.12187957763672
10739,29.959999084472656,28.68722915649414
10740,29.399999618530273,25.891942977905273
10741,32.47999954223633,27.32332992553711
10742,64.79000091552734,63.468929290771484
10743,34.5099983215332,28.20166015625
10744,8.170000076293945,6.340804576873779
10745,12.630000114440918,10.117786407470703
10746,38.2599983215332,34.55330276489258
10747,39.369998931884766,33.367740631103516
10748,27.809999465942383,26.57082748413086
10749,17.43000030517578,15.150909423828125
10750,18.200000762939453,17.14738655090332
10751,35.95000076293945,32.7712287902832
10752,8.470000267028809,6.211329936981201
10753,30.739999771118164,27.19001579284668
10754,26.389999389648438,22.646167755126953
10755,48.43000030517578,45.75902557373047
10756,53.27000045776367,36.016361236572266
10757,35.33000183105469,32.932071685791016
10758,9.9399995803833,7.800164699554443
10759,22.709999084472656,20.012075424194336
10760,32.75,31.43791389465332
10761,30.68000030517578,27.21396255493164
10762,36.97999954223633,31.40066909790039
10763,24.299999237060547,21.515281677246094
10764,37.380001068115234,32.398555755615234
10765,17.170000076293945,12.971997261047363
10766,25.229999542236328,23.727155685424805
10767,9.75,8.889612197875977
10768,28.600000381469727,23.3304500579834
10769,33.84000015258789,28.356029510498047
10770,8.199999809265137,5.401280403137207
10771,36.630001068115234,32.590789794921875
10772,16.43000030517578,13.446333885192871
10773,73.27999877929688,71.34564208984375
10774,35.54999923706055,28.78656005859375
10775,39.029998779296875,37.319007873535156
10776,15.350000381469727,14.41121768951416
10777,28.059999465942383,21.524364471435547
10778,70.19000244140625,45.16267395019531
10779,15.930000305175781,12.150362968444824
10780,27.729999542236328,21.719131469726562
10781,39.0099983215332,37.03303527832031
10782,22.190000534057617,19.123178482055664
10783,33.33000183105469,31.094188690185547
10784,19.56999969482422,17.15020179748535
10785,31.1299991607666,26.745759963989258
10786,37.9900016784668,33.563758850097656
10787,28.549999237060547,19.8525333404541
10788,27.43000030517578,23.27143096923828
10789,13.800000190734863,10.515501976013184
10790,25.260000228881836,22.135459899902344
10791,10.40999984741211,7.811112403869629
10792,41.630001068115234,38.20209884643555
10793,20.270000457763672,16.927093505859375
10794,30.709999084472656,24.12830352783203
10795,33.33000183105469,32.708065032958984
10796,36.83000183105469,32.937255859375
10797,29.1299991607666,24.036836624145508
10798,21.649999618530273,19.23762321472168
10799,17.809999465942383,14.199898719787598
10800,43.7400016784668,38.107154846191406
10801,24.450000762939453,20.367294311523438
10802,11.149999618530273,8.35287857055664
10803,14.930000305175781,12.955204963684082
10804,55.040000915527344,53.35441589355469
10805,33.529998779296875,29.041610717773438
10806,7.760000228881836,6.115199565887451
10807,0.7200000286102295,1.227961778640747
10808,19.65999984741211,18.123666763305664
10809,49.709999084472656,54.83943557739258
10810,27.219999313354492,24.790550231933594
10811,24.770000457763672,20.065662384033203
10812,3.700000047683716,2.4349188804626465
10813,16.229999542236328,12.783113479614258
10814,54.31999969482422,41.3859748840332
10815,2.8499999046325684,2.512183904647827
10816,44.45000076293945,40.55574417114258
10817,39.540000915527344,36.60910415649414
10818,18.610000610351562,14.96580982208252
10819,25.020000457763672,20.216373443603516
10820,18.260000228881836,14.639812469482422
10821,9.359999656677246,8.600800514221191
10822,41.70000076293945,38.64973831176758
10823,29.350000381469727,22.728979110717773
10824,6.75,4.165111541748047
10825,6.980000019073486,3.969743251800537
10826,1.6100000143051147,1.5242921113967896
10827,33.70000076293945,30.580402374267578
10828,40.970001220703125,38.17107391357422
10829,51.22999954223633,59.59479904174805
10830,20.360000610351562,20.221954345703125
10831,32.689998626708984,30.047325134277344
10832,48.52000045776367,42.94460678100586
10833,12.369999885559082,10.218174934387207
10834,32.27000045776367,28.326417922973633
10835,19.81999969482422,17.050655364990234
10836,23.059999465942383,19.97730827331543
10837,12.279999732971191,9.927461624145508
10838,29.510000228881836,21.535898208618164
10839,29.700000762939453,25.084299087524414
10840,56.7400016784668,51.52470016479492
10841,74.94000244140625,76.57330322265625
10842,30.270000457763672,30.45488166809082
10843,10.010000228881836,8.227892875671387
10844,32.369998931884766,27.921260833740234
10845,12.949999809265137,10.636392593383789
10846,60.470001220703125,60.36342239379883
10847,37.439998626708984,38.72781753540039
10848,40.34000015258789,41.320438385009766
10849,19.6200008392334,16.116695404052734
10850,45.63999938964844,44.07984161376953
10851,27.540000915527344,26.266258239746094
10852,32.38999938964844,28.997413635253906
10853,19.469999313354492,17.091196060180664
10854,39.66999816894531,36.30833053588867
10855,56.72999954223633,55.40585708618164
10856,37.20000076293945,33.12659454345703
10857,4.460000038146973,3.2997660636901855
10858,38.27000045776367,31.58871841430664
10859,22.950000762939453,21.591276168823242
10860,19.309999465942383,17.410860061645508
10861,32.5,28.040924072265625
10862,53.18000030517578,49.266849517822266
10863,34.4900016784668,30.122600555419922
10864,37.2599983215332,33.11239242553711
10865,40.279998779296875,36.6876106262207
10866,53.45000076293945,51.699256896972656
10867,22.600000381469727,21.50255012512207
10868,34.25,35.344932556152344
10869,41.630001068115234,37.4914665222168
10870,30.270000457763672,29.16305160522461
10871,53.02000045776367,49.70344161987305
10872,28.139999389648438,26.73543357849121
10873,29.389999389648438,25.87685203552246
10874,27.579999923706055,23.51251983642578
10875,57.47999954223633,45.31361770629883
10876,40.58000183105469,36.38566207885742
10877,3.9200000762939453,2.5757029056549072
10878,42.459999084472656,41.23720932006836
10879,8.510000228881836,5.696269512176514
10880,32.9900016784668,25.963497161865234
10881,31.110000610351562,29.90350341796875
10882,45.40999984741211,32.65079116821289
10883,30.1299991607666,28.990442276000977
10884,11.739999771118164,9.38604736328125
10885,7.070000171661377,6.060234546661377
10886,69.08000183105469,65.5772933959961
10887,36.40999984741211,30.084558486938477
10888,12.0,9.792901039123535
10889,10.779999732971191,8.57329273223877
10890,15.819999694824219,13.626886367797852
10891,22.309999465942383,19.95254898071289
10892,44.2599983215332,36.53106689453125
10893,5.199999809265137,2.6586263179779053
10894,19.920000076293945,17.951383590698242
10895,52.040000915527344,49.02458190917969
10896,42.04999923706055,40.57596206665039
10897,23.389999389648438,20.811534881591797
10898,52.060001373291016,50.9578742980957
10899,24.520000457763672,25.376911163330078
10900,1.9500000476837158,1.454263687133789
10901,15.25,12.63829517364502
10902,21.84000015258789,17.939828872680664
10903,18.530000686645508,16.297292709350586
10904,70.87000274658203,72.3392105102539
10905,31.6200008392334,28.084138870239258
10906,56.02000045776367,52.06569290161133
10907,31.200000762939453,27.731252670288086
10908,13.859999656677246,12.538015365600586
10909,29.3700008392334,24.485370635986328
10910,28.389999389648438,25.45089340209961
10911,31.219999313354492,27.798009872436523
10912,27.969999313354492,22.429401397705078
10913,24.469999313354492,21.128658294677734
10914,5.860000133514404,3.323136806488037
10915,23.93000030517578,24.344005584716797
10916,28.030000686645508,24.7563533782959
10917,10.239999771118164,7.895425319671631
10918,46.13999938964844,40.690895080566406
10919,14.229999542236328,11.470148086547852
10920,30.969999313354492,29.196746826171875
10921,10.520000457763672,8.47507381439209
10922,47.91999816894531,45.33126449584961
10923,28.6200008392334,23.641204833984375
10924,14.300000190734863,11.742770195007324
10925,24.309999465942383,17.85390281677246
10926,11.430000305175781,9.938345909118652
10927,8.640000343322754,6.7116169929504395
10928,7.550000190734863,5.5332159996032715
10929,6.170000076293945,3.1077215671539307
10930,39.59000015258789,30.84942626953125
10931,9.59000015258789,7.698466777801514
10932,16.010000228881836,12.483444213867188
10933,10.220000267028809,7.760513782501221
10934,6.53000020980835,3.6332807540893555
10935,7.980000019073486,6.158581256866455
10936,3.559999942779541,2.320314645767212
10937,26.389999389648438,21.93691635131836
10938,26.6200008392334,24.064868927001953
10939,45.099998474121094,40.86146545410156
10940,46.849998474121094,32.78521728515625
10941,50.63999938964844,47.24216079711914
10942,21.350000381469727,18.23965072631836
10943,10.720000267028809,9.286260604858398
10944,19.479999542236328,15.263319969177246
10945,32.13999938964844,27.05022621154785
10946,20.540000915527344,16.901344299316406
10947,25.68000030517578,23.942556381225586
10948,6.989999771118164,5.173797130584717
10949,16.3799991607666,13.543717384338379
10950,13.130000114440918,10.591019630432129
10951,15.420000076293945,12.830108642578125
10952,39.349998474121094,33.26015090942383
10953,56.130001068115234,52.24724578857422
10954,30.020000457763672,24.761688232421875
10955,6.369999885559082,4.441435813903809
10956,33.95000076293945,29.05336570739746
10957,44.290000915527344,42.16647720336914
10958,10.050000190734863,8.493987083435059
10959,18.899999618530273,14.776205062866211
10960,25.0,21.280635833740234
10961,30.8799991607666,27.73674774169922
10962,47.369998931884766,45.116275787353516
10963,62.25,60.0518913269043
10964,40.2599983215332,33.374839782714844
10965,23.469999313354492,20.288475036621094
10966,33.599998474121094,33.4968376159668
10967,16.739999771118164,13.304539680480957
10968,13.880000114440918,12.623605728149414
10969,12.130000114440918,10.304872512817383
10970,40.380001068115234,35.475677490234375
10971,36.91999816894531,31.68861961364746
10972,23.219999313354492,20.969982147216797
10973,9.619999885559082,6.617130756378174
10974,52.33000183105469,49.9393196105957
10975,36.349998474121094,30.673824310302734
10976,6.449999809265137,4.803496837615967
10977,41.279998779296875,37.69552230834961
10978,18.489999771118164,16.686643600463867
10979,51.040000915527344,39.28616714477539
10980,49.77000045776367,44.201568603515625
10981,35.38999938964844,29.720245361328125
10982,48.97999954223633,45.59140396118164
10983,34.84000015258789,32.47623062133789
10984,46.7599983215332,47.848533630371094
10985,21.040000915527344,18.70676612854004
10986,8.739999771118164,7.285452842712402
10987,48.439998626708984,45.05554962158203
10988,14.710000038146973,11.902907371520996
10989,21.190000534057617,17.148120880126953
10990,21.950000762939453,18.958770751953125
10991,17.440000534057617,15.247264862060547
10992,27.360000610351562,22.606822967529297
10993,15.430000305175781,11.165428161621094
10994,10.819999694824219,8.851539611816406
10995,46.11000061035156,45.51812744140625
10996,62.38999938964844,56.7966423034668
10997,25.850000381469727,23.599777221679688
10998,29.299999237060547,25.94381332397461
10999,33.689998626708984,28.059188842773438
11000,38.84000015258789,35.11190414428711
11001,27.280000686645508,21.600358963012695
11002,17.06999969482422,14.055156707763672
11003,20.25,17.263853073120117
11004,38.619998931884766,37.487850189208984
11005,12.75,10.017723083496094
11006,19.040000915527344,15.896371841430664
11007,28.780000686645508,25.364643096923828
11008,27.780000686645508,25.485801696777344
11009,17.299999237060547,15.164080619812012
11010,37.040000915527344,38.56825637817383
11011,26.309999465942383,21.823577880859375
11012,14.609999656677246,12.861526489257812
11013,24.31999969482422,21.251667022705078
11014,41.459999084472656,37.07962417602539
11015,34.58000183105469,29.67449188232422
11016,12.25,11.230340003967285
11017,46.869998931884766,40.52837371826172
11018,22.850000381469727,20.247039794921875
11019,37.439998626708984,33.84228515625
11020,15.270000457763672,13.193053245544434
11021,14.979999542236328,12.13083553314209
11022,53.18000030517578,51.09452819824219
11023,16.520000457763672,16.04159164428711
11024,44.79999923706055,42.50570297241211
11025,7.090000152587891,5.275238990783691
11026,54.470001220703125,53.2276496887207
11027,33.45000076293945,29.637832641601562
11028,25.8700008392334,20.82322120666504
11029,21.3799991607666,17.19610595703125
11030,32.310001373291016,29.20022964477539
11031,17.3799991607666,7.358085632324219
11032,28.229999542236328,24.5003662109375
11033,17.940000534057617,15.984757423400879
11034,30.190000534057617,25.237911224365234
11035,44.61000061035156,41.024139404296875
11036,46.27000045776367,43.187522888183594
11037,60.90999984741211,57.828025817871094
11038,69.87000274658203,69.14134979248047
11039,15.6899995803833,12.633003234863281
11040,9.9399995803833,8.487269401550293
11041,21.920000076293945,17.93216323852539
11042,59.83000183105469,59.47350311279297
11043,16.290000915527344,13.81633186340332
11044,14.25,12.169190406799316
11045,19.030000686645508,15.945767402648926
11046,10.460000038146973,9.218786239624023
11047,7.820000171661377,6.5373125076293945
11048,26.239999771118164,23.328603744506836
11049,17.110000610351562,15.048111915588379
11050,33.9900016784668,30.140830993652344
11051,7.869999885559082,6.02608060836792
11052,21.450000762939453,16.503807067871094
11053,11.880000114440918,9.733132362365723
11054,13.4399995803833,10.662678718566895
11055,8.180000305175781,7.178043365478516
11056,18.860000610351562,14.625465393066406
11057,7.559999942779541,5.908205032348633
11058,34.77000045776367,28.70490837097168
11059,7.809999942779541,6.0207743644714355
11060,15.770000457763672,11.689811706542969
11061,11.15999984741211,9.467068672180176
11062,34.209999084472656,28.088022232055664
11063,47.380001068115234,42.556156158447266
11064,18.200000762939453,16.715072631835938
11065,24.139999389648438,19.55476951599121
11066,11.199999809265137,8.9730806350708
11067,26.459999084472656,21.830337524414062
11068,15.739999771118164,13.636178016662598
11069,14.479999542236328,11.148877143859863
11070,18.18000030517578,16.174102783203125
11071,4.639999866485596,3.9006946086883545
11072,48.689998626708984,48.32316589355469
11073,4.679999828338623,2.6999523639678955
11074,18.420000076293945,14.861550331115723
11075,37.47999954223633,31.758586883544922
11076,23.530000686645508,20.511951446533203
11077,25.270000457763672,21.426572799682617
11078,36.66999816894531,32.17470169067383
11079,26.440000534057617,23.70042610168457
11080,40.970001220703125,37.58196258544922
11081,30.809999465942383,26.466259002685547
11082,22.5,19.2101993560791
11083,29.84000015258789,25.497058868408203
11084,45.72999954223633,42.70467758178711
11085,26.56999969482422,21.400070190429688
11086,39.88999938964844,36.92824172973633
11087,68.19000244140625,64.93074035644531
11088,27.34000015258789,23.2207088470459
11089,16.360000610351562,12.507942199707031
11090,50.38999938964844,40.739261627197266
11091,22.309999465942383,20.526044845581055
11092,16.639999389648438,12.847085952758789
11093,44.540000915527344,44.46420669555664
11094,37.790000915527344,34.865779876708984
11095,11.369999885559082,9.822751998901367
11096,31.030000686645508,29.09172248840332
11097,17.940000534057617,15.896681785583496
11098,2.200000047683716,1.154430627822876
11099,62.16999816894531,59.975975036621094
11100,42.25,38.035491943359375
11101,59.9900016784668,55.361663818359375
11102,53.439998626708984,49.79768371582031
11103,38.29999923706055,34.27180099487305
11104,47.540000915527344,44.804866790771484
11105,65.30000305175781,60.43436813354492
11106,65.4800033569336,47.50847625732422
11107,43.58000183105469,26.17106819152832
11108,18.34000015258789,15.784026145935059
11109,26.780000686645508,24.551013946533203
11110,44.970001220703125,42.39706802368164
11111,24.93000030517578,33.4968376159668
11112,44.689998626708984,43.55297088623047
11113,36.15999984741211,40.0860710144043
11114,12.989999771118164,11.28311824798584
11115,37.97999954223633,35.36579132080078
11116,16.06999969482422,12.564794540405273
11117,34.709999084472656,29.607051849365234
11118,30.969999313354492,27.89575958251953
11119,53.06999969482422,51.914066314697266
11120,34.790000915527344,30.40044403076172
11121,31.969999313354492,28.324459075927734
11122,27.239999771118164,24.823102951049805
11123,11.239999771118164,9.258251190185547
11124,23.8700008392334,21.616710662841797
11125,7.409999847412109,4.991471290588379
11126,4.650000095367432,4.767940998077393
11127,8.600000381469727,6.8426690101623535
11128,26.540000915527344,20.325204849243164
11129,5.340000152587891,3.763901948928833
11130,21.690000534057617,19.30801010131836
11131,31.959999084472656,30.000497817993164
11132,11.539999961853027,9.031780242919922
11133,39.310001373291016,40.41847229003906
11134,61.79999923706055,49.42076110839844
11135,23.399999618530273,21.064565658569336
11136,36.709999084472656,31.84185028076172
11137,59.70000076293945,52.895782470703125
11138,9.15999984741211,7.575751781463623
11139,20.110000610351562,18.27031898498535
11140,26.579999923706055,21.906661987304688
11141,7.269999980926514,5.274441719055176
11142,7.0,4.579434871673584
11143,17.360000610351562,15.645466804504395
11144,18.200000762939453,15.592812538146973
11145,22.969999313354492,20.245452880859375
11146,42.369998931884766,37.917816162109375
11147,48.56999969482422,45.9251594543457
11148,30.739999771118164,25.883060455322266
11149,12.140000343322754,9.601179122924805
11150,52.959999084472656,49.92736053466797
11151,41.0099983215332,36.275428771972656
11152,31.469999313354492,26.652759552001953
11153,45.810001373291016,40.5400505065918
11154,14.5,12.424760818481445
11155,35.97999954223633,31.880233764648438
11156,29.780000686645508,28.801939010620117
11157,26.040000915527344,23.620668411254883
11158,50.060001373291016,47.680641174316406
11159,39.7400016784668,37.652645111083984
11160,41.130001068115234,36.241851806640625
11161,23.18000030517578,18.8720760345459
11162,21.450000762939453,19.85903549194336
11163,23.790000915527344,20.13309097290039
11164,15.880000114440918,14.941937446594238
11165,29.479999542236328,26.266801834106445
11166,24.200000762939453,22.89851951599121
11167,71.13999938964844,57.46232986450195
11168,24.559999465942383,21.242441177368164
11169,43.459999084472656,36.86865234375
11170,62.4900016784668,59.960262298583984
11171,2.380000114440918,1.6280059814453125
11172,12.600000381469727,10.09742546081543
11173,23.020000457763672,19.20714569091797
11174,8.300000190734863,6.878185749053955
11175,11.369999885559082,10.770577430725098
11176,26.84000015258789,23.15782356262207
11177,13.880000114440918,11.657915115356445
11178,71.87000274658203,70.49504089355469
11179,43.97999954223633,41.00099563598633
11180,11.15999984741211,8.598983764648438
11181,12.149999618530273,10.460417747497559
11182,11.65999984741211,10.179984092712402
11183,44.709999084472656,39.99644470214844
11184,16.209999084472656,12.87429428100586
11185,53.77000045776367,51.72743225097656
11186,38.2400016784668,36.324153900146484
11187,34.7599983215332,31.69906997680664
11188,8.609999656677246,7.040031433105469
11189,44.209999084472656,32.57564163208008
11190,15.199999809265137,12.364233016967773
11191,2.1500000953674316,1.678166389465332
11192,10.90999984741211,8.626507759094238
11193,7.739999771118164,5.382549285888672
11194,60.54999923706055,43.82868957519531
11195,31.979999542236328,26.858930587768555
11196,56.2400016784668,56.241432189941406
11197,24.479999542236328,21.309253692626953
11198,20.280000686645508,17.88280487060547
11199,21.459999084472656,19.95992660522461
11200,36.97999954223633,32.075260162353516
11201,13.59000015258789,11.791976928710938
11202,8.779999732971191,6.682905197143555
11203,7.010000228881836,5.23732328414917
11204,34.959999084472656,30.572399139404297
11205,10.989999771118164,7.974191665649414
11206,20.739999771118164,18.718631744384766
11207,6.369999885559082,4.452792644500732
11208,13.1899995803833,11.298023223876953
11209,33.9900016784668,31.244731903076172
11210,25.079999923706055,20.60432243347168
11211,11.539999961853027,8.979948997497559
11212,50.439998626708984,45.6519889831543
11213,45.849998474121094,39.26260757446289
11214,11.449999809265137,8.216346740722656
11215,20.469999313354492,15.581408500671387
11216,54.029998779296875,50.095455169677734
11217,7.96999979019165,6.435584545135498
11218,27.309999465942383,24.506526947021484
11219,53.02000045776367,52.81267166137695
11220,2.700000047683716,1.9667822122573853
11221,30.75,24.412982940673828
11222,28.959999084472656,26.51632308959961
11223,57.349998474121094,55.54497146606445
11224,30.06999969482422,25.020240783691406
11225,48.650001525878906,46.3585319519043
11226,47.849998474121094,45.66636276245117
11227,28.559999465942383,24.17755126953125
11228,45.13999938964844,42.34227752685547
11229,29.18000030517578,27.716388702392578
11230,31.3799991607666,33.06146240234375
11231,18.729999542236328,14.617355346679688
11232,14.890000343322754,11.956766128540039
11233,40.75,36.69111251831055
11234,28.690000534057617,25.481121063232422
11235,23.360000610351562,18.385961532592773
11236,9.0,7.696095943450928
11237,24.65999984741211,17.28374481201172
11238,41.720001220703125,44.49015808105469
11239,33.5,25.099271774291992
11240,10.6899995803833,8.804141998291016
11241,7.25,3.3554956912994385
11242,11.739999771118164,10.430567741394043
11243,39.45000076293945,36.451087951660156
11244,6.0,4.22610330581665
11245,9.229999542236328,6.831108570098877
11246,45.36000061035156,41.93399429321289
11247,43.939998626708984,41.0764274597168
11248,8.34000015258789,4.787087440490723
11249,38.0099983215332,35.719451904296875
11250,2.3499999046325684,3.2350873947143555
11251,20.600000381469727,18.78449058532715
11252,14.260000228881836,11.43616008758545
11253,9.600000381469727,8.125021934509277
11254,32.189998626708984,27.951765060424805
11255,26.209999084472656,22.222232818603516
11256,18.290000915527344,14.06737232208252
11257,7.809999942779541,6.3852643966674805
11258,40.84000015258789,36.01091003417969
11259,39.029998779296875,36.169551849365234
11260,15.3100004196167,12.62203598022461
11261,39.349998474121094,34.46065139770508
11262,69.01000213623047,41.71377944946289
11263,36.83000183105469,35.468441009521484
11264,36.369998931884766,33.4311408996582
11265,3.759999990463257,1.678605079650879
11266,29.450000762939453,24.688884735107422
11267,13.59000015258789,10.257267951965332
11268,24.780000686645508,22.178916931152344
11269,41.58000183105469,43.65982437133789
11270,38.58000183105469,30.112319946289062
11271,42.119998931884766,37.555213928222656
11272,45.779998779296875,42.14474105834961
11273,34.86000061035156,32.17026901245117
11274,27.34000015258789,18.859085083007812
11275,33.08000183105469,28.631973266601562
11276,48.84000015258789,47.09672927856445
11277,7.03000020980835,5.574615955352783
11278,20.729999542236328,18.206758499145508
11279,48.91999816894531,44.453182220458984
11280,21.989999771118164,19.045886993408203
11281,25.1200008392334,27.757741928100586
11282,34.56999969482422,27.679325103759766
11283,22.43000030517578,19.35980987548828
11284,14.399999618530273,12.138087272644043
11285,25.90999984741211,23.257583618164062
11286,6.699999809265137,4.859011650085449
11287,6.670000076293945,3.40885591506958
11288,9.9399995803833,8.413250923156738
11289,7.829999923706055,6.100517272949219
11290,6.579999923706055,3.464550256729126
11291,37.41999816894531,33.552490234375
11292,45.31999969482422,37.487850189208984
11293,24.799999237060547,20.88914680480957
11294,27.469999313354492,25.027137756347656
11295,29.56999969482422,27.071521759033203
11296,28.40999984741211,25.793107986450195
11297,22.579999923706055,22.19748878479004
11298,24.8799991607666,21.137582778930664
11299,75.93000030517578,74.96543884277344
11300,18.610000610351562,16.139272689819336
11301,17.459999084472656,13.824078559875488
11302,17.459999084472656,14.092137336730957
11303,30.290000915527344,28.826847076416016
11304,25.510000228881836,22.178970336914062
11305,18.56999969482422,14.630693435668945
11306,32.79999923706055,28.02895736694336
11307,22.809999465942383,20.109577178955078
11308,16.899999618530273,14.38714599609375
11309,24.100000381469727,19.600921630859375
11310,31.459999084472656,27.005813598632812
11311,12.899999618530273,12.019323348999023
11312,8.34000015258789,6.7905497550964355
11313,34.90999984741211,30.041637420654297
11314,39.38999938964844,36.01981735229492
11315,53.33000183105469,47.03028869628906
11316,24.989999771118164,21.626449584960938
11317,14.710000038146973,12.463193893432617
11318,19.360000610351562,14.540635108947754
11319,10.350000381469727,7.006636619567871
11320,2.0299999713897705,1.3265312910079956
11321,21.34000015258789,17.953828811645508
11322,30.209999084472656,25.97929573059082
11323,23.649999618530273,18.77431869506836
11324,13.15999984741211,11.342947959899902
11325,23.549999237060547,22.83694076538086
11326,40.88999938964844,37.483150482177734
11327,6.690000057220459,5.624149799346924
11328,35.689998626708984,31.40896987915039
11329,32.95000076293945,30.9145565032959
11330,40.16999816894531,35.626182556152344
11331,30.18000030517578,24.59874153137207
11332,24.18000030517578,23.842086791992188
11333,63.04999923706055,63.13788604736328
11334,14.119999885559082,11.963421821594238
11335,50.81999969482422,48.67435073852539
11336,19.790000915527344,15.776936531066895
11337,30.209999084472656,26.7186279296875
11338,33.75,28.096601486206055
11339,9.140000343322754,7.363158226013184
11340,32.72999954223633,28.966907501220703
11341,1.9700000286102295,2.167031764984131
11342,30.280000686645508,25.16303062438965
11343,39.18000030517578,35.240684509277344
11344,44.560001373291016,38.663116455078125
11345,34.18000030517578,30.278785705566406
11346,18.15999984741211,15.01050853729248
11347,21.65999984741211,18.129531860351562
11348,12.600000381469727,9.526183128356934
11349,34.380001068115234,28.242033004760742
11350,54.52000045776367,51.41912841796875
11351,8.130000114440918,6.9020466804504395
11352,38.0,33.27098083496094
11353,35.45000076293945,30.78889274597168
11354,55.849998474121094,51.28806686401367
11355,37.43000030517578,33.92502975463867
11356,59.400001525878906,56.21054458618164
11357,25.93000030517578,22.394180297851562
11358,7.539999961853027,3.7573769092559814
11359,17.700000762939453,15.029753684997559
11360,47.77000045776367,44.48811340332031
11361,45.880001068115234,41.96261978149414
11362,26.709999084472656,25.275218963623047
11363,19.790000915527344,18.067323684692383
11364,30.709999084472656,27.589599609375
11365,19.959999084472656,17.5908203125
11366,11.779999732971191,9.802631378173828
11367,8.1899995803833,6.167479991912842
11368,28.530000686645508,24.33013153076172
11369,54.65999984741211,42.93943786621094
11370,19.809999465942383,16.542577743530273
11371,47.22999954223633,44.466339111328125
11372,39.54999923706055,34.96105194091797
11373,13.199999809265137,10.859467506408691
11374,31.270000457763672,25.948238372802734
11375,54.689998626708984,48.54140090942383
11376,30.850000381469727,29.79035758972168
11377,70.16999816894531,66.62996673583984
11378,26.90999984741211,23.03872299194336
11379,13.720000267028809,12.214271545410156
11380,16.68000030517578,13.593151092529297
11381,40.9900016784668,36.92972946166992
11382,42.93000030517578,32.0782585144043
11383,18.84000015258789,17.591960906982422
11384,30.709999084472656,24.750267028808594
11385,28.1200008392334,25.11577606201172
11386,12.109999656677246,9.702672004699707
11387,47.790000915527344,50.90599060058594
11388,22.09000015258789,17.547077178955078
11389,28.440000534057617,22.235170364379883
11390,18.450000762939453,16.66788673400879
11391,28.649999618530273,25.521713256835938
11392,34.68000030517578,31.447162628173828
11393,33.0099983215332,29.829145431518555
11394,31.889999389648438,29.198463439941406
11395,17.700000762939453,13.577301979064941
11396,60.619998931884766,58.74734115600586
11397,30.719999313354492,26.444536209106445
11398,0.38999998569488525,1.0540087223052979
11399,52.150001525878906,48.92431640625
11400,67.88999938964844,67.15393829345703
11401,55.79999923706055,56.19499969482422
11402,28.81999969482422,21.630544662475586
11403,44.75,40.55358123779297
11404,54.86000061035156,47.34217071533203
11405,11.770000457763672,10.636016845703125
11406,17.139999389648438,16.053298950195312
11407,4.059999942779541,1.6254761219024658
11408,29.219999313354492,25.080825805664062
11409,41.70000076293945,34.29920959472656
11410,9.279999732971191,6.060175895690918
11411,10.180000305175781,7.920103073120117
11412,10.869999885559082,7.767751693725586
11413,13.899999618530273,9.690926551818848
11414,26.149999618530273,23.30158042907715
11415,14.850000381469727,11.740419387817383
11416,9.5,7.169431686401367
11417,22.809999465942383,20.292478561401367
11418,31.260000228881836,28.620939254760742
11419,40.56999969482422,36.06709671020508
11420,36.02000045776367,37.63640213012695
11421,43.130001068115234,39.08364486694336
11422,39.2599983215332,39.28616714477539
11423,30.309999465942383,23.652355194091797
11424,39.099998474121094,35.63776779174805
11425,26.90999984741211,22.340864181518555
11426,32.20000076293945,25.902450561523438
11427,21.290000915527344,14.78520393371582
11428,34.77000045776367,28.247541427612305
11429,11.539999961853027,9.867327690124512
11430,6.829999923706055,4.515625476837158
11431,17.15999984741211,15.612055778503418
11432,9.529999732971191,7.38063383102417
11433,23.790000915527344,19.480609893798828
11434,54.41999816894531,48.244441986083984
11435,24.040000915527344,21.62355613708496
11436,21.219999313354492,18.816118240356445
11437,35.380001068115234,32.59370803833008
11438,3.549999952316284,2.7861435413360596
11439,17.600000381469727,13.356690406799316
11440,43.68000030517578,34.89456558227539
11441,8.270000457763672,6.750156879425049
11442,40.720001220703125,39.28616714477539
11443,37.959999084472656,33.97304916381836
11444,21.600000381469727,18.810619354248047
11445,11.539999961853027,10.063172340393066
11446,40.439998626708984,38.28475570678711
11447,35.52000045776367,32.650306701660156
11448,27.8799991607666,24.469999313354492
11449,36.02000045776367,33.420841217041016
11450,24.920000076293945,20.08484649658203
11451,23.399999618530273,21.677162170410156
11452,26.799999237060547,22.293338775634766
11453,36.900001525878906,32.02050018310547
11454,17.649999618530273,13.837709426879883
11455,21.290000915527344,18.653261184692383
11456,33.18000030517578,27.64858627319336
11457,37.43000030517578,35.918601989746094
11458,70.05000305175781,69.075439453125
11459,51.20000076293945,49.09438705444336
11460,23.309999465942383,21.415340423583984
11461,22.68000030517578,18.464141845703125
11462,8.239999771118164,5.569855213165283
11463,46.099998474121094,41.92879104614258
11464,22.3700008392334,20.917705535888672
11465,11.630000114440918,9.783265113830566
11466,7.769999980926514,5.896151065826416
11467,12.350000381469727,9.500508308410645
11468,28.059999465942383,25.613630294799805
11469,7.070000171661377,5.9581379890441895
11470,35.25,32.59553146362305
11471,12.029999732971191,9.483351707458496
11472,32.79999923706055,27.252056121826172
11473,5.789999961853027,4.539460182189941
11474,39.15999984741211,38.6956901550293
11475,16.010000228881836,12.465470314025879
11476,20.709999084472656,16.54692268371582
11477,24.90999984741211,21.29562759399414
11478,54.66999816894531,54.31241989135742
11479,31.770000457763672,27.848703384399414
11480,33.75,28.990442276000977
11481,38.81999969482422,36.4993782043457
11482,27.020000457763672,22.15156364440918
11483,8.880000114440918,7.600376605987549
11484,38.220001220703125,41.9343147277832
11485,55.38999938964844,54.08266830444336
11486,21.0,19.168540954589844
11487,21.950000762939453,19.53463363647461
11488,39.45000076293945,29.980234146118164
11489,33.58000183105469,27.113197326660156
11490,15.079999923706055,13.102875709533691
11491,18.510000228881836,18.128589630126953
11492,30.739999771118164,29.220184326171875
11493,31.649999618530273,32.93510818481445
11494,36.189998626708984,32.14521408081055
11495,6.579999923706055,10.722024917602539
11496,24.889999389648438,22.1842098236084
11497,41.36000061035156,38.36681365966797
11498,36.33000183105469,30.639265060424805
11499,37.290000915527344,46.04829406738281
11500,37.70000076293945,34.49323654174805
11501,14.59000015258789,11.400004386901855
11502,8.390000343322754,5.732656002044678
11503,33.52000045776367,33.24295425415039
11504,32.900001525878906,30.527423858642578
11505,16.770000457763672,13.798954010009766
11506,18.350000381469727,14.802234649658203
11507,53.560001373291016,50.58150863647461
11508,58.4900016784668,55.0289421081543
11509,27.450000762939453,22.303234100341797
11510,57.869998931884766,57.54020690917969
11511,45.31999969482422,42.09005355834961
11512,8.899999618530273,6.987696170806885
11513,18.479999542236328,16.324203491210938
11514,24.6299991607666,22.03868865966797
11515,15.710000038146973,14.311681747436523
11516,12.34000015258789,9.978161811828613
11517,27.65999984741211,24.38321304321289
11518,19.6299991607666,16.961578369140625
11519,29.239999771118164,25.981151580810547
11520,13.229999542236328,10.997633934020996
11521,15.680000305175781,13.39382553100586
11522,52.31999969482422,47.73582458496094
11523,15.880000114440918,13.872118949890137
11524,16.809999465942383,15.044490814208984
11525,42.439998626708984,37.522491455078125
11526,21.700000762939453,17.792266845703125
11527,45.93000030517578,40.64426803588867
11528,29.540000915527344,24.96137809753418
11529,65.66000366210938,65.36837005615234
11530,14.460000038146973,12.465278625488281
11531,56.650001525878906,51.160240173339844
11532,19.15999984741211,17.354337692260742
11533,5.550000190734863,3.7797207832336426
11534,23.079999923706055,18.836946487426758
11535,13.039999961853027,10.885066986083984
11536,25.329999923706055,19.87979507446289
11537,47.77000045776367,41.5565299987793
11538,16.450000762939453,13.587371826171875
11539,44.209999084472656,35.918601989746094
11540,56.27000045776367,45.4892692565918
11541,55.560001373291016,50.90599060058594
11542,29.260000228881836,26.05674934387207
11543,11.619999885559082,10.157522201538086
11544,3.880000114440918,2.3926291465759277
11545,22.329999923706055,18.682640075683594
11546,4.440000057220459,3.170448064804077
11547,9.739999771118164,7.604252815246582
11548,51.25,57.180274963378906
11549,8.569999694824219,6.2496843338012695
11550,26.06999969482422,22.79369354248047
11551,23.549999237060547,20.476503372192383
11552,35.810001373291016,31.650529861450195
11553,2.9700000286102295,1.5094772577285767
11554,13.539999961853027,10.147394180297852
11555,53.290000915527344,54.231563568115234
11556,32.65999984741211,30.25476837158203
11557,21.190000534057617,17.208995819091797
11558,7.300000190734863,5.614405632019043
11559,32.16999816894531,29.069095611572266
11560,26.6200008392334,22.119945526123047
11561,55.27000045776367,54.01187515258789
11562,24.829999923706055,21.456933975219727
11563,28.40999984741211,25.694665908813477
11564,52.95000076293945,46.463417053222656
11565,49.779998779296875,47.551231384277344
11566,23.489999771118164,22.631181716918945
11567,23.25,19.222524642944336
11568,13.970000267028809,12.261881828308105
11569,18.989999771118164,14.663888931274414
11570,37.310001373291016,33.1515007019043
11571,3.2699999809265137,1.444563388824463
11572,15.329999923706055,14.037589073181152
11573,33.709999084472656,29.180450439453125
11574,31.040000915527344,24.204164505004883
11575,47.439998626708984,35.549991607666016
11576,51.06999969482422,48.18606948852539
11577,21.190000534057617,16.34609031677246
11578,27.59000015258789,20.788354873657227
11579,46.779998779296875,41.12746047973633
11580,25.010000228881836,22.25634002685547
11581,27.299999237060547,25.157529830932617
11582,42.09000015258789,36.208824157714844
11583,35.20000076293945,31.306833267211914
11584,7.869999885559082,5.185451507568359
11585,53.61000061035156,49.55241012573242
11586,55.849998474121094,53.554500579833984
11587,33.220001220703125,27.836515426635742
11588,18.290000915527344,15.846848487854004
11589,47.36000061035156,42.738258361816406
11590,25.049999237060547,21.11065673828125
11591,33.45000076293945,28.31556510925293
11592,12.569999694824219,10.649018287658691
11593,13.279999732971191,11.263285636901855
11594,25.079999923706055,21.377689361572266
11595,28.950000762939453,25.06859016418457
11596,39.16999816894531,35.400726318359375
11597,17.770000457763672,13.46635627746582
11598,14.779999732971191,12.546313285827637
11599,22.549999237060547,19.890819549560547
11600,10.489999771118164,8.22863483428955
11601,12.470000267028809,10.253316879272461
11602,36.29999923706055,32.47270965576172
11603,43.029998779296875,39.94489669799805
11604,15.920000076293945,13.184784889221191
11605,31.979999542236328,28.266204833984375
11606,28.290000915527344,21.94609832763672
11607,4.150000095367432,2.4060370922088623
11608,27.739999771118164,21.131086349487305
11609,24.670000076293945,21.139007568359375
11610,3.559999942779541,1.8025763034820557
11611,33.16999816894531,31.124740600585938
11612,13.479999542236328,11.63669490814209
11613,37.119998931884766,28.690547943115234
11614,37.380001068115234,34.98891830444336
11615,40.560001373291016,37.36402893066406
11616,13.109999656677246,12.28367805480957
11617,38.36000061035156,33.85556411743164
11618,13.34000015258789,11.871591567993164
11619,40.16999816894531,38.82634735107422
11620,17.280000686645508,14.256683349609375
11621,29.889999389648438,27.081378936767578
11622,42.25,39.05064010620117
11623,5.119999885559082,3.6976537704467773
11624,16.309999465942383,13.208781242370605
11625,28.059999465942383,23.305208206176758
11626,51.34000015258789,45.51887130737305
11627,33.689998626708984,35.475677490234375
11628,25.040000915527344,22.377832412719727
11629,27.90999984741211,24.731889724731445
11630,9.739999771118164,8.691510200500488
11631,16.899999618530273,14.471921920776367
11632,23.34000015258789,19.279565811157227
11633,25.920000076293945,20.358985900878906
11634,6.96999979019165,4.947897911071777
11635,34.84000015258789,30.743772506713867
11636,48.52000045776367,44.995399475097656
11637,25.459999084472656,20.743064880371094
11638,14.8100004196167,11.244943618774414
11639,40.709999084472656,36.171104431152344
11640,40.130001068115234,33.0723876953125
11641,69.33999633789062,54.97603225708008
11642,24.969999313354492,23.64541244506836
11643,42.849998474121094,41.25394821166992
11644,46.88999938964844,48.600460052490234
11645,22.6200008392334,20.529268264770508
11646,8.869999885559082,7.988283157348633
11647,26.3799991607666,23.520679473876953
11648,15.100000381469727,12.535971641540527
11649,21.329999923706055,19.27102279663086
11650,36.970001220703125,36.55373001098633
11651,45.709999084472656,42.26319122314453
11652,20.190000534057617,16.035903930664062
11653,26.3799991607666,22.15239906311035
11654,28.170000076293945,24.28331756591797
11655,14.920000076293945,12.502568244934082
11656,28.760000228881836,25.44196319580078
11657,20.81999969482422,16.706741333007812
11658,47.400001525878906,53.61072540283203
11659,14.149999618530273,12.257246971130371
11660,25.360000610351562,21.355363845825195
11661,35.779998779296875,30.717487335205078
11662,7.679999828338623,5.449609756469727
11663,9.579999923706055,7.524689674377441
11664,25.309999465942383,21.232112884521484
11665,36.810001373291016,33.88931655883789
11666,25.1299991607666,22.154190063476562
11667,23.850000381469727,18.08799934387207
11668,64.5999984741211,62.49960708618164
11669,71.45999908447266,62.063575744628906
11670,34.66999816894531,29.989059448242188
11671,5.75,3.927433729171753
11672,8.970000267028809,7.754510879516602
11673,52.66999816894531,50.58796691894531
11674,26.1299991607666,24.117916107177734
11675,9.0600004196167,7.2184295654296875
11676,39.880001068115234,36.1763801574707
11677,25.920000076293945,21.836576461791992
11678,22.299999237060547,19.105493545532227
11679,61.7599983215332,46.33375930786133
11680,9.390000343322754,6.788758277893066
11681,28.469999313354492,20.23310661315918
11682,22.75,20.067533493041992
11683,20.329999923706055,17.10774040222168
11684,45.560001373291016,38.30878829956055
11685,70.04000091552734,67.58959197998047
11686,20.8700008392334,17.321887969970703
11687,32.369998931884766,29.26136016845703
11688,5.599999904632568,4.0393195152282715
11689,2.2799999713897705,1.392826795578003
11690,38.459999084472656,31.377120971679688
11691,40.0,32.430335998535156
11692,4.199999809265137,2.6765975952148438
11693,9.539999961853027,8.134007453918457
11694,52.099998474121094,51.3421745300293
11695,9.640000343322754,7.761789798736572
11696,17.239999771118164,14.903815269470215
11697,4.389999866485596,2.358344554901123
11698,17.59000015258789,15.178956985473633
11699,28.190000534057617,20.090755462646484
11700,12.020000457763672,10.81887149810791
11701,22.65999984741211,19.70354461669922
11702,21.989999771118164,21.630544662475586
11703,13.569999694824219,11.286945343017578
11704,17.18000030517578,15.135009765625
11705,7.019999980926514,4.820019721984863
11706,35.15999984741211,28.03014373779297
11707,7.429999828338623,6.338516712188721
11708,12.170000076293945,10.14327621459961
11709,3.940000057220459,2.875584363937378
11710,50.349998474121094,48.86723327636719
11711,19.670000076293945,16.494945526123047
11712,19.8799991607666,17.74700927734375
11713,14.619999885559082,11.646240234375
11714,68.5999984741211,63.883514404296875
11715,20.6299991607666,21.22966957092285
11716,32.900001525878906,31.244461059570312
11717,46.9900016784668,43.70323944091797
11718,16.84000015258789,14.744706153869629
11719,7.239999771118164,6.021529674530029
11720,48.0099983215332,44.984886169433594
11721,5.519999980926514,3.0954670906066895
11722,37.95000076293945,34.22523880004883
11723,9.59000015258789,8.25673770904541
11724,43.439998626708984,40.39753723144531
11725,10.130000114440918,7.63469934463501
11726,28.280000686645508,23.51759147644043
11727,25.8799991607666,23.687700271606445
11728,14.239999771118164,12.072916984558105
11729,10.479999542236328,8.881389617919922
11730,3.930000066757202,2.2684316635131836
11731,12.020000457763672,9.365110397338867
11732,6.21999979019165,5.49625301361084
11733,4.239999771118164,3.9278688430786133
11734,37.81999969482422,31.965383529663086
11735,3.190000057220459,2.0856969356536865
11736,37.4900016784668,32.28361892700195
11737,19.450000762939453,15.714356422424316
11738,30.010000228881836,23.06199836730957
11739,20.56999969482422,17.828012466430664
11740,10.289999961853027,8.266992568969727
11741,40.77000045776367,36.19131851196289
11742,7.260000228881836,5.432764530181885
11743,10.75,7.9420552253723145
11744,24.1299991607666,19.25859832763672
11745,27.139999389648438,29.803865432739258
11746,10.539999961853027,8.327874183654785
11747,8.479999542236328,6.60711669921875
11748,57.2400016784668,55.201637268066406
11749,31.040000915527344,23.529804229736328
11750,46.810001373291016,49.19795608520508
11751,14.369999885559082,12.488863945007324
11752,34.68000030517578,32.679473876953125
11753,18.079999923706055,15.575084686279297
11754,22.59000015258789,18.950077056884766
11755,14.770000457763672,12.378421783447266
11756,20.940000534057617,17.303632736206055
11757,37.29999923706055,37.899139404296875
11758,10.890000343322754,7.789226055145264
11759,33.75,29.233732223510742
11760,20.649999618530273,18.46381950378418
11761,44.029998779296875,39.25205612182617
11762,12.979999542236328,10.407867431640625
11763,43.900001525878906,40.4437141418457
11764,43.52000045776367,40.45331954956055
11765,29.350000381469727,22.805788040161133
11766,22.81999969482422,18.905864715576172
11767,6.03000020980835,3.565355062484741
11768,17.530000686645508,14.349481582641602
11769,67.87999725341797,62.230010986328125
11770,39.09000015258789,35.060035705566406
11771,6.260000228881836,4.444596767425537
11772,32.41999816894531,28.540267944335938
11773,53.16999816894531,51.88639831542969
11774,15.6899995803833,13.493448257446289
11775,16.8700008392334,12.476968765258789
11776,13.239999771118164,10.162489891052246
11777,12.279999732971191,10.914233207702637
11778,45.86000061035156,41.708072662353516
11779,8.670000076293945,6.233765125274658
11780,47.83000183105469,48.379066467285156
11781,28.950000762939453,24.27854347229004
11782,25.950000762939453,22.57524871826172
11783,32.56999969482422,28.99312973022461
11784,48.61000061035156,55.19157028198242
11785,64.33000183105469,52.461395263671875
11786,8.960000038146973,7.629255771636963
11787,16.920000076293945,14.561585426330566
11788,36.84000015258789,33.0415153503418
11789,10.430000305175781,8.365131378173828
11790,16.6299991607666,14.249942779541016
11791,12.630000114440918,10.57931900024414
11792,4.130000114440918,2.342477798461914
11793,38.41999816894531,34.78013610839844
11794,32.13999938964844,28.049104690551758
11795,33.209999084472656,27.474733352661133
11796,55.869998931884766,55.99101638793945
11797,0.6299999952316284,1.0424060821533203
11798,5.590000152587891,3.355032205581665
11799,21.93000030517578,18.90154266357422
11800,22.15999984741211,18.308958053588867
11801,7.019999980926514,5.1460723876953125
11802,6.53000020980835,5.715542316436768
11803,9.220000267028809,7.57512903213501
11804,28.139999389648438,23.017967224121094
11805,40.880001068115234,43.18946838378906
11806,48.529998779296875,45.65224075317383
11807,41.5099983215332,41.241668701171875
11808,28.549999237060547,29.84516143798828
11809,36.619998931884766,29.28944969177246
11810,15.6899995803833,12.467385292053223
11811,69.0999984741211,68.0063247680664
11812,3.240000009536743,2.615987539291382
11813,12.119999885559082,10.08370304107666
11814,10.859999656677246,9.089455604553223
11815,16.360000610351562,14.927987098693848
11816,17.459999084472656,14.704190254211426
11817,7.820000171661377,5.675974369049072
11818,19.559999465942383,14.856773376464844
11819,52.88999938964844,48.93319320678711
11820,9.84000015258789,7.933504581451416
11821,12.029999732971191,10.09135913848877
11822,26.790000915527344,24.835006713867188
11823,38.709999084472656,33.62858581542969
11824,8.75,6.0593953132629395
11825,23.350000381469727,22.386043548583984
11826,33.68000030517578,29.71171760559082
11827,39.97999954223633,34.25407409667969
11828,32.75,29.011125564575195
11829,4.090000152587891,3.676999568939209
11830,46.900001525878906,50.2205810546875
11831,26.270000457763672,22.045787811279297
11832,16.549999237060547,13.808671951293945
11833,28.780000686645508,24.00062370300293
11834,46.099998474121094,38.98615646362305
11835,44.31999969482422,35.139854431152344
11836,9.710000038146973,7.838900566101074
11837,33.7400016784668,34.02373504638672
11838,27.989999771118164,23.764507293701172
11839,10.15999984741211,10.255058288574219
11840,13.489999771118164,10.334579467773438
11841,21.790000915527344,20.056364059448242
11842,31.549999237060547,35.362972259521484
11843,54.189998626708984,50.667659759521484
11844,11.380000114440918,9.34043025970459
11845,15.260000228881836,12.999727249145508
11846,21.649999618530273,19.995174407958984
11847,42.93000030517578,35.691009521484375
11848,10.329999923706055,8.877924919128418
11849,16.100000381469727,13.507898330688477
11850,20.479999542236328,17.981487274169922
11851,36.459999084472656,32.357460021972656
11852,22.510000228881836,21.160160064697266
11853,36.65999984741211,34.21648025512695
11854,3.109999895095825,2.2563018798828125
11855,39.33000183105469,38.53721237182617
11856,24.700000762939453,21.394254684448242
11857,35.77000045776367,31.68157958984375
11858,28.760000228881836,22.851102828979492
11859,13.300000190734863,12.5161714553833
11860,37.58000183105469,33.706146240234375
11861,29.219999313354492,25.935638427734375
11862,21.459999084472656,17.58818244934082
11863,17.110000610351562,14.910038948059082
11864,42.75,42.16549301147461
11865,3.630000114440918,4.040978908538818
11866,53.06999969482422,57.24546432495117
11867,9.729999542236328,8.011457443237305
11868,21.190000534057617,18.078765869140625
11869,16.260000228881836,18.142412185668945
11870,17.670000076293945,15.27973461151123
11871,36.810001373291016,32.69062042236328
11872,15.329999923706055,13.359347343444824
11873,18.530000686645508,16.729610443115234
11874,45.849998474121094,41.85661697387695
11875,33.22999954223633,37.134395599365234
11876,34.189998626708984,31.34897804260254
11877,56.349998474121094,54.214988708496094
11878,18.540000915527344,14.657715797424316
11879,20.40999984741211,18.236515045166016
11880,34.86000061035156,27.430225372314453
11881,11.100000381469727,8.842351913452148
11882,2.680000066757202,3.3159372806549072
11883,9.119999885559082,7.941679954528809
11884,16.6299991607666,13.732677459716797
11885,24.889999389648438,20.77877426147461
11886,25.899999618530273,21.540069580078125
11887,61.18000030517578,53.38257598876953
11888,25.940000534057617,23.770771026611328
11889,17.25,14.630403518676758
11890,23.6200008392334,24.814674377441406
11891,37.560001373291016,37.72900390625
11892,16.049999237060547,14.771403312683105
11893,22.170000076293945,21.651702880859375
11894,35.209999084472656,34.43218231201172
11895,53.61000061035156,50.140140533447266
11896,72.4800033569336,74.10041809082031
11897,40.869998931884766,36.22110366821289
11898,27.950000762939453,23.004941940307617
11899,39.810001373291016,38.188541412353516
11900,35.33000183105469,31.020679473876953
11901,24.290000915527344,21.078813552856445
11902,48.0,44.733882904052734
11903,39.959999084472656,37.743141174316406
11904,32.77000045776367,29.420385360717773
11905,40.97999954223633,37.58591079711914
11906,39.25,35.74102020263672
11907,34.66999816894531,30.798171997070312
11908,26.709999084472656,24.506061553955078
11909,20.639999389648438,18.375747680664062
11910,20.329999923706055,16.132080078125
11911,23.09000015258789,20.42984390258789
11912,20.600000381469727,16.732059478759766
11913,18.8799991607666,16.108320236206055
11914,59.52000045776367,56.235008239746094
11915,23.200000762939453,19.714174270629883
11916,24.510000228881836,21.480031967163086
11917,40.31999969482422,44.193973541259766
11918,47.0,42.86576461791992
11919,3.3499999046325684,2.038726568222046
11920,13.109999656677246,11.084712028503418
11921,55.59000015258789,48.424415588378906
11922,19.280000686645508,17.311294555664062
11923,18.600000381469727,16.184688568115234
11924,21.450000762939453,21.435710906982422
11925,7.090000152587891,4.791384220123291
11926,31.889999389648438,28.59964370727539
11927,29.530000686645508,24.790691375732422
11928,19.979999542236328,16.749406814575195
11929,18.489999771118164,16.13058090209961
11930,10.180000305175781,8.181435585021973
11931,26.950000762939453,22.412891387939453
11932,11.479999542236328,9.388717651367188
11933,74.47000122070312,71.80884552001953
11934,22.219999313354492,20.27560043334961
11935,20.329999923706055,20.774871826171875
11936,13.40999984741211,10.900440216064453
11937,11.970000267028809,9.437036514282227
11938,57.849998474121094,54.972633361816406
11939,9.199999809265137,5.587923049926758
11940,8.880000114440918,6.924026012420654
11941,29.559999465942383,29.72542381286621
11942,72.9800033569336,69.295166015625
11943,9.760000228881836,7.148370265960693
11944,25.25,22.463233947753906
11945,37.40999984741211,34.175540924072266
11946,24.979999542236328,18.505264282226562
11947,4.989999771118164,3.2533974647521973
11948,32.90999984741211,41.3459358215332
11949,13.550000190734863,10.984244346618652
11950,21.90999984741211,18.804641723632812
11951,49.25,46.484676361083984
11952,16.110000610351562,13.51442813873291
11953,23.329999923706055,21.131526947021484
11954,34.61000061035156,28.03851890563965
11955,24.950000762939453,22.502836227416992
11956,7.599999904632568,5.303747653961182
11957,45.88999938964844,43.51149368286133
11958,50.47999954223633,55.06136703491211
11959,73.52999877929688,70.72525787353516
11960,18.40999984741211,15.898835182189941
11961,18.209999084472656,14.398316383361816
11962,39.70000076293945,34.4494743347168
11963,9.829999923706055,7.951666831970215
11964,18.479999542236328,15.590605735778809
11965,32.939998626708984,26.97157859802246
11966,25.329999923706055,22.500782012939453
11967,25.940000534057617,22.924514770507812
11968,38.310001373291016,37.10187911987305
11969,35.400001525878906,31.384784698486328
11970,28.079999923706055,24.62488555908203
11971,32.68000030517578,28.80909538269043
11972,12.289999961853027,9.34217357635498
11973,18.219999313354492,15.777785301208496
11974,21.06999969482422,19.499555587768555
11975,48.040000915527344,45.767269134521484
11976,25.290000915527344,24.122417449951172
11977,24.59000015258789,18.80719757080078
11978,21.579999923706055,19.26154899597168
11979,49.47999954223633,44.86158752441406
11980,33.380001068115234,28.221086502075195
11981,17.139999389648438,15.733460426330566
11982,50.09000015258789,47.52263259887695
11983,4.329999923706055,2.7390151023864746
11984,24.670000076293945,21.52435302734375
11985,8.760000228881836,7.849643707275391
11986,16.110000610351562,14.000810623168945
11987,46.349998474121094,39.79115676879883
11988,31.200000762939453,28.715970993041992
11989,38.380001068115234,34.75276565551758
11990,10.34000015258789,8.557835578918457
11991,11.170000076293945,8.433853149414062
11992,26.639999389648438,18.286502838134766
11993,23.350000381469727,19.101064682006836
11994,37.70000076293945,37.579193115234375
11995,21.31999969482422,18.284162521362305
11996,25.600000381469727,21.78846549987793
11997,52.27000045776367,48.29376983642578
11998,18.31999969482422,14.233136177062988
11999,27.8799991607666,25.093631744384766
12000,13.489999771118164,11.589372634887695
12001,31.59000015258789,25.446210861206055
12002,3.2300000190734863,1.8761427402496338
12003,61.970001220703125,50.99007797241211
12004,27.520000457763672,23.224929809570312
12005,10.010000228881836,7.936861991882324
12006,18.440000534057617,14.920199394226074
12007,35.459999084472656,34.29878616333008
12008,37.060001373291016,31.593128204345703
12009,62.0099983215332,57.4224967956543
12010,38.58000183105469,33.946075439453125
12011,16.670000076293945,15.010592460632324
12012,24.149999618530273,19.936738967895508
12013,2.119999885559082,1.0813909769058228
12014,8.729999542236328,6.927419185638428
12015,35.540000915527344,26.394853591918945
12016,24.469999313354492,21.325700759887695
12017,24.350000381469727,20.542591094970703
12018,13.039999961853027,10.898504257202148
12019,57.36000061035156,59.01456069946289
12020,18.700000762939453,16.5072021484375
12021,7.03000020980835,4.766861438751221
12022,16.280000686645508,13.809432983398438
12023,36.0099983215332,32.97886276245117
12024,14.369999885559082,11.46871566772461
12025,31.670000076293945,31.543987274169922
12026,6.369999885559082,5.928407669067383
12027,59.20000076293945,59.62947082519531
12028,19.079999923706055,15.218986511230469
12029,42.95000076293945,39.01658630371094
12030,16.670000076293945,13.734363555908203
12031,28.6299991607666,26.17019271850586
12032,50.04999923706055,46.26544952392578
12033,40.15999984741211,37.28630828857422
12034,21.360000610351562,18.762792587280273
12035,33.029998779296875,31.272348403930664
12036,13.90999984741211,11.816473960876465
12037,24.1200008392334,21.849807739257812
12038,45.27000045776367,33.158592224121094
12039,9.34000015258789,7.240124225616455
12040,9.569999694824219,6.824522972106934
12041,31.59000015258789,27.174341201782227
12042,20.020000457763672,18.538936614990234
12043,34.18000030517578,45.62019348144531
12044,42.22999954223633,38.27699661254883
12045,23.81999969482422,20.037681579589844
12046,24.790000915527344,22.189226150512695
12047,14.149999618530273,11.718282699584961
12048,12.130000114440918,10.585323333740234
12049,59.060001373291016,53.441673278808594
12050,17.34000015258789,15.014032363891602
12051,31.719999313354492,28.766374588012695
12052,27.639999389648438,22.671985626220703
12053,42.970001220703125,41.01449966430664
12054,24.1200008392334,21.33528709411621
12055,22.600000381469727,19.651714324951172
12056,26.15999984741211,21.51321792602539
12057,25.149999618530273,21.480165481567383
12058,41.65999984741211,38.186092376708984
12059,10.479999542236328,8.351011276245117
12060,11.369999885559082,9.639512062072754
12061,21.31999969482422,17.014488220214844
12062,24.639999389648438,21.344261169433594
12063,10.449999809265137,8.202072143554688
12064,36.5,31.733543395996094
12065,46.72999954223633,42.12065124511719
12066,17.1200008392334,13.431002616882324
12067,37.13999938964844,31.16241455078125
12068,63.599998474121094,61.14599609375
12069,30.739999771118164,25.856168746948242
12070,11.0600004196167,9.665077209472656
12071,45.61000061035156,41.781524658203125
12072,6.78000020980835,6.2373270988464355
12073,15.119999885559082,13.543648719787598
12074,1.409999966621399,0.9619312286376953
12075,26.030000686645508,16.330888748168945
12076,19.3799991607666,16.305133819580078
12077,34.040000915527344,30.498884201049805
12078,32.529998779296875,26.912315368652344
12079,8.789999961853027,7.124825954437256
12080,3.6500000953674316,1.9255081415176392
12081,42.2400016784668,41.98686218261719
12082,30.670000076293945,31.691280364990234
12083,22.110000610351562,18.699899673461914
12084,44.720001220703125,40.613338470458984
12085,4.019999980926514,3.3775417804718018
12086,10.260000228881836,7.848156452178955
12087,36.27000045776367,30.262975692749023
12088,38.5099983215332,35.00480651855469
12089,48.220001220703125,47.77629089355469
12090,37.83000183105469,37.87996292114258
12091,22.040000915527344,19.263647079467773
12092,32.93000030517578,29.519371032714844
12093,12.140000343322754,11.73571491241455
12094,28.020000457763672,24.969253540039062
12095,12.34000015258789,10.48200798034668
12096,6.860000133514404,5.368982791900635
12097,43.189998626708984,43.75034713745117
12098,23.690000534057617,17.75819969177246
12099,39.040000915527344,40.53413391113281
12100,18.579999923706055,15.498148918151855
12101,24.90999984741211,19.837268829345703
12102,23.3700008392334,21.43752670288086
12103,7.909999847412109,6.176054954528809
12104,20.579999923706055,16.608108520507812
12105,33.650001525878906,29.854480743408203
12106,7.960000038146973,5.475009918212891
12107,4.059999942779541,1.8131365776062012
12108,37.91999816894531,32.587364196777344
12109,18.1299991607666,15.948803901672363
12110,44.16999816894531,39.510589599609375
12111,43.93000030517578,41.57684326171875
12112,37.16999816894531,34.915992736816406
12113,45.95000076293945,40.73094177246094
12114,2.700000047683716,1.7791253328323364
12115,3.8399999141693115,1.5360499620437622
12116,6.019999980926514,4.506096839904785
12117,42.470001220703125,34.40955352783203
12118,48.939998626708984,44.355716705322266
12119,24.649999618530273,19.473491668701172
12120,42.540000915527344,39.11573791503906
12121,35.25,35.86539077758789
12122,29.520000457763672,26.46422576904297
12123,27.079999923706055,24.544811248779297
12124,14.5600004196167,13.056683540344238
12125,20.530000686645508,19.727418899536133
12126,25.309999465942383,21.87283706665039
12127,28.290000915527344,24.244564056396484
12128,29.81999969482422,25.808385848999023
12129,9.529999732971191,6.632205963134766
12130,79.94999694824219,78.80982971191406
12131,15.09000015258789,12.55506706237793
12132,28.479999542236328,24.209407806396484
12133,20.100000381469727,16.721084594726562
12134,40.560001373291016,36.53539276123047
12135,62.41999816894531,56.27384567260742
12136,12.510000228881836,9.919305801391602
12137,25.209999084472656,22.4013671875
12138,33.630001068115234,35.01089859008789
12139,18.56999969482422,14.904498100280762
12140,20.079999923706055,17.981456756591797
12141,18.690000534057617,15.077601432800293
12142,30.799999237060547,27.811052322387695
12143,42.790000915527344,35.94877243041992
12144,21.889999389648438,25.310548782348633
12145,8.079999923706055,4.064320087432861
12146,57.040000915527344,55.27267837524414
12147,13.539999961853027,12.000060081481934
12148,33.939998626708984,33.4746208190918
12149,6.619999885559082,4.477358341217041
12150,9.520000457763672,8.656997680664062
12151,32.72999954223633,30.899715423583984
12152,27.510000228881836,25.056875228881836
12153,31.56999969482422,25.04046630859375
12154,19.200000762939453,16.145437240600586
12155,14.930000305175781,12.82197380065918
12156,62.2400016784668,59.3289794921875
12157,37.56999969482422,36.538265228271484
12158,32.810001373291016,29.79955291748047
12159,22.65999984741211,16.405670166015625
12160,43.33000183105469,38.62583923339844
12161,12.029999732971191,10.466239929199219
12162,19.899999618530273,16.35772705078125
12163,7.550000190734863,6.215353965759277
12164,25.799999237060547,26.053245544433594
12165,22.389999389648438,17.042034149169922
12166,38.47999954223633,35.40628433227539
12167,25.93000030517578,23.633533477783203
12168,54.33000183105469,47.71145248413086
12169,19.530000686645508,15.884991645812988
12170,52.220001220703125,50.87369155883789
12171,18.1200008392334,15.685462951660156
12172,39.939998626708984,40.777408599853516
12173,45.209999084472656,35.336997985839844
12174,12.5600004196167,9.642038345336914
12175,26.989999771118164,23.927852630615234
12176,20.579999923706055,18.79705810546875
12177,24.860000610351562,22.596393585205078
12178,18.219999313354492,15.257872581481934
12179,41.70000076293945,36.32344055175781
12180,38.599998474121094,35.154396057128906
12181,16.610000610351562,13.740384101867676
12182,40.529998779296875,28.733118057250977
12183,32.810001373291016,31.727779388427734
12184,6.409999847412109,5.3526082038879395
12185,14.220000267028809,11.490036010742188
12186,14.859999656677246,11.31849479675293
12187,31.940000534057617,35.78264236450195
12188,7.5,5.655864715576172
12189,24.1299991607666,21.140823364257812
12190,12.170000076293945,10.2905855178833
12191,41.630001068115234,36.002220153808594
12192,22.530000686645508,18.486562728881836
12193,45.189998626708984,43.16268539428711
12194,15.039999961853027,12.406645774841309
12195,25.25,18.875322341918945
12196,18.489999771118164,14.923495292663574
12197,33.79999923706055,32.120723724365234
12198,7.820000171661377,5.954657077789307
12199,34.33000183105469,29.313262939453125
12200,19.610000610351562,16.7323055267334
12201,6.96999979019165,4.848337650299072
12202,12.5600004196167,11.503686904907227
12203,16.34000015258789,14.191061019897461
12204,21.760000228881836,20.44989776611328
12205,15.09000015258789,13.26695442199707
12206,61.470001220703125,60.30311965942383
12207,10.569999694824219,8.957256317138672
12208,46.189998626708984,44.169189453125
12209,22.90999984741211,21.474946975708008
12210,35.220001220703125,30.632535934448242
12211,50.220001220703125,44.24222946166992
12212,41.02000045776367,36.66289138793945
12213,24.8700008392334,19.66757583618164
12214,20.139999389648438,16.902090072631836
12215,19.809999465942383,17.97052001953125
12216,58.43000030517578,56.22574234008789
12217,25.530000686645508,26.713016510009766
12218,9.770000457763672,8.018194198608398
12219,34.029998779296875,27.617965698242188
12220,52.9900016784668,51.56589889526367
12221,37.52000045776367,33.906978607177734
12222,46.720001220703125,41.938838958740234
12223,6.610000133514404,4.9157795906066895
12224,17.3700008392334,15.05223560333252
12225,8.289999961853027,5.411228179931641
12226,61.900001525878906,47.76275634765625
12227,23.739999771118164,21.785432815551758
12228,44.060001373291016,40.044883728027344
12229,10.029999732971191,8.35405158996582
12230,22.940000534057617,18.69182586669922
12231,44.0099983215332,41.938106536865234
12232,19.010000228881836,17.215471267700195
12233,54.56999969482422,46.2503662109375
12234,21.440000534057617,18.294654846191406
12235,19.700000762939453,20.161235809326172
12236,32.0099983215332,25.77474594116211
12237,16.059999465942383,13.559017181396484
12238,17.84000015258789,15.010420799255371
12239,27.56999969482422,24.367712020874023
12240,35.959999084472656,32.305702209472656
12241,25.15999984741211,22.329944610595703
12242,6.329999923706055,2.1031806468963623
12243,30.299999237060547,25.38992691040039
12244,16.1200008392334,12.513428688049316
12245,40.81999969482422,36.16493606567383
12246,25.190000534057617,21.616844177246094
12247,47.599998474121094,42.639583587646484
12248,19.6299991607666,17.14183807373047
12249,13.859999656677246,11.191368103027344
12250,11.84000015258789,10.386453628540039
12251,29.299999237060547,23.424755096435547
12252,68.1500015258789,57.23040008544922
12253,37.83000183105469,30.16695785522461
12254,14.640000343322754,13.713241577148438
12255,28.030000686645508,25.48143768310547
12256,5.300000190734863,3.7288131713867188
12257,24.959999084472656,21.265766143798828
12258,14.149999618530273,12.38313102722168
12259,28.360000610351562,25.60198211669922
12260,32.220001220703125,27.210355758666992
12261,27.459999084472656,22.040454864501953
12262,18.959999084472656,19.26375961303711
12263,11.510000228881836,9.13577938079834
12264,43.31999969482422,40.84657669067383
12265,9.279999732971191,7.596914768218994
12266,27.479999542236328,24.08469009399414
12267,28.110000610351562,21.620630264282227
12268,14.289999961853027,11.698083877563477
12269,22.350000381469727,18.94183349609375
12270,63.4900016784668,57.96104049682617
12271,50.150001525878906,45.21029281616211
12272,39.11000061035156,37.078609466552734
12273,45.810001373291016,42.55365753173828
12274,42.81999969482422,40.107521057128906
12275,24.700000762939453,22.11256217956543
12276,9.5,7.764702796936035
12277,70.98999786376953,70.91861724853516
12278,46.7599983215332,43.773807525634766
12279,37.779998779296875,35.12176513671875
12280,37.9900016784668,45.19661331176758
12281,39.47999954223633,36.079769134521484
12282,17.940000534057617,15.121617317199707
12283,21.020000457763672,18.94533920288086
12284,22.010000228881836,18.833377838134766
12285,25.600000381469727,20.46050262451172
12286,29.969999313354492,25.879024505615234
12287,55.66999816894531,55.30756378173828
12288,23.40999984741211,18.425840377807617
12289,10.0,8.7255220413208
12290,25.389999389648438,22.32842254638672
12291,23.420000076293945,18.276397705078125
12292,44.27000045776367,39.924739837646484
12293,33.9900016784668,29.28441619873047
12294,13.319999694824219,10.320272445678711
12295,29.8799991607666,25.89522361755371
12296,63.220001220703125,53.38218307495117
12297,13.710000038146973,10.772314071655273
12298,3.3499999046325684,1.5394248962402344
12299,17.209999084472656,14.29035758972168
12300,6.349999904632568,4.797093391418457
12301,43.939998626708984,40.2125129699707
12302,39.279998779296875,33.784820556640625
12303,23.770000457763672,20.647968292236328
12304,22.219999313354492,18.740459442138672
12305,7.039999961853027,5.409952640533447
12306,34.040000915527344,29.88951873779297
12307,28.649999618530273,24.141820907592773
12308,5.179999828338623,5.058058261871338
12309,34.689998626708984,31.347885131835938
12310,43.9900016784668,37.852230072021484
12311,28.719999313354492,25.601131439208984
12312,33.029998779296875,28.333637237548828
12313,18.850000381469727,17.95932960510254
12314,13.90999984741211,10.713262557983398
12315,27.6200008392334,23.97796058654785
12316,9.15999984741211,6.981294631958008
12317,32.029998779296875,31.212942123413086
12318,46.619998931884766,43.26939010620117
12319,36.88999938964844,31.897857666015625
12320,34.65999984741211,38.84632110595703
12321,38.439998626708984,35.06089401245117
12322,8.760000228881836,6.764798164367676
12323,11.4399995803833,8.560076713562012
12324,14.630000114440918,12.50790786743164
12325,23.8700008392334,21.211063385009766
12326,24.739999771118164,25.294349670410156
12327,48.040000915527344,39.65806579589844
12328,76.31999969482422,73.41654205322266
12329,26.940000534057617,24.55922508239746
12330,5.230000019073486,4.713605880737305
12331,39.470001220703125,32.88580322265625
12332,40.130001068115234,35.89277648925781
12333,41.619998931884766,38.13368606567383
12334,20.049999237060547,17.030122756958008
12335,18.65999984741211,16.823511123657227
12336,23.760000228881836,21.653316497802734
12337,20.780000686645508,17.32162857055664
12338,15.649999618530273,12.967777252197266
12339,3.4600000381469727,2.8491170406341553
12340,21.139999389648438,17.923492431640625
12341,8.140000343322754,5.810576915740967
12342,5.199999809265137,2.9437673091888428
12343,25.950000762939453,22.880962371826172
12344,3.740000009536743,2.9956133365631104
12345,35.65999984741211,38.37970733642578
12346,37.029998779296875,35.79217529296875
12347,15.270000457763672,14.487308502197266
12348,12.3100004196167,10.393929481506348
12349,27.959999084472656,27.922212600708008
12350,15.489999771118164,14.614069938659668
12351,9.729999542236328,7.008732795715332
12352,15.390000343322754,13.153599739074707
12353,14.489999771118164,13.235358238220215
12354,6.599999904632568,4.692747116088867
12355,68.06999969482422,62.87214660644531
12356,24.450000762939453,22.805788040161133
12357,47.060001373291016,43.09707260131836
12358,23.950000762939453,21.483022689819336
12359,47.040000915527344,45.20703125
12360,15.390000343322754,12.375154495239258
12361,24.610000610351562,21.53363037109375
12362,37.70000076293945,37.56563949584961
12363,10.930000305175781,9.752166748046875
12364,10.460000038146973,8.285654067993164
12365,49.650001525878906,45.50640106201172
12366,16.459999084472656,14.077360153198242
12367,34.7400016784668,31.905433654785156
12368,18.940000534057617,16.530433654785156
12369,45.38999938964844,40.953948974609375
12370,10.460000038146973,9.147154808044434
12371,5.050000190734863,2.894143581390381
12372,12.630000114440918,10.776601791381836
12373,42.720001220703125,37.19725799560547
12374,29.8799991607666,30.55461311340332
12375,31.850000381469727,26.707401275634766
12376,17.280000686645508,14.558584213256836
12377,3.1700000762939453,2.309114456176758
12378,45.75,40.02204513549805
12379,4.510000228881836,2.2137398719787598
12380,13.859999656677246,12.055825233459473
12381,28.93000030517578,23.436046600341797
12382,13.390000343322754,11.132116317749023
12383,13.6899995803833,10.866667747497559
12384,27.15999984741211,22.729116439819336
12385,22.65999984741211,19.640512466430664
12386,26.389999389648438,22.24768829345703
12387,20.579999923706055,22.099529266357422
12388,12.550000190734863,10.042699813842773
12389,2.3499999046325684,2.2477426528930664
12390,21.350000381469727,18.570049285888672
12391,16.979999542236328,14.063753128051758
12392,22.6200008392334,19.615509033203125
12393,29.260000228881836,25.803176879882812
12394,39.88999938964844,36.35512161254883
12395,40.599998474121094,36.2016716003418
12396,47.209999084472656,43.701847076416016
12397,38.02000045776367,33.54765701293945
12398,26.329999923706055,25.05242156982422
12399,46.970001220703125,46.04854965209961
12400,47.06999969482422,49.13462448120117
12401,26.700000762939453,24.94345474243164
12402,44.040000915527344,39.10443115234375
12403,71.27999877929688,68.16775512695312
12404,16.959999084472656,13.889671325683594
12405,17.329999923706055,14.5637788772583
12406,54.060001373291016,51.22578048706055
12407,41.869998931884766,36.911407470703125
12408,22.959999084472656,20.162559509277344
12409,28.290000915527344,25.753141403198242
12410,44.0,36.559837341308594
12411,63.369998931884766,61.15699768066406
12412,29.889999389648438,25.477882385253906
12413,15.300000190734863,13.390897750854492
12414,21.420000076293945,16.708330154418945
12415,30.149999618530273,27.913818359375
12416,12.289999961853027,7.736644744873047
12417,5.420000076293945,3.33766770362854
12418,33.86000061035156,28.956918716430664
12419,17.43000030517578,13.741515159606934
12420,44.54999923706055,38.691585540771484
12421,50.97999954223633,46.47621154785156
12422,16.6299991607666,13.058917045593262
12423,4.570000171661377,3.8050856590270996
12424,51.84000015258789,48.250831604003906
12425,21.170000076293945,17.093503952026367
12426,35.08000183105469,31.070518493652344
12427,56.70000076293945,52.14686965942383
12428,5.099999904632568,3.613062858581543
12429,15.510000228881836,12.033942222595215
12430,50.040000915527344,49.29487991333008
12431,9.539999961853027,7.29680061340332
12432,12.34000015258789,8.294053077697754
12433,27.479999542236328,31.07198715209961
12434,3.619999885559082,1.7953732013702393
12435,31.260000228881836,27.679550170898438
12436,13.239999771118164,11.94577407836914
12437,29.329999923706055,25.55289649963379
12438,42.36000061035156,43.03398513793945
12439,47.709999084472656,43.60725784301758
12440,12.779999732971191,10.644776344299316
12441,45.75,42.74517822265625
12442,9.069999694824219,6.463052272796631
12443,22.639999389648438,21.104412078857422
12444,38.47999954223633,35.45363998413086
12445,23.700000762939453,20.86400032043457
12446,49.939998626708984,43.84812545776367
12447,23.84000015258789,20.67060661315918
12448,18.709999084472656,14.854708671569824
12449,37.38999938964844,35.39504623413086
12450,39.33000183105469,36.1242561340332
12451,69.0199966430664,68.56539916992188
12452,10.220000267028809,6.886593341827393
12453,1.9800000190734863,1.6030008792877197
12454,32.18000030517578,28.196928024291992
12455,18.549999237060547,16.618194580078125
12456,11.6899995803833,9.422341346740723
12457,36.650001525878906,29.483131408691406
12458,69.04000091552734,68.00894927978516
12459,57.7400016784668,53.85525894165039
12460,7.019999980926514,5.537130832672119
12461,22.93000030517578,18.592676162719727
12462,32.72999954223633,29.2844295501709
12463,18.579999923706055,15.145075798034668
12464,30.25,23.37975311279297
12465,45.43000030517578,42.39066696166992
12466,30.559999465942383,23.094873428344727
12467,40.689998626708984,36.14515686035156
12468,23.739999771118164,19.87057876586914
12469,50.4900016784668,50.30281448364258
12470,55.279998779296875,51.64670181274414
12471,30.780000686645508,26.831113815307617
12472,11.729999542236328,10.754815101623535
12473,22.81999969482422,18.821693420410156
12474,6.590000152587891,5.075810432434082
12475,14.109999656677246,13.094468116760254
12476,32.13999938964844,27.857357025146484
12477,34.59000015258789,30.278100967407227
12478,55.2599983215332,56.7966423034668
12479,37.310001373291016,32.971004486083984
12480,11.220000267028809,8.919453620910645
12481,8.880000114440918,6.96898889541626
12482,27.030000686645508,24.273906707763672
12483,28.559999465942383,23.85737419128418
12484,29.110000610351562,24.62969398498535
12485,7.480000019073486,5.927849292755127
12486,27.75,24.61227798461914
12487,1.9299999475479126,1.0710800886154175
12488,10.890000343322754,9.468317031860352
12489,24.670000076293945,19.764196395874023
12490,27.530000686645508,24.599651336669922
12491,9.710000038146973,8.211541175842285
12492,71.51000213623047,61.20660400390625
12493,13.529999732971191,11.6933012008667
12494,40.70000076293945,38.42585754394531
12495,38.93000030517578,32.031944274902344
12496,27.200000762939453,21.84339141845703
12497,60.66999816894531,56.608760833740234
12498,21.09000015258789,20.31882667541504
12499,47.790000915527344,43.33671569824219
12500,2.9000000953674316,2.470120668411255
12501,26.600000381469727,24.016605377197266
12502,22.0,18.666561126708984
12503,43.93000030517578,37.66960906982422
12504,29.549999237060547,26.981124877929688
12505,20.56999969482422,17.761789321899414
12506,6.420000076293945,4.757784366607666
12507,12.210000038146973,9.020341873168945
12508,28.799999237060547,27.21335220336914
12509,53.650001525878906,50.878990173339844
12510,7.429999828338623,4.628173828125
12511,17.329999923706055,15.016127586364746
12512,14.039999961853027,11.070640563964844
12513,10.079999923706055,8.263982772827148
12514,33.27000045776367,25.18075942993164
12515,23.389999389648438,21.814056396484375
12516,10.25,9.206930160522461
12517,15.199999809265137,12.01401138305664
12518,16.8799991607666,17.82624053955078
12519,27.670000076293945,25.675926208496094
12520,14.130000114440918,10.79340648651123
12521,18.81999969482422,15.49513053894043
12522,24.899999618530273,22.925674438476562
12523,7.710000038146973,6.042192459106445
12524,26.950000762939453,22.87594985961914
12525,6.46999979019165,4.754814624786377
12526,52.439998626708984,45.69027328491211
12527,25.170000076293945,21.451751708984375
12528,30.100000381469727,26.315536499023438
12529,27.979999542236328,26.498857498168945
12530,19.760000228881836,17.678131103515625
12531,34.689998626708984,31.199167251586914
12532,27.81999969482422,25.640300750732422
12533,28.079999923706055,25.233718872070312
12534,26.690000534057617,21.601932525634766
12535,16.219999313354492,14.182690620422363
12536,11.4399995803833,9.719216346740723
12537,55.65999984741211,53.263004302978516
12538,34.83000183105469,32.608673095703125
12539,26.350000381469727,22.381349563598633
12540,27.270000457763672,23.52435302734375
12541,27.549999237060547,24.503976821899414
12542,42.0,37.593597412109375
12543,43.54999923706055,48.69184112548828
12544,16.68000030517578,14.443236351013184
12545,16.56999969482422,13.636564254760742
12546,4.960000038146973,3.2701144218444824
12547,56.81999969482422,51.99567794799805
12548,35.7400016784668,28.407678604125977
12549,39.970001220703125,36.213619232177734
12550,29.93000030517578,24.259984970092773
12551,51.2400016784668,48.32686233520508
12552,31.850000381469727,26.801437377929688
12553,16.489999771118164,15.920401573181152
12554,40.540000915527344,38.661468505859375
12555,46.689998626708984,31.110931396484375
12556,23.34000015258789,19.26739501953125
12557,22.1200008392334,20.165056228637695
12558,26.850000381469727,23.057701110839844
12559,9.210000038146973,7.580387592315674
12560,35.290000915527344,35.28432846069336
12561,5.980000019073486,2.8459863662719727
12562,44.540000915527344,39.89191818237305
12563,20.989999771118164,17.79098129272461
12564,41.650001525878906,38.298919677734375
12565,78.20999908447266,73.51593017578125
12566,25.049999237060547,21.142982482910156
12567,45.619998931884766,41.71037673950195
12568,46.630001068115234,44.10708999633789
12569,21.260000228881836,22.79180908203125
12570,23.719999313354492,25.510520935058594
12571,21.3799991607666,17.89796257019043
12572,2.0899999141693115,1.038181185722351
12573,22.100000381469727,18.78643035888672
12574,21.290000915527344,17.23227882385254
12575,9.539999961853027,8.221294403076172
12576,16.010000228881836,13.26962947845459
12577,21.729999542236328,18.594467163085938
12578,14.460000038146973,11.389031410217285
12579,35.04999923706055,31.091726303100586
12580,14.329999923706055,13.329258918762207
12581,21.510000228881836,19.436105728149414
12582,3.819999933242798,1.7340571880340576
12583,40.7599983215332,37.911773681640625
12584,34.529998779296875,29.614179611206055
12585,7.340000152587891,4.956166744232178
12586,30.649999618530273,28.03621482849121
12587,33.310001373291016,30.64777374267578
12588,32.02000045776367,28.603885650634766
12589,8.109999656677246,6.766544342041016
12590,36.790000915527344,33.047977447509766
12591,2.059999942779541,1.839833378791809
12592,57.33000183105469,50.12445831298828
12593,19.040000915527344,17.674434661865234
12594,22.860000610351562,19.86948013305664
12595,12.729999542236328,10.7771577835083
12596,1.649999976158142,2.033782720565796
12597,26.670000076293945,23.398353576660156
12598,42.650001525878906,40.38618850708008
12599,22.31999969482422,19.657392501831055
12600,62.099998474121094,63.0776481628418
12601,27.389999389648438,20.718429565429688
12602,56.11000061035156,53.97073745727539
12603,14.140000343322754,11.350767135620117
12604,5.590000152587891,2.5761611461639404
12605,28.889999389648438,25.968183517456055
12606,22.139999389648438,18.917251586914062
12607,33.439998626708984,31.97401237487793
12608,6.119999885559082,3.867373466491699
12609,7.78000020980835,5.6565704345703125
12610,26.469999313354492,23.91569709777832
12611,68.16000366210938,59.0316276550293
12612,39.25,42.213478088378906
12613,45.33000183105469,42.2883186340332
12614,14.880000114440918,13.502494812011719
12615,21.959999084472656,19.07843017578125
12616,5.0,3.427476406097412
12617,18.420000076293945,14.859293937683105
12618,48.970001220703125,48.34358596801758
12619,42.599998474121094,36.53572463989258
12620,65.70999908447266,63.53199768066406
12621,19.690000534057617,18.369577407836914
12622,22.25,17.885717391967773
12623,16.399999618530273,13.347851753234863
12624,59.040000915527344,56.748775482177734
12625,10.789999961853027,8.091028213500977
12626,4.929999828338623,4.0578131675720215
12627,56.08000183105469,53.5768928527832
12628,43.099998474121094,37.8482780456543
12629,19.549999237060547,17.57016372680664
12630,22.3700008392334,18.59417724609375
12631,66.81999969482422,65.67259216308594
12632,19.030000686645508,15.160771369934082
12633,48.02000045776367,47.589839935302734
12634,20.31999969482422,15.65341854095459
12635,18.639999389648438,17.25462532043457
12636,8.489999771118164,6.364604473114014
12637,50.54999923706055,40.3625373840332
12638,14.819999694824219,14.15710163116455
12639,11.369999885559082,9.376713752746582
12640,42.22999954223633,42.38525390625
12641,16.229999542236328,14.043923377990723
12642,35.95000076293945,33.36330795288086
12643,21.059999465942383,17.920774459838867
12644,10.329999923706055,9.317750930786133
12645,62.5099983215332,57.33986282348633
12646,42.13999938964844,37.116355895996094
12647,21.899999618530273,19.623546600341797
12648,18.059999465942383,16.112049102783203
12649,20.6200008392334,17.466384887695312
12650,6.03000020980835,5.401925563812256
12651,11.0,8.909266471862793
12652,19.65999984741211,19.209970474243164
12653,25.139999389648438,20.406776428222656
12654,25.639999389648438,21.919458389282227
12655,36.88999938964844,31.212942123413086
12656,16.110000610351562,13.924782752990723
12657,24.610000610351562,24.248794555664062
12658,32.04999923706055,39.25205612182617
12659,35.810001373291016,35.02663803100586
12660,17.010000228881836,13.408785820007324
12661,12.619999885559082,11.127270698547363
12662,33.619998931884766,30.32632827758789
12663,10.09000015258789,8.30987548828125
12664,20.06999969482422,16.696781158447266
12665,51.720001220703125,49.06029510498047
12666,10.789999961853027,9.806928634643555
12667,22.200000762939453,20.288524627685547
12668,30.829999923706055,31.959375381469727
12669,47.33000183105469,49.46944046020508
12670,20.469999313354492,17.063486099243164
12671,14.880000114440918,12.397805213928223
12672,18.049999237060547,16.251325607299805
12673,20.6299991607666,19.55843162536621
12674,13.390000343322754,10.772430419921875
12675,32.81999969482422,29.06570053100586
12676,32.400001525878906,27.791473388671875
12677,5.25,3.3973066806793213
12678,37.150001525878906,32.459754943847656
12679,7.349999904632568,5.524948596954346
12680,11.600000381469727,9.978059768676758
12681,32.7400016784668,29.13872528076172
12682,14.229999542236328,11.638916015625
12683,23.979999542236328,20.120880126953125
12684,7.230000019073486,4.936624526977539
12685,48.31999969482422,45.27889633178711
12686,73.33999633789062,49.94331359863281
12687,12.989999771118164,10.174331665039062
12688,8.569999694824219,6.617369651794434
12689,68.70999908447266,67.26258850097656
12690,10.9399995803833,8.885061264038086
12691,52.02000045776367,50.842952728271484
12692,35.869998931884766,31.602672576904297
12693,27.6299991607666,22.38471031188965
12694,14.779999732971191,12.467973709106445
12695,40.810001373291016,39.8472900390625
12696,41.810001373291016,41.82597732543945
12697,16.989999771118164,14.171987533569336
12698,18.969999313354492,17.27294921875
12699,25.030000686645508,22.684511184692383
12700,14.90999984741211,12.429831504821777
12701,17.110000610351562,14.306488037109375
12702,19.290000915527344,16.127668380737305
12703,8.180000305175781,6.936132907867432
12704,43.65999984741211,40.637874603271484
12705,14.649999618530273,12.800578117370605
12706,54.0099983215332,51.90870666503906
12707,41.43000030517578,42.639583587646484
12708,10.239999771118164,6.918752193450928
12709,27.639999389648438,24.708377838134766
12710,18.40999984741211,16.3257999420166
12711,28.389999389648438,24.520484924316406
12712,8.100000381469727,6.080715656280518
12713,44.93000030517578,44.28239440917969
12714,60.400001525878906,38.37970733642578
12715,12.859999656677246,10.479239463806152
12716,15.930000305175781,12.31947135925293
12717,19.6200008392334,18.360759735107422
12718,11.640000343322754,10.265411376953125
12719,25.690000534057617,22.145442962646484
12720,43.689998626708984,53.38750076293945
12721,46.16999816894531,42.76449966430664
12722,40.130001068115234,38.039852142333984
12723,4.420000076293945,1.684827446937561
12724,30.790000915527344,27.188976287841797
12725,23.90999984741211,20.712810516357422
12726,17.56999969482422,14.735772132873535
12727,26.389999389648438,21.323299407958984
12728,67.79000091552734,66.14203643798828
12729,12.069999694824219,10.340682983398438
12730,42.86000061035156,39.499900817871094
12731,77.7300033569336,59.03158950805664
12732,44.59000015258789,39.76025390625
12733,11.170000076293945,9.715169906616211
12734,3.569999933242798,2.1784820556640625
12735,55.02000045776367,54.018131256103516
12736,23.1200008392334,19.17610740661621
12737,40.95000076293945,35.060367584228516
12738,15.899999618530273,12.617942810058594
12739,18.489999771118164,15.706746101379395
12740,51.84000015258789,48.87675476074219
12741,11.619999885559082,8.892138481140137
12742,32.90999984741211,36.53106689453125
12743,35.16999816894531,30.27965545654297
12744,40.91999816894531,36.50154495239258
12745,42.209999084472656,36.25339889526367
12746,45.61000061035156,45.08395004272461
12747,19.989999771118164,17.37389373779297
12748,61.130001068115234,58.50065231323242
12749,52.970001220703125,51.3400764465332
12750,34.27000045776367,32.365379333496094
12751,36.369998931884766,37.0518684387207
12752,31.579999923706055,25.3179931640625
12753,26.219999313354492,23.472625732421875
12754,27.649999618530273,24.63987922668457
12755,18.229999542236328,15.261356353759766
12756,8.020000457763672,6.332426071166992
12757,26.200000762939453,21.812198638916016
12758,7.559999942779541,6.190118312835693
12759,33.439998626708984,29.43988037109375
12760,23.290000915527344,20.36167335510254
12761,11.569999694824219,9.078781127929688
12762,21.489999771118164,18.35196304321289
12763,6.0,3.7632627487182617
12764,4.179999828338623,3.1165943145751953
12765,15.789999961853027,13.5067138671875
12766,45.959999084472656,41.34516143798828
12767,7.650000095367432,5.7688446044921875
12768,21.149999618530273,20.521759033203125
12769,50.61000061035156,52.25065994262695
12770,52.369998931884766,38.81081008911133
12771,37.65999984741211,36.2735481262207
12772,53.68000030517578,51.6878776550293
12773,24.299999237060547,21.991573333740234
12774,15.649999618530273,12.620537757873535
12775,52.56999969482422,50.49309158325195
12776,52.56999969482422,49.550907135009766
12777,24.440000534057617,21.647571563720703
12778,28.059999465942383,23.510623931884766
12779,28.670000076293945,24.834819793701172
12780,25.06999969482422,21.092403411865234
12781,42.77000045776367,37.55276870727539
12782,16.469999313354492,13.250993728637695
12783,46.959999084472656,43.07188034057617
12784,17.579999923706055,17.127883911132812
12785,16.420000076293945,12.67319393157959
12786,24.920000076293945,19.85550880432129
12787,3.3499999046325684,1.727642297744751
12788,30.860000610351562,27.64795684814453
12789,7.210000038146973,4.9013471603393555
12790,8.380000114440918,5.953007221221924
12791,33.439998626708984,28.735897064208984
12792,18.479999542236328,20.415821075439453
12793,49.18000030517578,52.42845153808594
12794,51.06999969482422,45.278167724609375
12795,6.130000114440918,2.897817373275757
12796,46.13999938964844,42.276859283447266
12797,53.66999816894531,53.008121490478516
12798,32.34000015258789,28.394439697265625
12799,39.290000915527344,38.338050842285156
12800,34.209999084472656,30.220611572265625
12801,42.400001525878906,39.52206802368164
12802,22.010000228881836,18.75879669189453
12803,4.929999828338623,2.9799365997314453
12804,33.31999969482422,29.632579803466797
12805,15.829999923706055,13.309060096740723
12806,34.220001220703125,35.168296813964844
12807,5.570000171661377,3.7533068656921387
12808,59.79999923706055,57.63651657104492
12809,25.8700008392334,21.298933029174805
12810,21.81999969482422,22.209012985229492
12811,6.190000057220459,3.687779188156128
12812,12.149999618530273,9.493237495422363
12813,25.510000228881836,23.668445587158203
12814,22.209999084472656,19.215700149536133
12815,28.790000915527344,25.526979446411133
12816,28.989999771118164,23.890390396118164
12817,58.02000045776367,57.17036819458008
12818,18.639999389648438,17.979318618774414
12819,22.68000030517578,17.076181411743164
12820,42.88999938964844,37.396949768066406
12821,2.3299999237060547,1.4483325481414795
12822,5.349999904632568,2.980644941329956
12823,14.399999618530273,12.978860855102539
12824,23.299999237060547,19.360654830932617
12825,67.88999938964844,65.74986267089844
12826,11.0600004196167,8.75466537475586
12827,73.4000015258789,69.61660766601562
12828,23.979999542236328,20.05760955810547
12829,11.100000381469727,9.293564796447754
12830,24.6200008392334,19.61438751220703
12831,33.5,27.19037628173828
12832,31.200000762939453,26.588233947753906
12833,7.789999961853027,6.144309043884277
12834,41.61000061035156,37.66325759887695
12835,68.83999633789062,65.29042053222656
12836,40.709999084472656,36.28449630737305
12837,25.3799991607666,20.242666244506836
12838,24.8700008392334,18.37905502319336
12839,49.91999816894531,47.342132568359375
12840,57.0099983215332,55.344581604003906
12841,4.269999980926514,2.1771528720855713
12842,5.380000114440918,2.8580079078674316
12843,20.700000762939453,17.80036163330078
12844,6.269999980926514,5.4557785987854
12845,51.84000015258789,49.566749572753906
12846,21.860000610351562,19.155426025390625
12847,24.229999542236328,21.40191650390625
12848,16.200000762939453,13.31493854522705
12849,47.130001068115234,44.97433090209961
12850,48.79999923706055,43.657535552978516
12851,55.029998779296875,37.602413177490234
12852,7.699999809265137,5.639154434204102
12853,29.170000076293945,28.428693771362305
12854,11.84000015258789,10.118512153625488
12855,48.709999084472656,54.09738540649414
12856,28.6299991607666,23.739883422851562
12857,21.600000381469727,19.434022903442383
12858,22.940000534057617,22.391897201538086
12859,27.299999237060547,20.374107360839844
12860,20.139999389648438,16.734525680541992
12861,34.18000030517578,30.057106018066406
12862,7.03000020980835,5.053023338317871
12863,12.149999618530273,9.649163246154785
12864,8.460000038146973,6.970947265625
12865,21.770000457763672,22.159502029418945
12866,23.860000610351562,18.79599380493164
12867,29.93000030517578,45.05805587768555
12868,66.9800033569336,62.27570343017578
12869,29.510000228881836,29.67449188232422
12870,34.08000183105469,28.793380737304688
12871,20.09000015258789,17.057586669921875
12872,52.380001068115234,52.49386215209961
12873,63.13999938964844,64.22612762451172
12874,8.59000015258789,6.967826843261719
12875,50.68000030517578,46.94770812988281
12876,29.559999465942383,21.938779830932617
12877,41.220001220703125,40.23369216918945
12878,15.460000038146973,12.152094841003418
12879,20.34000015258789,17.535131454467773
12880,36.119998931884766,33.25251388549805
12881,41.400001525878906,37.76996994018555
12882,5.050000190734863,2.74428129196167
12883,30.25,25.602190017700195
12884,49.52000045776367,45.75389099121094
12885,9.270000457763672,7.79079008102417
12886,18.209999084472656,14.687321662902832
12887,40.709999084472656,36.554691314697266
12888,9.899999618530273,8.592172622680664
12889,12.260000228881836,10.761795043945312
12890,20.65999984741211,16.733478546142578
12891,15.390000343322754,13.975872039794922
12892,1.9299999475479126,1.3718068599700928
12893,5.25,4.296924591064453
12894,9.3100004196167,6.9607391357421875
12895,57.630001068115234,58.57882308959961
12896,29.0,24.210805892944336
12897,33.650001525878906,28.79084587097168
12898,20.1299991607666,16.44327735900879
12899,15.109999656677246,12.049952507019043
12900,12.649999618530273,10.395297050476074
12901,44.779998779296875,41.13717269897461
12902,15.359999656677246,13.285881042480469
12903,27.450000762939453,24.92219352722168
12904,38.08000183105469,30.52039337158203
12905,7.449999809265137,5.366319179534912
12906,57.209999084472656,57.00047302246094
12907,28.690000534057617,26.611921310424805
12908,23.059999465942383,19.896656036376953
12909,27.489999771118164,22.476778030395508
12910,22.25,20.12234878540039
12911,30.219999313354492,28.60342788696289
12912,34.41999816894531,29.399215698242188
12913,39.29999923706055,36.06111526489258
12914,43.22999954223633,38.471370697021484
12915,30.260000228881836,36.22830581665039
12916,27.229999542236328,21.222248077392578
12917,6.920000076293945,5.9977030754089355
12918,5.679999828338623,3.673801898956299
12919,19.200000762939453,15.0321044921875
12920,34.869998931884766,33.26702117919922
12921,23.639999389648438,22.784278869628906
12922,20.459999084472656,18.13115119934082
12923,8.859999656677246,7.410486698150635
12924,22.520000457763672,19.637914657592773
12925,14.449999809265137,11.46773910522461
12926,25.479999542236328,22.497453689575195
12927,7.559999942779541,5.239278316497803
12928,44.58000183105469,38.13539123535156
12929,22.049999237060547,17.974777221679688
12930,17.690000534057617,15.406733512878418
12931,38.25,34.14710235595703
12932,42.150001525878906,42.429141998291016
12933,4.190000057220459,2.5215694904327393
12934,28.450000762939453,26.57654571533203
12935,41.470001220703125,35.63090896606445
12936,48.5099983215332,44.47698211669922
12937,23.899999618530273,20.761886596679688
12938,27.65999984741211,24.59845542907715
12939,1.2400000095367432,1.8995178937911987
12940,14.449999809265137,13.002324104309082
12941,14.260000228881836,11.284852981567383
12942,3.609999895095825,2.3306779861450195
12943,15.510000228881836,12.907183647155762
12944,27.219999313354492,21.76156234741211
12945,16.959999084472656,13.942693710327148
12946,32.099998474121094,29.256275177001953
12947,49.459999084472656,40.21694564819336
12948,9.770000457763672,7.878528594970703
12949,48.34000015258789,44.921112060546875
12950,19.139999389648438,17.889122009277344
12951,24.110000610351562,21.556215286254883
12952,23.75,21.848617553710938
12953,15.550000190734863,13.518697738647461
12954,5.440000057220459,3.966977834701538
12955,13.239999771118164,10.718154907226562
12956,21.600000381469727,17.817392349243164
12957,31.34000015258789,26.508867263793945
12958,7.659999847412109,5.687752723693848
12959,55.599998474121094,53.38750076293945
12960,60.939998626708984,58.9474983215332
12961,10.149999618530273,8.275484085083008
12962,17.940000534057617,15.18431568145752
12963,12.329999923706055,10.504465103149414
12964,15.430000305175781,13.79644775390625
12965,39.619998931884766,37.54840087890625
12966,39.84000015258789,38.87429428100586
12967,61.04999923706055,49.0987663269043
12968,8.949999809265137,7.5788350105285645
12969,23.600000381469727,17.501506805419922
12970,16.549999237060547,13.266097068786621
12971,27.219999313354492,21.525358200073242
12972,51.810001373291016,37.256900787353516
12973,30.600000381469727,26.234479904174805
12974,17.540000915527344,14.631142616271973
12975,46.599998474121094,53.19010543823242
12976,51.41999816894531,48.48483657836914
12977,62.63999938964844,62.11894226074219
12978,30.530000686645508,25.551055908203125
12979,28.079999923706055,22.31133270263672
12980,7.230000019073486,5.100152969360352
12981,34.2599983215332,34.30849075317383
12982,20.479999542236328,17.32520294189453
12983,21.81999969482422,19.75165367126465
12984,33.83000183105469,30.489974975585938
12985,15.039999961853027,12.900571823120117
12986,44.650001525878906,47.185550689697266
12987,7.949999809265137,6.188066482543945
12988,20.969999313354492,17.45854377746582
12989,24.93000030517578,21.409019470214844
12990,37.61000061035156,34.58205032348633
12991,14.960000038146973,12.10707950592041
12992,27.8700008392334,27.412662506103516
12993,36.18000030517578,34.51025390625
12994,46.029998779296875,41.46452713012695
12995,31.15999984741211,26.530715942382812
12996,34.81999969482422,29.732990264892578
12997,19.06999969482422,15.553016662597656
12998,23.700000762939453,20.286394119262695
12999,20.649999618530273,16.86937713623047
13000,14.619999885559082,12.31752872467041
13001,61.040000915527344,68.41093444824219
13002,39.720001220703125,37.7968864440918
13003,17.780000686645508,15.887269020080566
13004,54.86000061035156,48.33253860473633
13005,18.459999084472656,14.911728858947754
13006,23.690000534057617,20.380599975585938
13007,2.7100000381469727,1.2061364650726318
13008,31.84000015258789,26.582443237304688
13009,23.579999923706055,18.507347106933594
13010,12.850000381469727,10.562520027160645
13011,22.200000762939453,18.268199920654297
13012,31.3799991607666,25.021677017211914
13013,11.40999984741211,7.774827003479004
13014,50.4900016784668,48.0463981628418
13015,41.310001373291016,41.46356201171875
13016,30.600000381469727,28.420921325683594
13017,16.729999542236328,13.363411903381348
13018,13.640000343322754,12.346436500549316
13019,43.90999984741211,32.38676834106445
13020,20.709999084472656,18.858753204345703
13021,52.43000030517578,49.0359992980957
13022,27.260000228881836,23.59756851196289
13023,46.439998626708984,43.55446243286133
13024,12.880000114440918,11.045914649963379
13025,11.579999923706055,10.13077449798584
13026,42.25,44.83885955810547
13027,66.6500015258789,64.58892822265625
13028,60.810001373291016,60.83515548706055
13029,11.100000381469727,9.036639213562012
13030,22.40999984741211,18.5869140625
13031,11.15999984741211,8.74066162109375
13032,48.18000030517578,44.697486877441406
13033,44.869998931884766,47.25424575805664
13034,15.829999923706055,12.549131393432617
13035,15.079999923706055,12.963534355163574
13036,7.070000171661377,5.864946365356445
13037,12.420000076293945,9.937224388122559
13038,13.449999809265137,12.65903091430664
13039,41.68000030517578,40.407527923583984
13040,49.349998474121094,42.55550003051758
13041,48.0099983215332,32.49834442138672
13042,9.4399995803833,7.624699592590332
13043,7.880000114440918,5.1421427726745605
13044,5.760000228881836,2.4252240657806396
13045,37.7400016784668,36.21471405029297
13046,47.279998779296875,42.16329574584961
13047,17.90999984741211,15.45959186553955
13048,42.2400016784668,42.29011154174805
13049,19.770000457763672,18.485931396484375
13050,34.470001220703125,37.116355895996094
13051,34.11000061035156,31.26396942138672
13052,33.709999084472656,29.861183166503906
13053,20.56999969482422,17.795387268066406
13054,26.540000915527344,24.638063430786133
13055,38.150001525878906,35.74112319946289
13056,33.4900016784668,32.18113327026367
13057,10.449999809265137,8.853837013244629
13058,60.88999938964844,57.0763053894043
13059,3.140000104904175,1.7528313398361206
13060,29.469999313354492,26.757524490356445
13061,13.899999618530273,11.973472595214844
13062,22.739999771118164,21.925119400024414
13063,7.489999771118164,5.056097984313965
13064,12.239999771118164,10.12226390838623
13065,37.2599983215332,34.518226623535156
13066,18.520000457763672,15.813284873962402
13067,9.130000114440918,6.563322067260742
13068,35.130001068115234,31.83962059020996
13069,54.5099983215332,37.062355041503906
13070,18.889999389648438,14.602659225463867
13071,53.029998779296875,51.1049690246582
13072,44.959999084472656,37.04376220703125
13073,27.979999542236328,25.16141128540039
13074,33.31999969482422,30.01108169555664
13075,14.449999809265137,12.094557762145996
13076,9.079999923706055,6.415675640106201
13077,38.88999938964844,31.98436737060547
13078,27.940000534057617,25.106679916381836
13079,70.58000183105469,61.7645378112793
13080,37.06999969482422,35.825557708740234
13081,34.41999816894531,31.983570098876953
13082,29.790000915527344,27.258995056152344
13083,5.559999942779541,4.283337116241455
13084,43.58000183105469,39.797218322753906
13085,10.15999984741211,7.679667949676514
13086,2.369999885559082,1.2169138193130493
13087,32.06999969482422,25.563194274902344
13088,33.18000030517578,27.583911895751953
13089,29.280000686645508,24.598054885864258
13090,37.0,34.26688766479492
13091,7.340000152587891,4.941476821899414
13092,10.760000228881836,9.274502754211426
13093,28.649999618530273,28.368778228759766
13094,27.739999771118164,23.59931182861328
13095,40.40999984741211,37.25471496582031
13096,14.260000228881836,11.594202995300293
13097,55.619998931884766,52.71703338623047
13098,57.68000030517578,54.04598617553711
13099,52.689998626708984,41.48586654663086
13100,38.439998626708984,34.763484954833984
13101,39.75,36.02740478515625
13102,11.420000076293945,9.909966468811035
13103,11.859999656677246,9.474946022033691
13104,29.979999542236328,27.602096557617188
13105,60.060001373291016,56.5814208984375
13106,16.030000686645508,13.010786056518555
13107,9.520000457763672,7.4061737060546875
13108,18.219999313354492,12.625557899475098
13109,10.420000076293945,8.686073303222656
13110,40.779998779296875,36.422462463378906
13111,33.97999954223633,29.491764068603516
13112,33.790000915527344,31.788869857788086
13113,17.3799991607666,16.323471069335938
13114,2.8299999237060547,1.511040449142456
13115,15.960000038146973,13.533967971801758
13116,30.68000030517578,25.8607177734375
13117,19.530000686645508,18.171035766601562
13118,38.880001068115234,34.80809783935547
13119,3.9800000190734863,1.770005464553833
13120,18.559999465942383,15.265524864196777
13121,30.649999618530273,29.95534324645996
13122,22.979999542236328,19.31158447265625
13123,5.159999847412109,4.725789546966553
13124,15.470000267028809,14.42203140258789
13125,53.119998931884766,49.96694564819336
13126,10.630000114440918,9.059699058532715
13127,70.97000122070312,68.53057098388672
13128,38.439998626708984,36.34006118774414
13129,22.579999923706055,18.585458755493164
13130,15.510000228881836,13.160914421081543
13131,39.040000915527344,31.911338806152344
13132,8.510000228881836,7.108894348144531
13133,23.350000381469727,20.40410614013672
13134,37.880001068115234,36.122703552246094
13135,37.310001373291016,33.55815124511719
13136,21.31999969482422,18.59801483154297
13137,2.75,1.9423949718475342
13138,21.829999923706055,18.563201904296875
13139,49.599998474121094,33.8481330871582
13140,21.149999618530273,16.79766845703125
13141,32.40999984741211,28.444992065429688
13142,26.040000915527344,21.466360092163086
13143,73.55999755859375,60.37696838378906
13144,7.050000190734863,3.54964017868042
13145,48.279998779296875,42.485416412353516
13146,36.349998474121094,31.62264060974121
13147,25.350000381469727,22.649669647216797
13148,4.789999961853027,4.05347204208374
13149,7.800000190734863,6.732956409454346
13150,13.850000381469727,11.874632835388184
13151,56.91999816894531,50.78274917602539
13152,13.300000190734863,10.519145965576172
13153,27.709999084472656,24.493331909179688
13154,53.099998474121094,38.163734436035156
13155,55.380001068115234,51.47478103637695
13156,42.15999984741211,38.73657989501953
13157,21.860000610351562,18.79043960571289
13158,30.84000015258789,27.321788787841797
13159,30.6200008392334,28.025985717773438
13160,13.850000381469727,11.207984924316406
13161,13.699999809265137,11.981847763061523
13162,7.579999923706055,5.9312896728515625
13163,25.170000076293945,20.736127853393555
13164,53.400001525878906,52.837528228759766
13165,16.8799991607666,14.11447525024414
13166,6.21999979019165,5.0228657722473145
13167,21.739999771118164,17.04706573486328
13168,2.4600000381469727,1.372112512588501
13169,39.939998626708984,43.09021759033203
13170,38.18000030517578,41.46686553955078
13171,29.40999984741211,26.131135940551758
13172,27.690000534057617,21.146791458129883
13173,51.279998779296875,37.18227005004883
13174,67.6500015258789,67.51361083984375
13175,26.200000762939453,21.003164291381836
13176,25.40999984741211,23.725481033325195
13177,19.06999969482422,17.01278305053711
13178,9.270000457763672,8.430947303771973
13179,39.439998626708984,38.069400787353516
13180,28.940000534057617,25.856456756591797
13181,31.649999618530273,28.637136459350586
13182,65.68000030517578,55.02104949951172
13183,19.959999084472656,16.58721351623535
13184,24.90999984741211,20.179866790771484
13185,40.279998779296875,41.210235595703125
13186,20.93000030517578,17.691566467285156
13187,27.899999618530273,24.92575454711914
13188,25.829999923706055,20.641647338867188
13189,48.06999969482422,31.802215576171875
13190,6.119999885559082,3.543046712875366
13191,36.18000030517578,28.97292709350586
13192,44.060001373291016,41.78886032104492
13193,42.099998474121094,38.4979133605957
13194,17.850000381469727,17.614734649658203
13195,20.1299991607666,15.748376846313477
13196,31.239999771118164,27.730615615844727
13197,17.43000030517578,14.871220588684082
13198,19.989999771118164,16.282062530517578
13199,6.929999828338623,5.643274307250977
13200,47.470001220703125,53.4572639465332
13201,30.309999465942383,23.929832458496094
13202,9.279999732971191,7.690661430358887
13203,63.220001220703125,60.75952911376953
13204,15.399999618530273,13.586715698242188
13205,32.02000045776367,29.335294723510742
13206,10.979999542236328,8.995824813842773
13207,34.20000076293945,32.07269287109375
13208,15.3100004196167,13.030303955078125
13209,69.12999725341797,45.62019348144531
13210,6.159999847412109,4.054462909698486
13211,39.040000915527344,34.504493713378906
13212,2.4200000762939453,2.756861448287964
13213,30.389999389648438,30.772375106811523
13214,38.2599983215332,37.51582717895508
13215,35.349998474121094,35.2537841796875
13216,19.81999969482422,16.696809768676758
13217,28.43000030517578,23.131507873535156
13218,25.219999313354492,21.253908157348633
13219,19.940000534057617,18.39517593383789
13220,45.369998931884766,43.81017303466797
13221,24.020000457763672,21.486268997192383
13222,12.970000267028809,10.288653373718262
13223,27.799999237060547,24.670251846313477
13224,16.25,13.838580131530762
13225,4.900000095367432,3.2855629920959473
13226,8.380000114440918,5.772645473480225
13227,31.40999984741211,31.16815185546875
13228,8.670000076293945,7.151890277862549
13229,17.889999389648438,14.234126091003418
13230,39.66999816894531,35.957698822021484
13231,51.25,49.356746673583984
13232,34.150001525878906,32.751487731933594
13233,41.75,32.24370574951172
13234,16.760000228881836,13.602872848510742
13235,23.860000610351562,21.383390426635742
13236,71.93000030517578,47.83687210083008
13237,12.039999961853027,10.13203239440918
13238,44.66999816894531,39.47798156738281
13239,14.819999694824219,11.473151206970215
13240,22.40999984741211,18.954345703125
13241,15.15999984741211,11.530840873718262
13242,33.38999938964844,30.553760528564453
13243,35.5099983215332,31.381982803344727
13244,32.52000045776367,31.35722541809082
13245,13.989999771118164,12.211557388305664
13246,40.52000045776367,36.87839889526367
13247,19.600000381469727,14.838774681091309
13248,45.849998474121094,41.627498626708984
13249,27.139999389648438,28.994035720825195
13250,41.849998474121094,38.119258880615234
13251,20.260000228881836,17.674072265625
13252,37.029998779296875,33.17754364013672
13253,6.800000190734863,4.7100510597229
13254,33.83000183105469,27.890888214111328
13255,44.900001525878906,43.42558288574219
13256,51.52000045776367,49.06600570678711
13257,13.029999732971191,11.59913444519043
13258,8.829999923706055,6.985444068908691
13259,29.200000762939453,26.890100479125977
13260,38.599998474121094,33.708457946777344
13261,38.310001373291016,33.964683532714844
13262,24.229999542236328,19.23293685913086
13263,45.540000915527344,40.97771072387695
13264,30.440000534057617,28.424375534057617
13265,53.68000030517578,51.86191940307617
13266,23.790000915527344,20.780607223510742
13267,13.800000190734863,11.287957191467285
13268,37.939998626708984,35.22372817993164
13269,7.329999923706055,5.553427696228027
13270,35.619998931884766,40.522789001464844
13271,34.52000045776367,29.239686965942383
13272,38.040000915527344,33.7402229309082
13273,20.030000686645508,20.088592529296875
13274,26.700000762939453,23.188207626342773
13275,14.8100004196167,11.152427673339844
13276,42.099998474121094,39.37982177734375
13277,30.100000381469727,24.62797737121582
13278,11.970000267028809,9.28947639465332
13279,4.230000019073486,3.621476411819458
13280,25.690000534057617,21.15961456298828
13281,14.279999732971191,11.610841751098633
13282,63.97999954223633,63.707950592041016
13283,4.539999961853027,2.88444185256958
13284,62.06999969482422,56.462608337402344
13285,22.040000915527344,19.099517822265625
13286,9.350000381469727,7.185648441314697
13287,29.959999084472656,27.75535011291504
13288,35.66999816894531,33.15534591674805
13289,19.280000686645508,17.64771842956543
13290,55.4900016784668,55.79840087890625
13291,13.59000015258789,12.628981590270996
13292,8.420000076293945,6.854025840759277
13293,7.559999942779541,5.843753337860107
13294,4.510000228881836,5.516016483306885
13295,27.93000030517578,25.182415008544922
13296,38.02000045776367,34.391998291015625
13297,21.739999771118164,18.969219207763672
13298,17.920000076293945,13.952977180480957
13299,8.920000076293945,6.422977447509766
13300,40.02000045776367,32.70902633666992
13301,21.84000015258789,21.860939025878906
13302,42.5,42.24300003051758
13303,27.309999465942383,23.422481536865234
13304,6.139999866485596,3.6352906227111816
13305,12.899999618530273,9.445671081542969
13306,22.520000457763672,17.463668823242188
13307,64.12000274658203,30.45488166809082
13308,22.200000762939453,19.683927536010742
13309,36.310001373291016,31.15943145751953
13310,31.610000610351562,25.01274299621582
13311,41.400001525878906,38.49599838256836
13312,42.470001220703125,41.18698501586914
13313,68.19000244140625,66.42172241210938
13314,26.510000228881836,25.685121536254883
13315,13.260000228881836,10.988162994384766
13316,13.109999656677246,10.046045303344727
13317,18.739999771118164,16.357160568237305
13318,52.77000045776367,51.30529022216797
13319,1.690000057220459,1.8639390468597412
13320,27.68000030517578,27.740314483642578
13321,52.290000915527344,46.2357292175293
13322,23.020000457763672,17.9691219329834
13323,12.0600004196167,10.231182098388672
13324,20.81999969482422,17.435665130615234
13325,16.610000610351562,15.154974937438965
13326,9.399999618530273,7.355226039886475
13327,25.68000030517578,21.325050354003906
13328,21.290000915527344,20.06243896484375
13329,3.990000009536743,3.2449727058410645
13330,5.599999904632568,4.444745063781738
13331,19.670000076293945,16.500518798828125
13332,9.130000114440918,7.825168609619141
13333,36.86000061035156,33.563682556152344
13334,30.190000534057617,27.19225311279297
13335,10.600000381469727,8.4116792678833
13336,36.2400016784668,28.488889694213867
13337,27.780000686645508,20.148303985595703
13338,34.79999923706055,30.715322494506836
13339,19.829999923706055,17.787534713745117
13340,30.979999542236328,28.11728286743164
13341,32.79999923706055,24.814674377441406
13342,40.70000076293945,36.93394088745117
13343,34.779998779296875,27.01563262939453
13344,17.940000534057617,15.411499977111816
13345,41.18000030517578,37.630165100097656
13346,29.200000762939453,24.852075576782227
13347,46.75,44.13584518432617
13348,12.649999618530273,9.861771583557129
13349,19.440000534057617,17.75615119934082
13350,45.54999923706055,41.43077087402344
13351,11.729999542236328,8.796212196350098
13352,15.529999732971191,12.428953170776367
13353,13.079999923706055,10.710148811340332
13354,23.239999771118164,20.920242309570312
13355,6.150000095367432,4.449855804443359
13356,24.010000228881836,18.098651885986328
13357,43.25,40.11616897583008
13358,32.220001220703125,23.123001098632812
13359,24.360000610351562,21.456703186035156
13360,9.210000038146973,7.358262538909912
13361,39.5099983215332,37.119327545166016
13362,8.220000267028809,7.253069877624512
13363,43.84000015258789,39.900047302246094
13364,23.260000228881836,20.74823760986328
13365,40.2400016784668,37.37775802612305
13366,8.149999618530273,6.6716694831848145
13367,13.0600004196167,11.023158073425293
13368,35.349998474121094,33.71393966674805
13369,24.450000762939453,20.12679672241211
13370,19.200000762939453,16.137819290161133
13371,37.75,33.91569137573242
13372,53.66999816894531,55.41496658325195
13373,44.209999084472656,50.82308578491211
13374,23.850000381469727,21.122291564941406
13375,10.510000228881836,8.851590156555176
13376,7.059999942779541,5.000635623931885
13377,6.329999923706055,3.5960874557495117
13378,9.220000267028809,6.814615726470947
13379,47.90999984741211,45.35884094238281
13380,48.75,42.57510757446289
13381,13.220000267028809,10.652570724487305
13382,35.709999084472656,30.15492057800293
13383,5.980000019073486,4.175506591796875
13384,43.93000030517578,43.06748580932617
13385,18.420000076293945,15.92872428894043
13386,10.59000015258789,8.59107494354248
13387,22.06999969482422,19.842988967895508
13388,29.670000076293945,26.9757022857666
13389,31.729999542236328,27.175945281982422
13390,33.380001068115234,29.825824737548828
13391,35.79999923706055,27.92926025390625
13392,54.869998931884766,53.36011505126953
13393,9.479999542236328,7.93324089050293
13394,14.760000228881836,11.130266189575195
13395,11.479999542236328,9.566200256347656
13396,26.90999984741211,24.012218475341797
13397,13.770000457763672,12.179856300354004
13398,42.2400016784668,38.95813751220703
13399,41.66999816894531,43.54049301147461
13400,38.41999816894531,38.204124450683594
13401,13.479999542236328,10.959064483642578
13402,41.22999954223633,36.95711135864258
13403,64.5199966430664,63.26817321777344
13404,52.029998779296875,47.667598724365234
13405,42.099998474121094,43.06748580932617
13406,22.75,19.227827072143555
13407,65.7300033569336,64.1842041015625
13408,21.850000381469727,18.399301528930664
13409,15.630000114440918,13.64420223236084
13410,4.900000095367432,3.177487850189209
13411,18.489999771118164,14.197869300842285
13412,60.13999938964844,58.11018753051758
13413,42.279998779296875,36.92161178588867
13414,46.029998779296875,35.28432846069336
13415,25.979999542236328,22.103158950805664
13416,28.389999389648438,27.048357009887695
13417,2.7200000286102295,2.50223708152771
13418,64.83000183105469,66.84791564941406
13419,43.20000076293945,43.9785270690918
13420,9.170000076293945,5.9653096199035645
13421,10.350000381469727,9.237427711486816
13422,45.15999984741211,41.276973724365234
13423,23.969999313354492,19.87979507446289
13424,39.0099983215332,37.8482780456543
13425,14.0,12.616151809692383
13426,14.479999542236328,10.47873592376709
13427,19.860000610351562,16.697002410888672
13428,35.630001068115234,37.62208938598633
13429,9.390000343322754,7.513054370880127
13430,59.68000030517578,61.17095184326172
13431,28.18000030517578,29.93242645263672
13432,20.459999084472656,20.227317810058594
13433,58.5099983215332,57.379676818847656
13434,10.529999732971191,8.116043090820312
13435,40.029998779296875,34.482215881347656
13436,41.900001525878906,39.14345169067383
13437,15.289999961853027,11.891037940979004
13438,23.399999618530273,23.91107177734375
13439,11.260000228881836,7.991781711578369
13440,6.059999942779541,4.260507106781006
13441,42.59000015258789,38.57209014892578
13442,8.899999618530273,7.103021621704102
13443,33.959999084472656,30.96579933166504
13444,21.489999771118164,19.0765380859375
13445,2.2699999809265137,1.4232594966888428
13446,51.70000076293945,43.26475524902344
13447,66.79000091552734,65.67867279052734
13448,27.75,21.083097457885742
13449,26.719999313354492,20.408430099487305
13450,40.2599983215332,42.3101921081543
13451,10.149999618530273,8.240710258483887
13452,62.099998474121094,59.848018646240234
13453,18.200000762939453,16.57403564453125
13454,20.979999542236328,18.23862648010254
13455,28.8700008392334,24.494091033935547
13456,30.3700008392334,25.97796630859375
13457,35.209999084472656,35.18706512451172
13458,25.760000228881836,24.27519989013672
13459,3.380000114440918,2.8666467666625977
13460,15.510000228881836,12.81167984008789
13461,61.40999984741211,58.15762710571289
13462,31.979999542236328,27.70779037475586
13463,36.31999969482422,33.398902893066406
13464,31.899999618530273,27.337482452392578
13465,17.600000381469727,14.798483848571777
13466,45.790000915527344,41.04659652709961
13467,7.489999771118164,5.596001625061035
13468,10.789999961853027,9.329595565795898
13469,22.93000030517578,22.402502059936523
13470,31.360000610351562,27.024513244628906
13471,10.149999618530273,8.36400318145752
13472,2.259999990463257,1.703243374824524
13473,52.22999954223633,47.880699157714844
13474,24.459999084472656,20.582809448242188
13475,47.439998626708984,48.025184631347656
13476,20.950000762939453,18.27054786682129
13477,8.640000343322754,5.087344646453857
13478,42.7400016784668,40.19083023071289
13479,21.079999923706055,17.56324005126953
13480,17.739999771118164,15.660117149353027
13481,50.209999084472656,47.04706573486328
13482,23.149999618530273,20.53816795349121
13483,40.0099983215332,33.814151763916016
13484,21.729999542236328,19.974567413330078
13485,52.15999984741211,40.522789001464844
13486,17.440000534057617,13.504634857177734
13487,32.689998626708984,29.58287811279297
13488,34.47999954223633,59.62947082519531
13489,28.649999618530273,21.160160064697266
13490,33.709999084472656,32.20128631591797
13491,5.769999980926514,4.01413106918335
13492,54.400001525878906,52.387752532958984
13493,66.5199966430664,63.18891525268555
13494,14.739999771118164,11.877485275268555
13495,43.31999969482422,38.28160095214844
13496,11.3100004196167,9.683399200439453
13497,31.959999084472656,27.02654266357422
13498,8.609999656677246,5.445126056671143
13499,7.75,6.728396415710449
13500,12.149999618530273,10.370315551757812
13501,35.63999938964844,32.62392807006836
13502,28.540000915527344,22.632553100585938
13503,6.989999771118164,5.628438949584961
13504,22.31999969482422,21.295536041259766
13505,39.83000183105469,36.13236618041992
13506,10.199999809265137,8.223227500915527
13507,24.209999084472656,23.914180755615234
13508,31.200000762939453,26.026002883911133
13509,10.390000343322754,7.855912685394287
13510,31.5,27.74413299560547
13511,37.20000076293945,33.69599533081055
13512,45.279998779296875,41.41379928588867
13513,38.540000915527344,34.59553909301758
13514,27.56999969482422,23.667556762695312
13515,12.050000190734863,10.589010238647461
13516,14.050000190734863,12.6929292678833
13517,13.15999984741211,10.6917142868042
13518,16.459999084472656,14.645936965942383
13519,55.31999969482422,49.190494537353516
13520,20.350000381469727,16.19455909729004
13521,22.40999984741211,21.22649383544922
13522,17.079999923706055,14.233528137207031
13523,23.270000457763672,19.368595123291016
13524,23.8700008392334,22.728979110717773
13525,4.820000171661377,3.176119565963745
13526,47.15999984741211,41.907386779785156
13527,30.18000030517578,24.57954978942871
13528,23.799999237060547,19.139509201049805
13529,4.039999961853027,3.5546512603759766
13530,26.200000762939453,22.437389373779297
13531,57.52000045776367,50.06236267089844
13532,23.969999313354492,19.7177734375
13533,24.56999969482422,20.330402374267578
13534,47.38999938964844,47.39773941040039
13535,24.40999984741211,20.721050262451172
13536,36.65999984741211,31.073139190673828
13537,15.760000228881836,13.462433815002441
13538,33.04999923706055,26.61971092224121
13539,22.010000228881836,19.936553955078125
13540,28.84000015258789,20.910789489746094
13541,36.79999923706055,32.763710021972656
13542,26.1299991607666,21.66073226928711
13543,6.159999847412109,4.601904392242432
13544,58.4900016784668,57.8103141784668
13545,9.329999923706055,7.549244403839111
13546,56.349998474121094,49.83717727661133
13547,23.809999465942383,22.42344093322754
13548,21.110000610351562,17.36214256286621
13549,34.5099983215332,31.26919937133789
13550,11.420000076293945,9.339055061340332
13551,39.349998474121094,34.418479919433594
13552,45.619998931884766,40.8792839050293
13553,2.190000057220459,4.075084686279297
13554,34.04999923706055,32.385433197021484
13555,76.52999877929688,75.56890106201172
13556,59.06999969482422,48.21932601928711
13557,58.84000015258789,55.65726852416992
13558,12.229999542236328,9.20501708984375
13559,8.819999694824219,7.389467716217041
13560,12.3100004196167,10.287110328674316
13561,54.88999938964844,50.87508773803711
13562,18.989999771118164,15.11147403717041
13563,13.5600004196167,11.442094802856445
13564,36.88999938964844,34.320518493652344
13565,8.640000343322754,6.199747085571289
13566,36.36000061035156,30.80096435546875
13567,41.720001220703125,39.78873062133789
13568,7.010000228881836,4.911702632904053
13569,5.099999904632568,2.9508328437805176
13570,44.09000015258789,38.3642578125
13571,20.280000686645508,16.972980499267578
13572,19.15999984741211,15.810158729553223
13573,44.11000061035156,42.9944953918457
13574,3.3499999046325684,1.4550117254257202
13575,14.930000305175781,12.81883716583252
13576,13.800000190734863,11.94328498840332
13577,4.989999771118164,3.186143159866333
13578,10.029999732971191,8.46658992767334
13579,14.100000381469727,12.398612976074219
13580,23.399999618530273,19.957286834716797
13581,29.34000015258789,26.07596206665039
13582,42.880001068115234,47.50664138793945
13583,33.15999984741211,28.050128936767578
13584,22.040000915527344,23.372146606445312
13585,9.949999809265137,8.382427215576172
13586,42.16999816894531,46.433162689208984
13587,25.850000381469727,21.314300537109375
13588,10.3100004196167,8.85761833190918
13589,28.770000457763672,24.45139503479004
13590,26.6200008392334,22.546903610229492
13591,13.199999809265137,10.943685531616211
13592,38.619998931884766,33.399784088134766
13593,19.719999313354492,23.738590240478516
13594,7.329999923706055,6.370883941650391
13595,6.21999979019165,4.83349609375
13596,28.420000076293945,26.77768325805664
13597,25.969999313354492,21.630393981933594
13598,24.829999923706055,19.786699295043945
13599,13.430000305175781,10.989066123962402
13600,32.400001525878906,29.90018081665039
13601,11.449999809265137,9.565028190612793
13602,18.639999389648438,14.852768898010254
13603,57.939998626708984,52.185707092285156
13604,22.829999923706055,19.732555389404297
13605,33.470001220703125,24.182016372680664
13606,25.479999542236328,19.097890853881836
13607,1.8600000143051147,1.3757609128952026
13608,6.789999961853027,4.951728820800781
13609,41.66999816894531,40.85340881347656
13610,22.420000076293945,18.65560531616211
13611,8.470000267028809,6.868578910827637
13612,45.38999938964844,38.35867691040039
13613,21.940000534057617,24.638946533203125
13614,27.8799991607666,23.37975311279297
13615,46.029998779296875,48.91891860961914
13616,23.639999389648438,22.18086814880371
13617,26.81999969482422,23.12213134765625
13618,25.40999984741211,23.729097366333008
13619,16.959999084472656,14.282869338989258
13620,25.75,24.638309478759766
13621,21.709999084472656,23.696382522583008
13622,51.09000015258789,49.74324035644531
13623,20.549999237060547,15.902182579040527
13624,35.43000030517578,32.72352981567383
13625,11.470000267028809,8.702136993408203
13626,41.52000045776367,40.234107971191406
13627,43.290000915527344,41.07605743408203
13628,21.030000686645508,18.438331604003906
13629,20.739999771118164,19.217731475830078
13630,24.030000686645508,22.130388259887695
13631,18.520000457763672,15.652666091918945
13632,35.189998626708984,34.82534408569336
13633,57.61000061035156,59.85511016845703
13634,27.700000762939453,24.289600372314453
13635,41.83000183105469,39.23295211791992
13636,40.529998779296875,34.765113830566406
13637,20.639999389648438,18.16852569580078
13638,31.139999389648438,27.407197952270508
13639,30.389999389648438,26.487468719482422
13640,17.90999984741211,15.489999771118164
13641,29.969999313354492,26.0119571685791
13642,15.5,12.946979522705078
13643,25.959999084472656,22.200685501098633
13644,42.540000915527344,36.9062385559082
13645,8.920000076293945,7.279526710510254
13646,45.369998931884766,38.47907638549805
13647,19.290000915527344,15.898134231567383
13648,49.119998931884766,44.48391342163086
13649,13.260000228881836,11.561129570007324
13650,26.8799991607666,20.620391845703125
13651,44.27000045776367,41.44200897216797
13652,5.179999828338623,2.2028024196624756
13653,28.450000762939453,24.64718246459961
13654,27.639999389648438,24.957534790039062
13655,51.27000045776367,49.63711929321289
13656,15.369999885559082,11.909796714782715
13657,0.9300000071525574,1.3545279502868652
13658,19.469999313354492,17.326513290405273
13659,48.04999923706055,37.4914665222168
13660,26.729999542236328,23.136919021606445
13661,30.59000015258789,22.41571044921875
13662,3.430000066757202,2.6817264556884766
13663,13.460000038146973,10.37098503112793
13664,6.019999980926514,3.5838732719421387
13665,1.7100000381469727,1.7795476913452148
13666,32.95000076293945,32.24370574951172
13667,21.5,20.34084701538086
13668,42.41999816894531,39.795406341552734
13669,10.520000457763672,8.495230674743652
13670,39.90999984741211,34.63528823852539
13671,23.520000457763672,20.453453063964844
13672,3.359999895095825,1.741626501083374
13673,26.760000228881836,23.453174591064453
13674,13.430000305175781,11.464889526367188
13675,33.81999969482422,31.850915908813477
13676,39.630001068115234,35.60177993774414
13677,15.34000015258789,11.578973770141602
13678,32.58000183105469,30.704708099365234
13679,51.83000183105469,50.4815788269043
13680,34.61000061035156,29.58863639831543
13681,41.38999938964844,39.7585563659668
13682,20.1299991607666,16.439613342285156
13683,20.959999084472656,18.72760772705078
13684,34.380001068115234,31.57044219970703
13685,22.31999969482422,24.208477020263672
13686,52.31999969482422,49.480003356933594
13687,18.059999465942383,15.450894355773926
13688,52.56999969482422,49.844940185546875
13689,6.690000057220459,4.583824157714844
13690,3.3499999046325684,1.877650260925293
13691,13.569999694824219,10.475310325622559
13692,19.299999237060547,16.023941040039062
13693,17.40999984741211,15.043583869934082
13694,36.88999938964844,33.13605880737305
13695,40.09000015258789,43.65187454223633
13696,46.290000915527344,44.7321662902832
13697,22.770000457763672,19.281644821166992
13698,37.709999084472656,36.29475402832031
13699,19.790000915527344,16.900014877319336
13700,6.349999904632568,4.547173023223877
13701,24.40999984741211,23.76168441772461
13702,30.530000686645508,27.20522689819336
13703,62.20000076293945,62.579505920410156
13704,35.220001220703125,31.609477996826172
13705,12.899999618530273,10.565193176269531
13706,36.619998931884766,30.13127326965332
13707,18.389999389648438,14.63491153717041
13708,14.960000038146973,11.523192405700684
13709,28.950000762939453,21.901996612548828
13710,57.02000045776367,54.23158264160156
13711,17.969999313354492,14.357049942016602
13712,51.95000076293945,48.654727935791016
13713,6.739999771118164,4.758089542388916
13714,37.599998474121094,32.48951721191406
13715,41.18000030517578,34.513362884521484
13716,42.439998626708984,38.20096969604492
13717,8.329999923706055,6.985203742980957
13718,17.15999984741211,14.715895652770996
13719,22.020000457763672,20.806013107299805
13720,52.150001525878906,47.37461471557617
13721,52.060001373291016,54.432613372802734
13722,28.549999237060547,25.62152099609375
13723,28.299999237060547,31.11430549621582
13724,13.430000305175781,11.766279220581055
13725,34.369998931884766,31.73849105834961
13726,22.729999542236328,19.086931228637695
13727,21.510000228881836,16.363359451293945
13728,17.3799991607666,15.7297945022583
13729,40.439998626708984,37.63393020629883
13730,6.809999942779541,4.356411457061768
13731,12.34000015258789,9.616745948791504
13732,34.84000015258789,37.02872848510742
13733,11.869999885559082,10.169818878173828
13734,11.460000038146973,9.191646575927734
13735,76.37000274658203,54.054237365722656
13736,6.110000133514404,4.311854362487793
13737,44.650001525878906,40.27806091308594
13738,60.7400016784668,59.43168258666992
13739,28.459999084472656,24.37026596069336
13740,19.950000762939453,17.943849563598633
13741,29.920000076293945,33.70827102661133
13742,16.479999542236328,13.993547439575195
13743,5.170000076293945,4.067757606506348
13744,21.56999969482422,18.61185073852539
13745,9.739999771118164,7.864692687988281
13746,37.810001373291016,36.41733932495117
13747,65.8499984741211,63.891883850097656
13748,29.1200008392334,20.776092529296875
13749,9.979999542236328,7.672618865966797
13750,8.170000076293945,6.618836879730225
13751,8.0,6.877394676208496
13752,28.790000915527344,22.241275787353516
13753,14.100000381469727,12.346040725708008
13754,27.719999313354492,24.345630645751953
13755,31.989999771118164,31.41647720336914
13756,14.420000076293945,11.026514053344727
13757,49.86000061035156,39.31294250488281
13758,10.529999732971191,7.866125106811523
13759,46.38999938964844,33.993263244628906
13760,6.800000190734863,4.4609222412109375
13761,17.239999771118164,15.742815971374512
13762,21.719999313354492,18.314117431640625
13763,18.760000228881836,15.420218467712402
13764,5.809999942779541,4.059960842132568
13765,61.439998626708984,56.528167724609375
13766,25.459999084472656,19.82343864440918
13767,26.979999542236328,23.794910430908203
13768,10.430000305175781,9.061954498291016
13769,24.549999237060547,18.507312774658203
13770,39.83000183105469,30.59853744506836
13771,3.8499999046325684,2.496882677078247
13772,18.360000610351562,14.856560707092285
13773,25.260000228881836,21.312000274658203
13774,2.740000009536743,4.158875465393066
13775,12.579999923706055,10.83854866027832
13776,43.63999938964844,39.912864685058594
13777,4.789999961853027,4.275484561920166
13778,12.140000343322754,10.052950859069824
13779,46.68000030517578,47.75175476074219
13780,13.640000343322754,10.637578010559082
13781,20.729999542236328,18.27552604675293
13782,32.27000045776367,30.083263397216797
13783,56.689998626708984,59.97976303100586
13784,15.180000305175781,12.075966835021973
13785,32.869998931884766,27.178199768066406
13786,74.05000305175781,72.75917053222656
13787,22.690000534057617,17.303245544433594
13788,27.760000228881836,27.583911895751953
13789,63.65999984741211,61.62057876586914
13790,30.43000030517578,26.03323745727539
13791,10.819999694824219,9.095511436462402
13792,21.31999969482422,21.05707550048828
13793,29.059999465942383,18.615535736083984
13794,54.18000030517578,52.85823440551758
13795,27.059999465942383,24.07176971435547
13796,9.949999809265137,6.9765191078186035
13797,16.209999084472656,12.488397598266602
13798,28.770000457763672,26.20794105529785
13799,18.200000762939453,16.633575439453125
13800,15.260000228881836,13.491436958312988
13801,14.34000015258789,10.305353164672852
13802,35.4900016784668,31.932680130004883
13803,46.77000045776367,41.77206802368164
13804,29.229999542236328,30.675256729125977
13805,28.850000381469727,25.538476943969727
13806,8.710000038146973,7.182799339294434
13807,37.47999954223633,33.546573638916016
13808,35.34000015258789,31.891023635864258
13809,34.27000045776367,31.63290023803711
13810,4.329999923706055,3.1623480319976807
13811,60.959999084472656,55.41496658325195
13812,25.790000915527344,23.655532836914062
13813,35.900001525878906,30.414640426635742
13814,50.310001373291016,50.32861328125
13815,5.190000057220459,3.8110618591308594
13816,13.59000015258789,11.331144332885742
13817,29.600000381469727,25.494400024414062
13818,31.549999237060547,26.437820434570312
13819,32.279998779296875,28.240337371826172
13820,72.48999786376953,72.55140686035156
13821,21.3799991607666,18.385868072509766
13822,23.399999618530273,20.866390228271484
13823,7.550000190734863,4.504012584686279
13824,28.899999618530273,20.35833740234375
13825,7.130000114440918,5.526003837585449
13826,51.52000045776367,50.65380859375
13827,27.360000610351562,24.026113510131836
13828,19.450000762939453,14.387882232666016
13829,17.440000534057617,14.072951316833496
13830,11.729999542236328,10.538960456848145
13831,37.33000183105469,34.168453216552734
13832,2.990000009536743,2.5570616722106934
13833,20.469999313354492,17.131275177001953
13834,1.6200000047683716,0.9856558442115784
13835,23.829999923706055,24.529003143310547
13836,20.68000030517578,19.820106506347656
13837,6.170000076293945,4.302616596221924
13838,42.97999954223633,36.9052848815918
13839,50.88999938964844,50.122501373291016
13840,30.219999313354492,22.089262008666992
13841,34.61000061035156,34.903011322021484
13842,8.640000343322754,6.022966384887695
13843,38.72999954223633,34.7462043762207
13844,18.270000457763672,14.798111915588379
13845,10.399999618530273,8.627020835876465
13846,52.040000915527344,50.74789047241211
13847,38.33000183105469,30.546178817749023
13848,25.229999542236328,22.055700302124023
13849,26.049999237060547,22.975542068481445
13850,26.90999984741211,23.23040771484375
13851,15.880000114440918,13.474847793579102
13852,23.299999237060547,18.37299346923828
13853,41.08000183105469,38.02854537963867
13854,24.229999542236328,22.252506256103516
13855,20.8700008392334,18.367652893066406
13856,44.81999969482422,43.218727111816406
13857,14.260000228881836,11.61479377746582
13858,6.070000171661377,4.321866989135742
13859,37.650001525878906,33.283966064453125
13860,26.760000228881836,24.37456512451172
13861,29.489999771118164,25.068567276000977
13862,46.939998626708984,44.89370346069336
13863,56.22999954223633,46.469486236572266
13864,12.229999542236328,9.44686508178711
13865,12.220000267028809,9.426610946655273
13866,8.510000228881836,5.335630416870117
13867,8.020000457763672,5.825741291046143
13868,32.38999938964844,30.659061431884766
13869,20.8799991607666,18.08247184753418
13870,25.3700008392334,22.281354904174805
13871,15.84000015258789,13.589825630187988
13872,74.54000091552734,49.06029510498047
13873,29.43000030517578,24.678869247436523
13874,31.700000762939453,26.415163040161133
13875,55.790000915527344,43.65187454223633
13876,9.630000114440918,6.926633358001709
13877,41.040000915527344,35.81031036376953
13878,16.510000228881836,13.865408897399902
13879,45.83000183105469,42.70570373535156
13880,31.889999389648438,42.74177169799805
13881,19.059999465942383,13.40498161315918
13882,70.36000061035156,64.92005920410156
13883,55.630001068115234,52.978458404541016
13884,14.850000381469727,13.116353988647461
13885,23.68000030517578,19.776710510253906
13886,14.0,11.012544631958008
13887,25.360000610351562,22.430936813354492
13888,28.059999465942383,22.983055114746094
13889,46.38999938964844,48.197364807128906
13890,6.630000114440918,3.6733455657958984
13891,27.030000686645508,22.793190002441406
13892,43.40999984741211,41.50518798828125
13893,7.78000020980835,5.456817150115967
13894,43.0099983215332,40.0931510925293
13895,41.36000061035156,64.42639923095703
13896,13.420000076293945,11.756677627563477
13897,17.149999618530273,13.238956451416016
13898,48.91999816894531,45.99137878417969
13899,17.040000915527344,13.433517456054688
13900,47.66999816894531,45.14777374267578
13901,39.209999084472656,36.944339752197266
13902,40.2400016784668,34.64385986328125
13903,4.099999904632568,2.334664821624756
13904,33.150001525878906,31.51397705078125
13905,29.09000015258789,26.22271728515625
13906,26.989999771118164,22.756248474121094
13907,29.93000030517578,28.68705940246582
13908,8.210000038146973,6.649637222290039
13909,20.229999542236328,16.15438461303711
13910,24.540000915527344,20.192604064941406
13911,21.399999618530273,17.952167510986328
13912,30.889999389648438,28.09673309326172
13913,8.220000267028809,6.370001316070557
13914,15.779999732971191,12.971060752868652
13915,4.96999979019165,3.257699489593506
13916,38.68000030517578,31.790733337402344
13917,60.59000015258789,50.290977478027344
13918,16.950000762939453,13.9752779006958
13919,23.040000915527344,20.154293060302734
13920,47.75,43.15281295776367
13921,19.93000030517578,18.684368133544922
13922,75.5199966430664,62.05553436279297
13923,13.84000015258789,11.192551612854004
13924,32.04999923706055,29.268827438354492
13925,34.4900016784668,30.534683227539062
13926,42.310001373291016,32.525108337402344
13927,50.630001068115234,43.11033248901367
13928,23.350000381469727,18.69976043701172
13929,20.059999465942383,18.14146614074707
13930,66.31999969482422,49.23226547241211
13931,12.25,10.562553405761719
13932,19.309999465942383,16.82904815673828
13933,34.52000045776367,34.98826217651367
13934,6.159999847412109,5.8612380027771
13935,8.670000076293945,8.010918617248535
13936,56.63999938964844,60.57255935668945
13937,55.630001068115234,61.45419692993164
13938,16.110000610351562,13.520551681518555
13939,25.889999389648438,22.18086814880371
13940,39.720001220703125,38.765018463134766
13941,54.310001373291016,57.043060302734375
13942,12.640000343322754,10.571977615356445
13943,10.859999656677246,9.036974906921387
13944,21.190000534057617,18.21308708190918
13945,23.899999618530273,19.60824203491211
13946,37.650001525878906,33.24633026123047
13947,33.91999816894531,31.0216064453125
13948,6.599999904632568,4.4472880363464355
13949,40.189998626708984,41.03988265991211
13950,31.719999313354492,28.91524314880371
13951,52.16999816894531,48.123985290527344
13952,35.189998626708984,35.18321228027344
13953,32.59000015258789,29.737262725830078
13954,32.560001373291016,30.098060607910156
13955,7.940000057220459,5.814988136291504
13956,44.130001068115234,39.48500061035156
13957,35.11000061035156,31.630945205688477
13958,24.1299991607666,19.58692169189453
13959,14.579999923706055,11.420601844787598
13960,6.239999771118164,3.2418344020843506
13961,19.31999969482422,17.70130729675293
13962,27.65999984741211,25.250465393066406
13963,22.739999771118164,19.832210540771484
13964,39.13999938964844,35.471466064453125
13965,50.36000061035156,46.672760009765625
13966,30.639999389648438,23.438142776489258
13967,2.200000047683716,1.351676344871521
13968,14.989999771118164,12.763450622558594
13969,8.949999809265137,7.225698471069336
13970,39.02000045776367,45.20703125
13971,58.91999816894531,54.58600997924805
13972,14.84000015258789,10.35097885131836
13973,47.84000015258789,45.943302154541016
13974,15.369999885559082,12.026182174682617
13975,31.139999389648438,29.492786407470703
13976,47.029998779296875,46.256866455078125
13977,41.900001525878906,39.60042953491211
13978,51.13999938964844,47.83283233642578
13979,28.170000076293945,28.116790771484375
13980,29.350000381469727,24.371685028076172
13981,29.520000457763672,25.444517135620117
13982,25.059999465942383,20.975404739379883
13983,48.599998474121094,41.17544174194336
13984,22.739999771118164,19.86861801147461
13985,17.469999313354492,15.82772445678711
13986,32.9900016784668,28.430908203125
13987,8.649999618530273,6.634007453918457
13988,15.34000015258789,14.042677879333496
13989,57.529998779296875,55.636165618896484
13990,32.9900016784668,26.771751403808594
13991,21.270000457763672,17.465755462646484
13992,26.190000534057617,23.36920928955078
13993,22.260000228881836,21.000675201416016
13994,27.399999618530273,25.520000457763672
13995,48.93000030517578,42.49884796142578
13996,12.760000228881836,9.937644958496094
13997,49.849998474121094,44.3726692199707
13998,48.900001525878906,46.203922271728516
13999,10.9399995803833,9.139519691467285
14000,25.1299991607666,22.55158233642578
14001,65.9800033569336,50.24521255493164
14002,44.5099983215332,38.65973663330078
14003,7.070000171661377,4.173959255218506
14004,9.739999771118164,7.628386974334717
14005,40.33000183105469,36.45033264160156
14006,44.970001220703125,42.56279754638672
14007,57.22999954223633,54.958534240722656
14008,5.070000171661377,3.168975591659546
14009,29.15999984741211,25.19223976135254
14010,62.119998931884766,60.536563873291016
14011,64.58000183105469,60.48430633544922
14012,53.790000915527344,51.22477340698242
14013,17.510000228881836,12.829867362976074
14014,23.959999084472656,21.446081161499023
14015,14.770000457763672,11.611175537109375
14016,19.559999465942383,16.738967895507812
14017,28.010000228881836,24.9892520904541
14018,2.0299999713897705,1.84732186794281
14019,19.670000076293945,15.527741432189941
14020,11.489999771118164,9.497903823852539
14021,23.860000610351562,21.172876358032227
14022,34.20000076293945,31.458484649658203
14023,49.099998474121094,51.99567794799805
14024,41.560001373291016,39.479427337646484
14025,12.779999732971191,11.309886932373047
14026,20.479999542236328,16.840065002441406
14027,3.3299999237060547,2.1716957092285156
14028,53.29999923706055,47.937808990478516
14029,7.949999809265137,5.996355056762695
14030,51.84000015258789,50.93350601196289
14031,24.75,26.24671745300293
14032,23.049999237060547,23.252958297729492
14033,9.760000228881836,7.485560894012451
14034,7.139999866485596,6.361535549163818
14035,15.270000457763672,12.433451652526855
14036,8.050000190734863,5.481889724731445
14037,35.720001220703125,31.949806213378906
14038,3.9700000286102295,2.4060823917388916
14039,49.349998474121094,46.96662139892578
14040,32.04999923706055,35.45571517944336
14041,15.770000457763672,13.317337989807129
14042,59.91999816894531,59.24323272705078
14043,30.270000457763672,25.83446502685547
14044,13.229999542236328,11.056658744812012
14045,9.930000305175781,9.017066955566406
14046,30.1299991607666,27.013504028320312
14047,15.600000381469727,13.651052474975586
14048,12.510000228881836,10.152259826660156
14049,60.88999938964844,60.4515266418457
14050,30.3799991607666,26.579492568969727
14051,26.219999313354492,18.615478515625
14052,42.650001525878906,37.498226165771484
14053,10.479999542236328,8.43540096282959
14054,27.8799991607666,21.442218780517578
14055,14.550000190734863,11.150106430053711
14056,12.6899995803833,10.377677917480469
14057,40.90999984741211,41.3859748840332
14058,6.429999828338623,4.969228267669678
14059,8.460000038146973,6.587449550628662
14060,25.209999084472656,23.80244255065918
14061,29.049999237060547,26.707645416259766
14062,34.63999938964844,30.80959129333496
14063,25.670000076293945,22.277023315429688
14064,11.970000267028809,9.789306640625
14065,51.029998779296875,41.02816390991211
14066,27.010000228881836,23.030532836914062
14067,34.63999938964844,38.22760772705078
14068,32.279998779296875,30.300048828125
14069,35.77000045776367,29.6900577545166
14070,24.649999618530273,26.143295288085938
14071,6.429999828338623,4.679440975189209
14072,45.130001068115234,41.826908111572266
14073,18.110000610351562,14.829279899597168
14074,29.299999237060547,25.88170623779297
14075,17.040000915527344,15.2472562789917
14076,29.780000686645508,27.21599578857422
14077,18.6299991607666,16.60625457763672
14078,14.449999809265137,12.470011711120605
14079,69.20999908447266,67.77645874023438
14080,31.850000381469727,28.49074935913086
14081,16.1200008392334,13.8363037109375
14082,53.2599983215332,51.892372131347656
14083,10.699999809265137,8.087519645690918
14084,8.430000305175781,6.663479328155518
14085,12.25,10.318445205688477
14086,14.5,10.88578987121582
14087,41.040000915527344,37.397308349609375
14088,26.809999465942383,23.785938262939453
14089,13.140000343322754,9.780298233032227
14090,69.05999755859375,65.66524505615234
14091,8.789999961853027,6.869180202484131
14092,31.8799991607666,35.92327117919922
14093,1.2899999618530273,1.0097897052764893
14094,17.530000686645508,16.06072425842285
14095,15.770000457763672,13.498199462890625
14096,57.150001525878906,46.3751106262207
14097,7.5,4.28456974029541
14098,39.209999084472656,34.40262222290039
14099,9.210000038146973,5.717002868652344
14100,50.04999923706055,45.315101623535156
14101,28.43000030517578,21.512975692749023
14102,31.700000762939453,27.545597076416016
14103,7.989999771118164,6.365317344665527
14104,30.809999465942383,39.56729507446289
14105,50.650001525878906,47.049617767333984
14106,20.719999313354492,18.137149810791016
14107,27.8799991607666,25.736242294311523
14108,30.829999923706055,24.291881561279297
14109,47.189998626708984,48.910274505615234
14110,10.9399995803833,9.168059349060059
14111,64.83000183105469,61.12577438354492
14112,7.920000076293945,5.363175868988037
14113,31.389999389648438,32.49834442138672
14114,34.04999923706055,27.61258888244629
14115,18.34000015258789,16.274702072143555
14116,52.470001220703125,53.93901443481445
14117,2.930000066757202,1.8518879413604736
14118,11.3100004196167,9.134201049804688
14119,46.83000183105469,44.32939529418945
14120,28.459999084472656,23.02975845336914
14121,32.91999816894531,27.929550170898438
14122,8.520000457763672,6.426181316375732
14123,11.859999656677246,10.377471923828125
14124,61.810001373291016,61.44858932495117
14125,55.040000915527344,52.98014450073242
14126,17.540000915527344,14.26986312866211
14127,23.420000076293945,19.7978515625
14128,9.5600004196167,7.011618137359619
14129,32.65999984741211,31.090145111083984
14130,17.739999771118164,14.716226577758789
14131,31.979999542236328,28.0567569732666
14132,5.130000114440918,2.362230062484741
14133,22.989999771118164,18.090686798095703
14134,39.84000015258789,44.38475799560547
14135,15.010000228881836,12.664932250976562
14136,8.270000457763672,6.849357604980469
14137,22.190000534057617,18.7860107421875
14138,18.299999237060547,15.646906852722168
14139,42.720001220703125,45.09089279174805
14140,54.16999816894531,44.29953384399414
14141,9.760000228881836,7.8606743812561035
14142,19.809999465942383,15.603612899780273
14143,8.90999984741211,6.095162391662598
14144,34.25,36.9233512878418
14145,10.869999885559082,8.761369705200195
14146,1.6299999952316284,1.4065839052200317
14147,23.959999084472656,21.453922271728516
14148,10.0600004196167,7.590038299560547
14149,8.34000015258789,6.5282511711120605
14150,14.640000343322754,12.310935020446777
14151,69.37999725341797,64.24420928955078
14152,16.510000228881836,13.464372634887695
14153,23.84000015258789,19.499784469604492
14154,40.09000015258789,39.57027053833008
14155,10.75,9.300396919250488
14156,29.56999969482422,27.8759822845459
14157,37.25,38.11659622192383
14158,64.94999694824219,54.41852951049805
14159,52.61000061035156,49.25199508666992
14160,10.039999961853027,8.081916809082031
14161,21.25,17.885414123535156
14162,43.189998626708984,38.02686309814453
14163,37.43000030517578,34.62849426269531
14164,15.0,14.118833541870117
14165,15.970000267028809,14.096954345703125
14166,28.280000686645508,20.95252227783203
14167,29.8700008392334,29.16309356689453
14168,4.96999979019165,4.185132026672363
14169,48.52000045776367,45.04824447631836
14170,24.329999923706055,21.537273406982422
14171,23.1299991607666,21.676830291748047
14172,14.399999618530273,12.033577919006348
14173,22.34000015258789,17.99662208557129
14174,44.79999923706055,40.00041198730469
14175,24.90999984741211,27.01563262939453
14176,24.56999969482422,20.356855392456055
14177,16.440000534057617,12.28367805480957
14178,34.22999954223633,30.053070068359375
14179,11.09000015258789,10.207794189453125
14180,58.810001373291016,58.08889389038086
14181,14.960000038146973,13.553296089172363
14182,2.5999999046325684,1.2406182289123535
14183,20.030000686645508,15.285895347595215
14184,18.850000381469727,16.895565032958984
14185,29.709999084472656,23.533037185668945
14186,20.299999237060547,18.326557159423828
14187,23.09000015258789,21.111190795898438
14188,26.389999389648438,22.660877227783203
14189,18.559999465942383,14.181950569152832
14190,0.9399999976158142,1.9076505899429321
14191,34.95000076293945,33.36935806274414
14192,23.729999542236328,17.374258041381836
14193,54.369998931884766,52.0523796081543
14194,68.0199966430664,62.4322395324707
14195,40.54999923706055,45.47098159790039
14196,18.459999084472656,17.761518478393555
14197,10.109999656677246,7.357888698577881
14198,32.16999816894531,27.28580093383789
14199,8.050000190734863,6.372438907623291
14200,50.380001068115234,58.883304595947266
14201,52.650001525878906,48.20877456665039
14202,25.549999237060547,23.25152587890625
14203,26.350000381469727,22.408634185791016
14204,18.950000762939453,15.811580657958984
14205,33.09000015258789,26.22548484802246
14206,24.959999084472656,21.70880699157715
14207,8.1899995803833,6.359936237335205
14208,7.710000038146973,5.751760005950928
14209,5.059999942779541,2.959860324859619
14210,27.93000030517578,21.125873565673828
14211,47.16999816894531,42.37070083618164
14212,14.729999542236328,11.243146896362305
14213,18.239999771118164,16.84688949584961
14214,17.760000228881836,16.061439514160156
14215,39.310001373291016,28.286788940429688
14216,42.970001220703125,36.90516662597656
14217,24.920000076293945,21.66221046447754
14218,14.979999542236328,14.147186279296875
14219,39.689998626708984,39.34740447998047
14220,10.779999732971191,8.286628723144531
14221,64.72000122070312,39.31135940551758
14222,26.290000915527344,23.03860855102539
14223,5.070000171661377,2.804581642150879
14224,25.56999969482422,21.876964569091797
14225,12.34000015258789,9.79404067993164
14226,57.16999816894531,53.469505310058594
14227,37.5,33.84233474731445
14228,15.479999542236328,12.663801193237305
14229,26.889999389648438,21.249067306518555
14230,63.84000015258789,63.26615524291992
14231,14.0,11.834571838378906
14232,14.010000228881836,12.254528999328613
14233,12.989999771118164,10.887805938720703
14234,15.979999542236328,13.38000774383545
14235,13.180000305175781,11.184184074401855
14236,7.639999866485596,5.988203525543213
14237,5.929999828338623,4.1599931716918945
14238,34.72999954223633,33.570892333984375
14239,49.27000045776367,47.74633026123047
14240,55.77000045776367,50.16496276855469
14241,20.90999984741211,19.388113021850586
14242,29.110000610351562,24.969146728515625
14243,52.16999816894531,49.78445816040039
14244,29.959999084472656,25.916175842285156
14245,9.59000015258789,7.963194847106934
14246,30.110000610351562,27.169921875
14247,27.329999923706055,24.3973388671875
14248,29.780000686645508,26.288421630859375
14249,23.989999771118164,24.178119659423828
14250,38.04999923706055,37.61521530151367
14251,7.349999904632568,5.778299808502197
14252,17.709999084472656,15.070923805236816
14253,49.5099983215332,45.86813735961914
14254,10.550000190734863,8.157181739807129
14255,10.170000076293945,8.478007316589355
14256,31.65999984741211,26.338512420654297
14257,27.989999771118164,22.57162857055664
14258,24.950000762939453,20.91703224182129
14259,6.429999828338623,3.900667905807495
14260,58.75,57.98619842529297
14261,21.030000686645508,21.231483459472656
14262,32.220001220703125,28.80817222595215
14263,13.0600004196167,10.793737411499023
14264,16.81999969482422,13.6641263961792
14265,62.150001525878906,56.180686950683594
14266,19.979999542236328,18.67849349975586
14267,13.229999542236328,10.296931266784668
14268,58.90999984741211,54.29909896850586
14269,36.2400016784668,34.17958450317383
14270,41.400001525878906,38.04986572265625
14271,4.289999961853027,2.1356735229492188
14272,10.520000457763672,8.439434051513672
14273,5.110000133514404,3.0579833984375
14274,31.809999465942383,28.331035614013672
14275,23.969999313354492,21.888938903808594
14276,38.58000183105469,33.35796356201172
14277,47.689998626708984,42.3875846862793
14278,19.739999771118164,17.75330352783203
14279,64.94999694824219,55.27482223510742
14280,6.599999904632568,5.129800319671631
14281,70.38999938964844,68.59027862548828
14282,32.33000183105469,36.81016159057617
14283,31.920000076293945,26.119647979736328
14284,57.93000030517578,57.67026901245117
14285,26.09000015258789,23.46002197265625
14286,55.689998626708984,54.231563568115234
14287,25.209999084472656,21.992294311523438
14288,4.329999923706055,2.605781078338623
14289,16.719999313354492,14.464279174804688
14290,35.95000076293945,33.40208053588867
14291,33.130001068115234,34.08034896850586
14292,14.319999694824219,11.825188636779785
14293,34.36000061035156,30.34242820739746
14294,25.06999969482422,23.27899169921875
14295,22.860000610351562,20.3779354095459
14296,36.04999923706055,36.44214630126953
14297,29.100000381469727,24.05025863647461
14298,10.960000038146973,9.248224258422852
14299,35.0099983215332,31.12967872619629
14300,77.20999908447266,75.56890106201172
14301,15.760000228881836,12.48348331451416
14302,5.090000152587891,3.770364284515381
14303,30.6299991607666,28.46632194519043
14304,12.520000457763672,10.131709098815918
14305,14.029999732971191,11.074443817138672
14306,53.0,51.48210906982422
14307,12.90999984741211,11.428600311279297
14308,25.520000457763672,19.273452758789062
14309,25.719999313354492,22.536258697509766
14310,51.130001068115234,37.72900390625
14311,35.75,34.89752197265625
14312,18.06999969482422,15.3329439163208
14313,14.239999771118164,11.702692985534668
14314,34.27000045776367,31.501319885253906
14315,24.520000457763672,20.414878845214844
14316,10.220000267028809,8.55906867980957
14317,20.68000030517578,21.535503387451172
14318,6.980000019073486,6.032790184020996
14319,37.279998779296875,32.13967514038086
14320,21.709999084472656,17.78263282775879
14321,18.670000076293945,14.568110466003418
14322,50.83000183105469,42.86933898925781
14323,33.689998626708984,43.12433624267578
14324,31.670000076293945,28.871990203857422
14325,52.34000015258789,53.38257598876953
14326,40.470001220703125,37.5615234375
14327,47.939998626708984,54.10429763793945
14328,24.899999618530273,21.30733871459961
14329,28.5,26.814510345458984
14330,39.25,34.29018020629883
14331,7.489999771118164,5.418615341186523
14332,40.720001220703125,38.36190414428711
14333,20.489999771118164,17.060102462768555
14334,27.780000686645508,33.3062744140625
14335,16.90999984741211,14.368450164794922
14336,33.939998626708984,30.776779174804688
14337,25.440000534057617,22.677865982055664
14338,10.40999984741211,7.942397594451904
14339,22.280000686645508,17.232067108154297
14340,33.130001068115234,27.771316528320312
14341,40.279998779296875,37.07160949707031
14342,13.640000343322754,10.980977058410645
14343,22.899999618530273,21.303586959838867
14344,17.979999542236328,14.929045677185059
14345,36.790000915527344,37.31365966796875
14346,26.649999618530273,22.57938003540039
14347,8.760000228881836,7.186641216278076
14348,50.65999984741211,49.70628356933594
14349,13.930000305175781,11.15867805480957
14350,53.65999984741211,50.86468505859375
14351,11.930000305175781,9.096010208129883
14352,55.54999923706055,53.4286994934082
14353,11.430000305175781,9.413050651550293
14354,32.16999816894531,21.535503387451172
14355,55.11000061035156,51.47120666503906
14356,29.139999389648438,23.901336669921875
14357,12.59000015258789,11.354045867919922
14358,31.020000457763672,27.91278648376465
14359,26.530000686645508,20.86789321899414
14360,44.630001068115234,35.60028076171875
14361,16.84000015258789,14.027610778808594
14362,50.900001525878906,51.697391510009766
14363,17.020000457763672,14.932072639465332
14364,14.649999618530273,10.79629898071289
14365,11.520000457763672,9.587282180786133
14366,59.61000061035156,53.96439743041992
14367,16.639999389648438,13.416851997375488
14368,29.149999618530273,22.384815216064453
14369,26.420000076293945,21.376611709594727
14370,38.91999816894531,31.863218307495117
14371,16.709999084472656,14.622150421142578
14372,3.3499999046325684,1.4600698947906494
14373,18.65999984741211,15.878727912902832
14374,11.020000457763672,8.34894847869873
14375,32.11000061035156,31.69705581665039
14376,14.069999694824219,11.517597198486328
14377,11.579999923706055,9.695433616638184
14378,53.54999923706055,44.152835845947266
14379,55.08000183105469,54.53041458129883
14380,20.3799991607666,17.364877700805664
14381,23.739999771118164,21.65186309814453
14382,28.790000915527344,23.132455825805664
14383,9.960000038146973,8.15384292602539
14384,36.54999923706055,32.979591369628906
14385,24.729999542236328,20.608877182006836
14386,49.02000045776367,41.69894790649414
14387,31.209999084472656,36.98808670043945
14388,40.040000915527344,35.784950256347656
14389,14.850000381469727,11.963678359985352
14390,10.010000228881836,8.308784484863281
14391,28.290000915527344,23.813358306884766
14392,13.34000015258789,10.576996803283691
14393,40.2400016784668,25.785871505737305
14394,1.3700000047683716,1.2775335311889648
14395,12.0600004196167,9.98752498626709
14396,15.510000228881836,13.437274932861328
14397,4.570000171661377,2.8603897094726562
14398,14.640000343322754,12.813933372497559
14399,17.329999923706055,13.587980270385742
14400,23.84000015258789,18.258464813232422
14401,72.58999633789062,70.22897338867188
14402,26.170000076293945,23.239700317382812
14403,18.170000076293945,16.088682174682617
14404,29.229999542236328,22.322532653808594
14405,4.0,2.3052337169647217
14406,29.600000381469727,26.01801872253418
14407,44.689998626708984,42.26866912841797
14408,35.15999984741211,33.173667907714844
14409,38.310001373291016,34.76991271972656
14410,5.300000190734863,3.4910147190093994
14411,23.489999771118164,20.017597198486328
14412,13.079999923706055,10.963753700256348
14413,8.630000114440918,7.2108354568481445
14414,38.04999923706055,35.121402740478516
14415,35.150001525878906,35.571414947509766
14416,28.059999465942383,25.534286499023438
14417,21.18000030517578,18.381446838378906
14418,25.93000030517578,24.797271728515625
14419,48.43000030517578,47.004390716552734
14420,27.59000015258789,24.790403366088867
14421,25.809999465942383,21.677227020263672
14422,41.0,37.8360710144043
14423,12.59000015258789,11.079141616821289
14424,22.079999923706055,19.464385986328125
14425,13.5600004196167,11.729510307312012
14426,60.650001525878906,56.96648406982422
14427,24.530000686645508,23.00840950012207
14428,56.029998779296875,48.834781646728516
14429,24.469999313354492,21.822782516479492
14430,27.229999542236328,24.072193145751953
14431,46.33000183105469,46.395912170410156
14432,60.119998931884766,57.24357223510742
14433,2.7699999809265137,2.283376455307007
14434,60.959999084472656,60.1834831237793
14435,51.08000183105469,46.65628433227539
14436,13.59000015258789,11.150976181030273
14437,18.969999313354492,17.402965545654297
14438,28.209999084472656,25.96450424194336
14439,18.31999969482422,16.02244758605957
14440,40.970001220703125,44.22010803222656
14441,7.5,5.229143142700195
14442,8.8100004196167,7.25350284576416
14443,9.930000305175781,8.256477355957031
14444,35.290000915527344,29.249618530273438
14445,13.9399995803833,11.624168395996094
14446,54.2599983215332,51.83408737182617
14447,29.6200008392334,27.581071853637695
14448,33.43000030517578,27.503957748413086
14449,60.97999954223633,58.56272506713867
14450,18.790000915527344,15.247157096862793
14451,52.7400016784668,45.89597702026367
14452,37.40999984741211,33.95770263671875
14453,58.75,56.09104919433594
14454,29.90999984741211,25.331270217895508
14455,57.18000030517578,52.5479850769043
14456,24.829999923706055,23.094873428344727
14457,3.7200000286102295,1.9058932065963745
14458,41.720001220703125,39.63694763183594
14459,33.5,29.10356903076172
14460,28.270000457763672,21.3981876373291
14461,32.04999923706055,30.527624130249023
14462,18.81999969482422,14.704075813293457
14463,16.649999618530273,14.807479858398438
14464,35.29999923706055,29.036582946777344
14465,53.11000061035156,47.24599075317383
14466,71.0199966430664,54.07846450805664
14467,23.780000686645508,20.69625473022461
14468,28.760000228881836,24.72614288330078
14469,31.959999084472656,29.744125366210938
14470,52.47999954223633,50.03169631958008
14471,17.770000457763672,16.389516830444336
14472,18.729999542236328,17.801464080810547
14473,34.91999816894531,32.300048828125
14474,37.810001373291016,34.083168029785156
14475,3.2300000190734863,3.6590802669525146
14476,20.530000686645508,18.431114196777344
14477,13.970000267028809,11.910184860229492
14478,25.18000030517578,19.227750778198242
14479,23.399999618530273,22.97947883605957
14480,39.970001220703125,36.89866256713867
14481,76.44999694824219,56.75190353393555
14482,29.229999542236328,21.096467971801758
14483,32.779998779296875,28.068790435791016
14484,9.40999984741211,7.969829082489014
14485,46.34000015258789,43.5011100769043
14486,3.359999895095825,1.6689518690109253
14487,16.559999465942383,14.591368675231934
14488,18.600000381469727,15.32897663116455
14489,48.310001373291016,51.43040084838867
14490,48.75,45.43291091918945
14491,12.270000457763672,9.581559181213379
14492,41.2599983215332,37.97800064086914
14493,68.20999908447266,68.96150207519531
14494,18.06999969482422,14.631134986877441
14495,28.739999771118164,24.801959991455078
14496,61.310001373291016,55.76492691040039
14497,48.810001373291016,46.36766052246094
14498,16.68000030517578,15.067097663879395
14499,23.34000015258789,20.712472915649414
14500,8.949999809265137,7.008848190307617
14501,9.399999618530273,6.415327072143555
14502,7.099999904632568,4.8198747634887695
14503,24.790000915527344,22.018699645996094
14504,27.520000457763672,22.4985408782959
14505,7.53000020980835,5.483097076416016
14506,32.720001220703125,24.14564323425293
14507,17.780000686645508,14.232931137084961
14508,28.75,25.895050048828125
14509,34.43000030517578,31.80952262878418
14510,30.510000228881836,28.17441749572754
14511,41.529998779296875,38.50303649902344
14512,8.199999809265137,6.8201117515563965
14513,35.4900016784668,31.33425521850586
14514,33.470001220703125,33.590538024902344
14515,3.640000104904175,1.7600399255752563
14516,33.130001068115234,31.57847785949707
14517,57.61000061035156,57.33540725708008
14518,13.949999809265137,10.715612411499023
14519,34.5,30.24874496459961
14520,25.770000457763672,19.217731475830078
14521,17.40999984741211,14.60421085357666
14522,43.900001525878906,39.7643928527832
14523,16.860000610351562,17.313045501708984
14524,11.170000076293945,9.775731086730957
14525,37.06999969482422,33.384925842285156
14526,48.470001220703125,56.911441802978516
14527,23.329999923706055,22.874042510986328
14528,9.069999694824219,6.112080097198486
14529,17.18000030517578,14.001667022705078
14530,28.360000610351562,26.629995346069336
14531,24.170000076293945,19.915626525878906
14532,12.949999809265137,11.756303787231445
14533,39.61000061035156,35.05018997192383
14534,30.770000457763672,26.357725143432617
14535,25.850000381469727,21.58561134338379
14536,3.0399999618530273,1.7154232263565063
14537,26.829999923706055,21.474355697631836
14538,38.060001373291016,31.251556396484375
14539,45.04999923706055,38.78145217895508
14540,19.079999923706055,16.61556625366211
14541,43.02000045776367,39.68708419799805
14542,36.029998779296875,35.85038375854492
14543,9.34000015258789,7.978868007659912
14544,41.279998779296875,36.055301666259766
14545,15.800000190734863,13.55405044555664
14546,23.610000610351562,22.172908782958984
14547,15.380000114440918,11.51594352722168
14548,55.220001220703125,51.156883239746094
14549,26.709999084472656,22.04204559326172
14550,6.769999980926514,5.009065628051758
14551,18.600000381469727,15.164122581481934
14552,10.829999923706055,9.211336135864258
14553,19.43000030517578,18.076383590698242
14554,19.90999984741211,17.847793579101562
14555,9.5,8.566000938415527
14556,8.710000038146973,7.023505687713623
14557,16.25,13.955863952636719
14558,37.20000076293945,32.49081039428711
14559,24.549999237060547,21.927762985229492
14560,28.18000030517578,25.263683319091797
14561,15.710000038146973,12.991788864135742
14562,31.139999389648438,27.143856048583984
14563,18.299999237060547,15.401988983154297
14564,14.760000228881836,12.440629005432129
14565,33.02000045776367,31.17414093017578
14566,4.179999828338623,2.3054676055908203
14567,15.300000190734863,13.1819486618042
14568,11.970000267028809,9.846650123596191
14569,3.9700000286102295,2.1592671871185303
14570,52.529998779296875,50.756011962890625
14571,40.7400016784668,37.38425064086914
14572,26.290000915527344,24.234922409057617
14573,13.90999984741211,11.407081604003906
14574,6.409999847412109,4.118770599365234
14575,26.56999969482422,22.743833541870117
14576,31.020000457763672,28.32679557800293
14577,34.09000015258789,30.534469604492188
14578,23.760000228881836,19.311298370361328
14579,9.710000038146973,8.114398002624512
14580,41.380001068115234,38.136016845703125
14581,60.2599983215332,55.53843688964844
14582,15.380000114440918,14.958044052124023
14583,36.06999969482422,34.833499908447266
14584,11.619999885559082,10.075234413146973
14585,13.430000305175781,11.18882942199707
14586,17.90999984741211,15.152749061584473
14587,27.850000381469727,28.06237030029297
14588,75.25,71.5332260131836
14589,14.170000076293945,13.534199714660645
14590,17.469999313354492,15.888132095336914
14591,23.989999771118164,20.128950119018555
14592,56.58000183105469,54.65681838989258
14593,15.680000305175781,12.589649200439453
14594,45.56999969482422,40.86146545410156
14595,49.18000030517578,47.26101303100586
14596,4.579999923706055,2.6645355224609375
14597,7.309999942779541,5.9676032066345215
14598,39.619998931884766,39.578433990478516
14599,7.53000020980835,6.097407817840576
14600,3.6600000858306885,2.1795923709869385
14601,38.400001525878906,35.78411865234375
14602,17.540000915527344,14.483844757080078
14603,29.969999313354492,24.930368423461914
14604,20.209999084472656,16.79777717590332
14605,54.779998779296875,56.485233306884766
14606,41.369998931884766,47.1012077331543
14607,42.45000076293945,40.861637115478516
14608,14.619999885559082,11.517704010009766
14609,33.7400016784668,29.585866928100586
14610,26.290000915527344,21.4853515625
14611,11.4399995803833,9.67358112335205
14612,3.9200000762939453,1.6617265939712524
14613,52.900001525878906,50.140140533447266
14614,20.969999313354492,17.652332305908203
14615,21.020000457763672,18.712932586669922
14616,64.51000213623047,64.57414245605469
14617,27.600000381469727,24.175689697265625
14618,18.950000762939453,15.366211891174316
14619,60.84000015258789,60.5279426574707
14620,32.38999938964844,29.718036651611328
14621,8.020000457763672,6.348563194274902
14622,16.889999389648438,15.289064407348633
14623,30.280000686645508,27.326427459716797
14624,18.959999084472656,15.116320610046387
14625,13.880000114440918,11.753533363342285
14626,34.619998931884766,31.186847686767578
14627,27.049999237060547,25.462783813476562
14628,11.229999542236328,9.597921371459961
14629,19.309999465942383,16.20309066772461
14630,33.310001373291016,29.344547271728516
14631,36.599998474121094,37.445289611816406
14632,10.300000190734863,7.874114990234375
14633,34.029998779296875,35.06458282470703
14634,20.670000076293945,18.001535415649414
14635,29.229999542236328,22.36867332458496
14636,21.209999084472656,17.99285888671875
14637,75.04000091552734,71.48162078857422
14638,18.700000762939453,16.383197784423828
14639,70.08000183105469,67.433349609375
14640,22.030000686645508,19.22182273864746
14641,8.930000305175781,6.384897232055664
14642,15.100000381469727,12.517317771911621
14643,42.189998626708984,35.44733810424805
14644,51.209999084472656,46.432411193847656
14645,35.20000076293945,30.690128326416016
14646,17.719999313354492,14.836750984191895
14647,30.709999084472656,26.7672176361084
14648,9.140000343322754,6.776888370513916
14649,33.599998474121094,28.800498962402344
14650,47.7400016784668,55.94179916381836
14651,9.8100004196167,8.238300323486328
14652,18.719999313354492,17.504138946533203
14653,26.729999542236328,22.09895896911621
14654,30.860000610351562,28.13386344909668
14655,13.510000228881836,11.015250205993652
14656,31.649999618530273,30.841413497924805
14657,30.75,24.657901763916016
14658,79.80000305175781,79.67079162597656
14659,17.020000457763672,13.808587074279785
14660,13.350000381469727,10.05595588684082
14661,9.520000457763672,7.779928684234619
14662,18.829999923706055,15.245842933654785
14663,23.139999389648438,20.755136489868164
14664,7.019999980926514,4.648229122161865
14665,52.16999816894531,48.04604721069336
14666,5.78000020980835,4.3257622718811035
14667,41.02000045776367,36.0643196105957
14668,31.25,26.586641311645508
14669,26.6200008392334,26.063220977783203
14670,67.63999938964844,69.39717102050781
14671,24.739999771118164,21.10413360595703
14672,54.45000076293945,46.20522689819336
14673,24.979999542236328,28.009002685546875
14674,28.59000015258789,27.327180862426758
14675,9.1899995803833,7.029933452606201
14676,7.110000133514404,6.840164661407471
14677,19.040000915527344,17.26386070251465
14678,74.56999969482422,70.8723373413086
14679,10.25,8.657060623168945
14680,26.1200008392334,21.70745849609375
14681,29.329999923706055,24.185976028442383
14682,23.639999389648438,20.732662200927734
14683,55.83000183105469,56.01300048828125
14684,10.039999961853027,8.35856819152832
14685,15.619999885559082,13.275777816772461
14686,17.540000915527344,12.457365989685059
14687,34.150001525878906,30.342531204223633
14688,25.729999542236328,23.33360481262207
14689,44.36000061035156,39.7757682800293
14690,10.079999923706055,8.463093757629395
14691,23.8700008392334,19.909019470214844
14692,47.380001068115234,48.116153717041016
14693,60.380001068115234,52.6360969543457
14694,32.060001373291016,29.70137596130371
14695,21.670000076293945,20.89881134033203
14696,28.059999465942383,24.05945587158203
14697,36.04999923706055,36.6795768737793
14698,30.270000457763672,25.520000457763672
14699,34.060001373291016,50.05350112915039
14700,28.260000228881836,26.394853591918945
14701,52.97999954223633,49.4470100402832
14702,25.18000030517578,23.30927276611328
14703,8.84000015258789,7.867936134338379
14704,19.329999923706055,16.713485717773438
14705,25.950000762939453,19.648029327392578
14706,32.970001220703125,34.98398208618164
14707,25.889999389648438,23.391902923583984
14708,23.149999618530273,20.808765411376953
14709,7.190000057220459,4.819949626922607
14710,28.979999542236328,24.411209106445312
14711,23.31999969482422,17.03127670288086
14712,7.659999847412109,6.410680294036865
14713,25.489999771118164,18.995929718017578
14714,51.560001373291016,39.93477249145508
14715,44.709999084472656,52.50307083129883
14716,28.829999923706055,25.184284210205078
14717,57.060001373291016,56.68363571166992
14718,31.8799991607666,30.820823669433594
14719,39.27000045776367,32.25902557373047
14720,45.93000030517578,37.70479202270508
14721,60.900001525878906,59.72111129760742
14722,17.979999542236328,13.101531028747559
14723,41.72999954223633,36.69408416748047
14724,34.29999923706055,35.061256408691406
14725,9.6899995803833,7.076515197753906
14726,55.189998626708984,53.68650817871094
14727,40.79999923706055,42.44923400878906
14728,51.97999954223633,46.37858200073242
14729,1.9700000286102295,1.9593132734298706
14730,9.09000015258789,7.827018737792969
14731,36.150001525878906,31.36731719970703
14732,60.060001373291016,57.1439323425293
14733,21.6200008392334,16.53077507019043
14734,41.61000061035156,38.79634475708008
14735,12.149999618530273,9.443246841430664
14736,5.650000095367432,2.977116107940674
14737,33.939998626708984,31.80218505859375
14738,6.579999923706055,3.7656078338623047
14739,21.049999237060547,18.674041748046875
14740,70.20999908447266,69.49090576171875
14741,49.65999984741211,47.93129348754883
14742,21.56999969482422,17.466211318969727
14743,12.0,10.033642768859863
14744,36.20000076293945,32.39495849609375
14745,41.75,38.0563850402832
14746,11.449999809265137,8.926460266113281
14747,8.829999923706055,7.226102352142334
14748,35.41999816894531,31.315526962280273
14749,27.350000381469727,24.39698028564453
14750,4.510000228881836,2.428976535797119
14751,11.600000381469727,8.40531063079834
14752,30.729999542236328,26.37103843688965
14753,31.6200008392334,27.379823684692383
14754,11.479999542236328,9.363274574279785
14755,17.56999969482422,14.048105239868164
14756,58.060001373291016,56.50094223022461
14757,3.3499999046325684,1.6243175268173218
14758,50.380001068115234,46.988922119140625
14759,33.20000076293945,27.53214454650879
14760,34.209999084472656,31.93069076538086
14761,11.119999885559082,9.547518730163574
14762,44.43000030517578,39.98124694824219
14763,19.579999923706055,17.661937713623047
14764,43.06999969482422,36.524497985839844
14765,10.739999771118164,8.412744522094727
14766,32.130001068115234,27.620012283325195
14767,9.25,7.305772304534912
14768,23.81999969482422,19.714418411254883
14769,3.609999895095825,2.6459879875183105
14770,39.130001068115234,36.37063217163086
14771,44.439998626708984,32.609317779541016
14772,13.180000305175781,10.637771606445312
14773,7.980000019073486,6.566208362579346
14774,45.06999969482422,35.01089859008789
14775,16.079999923706055,13.147928237915039
14776,44.95000076293945,46.27578353881836
14777,5.380000114440918,2.867671012878418
14778,25.809999465942383,21.42581558227539
14779,13.8100004196167,11.296565055847168
14780,27.65999984741211,24.35558319091797
14781,24.479999542236328,20.972267150878906
14782,27.780000686645508,24.442121505737305
14783,50.0099983215332,43.64494323730469
14784,45.880001068115234,43.119842529296875
14785,53.95000076293945,44.8792724609375
14786,12.65999984741211,10.935640335083008
14787,26.139999389648438,23.127464294433594
14788,32.31999969482422,26.913490295410156
14789,9.25,7.630317211151123
14790,19.969999313354492,17.404191970825195
14791,18.1299991607666,15.026365280151367
14792,5.099999904632568,3.130580425262451
14793,68.43000030517578,58.95461654663086
14794,24.239999771118164,21.8818416595459
14795,15.59000015258789,12.791342735290527
14796,16.6299991607666,14.197296142578125
14797,17.459999084472656,14.3297700881958
14798,4.010000228881836,2.939814329147339
14799,48.83000183105469,49.90141677856445
14800,71.05000305175781,67.25638580322266
14801,34.61000061035156,34.02918243408203
14802,19.459999084472656,16.551149368286133
14803,27.690000534057617,20.42209815979004
14804,7.550000190734863,5.851018905639648
14805,22.8700008392334,18.791479110717773
14806,51.90999984741211,49.54118728637695
14807,30.59000015258789,26.480016708374023
14808,27.209999084472656,23.920543670654297
14809,70.30000305175781,69.7798080444336
14810,17.549999237060547,13.788806915283203
14811,8.569999694824219,6.975213527679443
14812,40.29999923706055,38.6414909362793
14813,15.989999771118164,13.715021133422852
14814,35.7599983215332,32.73173141479492
14815,5.210000038146973,4.021224021911621
14816,27.950000762939453,23.864355087280273
14817,46.36000061035156,44.919979095458984
14818,27.229999542236328,23.297815322875977
14819,31.8700008392334,29.18341064453125
14820,53.11000061035156,51.89328384399414
14821,24.350000381469727,21.040088653564453
14822,33.70000076293945,30.29231071472168
14823,34.790000915527344,30.60494041442871
14824,22.3700008392334,18.556381225585938
14825,29.15999984741211,26.58259391784668
14826,7.78000020980835,5.81022834777832
14827,20.229999542236328,16.746767044067383
14828,15.949999809265137,14.693209648132324
14829,9.619999885559082,7.666266441345215
14830,46.70000076293945,46.199520111083984
14831,76.61000061035156,78.03117370605469
14832,10.579999923706055,8.745914459228516
14833,25.0,20.11781883239746
14834,35.95000076293945,32.248512268066406
14835,21.729999542236328,17.98663330078125
14836,40.66999816894531,36.84202194213867
14837,44.060001373291016,41.27781295776367
14838,26.229999542236328,21.291717529296875
14839,17.690000534057617,14.446165084838867
14840,23.889999389648438,20.27640151977539
14841,44.0099983215332,39.60706329345703
14842,18.40999984741211,15.179551124572754
14843,4.340000152587891,2.515907049179077
14844,78.04000091552734,74.50523376464844
14845,61.959999084472656,59.252105712890625
14846,28.399999618530273,24.68118667602539
14847,49.56999969482422,46.02840042114258
14848,26.860000610351562,22.793453216552734
14849,19.940000534057617,15.890725135803223
14850,24.549999237060547,22.86141586303711
14851,25.760000228881836,21.994352340698242
14852,9.289999961853027,6.784173488616943
14853,31.280000686645508,26.515888214111328
14854,29.610000610351562,26.329267501831055
14855,15.579999923706055,13.326773643493652
14856,22.600000381469727,19.13091278076172
14857,16.600000381469727,14.001238822937012
14858,17.0,16.773765563964844
14859,18.040000915527344,15.23116397857666
14860,31.540000915527344,38.41115951538086
14861,74.7300033569336,62.85039138793945
14862,53.25,52.12736129760742
14863,60.2599983215332,62.05553436279297
14864,8.40999984741211,6.7816996574401855
14865,44.43000030517578,42.51795196533203
14866,30.530000686645508,29.358610153198242
14867,28.989999771118164,26.7137451171875
14868,35.22999954223633,36.614681243896484
14869,9.25,6.781038284301758
14870,6.130000114440918,4.2403178215026855
14871,20.8700008392334,18.120941162109375
14872,24.940000534057617,23.476558685302734
14873,8.119999885559082,5.486696720123291
14874,26.84000015258789,20.745098114013672
14875,25.68000030517578,19.134353637695312
14876,28.899999618530273,23.691143035888672
14877,20.389999389648438,21.637502670288086
14878,18.8799991607666,14.600387573242188
14879,47.11000061035156,42.947853088378906
14880,15.739999771118164,13.179290771484375
14881,30.829999923706055,27.399913787841797
14882,42.0099983215332,39.88792419433594
14883,11.449999809265137,9.85998249053955
14884,54.560001373291016,51.983341217041016
14885,23.079999923706055,19.450454711914062
14886,33.119998931884766,27.872737884521484
14887,28.40999984741211,23.780906677246094
14888,14.649999618530273,11.888077735900879
14889,32.63999938964844,30.36827850341797
14890,30.15999984741211,25.204063415527344
14891,28.950000762939453,26.026002883911133
14892,11.079999923706055,8.954662322998047
14893,20.8799991607666,17.7853946685791
14894,35.45000076293945,40.35853958129883
14895,23.860000610351562,21.974720001220703
14896,23.420000076293945,21.740678787231445
14897,47.959999084472656,45.67274856567383
14898,42.06999969482422,38.14752197265625
14899,36.40999984741211,30.421337127685547
14900,28.81999969482422,29.034822463989258
14901,32.06999969482422,30.363525390625
14902,67.55999755859375,66.73271942138672
14903,23.18000030517578,23.086307525634766
14904,12.979999542236328,10.413174629211426
14905,38.38999938964844,35.65729904174805
14906,10.079999923706055,7.773606300354004
14907,50.2599983215332,36.01865768432617
14908,20.09000015258789,15.276482582092285
14909,33.95000076293945,30.4227294921875
14910,30.790000915527344,27.94406509399414
14911,41.13999938964844,40.686912536621094
14912,22.420000076293945,18.22323226928711
14913,5.760000228881836,4.693058490753174
14914,39.88999938964844,43.26131820678711
14915,59.33000183105469,56.591670989990234
14916,38.33000183105469,32.932071685791016
14917,45.7599983215332,45.05027389526367
14918,8.729999542236328,6.8592352867126465
14919,61.63999938964844,63.36348342895508
14920,52.0099983215332,41.60853958129883
14921,19.940000534057617,18.05321502685547
14922,24.360000610351562,22.645523071289062
14923,22.600000381469727,17.378591537475586
14924,14.050000190734863,11.670149803161621
14925,25.770000457763672,20.489791870117188
14926,8.630000114440918,6.715818405151367
14927,15.279999732971191,12.380008697509766
14928,9.130000114440918,7.8246636390686035
14929,52.029998779296875,48.603355407714844
14930,25.889999389648438,26.821870803833008
14931,46.209999084472656,44.334564208984375
14932,20.889999389648438,18.836393356323242
14933,16.149999618530273,14.602867126464844
14934,55.70000076293945,54.72268295288086
14935,51.70000076293945,43.52109909057617
14936,29.600000381469727,24.600378036499023
14937,36.91999816894531,33.49229431152344
14938,18.6200008392334,16.181243896484375
14939,17.079999923706055,14.195907592773438
14940,34.209999084472656,27.57234001159668
14941,18.579999923706055,15.138344764709473
14942,5.710000038146973,4.198326110839844
14943,24.3799991607666,21.885786056518555
14944,41.599998474121094,38.312889099121094
14945,18.06999969482422,15.486115455627441
14946,49.97999954223633,46.77549362182617
14947,11.5,9.928838729858398
14948,7.570000171661377,5.940258026123047
14949,21.799999237060547,17.914560317993164
14950,18.989999771118164,17.46790885925293
14951,32.939998626708984,29.0555477142334
14952,5.869999885559082,4.808569431304932
14953,17.209999084472656,15.405911445617676
14954,22.0,19.90561866760254
14955,38.279998779296875,31.94503402709961
14956,13.359999656677246,10.570554733276367
14957,39.13999938964844,35.99224853515625
14958,14.829999923706055,11.350005149841309
14959,36.310001373291016,30.377286911010742
14960,10.5600004196167,7.7660603523254395
14961,48.2400016784668,48.2065544128418
14962,33.77000045776367,29.793888092041016
14963,25.049999237060547,21.446226119995117
14964,11.0600004196167,8.759454727172852
14965,15.9399995803833,11.879509925842285
14966,15.729999542236328,12.871109008789062
14967,27.149999618530273,23.227323532104492
14968,67.1500015258789,28.68705940246582
14969,41.84000015258789,36.20685958862305
14970,63.09000015258789,57.55690383911133
14971,28.010000228881836,22.75815773010254
14972,38.459999084472656,37.22731018066406
14973,26.719999313354492,23.190053939819336
14974,21.360000610351562,18.873783111572266
14975,27.420000076293945,19.41822624206543
14976,38.5099983215332,38.652896881103516
14977,21.139999389648438,18.498146057128906
14978,52.02000045776367,49.190677642822266
14979,20.809999465942383,17.228967666625977
14980,5.869999885559082,4.122272968292236
14981,22.100000381469727,19.680072784423828
14982,23.600000381469727,21.36136817932129
14983,8.90999984741211,6.53273868560791
14984,45.5099983215332,42.14609146118164
14985,52.4900016784668,50.71486282348633
14986,37.369998931884766,33.539276123046875
14987,18.18000030517578,15.971144676208496
14988,5.349999904632568,4.227026462554932
14989,65.6500015258789,60.37696838378906
14990,24.65999984741211,18.781967163085938
14991,46.0099983215332,44.568782806396484
14992,5.090000152587891,4.043496608734131
14993,22.200000762939453,21.447681427001953
14994,22.56999969482422,22.984573364257812
14995,15.25,12.887943267822266
14996,23.479999542236328,19.48617172241211
14997,26.43000030517578,25.458127975463867
14998,47.04999923706055,41.610599517822266
14999,4.730000019073486,2.3517820835113525
15000,36.709999084472656,31.90503692626953
15001,0.800000011920929,1.3194400072097778
15002,17.8700008392334,15.241483688354492
15003,30.270000457763672,27.84159278869629
15004,20.079999923706055,16.190196990966797
15005,45.79999923706055,40.61867141723633
15006,51.779998779296875,49.74546813964844
15007,62.970001220703125,57.02305221557617
15008,33.68000030517578,30.04779815673828
15009,10.6899995803833,9.94063949584961
15010,10.979999542236328,9.682632446289062
15011,30.010000228881836,27.732208251953125
15012,46.900001525878906,43.130672454833984
15013,49.290000915527344,48.18986892700195
15014,37.31999969482422,33.922054290771484
15015,50.90999984741211,47.57916259765625
15016,44.63999938964844,41.62388610839844
15017,28.059999465942383,19.65267562866211
15018,24.399999618530273,21.50217628479004
15019,14.25,10.669485092163086
15020,8.520000457763672,5.693149089813232
15021,26.34000015258789,22.664873123168945
15022,25.079999923706055,20.93539047241211
15023,19.3799991607666,15.126044273376465
15024,15.729999542236328,13.167787551879883
15025,35.15999984741211,30.862295150756836
15026,4.909999847412109,3.8304924964904785
15027,13.319999694824219,10.390525817871094
15028,18.889999389648438,16.876157760620117
15029,69.29000091552734,67.15924835205078
15030,22.959999084472656,20.049654006958008
15031,18.3799991607666,16.314298629760742
15032,42.220001220703125,37.711483001708984
15033,17.520000457763672,14.9628267288208
15034,33.939998626708984,29.47028350830078
15035,23.170000076293945,20.99103355407715
15036,31.6200008392334,27.895591735839844
15037,51.970001220703125,38.049468994140625
15038,42.650001525878906,54.906436920166016
15039,44.310001373291016,40.27677917480469
15040,49.599998474121094,45.9251594543457
15041,25.139999389648438,21.774105072021484
15042,28.229999542236328,23.045360565185547
15043,53.689998626708984,45.551944732666016
15044,47.93000030517578,45.41762924194336
15045,47.709999084472656,39.78098678588867
15046,45.91999816894531,39.07585525512695
15047,52.34000015258789,50.56278991699219
15048,32.77000045776367,30.69036865234375
15049,64.4800033569336,64.2463607788086
15050,31.010000228881836,26.88322639465332
15051,7.489999771118164,5.654605865478516
15052,7.940000057220459,6.72709846496582
15053,20.6200008392334,17.70268440246582
15054,27.649999618530273,25.24332046508789
15055,19.049999237060547,15.658852577209473
15056,14.369999885559082,11.622942924499512
15057,75.29000091552734,61.48999786376953
15058,35.7599983215332,30.082000732421875
15059,21.899999618530273,19.233659744262695
15060,45.95000076293945,41.06649398803711
15061,70.83999633789062,67.68962097167969
15062,8.720000267028809,7.149433612823486
15063,8.199999809265137,7.029612064361572
15064,21.6200008392334,19.245960235595703
15065,32.45000076293945,28.36681365966797
15066,18.219999313354492,16.189748764038086
15067,27.709999084472656,21.824504852294922
15068,20.139999389648438,18.376562118530273
15069,55.29999923706055,49.917213439941406
15070,16.079999923706055,13.075459480285645
15071,15.9399995803833,12.251825332641602
15072,72.2300033569336,71.1211166381836
15073,14.489999771118164,13.095707893371582
15074,29.209999084472656,26.226348876953125
15075,47.529998779296875,45.229637145996094
15076,7.03000020980835,5.445053577423096
15077,22.059999465942383,19.1883602142334
15078,40.400001525878906,35.73611068725586
15079,40.40999984741211,38.5023307800293
15080,40.08000183105469,37.40776062011719
15081,17.219999313354492,15.774721145629883
15082,49.04999923706055,44.88119888305664
15083,14.229999542236328,11.789977073669434
15084,20.93000030517578,18.046056747436523
15085,32.52000045776367,26.984737396240234
15086,30.510000228881836,25.94477653503418
15087,18.93000030517578,16.705408096313477
15088,50.18000030517578,47.167884826660156
15089,32.31999969482422,28.970626831054688
15090,1.899999976158142,1.4950276613235474
15091,15.6899995803833,11.962023735046387
15092,42.97999954223633,38.135494232177734
15093,4.690000057220459,3.0102951526641846
15094,13.449999809265137,10.699522972106934
15095,45.279998779296875,42.785892486572266
15096,7.090000152587891,4.54414176940918
15097,5.090000152587891,2.494845151901245
15098,11.890000343322754,10.493607521057129
15099,51.09000015258789,47.62510681152344
15100,17.459999084472656,13.960731506347656
15101,16.690000534057617,13.96110725402832
15102,6.110000133514404,4.609136581420898
15103,20.399999618530273,19.008987426757812
15104,51.880001068115234,51.59425735473633
15105,71.69999694824219,69.25272369384766
15106,10.119999885559082,7.624072551727295
15107,49.5099983215332,37.004676818847656
15108,25.559999465942383,21.581266403198242
15109,30.90999984741211,26.879920959472656
15110,8.069999694824219,5.789134979248047
15111,3.6500000953674316,2.530329704284668
15112,15.880000114440918,14.144728660583496
15113,33.43000030517578,27.92583465576172
15114,11.199999809265137,9.640748977661133
15115,28.469999313354492,24.472604751586914
15116,31.920000076293945,26.994792938232422
15117,44.91999816894531,38.70125198364258
15118,25.139999389648438,18.995210647583008
15119,22.739999771118164,20.11310386657715
15120,48.27000045776367,43.000125885009766
15121,19.030000686645508,15.335967063903809
15122,14.720000267028809,11.38036060333252
15123,33.83000183105469,30.091407775878906
15124,42.459999084472656,37.204341888427734
15125,29.079999923706055,25.914207458496094
15126,52.06999969482422,40.3560905456543
15127,9.579999923706055,7.814395427703857
15128,7.5,5.524240493774414
15129,15.279999732971191,12.47667407989502
15130,19.149999618530273,15.929869651794434
15131,48.189998626708984,44.844627380371094
15132,47.709999084472656,37.19417953491211
15133,51.40999984741211,47.708675384521484
15134,41.040000915527344,37.15224075317383
15135,13.510000228881836,11.290538787841797
15136,23.729999542236328,19.162860870361328
15137,25.190000534057617,20.825218200683594
15138,35.70000076293945,30.513927459716797
15139,16.610000610351562,13.3639497756958
15140,19.979999542236328,17.86587142944336
15141,37.720001220703125,35.72182846069336
15142,25.40999984741211,24.53282356262207
15143,51.689998626708984,48.87175369262695
15144,24.260000228881836,23.4969425201416
15145,1.899999976158142,2.0440852642059326
15146,11.40999984741211,9.280734062194824
15147,12.420000076293945,9.863618850708008
15148,15.8100004196167,11.898632049560547
15149,18.40999984741211,14.922699928283691
15150,10.989999771118164,9.360939025878906
15151,25.56999969482422,21.76673126220703
15152,22.479999542236328,18.744361877441406
15153,47.959999084472656,37.15149688720703
15154,12.369999885559082,10.124470710754395
15155,25.469999313354492,22.007102966308594
15156,13.260000228881836,11.543789863586426
15157,28.420000076293945,24.1469669342041
15158,10.710000038146973,9.34222412109375
15159,12.449999809265137,9.808836936950684
15160,35.810001373291016,31.879005432128906
15161,17.43000030517578,14.686416625976562
15162,38.0,36.680259704589844
15163,36.38999938964844,32.48237228393555
15164,50.75,44.814937591552734
15165,23.34000015258789,22.56364631652832
15166,22.270000457763672,23.123001098632812
15167,30.190000534057617,51.95000457763672
15168,7.659999847412109,5.853165626525879
15169,37.33000183105469,34.36988067626953
15170,20.290000915527344,18.576642990112305
15171,24.290000915527344,20.802024841308594
15172,28.809999465942383,26.171920776367188
15173,35.81999969482422,33.11870193481445
15174,14.260000228881836,12.447663307189941
15175,25.40999984741211,23.579822540283203
15176,12.470000267028809,10.46391773223877
15177,16.8700008392334,13.278681755065918
15178,6.5,5.139174461364746
15179,8.100000381469727,6.327822208404541
15180,33.40999984741211,30.78988265991211
15181,57.900001525878906,57.736671447753906
15182,33.38999938964844,30.548946380615234
15183,2.3499999046325684,1.552674651145935
15184,22.239999771118164,21.131086349487305
15185,12.020000457763672,10.464503288269043
15186,66.18000030517578,64.1048812866211
15187,43.77000045776367,42.74002456665039
15188,43.75,43.082611083984375
15189,27.59000015258789,24.945154190063477
15190,29.93000030517578,25.175457000732422
15191,10.800000190734863,8.736308097839355
15192,43.029998779296875,38.2442741394043
15193,29.110000610351562,25.15932846069336
15194,26.239999771118164,21.79781723022461
15195,36.099998474121094,29.20238494873047
15196,14.029999732971191,11.636263847351074
15197,23.110000610351562,20.311399459838867
15198,26.389999389648438,23.349523544311523
15199,9.59000015258789,8.052562713623047
15200,32.7599983215332,27.879854202270508
15201,32.93000030517578,26.492958068847656
15202,19.360000610351562,19.32159423828125
15203,36.90999984741211,34.232025146484375
15204,8.289999961853027,5.833352565765381
15205,11.930000305175781,9.577908515930176
15206,17.110000610351562,13.601827621459961
15207,21.770000457763672,19.057373046875
15208,29.280000686645508,22.673307418823242
15209,8.4399995803833,5.57390832901001
15210,63.790000915527344,63.513145446777344
15211,23.75,19.421524047851562
15212,67.5,66.02923583984375
15213,27.079999923706055,23.942033767700195
15214,42.38999938964844,38.8032112121582
15215,24.809999465942383,22.027606964111328
15216,19.920000076293945,17.69234848022461
15217,38.79999923706055,35.38814163208008
15218,49.2400016784668,39.85921859741211
15219,24.200000762939453,20.045808792114258
15220,6.380000114440918,4.865941524505615
15221,13.020000457763672,10.431395530700684
15222,19.670000076293945,16.31925392150879
15223,41.18000030517578,35.43402099609375
15224,21.280000686645508,19.02517318725586
15225,5.0,3.493370771408081
15226,38.18000030517578,29.43988037109375
15227,15.279999732971191,12.697057723999023
15228,44.79999923706055,38.76045227050781
15229,26.700000762939453,22.47810173034668
15230,53.52000045776367,50.77642059326172
15231,43.61000061035156,35.37241744995117
15232,12.569999694824219,10.50655746459961
15233,23.6299991607666,20.71471405029297
15234,14.539999961853027,13.552037239074707
15235,38.2599983215332,35.9795036315918
15236,29.049999237060547,27.723251342773438
15237,45.470001220703125,44.20309829711914
15238,9.100000381469727,7.4796013832092285
15239,42.060001373291016,39.5452880859375
15240,63.060001373291016,54.62531661987305
15241,24.75,21.669170379638672
15242,37.2599983215332,33.56221008300781
15243,19.579999923706055,21.295969009399414
15244,50.38999938964844,47.13243103027344
15245,25.40999984741211,22.402389526367188
15246,19.860000610351562,16.75586700439453
15247,55.869998931884766,56.22915267944336
15248,17.899999618530273,15.25379753112793
15249,51.41999816894531,47.45623016357422
15250,7.170000076293945,4.057722568511963
15251,18.1200008392334,20.141040802001953
15252,70.3499984741211,51.90663528442383
15253,19.190000534057617,14.714849472045898
15254,16.520000457763672,13.779032707214355
15255,49.619998931884766,45.012603759765625
15256,17.68000030517578,14.930567741394043
15257,20.5,21.62067413330078
15258,51.22999954223633,51.3421745300293
15259,7.309999942779541,6.412380695343018
15260,26.700000762939453,21.82135772705078
15261,14.930000305175781,11.198598861694336
15262,47.7400016784668,44.560096740722656
15263,76.69000244140625,63.424747467041016
15264,7.960000038146973,6.012798309326172
15265,51.9900016784668,49.977054595947266
15266,3.359999895095825,1.6933130025863647
15267,34.91999816894531,32.10231018066406
15268,6.860000133514404,4.22802734375
15269,17.780000686645508,16.77785301208496
15270,13.350000381469727,11.188939094543457
15271,10.199999809265137,7.730642318725586
15272,40.13999938964844,37.2045783996582
15273,57.54999923706055,51.734317779541016
15274,22.25,21.999248504638672
15275,45.029998779296875,39.13418197631836
15276,52.36000061035156,42.76533508300781
15277,30.56999969482422,21.31066131591797
15278,26.31999969482422,22.17624282836914
15279,30.25,29.193071365356445
15280,7.989999771118164,6.468991279602051
15281,14.710000038146973,12.688026428222656
15282,25.600000381469727,21.85947036743164
15283,20.729999542236328,15.88615608215332
15284,21.8700008392334,19.04839324951172
15285,53.34000015258789,50.77822494506836
15286,52.349998474121094,34.15761184692383
15287,9.75,8.54437255859375
15288,29.6299991607666,28.746963500976562
15289,44.08000183105469,40.40154266357422
15290,13.859999656677246,11.452433586120605
15291,49.47999954223633,50.06236267089844
15292,21.0,19.097890853881836
15293,15.220000267028809,12.397673606872559
15294,49.68000030517578,54.054237365722656
15295,37.939998626708984,27.461252212524414
15296,24.489999771118164,19.86452865600586
15297,41.529998779296875,29.590242385864258
15298,16.8799991607666,14.976784706115723
15299,38.20000076293945,33.66299819946289
15300,41.959999084472656,40.98355484008789
15301,11.680000305175781,8.1898832321167
15302,29.600000381469727,31.56962776184082
15303,17.3700008392334,13.928092956542969
15304,34.060001373291016,30.42926788330078
15305,23.600000381469727,19.66102409362793
15306,28.739999771118164,24.245906829833984
15307,44.650001525878906,39.67588424682617
15308,23.34000015258789,20.353771209716797
15309,13.239999771118164,9.935504913330078
15310,30.229999542236328,28.4345703125
15311,53.18000030517578,51.02964401245117
15312,23.920000076293945,17.982589721679688
15313,13.270000457763672,10.742324829101562
15314,57.45000076293945,37.70906066894531
15315,42.41999816894531,41.16173553466797
15316,21.690000534057617,21.796459197998047
15317,32.52000045776367,30.19719696044922
15318,50.79999923706055,48.505550384521484
15319,57.650001525878906,67.42865753173828
15320,32.7400016784668,28.34612274169922
15321,12.359999656677246,9.935248374938965
15322,32.040000915527344,28.049470901489258
15323,15.020000457763672,12.665958404541016
15324,39.13999938964844,38.53721237182617
15325,41.380001068115234,40.94050979614258
15326,41.27000045776367,37.96733856201172
15327,31.31999969482422,28.99252700805664
15328,31.3799991607666,27.941104888916016
15329,30.200000762939453,25.820301055908203
15330,7.789999961853027,6.1090850830078125
15331,25.469999313354492,20.14670753479004
15332,18.31999969482422,15.23496150970459
15333,36.83000183105469,32.36389923095703
15334,12.739999771118164,10.068390846252441
15335,14.65999984741211,12.612003326416016
15336,20.360000610351562,17.12750244140625
15337,13.899999618530273,11.511211395263672
15338,8.430000305175781,7.363690376281738
15339,24.190000534057617,21.271495819091797
15340,6.610000133514404,4.4933295249938965
15341,26.8700008392334,24.8814754486084
15342,7.130000114440918,5.5019049644470215
15343,13.850000381469727,11.965319633483887
15344,12.170000076293945,10.364598274230957
15345,15.220000267028809,13.678298950195312
15346,38.060001373291016,37.24570083618164
15347,38.93000030517578,36.53770446777344
15348,42.93000030517578,39.4937629699707
15349,49.11000061035156,55.00386047363281
15350,41.72999954223633,41.314144134521484
15351,43.0099983215332,40.271358489990234
15352,10.649999618530273,8.832928657531738
15353,43.220001220703125,30.675256729125977
15354,5.480000019073486,3.456289291381836
15355,35.599998474121094,28.083431243896484
15356,28.700000762939453,25.276020050048828
15357,1.659999966621399,1.3507418632507324
15358,11.5,9.158464431762695
15359,10.270000457763672,8.374664306640625
15360,19.549999237060547,19.081295013427734
15361,34.060001373291016,30.427616119384766
15362,5.510000228881836,3.469743490219116
15363,11.6899995803833,10.374617576599121
15364,60.20000076293945,59.837711334228516
15365,3.0399999618530273,2.992954969406128
15366,27.09000015258789,21.42355728149414
15367,26.25,21.5731258392334
15368,57.54999923706055,46.416622161865234
15369,38.16999816894531,38.41864776611328
15370,26.68000030517578,21.838430404663086
15371,10.420000076293945,7.895628452301025
15372,28.579999923706055,30.348777770996094
15373,28.84000015258789,25.735353469848633
15374,25.239999771118164,22.145505905151367
15375,46.7599983215332,33.4746208190918
15376,13.359999656677246,10.827632904052734
15377,14.760000228881836,12.577569007873535
15378,5.46999979019165,3.8161420822143555
15379,39.61000061035156,35.24102020263672
15380,36.25,32.14677429199219
15381,14.670000076293945,11.832562446594238
15382,6.03000020980835,4.1852946281433105
15383,19.1299991607666,17.86086654663086
15384,48.650001525878906,46.4095573425293
15385,66.91000366210938,66.2973861694336
15386,8.970000267028809,7.739253520965576
15387,38.09000015258789,33.32125473022461
15388,5.420000076293945,2.8516499996185303
15389,16.950000762939453,14.165882110595703
15390,23.479999542236328,21.130985260009766
15391,33.47999954223633,29.19120216369629
15392,14.449999809265137,13.75233268737793
15393,35.5,34.053104400634766
15394,48.08000183105469,38.78125762939453
15395,11.949999809265137,9.39140510559082
15396,17.799999237060547,14.936564445495605
15397,31.239999771118164,26.66649627685547
15398,34.119998931884766,30.73488998413086
15399,52.61000061035156,40.24714279174805
15400,34.0099983215332,33.01011276245117
15401,24.520000457763672,21.19882583618164
15402,43.470001220703125,39.16688919067383
15403,24.190000534057617,19.654804229736328
15404,13.09000015258789,11.399409294128418
15405,7.630000114440918,4.187036037445068
15406,20.75,18.76356315612793
15407,11.149999618530273,8.493000984191895
15408,56.810001373291016,46.51302719116211
15409,2.6700000762939453,3.5823426246643066
15410,14.100000381469727,12.093586921691895
15411,21.889999389648438,17.95269775390625
15412,5.679999828338623,2.893993377685547
15413,41.33000183105469,38.76459884643555
15414,5.119999885559082,2.365407705307007
15415,17.06999969482422,14.782549858093262
15416,25.540000915527344,21.455482482910156
15417,17.6299991607666,15.177769660949707
15418,53.47999954223633,50.87369155883789
15419,38.959999084472656,40.28311538696289
15420,47.970001220703125,53.435462951660156
15421,29.709999084472656,24.92922592163086
15422,29.329999923706055,24.43025016784668
15423,22.899999618530273,23.3853759765625
15424,36.650001525878906,31.847185134887695
15425,60.27000045776367,60.506649017333984
15426,30.610000610351562,24.62615203857422
15427,23.829999923706055,20.873960494995117
15428,28.40999984741211,25.047344207763672
15429,30.959999084472656,25.606740951538086
15430,20.010000228881836,17.404251098632812
15431,10.960000038146973,9.279681205749512
15432,30.239999771118164,25.724716186523438
15433,17.639999389648438,12.618392944335938
15434,58.41999816894531,57.0303840637207
15435,18.190000534057617,14.67505931854248
15436,19.700000762939453,17.123512268066406
15437,19.639999389648438,17.102506637573242
15438,48.15999984741211,43.531280517578125
15439,5.010000228881836,3.7453768253326416
15440,22.059999465942383,17.751733779907227
15441,26.299999237060547,21.985105514526367
15442,47.02000045776367,44.17210388183594
15443,35.34000015258789,33.0723876953125
15444,23.6200008392334,21.473400115966797
15445,68.94999694824219,67.38738250732422
15446,19.959999084472656,17.09284019470215
15447,43.25,37.80685806274414
15448,31.020000457763672,23.15260887145996
15449,16.479999542236328,13.485397338867188
15450,19.809999465942383,17.363473892211914
15451,59.959999084472656,55.4571647644043
15452,20.239999771118164,18.507740020751953
15453,16.600000381469727,14.236391067504883
15454,37.150001525878906,39.71189880371094
15455,18.43000030517578,16.644895553588867
15456,34.56999969482422,29.43305778503418
15457,75.47000122070312,53.80965805053711
15458,50.619998931884766,40.55440139770508
15459,15.710000038146973,12.021428108215332
15460,8.3100004196167,6.592990398406982
15461,15.0600004196167,12.720891952514648
15462,47.38999938964844,42.66395950317383
15463,33.290000915527344,29.63568878173828
15464,22.860000610351562,20.293184280395508
15465,10.630000114440918,7.837359428405762
15466,9.600000381469727,7.4248456954956055
15467,22.719999313354492,19.471080780029297
15468,21.8700008392334,19.478952407836914
15469,32.619998931884766,30.243976593017578
15470,46.029998779296875,39.57027053833008
15471,6.210000038146973,4.710677146911621
15472,33.029998779296875,31.64847183227539
15473,67.05999755859375,66.10855102539062
15474,38.59000015258789,34.94451904296875
15475,4.170000076293945,2.2716081142425537
15476,8.670000076293945,5.771800518035889
15477,46.4900016784668,42.669071197509766
15478,16.84000015258789,13.438004493713379
15479,27.549999237060547,23.71710968017578
15480,22.809999465942383,20.389028549194336
15481,28.729999542236328,21.98113250732422
15482,14.319999694824219,11.332938194274902
15483,27.34000015258789,22.138206481933594
15484,8.899999618530273,7.2842302322387695
15485,32.720001220703125,30.124975204467773
15486,69.37999725341797,72.3392105102539
15487,6.53000020980835,5.367982387542725
15488,53.880001068115234,52.6912727355957
15489,66.55999755859375,55.1490592956543
15490,7.440000057220459,5.957953453063965
15491,21.690000534057617,19.58211898803711
15492,24.18000030517578,21.055591583251953
15493,36.2400016784668,32.370880126953125
15494,26.540000915527344,23.70731544494629
15495,12.329999923706055,9.694084167480469
15496,24.959999084472656,20.68167495727539
15497,17.1299991607666,14.452764511108398
15498,26.790000915527344,23.14293098449707
15499,26.649999618530273,22.45843505859375
15500,31.59000015258789,27.58763885498047
15501,36.130001068115234,33.77976608276367
15502,19.479999542236328,17.41724395751953
15503,34.959999084472656,32.76581954956055
15504,43.560001373291016,40.10769271850586
15505,7.460000038146973,6.295003890991211
15506,25.469999313354492,20.546966552734375
15507,67.0,35.75832748413086
15508,51.22999954223633,35.72822570800781
15509,6.789999961853027,4.695289134979248
15510,12.229999542236328,10.13908863067627
15511,2.5,1.1278910636901855
15512,45.97999954223633,43.21220397949219
15513,33.63999938964844,29.711671829223633
15514,49.75,46.45393753051758
15515,13.289999961853027,10.471855163574219
15516,52.380001068115234,53.61601638793945
15517,11.430000305175781,9.261293411254883
15518,34.779998779296875,28.085037231445312
15519,5.369999885559082,3.879021644592285
15520,24.940000534057617,21.73672103881836
15521,46.58000183105469,43.263450622558594
15522,32.13999938964844,27.03260040283203
15523,45.75,42.88743209838867
15524,17.56999969482422,14.221466064453125
15525,65.77999877929688,65.75770568847656
15526,10.510000228881836,7.750599384307861
15527,13.8100004196167,11.797001838684082
15528,19.229999542236328,17.004234313964844
15529,22.260000228881836,18.612031936645508
15530,28.56999969482422,25.428848266601562
15531,11.489999771118164,10.075589179992676
15532,13.130000114440918,11.647415161132812
15533,47.7599983215332,46.728946685791016
15534,21.739999771118164,19.16362762451172
15535,58.689998626708984,48.379066467285156
15536,34.34000015258789,34.67658615112305
15537,9.300000190734863,6.806117534637451
15538,25.260000228881836,22.02399444580078
15539,32.81999969482422,28.19478988647461
15540,11.539999961853027,9.438770294189453
15541,8.020000457763672,6.240328788757324
15542,13.140000343322754,10.582254409790039
15543,28.860000610351562,25.186450958251953
15544,8.0600004196167,6.425887584686279
15545,12.8100004196167,10.141776084899902
15546,29.969999313354492,27.896564483642578
15547,32.599998474121094,27.371671676635742
15548,7.690000057220459,6.028264999389648
15549,1.9600000381469727,1.2758220434188843
15550,19.450000762939453,18.25388526916504
15551,11.09000015258789,9.018112182617188
15552,53.810001373291016,47.47365951538086
15553,35.349998474121094,29.935016632080078
15554,30.299999237060547,28.551780700683594
15555,9.640000343322754,7.820263385772705
15556,17.270000457763672,14.268095016479492
15557,29.760000228881836,24.750598907470703
15558,42.95000076293945,41.001800537109375
15559,26.360000610351562,23.900310516357422
15560,13.420000076293945,11.091490745544434
15561,19.729999542236328,18.033952713012695
15562,73.55999755859375,72.21759796142578
15563,10.729999542236328,8.627569198608398
15564,15.5600004196167,15.937976837158203
15565,11.369999885559082,10.385844230651855
15566,41.20000076293945,41.027320861816406
15567,70.33000183105469,72.79454803466797
15568,36.560001373291016,32.13665771484375
15569,27.360000610351562,24.347230911254883
15570,24.5,21.816204071044922
15571,30.81999969482422,30.055458068847656
15572,13.130000114440918,9.16351318359375
15573,7.889999866485596,6.08864688873291
15574,31.889999389648438,33.63847351074219
15575,9.489999771118164,7.375053405761719
15576,31.139999389648438,26.20659637451172
15577,32.119998931884766,28.838972091674805
15578,39.2400016784668,42.311004638671875
15579,40.84000015258789,35.83211898803711
15580,75.79000091552734,69.79728698730469
15581,37.15999984741211,34.200923919677734
15582,19.56999969482422,16.610153198242188
15583,22.639999389648438,21.16050910949707
15584,67.55000305175781,63.274139404296875
15585,9.170000076293945,9.124165534973145
15586,30.610000610351562,24.83993148803711
15587,13.34000015258789,11.743943214416504
15588,64.75,63.235355377197266
15589,8.75,5.947484016418457
15590,50.45000076293945,38.88377380371094
15591,42.720001220703125,36.079769134521484
15592,31.09000015258789,23.84554672241211
15593,3.4800000190734863,2.9601190090179443
15594,44.97999954223633,33.804508209228516
15595,18.170000076293945,15.037219047546387
15596,16.579999923706055,13.93453598022461
15597,32.68000030517578,27.36663055419922
15598,19.309999465942383,15.852080345153809
15599,57.15999984741211,59.50740051269531
15600,2.799999952316284,1.7746649980545044
15601,8.4399995803833,2.238088607788086
15602,19.709999084472656,17.129295349121094
15603,63.119998931884766,63.795352935791016
15604,27.219999313354492,25.43480682373047
15605,15.40999984741211,14.898724555969238
15606,21.010000228881836,16.288537979125977
15607,33.099998474121094,28.113550186157227
15608,41.0099983215332,36.087589263916016
15609,17.579999923706055,14.541949272155762
15610,23.790000915527344,19.733802795410156
15611,48.52000045776367,43.12433624267578
15612,27.100000381469727,23.77155876159668
15613,49.529998779296875,46.42600631713867
15614,14.319999694824219,11.405293464660645
15615,28.610000610351562,24.921249389648438
15616,31.65999984741211,26.869571685791016
15617,21.389999389648438,17.81017303466797
15618,29.959999084472656,29.28944969177246
15619,9.609999656677246,7.722855567932129
15620,9.699999809265137,8.139137268066406
15621,9.470000267028809,7.358273983001709
15622,17.309999465942383,14.930756568908691
15623,30.8700008392334,26.713016510009766
15624,40.34000015258789,38.54326629638672
15625,8.260000228881836,6.404915809631348
15626,45.5099983215332,41.91355514526367
15627,9.359999656677246,7.562616348266602
15628,47.349998474121094,44.364009857177734
15629,19.040000915527344,18.324865341186523
15630,32.5099983215332,28.277864456176758
15631,22.030000686645508,19.265249252319336
15632,31.139999389648438,25.981475830078125
15633,29.770000457763672,29.43419647216797
15634,19.100000381469727,17.111289978027344
15635,5.570000171661377,3.960268259048462
15636,73.44000244140625,68.37298583984375
15637,47.83000183105469,45.03395080566406
15638,27.469999313354492,22.531436920166016
15639,29.530000686645508,27.71862030029297
15640,3.140000104904175,1.5382015705108643
15641,26.030000686645508,23.130281448364258
15642,23.84000015258789,20.157167434692383
15643,51.84000015258789,41.320438385009766
15644,23.799999237060547,22.424875259399414
15645,30.920000076293945,28.050830841064453
15646,23.670000076293945,19.335847854614258
15647,41.529998779296875,36.4202995300293
15648,21.389999389648438,18.192052841186523
15649,29.479999542236328,26.041807174682617
15650,10.970000267028809,10.004311561584473
15651,11.979999542236328,10.522890090942383
15652,35.630001068115234,25.294349670410156
15653,31.600000381469727,28.532089233398438
15654,21.09000015258789,19.78245735168457
15655,28.549999237060547,25.144798278808594
15656,17.59000015258789,15.911107063293457
15657,34.02000045776367,30.106937408447266
15658,17.90999984741211,14.619029998779297
15659,23.299999237060547,23.612565994262695
15660,34.75,30.194297790527344
15661,24.739999771118164,21.755130767822266
15662,20.3799991607666,16.189393997192383
15663,35.2599983215332,34.666229248046875
15664,19.280000686645508,16.82848358154297
15665,31.670000076293945,35.336997985839844
15666,9.670000076293945,8.856157302856445
15667,26.530000686645508,22.83340835571289
15668,42.619998931884766,39.0725212097168
15669,13.300000190734863,10.669639587402344
15670,50.810001373291016,48.81707763671875
15671,13.75,11.361095428466797
15672,32.16999816894531,28.9338321685791
15673,23.229999542236328,18.899356842041016
15674,15.569999694824219,13.728885650634766
15675,68.44000244140625,39.25205612182617
15676,12.399999618530273,10.077791213989258
15677,19.100000381469727,15.898451805114746
15678,14.329999923706055,11.342425346374512
15679,53.68000030517578,51.2722053527832
15680,38.06999969482422,32.47957992553711
15681,11.949999809265137,10.392062187194824
15682,13.800000190734863,10.25484848022461
15683,21.829999923706055,16.336519241333008
15684,16.329999923706055,13.640937805175781
15685,16.079999923706055,13.72913646697998
15686,13.880000114440918,11.31421184539795
15687,25.770000457763672,22.73558807373047
15688,19.360000610351562,17.755224227905273
15689,32.88999938964844,29.980234146118164
15690,26.729999542236328,32.609317779541016
15691,14.100000381469727,11.980566024780273
15692,35.9900016784668,29.31935691833496
15693,46.560001373291016,42.3101921081543
15694,71.2699966430664,68.00096130371094
15695,62.439998626708984,57.48615646362305
15696,48.88999938964844,47.24091339111328
15697,25.469999313354492,19.650815963745117
15698,30.329999923706055,30.455886840820312
15699,43.95000076293945,36.960304260253906
15700,8.729999542236328,6.254940032958984
15701,6.159999847412109,3.827728748321533
15702,33.900001525878906,29.13591194152832
15703,16.979999542236328,15.130942344665527
15704,7.079999923706055,4.616302967071533
15705,25.670000076293945,20.588838577270508
15706,13.859999656677246,10.898985862731934
15707,38.70000076293945,36.05894088745117
15708,8.5600004196167,7.512775421142578
15709,32.880001068115234,28.106525421142578
15710,44.310001373291016,36.03227615356445
15711,30.0,27.46048355102539
15712,52.02000045776367,49.43354415893555
15713,7.019999980926514,5.4359025955200195
15714,33.4900016784668,27.876073837280273
15715,23.489999771118164,20.99470329284668
15716,38.7599983215332,37.54285430908203
15717,15.100000381469727,13.12094783782959
15718,22.860000610351562,20.147933959960938
15719,45.970001220703125,53.743263244628906
15720,44.77000045776367,43.55731964111328
15721,36.40999984741211,31.225658416748047
15722,32.689998626708984,27.486526489257812
15723,32.34000015258789,29.894378662109375
15724,8.25,6.0771989822387695
15725,17.850000381469727,15.927083969116211
15726,7.840000152587891,3.4581990242004395
15727,24.190000534057617,20.506240844726562
15728,47.7400016784668,45.72401809692383
15729,31.510000228881836,28.273162841796875
15730,37.59000015258789,33.047264099121094
15731,35.72999954223633,30.612350463867188
15732,46.2599983215332,39.578433990478516
15733,9.8100004196167,7.7863383293151855
15734,53.650001525878906,52.00335693359375
15735,11.529999732971191,9.930516242980957
15736,45.29999923706055,41.850337982177734
15737,14.210000038146973,11.065423965454102
15738,10.949999809265137,8.06396484375
15739,27.760000228881836,24.67844009399414
15740,10.90999984741211,9.259519577026367
15741,44.11000061035156,42.36800765991211
15742,57.400001525878906,53.05055236816406
15743,24.729999542236328,19.925838470458984
15744,28.290000915527344,25.74258804321289
15745,47.790000915527344,46.32636642456055
15746,58.900001525878906,52.37699890136719
15747,25.68000030517578,23.281171798706055
15748,12.930000305175781,10.341120719909668
15749,13.5,11.239618301391602
15750,41.869998931884766,36.73649215698242
15751,41.13999938964844,37.63172912597656
15752,13.670000076293945,11.650120735168457
15753,14.720000267028809,13.323580741882324
15754,15.369999885559082,11.936700820922852
15755,65.04000091552734,54.231815338134766
15756,16.889999389648438,15.775697708129883
15757,37.81999969482422,35.61250686645508
15758,3.4700000286102295,2.033339738845825
15759,35.2599983215332,41.66868591308594
15760,18.100000381469727,15.630745887756348
15761,50.79999923706055,47.61753845214844
15762,10.420000076293945,8.488029479980469
15763,11.65999984741211,9.900257110595703
15764,10.09000015258789,8.399312019348145
15765,51.81999969482422,50.561824798583984
15766,31.829999923706055,32.14151382446289
15767,14.5600004196167,12.166434288024902
15768,5.869999885559082,2.6901795864105225
15769,18.18000030517578,24.934587478637695
15770,35.790000915527344,34.28969192504883
15771,13.5600004196167,11.18337631225586
15772,22.920000076293945,22.36867332458496
15773,29.290000915527344,20.964954376220703
15774,29.93000030517578,28.529176712036133
15775,13.119999885559082,11.097132682800293
15776,27.729999542236328,24.909496307373047
15777,41.790000915527344,35.2996711730957
15778,38.5099983215332,33.99116897583008
15779,37.40999984741211,33.76707458496094
15780,26.90999984741211,23.086009979248047
15781,3.4600000381469727,3.324608564376831
15782,9.920000076293945,7.9817352294921875
15783,12.550000190734863,10.09512710571289
15784,50.099998474121094,46.49870681762695
15785,35.45000076293945,35.95623779296875
15786,22.790000915527344,18.94537353515625
15787,13.0,10.0088472366333
15788,24.170000076293945,21.39392852783203
15789,10.510000228881836,7.7463860511779785
15790,21.8799991607666,18.840364456176758
15791,19.3799991607666,15.913315773010254
15792,50.83000183105469,52.962276458740234
15793,31.829999923706055,28.13435935974121
15794,18.450000762939453,16.255983352661133
15795,41.36000061035156,39.900047302246094
15796,25.079999923706055,21.799924850463867
15797,18.959999084472656,15.133267402648926
15798,40.4900016784668,33.16325759887695
15799,54.83000183105469,45.68745422363281
15800,61.04999923706055,58.78955841064453
15801,21.90999984741211,20.711145401000977
15802,27.200000762939453,24.089984893798828
15803,48.52000045776367,43.46844482421875
15804,48.16999816894531,45.26310348510742
15805,60.52000045776367,56.19499969482422
15806,17.209999084472656,14.678670883178711
15807,35.209999084472656,37.93960952758789
15808,39.619998931884766,36.5715217590332
15809,10.359999656677246,9.554535865783691
15810,9.119999885559082,7.537631511688232
15811,3.609999895095825,1.9182966947555542
15812,27.65999984741211,23.473337173461914
15813,16.809999465942383,13.044211387634277
15814,28.1200008392334,24.93861198425293
15815,18.780000686645508,14.88072395324707
15816,17.309999465942383,14.908011436462402
15817,20.93000030517578,18.590221405029297
15818,54.11000061035156,49.85566329956055
15819,19.809999465942383,17.046260833740234
15820,8.800000190734863,6.884110450744629
15821,34.43000030517578,26.8599910736084
15822,9.65999984741211,7.762269496917725
15823,29.110000610351562,28.058452606201172
15824,39.720001220703125,34.504756927490234
15825,36.630001068115234,32.00111389160156
15826,34.20000076293945,32.467220306396484
15827,42.880001068115234,43.43234634399414
15828,19.209999084472656,17.77094841003418
15829,40.279998779296875,33.99678421020508
15830,54.63999938964844,51.73260498046875
15831,14.789999961853027,10.813685417175293
15832,22.770000457763672,20.034292221069336
15833,54.2400016784668,48.41256332397461
15834,21.920000076293945,19.418975830078125
15835,38.4900016784668,28.88634490966797
15836,19.520000457763672,16.333890914916992
15837,15.300000190734863,12.838973999023438
15838,26.850000381469727,22.743837356567383
15839,37.54999923706055,33.51387405395508
15840,47.97999954223633,44.79425811767578
15841,14.619999885559082,10.966538429260254
15842,35.34000015258789,30.849132537841797
15843,18.979999542236328,16.311473846435547
15844,11.1899995803833,9.374942779541016
15845,59.119998931884766,46.39695358276367
15846,55.36000061035156,51.79702377319336
15847,7.119999885559082,3.398667335510254
15848,9.210000038146973,7.826694965362549
15849,7.349999904632568,6.114243984222412
15850,43.540000915527344,40.42283248901367
15851,20.440000534057617,15.666622161865234
15852,23.270000457763672,20.556060791015625
15853,13.529999732971191,11.57630443572998
15854,34.130001068115234,27.789287567138672
15855,48.5099983215332,44.62382507324219
15856,5.619999885559082,3.918240547180176
15857,26.3700008392334,23.64013671875
15858,40.06999969482422,34.92570495605469
15859,30.649999618530273,23.31989288330078
15860,9.579999923706055,7.072885513305664
15861,15.600000381469727,13.006089210510254
15862,39.540000915527344,38.19156265258789
15863,3.359999895095825,1.5429558753967285
15864,15.649999618530273,14.089437484741211
15865,34.68000030517578,31.57626724243164
15866,29.770000457763672,26.904586791992188
15867,6.449999809265137,4.5273003578186035
15868,15.680000305175781,11.049871444702148
15869,5.059999942779541,3.019456624984741
15870,45.25,42.009029388427734
15871,9.170000076293945,6.499844074249268
15872,24.25,19.551807403564453
15873,72.9800033569336,61.59878921508789
15874,27.290000915527344,23.967967987060547
15875,12.880000114440918,10.818307876586914
15876,67.16999816894531,49.40280532836914
15877,18.75,16.740068435668945
15878,27.600000381469727,23.15854263305664
15879,47.97999954223633,34.9293098449707
15880,36.439998626708984,29.582754135131836
15881,20.84000015258789,18.58294677734375
15882,27.690000534057617,25.70119857788086
15883,4.679999828338623,3.5983827114105225
15884,38.939998626708984,34.99116516113281
15885,48.88999938964844,44.004268646240234
15886,40.970001220703125,36.51124572753906
15887,6.619999885559082,5.058568000793457
15888,14.079999923706055,11.412280082702637
15889,5.650000095367432,3.1848864555358887
15890,35.599998474121094,32.05795669555664
15891,72.29000091552734,69.27406311035156
15892,19.809999465942383,17.172962188720703
15893,25.760000228881836,20.919885635375977
15894,21.059999465942383,17.504817962646484
15895,15.329999923706055,12.621543884277344
15896,31.06999969482422,26.428451538085938
15897,49.16999816894531,42.94267272949219
15898,13.829999923706055,11.893241882324219
15899,28.610000610351562,24.552791595458984
15900,7.329999923706055,6.56597900390625
15901,20.989999771118164,19.486225128173828
15902,40.15999984741211,35.957603454589844
15903,30.040000915527344,22.69940948486328
15904,59.83000183105469,36.6910400390625
15905,19.170000076293945,15.811854362487793
15906,45.18000030517578,43.82678985595703
15907,32.90999984741211,26.877948760986328
15908,35.43000030517578,33.258628845214844
15909,48.56999969482422,45.00849533081055
15910,17.229999542236328,14.667223930358887
15911,19.3799991607666,22.300968170166016
15912,29.479999542236328,26.3665714263916
15913,60.38999938964844,54.08113098144531
15914,32.0,28.97271728515625
15915,31.139999389648438,26.07546615600586
15916,66.81999969482422,67.36377716064453
15917,36.83000183105469,33.87477111816406
15918,47.09000015258789,42.59083557128906
15919,30.280000686645508,25.33541488647461
15920,35.52000045776367,32.77859878540039
15921,5.230000019073486,3.075430154800415
15922,38.31999969482422,39.566959381103516
15923,39.130001068115234,34.47034454345703
15924,28.889999389648438,23.774261474609375
15925,33.86000061035156,28.69902992248535
15926,35.040000915527344,29.766738891601562
15927,8.329999923706055,6.5349507331848145
15928,44.15999984741211,41.387420654296875
15929,50.209999084472656,47.044212341308594
15930,38.27000045776367,37.55747604370117
15931,15.770000457763672,13.74873161315918
15932,13.239999771118164,10.72712230682373
15933,32.02000045776367,27.26517677307129
15934,41.959999084472656,38.75349426269531
15935,43.29999923706055,38.05428695678711
15936,22.829999923706055,19.805784225463867
15937,15.779999732971191,13.849478721618652
15938,13.4399995803833,10.98735237121582
15939,23.959999084472656,20.610889434814453
15940,20.229999542236328,18.296422958374023
15941,40.810001373291016,39.684776306152344
15942,24.06999969482422,21.736509323120117
15943,31.979999542236328,28.60280990600586
15944,17.479999542236328,14.379581451416016
15945,20.110000610351562,18.249757766723633
15946,12.369999885559082,10.921625137329102
15947,37.349998474121094,36.23924255371094
15948,20.459999084472656,18.020267486572266
15949,31.760000228881836,32.32430648803711
15950,36.04999923706055,32.513389587402344
15951,28.1299991607666,23.325897216796875
15952,49.47999954223633,45.3550910949707
15953,33.68000030517578,34.665618896484375
15954,32.7599983215332,31.911338806152344
15955,34.2599983215332,28.63256072998047
15956,8.670000076293945,4.969869136810303
15957,29.780000686645508,27.10157585144043
15958,12.539999961853027,10.447578430175781
15959,35.27000045776367,30.174007415771484
15960,18.1200008392334,17.608478546142578
15961,17.399999618530273,15.386582374572754
15962,22.469999313354492,24.44775390625
15963,44.84000015258789,42.642826080322266
15964,32.650001525878906,31.31849479675293
15965,14.4399995803833,11.28219223022461
15966,13.010000228881836,10.953727722167969
15967,27.729999542236328,22.58142852783203
15968,43.34000015258789,40.01497268676758
15969,56.7400016784668,56.20237731933594
15970,38.529998779296875,36.26401901245117
15971,25.690000534057617,21.90837860107422
15972,44.95000076293945,43.01941680908203
15973,10.430000305175781,7.922195911407471
15974,35.0099983215332,30.057453155517578
15975,16.059999465942383,13.978519439697266
15976,21.239999771118164,19.86452865600586
15977,17.31999969482422,13.753307342529297
15978,30.700000762939453,24.444049835205078
15979,23.530000686645508,19.700071334838867
15980,13.119999885559082,10.965285301208496
15981,6.579999923706055,4.901215553283691
15982,23.81999969482422,19.831024169921875
15983,31.860000610351562,26.87091827392578
15984,5.460000038146973,2.48547625541687
15985,25.809999465942383,22.501388549804688
15986,64.12999725341797,43.58404541015625
15987,31.239999771118164,26.53496551513672
15988,2.380000114440918,2.4036500453948975
15989,3.3299999237060547,1.695756435394287
15990,30.260000228881836,25.851293563842773
15991,34.369998931884766,29.788022994995117
15992,34.13999938964844,30.459293365478516
15993,20.229999542236328,18.46385383605957
15994,3.2699999809265137,2.203913927078247
15995,3.380000114440918,2.2343056201934814
15996,26.149999618530273,20.014995574951172
15997,15.119999885559082,12.565176963806152
15998,60.099998474121094,61.42673873901367
15999,69.43000030517578,52.585208892822266
16000,17.049999237060547,14.549858093261719
16001,35.06999969482422,30.37401008605957
16002,14.479999542236328,11.107649803161621
16003,22.049999237060547,19.329845428466797
16004,8.0,4.988272190093994
16005,43.380001068115234,39.759742736816406
16006,38.290000915527344,36.86772537231445
16007,35.41999816894531,30.194381713867188
16008,35.849998474121094,33.704925537109375
16009,24.510000228881836,21.654489517211914
16010,34.2400016784668,32.207218170166016
16011,50.459999084472656,51.266693115234375
16012,20.81999969482422,18.523216247558594
16013,34.130001068115234,32.11052703857422
16014,17.81999969482422,13.162027359008789
16015,27.530000686645508,22.66609764099121
16016,20.610000610351562,16.649263381958008
16017,22.34000015258789,19.098600387573242
16018,24.06999969482422,22.971214294433594
16019,52.970001220703125,51.19603729248047
16020,21.889999389648438,18.2846622467041
16021,32.91999816894531,22.898399353027344
16022,23.329999923706055,20.983388900756836
16023,28.739999771118164,24.7540225982666
16024,28.540000915527344,24.221654891967773
16025,24.34000015258789,20.4163818359375
16026,14.289999961853027,9.485674858093262
16027,13.989999771118164,11.428750991821289
16028,33.68000030517578,31.16396713256836
16029,8.34000015258789,6.244041919708252
16030,35.41999816894531,30.517107009887695
16031,37.220001220703125,35.291168212890625
16032,15.15999984741211,12.736747741699219
16033,14.869999885559082,12.485880851745605
16034,16.950000762939453,14.175586700439453
16035,13.859999656677246,12.25130844116211
16036,18.760000228881836,18.251659393310547
16037,11.170000076293945,8.871164321899414
16038,34.63999938964844,30.52623176574707
16039,13.75,10.461531639099121
16040,57.02000045776367,53.44584655761719
16041,41.119998931884766,37.72295379638672
16042,4.900000095367432,2.7117278575897217
16043,35.900001525878906,35.0023078918457
16044,15.710000038146973,12.493688583374023
16045,16.940000534057617,15.408111572265625
16046,33.95000076293945,29.97032356262207
16047,5.309999942779541,3.665804862976074
16048,17.450000762939453,15.028420448303223
16049,74.88999938964844,51.95000457763672
16050,50.529998779296875,48.18345642089844
16051,18.06999969482422,14.975340843200684
16052,4.550000190734863,2.985286235809326
16053,26.850000381469727,22.437301635742188
16054,5.630000114440918,4.822713851928711
16055,24.40999984741211,20.858783721923828
16056,20.899999618530273,17.878976821899414
16057,34.61000061035156,28.545406341552734
16058,17.790000915527344,13.75661849975586
16059,23.09000015258789,21.074527740478516
16060,10.739999771118164,8.854361534118652
16061,2.4700000286102295,1.151780366897583
16062,63.029998779296875,40.10127639770508
16063,16.450000762939453,13.274382591247559
16064,46.68000030517578,36.98326110839844
16065,20.09000015258789,19.737598419189453
16066,8.539999961853027,7.7281718254089355
16067,21.09000015258789,17.70320701599121
16068,21.110000610351562,17.518970489501953
16069,46.189998626708984,44.35898208618164
16070,40.77000045776367,37.222747802734375
16071,16.40999984741211,13.939533233642578
16072,30.350000381469727,25.826190948486328
16073,21.719999313354492,19.498945236206055
16074,33.880001068115234,31.079519271850586
16075,27.020000457763672,23.96600341796875
16076,11.40999984741211,9.289328575134277
16077,17.489999771118164,14.43240737915039
16078,22.81999969482422,21.117080688476562
16079,27.860000610351562,24.818496704101562
16080,6.179999828338623,4.013518810272217
16081,18.979999542236328,16.121065139770508
16082,8.989999771118164,7.574049472808838
16083,19.34000015258789,20.993825912475586
16084,19.1200008392334,16.003049850463867
16085,17.709999084472656,14.111781120300293
16086,34.86000061035156,34.13359451293945
16087,34.36000061035156,32.76126480102539
16088,45.810001373291016,38.650733947753906
16089,29.260000228881836,29.249671936035156
16090,14.760000228881836,12.883223533630371
16091,53.16999816894531,48.646522521972656
16092,23.18000030517578,21.27375030517578
16093,10.449999809265137,8.665631294250488
16094,39.66999816894531,37.3284797668457
16095,49.459999084472656,48.05198287963867
16096,12.039999961853027,10.105459213256836
16097,7.510000228881836,3.4994053840637207
16098,35.560001373291016,31.45392608642578
16099,15.460000038146973,13.260884284973145
16100,8.649999618530273,6.9611992835998535
16101,46.77000045776367,44.85665512084961
16102,23.020000457763672,17.45406723022461
16103,11.210000038146973,8.776762962341309
16104,71.27999877929688,69.17730712890625
16105,38.75,38.62336349487305
16106,30.729999542236328,25.356056213378906
16107,4.349999904632568,2.074970245361328
16108,35.779998779296875,36.22110366821289
16109,36.650001525878906,33.27389907836914
16110,18.309999465942383,14.828896522521973
16111,6.659999847412109,5.113934516906738
16112,44.400001525878906,44.41543960571289
16113,25.059999465942383,19.974834442138672
16114,18.059999465942383,16.53077507019043
16115,38.15999984741211,34.97506332397461
16116,38.06999969482422,35.095252990722656
16117,47.529998779296875,46.22025680541992
16118,54.349998474121094,51.920536041259766
16119,24.90999984741211,20.33827781677246
16120,19.8700008392334,18.308958053588867
16121,37.61000061035156,41.48586654663086
16122,13.880000114440918,10.544112205505371
16123,64.19999694824219,57.461570739746094
16124,18.639999389648438,16.803937911987305
16125,28.260000228881836,22.881860733032227
16126,23.1200008392334,20.27914810180664
16127,4.230000019073486,2.165517807006836
16128,49.59000015258789,45.5006217956543
16129,9.510000228881836,7.792111396789551
16130,23.489999771118164,20.51572036743164
16131,4.699999809265137,3.473240375518799
16132,50.54999923706055,44.857749938964844
16133,17.3799991607666,14.572351455688477
16134,45.93000030517578,41.67393493652344
16135,8.420000076293945,6.319573879241943
16136,17.43000030517578,14.125982284545898
16137,34.099998474121094,44.48066711425781
16138,45.709999084472656,34.42618179321289
16139,8.34000015258789,6.554143905639648
16140,38.400001525878906,35.64128494262695
16141,73.16000366210938,73.65315246582031
16142,63.83000183105469,61.74935531616211
16143,34.099998474121094,29.674819946289062
16144,17.399999618530273,15.31104850769043
16145,29.010000228881836,26.095748901367188
16146,23.139999389648438,21.301912307739258
16147,15.119999885559082,12.531481742858887
16148,43.560001373291016,40.82414627075195
16149,19.809999465942383,17.235876083374023
16150,23.139999389648438,20.174362182617188
16151,39.470001220703125,35.72697067260742
16152,3.5199999809265137,1.6665457487106323
16153,7.010000228881836,4.9114556312561035
16154,6.980000019073486,4.986955165863037
16155,50.36000061035156,47.1059455871582
16156,12.199999809265137,10.596302032470703
16157,14.800000190734863,12.356430053710938
16158,10.90999984741211,9.461833000183105
16159,16.860000610351562,13.584261894226074
16160,40.290000915527344,41.03822326660156
16161,28.93000030517578,23.899497985839844
16162,26.600000381469727,23.547161102294922
16163,21.100000381469727,18.7841796875
16164,51.459999084472656,47.47211456298828
16165,6.989999771118164,5.236515998840332
16166,7.619999885559082,6.548812389373779
16167,16.530000686645508,13.17514705657959
16168,16.389999389648438,12.942052841186523
16169,22.149999618530273,21.860734939575195
16170,30.760000228881836,27.76384925842285
16171,19.1200008392334,16.945526123046875
16172,3.0299999713897705,2.8806726932525635
16173,46.400001525878906,41.43983840942383
16174,42.75,45.31361770629883
16175,25.149999618530273,20.44794464111328
16176,58.61000061035156,59.52817153930664
16177,29.030000686645508,25.629417419433594
16178,27.049999237060547,24.972408294677734
16179,7.019999980926514,5.1876349449157715
16180,15.760000228881836,14.210979461669922
16181,27.899999618530273,26.630535125732422
16182,5.380000114440918,1.6124528646469116
16183,13.300000190734863,11.034317016601562
16184,18.719999313354492,16.3585147857666
16185,33.119998931884766,31.842214584350586
16186,5.900000095367432,4.918647766113281
16187,15.09000015258789,12.153559684753418
16188,29.200000762939453,23.978744506835938
16189,40.099998474121094,35.41596984863281
16190,54.11000061035156,51.71037673950195
16191,16.959999084472656,13.60755443572998
16192,15.180000305175781,13.18664836883545
16193,18.149999618530273,14.32002067565918
16194,44.279998779296875,40.543609619140625
16195,6.190000057220459,4.169586181640625
16196,7.059999942779541,5.708926677703857
16197,31.709999084472656,26.77332878112793
16198,17.889999389648438,13.945785522460938
16199,7.599999904632568,5.949902057647705
16200,12.59000015258789,10.376864433288574
16201,11.119999885559082,8.669234275817871
16202,23.280000686645508,20.794456481933594
16203,34.58000183105469,31.760753631591797
16204,12.380000114440918,10.664599418640137
16205,13.619999885559082,11.20079517364502
16206,32.13999938964844,34.06235122680664
16207,32.08000183105469,29.493484497070312
16208,36.84000015258789,34.79658889770508
16209,47.709999084472656,44.825721740722656
16210,46.7400016784668,44.12894058227539
16211,35.18000030517578,31.279531478881836
16212,20.309999465942383,17.012693405151367
16213,42.58000183105469,43.1669807434082
16214,43.58000183105469,40.27596664428711
16215,42.66999816894531,39.225399017333984
16216,37.0,30.4278564453125
16217,53.63999938964844,53.147178649902344
16218,20.190000534057617,15.925307273864746
16219,2.75,2.6334102153778076
16220,67.9000015258789,67.6085433959961
16221,28.760000228881836,24.63742446899414
16222,15.960000038146973,13.148163795471191
16223,29.020000457763672,22.600669860839844
16224,9.680000305175781,7.584355354309082
16225,14.65999984741211,13.232309341430664
16226,40.40999984741211,38.435699462890625
16227,17.31999969482422,15.462249755859375
16228,27.989999771118164,26.361698150634766
16229,25.290000915527344,21.397884368896484
16230,2.299999952316284,1.7375373840332031
16231,24.540000915527344,25.241592407226562
16232,28.360000610351562,25.309484481811523
16233,51.63999938964844,50.42198944091797
16234,37.310001373291016,35.3554801940918
16235,14.0,12.257248878479004
16236,26.209999084472656,20.429311752319336
16237,22.100000381469727,20.45848274230957
16238,3.140000104904175,1.2786040306091309
16239,15.539999961853027,12.915321350097656
16240,5.440000057220459,4.1139116287231445
16241,11.140000343322754,9.839341163635254
16242,1.7200000286102295,1.0952643156051636
16243,34.43000030517578,28.753799438476562
16244,15.859999656677246,11.196033477783203
16245,30.81999969482422,25.519248962402344
16246,39.599998474121094,36.64460372924805
16247,31.459999084472656,29.322694778442383
16248,10.170000076293945,7.905666351318359
16249,15.8100004196167,13.362638473510742
16250,3.3399999141693115,1.6811950206756592
16251,33.54999923706055,30.408554077148438
16252,69.18000030517578,62.018226623535156
16253,17.200000762939453,13.821496963500977
16254,31.030000686645508,23.796279907226562
16255,20.420000076293945,16.256202697753906
16256,18.860000610351562,15.650542259216309
16257,12.930000305175781,10.30301284790039
16258,63.279998779296875,61.44889831542969
16259,45.619998931884766,42.28764724731445
16260,60.33000183105469,60.59892654418945
16261,17.760000228881836,15.702357292175293
16262,17.06999969482422,15.556410789489746
16263,52.06999969482422,49.248146057128906
16264,30.799999237060547,28.218515396118164
16265,12.720000267028809,10.976673126220703
16266,43.97999954223633,42.402076721191406
16267,45.77000045776367,46.79079055786133
16268,21.6200008392334,20.31885528564453
16269,79.9800033569336,76.83943939208984
16270,30.280000686645508,25.56231689453125
16271,29.190000534057617,25.32284927368164
16272,26.739999771118164,22.94641876220703
16273,18.559999465942383,13.89755630493164
16274,9.739999771118164,8.741022109985352
16275,30.309999465942383,26.76652717590332
16276,36.86000061035156,35.02151107788086
16277,28.43000030517578,28.247541427612305
16278,7.650000095367432,5.012900352478027
16279,36.63999938964844,32.450931549072266
16280,53.63999938964844,50.43433380126953
16281,29.15999984741211,27.331432342529297
16282,76.73999786376953,67.70426940917969
16283,45.33000183105469,41.23744583129883
16284,31.34000015258789,27.398916244506836
16285,31.530000686645508,28.918716430664062
16286,26.709999084472656,21.062814712524414
16287,23.790000915527344,21.11024284362793
16288,52.56999969482422,50.09373092651367
16289,30.040000915527344,25.312191009521484
16290,33.029998779296875,34.22290802001953
16291,3.7100000381469727,1.574777603149414
16292,20.309999465942383,20.242666244506836
16293,3.690000057220459,2.238544464111328
16294,21.079999923706055,16.944263458251953
16295,56.439998626708984,50.2205810546875
16296,53.040000915527344,53.06167984008789
16297,3.9200000762939453,2.7608487606048584
16298,13.979999542236328,11.678600311279297
16299,11.329999923706055,9.002906799316406
16300,19.520000457763672,18.010009765625
16301,58.459999084472656,55.6143913269043
16302,21.75,18.301589965820312
16303,8.5,6.119703769683838
16304,27.559999465942383,24.162384033203125
16305,41.099998474121094,36.25126266479492
16306,7.170000076293945,4.913829326629639
16307,72.58000183105469,67.9808349609375
16308,19.790000915527344,16.994239807128906
16309,13.0600004196167,11.381616592407227
16310,27.8799991607666,24.657901763916016
16311,48.900001525878906,44.700679779052734
16312,27.5,22.596393585205078
16313,63.13999938964844,41.73722457885742
16314,24.229999542236328,21.08381462097168
16315,30.979999542236328,28.41245460510254
16316,22.510000228881836,17.82160186767578
16317,9.739999771118164,8.279077529907227
16318,22.0,18.92019271850586
16319,35.08000183105469,30.916996002197266
16320,8.15999984741211,6.344841957092285
16321,48.47999954223633,44.32389831542969
16322,25.479999542236328,22.426437377929688
16323,20.40999984741211,17.533357620239258
16324,45.15999984741211,41.909706115722656
16325,24.350000381469727,21.893648147583008
16326,20.389999389648438,17.478984832763672
16327,35.34000015258789,32.800048828125
16328,41.22999954223633,40.40058517456055
16329,25.260000228881836,23.19507598876953
16330,6.039999961853027,3.9206228256225586
16331,37.189998626708984,35.40340042114258
16332,23.459999084472656,22.064571380615234
16333,62.06999969482422,59.10824203491211
16334,26.770000457763672,21.9414005279541
16335,22.280000686645508,18.83502960205078
16336,25.139999389648438,21.59662437438965
16337,7.929999828338623,5.025620460510254
16338,39.66999816894531,36.250579833984375
16339,38.33000183105469,35.17536544799805
16340,51.54999923706055,49.137977600097656
16341,58.279998779296875,57.096309661865234
16342,12.069999694824219,9.058988571166992
16343,55.880001068115234,46.04829406738281
16344,31.469999313354492,28.775962829589844
16345,36.779998779296875,35.67265319824219
16346,39.5099983215332,35.40753936767578
16347,26.43000030517578,21.008121490478516
16348,57.779998779296875,45.09089279174805
16349,17.959999084472656,15.809550285339355
16350,45.09000015258789,38.858455657958984
16351,31.559999465942383,28.2227783203125
16352,12.100000381469727,9.782244682312012
16353,12.109999656677246,9.73513126373291
16354,43.689998626708984,42.234798431396484
16355,34.099998474121094,30.646320343017578
16356,38.150001525878906,33.972862243652344
16357,67.16999816894531,63.579158782958984
16358,67.27999877929688,63.15916061401367
16359,27.84000015258789,22.922426223754883
16360,20.18000030517578,16.786380767822266
16361,36.36000061035156,33.68838119506836
16362,16.969999313354492,14.102487564086914
16363,34.63999938964844,31.585121154785156
16364,32.95000076293945,28.287702560424805
16365,13.210000038146973,10.350144386291504
16366,56.08000183105469,55.79840087890625
16367,22.299999237060547,18.284961700439453
16368,14.800000190734863,12.108513832092285
16369,38.560001373291016,35.04073715209961
16370,16.709999084472656,13.229494094848633
16371,20.31999969482422,18.27651596069336
16372,17.959999084472656,14.037589073181152
16373,46.279998779296875,43.23420333862305
16374,35.130001068115234,32.15367889404297
16375,42.38999938964844,41.06780242919922
16376,18.170000076293945,14.692938804626465
16377,30.809999465942383,27.141332626342773
16378,17.0,14.183253288269043
16379,31.81999969482422,29.409584045410156
16380,40.47999954223633,40.20602798461914
16381,25.760000228881836,19.698810577392578
16382,46.15999984741211,43.465335845947266
16383,72.18000030517578,68.96269226074219
16384,26.860000610351562,21.20537567138672
16385,19.450000762939453,16.409574508666992
16386,33.970001220703125,31.681774139404297
16387,30.520000457763672,19.538087844848633
16388,27.18000030517578,23.5806827545166
16389,30.56999969482422,25.163249969482422
16390,52.869998931884766,46.96759033203125
16391,62.04999923706055,62.66879653930664
16392,15.460000038146973,12.602315902709961
16393,20.1200008392334,18.09586524963379
16394,13.630000114440918,10.256631851196289
16395,55.70000076293945,59.95745086669922
16396,31.200000762939453,28.239452362060547
16397,22.989999771118164,20.393817901611328
16398,20.540000915527344,16.786148071289062
16399,8.229999542236328,6.255916118621826
16400,19.969999313354492,22.10819435119629
16401,14.15999984741211,11.902549743652344
16402,12.770000457763672,10.849504470825195
16403,29.600000381469727,25.918075561523438
16404,28.229999542236328,35.240684509277344
16405,27.709999084472656,25.011089324951172
16406,17.59000015258789,15.137093544006348
16407,15.529999732971191,13.193805694580078
16408,31.200000762939453,22.977380752563477
16409,62.09000015258789,57.92997360229492
16410,6.929999828338623,4.183954238891602
16411,52.5099983215332,50.12862777709961
16412,19.270000457763672,15.285931587219238
16413,54.119998931884766,55.927406311035156
16414,40.72999954223633,42.0032844543457
16415,24.34000015258789,21.593862533569336
16416,50.08000183105469,48.66179275512695
16417,12.850000381469727,9.764037132263184
16418,66.86000061035156,64.41593170166016
16419,43.040000915527344,41.12981414794922
16420,24.399999618530273,19.396120071411133
16421,17.209999084472656,15.165812492370605
16422,50.279998779296875,46.59040451049805
16423,24.479999542236328,21.8060245513916
16424,14.90999984741211,12.997303009033203
16425,34.09000015258789,30.666725158691406
16426,45.38999938964844,43.688602447509766
16427,29.34000015258789,27.307626724243164
16428,12.819999694824219,11.961912155151367
16429,31.170000076293945,28.60392189025879
16430,8.720000267028809,8.303397178649902
16431,36.58000183105469,32.008270263671875
16432,29.299999237060547,28.024742126464844
16433,48.90999984741211,42.022701263427734
16434,11.729999542236328,8.793901443481445
16435,16.700000762939453,13.958909034729004
16436,53.13999938964844,49.66575241088867
16437,50.349998474121094,41.09309768676758
16438,9.15999984741211,7.004664897918701
16439,39.060001373291016,34.200443267822266
16440,48.79999923706055,48.76881790161133
16441,6.760000228881836,4.025430679321289
16442,5.309999942779541,2.899946451187134
16443,22.709999084472656,19.61072540283203
16444,32.619998931884766,24.974496841430664
16445,47.08000183105469,42.9113883972168
16446,11.880000114440918,9.904227256774902
16447,19.459999084472656,17.408920288085938
16448,9.039999961853027,5.910614013671875
16449,35.22999954223633,31.974279403686523
16450,9.699999809265137,7.784843921661377
16451,38.75,36.01874923706055
16452,32.52000045776367,31.933752059936523
16453,65.66999816894531,65.83258056640625
16454,23.170000076293945,20.114322662353516
16455,18.56999969482422,17.064271926879883
16456,52.529998779296875,45.100189208984375
16457,22.459999084472656,16.365005493164062
16458,23.399999618530273,18.89676284790039
16459,46.79999923706055,40.97980880737305
16460,44.29999923706055,41.5459098815918
16461,28.950000762939453,25.661523818969727
16462,37.45000076293945,33.76039123535156
16463,5.449999809265137,2.6844711303710938
16464,25.190000534057617,19.14727020263672
16465,30.06999969482422,29.406051635742188
16466,49.86000061035156,37.24647521972656
16467,10.079999923706055,8.223135948181152
16468,4.170000076293945,2.781350612640381
16469,15.170000076293945,12.738730430603027
16470,14.449999809265137,11.512039184570312
16471,35.939998626708984,30.841413497924805
16472,12.640000343322754,11.157033920288086
16473,12.460000038146973,10.179093360900879
16474,48.560001373291016,35.964637756347656
16475,9.010000228881836,7.575629711151123
16476,9.920000076293945,8.274685859680176
16477,37.59000015258789,32.265682220458984
16478,17.68000030517578,16.08775520324707
16479,29.469999313354492,25.129486083984375
16480,16.440000534057617,13.136683464050293
16481,41.04999923706055,32.467220306396484
16482,48.5099983215332,44.92327880859375
16483,61.72999954223633,60.80109786987305
16484,44.310001373291016,40.68999099731445
16485,41.939998626708984,37.591068267822266
16486,40.70000076293945,35.6134147644043
16487,27.579999923706055,24.474462509155273
16488,6.389999866485596,4.5431928634643555
16489,40.810001373291016,36.66169738769531
16490,29.8799991607666,25.439334869384766
16491,33.939998626708984,29.80860137939453
16492,18.790000915527344,16.359848022460938
16493,12.470000267028809,11.059391975402832
16494,21.0,17.164386749267578
16495,29.65999984741211,25.64583396911621
16496,34.7599983215332,30.260787963867188
16497,29.110000610351562,26.286706924438477
16498,70.25,69.94485473632812
16499,43.220001220703125,38.75061798095703
16500,14.789999961853027,12.587936401367188
16501,65.27999877929688,60.20691680908203
16502,58.27000045776367,56.528167724609375
16503,38.97999954223633,37.227996826171875
16504,9.479999542236328,8.478976249694824
16505,13.050000190734863,11.354090690612793
16506,22.290000915527344,18.490015029907227
16507,39.7400016784668,35.546897888183594
16508,13.640000343322754,11.0426607131958
16509,36.83000183105469,33.5053825378418
16510,25.09000015258789,25.281734466552734
16511,3.359999895095825,1.5825539827346802
16512,16.68000030517578,13.485512733459473
16513,22.360000610351562,19.623641967773438
16514,24.020000457763672,20.893535614013672
16515,19.290000915527344,17.90801429748535
16516,31.209999084472656,29.123859405517578
16517,32.650001525878906,29.69187355041504
16518,27.510000228881836,20.59149169921875
16519,35.68000030517578,32.882286071777344
16520,80.80000305175781,70.69583129882812
16521,10.199999809265137,7.837894916534424
16522,34.34000015258789,31.814289093017578
16523,14.609999656677246,10.780330657958984
16524,6.420000076293945,4.708771228790283
16525,3.9200000762939453,2.5141847133636475
16526,35.34000015258789,32.18525695800781
16527,28.239999771118164,23.540725708007812
16528,46.40999984741211,40.17934799194336
16529,59.88999938964844,56.555240631103516
16530,37.209999084472656,31.478654861450195
16531,4.809999942779541,2.9066555500030518
16532,40.58000183105469,36.10275650024414
16533,37.93000030517578,34.51544189453125
16534,47.310001373291016,35.63351821899414
16535,14.640000343322754,11.707184791564941
16536,35.22999954223633,30.913597106933594
16537,36.13999938964844,33.08071517944336
16538,13.0600004196167,10.748205184936523
16539,46.0,41.66560363769531
16540,15.260000228881836,11.54360580444336
16541,67.4800033569336,65.54041290283203
16542,25.489999771118164,23.346904754638672
16543,41.81999969482422,35.898014068603516
16544,25.280000686645508,22.06098175048828
16545,11.40999984741211,9.690238952636719
16546,36.34000015258789,32.6085319519043
16547,62.97999954223633,58.524871826171875
16548,73.41999816894531,70.86722564697266
16549,7.079999923706055,5.59100341796875
16550,2.390000104904175,1.4904329776763916
16551,11.0,8.6609525680542
16552,47.470001220703125,35.419490814208984
16553,10.470000267028809,8.743513107299805
16554,24.139999389648438,17.70130729675293
16555,8.350000381469727,6.481381893157959
16556,22.8799991607666,22.252017974853516
16557,36.869998931884766,32.86856460571289
16558,47.0099983215332,47.958858489990234
16559,19.15999984741211,17.7273006439209
16560,3.8499999046325684,1.967782735824585
16561,14.25,13.06790542602539
16562,21.270000457763672,20.805355072021484
16563,18.850000381469727,15.050309181213379
16564,47.529998779296875,45.03364181518555
16565,46.709999084472656,44.4784049987793
16566,12.720000267028809,10.711506843566895
16567,19.389999389648438,14.706436157226562
16568,28.200000762939453,21.61988639831543
16569,71.62000274658203,69.75326538085938
16570,10.90999984741211,9.300251960754395
16571,39.790000915527344,34.23645782470703
16572,25.110000610351562,21.678585052490234
16573,11.449999809265137,7.4818644523620605
16574,19.260000228881836,16.44598960876465
16575,39.72999954223633,36.517398834228516
16576,23.280000686645508,19.796863555908203
16577,7.789999961853027,5.054390907287598
16578,29.899999618530273,25.581600189208984
16579,73.45999908447266,68.78462219238281
16580,23.889999389648438,21.013076782226562
16581,7.519999980926514,5.887421607971191
16582,12.1899995803833,9.895783424377441
16583,40.380001068115234,35.65515899658203
16584,16.110000610351562,14.810151100158691
16585,15.630000114440918,12.475353240966797
16586,34.439998626708984,29.736494064331055
16587,47.45000076293945,45.88716506958008
16588,14.170000076293945,11.8274507522583
16589,8.289999961853027,6.233724594116211
16590,53.119998931884766,43.18946838378906
16591,55.029998779296875,52.229095458984375
16592,22.229999542236328,19.840198516845703
16593,7.03000020980835,4.716689586639404
16594,29.459999084472656,25.491146087646484
16595,64.13999938964844,63.287235260009766
16596,40.119998931884766,35.68638229370117
16597,22.579999923706055,25.301918029785156
16598,31.829999923706055,27.62135887145996
16599,40.36000061035156,34.47263717651367
16600,24.469999313354492,21.45796775817871
16601,14.470000267028809,12.42737865447998
16602,18.8799991607666,20.78546142578125
16603,25.25,19.303203582763672
16604,36.09000015258789,31.796077728271484
16605,13.380000114440918,11.404261589050293
16606,49.54999923706055,45.28251647949219
16607,17.530000686645508,15.291180610656738
16608,30.649999618530273,27.6036376953125
16609,10.710000038146973,10.299249649047852
16610,9.079999923706055,7.2762932777404785
16611,26.43000030517578,18.869327545166016
16612,38.63999938964844,34.242977142333984
16613,18.3799991607666,15.716358184814453
16614,12.199999809265137,9.774023056030273
16615,12.4399995803833,10.225882530212402
16616,14.600000381469727,12.784677505493164
16617,3.3399999141693115,1.4925423860549927
16618,25.229999542236328,22.528789520263672
16619,32.290000915527344,32.410316467285156
16620,13.260000228881836,11.411953926086426
16621,43.459999084472656,36.65739440917969
16622,50.11000061035156,45.30605697631836
16623,7.710000038146973,6.077744007110596
16624,29.229999542236328,26.742387771606445
16625,20.530000686645508,18.129302978515625
16626,23.5,21.888938903808594
16627,50.849998474121094,34.50685119628906
16628,15.329999923706055,13.538442611694336
16629,34.06999969482422,26.532732009887695
16630,44.84000015258789,42.09148406982422
16631,22.969999313354492,18.19434356689453
16632,26.90999984741211,18.682161331176758
16633,12.579999923706055,11.199973106384277
16634,27.479999542236328,24.945594787597656
16635,33.939998626708984,29.75143814086914
16636,72.2699966430664,69.21942901611328
16637,4.380000114440918,1.5272852182388306
16638,15.15999984741211,13.080964088439941
16639,31.8700008392334,28.437543869018555
16640,29.209999084472656,23.50559425354004
16641,35.04999923706055,40.06484603881836
16642,64.66000366210938,64.48977661132812
16643,53.09000015258789,52.02965545654297
16644,76.86000061035156,53.83838653564453
16645,26.81999969482422,23.05210304260254
16646,60.0,54.131832122802734
16647,18.270000457763672,15.779330253601074
16648,7.019999980926514,4.933168411254883
16649,48.599998474121094,36.520328521728516
16650,17.3799991607666,14.464813232421875
16651,7.400000095367432,5.984250068664551
16652,37.29999923706055,32.57756805419922
16653,11.1899995803833,9.015828132629395
16654,22.6200008392334,20.201112747192383
16655,22.8799991607666,20.463361740112305
16656,41.0,38.24175262451172
16657,16.760000228881836,15.068114280700684
16658,46.0,42.11911392211914
16659,44.83000183105469,47.11111831665039
16660,36.40999984741211,33.22997283935547
16661,34.04999923706055,39.17498779296875
16662,75.66000366210938,78.42863464355469
16663,28.3700008392334,25.603639602661133
16664,35.779998779296875,35.52958297729492
16665,39.13999938964844,33.97463607788086
16666,3.359999895095825,1.7606291770935059
16667,13.710000038146973,11.581711769104004
16668,58.130001068115234,54.561397552490234
16669,13.760000228881836,10.754772186279297
16670,31.219999313354492,25.31832504272461
16671,9.270000457763672,7.400286674499512
16672,10.130000114440918,8.733426094055176
16673,40.970001220703125,38.6510124206543
16674,13.390000343322754,11.236320495605469
16675,19.700000762939453,16.810306549072266
16676,25.709999084472656,21.689720153808594
16677,27.600000381469727,25.403026580810547
16678,50.02000045776367,48.02360916137695
16679,39.369998931884766,35.68430709838867
16680,18.8700008392334,15.265517234802246
16681,21.6299991607666,17.857629776000977
16682,13.34000015258789,10.825199127197266
16683,10.960000038146973,9.39001178741455
16684,30.0,25.190603256225586
16685,59.130001068115234,51.98343276977539
16686,26.93000030517578,22.217239379882812
16687,37.91999816894531,29.835411071777344
16688,11.960000038146973,10.020906448364258
16689,41.29999923706055,37.4772834777832
16690,29.649999618530273,26.1872501373291
16691,29.309999465942383,25.954273223876953
16692,32.380001068115234,37.41393280029297
16693,28.219999313354492,26.070175170898438
16694,30.489999771118164,29.625244140625
16695,2.859999895095825,1.9694709777832031
16696,29.229999542236328,26.619544982910156
16697,40.779998779296875,37.18232345581055
16698,19.690000534057617,16.03008460998535
16699,50.619998931884766,48.52052688598633
16700,17.280000686645508,15.113543510437012
16701,29.079999923706055,19.450454711914062
16702,48.65999984741211,43.8820915222168
16703,33.9900016784668,30.033939361572266
16704,33.70000076293945,29.977725982666016
16705,42.34000015258789,39.8741569519043
16706,10.380000114440918,8.12352466583252
16707,24.639999389648438,19.89830780029297
16708,18.649999618530273,18.38425064086914
16709,8.5600004196167,6.891042709350586
16710,14.069999694824219,10.846421241760254
16711,17.389999389648438,15.05871295928955
16712,30.020000457763672,27.02300453186035
16713,16.350000381469727,13.275687217712402
16714,3.7699999809265137,1.4184420108795166
16715,7.920000076293945,6.775444507598877
16716,33.04999923706055,31.482929229736328
16717,32.439998626708984,34.36410903930664
16718,25.739999771118164,22.504150390625
16719,21.959999084472656,17.291751861572266
16720,49.61000061035156,55.56559753417969
16721,7.630000114440918,5.716660022735596
16722,23.219999313354492,21.436874389648438
16723,44.43000030517578,40.85442352294922
16724,1.2599999904632568,1.660727620124817
16725,35.15999984741211,30.74777603149414
16726,61.38999938964844,59.65232467651367
16727,20.760000228881836,18.51367950439453
16728,36.40999984741211,32.120418548583984
16729,38.4900016784668,35.984397888183594
16730,53.060001373291016,52.00335693359375
16731,10.489999771118164,8.766030311584473
16732,32.15999984741211,27.671550750732422
16733,5.449999809265137,3.1650750637054443
16734,11.479999542236328,9.482884407043457
16735,3.5,1.777679681777954
16736,36.0,34.93573760986328
16737,33.2599983215332,30.10364532470703
16738,8.829999923706055,7.355198383331299
16739,14.65999984741211,11.815616607666016
16740,13.420000076293945,11.793084144592285
16741,22.290000915527344,19.85105323791504
16742,46.630001068115234,40.706722259521484
16743,29.420000076293945,26.701549530029297
16744,4.199999809265137,2.608344316482544
16745,34.25,29.83395004272461
16746,47.29999923706055,45.23831558227539
16747,26.84000015258789,23.022077560424805
16748,17.950000762939453,15.907698631286621
16749,20.5,16.813323974609375
16750,30.559999465942383,26.551219940185547
16751,17.68000030517578,16.15131187438965
16752,17.889999389648438,14.4785737991333
16753,16.049999237060547,13.924406051635742
16754,30.700000762939453,28.13031768798828
16755,74.61000061035156,34.605777740478516
16756,16.639999389648438,10.754775047302246
16757,10.960000038146973,9.113597869873047
16758,46.84000015258789,42.14444351196289
16759,53.529998779296875,49.32337188720703
16760,23.299999237060547,19.303312301635742
16761,16.540000915527344,14.622169494628906
16762,35.7400016784668,32.72126007080078
16763,9.529999732971191,8.268170356750488
16764,12.65999984741211,10.707286834716797
16765,34.970001220703125,35.93828201293945
16766,36.47999954223633,32.64592361450195
16767,59.150001525878906,50.82308578491211
16768,37.689998626708984,39.26265335083008
16769,26.200000762939453,22.520973205566406
16770,28.030000686645508,25.35803985595703
16771,57.88999938964844,54.302406311035156
16772,22.459999084472656,19.59126853942871
16773,38.099998474121094,34.498836517333984
16774,35.0,31.046905517578125
16775,20.68000030517578,16.48052978515625
16776,19.81999969482422,17.909557342529297
16777,55.540000915527344,53.539615631103516
16778,17.860000610351562,15.225401878356934
16779,11.069999694824219,9.965466499328613
16780,29.270000457763672,26.7229061126709
16781,26.350000381469727,24.632253646850586
16782,14.550000190734863,11.90119743347168
16783,40.40999984741211,37.79059600830078
16784,4.769999980926514,3.083690643310547
16785,42.439998626708984,36.66455841064453
16786,23.540000915527344,18.823139190673828
16787,58.97999954223633,58.42488098144531
16788,10.65999984741211,8.586995124816895
16789,43.939998626708984,41.375709533691406
16790,34.689998626708984,32.75446319580078
16791,35.63999938964844,33.010807037353516
16792,19.329999923706055,15.272841453552246
16793,26.959999084472656,23.197433471679688
16794,9.869999885559082,8.252113342285156
16795,18.270000457763672,14.635207176208496
16796,6.900000095367432,4.363889694213867
16797,33.56999969482422,29.46942710876465
16798,31.389999389648438,29.02566146850586
16799,38.93000030517578,34.206844329833984
16800,10.789999961853027,9.333568572998047
16801,6.289999961853027,3.621454954147339
16802,42.72999954223633,31.43791389465332
16803,20.450000762939453,17.87432098388672
16804,28.420000076293945,20.57988929748535
16805,58.779998779296875,57.040225982666016
16806,5.809999942779541,3.550898790359497
16807,70.43000030517578,63.98685836791992
16808,53.79999923706055,48.290435791015625
16809,5.659999847412109,3.6929304599761963
16810,11.470000267028809,9.50532341003418
16811,35.81999969482422,32.90263748168945
16812,46.630001068115234,40.85340881347656
16813,14.90999984741211,12.307979583740234
16814,19.010000228881836,16.012226104736328
16815,24.469999313354492,20.6351375579834
16816,13.1899995803833,9.974210739135742
16817,16.229999542236328,14.001008033752441
16818,63.84000015258789,57.94362258911133
16819,16.260000228881836,14.225317001342773
16820,10.039999961853027,8.442641258239746
16821,5.059999942779541,3.243298053741455
16822,10.039999961853027,8.478205680847168
16823,20.399999618530273,19.392860412597656
16824,15.130000114440918,12.977187156677246
16825,30.860000610351562,26.988527297973633
16826,8.569999694824219,5.5465474128723145
16827,18.799999237060547,17.164587020874023
16828,4.300000190734863,2.4098408222198486
16829,29.3799991607666,25.13422203063965
16830,29.530000686645508,23.613204956054688
16831,30.15999984741211,29.393112182617188
16832,8.489999771118164,6.313195705413818
16833,27.389999389648438,24.24227523803711
16834,26.600000381469727,22.066879272460938
16835,42.58000183105469,35.46342468261719
16836,5.619999885559082,4.205870628356934
16837,12.010000228881836,9.380084991455078
16838,40.83000183105469,38.62290573120117
16839,20.65999984741211,16.310922622680664
16840,20.170000076293945,19.65267562866211
16841,36.25,32.59115982055664
16842,23.979999542236328,20.964954376220703
16843,36.95000076293945,30.860469818115234
16844,6.199999809265137,5.384418487548828
16845,32.84000015258789,28.88835906982422
16846,54.66999816894531,47.776817321777344
16847,7.559999942779541,5.165185451507568
16848,27.09000015258789,21.614463806152344
16849,41.130001068115234,40.19968032836914
16850,15.039999961853027,12.333032608032227
16851,6.269999980926514,4.2774577140808105
16852,8.3100004196167,6.230554103851318
16853,4.139999866485596,2.3376283645629883
16854,31.68000030517578,25.04706573486328
16855,51.849998474121094,46.58420181274414
16856,43.709999084472656,43.92323303222656
16857,23.530000686645508,19.532791137695312
16858,46.15999984741211,41.70409393310547
16859,20.65999984741211,17.025815963745117
16860,32.709999084472656,29.12110137939453
16861,34.529998779296875,31.252166748046875
16862,19.25,20.148303985595703
16863,10.460000038146973,7.645240783691406
16864,39.29999923706055,35.916194915771484
16865,19.65999984741211,17.959697723388672
16866,51.540000915527344,45.344398498535156
16867,24.170000076293945,21.458654403686523
16868,49.0099983215332,46.58981704711914
16869,25.43000030517578,23.170513153076172
16870,22.940000534057617,17.814910888671875
16871,7.579999923706055,5.270325660705566
16872,28.920000076293945,28.733118057250977
16873,26.709999084472656,21.357986450195312
16874,33.52000045776367,30.369243621826172
16875,78.62000274658203,49.59272384643555
16876,23.690000534057617,20.565826416015625
16877,19.260000228881836,16.942506790161133
16878,23.8700008392334,21.504453659057617
16879,7.639999866485596,6.0459980964660645
16880,59.560001373291016,50.61479568481445
16881,12.0,10.807577133178711
16882,42.470001220703125,37.38992691040039
16883,37.29999923706055,34.50951385498047
16884,4.710000038146973,3.3843564987182617
16885,19.190000534057617,16.73180389404297
16886,7.289999961853027,5.758489608764648
16887,6.269999980926514,4.823790550231934
16888,28.770000457763672,26.46368980407715
16889,18.420000076293945,14.808680534362793
16890,40.25,38.642269134521484
16891,16.270000457763672,14.255890846252441
16892,20.15999984741211,15.514347076416016
16893,2.1600000858306885,1.639373540878296
16894,20.899999618530273,19.562707901000977
16895,14.420000076293945,10.91246509552002
16896,35.16999816894531,29.974523544311523
16897,58.130001068115234,52.84778594970703
16898,11.729999542236328,10.070116996765137
16899,22.59000015258789,21.391088485717773
16900,27.469999313354492,23.497385025024414
16901,48.13999938964844,45.067955017089844
16902,46.25,43.377803802490234
16903,41.0099983215332,39.753353118896484
16904,26.579999923706055,23.868972778320312
16905,11.699999809265137,9.393543243408203
16906,17.34000015258789,15.298291206359863
16907,28.0,21.9908447265625
16908,27.219999313354492,21.875102996826172
16909,3.3499999046325684,1.7795864343643188
16910,37.130001068115234,32.913150787353516
16911,33.7400016784668,30.658193588256836
16912,3.950000047683716,3.204960346221924
16913,25.93000030517578,18.74899673461914
16914,25.81999969482422,21.18937873840332
16915,47.61000061035156,45.708187103271484
16916,58.86000061035156,54.522342681884766
16917,9.3100004196167,7.019251823425293
16918,26.040000915527344,21.69525909423828
16919,14.699999809265137,12.461071968078613
16920,34.47999954223633,29.98002052307129
16921,13.020000457763672,11.121668815612793
16922,21.260000228881836,19.860328674316406
16923,20.469999313354492,16.66855812072754
16924,40.22999954223633,39.7232551574707
16925,44.380001068115234,40.34836196899414
16926,30.520000457763672,27.41834259033203
16927,4.920000076293945,2.880066156387329
16928,18.040000915527344,17.396373748779297
16929,3.559999942779541,2.1088972091674805
16930,40.939998626708984,36.393775939941406
16931,15.5,13.389681816101074
16932,47.25,42.90385055541992
16933,43.09000015258789,39.69377136230469
16934,5.110000133514404,2.8054916858673096
16935,71.54000091552734,55.14802169799805
16936,33.900001525878906,34.605777740478516
16937,18.889999389648438,16.1397705078125
16938,36.18000030517578,31.749534606933594
16939,27.65999984741211,25.068809509277344
16940,21.959999084472656,18.352510452270508
16941,17.329999923706055,13.562909126281738
16942,8.869999885559082,6.318737983703613
16943,70.33999633789062,71.21843719482422
16944,46.290000915527344,38.58144760131836
16945,8.920000076293945,7.903588771820068
16946,21.209999084472656,18.300952911376953
16947,34.13999938964844,28.85296630859375
16948,25.15999984741211,21.484176635742188
16949,16.3700008392334,13.942191123962402
16950,24.489999771118164,20.09960174560547
16951,16.350000381469727,13.656805038452148
16952,54.43000030517578,51.52011489868164
16953,17.56999969482422,15.632192611694336
16954,23.969999313354492,22.00710105895996
16955,14.979999542236328,11.538161277770996
16956,15.6899995803833,14.143567085266113
16957,32.599998474121094,29.271636962890625
16958,44.310001373291016,39.6461067199707
16959,16.459999084472656,11.84655475616455
16960,27.690000534057617,25.282739639282227
16961,46.34000015258789,43.79356002807617
16962,41.02000045776367,35.8273811340332
16963,32.66999816894531,32.13440704345703
16964,15.5600004196167,11.837015151977539
16965,13.869999885559082,12.530440330505371
16966,6.739999771118164,4.725211143493652
16967,41.20000076293945,37.83243942260742
16968,16.530000686645508,14.496772766113281
16969,25.0,16.937305450439453
16970,16.530000686645508,14.259819030761719
16971,38.380001068115234,35.83381271362305
16972,74.41999816894531,74.46439361572266
16973,9.109999656677246,7.311241626739502
16974,22.049999237060547,20.771757125854492
16975,39.18000030517578,41.39968490600586
16976,39.720001220703125,38.65973663330078
16977,67.01000213623047,55.69865798950195
16978,22.170000076293945,19.484577178955078
16979,13.520000457763672,11.781254768371582
16980,37.209999084472656,33.09107208251953
16981,28.100000381469727,23.585512161254883
16982,3.5399999618530273,1.393297553062439
16983,54.06999969482422,50.9234504699707
16984,19.530000686645508,15.912070274353027
16985,9.600000381469727,8.538110733032227
16986,15.569999694824219,12.032193183898926
16987,30.469999313354492,25.359203338623047
16988,4.909999847412109,2.1218416690826416
16989,1.4199999570846558,1.6963881254196167
16990,3.0,1.5480899810791016
16991,19.639999389648438,16.36618995666504
16992,21.0,21.487455368041992
16993,20.5,17.035980224609375
16994,52.02000045776367,49.84218978881836
16995,26.049999237060547,22.552474975585938
16996,21.139999389648438,19.345897674560547
16997,30.969999313354492,20.425920486450195
16998,47.939998626708984,40.35853958129883
16999,23.6200008392334,20.87066650390625
17000,33.689998626708984,30.00395965576172
17001,28.18000030517578,25.0809326171875
17002,18.700000762939453,15.01039981842041
17003,19.90999984741211,17.053096771240234
17004,48.5,43.502376556396484
17005,36.2400016784668,33.17494583129883
17006,44.349998474121094,42.280181884765625
17007,26.6200008392334,22.546592712402344
17008,28.65999984741211,21.872432708740234
17009,46.9900016784668,49.51517105102539
17010,43.06999969482422,39.552215576171875
17011,25.079999923706055,22.76491928100586
17012,16.59000015258789,13.825572967529297
17013,35.36000061035156,32.33867263793945
17014,33.619998931884766,38.32326889038086
17015,8.789999961853027,5.872060298919678
17016,56.040000915527344,42.213478088378906
17017,51.529998779296875,52.7883415222168
17018,25.649999618530273,23.622695922851562
17019,13.739999771118164,11.354552268981934
17020,24.520000457763672,20.514751434326172
17021,38.380001068115234,40.338134765625
17022,45.849998474121094,41.54951858520508
17023,74.12000274658203,69.12647247314453
17024,44.349998474121094,47.25117874145508
17025,11.529999732971191,8.16102123260498
17026,66.0999984741211,60.49727249145508
17027,19.940000534057617,17.008615493774414
17028,4.010000228881836,2.6635963916778564
17029,26.59000015258789,23.730342864990234
17030,9.40999984741211,7.94286584854126
17031,42.650001525878906,38.50403594970703
17032,9.270000457763672,7.227793216705322
17033,23.760000228881836,20.743913650512695
17034,23.459999084472656,19.70553207397461
17035,19.829999923706055,17.383520126342773
17036,40.400001525878906,38.52585220336914
17037,32.15999984741211,29.875770568847656
17038,7.03000020980835,4.951206207275391
17039,11.949999809265137,10.058028221130371
17040,30.010000228881836,27.546775817871094
17041,7.920000076293945,5.8619489669799805
17042,16.84000015258789,15.181760787963867
17043,46.099998474121094,42.318946838378906
17044,29.68000030517578,25.200088500976562
17045,21.809999465942383,21.602161407470703
17046,52.83000183105469,49.40192413330078
17047,36.84000015258789,42.598514556884766
17048,18.510000228881836,15.872235298156738
17049,46.810001373291016,42.402076721191406
17050,25.6200008392334,21.602489471435547
17051,49.59000015258789,48.132171630859375
17052,9.979999542236328,8.236700057983398
17053,25.709999084472656,22.908845901489258
17054,55.88999938964844,62.09632110595703
17055,5.809999942779541,4.378563404083252
17056,39.77000045776367,36.474334716796875
17057,45.970001220703125,41.98519515991211
17058,21.34000015258789,18.045188903808594
17059,4.670000076293945,3.7474091053009033
17060,14.960000038146973,12.987726211547852
17061,49.459999084472656,47.36477279663086
17062,54.189998626708984,50.00913619995117
17063,4.980000019073486,2.848881483078003
17064,24.889999389648438,21.51479148864746
17065,54.119998931884766,56.024471282958984
17066,7.019999980926514,5.005592346191406
17067,37.459999084472656,32.68705368041992
17068,42.93000030517578,40.463871002197266
17069,44.13999938964844,40.188568115234375
17070,28.850000381469727,24.152454376220703
17071,18.81999969482422,15.695417404174805
17072,38.4900016784668,33.11098098754883
17073,24.489999771118164,26.879444122314453
17074,45.630001068115234,41.210235595703125
17075,38.7599983215332,35.3510627746582
17076,38.959999084472656,35.2424430847168
17077,14.979999542236328,12.483972549438477
17078,12.270000457763672,9.74156379699707
17079,72.83999633789062,72.33467864990234
17080,62.20000076293945,53.451934814453125
17081,59.45000076293945,57.8066520690918
17082,33.060001373291016,28.890098571777344
17083,29.440000534057617,26.049102783203125
17084,7.75,5.640734672546387
17085,9.010000228881836,7.141550064086914
17086,37.47999954223633,37.22136306762695
17087,24.6299991607666,21.773086547851562
17088,15.5600004196167,13.081990242004395
17089,19.8700008392334,19.49090576171875
17090,27.020000457763672,23.45673942565918
17091,53.91999816894531,41.39968490600586
17092,19.600000381469727,15.575501441955566
17093,37.560001373291016,33.4791145324707
17094,32.06999969482422,31.706317901611328
17095,48.150001525878906,44.01693344116211
17096,52.689998626708984,55.27482223510742
17097,43.779998779296875,40.82453536987305
17098,25.43000030517578,22.65895652770996
17099,21.15999984741211,17.176706314086914
17100,47.81999969482422,46.95949172973633
17101,16.59000015258789,15.754067420959473
17102,12.470000267028809,10.690452575683594
17103,14.369999885559082,11.868788719177246
17104,17.200000762939453,12.963074684143066
17105,7.139999866485596,5.126689434051514
17106,35.88999938964844,31.623126983642578
17107,35.70000076293945,33.04879379272461
17108,39.7400016784668,37.31864929199219
17109,46.04999923706055,37.904747009277344
17110,7.519999980926514,5.083043098449707
17111,13.140000343322754,10.834972381591797
17112,18.239999771118164,15.591486930847168
17113,9.4399995803833,7.6357526779174805
17114,14.40999984741211,12.157995223999023
17115,16.959999084472656,12.763177871704102
17116,9.170000076293945,6.440504550933838
17117,13.109999656677246,10.56369686126709
17118,35.970001220703125,32.47871398925781
17119,6.5,4.579568862915039
17120,1.409999966621399,1.457445740699768
17121,55.380001068115234,51.01760482788086
17122,51.849998474121094,48.06355285644531
17123,35.400001525878906,32.202938079833984
17124,24.049999237060547,20.325607299804688
17125,35.380001068115234,31.42078399658203
17126,28.65999984741211,25.36482810974121
17127,34.02000045776367,31.001876831054688
17128,25.75,22.770160675048828
17129,60.720001220703125,57.741600036621094
17130,21.010000228881836,18.068336486816406
17131,19.969999313354492,17.889028549194336
17132,28.299999237060547,24.79947280883789
17133,19.059999465942383,15.771710395812988
17134,34.09000015258789,31.03989601135254
17135,21.329999923706055,17.930843353271484
17136,37.0,35.19521713256836
17137,11.609999656677246,8.220016479492188
17138,7.650000095367432,5.638149738311768
17139,46.279998779296875,46.432411193847656
17140,64.44999694824219,64.21492767333984
17141,68.38999938964844,59.50740051269531
17142,19.84000015258789,17.36406135559082
17143,36.869998931884766,28.174007415771484
17144,26.290000915527344,22.586257934570312
17145,15.770000457763672,11.660698890686035
17146,36.04999923706055,34.2205810546875
17147,24.1299991607666,20.806289672851562
17148,18.780000686645508,15.264734268188477
17149,15.979999542236328,13.377196311950684
17150,30.239999771118164,25.861778259277344
17151,45.0,41.37532424926758
17152,14.829999923706055,13.346535682678223
17153,45.529998779296875,43.1855583190918
17154,23.270000457763672,20.135133743286133
17155,11.920000076293945,8.502031326293945
17156,27.239999771118164,24.454071044921875
17157,42.08000183105469,37.313663482666016
17158,35.91999816894531,31.36581039428711
17159,16.469999313354492,13.974238395690918
17160,20.860000610351562,16.499210357666016
17161,29.8700008392334,29.760845184326172
17162,38.68000030517578,37.32310104370117
17163,20.920000076293945,17.905057907104492
17164,45.68000030517578,50.28877639770508
17165,37.709999084472656,36.08559036254883
17166,8.270000457763672,5.660505294799805
17167,51.45000076293945,45.81916427612305
17168,20.56999969482422,20.211013793945312
17169,18.59000015258789,15.292320251464844
17170,34.099998474121094,32.54983139038086
17171,50.75,46.99713134765625
17172,6.179999828338623,5.393385887145996
17173,23.709999084472656,21.4033203125
17174,26.979999542236328,24.183021545410156
17175,24.219999313354492,20.298065185546875
17176,17.790000915527344,15.0746431350708
17177,16.760000228881836,13.699533462524414
17178,25.149999618530273,20.907211303710938
17179,28.06999969482422,26.126506805419922
17180,37.689998626708984,34.015560150146484
17181,22.350000381469727,17.899646759033203
17182,12.300000190734863,10.413986206054688
17183,22.440000534057617,23.200523376464844
17184,53.83000183105469,49.83415985107422
17185,35.119998931884766,34.17605972290039
17186,27.829999923706055,25.100326538085938
17187,9.579999923706055,8.297080993652344
17188,63.029998779296875,55.27267837524414
17189,12.25,10.080123901367188
17190,57.61000061035156,51.50656509399414
17191,15.430000305175781,12.915197372436523
17192,31.06999969482422,27.458560943603516
17193,33.150001525878906,26.37274932861328
17194,26.139999389648438,24.2158145904541
17195,51.619998931884766,47.30617904663086
17196,22.8700008392334,19.14727020263672
17197,43.310001373291016,39.24726104736328
17198,20.350000381469727,17.657814025878906
17199,50.470001220703125,44.04309844970703
17200,45.869998931884766,42.00831985473633
17201,6.079999923706055,4.691799163818359
17202,29.540000915527344,25.798131942749023
17203,36.97999954223633,36.538265228271484
17204,15.25,11.722681045532227
17205,18.829999923706055,15.634815216064453
17206,26.959999084472656,25.735797882080078
17207,69.55000305175781,63.09627151489258
17208,55.959999084472656,49.953399658203125
17209,61.66999816894531,58.26588439941406
17210,43.40999984741211,39.856971740722656
17211,7.980000019073486,5.011080265045166
17212,10.020000457763672,7.648434638977051
17213,11.270000457763672,8.52306079864502
17214,8.84000015258789,6.630924224853516
17215,29.239999771118164,27.539457321166992
17216,58.40999984741211,53.77883529663086
17217,25.56999969482422,22.27149200439453
17218,20.739999771118164,18.275100708007812
17219,26.290000915527344,22.504745483398438
17220,59.2400016784668,53.93710708618164
17221,6.909999847412109,5.387676239013672
17222,27.950000762939453,24.420047760009766
17223,32.720001220703125,29.751708984375
17224,32.470001220703125,35.82927322387695
17225,47.02000045776367,45.10722351074219
17226,29.850000381469727,27.016921997070312
17227,16.030000686645508,13.420251846313477
17228,46.0099983215332,35.86539077758789
17229,30.709999084472656,24.117813110351562
17230,42.18000030517578,38.20267868041992
17231,11.930000305175781,9.913269996643066
17232,32.459999084472656,21.999248504638672
17233,21.329999923706055,16.682247161865234
17234,8.229999542236328,6.597050666809082
17235,33.0,26.017793655395508
17236,15.079999923706055,12.512335777282715
17237,70.66999816894531,70.9853286743164
17238,15.170000076293945,13.4659423828125
17239,31.020000457763672,27.248580932617188
17240,19.829999923706055,17.993314743041992
17241,7.769999980926514,6.192542552947998
17242,33.900001525878906,34.15761184692383
17243,32.849998474121094,29.99716567993164
17244,19.170000076293945,15.446391105651855
17245,22.75,18.95123291015625
17246,28.81999969482422,23.030488967895508
17247,37.189998626708984,38.086097717285156
17248,10.59000015258789,8.241320610046387
17249,23.219999313354492,20.05032730102539
17250,19.450000762939453,17.227951049804688
17251,19.530000686645508,16.61656951904297
17252,41.75,35.964637756347656
17253,76.20999908447266,57.24546432495117
17254,35.790000915527344,33.182132720947266
17255,11.880000114440918,9.731335639953613
17256,6.869999885559082,4.71572208404541
17257,41.38999938964844,38.17914962768555
17258,30.690000534057617,27.356937408447266
17259,26.290000915527344,22.799938201904297
17260,19.0,14.861573219299316
17261,11.4399995803833,9.851692199707031
17262,57.40999984741211,56.1956901550293
17263,18.59000015258789,17.556406021118164
17264,28.3799991607666,26.306011199951172
17265,13.949999809265137,9.821812629699707
17266,49.939998626708984,39.39250564575195
17267,59.83000183105469,56.024471282958984
17268,6.230000019073486,5.182014465332031
17269,45.209999084472656,41.539066314697266
17270,33.04999923706055,29.34250259399414
17271,8.729999542236328,6.961807727813721
17272,16.110000610351562,13.38834285736084
17273,39.08000183105469,30.48812484741211
17274,11.710000038146973,9.51457405090332
17275,26.639999389648438,21.559219360351562
17276,16.729999542236328,14.282485961914062
17277,68.05000305175781,67.17478942871094
17278,48.06999969482422,45.265655517578125
17279,44.0099983215332,38.62336349487305
17280,24.40999984741211,21.585384368896484
17281,42.77000045776367,39.8588981628418
17282,6.46999979019165,3.382333278656006
17283,12.210000038146973,9.993224143981934
17284,51.47999954223633,55.1490592956543
17285,23.670000076293945,20.54228973388672
17286,19.579999923706055,17.691654205322266
17287,13.329999923706055,11.313438415527344
17288,16.8700008392334,13.723520278930664
17289,21.059999465942383,20.20595932006836
17290,41.349998474121094,36.90500259399414
17291,4.829999923706055,3.4972760677337646
17292,21.850000381469727,20.12679672241211
17293,16.360000610351562,14.267610549926758
17294,6.599999904632568,4.779156684875488
17295,38.97999954223633,36.68166732788086
17296,43.310001373291016,41.28310775756836
17297,32.27000045776367,27.942420959472656
17298,7.090000152587891,4.41962194442749
17299,23.31999969482422,19.94350242614746
17300,69.9000015258789,39.17498779296875
17301,5.809999942779541,3.5559277534484863
17302,67.18000030517578,62.41476821899414
17303,16.59000015258789,12.581233978271484
17304,37.189998626708984,35.89581298828125
17305,31.639999389648438,26.97532081604004
17306,16.760000228881836,15.182902336120605
17307,13.039999961853027,10.6373291015625
17308,26.229999542236328,21.977703094482422
17309,46.7599983215332,45.20067596435547
17310,17.690000534057617,14.62816047668457
17311,12.569999694824219,11.363091468811035
17312,7.760000228881836,6.308382034301758
17313,35.310001373291016,30.846101760864258
17314,18.229999542236328,14.790421485900879
17315,27.139999389648438,24.124971389770508
17316,42.540000915527344,39.340782165527344
17317,71.38999938964844,70.80315399169922
17318,53.54999923706055,51.976158142089844
17319,19.059999465942383,15.736347198486328
17320,69.16000366210938,53.10968017578125
17321,40.560001373291016,34.9442024230957
17322,21.510000228881836,19.5163631439209
17323,13.510000228881836,11.111197471618652
17324,10.010000228881836,8.558024406433105
17325,8.720000267028809,6.8301262855529785
17326,24.84000015258789,22.721782684326172
17327,14.25,12.481583595275879
17328,39.45000076293945,33.78044509887695
17329,8.739999771118164,7.204008102416992
17330,51.9900016784668,50.98324203491211
17331,38.38999938964844,36.33758544921875
17332,17.309999465942383,14.11056900024414
17333,21.299999237060547,19.767196655273438
17334,43.7400016784668,40.53660202026367
17335,41.22999954223633,38.76140213012695
17336,35.220001220703125,30.642778396606445
17337,8.25,6.83090877532959
17338,35.119998931884766,31.772825241088867
17339,9.84000015258789,8.816737174987793
17340,15.630000114440918,13.024140357971191
17341,14.8100004196167,11.376681327819824
17342,36.540000915527344,28.16771697998047
17343,40.72999954223633,38.75100326538086
17344,18.309999465942383,14.598469734191895
17345,24.25,21.600358963012695
17346,28.860000610351562,26.262866973876953
17347,17.100000381469727,14.642480850219727
17348,10.130000114440918,8.58747673034668
17349,21.899999618530273,19.537525177001953
17350,34.130001068115234,30.447402954101562
17351,10.579999923706055,9.373631477355957
17352,38.970001220703125,34.72873306274414
17353,16.709999084472656,14.496910095214844
17354,17.65999984741211,15.355046272277832
17355,39.27000045776367,35.7384147644043
17356,27.899999618530273,23.049461364746094
17357,18.56999969482422,16.380380630493164
17358,16.559999465942383,14.28862190246582
17359,16.989999771118164,15.208866119384766
17360,30.860000610351562,25.987628936767578
17361,17.850000381469727,14.260713577270508
17362,4.099999904632568,2.432952404022217
17363,32.9900016784668,35.014007568359375
17364,23.760000228881836,22.981632232666016
17365,36.130001068115234,32.012149810791016
17366,17.309999465942383,15.94699478149414
17367,15.699999809265137,15.255615234375
17368,26.450000762939453,24.115081787109375
17369,58.84000015258789,34.71135330200195
17370,29.889999389648438,22.16580581665039
17371,25.670000076293945,19.396839141845703
17372,19.139999389648438,17.02286148071289
17373,23.8700008392334,21.941898345947266
17374,20.020000457763672,17.642375946044922
17375,42.81999969482422,39.83891296386719
17376,9.430000305175781,6.877860069274902
17377,6.480000019073486,5.373389720916748
17378,68.27999877929688,66.45738220214844
17379,7.03000020980835,4.751901626586914
17380,24.479999542236328,21.332286834716797
17381,41.13999938964844,41.7747688293457
17382,19.899999618530273,16.394630432128906
17383,4.329999923706055,2.6623964309692383
17384,9.59000015258789,8.140351295471191
17385,26.350000381469727,19.02517318725586
17386,17.440000534057617,15.33055591583252
17387,4.309999942779541,2.7411928176879883
17388,19.43000030517578,16.591856002807617
17389,10.239999771118164,8.412668228149414
17390,36.86000061035156,32.74660873413086
17391,59.68000030517578,57.11494064331055
17392,44.83000183105469,42.73122024536133
17393,32.2400016784668,29.470125198364258
17394,33.880001068115234,30.45306968688965
17395,57.47999954223633,54.140357971191406
17396,21.100000381469727,15.012514114379883
17397,58.380001068115234,52.68112564086914
17398,19.200000762939453,17.12067413330078
17399,10.300000190734863,7.176426887512207
17400,39.0099983215332,34.34770202636719
17401,23.690000534057617,20.2730712890625
17402,37.41999816894531,37.18359375
17403,26.489999771118164,23.8670654296875
17404,35.119998931884766,27.57029914855957
17405,20.139999389648438,16.645057678222656
17406,28.34000015258789,22.56364631652832
17407,36.31999969482422,33.113948822021484
17408,11.760000228881836,9.398273468017578
17409,38.220001220703125,33.447547912597656
17410,32.369998931884766,35.12477111816406
17411,37.290000915527344,32.47532272338867
17412,43.540000915527344,33.86911392211914
17413,20.34000015258789,17.214000701904297
17414,19.649999618530273,15.265341758728027
17415,41.83000183105469,37.525264739990234
17416,71.12999725341797,70.0309066772461
17417,22.809999465942383,19.408302307128906
17418,12.930000305175781,8.934807777404785
17419,9.130000114440918,7.567232608795166
17420,14.25,9.754663467407227
17421,16.93000030517578,14.812925338745117
17422,33.119998931884766,30.148073196411133
17423,16.81999969482422,14.855982780456543
17424,24.729999542236328,22.125089645385742
17425,16.959999084472656,14.33206558227539
17426,18.450000762939453,15.557544708251953
17427,13.90999984741211,12.790959358215332
17428,8.210000038146973,6.390115737915039
17429,43.209999084472656,41.16469192504883
17430,11.920000076293945,9.168931007385254
17431,12.479999542236328,11.68666934967041
17432,39.959999084472656,35.216365814208984
17433,2.7899999618530273,1.4991893768310547
17434,5.739999771118164,3.6013598442077637
17435,69.29000091552734,65.5227279663086
17436,30.56999969482422,26.517595291137695
17437,42.06999969482422,39.48594284057617
17438,3.3499999046325684,1.724050760269165
17439,9.460000038146973,6.851279258728027
17440,43.529998779296875,38.78406524658203
17441,43.099998474121094,37.36685562133789
17442,75.8499984741211,76.02133178710938
17443,56.029998779296875,58.83643341064453
17444,12.479999542236328,10.981795310974121
17445,18.6299991607666,16.417552947998047
17446,22.690000534057617,19.783157348632812
17447,28.739999771118164,22.27465057373047
17448,22.489999771118164,20.663217544555664
17449,20.149999618530273,17.169301986694336
17450,17.010000228881836,16.470430374145508
17451,36.06999969482422,34.13003158569336
17452,37.290000915527344,33.298274993896484
17453,18.440000534057617,15.910717010498047
17454,24.270000457763672,23.08180046081543
17455,5.940000057220459,4.527965545654297
17456,31.5,28.532407760620117
17457,33.33000183105469,28.096601486206055
17458,38.09000015258789,41.60853958129883
17459,9.09000015258789,7.3586578369140625
17460,26.68000030517578,22.794282913208008
17461,36.25,33.199440002441406
17462,27.40999984741211,22.41754150390625
17463,41.290000915527344,37.75292205810547
17464,36.279998779296875,29.660720825195312
17465,21.68000030517578,19.23456573486328
17466,15.720000267028809,12.475359916687012
17467,19.670000076293945,15.384089469909668
17468,23.219999313354492,20.342235565185547
17469,47.029998779296875,43.67483139038086
17470,53.25,44.83885955810547
17471,28.969999313354492,28.793380737304688
17472,4.079999923706055,1.8616153001785278
17473,67.30999755859375,35.61763000488281
17474,36.2400016784668,31.994216918945312
17475,34.470001220703125,32.32008361816406
17476,50.810001373291016,46.43710708618164
17477,46.349998474121094,42.861324310302734
17478,20.989999771118164,20.14545249938965
17479,10.729999542236328,8.495797157287598
17480,21.209999084472656,18.504215240478516
17481,18.059999465942383,14.553178787231445
17482,37.9900016784668,33.195674896240234
17483,21.530000686645508,17.844301223754883
17484,6.210000038146973,5.004141807556152
17485,11.260000228881836,9.170295715332031
17486,27.780000686645508,26.23259735107422
17487,8.899999618530273,7.45760440826416
17488,31.43000030517578,27.367938995361328
17489,34.7400016784668,30.772375106811523
17490,41.130001068115234,34.70222091674805
17491,2.890000104904175,3.4060018062591553
17492,32.279998779296875,29.23961639404297
17493,48.86000061035156,49.9669075012207
17494,21.639999389648438,18.147912979125977
17495,52.540000915527344,50.04030227661133
17496,32.900001525878906,26.33864402770996
17497,21.600000381469727,16.139272689819336
17498,30.299999237060547,25.961181640625
17499,24.309999465942383,23.341575622558594
17500,15.029999732971191,11.331462860107422
17501,10.829999923706055,9.151198387145996
17502,12.319999694824219,9.590529441833496
17503,27.31999969482422,22.541601181030273
17504,20.790000915527344,20.56283950805664
17505,22.670000076293945,21.084266662597656
17506,20.950000762939453,16.669876098632812
17507,20.290000915527344,17.273832321166992
17508,56.810001373291016,55.79840087890625
17509,16.020000457763672,13.30296802520752
17510,7.760000228881836,6.299928665161133
17511,41.06999969482422,40.076744079589844
17512,60.209999084472656,52.75575637817383
17513,17.31999969482422,15.419268608093262
17514,22.260000228881836,25.153791427612305
17515,42.029998779296875,36.62142562866211
17516,27.030000686645508,24.171886444091797
17517,13.75,12.61507797241211
17518,8.760000228881836,8.335084915161133
17519,34.22999954223633,29.761600494384766
17520,19.510000228881836,16.997026443481445
17521,45.31999969482422,41.63326644897461
17522,52.540000915527344,50.087520599365234
17523,34.81999969482422,34.039146423339844
17524,36.29999923706055,35.38178634643555
17525,14.5600004196167,11.061963081359863
17526,35.869998931884766,30.991670608520508
17527,30.90999984741211,25.45757293701172
17528,1.340000033378601,1.1865785121917725
17529,16.149999618530273,15.35324764251709
17530,30.489999771118164,26.581539154052734
17531,11.140000343322754,9.16418170928955
17532,26.309999465942383,22.88089942932129
17533,36.97999954223633,34.49882507324219
17534,66.38999938964844,64.48977661132812
17535,39.459999084472656,42.15034103393555
17536,26.690000534057617,23.73093032836914
17537,12.460000038146973,10.688055038452148
17538,3.7799999713897705,2.02372145652771
17539,18.780000686645508,16.18550682067871
17540,28.40999984741211,23.541702270507812
17541,11.40999984741211,9.155561447143555
17542,11.4399995803833,9.991395950317383
17543,14.890000343322754,13.550442695617676
17544,29.760000228881836,24.461523056030273
17545,28.270000457763672,27.717138290405273
17546,33.689998626708984,27.629119873046875
17547,38.72999954223633,35.22993850708008
17548,10.0,8.285871505737305
17549,43.18000030517578,42.022701263427734
17550,8.0,5.68522834777832
17551,2.5,1.197674036026001
17552,25.770000457763672,23.91107177734375
17553,44.02000045776367,35.78264236450195
17554,29.610000610351562,27.043249130249023
17555,27.549999237060547,27.96368408203125
17556,25.940000534057617,22.48089599609375
17557,6.590000152587891,4.639323711395264
17558,33.43000030517578,30.396467208862305
17559,3.5899999141693115,3.679032802581787
17560,6.449999809265137,4.441734313964844
17561,26.15999984741211,21.543556213378906
17562,31.600000381469727,23.37657356262207
17563,69.37999725341797,70.58939361572266
17564,33.93000030517578,30.218219757080078
17565,31.979999542236328,29.753299713134766
17566,31.299999237060547,36.66243362426758
17567,7.010000228881836,4.946591377258301
17568,33.79999923706055,29.69601058959961
17569,7.170000076293945,4.666938304901123
17570,34.459999084472656,26.991424560546875
17571,1.5800000429153442,1.1830852031707764
17572,22.510000228881836,19.133440017700195
17573,18.010000228881836,15.559571266174316
17574,13.270000457763672,10.899261474609375
17575,37.369998931884766,37.004676818847656
17576,11.199999809265137,9.230975151062012
17577,25.799999237060547,22.371814727783203
17578,24.209999084472656,21.530481338500977
17579,42.68000030517578,38.295162200927734
17580,11.960000038146973,9.817346572875977
17581,30.3799991607666,27.12201690673828
17582,8.100000381469727,6.255105972290039
17583,19.209999084472656,16.29308319091797
17584,12.920000076293945,10.70506477355957
17585,57.369998931884766,60.19939041137695
17586,11.279999732971191,8.677490234375
17587,71.4800033569336,69.86015319824219
17588,40.40999984741211,35.75234603881836
17589,19.18000030517578,15.31278133392334
17590,10.529999732971191,8.315638542175293
17591,10.380000114440918,9.284427642822266
17592,27.719999313354492,24.085186004638672
17593,25.299999237060547,22.38043785095215
17594,9.90999984741211,8.060046195983887
17595,20.010000228881836,16.534555435180664
17596,31.219999313354492,26.125507354736328
17597,38.25,45.20469284057617
17598,35.720001220703125,35.264522552490234
17599,50.02000045776367,50.474098205566406
17600,6.46999979019165,3.3548264503479004
17601,35.97999954223633,32.398292541503906
17602,27.34000015258789,23.745559692382812
17603,9.529999732971191,6.883517265319824
17604,12.350000381469727,8.794074058532715
17605,16.34000015258789,14.504940032958984
17606,14.270000457763672,13.034316062927246
17607,23.059999465942383,22.320701599121094
17608,30.100000381469727,25.356090545654297
17609,36.83000183105469,32.13973617553711
17610,16.950000762939453,12.980000495910645
17611,45.720001220703125,43.643611907958984
17612,8.869999885559082,7.293416500091553
17613,7.880000114440918,3.8022665977478027
17614,28.690000534057617,24.759336471557617
17615,40.619998931884766,37.165802001953125
17616,57.220001220703125,53.12600326538086
17617,19.1299991607666,21.146791458129883
17618,13.75,11.369826316833496
17619,17.030000686645508,13.542402267456055
17620,35.650001525878906,37.44022750854492
17621,23.950000762939453,22.10774040222168
17622,31.690000534057617,29.46625328063965
17623,32.33000183105469,28.165786743164062
17624,10.760000228881836,9.243324279785156
17625,22.1200008392334,20.142446517944336
17626,27.3700008392334,23.216567993164062
17627,57.810001373291016,44.56123733520508
17628,35.2400016784668,29.887971878051758
17629,20.829999923706055,17.25749397277832
17630,37.86000061035156,33.67812728881836
17631,43.709999084472656,44.669227600097656
17632,35.290000915527344,29.406051635742188
17633,52.970001220703125,50.377323150634766
17634,30.780000686645508,27.606998443603516
17635,53.630001068115234,54.25984573364258
17636,25.440000534057617,21.541038513183594
17637,20.979999542236328,13.285199165344238
17638,44.150001525878906,39.095550537109375
17639,35.7400016784668,33.313453674316406
17640,46.79999923706055,44.08464813232422
17641,9.489999771118164,7.711859226226807
17642,16.200000762939453,13.08525562286377
17643,20.440000534057617,17.174253463745117
17644,18.84000015258789,14.941977500915527
17645,16.030000686645508,12.654534339904785
17646,17.18000030517578,15.229053497314453
17647,21.450000762939453,20.76116180419922
17648,11.369999885559082,8.950522422790527
17649,0.6499999761581421,0.9883065819740295
17650,23.079999923706055,20.72617530822754
17651,78.3499984741211,67.42865753173828
17652,60.290000915527344,61.5088005065918
17653,33.06999969482422,30.500179290771484
17654,33.27000045776367,31.194351196289062
17655,22.31999969482422,19.32073974609375
17656,39.540000915527344,33.67048263549805
17657,30.520000457763672,27.5816593170166
17658,27.079999923706055,21.695884704589844
17659,25.780000686645508,23.533037185668945
17660,14.329999923706055,12.260251998901367
17661,36.45000076293945,32.266624450683594
17662,21.270000457763672,18.51129150390625
17663,26.959999084472656,23.16814613342285
17664,30.079999923706055,26.3859806060791
17665,52.13999938964844,38.963138580322266
17666,55.45000076293945,52.0308837890625
17667,29.770000457763672,25.786745071411133
17668,21.020000457763672,19.569639205932617
17669,40.720001220703125,36.03598403930664
17670,13.729999542236328,11.932085037231445
17671,14.010000228881836,11.941930770874023
17672,21.350000381469727,18.491771697998047
17673,3.990000009536743,3.085435628890991
17674,47.599998474121094,44.45527267456055
17675,73.30999755859375,63.57007598876953
17676,14.739999771118164,12.471656799316406
17677,30.56999969482422,23.318784713745117
17678,28.8799991607666,26.481538772583008
17679,25.639999389648438,20.062551498413086
17680,15.420000076293945,13.214669227600098
17681,50.7599983215332,44.21915054321289
17682,11.15999984741211,9.958451271057129
17683,41.88999938964844,36.907840728759766
17684,31.40999984741211,28.269960403442383
17685,56.369998931884766,46.26503372192383
17686,23.200000762939453,19.21733283996582
17687,22.309999465942383,17.69803810119629
17688,29.260000228881836,26.287084579467773
17689,20.06999969482422,18.132511138916016
17690,54.31999969482422,53.12632369995117
17691,6.929999828338623,4.181943893432617
17692,35.04999923706055,31.533260345458984
17693,27.93000030517578,23.081981658935547
17694,28.049999237060547,25.742137908935547
17695,3.509999990463257,1.6171164512634277
17696,8.479999542236328,4.531437397003174
17697,3.759999990463257,2.1740543842315674
17698,45.439998626708984,36.2873420715332
17699,32.27000045776367,28.52593994140625
17700,31.760000228881836,28.185840606689453
17701,7.489999771118164,5.6587233543396
17702,43.400001525878906,37.41393280029297
17703,27.639999389648438,23.58525848388672
17704,19.989999771118164,19.79263687133789
17705,28.59000015258789,27.691625595092773
17706,18.670000076293945,16.243436813354492
17707,53.18000030517578,52.4329948425293
17708,9.829999923706055,8.287732124328613
17709,12.380000114440918,10.22111988067627
17710,7.710000038146973,5.136355400085449
17711,63.06999969482422,56.241432189941406
17712,12.239999771118164,9.81707763671875
17713,15.680000305175781,13.2473783493042
17714,23.09000015258789,20.51937484741211
17715,25.219999313354492,24.71562957763672
17716,33.9900016784668,39.523380279541016
17717,5.369999885559082,3.9827206134796143
17718,40.90999984741211,37.70381546020508
17719,63.90999984741211,59.04392623901367
17720,19.1200008392334,15.400221824645996
17721,40.2599983215332,34.00267028808594
17722,37.619998931884766,36.558902740478516
17723,14.239999771118164,11.757600784301758
17724,54.34000015258789,53.17921829223633
17725,17.579999923706055,14.783722877502441
17726,3.2699999809265137,1.9661332368850708
17727,48.38999938964844,46.349029541015625
17728,47.040000915527344,40.25627517700195
17729,21.280000686645508,19.23708724975586
17730,13.399999618530273,10.865386962890625
17731,47.58000183105469,45.02286148071289
17732,20.959999084472656,17.535720825195312
17733,35.400001525878906,31.63869857788086
17734,18.100000381469727,15.18022632598877
17735,6.71999979019165,4.099154472351074
17736,32.4900016784668,29.2994384765625
17737,37.84000015258789,32.603759765625
17738,26.280000686645508,23.269834518432617
17739,55.45000076293945,56.528053283691406
17740,5.409999847412109,3.2315056324005127
17741,10.869999885559082,9.143929481506348
17742,33.56999969482422,28.53586196899414
17743,20.110000610351562,18.258464813232422
17744,37.61000061035156,40.478912353515625
17745,25.170000076293945,20.947988510131836
17746,29.780000686645508,26.641735076904297
17747,35.54999923706055,30.91417694091797
17748,12.079999923706055,9.978865623474121
17749,5.28000020980835,3.4160289764404297
17750,24.989999771118164,21.505130767822266
17751,7.28000020980835,5.5211687088012695
17752,29.350000381469727,27.448244094848633
17753,15.800000190734863,12.504405975341797
17754,7.03000020980835,4.760047435760498
17755,32.939998626708984,23.641521453857422
17756,22.84000015258789,18.002971649169922
17757,39.33000183105469,37.04978561401367
17758,34.91999816894531,32.758941650390625
17759,24.68000030517578,20.78780746459961
17760,23.31999969482422,20.382217407226562
17761,22.600000381469727,23.24778938293457
17762,33.349998474121094,30.806148529052734
17763,10.390000343322754,8.17689323425293
17764,59.619998931884766,51.14950942993164
17765,18.93000030517578,18.274274826049805
17766,11.59000015258789,9.359871864318848
17767,51.189998626708984,49.55379867553711
17768,55.08000183105469,51.270973205566406
17769,63.04999923706055,60.183963775634766
17770,67.2699966430664,67.54766082763672
17771,22.65999984741211,21.305999755859375
17772,9.899999618530273,7.6609978675842285
17773,28.610000610351562,23.278850555419922
17774,26.799999237060547,21.535503387451172
17775,4.199999809265137,2.8025765419006348
17776,48.91999816894531,44.40372085571289
17777,10.630000114440918,9.73095417022705
17778,43.06999969482422,50.19145584106445
17779,63.400001525878906,50.40812683105469
17780,27.690000534057617,24.22565460205078
17781,25.079999923706055,22.61897087097168
17782,7.440000057220459,6.208894729614258
17783,35.209999084472656,30.28912925720215
17784,4.570000171661377,3.1698663234710693
17785,20.110000610351562,18.74899673461914
17786,32.869998931884766,27.865970611572266
17787,26.530000686645508,21.764476776123047
17788,8.739999771118164,7.47458553314209
17789,19.59000015258789,17.354019165039062
17790,20.760000228881836,18.954708099365234
17791,42.95000076293945,40.79941940307617
17792,3.3499999046325684,1.4910093545913696
17793,42.470001220703125,46.51302719116211
17794,53.93000030517578,52.6475715637207
17795,20.5,16.274538040161133
17796,47.209999084472656,42.74125671386719
17797,7.210000038146973,4.550405979156494
17798,28.84000015258789,24.09079933166504
17799,60.970001220703125,61.216190338134766
17800,16.969999313354492,13.413432121276855
17801,48.47999954223633,44.95818328857422
17802,3.690000057220459,2.9234566688537598
17803,19.579999923706055,16.868541717529297
17804,20.889999389648438,19.11751365661621
17805,20.18000030517578,20.37451171875
17806,3.690000057220459,3.1891629695892334
17807,13.199999809265137,11.624082565307617
17808,8.029999732971191,6.582919597625732
17809,14.34000015258789,11.500536918640137
17810,41.75,31.090145111083984
17811,11.1899995803833,9.243788719177246
17812,24.31999969482422,18.35677146911621
17813,12.829999923706055,11.045583724975586
17814,50.720001220703125,52.459808349609375
17815,13.130000114440918,11.260693550109863
17816,38.279998779296875,35.065330505371094
17817,40.33000183105469,36.29460525512695
17818,5.349999904632568,2.776378631591797
17819,25.34000015258789,22.195247650146484
17820,22.93000030517578,19.582365036010742
17821,46.68000030517578,39.41214370727539
17822,28.959999084472656,26.339595794677734
17823,8.300000190734863,6.959227085113525
17824,33.619998931884766,28.934112548828125
17825,21.90999984741211,17.766510009765625
17826,43.810001373291016,41.463287353515625
17827,12.84000015258789,11.663154602050781
17828,71.62000274658203,62.09783172607422
17829,4.820000171661377,2.6650307178497314
17830,11.539999961853027,9.193490028381348
17831,45.40999984741211,41.34870529174805
17832,41.33000183105469,39.78082275390625
17833,16.440000534057617,12.163612365722656
17834,33.15999984741211,30.26959991455078
17835,30.09000015258789,26.157684326171875
17836,32.040000915527344,28.40028953552246
17837,21.940000534057617,18.712244033813477
17838,31.030000686645508,22.36963653564453
17839,61.380001068115234,60.447349548339844
17840,65.37000274658203,60.89017868041992
17841,78.30000305175781,49.20578384399414
17842,42.06999969482422,38.19646453857422
17843,16.360000610351562,13.782584190368652
17844,10.619999885559082,8.146811485290527
17845,44.380001068115234,40.59653854370117
17846,33.5,31.516286849975586
17847,30.950000762939453,24.46649169921875
17848,24.690000534057617,22.673477172851562
17849,19.1200008392334,17.936983108520508
17850,4.409999847412109,1.768728256225586
17851,5.929999828338623,4.565825939178467
17852,9.789999961853027,7.683624267578125
17853,53.459999084472656,51.61269760131836
17854,58.11000061035156,52.47684860229492
17855,20.219999313354492,16.244827270507812
17856,23.700000762939453,20.575660705566406
17857,11.869999885559082,10.499711036682129
17858,31.65999984741211,29.919937133789062
17859,51.16999816894531,42.6582145690918
17860,2.9600000381469727,1.9121965169906616
17861,16.780000686645508,13.119729042053223
17862,20.1200008392334,17.901702880859375
17863,67.05999755859375,52.44132614135742
17864,13.6899995803833,11.450923919677734
17865,17.8799991607666,15.520366668701172
17866,52.93000030517578,48.756900787353516
17867,23.93000030517578,19.760692596435547
17868,30.65999984741211,21.07292938232422
17869,56.959999084472656,36.362213134765625
17870,33.41999816894531,40.985084533691406
17871,50.20000076293945,42.71638870239258
17872,17.360000610351562,16.130985260009766
17873,53.869998931884766,47.958858489990234
17874,37.70000076293945,37.153499603271484
17875,27.540000915527344,24.035371780395508
17876,5.519999980926514,4.563504695892334
17877,20.190000534057617,17.183917999267578
17878,14.170000076293945,13.384699821472168
17879,4.599999904632568,4.388401031494141
17880,32.619998931884766,28.875629425048828
17881,24.020000457763672,16.700937271118164
17882,29.829999923706055,29.649185180664062
17883,22.010000228881836,17.41925048828125
17884,35.2599983215332,29.60492515563965
17885,14.399999618530273,10.928998947143555
17886,76.69999694824219,67.13082885742188
17887,32.36000061035156,29.355545043945312
17888,23.030000686645508,20.91668128967285
17889,17.3700008392334,16.087678909301758
17890,31.030000686645508,27.8960018157959
17891,13.520000457763672,11.404936790466309
17892,3.630000114440918,1.8362438678741455
17893,10.010000228881836,8.733234405517578
17894,23.440000534057617,20.117446899414062
17895,12.300000190734863,9.158461570739746
17896,17.31999969482422,15.195616722106934
17897,14.760000228881836,12.608845710754395
17898,33.7400016784668,35.37306594848633
17899,54.529998779296875,54.87468338012695
17900,15.350000381469727,13.420787811279297
17901,18.40999984741211,15.065464973449707
17902,39.27000045776367,36.05058288574219
17903,9.699999809265137,8.530967712402344
17904,12.779999732971191,11.897323608398438
17905,34.56999969482422,30.717649459838867
17906,21.799999237060547,16.94487762451172
17907,25.280000686645508,22.4300537109375
17908,8.40999984741211,6.511846542358398
17909,31.510000228881836,18.911130905151367
17910,59.29999923706055,58.67435073852539
17911,5.130000114440918,3.463986873626709
17912,5.800000190734863,3.8457202911376953
17913,58.22999954223633,54.40684509277344
17914,11.550000190734863,9.868895530700684
17915,24.93000030517578,23.156661987304688
17916,55.380001068115234,55.53843688964844
17917,32.939998626708984,28.641733169555664
17918,55.08000183105469,49.92089080810547
17919,51.959999084472656,51.98343276977539
17920,7.929999828338623,5.228109836578369
17921,6.739999771118164,6.077117919921875
17922,31.579999923706055,28.760040283203125
17923,57.47999954223633,55.22525405883789
17924,13.050000190734863,10.984821319580078
17925,39.150001525878906,35.94724655151367
17926,42.470001220703125,37.048343658447266
17927,11.869999885559082,9.56314754486084
17928,7.019999980926514,4.871333122253418
17929,23.31999969482422,20.566757202148438
17930,41.869998931884766,40.00425338745117
17931,18.59000015258789,15.997129440307617
17932,32.45000076293945,29.950401306152344
17933,19.780000686645508,16.04187774658203
17934,15.0,12.216412544250488
17935,39.33000183105469,36.64790725708008
17936,27.780000686645508,27.946678161621094
17937,6.670000076293945,4.736947059631348
17938,42.72999954223633,38.88863754272461
17939,41.45000076293945,37.75505065917969
17940,27.18000030517578,19.943161010742188
17941,17.170000076293945,15.009177207946777
17942,41.75,39.49379348754883
17943,10.65999984741211,8.301074981689453
17944,20.209999084472656,17.494064331054688
17945,70.83999633789062,69.27951049804688
17946,17.709999084472656,15.439458847045898
17947,46.08000183105469,55.876407623291016
17948,2.9000000953674316,3.5923731327056885
17949,14.420000076293945,11.42733383178711
17950,12.989999771118164,10.60429859161377
17951,38.439998626708984,34.919464111328125
17952,15.609999656677246,14.414911270141602
17953,48.880001068115234,48.11907958984375
17954,32.150001525878906,27.878259658813477
17955,47.709999084472656,42.3101921081543
17956,19.700000762939453,17.620803833007812
17957,6.309999942779541,1.3705562353134155
17958,12.640000343322754,10.306498527526855
17959,9.829999923706055,8.467105865478516
17960,11.329999923706055,9.657393455505371
17961,32.900001525878906,28.243947982788086
17962,2.9100000858306885,1.6489875316619873
17963,22.989999771118164,19.379486083984375
17964,34.58000183105469,29.982507705688477
17965,27.540000915527344,23.21963119506836
17966,64.62999725341797,62.00100326538086
17967,15.109999656677246,12.73331356048584
17968,6.849999904632568,5.189173221588135
17969,50.27000045776367,49.26637649536133
17970,10.140000343322754,7.81538200378418
17971,15.34000015258789,12.008515357971191
17972,7.989999771118164,6.4543070793151855
17973,25.790000915527344,23.310535430908203
17974,43.869998931884766,36.22830581665039
17975,21.239999771118164,19.14002227783203
17976,9.319999694824219,7.771282196044922
17977,28.780000686645508,23.398361206054688
17978,10.09000015258789,8.466375350952148
17979,24.56999969482422,20.439332962036133
17980,47.25,44.15052032470703
17981,23.270000457763672,19.888452529907227
17982,43.09000015258789,38.11659622192383
17983,37.939998626708984,31.125057220458984
17984,13.029999732971191,10.513835906982422
17985,28.329999923706055,24.836212158203125
17986,14.619999885559082,11.556615829467773
17987,24.280000686645508,21.3149356842041
17988,36.0,31.617725372314453
17989,11.739999771118164,10.342703819274902
17990,8.550000190734863,6.6155571937561035
17991,14.40999984741211,10.893794059753418
17992,46.060001373291016,39.48420715332031
17993,7.820000171661377,4.566425800323486
17994,17.260000228881836,14.521467208862305
17995,39.220001220703125,36.9277229309082
17996,31.059999465942383,29.886720657348633
17997,42.22999954223633,31.874534606933594
17998,10.029999732971191,7.532125473022461
17999,31.799999237060547,28.50416374206543
18000,8.020000457763672,5.34759521484375
18001,52.209999084472656,52.271183013916016
18002,7.53000020980835,5.273132801055908
18003,19.459999084472656,17.06007957458496
18004,13.819999694824219,11.989038467407227
18005,17.549999237060547,15.681132316589355
18006,21.299999237060547,17.31359100341797
18007,58.439998626708984,52.17618179321289
18008,28.010000228881836,24.32291030883789
18009,30.639999389648438,32.00458526611328
18010,18.1200008392334,13.37407398223877
18011,14.020000457763672,12.290384292602539
18012,32.15999984741211,28.66950225830078
18013,8.029999732971191,6.218587875366211
18014,62.77000045776367,60.667152404785156
18015,46.72999954223633,42.33573532104492
18016,52.560001373291016,50.20792007446289
18017,38.08000183105469,30.84320068359375
18018,9.100000381469727,7.890387535095215
18019,48.97999954223633,44.798885345458984
18020,22.969999313354492,19.528596878051758
18021,24.260000228881836,24.287689208984375
18022,36.369998931884766,36.10890197753906
18023,13.300000190734863,12.034125328063965
18024,35.790000915527344,32.73594284057617
18025,13.59000015258789,11.054112434387207
18026,54.43000030517578,48.4366569519043
18027,44.86000061035156,41.51070022583008
18028,32.150001525878906,27.386005401611328
18029,32.2400016784668,29.88772201538086
18030,12.140000343322754,9.92132568359375
18031,19.93000030517578,16.553672790527344
18032,23.049999237060547,20.093225479125977
18033,20.770000457763672,15.047760963439941
18034,18.399999618530273,15.301275253295898
18035,23.510000228881836,21.12227439880371
18036,15.170000076293945,11.702227592468262
18037,32.689998626708984,28.787321090698242
18038,10.789999961853027,9.144062042236328
18039,31.209999084472656,26.616596221923828
18040,9.25,8.220566749572754
18041,11.630000114440918,9.517815589904785
18042,36.75,33.43124771118164
18043,41.720001220703125,37.425315856933594
18044,8.220000267028809,5.289194583892822
18045,24.610000610351562,20.569074630737305
18046,9.729999542236328,8.147205352783203
18047,16.200000762939453,13.120360374450684
18048,38.16999816894531,41.33477020263672
18049,7.130000114440918,4.9672136306762695
18050,10.619999885559082,8.734527587890625
18051,13.079999923706055,9.381446838378906
18052,58.36000061035156,45.47098159790039
18053,23.920000076293945,19.93250846862793
18054,47.58000183105469,43.85332107543945
18055,18.540000915527344,15.26811408996582
18056,34.56999969482422,30.84822654724121
18057,38.88999938964844,35.26266860961914
18058,12.59000015258789,10.468968391418457
18059,37.63999938964844,32.158363342285156
18060,26.139999389648438,23.43539810180664
18061,13.800000190734863,11.30656623840332
18062,51.70000076293945,41.7747688293457
18063,55.880001068115234,43.69721603393555
18064,23.940000534057617,20.978845596313477
18065,12.979999542236328,10.936915397644043
18066,20.510000228881836,17.13861846923828
18067,47.2400016784668,43.12653732299805
18068,28.329999923706055,25.070261001586914
18069,16.65999984741211,13.594284057617188
18070,28.100000381469727,28.673824310302734
18071,64.01000213623047,61.576412200927734
18072,39.41999816894531,33.32380676269531
18073,24.299999237060547,20.823562622070312
18074,60.56999969482422,58.19633483886719
18075,8.8100004196167,7.134152889251709
18076,17.450000762939453,14.935070991516113
18077,21.6200008392334,20.392377853393555
18078,57.08000183105469,53.46095275878906
18079,19.950000762939453,18.21522331237793
18080,39.310001373291016,35.48619842529297
18081,22.329999923706055,18.61980438232422
18082,5.75,2.781724214553833
18083,50.459999084472656,46.671051025390625
18084,28.639999389648438,25.052963256835938
18085,27.93000030517578,23.559078216552734
18086,22.889999389648438,17.608139038085938
18087,67.16000366210938,63.535316467285156
18088,44.66999816894531,41.06448745727539
18089,77.7699966430664,77.82589721679688
18090,18.68000030517578,15.782194137573242
18091,30.209999084472656,28.443239212036133
18092,3.1500000953674316,2.518683433532715
18093,20.610000610351562,17.53154754638672
18094,11.510000228881836,9.146147727966309
18095,51.619998931884766,47.63772201538086
18096,5.980000019073486,4.273387432098389
18097,10.699999809265137,8.423920631408691
18098,3.140000104904175,1.6955313682556152
18099,30.31999969482422,26.620288848876953
18100,9.5,7.9965715408325195
18101,6.389999866485596,3.1599714756011963
18102,49.630001068115234,43.71004867553711
18103,12.819999694824219,10.519779205322266
18104,21.450000762939453,19.022743225097656
18105,14.539999961853027,12.6579008102417
18106,9.220000267028809,7.818987846374512
18107,10.020000457763672,8.16298770904541
18108,7.449999809265137,5.490209102630615
18109,29.190000534057617,25.71360969543457
18110,14.770000457763672,11.143827438354492
18111,14.649999618530273,11.80710220336914
18112,16.739999771118164,13.331503868103027
18113,68.33999633789062,67.017822265625
18114,35.9900016784668,31.55596160888672
18115,22.239999771118164,19.17483139038086
18116,5.539999961853027,3.04988694190979
18117,5.489999771118164,2.8790037631988525
18118,22.270000457763672,17.7181453704834
18119,13.229999542236328,10.965806007385254
18120,16.8799991607666,12.592290878295898
18121,25.030000686645508,24.412982940673828
18122,29.3700008392334,24.314838409423828
18123,16.520000457763672,15.736347198486328
18124,42.22999954223633,36.33257293701172
18125,48.66999816894531,36.73075485229492
18126,32.11000061035156,27.297447204589844
18127,3.3499999046325684,4.181800842285156
18128,36.220001220703125,32.8675422668457
18129,8.739999771118164,7.129598617553711
18130,39.43000030517578,35.08340835571289
18131,8.5600004196167,6.375053405761719
18132,32.43000030517578,30.18827247619629
18133,16.639999389648438,13.940937995910645
18134,33.310001373291016,40.55574417114258
18135,9.34000015258789,8.12913990020752
18136,15.819999694824219,14.170894622802734
18137,27.969999313354492,24.074626922607422
18138,16.360000610351562,12.882513999938965
18139,28.989999771118164,22.088293075561523
18140,52.040000915527344,45.74952697753906
18141,34.900001525878906,31.15817642211914
18142,39.880001068115234,36.98929977416992
18143,52.29999923706055,47.60050582885742
18144,20.31999969482422,17.29078483581543
18145,36.119998931884766,34.1303825378418
18146,31.700000762939453,21.591276168823242
18147,13.029999732971191,10.945894241333008
18148,30.799999237060547,24.08624267578125
18149,8.369999885559082,6.612391948699951
18150,60.22999954223633,58.8571891784668
18151,36.290000915527344,32.618499755859375
18152,11.880000114440918,10.205796241760254
18153,22.670000076293945,19.72586441040039
18154,11.600000381469727,9.233461380004883
18155,8.0,5.565764427185059
18156,26.149999618530273,23.432846069335938
18157,11.630000114440918,9.107406616210938
18158,7.360000133514404,5.365312576293945
18159,26.1299991607666,21.695091247558594
18160,33.66999816894531,29.75061798095703
18161,6.619999885559082,4.736159801483154
18162,23.579999923706055,24.14564323425293
18163,13.220000267028809,12.214438438415527
18164,66.33999633789062,56.95539855957031
18165,16.790000915527344,13.788904190063477
18166,20.0,16.951099395751953
18167,46.97999954223633,50.99007797241211
18168,19.729999542236328,17.274925231933594
18169,3.490000009536743,1.9129045009613037
18170,25.75,17.909557342529297
18171,41.83000183105469,41.80459976196289
18172,9.199999809265137,7.15772819519043
18173,15.420000076293945,13.809745788574219
18174,25.389999389648438,23.285125732421875
18175,11.130000114440918,8.686473846435547
18176,65.58999633789062,64.784912109375
18177,12.239999771118164,10.377432823181152
18178,52.349998474121094,48.50303649902344
18179,46.7599983215332,45.707305908203125
18180,21.459999084472656,19.231731414794922
18181,24.549999237060547,22.877151489257812
18182,77.37000274658203,75.49772644042969
18183,57.470001220703125,55.62438201904297
18184,3.7300000190734863,3.1178929805755615
18185,59.08000183105469,47.1012077331543
18186,34.47999954223633,35.187950134277344
18187,17.229999542236328,15.001955032348633
18188,19.200000762939453,17.451229095458984
18189,22.059999465942383,20.532421112060547
18190,11.65999984741211,9.338787078857422
18191,21.010000228881836,17.74468421936035
18192,6.53000020980835,6.007867813110352
18193,22.84000015258789,20.36330795288086
18194,20.1200008392334,16.23121452331543
18195,9.4399995803833,7.534991264343262
18196,11.039999961853027,9.313455581665039
18197,4.880000114440918,3.249952554702759
18198,19.690000534057617,18.248397827148438
18199,16.90999984741211,14.725906372070312
18200,20.479999542236328,15.327707290649414
18201,36.310001373291016,32.54501724243164
18202,17.829999923706055,17.043701171875
18203,33.560001373291016,50.24521255493164
18204,5.230000019073486,3.9654343128204346
18205,23.200000762939453,20.763309478759766
18206,15.699999809265137,13.581830978393555
18207,9.149999618530273,7.855053424835205
18208,77.13999938964844,75.65037536621094
18209,48.4900016784668,44.91801071166992
18210,14.09000015258789,10.253758430480957
18211,33.290000915527344,33.01588821411133
18212,13.079999923706055,10.640768051147461
18213,53.5099983215332,47.83687210083008
18214,23.389999389648438,20.730846405029297
18215,14.220000267028809,11.975836753845215
18216,16.799999237060547,13.892434120178223
18217,38.40999984741211,35.932594299316406
18218,70.19000244140625,69.75119018554688
18219,21.739999771118164,19.136520385742188
18220,37.959999084472656,33.76875305175781
18221,23.84000015258789,19.987564086914062
18222,49.880001068115234,47.25117874145508
18223,52.83000183105469,52.063236236572266
18224,5.110000133514404,4.33256721496582
18225,10.470000267028809,7.601004123687744
18226,34.33000183105469,37.527015686035156
18227,12.289999961853027,9.211526870727539
18228,30.030000686645508,28.965621948242188
18229,55.52000045776367,38.84632110595703
18230,4.619999885559082,3.1195144653320312
18231,31.579999923706055,30.242576599121094
18232,31.209999084472656,26.961223602294922
18233,25.440000534057617,23.507373809814453
18234,48.45000076293945,46.199954986572266
18235,33.09000015258789,29.54551124572754
18236,25.139999389648438,19.87344741821289
18237,22.010000228881836,18.617387771606445
18238,7.849999904632568,4.549307346343994
18239,41.349998474121094,40.488399505615234
18240,39.04999923706055,34.60820007324219
18241,12.069999694824219,11.273279190063477
18242,29.600000381469727,28.009002685546875
18243,34.72999954223633,31.501651763916016
18244,50.61000061035156,39.17038345336914
18245,35.939998626708984,32.20426940917969
18246,28.75,22.41325569152832
18247,38.56999969482422,35.41452407836914
18248,29.030000686645508,28.17967414855957
18249,36.15999984741211,38.81081008911133
18250,27.68000030517578,21.305999755859375
18251,26.90999984741211,21.316410064697266
18252,12.819999694824219,11.066548347473145
18253,34.25,29.684045791625977
18254,6.139999866485596,4.524339199066162
18255,38.09000015258789,32.767982482910156
18256,20.18000030517578,19.538087844848633
18257,20.059999465942383,16.732669830322266
18258,10.149999618530273,7.350407123565674
18259,4.71999979019165,2.166370153427124
18260,66.63999938964844,66.30914306640625
18261,49.709999084472656,45.79242706298828
18262,38.130001068115234,32.497013092041016
18263,28.790000915527344,24.356048583984375
18264,33.93000030517578,31.209211349487305
18265,21.649999618530273,18.395776748657227
18266,30.260000228881836,26.49630355834961
18267,16.989999771118164,14.756287574768066
18268,42.869998931884766,38.941436767578125
18269,19.780000686645508,17.76717185974121
18270,34.31999969482422,36.77091598510742
18271,62.220001220703125,60.806373596191406
18272,17.489999771118164,14.252006530761719
18273,13.279999732971191,10.687630653381348
18274,41.790000915527344,38.97392654418945
18275,36.5,33.63508605957031
18276,22.579999923706055,19.714035034179688
18277,3.819999933242798,1.863897681236267
18278,28.270000457763672,19.85105323791504
18279,21.3799991607666,19.083641052246094
18280,5.150000095367432,3.2929129600524902
18281,29.229999542236328,27.283790588378906
18282,7.179999828338623,4.716719150543213
18283,76.47000122070312,77.63593292236328
18284,32.939998626708984,27.00295066833496
18285,4.730000019073486,3.021472930908203
18286,58.7599983215332,62.853458404541016
18287,32.290000915527344,29.35341453552246
18288,6.860000133514404,5.014377117156982
18289,46.95000076293945,50.682098388671875
18290,25.31999969482422,24.670251846313477
18291,15.529999732971191,14.441659927368164
18292,18.899999618530273,15.365303039550781
18293,32.439998626708984,28.586200714111328
18294,3.309999942779541,1.7970855236053467
18295,24.459999084472656,21.255802154541016
18296,29.1299991607666,26.566448211669922
18297,24.100000381469727,20.09989356994629
18298,8.25,6.5687456130981445
18299,23.549999237060547,19.11745262145996
18300,18.030000686645508,14.950765609741211
18301,25.329999923706055,21.16724395751953
18302,24.90999984741211,22.462247848510742
18303,9.300000190734863,7.667578220367432
18304,6.650000095367432,5.488979339599609
18305,26.489999771118164,24.344066619873047
18306,40.970001220703125,37.93681716918945
18307,17.959999084472656,14.432044982910156
18308,19.670000076293945,17.139699935913086
18309,17.0,13.5201416015625
18310,19.93000030517578,14.910429954528809
18311,45.16999816894531,39.69659423828125
18312,36.400001525878906,31.86172103881836
18313,44.16999816894531,37.48710632324219
18314,37.650001525878906,41.587982177734375
18315,18.100000381469727,16.69634246826172
18316,32.61000061035156,30.44890594482422
18317,11.760000228881836,9.690384864807129
18318,66.76000213623047,64.71918487548828
18319,23.75,21.60171127319336
18320,31.079999923706055,24.320758819580078
18321,23.56999969482422,30.532732009887695
18322,16.31999969482422,15.128216743469238
18323,30.18000030517578,27.727718353271484
18324,50.959999084472656,48.588260650634766
18325,29.420000076293945,26.670957565307617
18326,9.180000305175781,7.290585994720459
18327,22.709999084472656,20.57605743408203
18328,45.88999938964844,38.74030685424805
18329,34.650001525878906,31.213010787963867
18330,45.63999938964844,34.30849075317383
18331,10.260000228881836,8.296578407287598
18332,38.119998931884766,32.386863708496094
18333,44.47999954223633,40.447261810302734
18334,3.7300000190734863,2.1581406593322754
18335,52.2400016784668,45.5214958190918
18336,43.18000030517578,38.79746627807617
18337,20.229999542236328,17.252389907836914
18338,70.33000183105469,56.04995346069336
18339,34.59000015258789,32.877315521240234
18340,23.3799991607666,18.295610427856445
18341,5.340000152587891,3.560762882232666
18342,43.45000076293945,40.60356521606445
18343,29.75,25.243589401245117
18344,27.59000015258789,26.22652816772461
18345,33.61000061035156,34.49380874633789
18346,27.860000610351562,22.391897201538086
18347,23.75,21.63189125061035
18348,20.260000228881836,15.77002239227295
18349,42.970001220703125,37.708072662353516
18350,21.420000076293945,17.99215316772461
18351,25.09000015258789,21.166181564331055
18352,37.529998779296875,36.24703598022461
18353,44.54999923706055,41.9343147277832
18354,18.40999984741211,14.723039627075195
18355,13.029999732971191,10.104218482971191
18356,34.72999954223633,34.9807243347168
18357,60.119998931884766,48.58590316772461
18358,15.350000381469727,14.169084548950195
18359,46.63999938964844,34.53541946411133
18360,29.420000076293945,29.23514175415039
18361,30.010000228881836,27.557979583740234
18362,10.079999923706055,8.948787689208984
18363,45.650001525878906,44.389339447021484
18364,54.45000076293945,50.29867172241211
18365,55.83000183105469,53.529510498046875
18366,1.3600000143051147,0.989433228969574
18367,9.619999885559082,8.638873100280762
18368,23.969999313354492,20.790010452270508
18369,11.109999656677246,9.206093788146973
18370,70.6500015258789,67.44082641601562
18371,37.779998779296875,34.24165344238281
18372,24.15999984741211,21.070362091064453
18373,10.989999771118164,7.492125511169434
18374,12.180000305175781,10.129915237426758
18375,43.79999923706055,40.88059616088867
18376,27.559999465942383,22.890487670898438
18377,32.34000015258789,26.912654876708984
18378,24.920000076293945,23.03285789489746
18379,15.529999732971191,12.415544509887695
18380,26.969999313354492,24.461523056030273
18381,58.119998931884766,50.122501373291016
18382,32.56999969482422,28.116775512695312
18383,13.369999885559082,10.651086807250977
18384,39.59000015258789,32.544429779052734
18385,11.100000381469727,8.524001121520996
18386,58.869998931884766,49.9669075012207
18387,49.29999923706055,48.08237075805664
18388,22.170000076293945,24.235492706298828
18389,26.229999542236328,23.170330047607422
18390,20.1299991607666,21.67306900024414
18391,36.61000061035156,34.22481918334961
18392,24.959999084472656,21.563932418823242
18393,28.360000610351562,25.29576301574707
18394,13.430000305175781,10.956305503845215
18395,28.6200008392334,19.143844604492188
18396,22.950000762939453,24.935665130615234
18397,7.889999866485596,6.150548934936523
18398,14.199999809265137,10.409565925598145
18399,1.840000033378601,1.554478645324707
18400,64.66000366210938,55.06136703491211
18401,16.360000610351562,10.986621856689453
18402,8.819999694824219,6.555628776550293
18403,37.36000061035156,52.44132614135742
18404,24.079999923706055,20.86454963684082
18405,10.270000457763672,8.153499603271484
18406,10.130000114440918,7.934763431549072
18407,18.899999618530273,15.6161470413208
18408,36.939998626708984,31.12629508972168
18409,7.840000152587891,5.3947930335998535
18410,35.0,29.251575469970703
18411,35.040000915527344,31.894287109375
18412,18.920000076293945,16.979827880859375
18413,30.8700008392334,28.28537940979004
18414,26.190000534057617,21.489093780517578
18415,17.34000015258789,15.222872734069824
18416,9.649999618530273,8.781105041503906
18417,39.90999984741211,41.64641571044922
18418,23.75,25.234962463378906
18419,32.279998779296875,29.294082641601562
18420,5.539999961853027,4.20001745223999
18421,20.440000534057617,19.943161010742188
18422,26.59000015258789,24.277347564697266
18423,76.08000183105469,75.04940032958984
18424,28.559999465942383,23.480504989624023
18425,48.27000045776367,46.463417053222656
18426,32.93000030517578,31.175472259521484
18427,13.079999923706055,10.179265022277832
18428,46.060001373291016,63.944759368896484
18429,31.90999984741211,34.725650787353516
18430,33.970001220703125,32.73575973510742
18431,10.520000457763672,7.379382133483887
18432,11.069999694824219,9.60395622253418
18433,51.38999938964844,49.89785385131836
18434,10.630000114440918,8.51146411895752
18435,24.989999771118164,19.792362213134766
18436,41.869998931884766,36.671287536621094
18437,22.709999084472656,20.851154327392578
18438,10.0600004196167,8.330716133117676
18439,6.230000019073486,5.1146559715271
18440,30.459999084472656,26.225318908691406
18441,19.059999465942383,15.285608291625977
18442,15.609999656677246,12.12672233581543
18443,61.83000183105469,59.81234359741211
18444,31.610000610351562,27.130163192749023
18445,8.079999923706055,6.379178524017334
18446,30.719999313354492,27.002029418945312
18447,53.720001220703125,51.90903854370117
18448,18.940000534057617,14.576935768127441
18449,39.09000015258789,33.62473678588867
18450,23.3700008392334,18.820384979248047
18451,40.959999084472656,34.00859069824219
18452,33.29999923706055,36.31934356689453
18453,13.479999542236328,11.664098739624023
18454,26.18000030517578,23.306156158447266
18455,26.190000534057617,22.56781768798828
18456,6.139999866485596,4.362532138824463
18457,28.719999313354492,25.307727813720703
18458,26.3700008392334,24.73766326904297
18459,25.65999984741211,23.921640396118164
18460,26.8799991607666,24.144317626953125
18461,7.340000152587891,6.384952545166016
18462,24.829999923706055,21.767921447753906
18463,42.81999969482422,39.34241485595703
18464,18.899999618530273,15.540796279907227
18465,11.529999732971191,9.7981538772583
18466,18.079999923706055,15.5842924118042
18467,18.889999389648438,16.04232406616211
18468,26.1200008392334,24.34832763671875
18469,18.209999084472656,14.369607925415039
18470,43.619998931884766,39.72159957885742
18471,10.960000038146973,8.999872207641602
18472,11.680000305175781,10.307714462280273
18473,4.829999923706055,3.017706871032715
18474,48.939998626708984,43.03398513793945
18475,51.04999923706055,48.41402053833008
18476,9.9399995803833,7.726991653442383
18477,79.75,48.91891860961914
18478,23.8700008392334,22.698944091796875
18479,49.79999923706055,49.76223373413086
18480,26.920000076293945,23.119787216186523
18481,46.75,43.90677261352539
18482,22.139999389648438,18.796573638916016
18483,6.550000190734863,5.2962117195129395
18484,32.40999984741211,28.3518009185791
18485,19.520000457763672,17.93712615966797
18486,40.18000030517578,32.61653518676758
18487,62.88999938964844,54.10429763793945
18488,67.66000366210938,65.51692962646484
18489,36.959999084472656,32.60274124145508
18490,62.369998931884766,41.587982177734375
18491,61.34000015258789,55.927406311035156
18492,19.84000015258789,18.373371124267578
18493,23.68000030517578,23.71811294555664
18494,42.47999954223633,43.26475524902344
18495,48.75,46.184059143066406
18496,11.270000457763672,9.718976974487305
18497,18.09000015258789,14.661800384521484
18498,31.079999923706055,27.877193450927734
18499,58.02000045776367,54.88386917114258
18500,38.439998626708984,35.15132522583008
18501,15.140000343322754,11.986953735351562
18502,22.229999542236328,18.20768165588379
18503,13.510000228881836,11.40475082397461
18504,32.16999816894531,28.145572662353516
18505,51.790000915527344,48.19330978393555
18506,28.8700008392334,27.030635833740234
18507,21.8799991607666,18.729673385620117
18508,11.329999923706055,9.887338638305664
18509,17.81999969482422,14.756046295166016
18510,36.06999969482422,39.97343063354492
18511,11.239999771118164,10.535053253173828
18512,31.59000015258789,26.882545471191406
18513,9.739999771118164,7.893059730529785
18514,28.600000381469727,25.37858772277832
18515,20.1299991607666,16.18604278564453
18516,8.789999961853027,5.5790791511535645
18517,46.95000076293945,43.44646453857422
18518,12.710000038146973,10.96375560760498
18519,66.70999908447266,55.48690414428711
18520,29.649999618530273,26.551753997802734
18521,20.350000381469727,16.995634078979492
18522,64.56999969482422,63.80107498168945
18523,57.540000915527344,36.71563720703125
18524,69.9000015258789,64.92005920410156
18525,46.41999816894531,37.74628829956055
18526,24.850000381469727,23.430070877075195
18527,35.779998779296875,30.18364143371582
18528,14.75,12.332794189453125
18529,14.800000190734863,13.05915355682373
18530,23.729999542236328,20.730262756347656
18531,37.619998931884766,33.774837493896484
18532,19.399999618530273,15.24043083190918
18533,40.97999954223633,37.41151428222656
18534,33.220001220703125,28.59803581237793
18535,20.040000915527344,19.104570388793945
18536,25.170000076293945,21.93287467956543
18537,34.970001220703125,34.78239440917969
18538,27.809999465942383,24.14546775817871
18539,11.229999542236328,9.157146453857422
18540,13.600000381469727,10.649209976196289
18541,6.449999809265137,4.437193393707275
18542,38.11000061035156,36.371639251708984
18543,56.61000061035156,55.876407623291016
18544,29.34000015258789,26.02155303955078
18545,63.220001220703125,66.86088562011719
18546,20.270000457763672,18.547224044799805
18547,9.5600004196167,7.050065040588379
18548,0.7300000190734863,1.0381419658660889
18549,74.25,69.27693939208984
18550,41.43000030517578,29.773439407348633
18551,73.63999938964844,71.6758041381836
18552,17.43000030517578,14.956038475036621
18553,34.060001373291016,35.6568717956543
18554,24.170000076293945,19.59347915649414
18555,17.850000381469727,14.61647891998291
18556,30.18000030517578,25.594314575195312
18557,27.09000015258789,27.232229232788086
18558,22.860000610351562,20.228717803955078
18559,6.940000057220459,5.230002403259277
18560,43.65999984741211,62.063575744628906
18561,32.43000030517578,29.77199363708496
18562,12.260000228881836,10.52144718170166
18563,35.29999923706055,29.418781280517578
18564,10.710000038146973,8.713640213012695
18565,13.140000343322754,9.897806167602539
18566,24.280000686645508,21.520397186279297
18567,27.440000534057617,23.654327392578125
18568,55.900001525878906,54.45473861694336
18569,28.010000228881836,26.662614822387695
18570,30.469999313354492,20.04792594909668
18571,45.9900016784668,42.30082702636719
18572,12.130000114440918,10.08786678314209
18573,26.850000381469727,20.280092239379883
18574,29.280000686645508,26.156831741333008
18575,23.290000915527344,27.071521759033203
18576,46.59000015258789,43.41342544555664
18577,70.83999633789062,57.043060302734375
18578,17.489999771118164,15.373662948608398
18579,29.719999313354492,27.308443069458008
18580,22.979999542236328,18.905513763427734
18581,15.069999694824219,13.509719848632812
18582,37.33000183105469,34.44052505493164
18583,5.579999923706055,3.15179443359375
18584,72.12000274658203,65.0165786743164
18585,17.770000457763672,14.231901168823242
18586,15.279999732971191,12.877809524536133
18587,12.15999984741211,10.244771957397461
18588,13.850000381469727,12.290529251098633
18589,38.970001220703125,56.40120315551758
18590,25.959999084472656,23.4779109954834
18591,15.1899995803833,12.267770767211914
18592,41.58000183105469,39.051795959472656
18593,27.229999542236328,23.64993667602539
18594,22.3799991607666,19.00318717956543
18595,69.79000091552734,66.61225128173828
18596,52.47999954223633,52.1300163269043
18597,23.690000534057617,18.44520378112793
18598,16.329999923706055,13.832290649414062
18599,7.300000190734863,4.780810832977295
18600,15.619999885559082,11.704776763916016
18601,19.1299991607666,16.91693115234375
18602,8.050000190734863,7.118139266967773
18603,18.959999084472656,24.124042510986328
18604,68.0199966430664,68.52045440673828
18605,9.350000381469727,7.172651290893555
18606,22.299999237060547,18.662504196166992
18607,20.399999618530273,18.249664306640625
18608,12.819999694824219,11.397555351257324
18609,26.40999984741211,23.877052307128906
18610,32.880001068115234,29.083709716796875
18611,18.290000915527344,15.202820777893066
18612,37.130001068115234,33.552066802978516
18613,64.87000274658203,69.61660766601562
18614,36.97999954223633,31.92792320251465
18615,60.68000030517578,49.44757843017578
18616,34.9900016784668,29.616073608398438
18617,27.440000534057617,24.938505172729492
18618,14.220000267028809,13.042397499084473
18619,67.37999725341797,66.7979736328125
18620,40.5099983215332,35.82870864868164
18621,60.189998626708984,55.59444046020508
18622,51.599998474121094,46.56325149536133
18623,55.439998626708984,40.338134765625
18624,40.470001220703125,37.507198333740234
18625,52.880001068115234,43.92323303222656
18626,20.709999084472656,21.07292938232422
18627,4.0,2.501896619796753
18628,14.020000457763672,11.279008865356445
18629,14.300000190734863,11.364933013916016
18630,2.5,1.3194061517715454
18631,9.050000190734863,6.95073127746582
18632,21.31999969482422,17.318578720092773
18633,35.119998931884766,29.632125854492188
18634,15.270000457763672,13.128111839294434
18635,70.7300033569336,66.554931640625
18636,23.40999984741211,20.90237808227539
18637,11.180000305175781,8.514374732971191
18638,37.36000061035156,34.91244888305664
18639,68.13999938964844,69.23748779296875
18640,4.730000019073486,4.173609256744385
18641,36.560001373291016,34.72825241088867
18642,4.179999828338623,3.3509018421173096
18643,53.34000015258789,51.07872009277344
18644,45.810001373291016,43.47240447998047
18645,33.2400016784668,31.418315887451172
18646,57.869998931884766,52.64409255981445
18647,35.560001373291016,36.87639617919922
18648,31.270000457763672,28.098392486572266
18649,21.600000381469727,17.189281463623047
18650,32.400001525878906,27.962034225463867
18651,32.349998474121094,23.83481216430664
18652,18.799999237060547,15.334837913513184
18653,33.33000183105469,24.79096221923828
18654,50.41999816894531,48.6752815246582
18655,55.5099983215332,51.59678649902344
18656,70.8499984741211,67.46989440917969
18657,19.8799991607666,16.786388397216797
18658,8.640000343322754,6.921728610992432
18659,14.289999961853027,12.199235916137695
18660,20.719999313354492,17.511993408203125
18661,25.0,25.13353729248047
18662,21.899999618530273,18.252521514892578
18663,54.04999923706055,48.88772201538086
18664,29.59000015258789,26.721309661865234
18665,23.969999313354492,20.137250900268555
18666,48.630001068115234,43.11930847167969
18667,21.790000915527344,18.393543243408203
18668,34.75,30.522672653198242
18669,37.0099983215332,32.437339782714844
18670,44.810001373291016,39.684322357177734
18671,18.81999969482422,17.293655395507812
18672,46.84000015258789,37.0518684387207
18673,24.6200008392334,20.427656173706055
18674,14.260000228881836,11.092564582824707
18675,13.869999885559082,11.285127639770508
18676,21.65999984741211,17.42528533935547
18677,22.81999969482422,18.240205764770508
18678,13.670000076293945,11.32130241394043
18679,40.7400016784668,35.7817497253418
18680,17.190000534057617,14.298173904418945
18681,3.240000009536743,5.142007827758789
18682,27.389999389648438,20.42266845703125
18683,32.27000045776367,28.51190185546875
18684,47.349998474121094,50.39971160888672
18685,19.40999984741211,16.554582595825195
18686,1.6299999952316284,1.013149619102478
18687,60.59000015258789,58.755699157714844
18688,2.3499999046325684,2.824647903442383
18689,13.229999542236328,11.137571334838867
18690,59.849998474121094,48.76881790161133
18691,35.72999954223633,46.33375930786133
18692,49.63999938964844,35.45571517944336
18693,38.599998474121094,33.81068801879883
18694,9.289999961853027,7.841333389282227
18695,3.5199999809265137,1.9910212755203247
18696,34.869998931884766,31.459827423095703
18697,28.18000030517578,23.644546508789062
18698,5.110000133514404,3.4143550395965576
18699,3.259999990463257,2.0562384128570557
18700,35.52000045776367,31.181732177734375
18701,29.440000534057617,27.44988441467285
18702,37.65999984741211,32.83481216430664
18703,33.290000915527344,28.093955993652344
18704,17.18000030517578,15.393250465393066
18705,27.1200008392334,24.732524871826172
18706,39.36000061035156,37.2253532409668
18707,22.75,19.238750457763672
18708,43.4900016784668,36.209171295166016
18709,13.869999885559082,11.596821784973145
18710,58.16999816894531,55.4687614440918
18711,32.439998626708984,26.34095573425293
18712,37.16999816894531,29.947280883789062
18713,11.15999984741211,8.387020111083984
18714,34.43000030517578,32.59345626831055
18715,42.25,40.70647048950195
18716,31.899999618530273,30.783466339111328
18717,38.959999084472656,42.76533508300781
18718,22.520000457763672,19.996685028076172
18719,34.779998779296875,31.67668914794922
18720,46.4900016784668,43.45268249511719
18721,5.179999828338623,3.2954719066619873
18722,63.5,62.770530700683594
18723,23.690000534057617,16.911413192749023
18724,40.61000061035156,40.123146057128906
18725,19.149999618530273,17.504810333251953
18726,12.880000114440918,10.8931245803833
18727,16.790000915527344,14.873019218444824
18728,43.45000076293945,47.15703201293945
18729,26.40999984741211,26.188751220703125
18730,22.450000762939453,20.99802017211914
18731,46.66999816894531,40.900856018066406
18732,12.0600004196167,10.839848518371582
18733,25.950000762939453,24.033321380615234
18734,46.529998779296875,42.3328971862793
18735,31.6200008392334,26.43862533569336
18736,18.68000030517578,16.268327713012695
18737,18.850000381469727,16.21442222595215
18738,16.34000015258789,14.797423362731934
18739,32.38999938964844,29.15943717956543
18740,1.590000033378601,1.0668792724609375
18741,8.569999694824219,7.366527557373047
18742,29.15999984741211,23.25724220275879
18743,39.099998474121094,36.853004455566406
18744,4.090000152587891,2.526228666305542
18745,10.8100004196167,9.400480270385742
18746,37.130001068115234,31.904277801513672
18747,29.950000762939453,27.003515243530273
18748,21.899999618530273,21.407310485839844
18749,32.689998626708984,28.400096893310547
18750,30.489999771118164,25.22038459777832
18751,12.039999961853027,9.185611724853516
18752,29.459999084472656,27.3533878326416
18753,38.20000076293945,36.501705169677734
18754,17.34000015258789,14.053245544433594
18755,6.46999979019165,4.550411701202393
18756,20.5,16.77986717224121
18757,28.899999618530273,25.46778106689453
18758,34.79999923706055,31.054027557373047
18759,5.449999809265137,3.057065010070801
18760,27.40999984741211,24.342369079589844
18761,80.44999694824219,56.911441802978516
18762,49.18000030517578,48.834781646728516
18763,49.04999923706055,44.11882400512695
18764,47.02000045776367,43.62693405151367
18765,17.149999618530273,15.377202033996582
18766,23.809999465942383,19.543968200683594
18767,8.050000190734863,7.316872596740723
18768,32.959999084472656,25.026920318603516
18769,19.940000534057617,16.415279388427734
18770,23.420000076293945,21.17154312133789
18771,40.970001220703125,39.65806579589844
18772,20.959999084472656,21.29932403564453
18773,48.959999084472656,49.470062255859375
18774,38.63999938964844,33.78858184814453
18775,22.100000381469727,20.530202865600586
18776,21.280000686645508,17.99176025390625
18777,29.719999313354492,23.64922523498535
18778,7.929999828338623,5.472362995147705
18779,27.139999389648438,23.976337432861328
18780,44.0099983215332,40.36235046386719
18781,32.45000076293945,29.197650909423828
18782,61.38999938964844,55.8625602722168
18783,47.9900016784668,44.25999069213867
18784,25.469999313354492,23.7674617767334
18785,5.409999847412109,4.773829936981201
18786,9.699999809265137,8.762397766113281
18787,24.34000015258789,21.623088836669922
18788,28.670000076293945,30.798171997070312
18789,17.989999771118164,17.585479736328125
18790,46.029998779296875,44.14205551147461
18791,25.450000762939453,20.950862884521484
18792,25.809999465942383,22.07176399230957
18793,2.700000047683716,2.4839680194854736
18794,16.530000686645508,13.470682144165039
18795,16.299999237060547,14.525382041931152
18796,20.790000915527344,21.15923309326172
18797,36.20000076293945,29.911285400390625
18798,20.350000381469727,15.601136207580566
18799,24.229999542236328,18.02606964111328
18800,13.710000038146973,11.767836570739746
18801,39.970001220703125,41.216915130615234
18802,18.290000915527344,14.572929382324219
18803,34.70000076293945,32.6630859375
18804,42.040000915527344,39.00236511230469
18805,17.459999084472656,15.206313133239746
18806,16.389999389648438,14.66225528717041
18807,16.59000015258789,13.924131393432617
18808,56.2400016784668,56.571468353271484
18809,29.079999923706055,24.96875
18810,14.15999984741211,11.874800682067871
18811,25.059999465942383,20.99081039428711
18812,23.100000381469727,19.765613555908203
18813,19.899999618530273,16.730396270751953
18814,28.610000610351562,27.306793212890625
18815,12.979999542236328,9.807435035705566
18816,20.610000610351562,18.153573989868164
18817,15.960000038146973,13.526419639587402
18818,8.289999961853027,5.64302396774292
18819,21.420000076293945,17.017337799072266
18820,6.980000019073486,5.0152201652526855
18821,18.09000015258789,16.940998077392578
18822,43.849998474121094,34.41850662231445
18823,57.25,59.744510650634766
18824,29.65999984741211,24.77001953125
18825,13.989999771118164,11.856013298034668
18826,17.770000457763672,14.430322647094727
18827,58.61000061035156,43.75320816040039
18828,12.699999809265137,10.811851501464844
18829,4.75,2.7590198516845703
18830,23.510000228881836,20.154203414916992
18831,5.570000171661377,3.941141366958618
18832,23.350000381469727,21.06786346435547
18833,75.69000244140625,69.96479797363281
18834,15.0600004196167,11.777398109436035
18835,24.450000762939453,19.163742065429688
18836,38.689998626708984,35.84843444824219
18837,14.760000228881836,12.663346290588379
18838,35.470001220703125,32.64247512817383
18839,51.70000076293945,50.514434814453125
18840,12.319999694824219,9.172481536865234
18841,41.20000076293945,35.63438034057617
18842,43.27000045776367,39.02695846557617
18843,46.349998474121094,42.66501235961914
18844,6.050000190734863,2.8688344955444336
18845,26.25,22.172832489013672
18846,56.20000076293945,50.4681282043457
18847,18.239999771118164,16.33112335205078
18848,36.560001373291016,35.38395690917969
18849,1.3799999952316284,1.0991276502609253
18850,12.289999961853027,10.991788864135742
18851,62.18000030517578,61.87197494506836
18852,31.829999923706055,32.4285888671875
18853,11.420000076293945,10.081018447875977
18854,18.6299991607666,15.8610200881958
18855,27.1299991607666,28.607563018798828
18856,48.0,44.8821907043457
18857,31.420000076293945,26.690832138061523
18858,35.5099983215332,32.53489303588867
18859,15.289999961853027,13.070662498474121
18860,47.310001373291016,44.58646774291992
18861,14.329999923706055,12.984964370727539
18862,21.209999084472656,19.03940200805664
18863,2.5,1.7792651653289795
18864,43.04999923706055,33.76884460449219
18865,10.140000343322754,10.349138259887695
18866,12.670000076293945,10.721197128295898
18867,26.670000076293945,24.14419174194336
18868,19.860000610351562,18.260990142822266
18869,28.56999969482422,24.16762924194336
18870,11.470000267028809,9.595464706420898
18871,46.36000061035156,39.85426712036133
18872,6.110000133514404,4.110137462615967
18873,25.920000076293945,23.914785385131836
18874,28.950000762939453,23.84473991394043
18875,50.689998626708984,43.09021759033203
18876,6.78000020980835,5.159952163696289
18877,18.770000457763672,14.763425827026367
18878,48.130001068115234,47.41470718383789
18879,2.880000114440918,1.9582337141036987
18880,26.549999237060547,23.549762725830078
18881,20.100000381469727,16.442962646484375
18882,5.440000057220459,4.160677433013916
18883,19.920000076293945,17.077762603759766
18884,46.880001068115234,43.49658203125
18885,21.559999465942383,18.02511978149414
18886,28.600000381469727,27.296955108642578
18887,41.720001220703125,36.73121643066406
18888,9.180000305175781,7.438016891479492
18889,59.38999938964844,56.540245056152344
18890,23.479999542236328,21.24373435974121
18891,16.469999313354492,15.420357704162598
18892,19.690000534057617,19.303424835205078
18893,17.600000381469727,14.312453269958496
18894,24.209999084472656,23.334815979003906
18895,36.90999984741211,38.497676849365234
18896,51.060001373291016,49.474281311035156
18897,9.770000457763672,8.035538673400879
18898,46.4900016784668,37.22731018066406
18899,10.630000114440918,9.495863914489746
18900,31.81999969482422,24.68118667602539
18901,10.300000190734863,8.373743057250977
18902,25.329999923706055,20.837390899658203
18903,4.329999923706055,3.711570978164673
18904,54.36000061035156,45.508636474609375
18905,14.260000228881836,10.978065490722656
18906,9.399999618530273,7.745458126068115
18907,43.470001220703125,38.22027587890625
18908,25.010000228881836,21.153316497802734
18909,30.09000015258789,27.312519073486328
18910,28.829999923706055,24.760143280029297
18911,42.47999954223633,42.66558074951172
18912,46.220001220703125,47.15570068359375
18913,30.56999969482422,24.279111862182617
18914,59.16999816894531,59.30978012084961
18915,42.84000015258789,66.4346694946289
18916,30.520000457763672,25.32312774658203
18917,60.2599983215332,59.24894332885742
18918,32.81999969482422,27.54051399230957
18919,2.7899999618530273,1.7910454273223877
18920,19.059999465942383,16.636777877807617
18921,13.100000381469727,10.612549781799316
18922,8.050000190734863,6.519520282745361
18923,22.809999465942383,21.34905242919922
18924,30.8799991607666,28.925201416015625
18925,40.650001525878906,35.616451263427734
18926,64.91999816894531,62.240962982177734
18927,15.430000305175781,13.035273551940918
18928,47.720001220703125,46.2357292175293
18929,10.539999961853027,9.291049003601074
18930,26.729999542236328,19.092689514160156
18931,30.329999923706055,25.427711486816406
18932,38.75,36.7739143371582
18933,63.279998779296875,60.455142974853516
18934,8.579999923706055,6.053920745849609
18935,9.010000228881836,7.103680610656738
18936,20.700000762939453,17.81293487548828
18937,23.229999542236328,17.87902069091797
18938,7.789999961853027,5.270005702972412
18939,14.699999809265137,12.396554946899414
18940,6.840000152587891,5.836085796356201
18941,16.84000015258789,14.73480224609375
18942,39.310001373291016,32.50442123413086
18943,56.16999816894531,35.6568717956543
18944,17.579999923706055,14.599095344543457
18945,23.969999313354492,16.739418029785156
18946,22.239999771118164,18.583019256591797
18947,12.899999618530273,11.275100708007812
18948,34.40999984741211,29.770889282226562
18949,44.02000045776367,37.629276275634766
18950,29.6299991607666,29.86724090576172
18951,6.210000038146973,5.557194232940674
18952,31.31999969482422,27.27374267578125
18953,18.899999618530273,14.998480796813965
18954,6.869999885559082,4.337826251983643
18955,24.229999542236328,21.831897735595703
18956,24.93000030517578,20.78062629699707
18957,22.809999465942383,20.142032623291016
18958,26.299999237060547,24.112661361694336
18959,17.270000457763672,14.681414604187012
18960,65.76000213623047,65.75697326660156
18961,37.529998779296875,33.79377365112305
18962,3.1700000762939453,2.2275021076202393
18963,43.75,39.049110412597656
18964,59.790000915527344,58.641056060791016
18965,18.68000030517578,14.752211570739746
18966,7.119999885559082,5.615538120269775
18967,46.099998474121094,43.38583755493164
18968,17.6200008392334,15.18671703338623
18969,39.459999084472656,37.46572494506836
18970,26.170000076293945,23.127609252929688
18971,15.010000228881836,12.336880683898926
18972,9.010000228881836,7.3252668380737305
18973,33.290000915527344,26.883012771606445
18974,30.579999923706055,28.817474365234375
18975,76.69999694824219,66.60082244873047
18976,16.889999389648438,13.43840217590332
18977,3.359999895095825,2.0532543659210205
18978,29.200000762939453,27.03860855102539
18979,12.460000038146973,10.195650100708008
18980,40.52000045776367,35.73506546020508
18981,27.899999618530273,24.80357551574707
18982,22.489999771118164,20.56564712524414
18983,22.8799991607666,19.439916610717773
18984,9.420000076293945,7.385105609893799
18985,37.560001373291016,33.05891799926758
18986,8.350000381469727,6.006748199462891
18987,12.850000381469727,10.651202201843262
18988,17.520000457763672,15.565462112426758
18989,10.199999809265137,8.678024291992188
18990,13.399999618530273,11.670379638671875
18991,52.56999969482422,49.208065032958984
18992,9.789999961853027,5.889158248901367
18993,30.719999313354492,28.06237030029297
18994,16.34000015258789,13.342084884643555
18995,13.59000015258789,11.134801864624023
18996,3.6600000858306885,2.538811206817627
18997,12.069999694824219,10.441546440124512
18998,6.679999828338623,6.068655014038086
18999,31.139999389648438,30.737369537353516
19000,68.5999984741211,67.70775604248047
19001,24.979999542236328,20.294431686401367
19002,21.84000015258789,20.11553192138672
19003,11.390000343322754,8.82066535949707
19004,25.139999389648438,21.902118682861328
19005,15.390000343322754,12.275712966918945
19006,23.809999465942383,22.489463806152344
19007,62.91999816894531,62.19945526123047
19008,5.139999866485596,3.716905355453491
19009,13.8100004196167,11.302762985229492
19010,26.610000610351562,23.77979278564453
19011,19.010000228881836,15.542197227478027
19012,39.66999816894531,37.76584243774414
19013,5.489999771118164,4.35516357421875
19014,19.770000457763672,17.201553344726562
19015,3.490000009536743,2.1944491863250732
19016,23.969999313354492,21.884872436523438
19017,43.970001220703125,40.15449905395508
19018,34.709999084472656,31.114315032958984
19019,10.289999961853027,8.13506031036377
19020,48.709999084472656,50.96175765991211
19021,37.20000076293945,31.0675048828125
19022,14.279999732971191,10.909244537353516
19023,53.02000045776367,44.669227600097656
19024,71.83000183105469,70.76313018798828
19025,20.920000076293945,19.102006912231445
19026,38.7400016784668,30.363525390625
19027,37.290000915527344,34.39857864379883
19028,38.25,30.763755798339844
19029,53.650001525878906,52.303985595703125
19030,57.29999923706055,54.49847412109375
19031,3.3499999046325684,1.6600584983825684
19032,44.2400016784668,43.32196807861328
19033,52.029998779296875,50.50092697143555
19034,5.150000095367432,3.2185728549957275
19035,2.990000009536743,1.8776346445083618
19036,34.77000045776367,33.71977615356445
19037,22.639999389648438,18.6872615814209
19038,15.270000457763672,12.762541770935059
19039,23.040000915527344,18.997318267822266
19040,18.600000381469727,16.691513061523438
19041,23.899999618530273,19.81439971923828
19042,11.260000228881836,9.379070281982422
19043,52.63999938964844,50.98117446899414
19044,10.539999961853027,8.667030334472656
19045,68.91000366210938,70.05783081054688
19046,8.510000228881836,5.900442123413086
19047,8.489999771118164,7.174243450164795
19048,44.97999954223633,41.30754089355469
19049,15.430000305175781,14.05801010131836
19050,37.22999954223633,29.68277359008789
19051,47.18000030517578,44.25043487548828
19052,26.360000610351562,22.822803497314453
19053,13.819999694824219,11.09008502960205
19054,17.920000076293945,14.064593315124512
19055,50.81999969482422,45.32858657836914
19056,23.0,20.798458099365234
19057,66.05000305175781,63.85361099243164
19058,17.450000762939453,17.01947021484375
19059,58.45000076293945,55.44110870361328
19060,28.010000228881836,28.78656005859375
19061,11.449999809265137,10.928999900817871
19062,29.190000534057617,27.208345413208008
19063,11.180000305175781,9.109382629394531
19064,19.6200008392334,17.042659759521484
19065,28.850000381469727,25.92437744140625
19066,68.95999908447266,66.93616485595703
19067,33.2599983215332,34.3734016418457
19068,27.389999389648438,23.762725830078125
19069,24.170000076293945,25.785871505737305
19070,42.959999084472656,38.35867691040039
19071,27.450000762939453,26.247587203979492
19072,8.619999885559082,6.730249404907227
19073,60.130001068115234,58.502891540527344
19074,8.739999771118164,6.9908061027526855
19075,10.59000015258789,9.084217071533203
19076,34.970001220703125,30.464813232421875
19077,15.65999984741211,12.865745544433594
19078,41.11000061035156,36.98434829711914
19079,15.3100004196167,12.829084396362305
19080,19.860000610351562,19.143844604492188
19081,43.900001525878906,39.8142204284668
19082,17.399999618530273,14.408053398132324
19083,24.229999542236328,21.58598518371582
19084,59.400001525878906,44.50654983520508
19085,72.86000061035156,66.4346694946289
19086,9.100000381469727,7.611237049102783
19087,17.06999969482422,13.738412857055664
19088,36.83000183105469,33.06998825073242
19089,47.56999969482422,38.56825637817383
19090,19.799999237060547,16.592737197875977
19091,32.630001068115234,28.471019744873047
19092,56.11000061035156,48.0545768737793
19093,23.68000030517578,19.94308853149414
19094,9.0,7.625951290130615
19095,26.3799991607666,24.276344299316406
19096,21.5,19.64566993713379
19097,15.050000190734863,12.420694351196289
19098,7.239999771118164,5.294675827026367
19099,30.270000457763672,28.319313049316406
19100,52.459999084472656,49.44939041137695
19101,77.20999908447266,72.0252685546875
19102,37.0099983215332,31.93901824951172
19103,14.170000076293945,12.39661693572998
19104,45.810001373291016,38.446746826171875
19105,16.469999313354492,14.01244831085205
19106,39.16999816894531,34.665931701660156
19107,12.489999771118164,11.714864730834961
19108,14.510000228881836,13.523940086364746
19109,22.90999984741211,19.749788284301758
19110,31.3700008392334,28.962526321411133
19111,19.920000076293945,17.420391082763672
19112,24.790000915527344,19.81598472595215
19113,22.290000915527344,18.001155853271484
19114,63.81999969482422,62.036582946777344
19115,35.0099983215332,35.09470748901367
19116,23.420000076293945,22.466798782348633
19117,23.06999969482422,23.871234893798828
19118,9.34000015258789,8.024720191955566
19119,28.639999389648438,23.38401222229004
19120,22.34000015258789,23.33806800842285
19121,11.899999618530273,9.315216064453125
19122,32.34000015258789,27.958593368530273
19123,16.809999465942383,13.39844799041748
19124,33.540000915527344,29.679725646972656
19125,24.25,19.807716369628906
19126,12.09000015258789,10.20814037322998
19127,42.56999969482422,40.171512603759766
19128,46.72999954223633,45.34659194946289
19129,28.25,23.515844345092773
19130,31.549999237060547,30.652484893798828
19131,46.900001525878906,43.589393615722656
19132,17.780000686645508,13.448086738586426
19133,51.599998474121094,47.048126220703125
19134,32.849998474121094,28.366287231445312
19135,24.510000228881836,22.69940948486328
19136,49.869998931884766,49.4040641784668
19137,5.849999904632568,3.937685966491699
19138,40.40999984741211,36.77021026611328
19139,9.390000343322754,7.476394176483154
19140,22.239999771118164,20.037940979003906
19141,30.219999313354492,27.47770118713379
19142,13.34000015258789,10.631866455078125
19143,16.450000762939453,14.822088241577148
19144,9.3100004196167,7.932561874389648
19145,26.760000228881836,21.456703186035156
19146,41.68000030517578,38.848876953125
19147,25.440000534057617,22.604145050048828
19148,47.099998474121094,44.718040466308594
19149,15.729999542236328,13.708113670349121
19150,44.869998931884766,40.504154205322266
19151,12.779999732971191,9.933242797851562
19152,10.90999984741211,8.112695693969727
19153,3.799999952316284,3.1421058177948
19154,42.869998931884766,39.699405670166016
19155,34.93000030517578,31.978561401367188
19156,8.720000267028809,8.221176147460938
19157,11.960000038146973,8.541275024414062
19158,50.040000915527344,31.92957305908203
19159,28.700000762939453,26.91437339782715
19160,19.040000915527344,16.32171630859375
19161,49.70000076293945,42.46713638305664
19162,36.029998779296875,34.96559143066406
19163,22.65999984741211,19.19611930847168
19164,43.22999954223633,32.4285888671875
19165,60.75,34.725650787353516
19166,46.93000030517578,43.87388229370117
19167,20.739999771118164,18.405515670776367
19168,16.600000381469727,16.131031036376953
19169,24.530000686645508,21.47246551513672
19170,5.380000114440918,3.559931755065918
19171,24.739999771118164,22.247770309448242
19172,21.40999984741211,17.549392700195312
19173,37.77000045776367,31.700292587280273
19174,2.0999999046325684,3.8256616592407227
19175,45.529998779296875,36.22110366821289
19176,6.409999847412109,4.451282978057861
19177,11.109999656677246,7.8304762840271
19178,23.239999771118164,19.516376495361328
19179,9.180000305175781,7.66396951675415
19180,28.6299991607666,23.956838607788086
19181,27.31999969482422,23.193132400512695
19182,49.58000183105469,46.514549255371094
19183,2.049999952316284,1.3235352039337158
19184,24.450000762939453,22.700849533081055
19185,39.18000030517578,41.856788635253906
19186,31.15999984741211,26.042417526245117
19187,17.649999618530273,15.091887474060059
19188,7.909999847412109,5.936442852020264
19189,22.079999923706055,19.115528106689453
19190,16.940000534057617,14.98404598236084
19191,26.15999984741211,21.8902587890625
19192,30.020000457763672,27.461252212524414
19193,6.920000076293945,5.122038841247559
19194,57.83000183105469,56.18021011352539
19195,27.719999313354492,21.651702880859375
19196,14.899999618530273,11.653497695922852
19197,17.34000015258789,15.526219367980957
19198,38.43000030517578,33.778682708740234
19199,20.559999465942383,16.853042602539062
19200,48.849998474121094,45.437904357910156
19201,67.7699966430664,68.14893341064453
19202,12.520000457763672,9.056012153625488
19203,52.06999969482422,47.692073822021484
19204,23.010000228881836,19.331157684326172
19205,25.6299991607666,22.555086135864258
19206,6.300000190734863,5.159595966339111
19207,25.420000076293945,19.12401580810547
19208,42.65999984741211,39.4419059753418
19209,1.4800000190734863,1.1288992166519165
19210,45.119998931884766,35.571414947509766
19211,28.06999969482422,21.26873779296875
19212,28.520000457763672,29.881540298461914
19213,9.520000457763672,8.023399353027344
19214,7.590000152587891,5.666231632232666
19215,52.2400016784668,38.27328872680664
19216,18.360000610351562,15.686802864074707
19217,23.010000228881836,17.951383590698242
19218,9.40999984741211,7.387127876281738
19219,47.09000015258789,46.3339958190918
19220,9.329999923706055,8.231849670410156
19221,21.200000762939453,20.42209815979004
19222,13.300000190734863,11.631853103637695
19223,9.8100004196167,8.68928337097168
19224,9.819999694824219,7.9012908935546875
19225,4.190000057220459,2.46043062210083
19226,39.529998779296875,36.973262786865234
19227,10.920000076293945,8.70770263671875
19228,63.04999923706055,55.92112350463867
19229,32.13999938964844,30.673824310302734
19230,37.970001220703125,32.438568115234375
19231,30.350000381469727,26.523033142089844
19232,24.06999969482422,19.922147750854492
19233,12.130000114440918,9.483656883239746
19234,52.79999923706055,50.28287124633789
19235,20.729999542236328,17.826570510864258
19236,74.41000366210938,63.40134048461914
19237,6.269999980926514,5.603068828582764
19238,51.939998626708984,50.6418342590332
19239,53.2599983215332,50.18674087524414
19240,23.700000762939453,24.418594360351562
19241,10.0,8.100902557373047
19242,18.350000381469727,15.35290241241455
19243,28.020000457763672,20.088592529296875
19244,15.420000076293945,12.41050910949707
19245,50.86000061035156,46.35541915893555
19246,7.679999828338623,6.343869209289551
19247,5.880000114440918,4.366711139678955
19248,25.81999969482422,24.12388038635254
19249,12.539999961853027,10.229583740234375
19250,50.25,44.78239440917969
19251,25.389999389648438,23.38629722595215
19252,42.099998474121094,38.516300201416016
19253,64.30999755859375,38.517642974853516
19254,8.720000267028809,7.42451286315918
19255,48.7599983215332,45.73517990112305
19256,32.119998931884766,27.96609115600586
19257,50.63999938964844,51.61269760131836
19258,13.15999984741211,11.734587669372559
19259,39.540000915527344,30.216264724731445
19260,8.819999694824219,7.225904941558838
19261,25.56999969482422,23.863855361938477
19262,44.25,51.98489761352539
19263,38.79999923706055,39.261962890625
19264,11.5600004196167,8.825424194335938
19265,17.34000015258789,14.9735689163208
19266,49.70000076293945,42.090206146240234
19267,13.90999984741211,11.9161376953125
19268,16.229999542236328,12.005036354064941
19269,25.459999084472656,21.934070587158203
19270,25.81999969482422,21.469669342041016
19271,14.25,12.215425491333008
19272,73.5999984741211,72.8572006225586
19273,17.969999313354492,14.6787691116333
19274,29.799999237060547,25.579139709472656
19275,15.140000343322754,14.287519454956055
19276,22.559999465942383,20.39225959777832
19277,25.350000381469727,21.52796173095703
19278,23.639999389648438,23.154170989990234
19279,40.59000015258789,38.691585540771484
19280,27.190000534057617,24.78854751586914
19281,12.15999984741211,10.356351852416992
19282,7.079999923706055,5.794023513793945
19283,53.060001373291016,50.49470520019531
19284,28.56999969482422,24.733718872070312
19285,25.299999237060547,22.43378257751465
19286,36.68000030517578,31.8028564453125
19287,6.659999847412109,4.127054691314697
19288,27.780000686645508,26.27595329284668
19289,4.409999847412109,3.1282641887664795
19290,32.86000061035156,25.5946044921875
19291,28.18000030517578,26.309263229370117
19292,18.40999984741211,16.275798797607422
19293,49.97999954223633,46.401851654052734
19294,46.81999969482422,45.75389099121094
19295,21.229999542236328,18.67917823791504
19296,59.38999938964844,58.14567184448242
19297,24.1299991607666,20.794902801513672
19298,37.22999954223633,33.105506896972656
19299,48.959999084472656,50.34975814819336
19300,13.5600004196167,11.323221206665039
19301,23.520000457763672,20.410615921020508
19302,22.510000228881836,27.876073837280273
19303,37.369998931884766,32.62082290649414
19304,10.84000015258789,8.824952125549316
19305,48.540000915527344,45.64519500732422
19306,73.04000091552734,69.01942443847656
19307,59.2400016784668,54.67170715332031
19308,43.970001220703125,40.36423873901367
19309,36.189998626708984,31.679697036743164
19310,17.5,13.892333984375
19311,27.65999984741211,24.626129150390625
19312,34.27000045776367,31.81270408630371
19313,29.950000762939453,26.32911491394043
19314,7.03000020980835,4.793499946594238
19315,17.31999969482422,16.266494750976562
19316,26.6200008392334,22.396621704101562
19317,60.220001220703125,57.73860168457031
19318,38.720001220703125,36.01124954223633
19319,35.439998626708984,31.098705291748047
19320,50.16999816894531,41.986297607421875
19321,17.209999084472656,15.126439094543457
19322,12.930000305175781,11.441650390625
19323,1.6699999570846558,1.0355232954025269
19324,21.510000228881836,18.648174285888672
19325,74.31999969482422,63.35416030883789
19326,35.560001373291016,30.656810760498047
19327,13.65999984741211,10.784541130065918
19328,26.59000015258789,24.202198028564453
19329,19.360000610351562,19.179216384887695
19330,12.4399995803833,9.355414390563965
19331,8.930000305175781,7.562223434448242
19332,8.229999542236328,7.026577472686768
19333,53.61000061035156,50.64445877075195
19334,17.860000610351562,14.213342666625977
19335,5.989999771118164,4.4915547370910645
19336,14.869999885559082,12.659560203552246
19337,46.0099983215332,46.0273551940918
19338,28.170000076293945,23.889408111572266
19339,60.900001525878906,61.17295455932617
19340,66.26000213623047,62.06276321411133
19341,45.97999954223633,45.49936294555664
19342,23.549999237060547,18.673141479492188
19343,21.59000015258789,18.95232391357422
19344,28.110000610351562,24.01242446899414
19345,44.33000183105469,41.680023193359375
19346,4.260000228881836,3.4723060131073
19347,10.729999542236328,8.900997161865234
19348,64.12000274658203,61.51114273071289
19349,28.239999771118164,28.688642501831055
19350,32.52000045776367,29.729001998901367
19351,58.47999954223633,54.08371353149414
19352,35.20000076293945,31.17959976196289
19353,23.139999389648438,20.362464904785156
19354,37.47999954223633,33.055118560791016
19355,5.829999923706055,4.537533283233643
19356,18.520000457763672,17.123641967773438
19357,37.130001068115234,32.4185905456543
19358,17.700000762939453,14.591049194335938
19359,8.279999732971191,6.374481201171875
19360,9.350000381469727,7.226853847503662
19361,5.28000020980835,4.1845269203186035
19362,30.420000076293945,25.686443328857422
19363,20.639999389648438,16.444543838500977
19364,42.04999923706055,40.07895278930664
19365,2.7200000286102295,2.038245916366577
19366,39.70000076293945,37.13835525512695
19367,32.27000045776367,30.239360809326172
19368,27.6200008392334,26.95660400390625
19369,48.970001220703125,45.88753890991211
19370,9.729999542236328,8.235503196716309
19371,33.22999954223633,29.932981491088867
19372,6.239999771118164,3.3200080394744873
19373,27.389999389648438,23.61748504638672
19374,37.209999084472656,33.64290237426758
19375,58.119998931884766,57.42060470581055
19376,60.7400016784668,57.920902252197266
19377,34.58000183105469,30.029579162597656
19378,32.72999954223633,30.74730110168457
19379,28.149999618530273,25.46441078186035
19380,28.65999984741211,23.01058578491211
19381,52.880001068115234,51.00259017944336
19382,47.709999084472656,46.32835388183594
19383,69.30999755859375,65.1108627319336
19384,39.720001220703125,37.36685562133789
19385,44.54999923706055,41.425968170166016
19386,14.369999885559082,12.837533950805664
19387,44.630001068115234,40.40877151489258
19388,13.640000343322754,11.173019409179688
19389,29.040000915527344,25.468782424926758
19390,2.0899999141693115,1.6466410160064697
19391,20.610000610351562,21.40587043762207
19392,11.130000114440918,8.819371223449707
19393,30.510000228881836,27.06708526611328
19394,23.360000610351562,18.869029998779297
19395,77.69999694824219,52.78789138793945
19396,12.220000267028809,10.587020874023438
19397,27.459999084472656,22.079410552978516
19398,30.979999542236328,27.265880584716797
19399,18.229999542236328,16.249116897583008
19400,27.209999084472656,25.619173049926758
19401,47.619998931884766,50.51214599609375
19402,13.109999656677246,10.86456298828125
19403,19.299999237060547,16.26993751525879
19404,16.8799991607666,13.749013900756836
19405,21.579999923706055,15.872451782226562
19406,7.420000076293945,5.731410026550293
19407,29.93000030517578,20.548259735107422
19408,34.02000045776367,34.50685119628906
19409,47.22999954223633,44.85576629638672
19410,52.529998779296875,50.57240676879883
19411,2.240000009536743,1.470414400100708
19412,56.72999954223633,48.888912200927734
19413,35.290000915527344,33.262081146240234
19414,33.709999084472656,43.58404541015625
19415,11.6899995803833,8.930364608764648
19416,37.540000915527344,34.794490814208984
19417,22.68000030517578,20.60736846923828
19418,16.739999771118164,14.821264266967773
19419,23.940000534057617,20.30104637145996
19420,59.81999969482422,59.77186965942383
19421,57.91999816894531,58.29816818237305
19422,39.45000076293945,37.243614196777344
19423,21.219999313354492,18.232816696166992
19424,64.75,64.92850494384766
19425,18.639999389648438,15.845449447631836
19426,32.18000030517578,25.419906616210938
19427,37.09000015258789,33.929813385009766
19428,8.779999732971191,7.602330207824707
19429,17.059999465942383,13.590901374816895
19430,9.420000076293945,6.105356216430664
19431,12.09000015258789,8.538612365722656
19432,18.979999542236328,18.42037582397461
19433,27.270000457763672,24.0465030670166
19434,36.040000915527344,32.54191970825195
19435,27.100000381469727,23.01443099975586
19436,17.020000457763672,13.882193565368652
19437,9.960000038146973,7.579906463623047
19438,39.849998474121094,36.1482048034668
19439,48.529998779296875,48.69990158081055
19440,13.4399995803833,11.767754554748535
19441,26.260000228881836,21.69855308532715
19442,40.83000183105469,31.835445404052734
19443,40.31999969482422,37.53875732421875
19444,37.720001220703125,36.78926086425781
19445,68.0999984741211,51.98489761352539
19446,44.689998626708984,42.11363983154297
19447,57.029998779296875,54.62289810180664
19448,7.730000019073486,6.398914337158203
19449,18.989999771118164,18.098995208740234
19450,1.9299999475479126,1.119401454925537
19451,38.11000061035156,30.136592864990234
19452,43.880001068115234,40.89936065673828
19453,19.059999465942383,16.232921600341797
19454,2.7799999713897705,1.1682332754135132
19455,15.25,13.402082443237305
19456,43.130001068115234,39.35746383666992
19457,44.13999938964844,41.7423210144043
19458,37.0099983215332,39.53866195678711
19459,19.59000015258789,18.105966567993164
19460,19.649999618530273,16.69170379638672
19461,53.150001525878906,51.6878776550293
19462,26.350000381469727,22.310394287109375
19463,26.25,23.838001251220703
19464,26.0,21.448469161987305
19465,13.0600004196167,10.901288986206055
19466,45.869998931884766,43.217933654785156
19467,62.68000030517578,49.46944046020508
19468,30.979999542236328,25.671316146850586
19469,26.360000610351562,24.58626937866211
19470,16.610000610351562,15.061636924743652
19471,59.209999084472656,56.373897552490234
19472,58.65999984741211,70.69583129882812
19473,16.579999923706055,12.988225936889648
19474,27.6299991607666,25.148414611816406
19475,20.530000686645508,23.508092880249023
19476,55.83000183105469,52.76082229614258
19477,26.709999084472656,22.00676155090332
19478,5.519999980926514,3.7231762409210205
19479,34.77000045776367,29.6153564453125
19480,11.40999984741211,8.858102798461914
19481,32.86000061035156,32.1722297668457
19482,19.139999389648438,19.44025230407715
19483,12.680000305175781,10.669507026672363
19484,23.920000076293945,22.345043182373047
19485,10.149999618530273,9.256958961486816
19486,14.4399995803833,12.148378372192383
19487,37.470001220703125,33.039527893066406
19488,24.40999984741211,23.745559692382812
19489,11.850000381469727,9.584464073181152
19490,23.229999542236328,21.560543060302734
19491,44.11000061035156,38.06855392456055
19492,23.110000610351562,21.719131469726562
19493,14.489999771118164,11.608839988708496
19494,13.630000114440918,10.098349571228027
19495,59.959999084472656,56.31682586669922
19496,13.6899995803833,12.208374977111816
19497,47.619998931884766,43.53989791870117
19498,10.720000267028809,8.730184555053711
19499,14.069999694824219,12.96235466003418
19500,3.5199999809265137,1.5152366161346436
19501,45.380001068115234,47.29887008666992
19502,20.239999771118164,17.511545181274414
19503,27.829999923706055,23.261550903320312
19504,42.060001373291016,38.84632110595703
19505,44.72999954223633,49.06179428100586
19506,14.680000305175781,12.04002571105957
19507,12.109999656677246,10.077396392822266
19508,57.599998474121094,55.840328216552734
19509,16.75,13.010392189025879
19510,39.43000030517578,37.8046989440918
19511,2.680000066757202,1.258937120437622
19512,33.869998931884766,32.20123291015625
19513,25.59000015258789,22.52729034423828
19514,42.849998474121094,42.937896728515625
19515,19.989999771118164,17.027225494384766
19516,14.75,11.736520767211914
19517,34.59000015258789,31.544475555419922
19518,4.960000038146973,3.161574602127075
19519,36.650001525878906,29.265682220458984
19520,7.869999885559082,6.151712417602539
19521,47.20000076293945,46.72117233276367
19522,24.3799991607666,20.077301025390625
19523,17.229999542236328,14.892304420471191
19524,28.079999923706055,24.974496841430664
19525,24.920000076293945,22.22054100036621
19526,8.449999809265137,6.887234687805176
19527,27.850000381469727,24.277416229248047
19528,64.06999969482422,64.0423583984375
19529,72.44999694824219,68.19551849365234
19530,30.200000762939453,24.578704833984375
19531,21.1299991607666,19.07457160949707
19532,48.47999954223633,45.58774185180664
19533,61.189998626708984,60.79846954345703
19534,17.389999389648438,15.421490669250488
19535,17.799999237060547,15.081464767456055
19536,26.06999969482422,22.95927619934082
19537,35.2400016784668,34.01018524169922
19538,37.709999084472656,33.81926345825195
19539,55.560001373291016,54.07160949707031
19540,38.310001373291016,32.81466293334961
19541,7.599999904632568,6.48884391784668
19542,26.969999313354492,28.20166015625
19543,33.7400016784668,29.811668395996094
19544,8.149999618530273,6.2813239097595215
19545,15.270000457763672,13.563267707824707
19546,26.229999542236328,19.6296443939209
19547,36.0,29.745542526245117
19548,23.6200008392334,23.04030990600586
19549,17.549999237060547,15.144124031066895
19550,5.730000019073486,3.971890926361084
19551,1.659999966621399,1.8250889778137207
19552,13.779999732971191,11.806625366210938
19553,14.260000228881836,12.547761917114258
19554,13.350000381469727,11.740386009216309
19555,33.810001373291016,30.147939682006836
19556,45.45000076293945,43.08023452758789
19557,30.6200008392334,27.919248580932617
19558,48.040000915527344,40.704288482666016
19559,22.799999237060547,21.202808380126953
19560,34.75,33.0400276184082
19561,59.41999816894531,52.91889572143555
19562,26.299999237060547,21.446884155273438
19563,25.489999771118164,21.30759620666504
19564,34.08000183105469,31.07198715209961
19565,37.13999938964844,35.28279495239258
19566,18.829999923706055,15.376751899719238
19567,37.119998931884766,32.75235366821289
19568,30.850000381469727,26.022371292114258
19569,39.720001220703125,35.3413200378418
19570,0.18000000715255737,1.6529303789138794
19571,11.380000114440918,7.8539137840271
19572,4.610000133514404,2.497330904006958
19573,39.66999816894531,34.896949768066406
19574,21.290000915527344,17.472030639648438
19575,71.77999877929688,72.79454803466797
19576,38.34000015258789,36.57146072387695
19577,8.989999771118164,7.3102288246154785
19578,16.65999984741211,14.240458488464355
19579,16.440000534057617,13.829309463500977
19580,15.010000228881836,13.576563835144043
19581,23.510000228881836,21.786251068115234
19582,34.599998474121094,34.09675216674805
19583,21.040000915527344,17.100481033325195
19584,10.109999656677246,8.138458251953125
19585,30.260000228881836,27.14654541015625
19586,29.950000762939453,27.966590881347656
19587,35.5,35.73335647583008
19588,7.760000228881836,6.2326979637146
19589,6.25,4.175994396209717
19590,43.869998931884766,38.53137969970703
19591,29.559999465942383,25.587711334228516
19592,54.7599983215332,53.177818298339844
19593,45.9900016784668,39.256195068359375
19594,33.22999954223633,29.192808151245117
19595,55.81999969482422,67.38105010986328
19596,30.1200008392334,30.112319946289062
19597,8.5,6.390737056732178
19598,10.420000076293945,8.629342079162598
19599,42.939998626708984,39.63899612426758
19600,56.34000015258789,49.48882293701172
19601,42.650001525878906,43.18946838378906
19602,15.84000015258789,12.847315788269043
19603,9.859999656677246,8.477702140808105
19604,31.09000015258789,27.392988204956055
19605,48.2599983215332,45.94770050048828
19606,25.06999969482422,23.092967987060547
19607,39.40999984741211,34.80965042114258
19608,33.15999984741211,28.952341079711914
19609,70.66000366210938,68.40019226074219
19610,33.81999969482422,27.383846282958984
19611,18.520000457763672,16.034364700317383
19612,17.790000915527344,15.674005508422852
19613,40.66999816894531,33.70827102661133
19614,44.720001220703125,40.57228088378906
19615,50.900001525878906,49.18513107299805
19616,27.739999771118164,23.04788589477539
19617,8.760000228881836,7.494466304779053
19618,9.680000305175781,9.06732177734375
19619,64.7300033569336,62.223907470703125
19620,67.31999969482422,60.69585037231445
19621,30.450000762939453,26.967979431152344
19622,40.54999923706055,37.38472366333008
19623,34.630001068115234,30.787263870239258
19624,37.79999923706055,33.89738845825195
19625,39.56999969482422,34.34165573120117
19626,25.690000534057617,24.016876220703125
19627,40.380001068115234,35.54649353027344
19628,43.7599983215332,41.10713577270508
19629,16.489999771118164,13.110306739807129
19630,55.06999969482422,52.576663970947266
19631,52.13999938964844,49.180965423583984
19632,42.06999969482422,41.04096984863281
19633,46.97999954223633,45.57859802246094
19634,54.849998474121094,50.19258499145508
19635,32.619998931884766,28.3421630859375
19636,20.299999237060547,17.057788848876953
19637,8.65999984741211,7.200871467590332
19638,12.9399995803833,9.648784637451172
19639,7.300000190734863,5.271251201629639
19640,21.450000762939453,19.82716178894043
19641,26.0,22.40430450439453
19642,27.760000228881836,22.99474334716797
19643,48.72999954223633,45.38237380981445
19644,49.470001220703125,44.101863861083984
19645,32.560001373291016,28.29339027404785
19646,7.230000019073486,5.2765960693359375
19647,3.180000066757202,1.8547635078430176
19648,37.099998474121094,38.125057220458984
19649,32.08000183105469,26.37038803100586
19650,9.09000015258789,7.578499794006348
19651,12.229999542236328,9.839463233947754
19652,15.479999542236328,12.51173210144043
19653,8.489999771118164,6.575994491577148
19654,24.719999313354492,25.229379653930664
19655,53.83000183105469,53.857505798339844
19656,51.79999923706055,43.679988861083984
19657,17.3799991607666,14.837060928344727
19658,66.83000183105469,63.57453918457031
19659,11.859999656677246,9.927682876586914
19660,40.7599983215332,37.04290771484375
19661,45.790000915527344,42.31901550292969
19662,51.470001220703125,59.11037063598633
19663,29.31999969482422,25.855195999145508
19664,11.960000038146973,10.683038711547852
19665,5.900000095367432,5.198605060577393
19666,35.599998474121094,29.636249542236328
19667,7.809999942779541,4.7702155113220215
19668,25.760000228881836,22.830646514892578
19669,6.139999866485596,4.007178783416748
19670,11.069999694824219,9.151899337768555
19671,54.65999984741211,56.71559524536133
19672,15.609999656677246,11.791104316711426
19673,18.850000381469727,15.36977767944336
19674,41.5,35.842342376708984
19675,8.100000381469727,6.539430618286133
19676,74.13999938964844,67.87370300292969
19677,43.650001525878906,42.06697463989258
19678,31.93000030517578,28.30632781982422
19679,37.95000076293945,28.26179313659668
19680,26.489999771118164,24.071229934692383
19681,31.639999389648438,24.415578842163086
19682,19.25,17.0808048248291
19683,24.950000762939453,21.998355865478516
19684,47.939998626708984,46.28987503051758
19685,53.650001525878906,49.31097412109375
19686,42.63999938964844,38.95402908325195
19687,33.88999938964844,30.90573501586914
19688,19.270000457763672,16.19305419921875
19689,21.15999984741211,19.961572647094727
19690,4.650000095367432,3.236276149749756
19691,45.630001068115234,42.46000671386719
19692,22.25,19.100141525268555
19693,37.4900016784668,32.76704788208008
19694,14.720000267028809,12.586983680725098
19695,18.920000076293945,16.39402961730957
19696,53.630001068115234,51.11476135253906
19697,25.110000610351562,22.4765625
19698,33.2599983215332,26.915721893310547
19699,35.959999084472656,31.31302261352539
19700,31.34000015258789,25.03215980529785
19701,19.1200008392334,17.775611877441406
19702,13.609999656677246,11.285229682922363
19703,44.45000076293945,43.35234069824219
19704,48.27000045776367,50.73115539550781
19705,35.0,32.547481536865234
19706,48.810001373291016,54.525875091552734
19707,24.520000457763672,21.84589958190918
19708,44.95000076293945,44.778011322021484
19709,22.809999465942383,21.49256134033203
19710,5.110000133514404,3.258011817932129
19711,9.699999809265137,7.776856422424316
19712,25.950000762939453,22.698251724243164
19713,19.020000457763672,15.445535659790039
19714,15.369999885559082,12.432867050170898
19715,7.389999866485596,5.836994171142578
19716,12.800000190734863,11.506844520568848
19717,48.810001373291016,47.571224212646484
19718,30.81999969482422,27.113880157470703
19719,18.829999923706055,14.250738143920898
19720,39.400001525878906,35.91117858886719
19721,13.069999694824219,10.329340934753418
19722,13.25,10.78438949584961
19723,26.3700008392334,22.390304565429688
19724,35.40999984741211,34.42618179321289
19725,43.529998779296875,40.93520736694336
19726,22.860000610351562,19.552581787109375
19727,22.329999923706055,21.042747497558594
19728,22.31999969482422,17.277570724487305
19729,18.299999237060547,15.756119728088379
19730,17.469999313354492,13.97519588470459
19731,10.100000381469727,8.451006889343262
19732,29.709999084472656,24.875686645507812
19733,15.859999656677246,13.5404634475708
19734,39.75,34.0082893371582
19735,23.760000228881836,22.079587936401367
19736,17.510000228881836,15.177294731140137
19737,17.260000228881836,14.97577953338623
19738,15.380000114440918,12.828563690185547
19739,61.16999816894531,55.854618072509766
19740,43.439998626708984,40.33675003051758
19741,3.2799999713897705,2.799041986465454
19742,63.08000183105469,57.20700454711914
19743,20.3799991607666,16.553577423095703
19744,19.530000686645508,18.235891342163086
19745,51.150001525878906,51.66925811767578
19746,33.86000061035156,29.437353134155273
19747,32.540000915527344,30.413320541381836
19748,9.09000015258789,7.926116943359375
19749,30.959999084472656,28.717193603515625
19750,22.489999771118164,18.661678314208984
19751,31.290000915527344,28.00770378112793
19752,61.47999954223633,59.428409576416016
19753,43.63999938964844,34.834144592285156
19754,29.43000030517578,26.117582321166992
19755,11.100000381469727,8.797686576843262
19756,42.380001068115234,41.09889602661133
19757,36.290000915527344,26.11005973815918
19758,13.09000015258789,10.93309497833252
19759,31.979999542236328,29.799476623535156
19760,8.930000305175781,6.692839622497559
19761,30.0,26.859691619873047
19762,36.720001220703125,35.11896896362305
19763,29.200000762939453,29.32048225402832
19764,57.959999084472656,60.308895111083984
19765,2.140000104904175,1.4561223983764648
19766,20.360000610351562,16.496435165405273
19767,3.640000104904175,1.837939739227295
19768,21.690000534057617,18.373186111450195
19769,32.900001525878906,30.13785743713379
19770,56.650001525878906,55.44681930541992
19771,62.189998626708984,59.96006774902344
19772,6.489999771118164,5.067786693572998
19773,17.760000228881836,14.898295402526855
19774,34.470001220703125,30.02949333190918
19775,15.140000343322754,11.91109561920166
19776,23.979999542236328,18.39200210571289
19777,34.459999084472656,35.60028076171875
19778,41.83000183105469,37.75954055786133
19779,50.13999938964844,44.523651123046875
19780,9.829999923706055,7.654860496520996
19781,48.619998931884766,41.314144134521484
19782,10.84000015258789,8.457005500793457
19783,21.1299991607666,17.215824127197266
19784,15.520000457763672,12.464993476867676
19785,35.060001373291016,21.15923309326172
19786,36.58000183105469,33.366790771484375
19787,67.5999984741211,66.12580871582031
19788,13.84000015258789,11.8080472946167
19789,26.25,22.48834800720215
19790,79.37000274658203,79.24868774414062
19791,6.730000019073486,5.162155628204346
19792,14.819999694824219,12.707317352294922
19793,41.2599983215332,38.851985931396484
19794,63.7599983215332,61.85641860961914
19795,49.86000061035156,44.95250701904297
19796,22.110000610351562,17.85305404663086
19797,49.0099983215332,43.400394439697266
19798,37.0099983215332,39.39250564575195
19799,37.630001068115234,34.993675231933594
19800,19.610000610351562,18.523969650268555
19801,39.38999938964844,33.36835861206055
19802,54.130001068115234,49.802459716796875
19803,14.359999656677246,12.521652221679688
19804,4.860000133514404,3.2925374507904053
19805,16.770000457763672,14.392139434814453
19806,44.68000030517578,40.636051177978516
19807,21.780000686645508,20.21562385559082
19808,58.459999084472656,63.0572624206543
19809,51.5099983215332,48.494178771972656
19810,17.799999237060547,15.088540077209473
19811,8.039999961853027,6.713832378387451
19812,24.3700008392334,19.289085388183594
19813,34.63999938964844,33.41818618774414
19814,35.16999816894531,33.186946868896484
19815,7.920000076293945,6.414875507354736
19816,2.430000066757202,1.341081142425537
19817,13.09000015258789,11.09203052520752
19818,6.909999847412109,4.886780738830566
19819,21.0,16.930877685546875
19820,38.97999954223633,41.33287048339844
19821,14.970000267028809,11.5257568359375
19822,25.079999923706055,19.92753791809082
19823,13.609999656677246,11.39030933380127
19824,9.789999961853027,7.741141319274902
19825,16.610000610351562,12.796085357666016
19826,56.41999816894531,55.308319091796875
19827,42.2599983215332,39.44498062133789
19828,9.479999542236328,7.980388641357422
19829,24.100000381469727,20.107315063476562
19830,38.9900016784668,34.97270965576172
19831,36.52000045776367,32.68445587158203
19832,38.33000183105469,35.38065719604492
19833,28.15999984741211,31.874534606933594
19834,24.309999465942383,21.527366638183594
19835,6.03000020980835,3.6688084602355957
19836,29.3799991607666,23.567962646484375
19837,4.309999942779541,3.9639530181884766
19838,75.56999969482422,69.37397766113281
19839,60.04999923706055,54.640804290771484
19840,12.010000228881836,10.527532577514648
19841,38.4900016784668,33.78541946411133
19842,10.729999542236328,8.282781600952148
19843,55.529998779296875,41.03822326660156
19844,18.229999542236328,16.27894401550293
19845,29.93000030517578,31.802215576171875
19846,27.899999618530273,22.485618591308594
19847,16.950000762939453,14.530760765075684
19848,30.520000457763672,26.84177589416504
19849,11.729999542236328,8.482686996459961
19850,16.479999542236328,14.909820556640625
19851,21.959999084472656,19.480928421020508
19852,23.860000610351562,21.368932723999023
19853,12.989999771118164,10.371782302856445
19854,21.190000534057617,19.146318435668945
19855,18.190000534057617,16.32925033569336
19856,23.6299991607666,21.95032501220703
19857,6.860000133514404,4.5672173500061035
19858,15.529999732971191,11.782052040100098
19859,7.139999866485596,5.140829563140869
19860,32.130001068115234,29.48967742919922
19861,14.319999694824219,11.206802368164062
19862,27.1200008392334,24.029296875
19863,5.429999828338623,3.27927565574646
19864,65.72000122070312,58.8897819519043
19865,47.650001525878906,35.82367706298828
19866,27.6299991607666,21.361766815185547
19867,25.34000015258789,23.17942237854004
19868,35.13999938964844,28.940834045410156
19869,44.130001068115234,35.75314712524414
19870,39.86000061035156,35.68986892700195
19871,13.84000015258789,12.45858097076416
19872,39.86000061035156,36.74562072753906
19873,38.900001525878906,36.51205062866211
19874,23.6200008392334,19.082260131835938
19875,20.59000015258789,17.574308395385742
19876,46.68000030517578,42.355770111083984
19877,19.780000686645508,16.84030532836914
19878,12.130000114440918,10.618841171264648
19879,16.8799991607666,13.44228458404541
19880,29.93000030517578,26.50377082824707
19881,49.59000015258789,47.283626556396484
19882,34.4900016784668,32.02262878417969
19883,17.56999969482422,15.024552345275879
19884,7.809999942779541,7.009757041931152
19885,1.9500000476837158,2.5307021141052246
19886,39.18000030517578,36.69269943237305
19887,42.959999084472656,39.73135757446289
19888,20.530000686645508,18.417400360107422
19889,30.520000457763672,27.283769607543945
19890,34.220001220703125,30.566757202148438
19891,34.029998779296875,30.699111938476562
19892,31.739999771118164,28.265708923339844
19893,21.469999313354492,17.649127960205078
19894,8.850000381469727,3.7828683853149414
19895,5.809999942779541,4.285057067871094
19896,7.610000133514404,5.980899333953857
19897,10.8100004196167,8.890589714050293
19898,13.510000228881836,10.988792419433594
19899,6.570000171661377,4.592240810394287
19900,61.959999084472656,61.23128890991211
19901,25.790000915527344,26.688352584838867
19902,64.51000213623047,52.98786163330078
19903,1.4700000286102295,2.862719774246216
19904,29.8799991607666,28.000261306762695
19905,24.65999984741211,21.157814025878906
19906,36.4900016784668,35.33304977416992
19907,21.860000610351562,20.812908172607422
19908,51.189998626708984,51.82319259643555
19909,53.18000030517578,48.886722564697266
19910,13.300000190734863,10.333334922790527
19911,9.449999809265137,8.45683765411377
19912,20.700000762939453,18.911130905151367
19913,57.93000030517578,55.5555305480957
19914,8.3100004196167,6.117353439331055
19915,12.010000228881836,10.326726913452148
19916,31.979999542236328,28.25398063659668
19917,30.979999542236328,29.41050148010254
19918,28.34000015258789,23.82621955871582
19919,6.829999923706055,4.994478225708008
19920,37.599998474121094,32.544677734375
19921,50.150001525878906,52.64409255981445
19922,16.889999389648438,14.352651596069336
19923,12.890000343322754,10.795628547668457
19924,51.959999084472656,50.763206481933594
19925,12.649999618530273,10.79664421081543
19926,39.779998779296875,35.94896697998047
19927,43.31999969482422,45.315101623535156
19928,15.109999656677246,15.201946258544922
19929,12.329999923706055,10.22900676727295
19930,23.440000534057617,19.862430572509766
19931,42.90999984741211,38.67459487915039
19932,36.97999954223633,31.35775375366211
19933,57.689998626708984,55.5760612487793
19934,17.1299991607666,14.228602409362793
19935,29.68000030517578,30.50762176513672
19936,7.289999961853027,5.285375118255615
19937,32.9900016784668,30.780324935913086
19938,23.459999084472656,20.690475463867188
19939,12.010000228881836,9.618868827819824
19940,36.310001373291016,32.23929214477539
19941,6.550000190734863,4.553831577301025
19942,6.050000190734863,4.470223426818848
19943,16.5,14.50834846496582
19944,46.34000015258789,43.64693069458008
19945,47.31999969482422,44.41254806518555
19946,20.079999923706055,18.92820167541504
19947,30.3700008392334,26.78122329711914
19948,51.849998474121094,48.89460754394531
19949,11.59000015258789,9.28734016418457
19950,11.710000038146973,10.213784217834473
19951,38.849998474121094,34.71135330200195
19952,16.530000686645508,13.22243595123291
19953,33.279998779296875,30.130037307739258
19954,52.400001525878906,50.39310836791992
19955,24.489999771118164,21.953853607177734
19956,24.969999313354492,21.115373611450195
19957,21.479999542236328,20.465396881103516
19958,52.97999954223633,50.48261642456055
19959,9.9399995803833,7.293330669403076
19960,24.540000915527344,22.322532653808594
19961,20.31999969482422,16.41472625732422
19962,28.760000228881836,25.521411895751953
19963,22.850000381469727,19.574649810791016
19964,62.849998474121094,62.26994705200195
19965,12.579999923706055,10.889622688293457
19966,41.310001373291016,38.03431701660156
19967,30.729999542236328,25.78240966796875
19968,37.0099983215332,34.071895599365234
19969,24.799999237060547,23.023557662963867
19970,22.190000534057617,21.03821563720703
19971,14.899999618530273,12.636129379272461
19972,70.63999938964844,64.72618865966797
19973,11.479999542236328,8.909331321716309
19974,7.349999904632568,4.886146068572998
19975,37.45000076293945,34.20138168334961
19976,18.399999618530273,17.454193115234375
19977,25.719999313354492,22.286474227905273
19978,65.19000244140625,58.98055648803711
19979,30.690000534057617,28.06377410888672
19980,18.520000457763672,14.777201652526855
19981,25.649999618530273,22.68819236755371
19982,41.65999984741211,38.882720947265625
19983,48.54999923706055,42.824310302734375
19984,52.56999969482422,49.2234001159668
19985,5.800000190734863,4.122138023376465
19986,19.079999923706055,15.736245155334473
19987,34.93000030517578,29.861557006835938
19988,50.97999954223633,48.49153137207031
19989,56.63999938964844,53.914730072021484
19990,28.0,24.731943130493164
19991,21.860000610351562,18.38150978088379
19992,15.260000228881836,12.615301132202148
19993,5.079999923706055,4.164323806762695
19994,5.170000076293945,4.226149082183838
19995,40.84000015258789,40.23411178588867
19996,47.20000076293945,44.11166000366211
19997,17.649999618530273,16.68375587463379
19998,62.130001068115234,58.83968734741211
19999,13.0600004196167,10.122010231018066
20000,54.47999954223633,52.022804260253906
20001,48.7400016784668,43.60196304321289
20002,34.7400016784668,30.7032470703125
20003,24.200000762939453,19.662519454956055
20004,25.020000457763672,22.392663955688477
20005,15.739999771118164,13.114883422851562
20006,7.690000057220459,6.559933662414551
20007,28.989999771118164,46.18749237060547
20008,41.54999923706055,48.70273208618164
20009,8.380000114440918,6.552222728729248
20010,75.5,65.59217834472656
20011,54.5,51.12948989868164
20012,16.0,12.274645805358887
20013,35.5,32.995906829833984
20014,22.959999084472656,18.407258987426758
20015,29.389999389648438,26.116514205932617
20016,15.949999809265137,13.78454875946045
20017,18.31999969482422,15.79499340057373
20018,13.510000228881836,11.863364219665527
20019,10.989999771118164,8.849309921264648
20020,42.18000030517578,37.21923828125
20021,48.06999969482422,36.90202713012695
20022,32.349998474121094,28.89687728881836
20023,36.40999984741211,29.739778518676758
20024,53.2400016784668,53.01180648803711
20025,24.219999313354492,19.97970962524414
20026,6.559999942779541,4.555228233337402
20027,14.380000114440918,12.336145401000977
20028,30.440000534057617,28.047805786132812
20029,19.1299991607666,16.60250473022461
20030,36.310001373291016,32.7198600769043
20031,16.020000457763672,12.564789772033691
20032,70.41000366210938,63.06380081176758
20033,34.54999923706055,37.83919906616211
20034,37.43000030517578,36.197418212890625
20035,12.4399995803833,9.959639549255371
20036,22.31999969482422,19.779958724975586
20037,27.530000686645508,24.697677612304688
20038,13.199999809265137,11.551069259643555
20039,12.489999771118164,10.059335708618164
20040,27.600000381469727,25.64528465270996
20041,37.31999969482422,38.06691360473633
20042,10.350000381469727,8.60010051727295
20043,54.93000030517578,46.433162689208984
20044,32.540000915527344,29.62250328063965
20045,43.029998779296875,43.158447265625
20046,24.579999923706055,21.347652435302734
20047,12.899999618530273,11.091351509094238
20048,21.520000457763672,15.611924171447754
20049,10.140000343322754,7.973679065704346
20050,7.519999980926514,5.826476573944092
20051,18.25,15.398037910461426
20052,27.799999237060547,22.138900756835938
20053,24.280000686645508,21.26013946533203
20054,8.40999984741211,6.782359600067139
20055,3.549999952316284,2.012559652328491
20056,36.31999969482422,33.42997741699219
20057,58.18000030517578,61.8267936706543
20058,44.150001525878906,42.43281173706055
20059,33.91999816894531,27.717138290405273
20060,41.93000030517578,40.35478973388672
20061,51.58000183105469,50.98117446899414
20062,7.949999809265137,6.555660724639893
20063,40.310001373291016,35.09470748901367
20064,1.6100000143051147,1.0540547370910645
20065,37.93000030517578,42.672611236572266
20066,27.770000457763672,26.50446128845215
20067,63.150001525878906,58.63425827026367
20068,22.440000534057617,23.64922523498535
20069,50.959999084472656,49.683815002441406
20070,10.100000381469727,9.080290794372559
20071,20.18000030517578,17.81636619567871
20072,40.540000915527344,38.15044403076172
20073,26.690000534057617,22.570449829101562
20074,11.1899995803833,9.028085708618164
20075,32.41999816894531,27.977397918701172
20076,13.800000190734863,12.597352027893066
20077,32.220001220703125,20.840328216552734
20078,14.420000076293945,11.633001327514648
20079,17.709999084472656,15.104981422424316
20080,14.869999885559082,12.098503112792969
20081,40.459999084472656,34.335487365722656
20082,11.920000076293945,9.508611679077148
20083,15.75,12.260974884033203
20084,45.040000915527344,41.49507522583008
20085,32.470001220703125,28.013336181640625
20086,14.890000343322754,13.168691635131836
20087,22.479999542236328,19.600107192993164
20088,25.760000228881836,20.644418716430664
20089,18.969999313354492,15.543045997619629
20090,52.029998779296875,48.33853530883789
20091,25.90999984741211,21.36058807373047
20092,11.90999984741211,10.685282707214355
20093,40.599998474121094,37.121524810791016
20094,23.3700008392334,20.16229248046875
20095,8.920000076293945,7.664839267730713
20096,53.869998931884766,51.09452819824219
20097,58.529998779296875,54.61733627319336
20098,41.5099983215332,37.54249954223633
20099,34.54999923706055,31.615280151367188
20100,29.170000076293945,23.384037017822266
20101,53.5099983215332,50.6780891418457
20102,4.630000114440918,3.5654866695404053
20103,18.850000381469727,16.58673095703125
20104,28.15999984741211,24.692480087280273
20105,54.40999984741211,57.84196472167969
20106,46.150001525878906,45.020999908447266
20107,34.70000076293945,31.839330673217773
20108,32.720001220703125,27.545597076416016
20109,35.220001220703125,32.375572204589844
20110,19.3799991607666,16.280162811279297
20111,23.739999771118164,17.86728286743164
20112,21.420000076293945,16.39854621887207
20113,4.400000095367432,2.5463764667510986
20114,8.15999984741211,5.718798637390137
20115,10.579999923706055,8.923667907714844
20116,14.039999961853027,13.00271987915039
20117,50.369998931884766,46.500118255615234
20118,16.93000030517578,14.546128273010254
20119,22.280000686645508,19.111194610595703
20120,32.93000030517578,28.672531127929688
20121,26.190000534057617,22.920799255371094
20122,31.209999084472656,27.976049423217773
20123,16.030000686645508,13.899499893188477
20124,3.569999933242798,3.361161947250366
20125,15.859999656677246,14.209510803222656
20126,40.34000015258789,34.89460754394531
20127,17.190000534057617,15.194585800170898
20128,20.5,17.103321075439453
20129,6.659999847412109,4.488736152648926
20130,14.369999885559082,11.599211692810059
20131,41.75,37.43296813964844
20132,45.22999954223633,43.1513786315918
20133,45.7400016784668,40.73499298095703
20134,34.68000030517578,32.01094436645508
20135,12.890000343322754,9.60841178894043
20136,28.010000228881836,24.821813583374023
20137,25.479999542236328,20.184162139892578
20138,3.9000000953674316,2.566025972366333
20139,32.400001525878906,29.875308990478516
20140,42.400001525878906,38.25895309448242
20141,38.439998626708984,34.004920959472656
20142,34.970001220703125,39.93477249145508
20143,10.59000015258789,8.2150297164917
20144,16.030000686645508,13.020055770874023
20145,11.210000038146973,8.020645141601562
20146,28.760000228881836,24.630786895751953
20147,42.2400016784668,38.30095291137695
20148,14.390000343322754,12.244447708129883
20149,23.1299991607666,18.759225845336914
20150,1.940000057220459,1.149388074874878
20151,1.690000057220459,1.3220306634902954
20152,46.869998931884766,44.045623779296875
20153,20.06999969482422,18.869327545166016
20154,16.100000381469727,13.518925666809082
20155,14.0600004196167,11.402190208435059
20156,38.439998626708984,36.40896987915039
20157,31.68000030517578,28.48150062561035
20158,42.02000045776367,40.06404113769531
20159,38.2400016784668,35.28404235839844
20160,29.5,23.286487579345703
20161,18.3700008392334,17.51380157470703
20162,18.100000381469727,15.043081283569336
20163,18.940000534057617,15.584303855895996
20164,56.86000061035156,56.31606674194336
20165,28.5,26.076053619384766
20166,17.56999969482422,14.569714546203613
20167,7.949999809265137,5.895766258239746
20168,18.8799991607666,15.980193138122559
20169,43.599998474121094,42.27708435058594
20170,57.75,54.347476959228516
20171,26.540000915527344,23.380157470703125
20172,56.84000015258789,66.47587585449219
20173,3.7899999618530273,1.8927323818206787
20174,10.680000305175781,8.565802574157715
20175,0.8299999833106995,0.9797816872596741
20176,71.81999969482422,69.194091796875
20177,63.06999969482422,62.81802749633789
20178,14.819999694824219,12.011210441589355
20179,16.889999389648438,11.992371559143066
20180,29.110000610351562,21.178144454956055
20181,35.970001220703125,31.767009735107422
20182,5.670000076293945,3.8531951904296875
20183,23.579999923706055,19.860214233398438
20184,35.279998779296875,31.59027099609375
20185,31.75,26.95497703552246
20186,17.969999313354492,14.386190414428711
20187,11.039999961853027,8.874300956726074
20188,16.489999771118164,14.542898178100586
20189,26.729999542236328,24.552322387695312
20190,13.279999732971191,11.856858253479004
20191,21.06999969482422,19.902864456176758
20192,20.270000457763672,17.84527587890625
20193,9.979999542236328,7.835552215576172
20194,28.489999771118164,21.40587043762207
20195,3.4100000858306885,1.5872948169708252
20196,30.56999969482422,27.41431427001953
20197,19.610000610351562,16.55524444580078
20198,15.670000076293945,14.126106262207031
20199,27.170000076293945,21.744773864746094
20200,34.40999984741211,30.44918441772461
20201,45.880001068115234,41.888755798339844
20202,48.900001525878906,47.76275634765625
20203,2.5899999141693115,1.5935553312301636
20204,49.33000183105469,38.084346771240234
20205,41.060001373291016,34.35422897338867
20206,27.84000015258789,21.75164794921875
20207,19.350000381469727,16.700937271118164
20208,35.25,31.91269302368164
20209,5.559999942779541,2.740114450454712
20210,15.0600004196167,12.451000213623047
20211,21.43000030517578,19.146881103515625
20212,21.31999969482422,21.316410064697266
20213,13.720000267028809,11.480175971984863
20214,37.36000061035156,35.706520080566406
20215,28.850000381469727,26.144601821899414
20216,35.02000045776367,30.46527099609375
20217,40.349998474121094,41.41379928588867
20218,14.1899995803833,11.880279541015625
20219,7.409999847412109,5.341906547546387
20220,21.049999237060547,18.1400203704834
20221,49.18000030517578,46.12944412231445
20222,39.56999969482422,37.40441131591797
20223,19.059999465942383,18.995210647583008
20224,39.27000045776367,25.493471145629883
20225,30.940000534057617,28.288288116455078
20226,40.38999938964844,39.7232551574707
20227,40.88999938964844,38.499393463134766
20228,32.689998626708984,31.610706329345703
20229,40.900001525878906,40.333335876464844
20230,20.200000762939453,17.70282745361328
20231,31.469999313354492,26.94560432434082
20232,71.83999633789062,52.25065994262695
20233,54.709999084472656,48.910274505615234
20234,4.75,2.779916524887085
20235,27.100000381469727,23.036052703857422
20236,21.209999084472656,17.954864501953125
20237,33.220001220703125,29.977113723754883
20238,8.399999618530273,7.213623523712158
20239,19.010000228881836,17.620256423950195
20240,30.760000228881836,25.518468856811523
20241,23.93000030517578,20.146238327026367
20242,66.62000274658203,64.73954772949219
20243,16.610000610351562,14.71077823638916
20244,8.170000076293945,4.133508205413818
20245,31.020000457763672,27.368860244750977
20246,13.40999984741211,10.285746574401855
20247,43.54999923706055,40.93141174316406
20248,27.170000076293945,24.479217529296875
20249,28.469999313354492,24.45037841796875
20250,43.47999954223633,41.5565299987793
20251,22.530000686645508,18.707983016967773
20252,49.56999969482422,46.41555404663086
20253,29.850000381469727,30.000783920288086
20254,33.7599983215332,30.034957885742188
20255,16.579999923706055,14.304107666015625
20256,7.019999980926514,5.248500823974609
20257,34.27000045776367,29.683147430419922
20258,50.119998931884766,48.255393981933594
20259,42.470001220703125,39.44705581665039
20260,1.8300000429153442,2.7176129817962646
20261,10.329999923706055,8.745381355285645
20262,26.940000534057617,25.356090545654297
20263,40.95000076293945,41.3054313659668
20264,51.65999984741211,49.88520050048828
20265,12.020000457763672,10.504530906677246
20266,2.1700000762939453,1.2081749439239502
20267,7.010000228881836,5.215111255645752
20268,6.650000095367432,4.932467937469482
20269,64.7699966430664,63.03248977661133
20270,17.729999542236328,14.337353706359863
20271,16.329999923706055,13.440929412841797
20272,15.800000190734863,13.337017059326172
20273,27.219999313354492,24.27748680114746
20274,24.229999542236328,24.215774536132812
20275,37.150001525878906,33.83395767211914
20276,20.270000457763672,17.25870132446289
20277,12.65999984741211,10.473654747009277
20278,24.489999771118164,21.97234344482422
20279,35.650001525878906,29.647151947021484
20280,49.720001220703125,51.88199234008789
20281,53.93000030517578,52.188720703125
20282,35.900001525878906,34.420928955078125
20283,24.84000015258789,22.249664306640625
20284,28.549999237060547,23.288667678833008
20285,33.310001373291016,26.430667877197266
20286,32.29999923706055,31.02481460571289
20287,30.5,27.14556884765625
20288,2.6700000762939453,1.4172868728637695
20289,43.84000015258789,39.63984298706055
20290,23.969999313354492,20.027740478515625
20291,14.220000267028809,11.989030838012695
20292,3.2300000190734863,3.941755533218384
20293,67.4000015258789,63.967193603515625
20294,12.449999809265137,10.18288803100586
20295,35.41999816894531,33.65778350830078
20296,50.400001525878906,45.23468017578125
20297,18.940000534057617,15.325333595275879
20298,19.920000076293945,17.68002700805664
20299,2.990000009536743,1.2663320302963257
20300,23.979999542236328,20.880313873291016
20301,14.119999885559082,10.698588371276855
20302,31.110000610351562,26.086505889892578
20303,61.61000061035156,57.044944763183594
20304,20.18000030517578,17.9951171875
20305,19.670000076293945,19.272165298461914
20306,13.90999984741211,11.139759063720703
20307,30.40999984741211,24.567106246948242
20308,17.780000686645508,15.173748016357422
20309,19.010000228881836,14.804505348205566
20310,18.389999389648438,16.703962326049805
20311,51.220001220703125,46.49269485473633
20312,78.30000305175781,77.7008056640625
20313,4.71999979019165,2.4895901679992676
20314,48.65999984741211,44.492313385009766
20315,8.720000267028809,7.377164840698242
20316,22.719999313354492,19.598535537719727
20317,12.510000228881836,10.647911071777344
20318,34.20000076293945,34.513362884521484
20319,41.470001220703125,31.64847183227539
20320,20.90999984741211,18.345863342285156
20321,61.790000915527344,60.720211029052734
20322,34.349998474121094,29.290138244628906
20323,16.1299991607666,14.427445411682129
20324,7.760000228881836,6.538299083709717
20325,15.239999771118164,12.844278335571289
20326,16.610000610351562,13.932611465454102
20327,38.25,35.92416000366211
20328,31.219999313354492,27.489519119262695
20329,5.610000133514404,4.868432998657227
20330,40.72999954223633,36.8635139465332
20331,12.40999984741211,9.82787799835205
20332,29.059999465942383,23.086307525634766
20333,28.940000534057617,24.19943618774414
20334,18.860000610351562,16.30447006225586
20335,58.880001068115234,59.36145782470703
20336,38.93000030517578,31.9178524017334
20337,54.56999969482422,49.86576461791992
20338,18.229999542236328,15.29978084564209
20339,44.900001525878906,42.9892692565918
20340,40.18000030517578,34.75297927856445
20341,3.0399999618530273,2.64410400390625
20342,42.869998931884766,38.83686065673828
20343,24.950000762939453,22.486541748046875
20344,59.720001220703125,56.7041130065918
20345,13.640000343322754,11.143020629882812
20346,10.8100004196167,8.645669937133789
20347,23.34000015258789,19.57335090637207
20348,41.34000015258789,38.68000793457031
20349,34.22999954223633,24.696800231933594
20350,12.199999809265137,9.327712059020996
20351,34.58000183105469,33.804508209228516
20352,43.349998474121094,38.39150619506836
20353,22.530000686645508,20.583858489990234
20354,35.13999938964844,31.65140151977539
20355,71.30999755859375,73.16502380371094
20356,17.559999465942383,15.333199501037598
20357,67.54000091552734,67.16513061523438
20358,10.90999984741211,8.772810935974121
20359,54.790000915527344,51.98021697998047
20360,41.040000915527344,35.27663040161133
20361,31.950000762939453,26.220069885253906
20362,20.540000915527344,17.209383010864258
20363,29.920000076293945,26.088451385498047
20364,49.97999954223633,43.8517951965332
20365,0.4699999988079071,0.9489008188247681
20366,49.630001068115234,47.97370147705078
20367,49.29999923706055,45.452640533447266
20368,27.670000076293945,22.573230743408203
20369,36.36000061035156,34.23284149169922
20370,24.829999923706055,23.12999153137207
20371,45.689998626708984,44.095550537109375
20372,26.440000534057617,21.466655731201172
20373,24.190000534057617,21.045347213745117
20374,36.349998474121094,32.069435119628906
20375,6.389999866485596,4.5472798347473145
20376,68.16000366210938,53.4572639465332
20377,48.540000915527344,45.01601028442383
20378,41.060001373291016,37.188514709472656
20379,39.7400016784668,37.62527847290039
20380,28.139999389648438,23.064077377319336
20381,49.900001525878906,47.834800720214844
20382,51.02000045776367,50.07213592529297
20383,40.34000015258789,50.40812683105469
20384,2.5299999713897705,1.2681492567062378
20385,35.2400016784668,27.539457321166992
20386,53.099998474121094,36.10890197753906
20387,61.22999954223633,59.81587600708008
20388,63.5,59.758201599121094
20389,19.3799991607666,16.772802352905273
20390,12.920000076293945,10.395637512207031
20391,22.780000686645508,21.21192169189453
20392,3.9200000762939453,2.6583316326141357
20393,31.780000686645508,29.18202781677246
20394,17.979999542236328,14.552816390991211
20395,23.690000534057617,21.02956199645996
20396,40.540000915527344,38.715763092041016
20397,16.06999969482422,14.513158798217773
20398,54.630001068115234,53.236446380615234
20399,3.2200000286102295,6.0037031173706055
20400,12.729999542236328,10.212339401245117
20401,61.09000015258789,51.43040084838867
20402,53.93000030517578,48.886722564697266
20403,34.63999938964844,25.71502685546875
20404,48.119998931884766,43.77991485595703
20405,25.350000381469727,23.430007934570312
20406,7.960000038146973,6.576497554779053
20407,29.81999969482422,24.918960571289062
20408,45.189998626708984,42.06583023071289
20409,23.3700008392334,20.693984985351562
20410,54.470001220703125,50.596004486083984
20411,62.04999923706055,56.90384292602539
20412,38.439998626708984,33.38839340209961
20413,11.640000343322754,9.068334579467773
20414,9.1899995803833,7.400535583496094
20415,10.890000343322754,8.27550983428955
20416,19.030000686645508,15.345121383666992
20417,6.400000095367432,3.795790910720825
20418,37.09000015258789,31.63372039794922
20419,18.040000915527344,16.342185974121094
20420,26.59000015258789,22.22159194946289
20421,24.760000228881836,20.80845069885254
20422,11.279999732971191,8.911596298217773
20423,42.41999816894531,41.027320861816406
20424,28.1299991607666,22.849319458007812
20425,15.619999885559082,11.665940284729004
20426,7.519999980926514,6.801064968109131
20427,10.420000076293945,8.157979965209961
20428,38.93000030517578,33.478614807128906
20429,32.79999923706055,29.10881805419922
20430,7.389999866485596,4.8884758949279785
20431,44.619998931884766,41.60744094848633
20432,64.27999877929688,60.589359283447266
20433,35.38999938964844,29.005664825439453
20434,48.189998626708984,48.69184112548828
20435,47.869998931884766,37.83919906616211
20436,31.670000076293945,25.683536529541016
20437,37.93000030517578,32.250186920166016
20438,25.1299991607666,21.764326095581055
20439,19.3799991607666,16.891414642333984
20440,17.8700008392334,16.99810218811035
20441,20.3799991607666,18.942413330078125
20442,20.5,17.834064483642578
20443,23.280000686645508,20.493282318115234
20444,9.819999694824219,8.546101570129395
20445,21.030000686645508,19.693559646606445
20446,28.889999389648438,25.594175338745117
20447,13.829999923706055,11.07581615447998
20448,43.540000915527344,38.92833709716797
20449,2.890000104904175,1.674462080001831
20450,34.2599983215332,30.134986877441406
20451,32.290000915527344,34.40955352783203
20452,49.029998779296875,43.70323944091797
20453,16.90999984741211,14.730853080749512
20454,23.350000381469727,22.624347686767578
20455,45.900001525878906,42.16117858886719
20456,16.579999923706055,14.942988395690918
20457,37.400001525878906,35.27436065673828
20458,20.979999542236328,20.08429718017578
20459,16.979999542236328,14.696754455566406
20460,52.08000183105469,48.71028518676758
20461,9.010000228881836,6.715723037719727
20462,7.869999885559082,6.034553050994873
20463,26.260000228881836,20.31885528564453
20464,46.720001220703125,40.27639389038086
20465,43.2400016784668,39.96156692504883
20466,36.560001373291016,34.82990264892578
20467,53.119998931884766,49.37797164916992
20468,36.5,34.02789306640625
20469,7.940000057220459,5.683681011199951
20470,30.270000457763672,28.030651092529297
20471,19.40999984741211,16.131221771240234
20472,16.200000762939453,14.646096229553223
20473,28.3700008392334,24.329748153686523
20474,3.759999990463257,2.9102935791015625
20475,25.290000915527344,24.513490676879883
20476,21.959999084472656,20.087358474731445
20477,23.81999969482422,23.9567813873291
20478,73.18000030517578,69.60687255859375
20479,36.040000915527344,32.96710968017578
20480,6.260000228881836,5.013842582702637
20481,23.399999618530273,20.880556106567383
20482,8.220000267028809,5.440009593963623
20483,26.68000030517578,20.480205535888672
20484,46.650001525878906,43.524471282958984
20485,31.329999923706055,28.313121795654297
20486,15.539999961853027,13.122418403625488
20487,13.109999656677246,11.502847671508789
20488,53.790000915527344,36.98808670043945
20489,43.529998779296875,39.28483200073242
20490,26.799999237060547,23.359054565429688
20491,68.5199966430664,67.64192962646484
20492,14.460000038146973,12.718660354614258
20493,42.119998931884766,38.29612350463867
20494,25.719999313354492,21.816322326660156
20495,15.0,13.088336944580078
20496,56.029998779296875,52.70620346069336
20497,52.43000030517578,48.892269134521484
20498,20.600000381469727,19.591045379638672
20499,59.34000015258789,50.77293014526367
20500,22.549999237060547,18.908008575439453
20501,33.81999969482422,32.36337661743164
20502,42.22999954223633,37.66775131225586
20503,51.59000015258789,47.87459182739258
20504,16.389999389648438,15.06235408782959
20505,31.280000686645508,26.551464080810547
20506,17.440000534057617,14.403871536254883
20507,37.15999984741211,35.47553634643555
20508,4.829999923706055,2.3511650562286377
20509,66.47000122070312,64.00753021240234
20510,25.219999313354492,21.682838439941406
20511,21.56999969482422,17.111289978027344
20512,10.829999923706055,8.825243949890137
20513,20.459999084472656,18.58487892150879
20514,27.959999084472656,23.6766357421875
20515,26.829999923706055,20.715837478637695
20516,38.689998626708984,35.16291046142578
20517,13.470000267028809,11.08227252960205
20518,36.86000061035156,33.737083435058594
20519,12.1899995803833,9.785707473754883
20520,27.15999984741211,24.764692306518555
20521,33.93000030517578,29.948787689208984
20522,47.83000183105469,44.71844482421875
20523,4.559999942779541,2.9197165966033936
20524,45.11000061035156,41.9096565246582
20525,13.970000267028809,10.15316104888916
20526,28.239999771118164,19.860328674316406
20527,59.06999969482422,47.722137451171875
20528,53.83000183105469,52.053035736083984
20529,52.630001068115234,51.0382194519043
20530,35.47999954223633,32.442474365234375
20531,23.559999465942383,20.474092483520508
20532,20.479999542236328,16.46889877319336
20533,10.739999771118164,9.056694984436035
20534,41.689998626708984,36.789459228515625
20535,26.6299991607666,19.513572692871094
20536,37.810001373291016,33.762027740478516
20537,64.55000305175781,63.944759368896484
20538,23.149999618530273,20.0733585357666
20539,43.0,39.27055740356445
20540,7.710000038146973,5.839296817779541
20541,22.260000228881836,19.008804321289062
20542,19.670000076293945,17.195377349853516
20543,7.010000228881836,4.022402286529541
20544,22.770000457763672,18.803478240966797
20545,25.549999237060547,20.798458099365234
20546,23.239999771118164,20.917566299438477
20547,13.890000343322754,12.132100105285645
20548,26.049999237060547,22.66069793701172
20549,60.66999816894531,57.10021209716797
20550,9.960000038146973,9.195348739624023
20551,21.040000915527344,15.770647048950195
20552,45.7599983215332,39.7724494934082
20553,34.779998779296875,30.309375762939453
20554,5.71999979019165,3.6618258953094482
20555,27.219999313354492,24.529861450195312
20556,43.29999923706055,42.69736099243164
20557,8.779999732971191,7.055245399475098
20558,45.59000015258789,43.461002349853516
20559,9.020000457763672,7.50637149810791
20560,10.279999732971191,9.50427532196045
20561,4.829999923706055,2.916937828063965
20562,60.220001220703125,59.09933090209961
20563,21.799999237060547,19.834819793701172
20564,20.540000915527344,17.889366149902344
20565,35.970001220703125,30.746427536010742
20566,34.439998626708984,37.70906066894531
20567,3.3499999046325684,1.7632224559783936
20568,24.56999969482422,22.349905014038086
20569,44.83000183105469,41.171260833740234
20570,39.97999954223633,36.40669631958008
20571,28.709999084472656,23.65350341796875
20572,26.81999969482422,24.151302337646484
20573,17.190000534057617,14.971229553222656
20574,32.7599983215332,28.108810424804688
20575,7.0,3.7911534309387207
20576,16.020000457763672,13.271161079406738
20577,24.719999313354492,19.95075225830078
20578,25.510000228881836,19.531108856201172
20579,29.170000076293945,25.267257690429688
20580,9.359999656677246,6.897111415863037
20581,31.100000381469727,27.408950805664062
20582,27.6200008392334,23.198522567749023
20583,11.470000267028809,7.5701904296875
20584,31.690000534057617,27.969995498657227
20585,66.77999877929688,66.61753845214844
20586,31.75,27.5816593170166
20587,11.6899995803833,10.019308090209961
20588,22.829999923706055,22.935237884521484
20589,12.460000038146973,11.086761474609375
20590,13.819999694824219,11.99038028717041
20591,1.6399999856948853,1.2090342044830322
20592,55.7400016784668,47.15570068359375
20593,43.290000915527344,42.385841369628906
20594,12.199999809265137,8.45119571685791
20595,38.439998626708984,33.506263732910156
20596,42.529998779296875,39.86248779296875
20597,22.700000762939453,21.997623443603516
20598,18.969999313354492,14.973647117614746
20599,22.760000228881836,20.56064224243164
20600,17.59000015258789,14.481868743896484
20601,13.220000267028809,11.354558944702148
20602,27.75,24.59922218322754
20603,41.790000915527344,48.58590316772461
20604,43.18000030517578,42.2230224609375
20605,71.80999755859375,58.94218826293945
20606,26.420000076293945,23.951414108276367
20607,47.52000045776367,41.4712028503418
20608,15.369999885559082,13.129414558410645
20609,7.53000020980835,6.201003551483154
20610,44.4900016784668,40.91435623168945
20611,21.729999542236328,18.350143432617188
20612,12.039999961853027,9.413832664489746
20613,70.70999908447266,63.0572624206543
20614,9.5,7.15981912612915
20615,13.699999809265137,10.499009132385254
20616,17.43000030517578,15.137843132019043
20617,11.59000015258789,9.890600204467773
20618,24.760000228881836,23.153274536132812
20619,20.639999389648438,19.513572692871094
20620,26.729999542236328,23.65103530883789
20621,14.050000190734863,11.309751510620117
20622,8.960000038146973,7.317937850952148
20623,34.16999816894531,29.299503326416016
20624,22.209999084472656,19.451942443847656
20625,8.0,6.328488349914551
20626,41.70000076293945,35.91337585449219
20627,34.5,32.474952697753906
20628,12.5,10.067852973937988
20629,12.010000228881836,9.951871871948242
20630,53.68000030517578,51.88639831542969
20631,9.479999542236328,8.079991340637207
20632,34.66999816894531,33.35861587524414
20633,30.6200008392334,28.302213668823242
20634,12.760000228881836,10.632654190063477
20635,21.40999984741211,21.60931396484375
20636,67.45999908447266,63.920799255371094
20637,1.0800000429153442,1.0336169004440308
20638,24.709999084472656,21.217044830322266
20639,21.889999389648438,19.07173728942871
20640,50.41999816894531,47.61533737182617
20641,3.8299999237060547,2.144426107406616
20642,12.920000076293945,10.196897506713867
20643,14.670000076293945,12.618736267089844
20644,46.81999969482422,44.246849060058594
20645,24.989999771118164,21.832386016845703
20646,18.030000686645508,17.2355899810791
20647,5.639999866485596,3.5931077003479004
20648,52.31999969482422,52.90107345581055
20649,9.170000076293945,7.770014762878418
20650,16.950000762939453,14.211484909057617
20651,23.610000610351562,19.785682678222656
20652,17.030000686645508,13.841628074645996
20653,75.58000183105469,67.82382202148438
20654,22.190000534057617,19.65703773498535
20655,45.5,42.94437026977539
20656,6.210000038146973,4.673135757446289
20657,10.890000343322754,8.671700477600098
20658,15.4399995803833,12.616828918457031
20659,21.309999465942383,20.775394439697266
20660,71.56999969482422,68.71739959716797
20661,4.039999961853027,3.308346748352051
20662,77.41999816894531,48.587833404541016
20663,31.93000030517578,28.27372932434082
20664,57.209999084472656,52.49386215209961
20665,26.899999618530273,23.980886459350586
20666,7.690000057220459,6.446722984313965
20667,29.75,25.51046371459961
20668,26.510000228881836,21.654003143310547
20669,24.520000457763672,24.4636173248291
20670,20.8700008392334,20.707340240478516
20671,19.860000610351562,18.29291534423828
20672,29.90999984741211,32.641910552978516
20673,12.489999771118164,10.238471984863281
20674,58.939998626708984,58.27886199951172
20675,50.36000061035156,44.55257034301758
20676,31.15999984741211,28.690547943115234
20677,73.43000030517578,71.87213134765625
20678,46.86000061035156,42.69396209716797
20679,41.560001373291016,41.4712028503418
20680,26.8700008392334,25.674911499023438
20681,21.40999984741211,19.380958557128906
20682,32.11000061035156,37.43009948730469
20683,39.58000183105469,38.302616119384766
20684,45.79999923706055,41.70991516113281
20685,17.059999465942383,12.865788459777832
20686,3.3499999046325684,1.4129663705825806
20687,33.790000915527344,28.54857063293457
20688,47.9900016784668,40.469085693359375
20689,10.09000015258789,7.559942722320557
20690,63.36000061035156,49.96360397338867
20691,24.40999984741211,18.78322982788086
20692,10.0,8.738889694213867
20693,29.010000228881836,24.87545394897461
20694,12.880000114440918,10.212669372558594
20695,22.299999237060547,21.190828323364258
20696,26.149999618530273,24.8986873626709
20697,20.59000015258789,18.540035247802734
20698,23.200000762939453,21.034914016723633
20699,12.430000305175781,10.241518020629883
20700,3.049999952316284,2.081597328186035
20701,27.479999542236328,22.011734008789062
20702,16.25,13.844537734985352
20703,24.389999389648438,21.567489624023438
20704,43.2599983215332,44.804866790771484
20705,26.260000228881836,39.682106018066406
20706,15.720000267028809,12.120615005493164
20707,10.630000114440918,8.76212215423584
20708,35.15999984741211,31.969083786010742
20709,50.7599983215332,47.22348403930664
20710,41.5099983215332,44.72781753540039
20711,48.689998626708984,45.001338958740234
20712,18.1200008392334,14.591653823852539
20713,17.670000076293945,15.336211204528809
20714,31.0,28.52702522277832
20715,47.5,43.5426139831543
20716,12.699999809265137,11.534283638000488
20717,33.22999954223633,29.203521728515625
20718,18.030000686645508,14.778196334838867
20719,71.16999816894531,69.29229736328125
20720,32.150001525878906,27.534685134887695
20721,12.460000038146973,10.341207504272461
20722,16.68000030517578,14.315021514892578
20723,19.59000015258789,19.396839141845703
20724,17.770000457763672,13.930804252624512
20725,14.119999885559082,11.095250129699707
20726,29.670000076293945,25.626176834106445
20727,27.040000915527344,21.868087768554688
20728,28.34000015258789,24.56726837158203
20729,23.719999313354492,20.813182830810547
20730,43.36000061035156,40.930171966552734
20731,14.789999961853027,12.212591171264648
20732,22.90999984741211,19.44478416442871
20733,23.760000228881836,21.70688247680664
20734,16.969999313354492,14.061363220214844
20735,15.34000015258789,13.313314437866211
20736,28.059999465942383,27.71751594543457
20737,56.189998626708984,54.50010299682617
20738,9.149999618530273,7.035027980804443
20739,13.170000076293945,10.645254135131836
20740,5.5,3.8798813819885254
20741,19.81999969482422,17.556560516357422
20742,22.34000015258789,19.08690071105957
20743,19.09000015258789,17.327903747558594
20744,17.549999237060547,15.612090110778809
20745,48.16999816894531,45.52750015258789
20746,20.360000610351562,16.948808670043945
20747,29.68000030517578,26.002159118652344
20748,22.610000610351562,25.686443328857422
20749,7.880000114440918,6.433274745941162
20750,22.100000381469727,20.04819679260254
20751,22.90999984741211,18.69615936279297
20752,11.930000305175781,9.63682746887207
20753,6.369999885559082,5.98532772064209
20754,45.400001525878906,44.588157653808594
20755,8.670000076293945,6.8653082847595215
20756,5.050000190734863,3.847280263900757
20757,51.310001373291016,49.05446243286133
20758,14.920000076293945,12.234506607055664
20759,36.459999084472656,40.04619598388672
20760,23.770000457763672,20.320985794067383
20761,11.65999984741211,9.50361156463623
20762,19.219999313354492,16.13001823425293
20763,17.18000030517578,14.331707954406738
20764,53.45000076293945,55.2911262512207
20765,26.299999237060547,22.13699722290039
20766,18.329999923706055,16.22476577758789
20767,16.09000015258789,12.923354148864746
20768,22.489999771118164,18.570575714111328
20769,48.650001525878906,41.276363372802734
20770,28.90999984741211,27.404943466186523
20771,24.030000686645508,20.052846908569336
20772,73.61000061035156,58.883304595947266
20773,14.109999656677246,10.957013130187988
20774,10.220000267028809,7.579711437225342
20775,32.16999816894531,26.989856719970703
20776,22.309999465942383,20.916662216186523
20777,21.809999465942383,19.38326072692871
20778,12.069999694824219,9.230002403259277
20779,53.65999984741211,50.300697326660156
20780,13.75,11.390447616577148
20781,11.930000305175781,9.443732261657715
20782,23.760000228881836,20.99911117553711
20783,30.59000015258789,25.74553680419922
20784,8.229999542236328,3.988325834274292
20785,21.420000076293945,18.465866088867188
20786,8.09000015258789,6.4581804275512695
20787,6.760000228881836,4.915768146514893
20788,12.5600004196167,11.024869918823242
20789,24.889999389648438,20.965679168701172
20790,35.040000915527344,30.300106048583984
20791,14.390000343322754,11.532405853271484
20792,19.969999313354492,16.807985305786133
20793,21.260000228881836,18.844253540039062
20794,27.670000076293945,25.317222595214844
20795,32.54999923706055,33.037628173828125
20796,52.86000061035156,41.3459358215332
20797,19.510000228881836,16.235858917236328
20798,72.70999908447266,70.80608367919922
20799,2.6700000762939453,2.427680730819702
20800,45.45000076293945,42.458465576171875
20801,24.899999618530273,23.607173919677734
20802,10.100000381469727,8.444417953491211
20803,40.630001068115234,35.291168212890625
20804,31.239999771118164,27.55889320373535
20805,6.329999923706055,4.9452972412109375
20806,38.11000061035156,34.57612991333008
20807,47.900001525878906,46.023990631103516
20808,53.93000030517578,47.706050872802734
20809,12.520000457763672,10.07380485534668
20810,31.5,30.741071701049805
20811,25.6200008392334,20.349702835083008
20812,61.15999984741211,61.58372116088867
20813,14.40999984741211,12.515340805053711
20814,23.93000030517578,22.28915786743164
20815,68.12000274658203,67.47969055175781
20816,24.399999618530273,15.194842338562012
20817,47.02000045776367,41.60687255859375
20818,26.81999969482422,24.20594024658203
20819,24.459999084472656,20.83573341369629
20820,30.469999313354492,23.49091339111328
20821,52.02000045776367,49.25568389892578
20822,9.729999542236328,7.912265777587891
20823,43.84000015258789,43.15286636352539
20824,39.0,32.039947509765625
20825,47.2599983215332,43.78793716430664
20826,34.310001373291016,32.865013122558594
20827,15.8100004196167,11.835916519165039
20828,19.639999389648438,15.284777641296387
20829,21.540000915527344,17.588184356689453
20830,35.099998474121094,31.8466739654541
20831,20.229999542236328,17.043701171875
20832,22.889999389648438,19.969894409179688
20833,29.329999923706055,25.224872589111328
20834,30.700000762939453,31.19023323059082
20835,6.300000190734863,5.205832481384277
20836,28.610000610351562,24.739469528198242
20837,15.210000038146973,13.167463302612305
20838,49.939998626708984,47.399837493896484
20839,22.190000534057617,19.340980529785156
20840,22.31999969482422,18.195520401000977
20841,29.229999542236328,26.330154418945312
20842,30.770000457763672,27.688873291015625
20843,37.2599983215332,35.41596984863281
20844,49.709999084472656,33.78409194946289
20845,61.84000015258789,61.07101821899414
20846,28.459999084472656,23.530683517456055
20847,9.5600004196167,7.672098159790039
20848,32.27000045776367,37.15149688720703
20849,32.2599983215332,25.43480682373047
20850,23.739999771118164,19.59950828552246
20851,60.970001220703125,50.516841888427734
20852,25.479999542236328,23.218849182128906
20853,26.559999465942383,20.342681884765625
20854,28.290000915527344,22.668277740478516
20855,15.890000343322754,13.049975395202637
20856,9.350000381469727,8.202353477478027
20857,28.06999969482422,26.23110580444336
20858,29.15999984741211,26.495445251464844
20859,1.7300000190734863,1.5127187967300415
20860,15.399999618530273,12.451684951782227
20861,48.869998931884766,45.02574157714844
20862,51.40999984741211,41.373924255371094
20863,33.45000076293945,28.78870391845703
20864,5.820000171661377,4.283953666687012
20865,34.630001068115234,28.637136459350586
20866,24.170000076293945,22.74993896484375
20867,9.720000267028809,8.328390121459961
20868,54.75,52.00943374633789
20869,3.5399999618530273,1.9779808521270752
20870,11.550000190734863,10.12157154083252
20871,29.479999542236328,28.02609634399414
20872,11.859999656677246,10.244766235351562
20873,8.279999732971191,6.067156791687012
20874,46.81999969482422,42.541744232177734
20875,25.5,21.89474105834961
20876,3.359999895095825,1.832267165184021
20877,28.520000457763672,23.99057960510254
20878,15.109999656677246,12.374495506286621
20879,35.06999969482422,29.444416046142578
20880,13.609999656677246,11.28923225402832
20881,37.15999984741211,33.978599548339844
20882,44.349998474121094,42.91019058227539
20883,6.570000171661377,5.224390029907227
20884,16.389999389648438,13.418107986450195
20885,31.459999084472656,28.553958892822266
20886,36.599998474121094,31.570138931274414
20887,67.72000122070312,59.81403350830078
20888,24.59000015258789,20.64080047607422
20889,35.65999984741211,34.21935272216797
20890,57.650001525878906,43.52256774902344
20891,25.469999313354492,22.171541213989258
20892,2.3299999237060547,1.1956288814544678
20893,15.039999961853027,13.864663124084473
20894,51.380001068115234,39.19731140136719
20895,30.010000228881836,27.335330963134766
20896,6.75,4.112603664398193
20897,28.190000534057617,22.320701599121094
20898,41.29999923706055,38.60944747924805
20899,27.719999313354492,25.06329345703125
20900,36.33000183105469,32.7800178527832
20901,54.349998474121094,53.857505798339844
20902,23.8700008392334,20.683256149291992
20903,23.610000610351562,19.0678653717041
20904,37.75,33.19697952270508
20905,47.540000915527344,43.19962692260742
20906,10.3100004196167,6.800594329833984
20907,22.899999618530273,20.763059616088867
20908,72.31999969482422,71.16448974609375
20909,31.780000686645508,29.551429748535156
20910,11.0600004196167,9.445077896118164
20911,10.279999732971191,8.800216674804688
20912,8.050000190734863,5.543875217437744
20913,11.069999694824219,9.250799179077148
20914,24.829999923706055,19.034732818603516
20915,5.400000095367432,3.5215301513671875
20916,33.0,29.650535583496094
20917,19.559999465942383,16.02591323852539
20918,41.83000183105469,35.899085998535156
20919,19.889999389648438,18.13098907470703
20920,30.65999984741211,37.4914665222168
20921,8.649999618530273,7.0843939781188965
20922,41.18000030517578,37.75238037109375
20923,46.18000030517578,42.33382797241211
20924,13.460000038146973,10.788570404052734
20925,45.7400016784668,53.95687484741211
20926,23.549999237060547,21.95661163330078
20927,58.77000045776367,56.227787017822266
20928,45.220001220703125,43.4603385925293
20929,17.719999313354492,15.565293312072754
20930,23.389999389648438,17.839859008789062
20931,4.519999980926514,3.167767286300659
20932,20.520000457763672,17.352073669433594
20933,13.289999961853027,10.526719093322754
20934,41.29999923706055,37.904056549072266
20935,51.54999923706055,51.914241790771484
20936,12.5,10.207612037658691
20937,7.929999828338623,6.785345554351807
20938,36.369998931884766,30.054187774658203
20939,17.59000015258789,15.123950004577637
20940,29.0,25.744775772094727
20941,30.459999084472656,27.20576286315918
20942,25.110000610351562,22.473352432250977
20943,14.119999885559082,13.013216018676758
20944,10.5,8.747565269470215
20945,61.689998626708984,54.525875091552734
20946,23.709999084472656,20.100616455078125
20947,47.040000915527344,50.787208557128906
20948,12.199999809265137,9.95600414276123
20949,18.010000228881836,15.138556480407715
20950,48.439998626708984,45.656639099121094
20951,19.530000686645508,17.925750732421875
20952,38.029998779296875,33.43806838989258
20953,9.75,8.618833541870117
20954,39.52000045776367,35.21220779418945
20955,21.440000534057617,19.664527893066406
20956,14.09000015258789,12.3456449508667
20957,36.369998931884766,33.55927276611328
20958,40.91999816894531,38.02091598510742
20959,5.230000019073486,2.8410637378692627
20960,34.33000183105469,30.851459503173828
20961,32.77000045776367,29.436988830566406
20962,19.049999237060547,15.48679256439209
20963,45.400001525878906,47.50847625732422
20964,13.039999961853027,11.649704933166504
20965,16.260000228881836,14.46152400970459
20966,34.310001373291016,30.76675796508789
20967,69.97000122070312,54.98215866088867
20968,55.5,40.985084533691406
20969,34.290000915527344,30.862503051757812
20970,17.690000534057617,15.227397918701172
20971,60.43000030517578,58.534481048583984
20972,21.760000228881836,17.374849319458008
20973,35.66999816894531,31.872920989990234
20974,25.559999465942383,22.466463088989258
20975,14.550000190734863,12.590250968933105
20976,25.5,19.881912231445312
20977,27.280000686645508,24.5981388092041
20978,20.15999984741211,16.400293350219727
20979,14.779999732971191,13.478543281555176
20980,23.670000076293945,20.200632095336914
20981,9.649999618530273,7.8987531661987305
20982,13.729999542236328,11.500992774963379
20983,35.150001525878906,29.16171646118164
20984,33.099998474121094,30.931724548339844
20985,50.84000015258789,46.44794464111328
20986,38.06999969482422,33.43345260620117
20987,10.329999923706055,7.514829635620117
20988,26.06999969482422,22.784610748291016
20989,14.380000114440918,11.014528274536133
20990,36.470001220703125,34.13441848754883
20991,22.389999389648438,17.169715881347656
20992,64.4000015258789,57.60344696044922
20993,32.27000045776367,30.086593627929688
20994,5.420000076293945,4.259575843811035
20995,16.649999618530273,14.775704383850098
20996,25.799999237060547,19.26231575012207
20997,38.439998626708984,34.581905364990234
20998,28.389999389648438,25.396045684814453
20999,23.549999237060547,19.005443572998047
21000,28.25,23.49614143371582
21001,56.650001525878906,57.59336471557617
21002,30.079999923706055,27.149503707885742
21003,17.329999923706055,13.54812240600586
21004,17.739999771118164,14.99553394317627
21005,69.80000305175781,67.66671752929688
21006,49.880001068115234,37.02872848510742
21007,16.770000457763672,14.146474838256836
21008,24.829999923706055,19.39305877685547
21009,21.1299991607666,18.8265323638916
21010,10.149999618530273,8.994987487792969
21011,14.819999694824219,11.182327270507812
21012,10.09000015258789,7.550082683563232
21013,48.45000076293945,44.84209442138672
21014,21.18000030517578,16.71555519104004
21015,35.150001525878906,26.145702362060547
21016,39.61000061035156,30.813949584960938
21017,32.86000061035156,30.48377227783203
21018,27.889999389648438,28.759380340576172
21019,33.09000015258789,27.186708450317383
21020,14.300000190734863,14.099555969238281
21021,12.619999885559082,10.654918670654297
21022,19.09000015258789,15.29845142364502
21023,54.11000061035156,52.402523040771484
21024,28.93000030517578,24.7055721282959
21025,12.5,11.663961410522461
21026,45.27000045776367,38.13128662109375
21027,14.430000305175781,13.00450611114502
21028,41.040000915527344,37.44218063354492
21029,64.81999969482422,56.99396514892578
21030,37.119998931884766,32.16695785522461
21031,2.549999952316284,2.1843104362487793
21032,17.280000686645508,14.937356948852539
21033,18.670000076293945,17.091501235961914
21034,28.860000610351562,24.852920532226562
21035,21.540000915527344,18.676788330078125
21036,37.369998931884766,31.46683692932129
21037,6.809999942779541,4.790508270263672
21038,61.59000015258789,57.977256774902344
21039,30.110000610351562,22.83694076538086
21040,14.210000038146973,11.978854179382324
21041,27.969999313354492,23.507200241088867
21042,26.729999542236328,22.159778594970703
21043,44.13999938964844,42.550479888916016
21044,55.959999084472656,45.78227615356445
21045,15.010000228881836,12.605525970458984
21046,26.709999084472656,25.51760482788086
21047,54.16999816894531,54.1235237121582
21048,56.029998779296875,50.7232551574707
21049,11.850000381469727,10.336724281311035
21050,4.739999771118164,2.8138155937194824
21051,34.43000030517578,29.039127349853516
21052,53.93000030517578,50.377193450927734
21053,20.1200008392334,17.310440063476562
21054,34.90999984741211,29.29549789428711
21055,64.75,50.787208557128906
21056,18.25,15.592989921569824
21057,56.439998626708984,58.68792724609375
21058,13.779999732971191,11.54234790802002
21059,10.720000267028809,8.432499885559082
21060,68.2699966430664,64.63011169433594
21061,40.9900016784668,37.616127014160156
21062,50.779998779296875,48.495086669921875
21063,43.5,44.66790008544922
21064,40.040000915527344,33.726783752441406
21065,18.579999923706055,16.12946128845215
21066,18.530000686645508,16.515600204467773
21067,5.53000020980835,3.0391287803649902
21068,21.8799991607666,19.538528442382812
21069,16.030000686645508,13.842339515686035
21070,21.8799991607666,19.540090560913086
21071,24.670000076293945,21.992090225219727
21072,13.699999809265137,11.18613052368164
21073,18.530000686645508,17.70186996459961
21074,18.549999237060547,16.592958450317383
21075,75.77999877929688,64.65280151367188
21076,5.389999866485596,3.5869927406311035
21077,48.29999923706055,35.86336135864258
21078,31.360000610351562,26.370262145996094
21079,9.670000076293945,8.34292984008789
21080,69.5199966430664,67.76947021484375
21081,27.969999313354492,22.278606414794922
21082,9.699999809265137,8.211860656738281
21083,5.0,2.746248245239258
21084,31.139999389648438,26.40244483947754
21085,40.2599983215332,37.33684539794922
21086,4.559999942779541,2.6839346885681152
21087,8.350000381469727,5.709451198577881
21088,35.5099983215332,32.65463638305664
21089,0.6399999856948853,1.0226258039474487
21090,49.59000015258789,49.8669319152832
21091,13.479999542236328,10.295560836791992
21092,23.3799991607666,21.76137924194336
21093,60.61000061035156,59.25448989868164
21094,3.359999895095825,1.8039486408233643
21095,14.25,11.841329574584961
21096,12.84000015258789,10.50730037689209
21097,5.239999771118164,2.4449403285980225
21098,12.25,9.908586502075195
21099,14.699999809265137,12.407692909240723
21100,15.829999923706055,12.498747825622559
21101,9.529999732971191,8.166154861450195
21102,14.789999961853027,12.75225830078125
21103,11.579999923706055,9.947809219360352
21104,18.18000030517578,14.45150375366211
21105,18.850000381469727,15.030682563781738
21106,67.87000274658203,65.22787475585938
21107,46.7400016784668,43.08329772949219
21108,54.9900016784668,52.62801742553711
21109,36.560001373291016,35.15518569946289
21110,27.90999984741211,23.935321807861328
21111,5.019999980926514,2.574678421020508
21112,25.43000030517578,21.67306900024414
21113,52.849998474121094,51.552547454833984
21114,14.829999923706055,12.170269012451172
21115,22.440000534057617,17.923856735229492
21116,17.579999923706055,13.603599548339844
21117,50.869998931884766,40.81471633911133
21118,33.2400016784668,31.03855323791504
21119,25.760000228881836,22.47391700744629
21120,17.520000457763672,15.877243995666504
21121,12.220000267028809,9.857743263244629
21122,23.530000686645508,17.936552047729492
21123,45.150001525878906,41.297122955322266
21124,12.539999961853027,10.580275535583496
21125,34.349998474121094,30.405651092529297
21126,42.599998474121094,39.300472259521484
21127,30.59000015258789,23.564733505249023
21128,47.959999084472656,42.588165283203125
21129,47.939998626708984,49.549442291259766
21130,29.56999969482422,26.052072525024414
21131,36.63999938964844,30.641998291015625
21132,18.979999542236328,15.516303062438965
21133,16.899999618530273,14.014128684997559
21134,21.700000762939453,18.547962188720703
21135,28.350000381469727,21.663593292236328
21136,14.619999885559082,12.469868659973145
21137,2.490000009536743,2.2716915607452393
21138,16.8799991607666,13.866243362426758
21139,29.799999237060547,23.437477111816406
21140,24.969999313354492,18.834714889526367
21141,9.710000038146973,8.588606834411621
21142,50.529998779296875,47.07024383544922
21143,3.630000114440918,2.7215921878814697
21144,53.88999938964844,52.333866119384766
21145,50.720001220703125,47.05854034423828
21146,52.09000015258789,47.741783142089844
21147,20.040000915527344,16.299144744873047
21148,63.91999816894531,62.843685150146484
21149,16.219999313354492,13.295340538024902
21150,43.0,39.23005294799805
21151,26.440000534057617,19.58692169189453
21152,33.099998474121094,30.84320068359375
21153,13.100000381469727,10.070873260498047
21154,6.619999885559082,5.121898651123047
21155,30.6200008392334,25.822038650512695
21156,51.2400016784668,44.284461975097656
21157,30.559999465942383,28.548473358154297
21158,22.90999984741211,19.87547492980957
21159,17.600000381469727,16.3946475982666
21160,6.679999828338623,4.34278678894043
21161,5.809999942779541,2.8281750679016113
21162,36.790000915527344,32.207950592041016
21163,19.299999237060547,16.32099723815918
21164,40.029998779296875,39.12977600097656
21165,37.220001220703125,36.23746871948242
21166,32.970001220703125,29.779512405395508
21167,31.84000015258789,27.170726776123047
21168,24.899999618530273,20.481401443481445
21169,24.200000762939453,20.809619903564453
21170,46.959999084472656,34.562564849853516
21171,23.56999969482422,18.551069259643555
21172,24.399999618530273,20.554773330688477
21173,25.510000228881836,22.31429672241211
21174,37.119998931884766,35.02589797973633
21175,78.45999908447266,81.1432113647461
21176,27.649999618530273,23.049224853515625
21177,28.6200008392334,23.847774505615234
21178,12.5,10.476323127746582
21179,63.849998474121094,58.68792724609375
21180,7.360000133514404,4.505997657775879
21181,40.849998474121094,42.78640365600586
21182,5.360000133514404,4.645453929901123
21183,19.059999465942383,15.093596458435059
21184,37.08000183105469,30.871938705444336
21185,35.869998931884766,37.81032943725586
21186,25.969999313354492,23.92937469482422
21187,15.699999809265137,12.51882266998291
21188,4.849999904632568,2.774475336074829
21189,24.299999237060547,21.563688278198242
21190,22.010000228881836,20.280092239379883
21191,41.209999084472656,37.95689010620117
21192,43.86000061035156,38.410709381103516
21193,19.059999465942383,17.936552047729492
21194,16.229999542236328,14.59487247467041
21195,29.770000457763672,25.730785369873047
21196,8.710000038146973,6.115496635437012
21197,41.470001220703125,38.43301010131836
21198,34.5,30.888202667236328
21199,15.859999656677246,14.575401306152344
21200,11.100000381469727,8.74699592590332
21201,16.81999969482422,13.252202033996582
21202,15.859999656677246,14.197229385375977
21203,20.520000457763672,17.710378646850586
21204,21.780000686645508,17.25123405456543
21205,36.4900016784668,36.560237884521484
21206,21.709999084472656,19.189483642578125
21207,21.239999771118164,18.554397583007812
21208,16.020000457763672,13.884832382202148
21209,7.429999828338623,5.372036933898926
21210,15.229999542236328,11.483660697937012
21211,67.9800033569336,39.56729507446289
21212,22.399999618530273,19.54189109802246
21213,3.240000009536743,2.2255828380584717
21214,16.059999465942383,14.10443115234375
21215,15.479999542236328,12.864117622375488
21216,26.8799991607666,24.9003849029541
21217,34.130001068115234,28.3416805267334
21218,33.15999984741211,27.849609375
21219,35.79999923706055,32.23194885253906
21220,22.760000228881836,20.362058639526367
21221,1.909999966621399,1.4783185720443726
21222,24.540000915527344,20.3700008392334
21223,18.579999923706055,14.548702239990234
21224,54.779998779296875,54.25819778442383
21225,7.960000038146973,6.441197872161865
21226,23.739999771118164,21.194454193115234
21227,15.920000076293945,13.265685081481934
21228,14.319999694824219,11.263252258300781
21229,27.790000915527344,25.534244537353516
21230,59.2599983215332,55.22482681274414
21231,9.279999732971191,6.576479434967041
21232,20.3799991607666,16.62502670288086
21233,22.979999542236328,20.280292510986328
21234,31.579999923706055,28.163808822631836
21235,15.220000267028809,13.058454513549805
21236,64.12000274658203,61.920902252197266
21237,1.350000023841858,1.568302035331726
21238,19.100000381469727,15.229789733886719
21239,37.380001068115234,31.42189598083496
21240,52.40999984741211,35.57204055786133
21241,32.77000045776367,31.258451461791992
21242,15.699999809265137,13.04207706451416
21243,41.310001373291016,38.092681884765625
21244,14.25,11.402478218078613
21245,12.630000114440918,10.041352272033691
21246,23.579999923706055,20.50403594970703
21247,36.68000030517578,36.00140380859375
21248,28.90999984741211,26.558921813964844
21249,29.31999969482422,30.651046752929688
21250,28.969999313354492,22.626270294189453
21251,6.800000190734863,5.507439136505127
21252,10.449999809265137,8.372193336486816
21253,27.229999542236328,23.243568420410156
21254,24.25,20.078643798828125
21255,32.84000015258789,33.78409194946289
21256,47.459999084472656,44.18522644042969
21257,33.75,29.454212188720703
21258,15.199999809265137,14.778998374938965
21259,10.100000381469727,7.933098316192627
21260,6.78000020980835,5.779253959655762
21261,22.110000610351562,19.333724975585938
21262,49.79999923706055,43.26131820678711
21263,43.31999969482422,43.4603385925293
21264,56.650001525878906,52.554813385009766
21265,39.16999816894531,34.66373825073242
21266,7.269999980926514,4.858563423156738
21267,29.1200008392334,29.234466552734375
21268,20.389999389648438,18.88705062866211
21269,36.119998931884766,36.05097961425781
21270,13.029999732971191,10.316788673400879
21271,40.2599983215332,37.848079681396484
21272,18.75,16.232059478759766
21273,14.779999732971191,13.223868370056152
21274,31.459999084472656,27.610376358032227
21275,43.4900016784668,40.59862518310547
21276,12.25,9.720633506774902
21277,18.260000228881836,16.484477996826172
21278,13.850000381469727,11.248614311218262
21279,60.20000076293945,56.528053283691406
21280,56.08000183105469,54.498939514160156
21281,11.380000114440918,9.174262046813965
21282,9.9399995803833,7.561825752258301
21283,13.390000343322754,12.212799072265625
21284,44.04999923706055,39.734920501708984
21285,27.610000610351562,24.219411849975586
21286,2.700000047683716,1.1332664489746094
21287,5.119999885559082,3.4697108268737793
21288,28.43000030517578,26.58156394958496
21289,79.55000305175781,63.860721588134766
21290,22.290000915527344,20.84686851501465
21291,35.63999938964844,29.03823471069336
21292,3.5299999713897705,1.7057799100875854
21293,31.31999969482422,25.309484481811523
21294,17.8700008392334,16.03056526184082
21295,29.18000030517578,25.322498321533203
21296,39.290000915527344,36.371639251708984
21297,20.43000030517578,17.99544334411621
21298,26.799999237060547,25.217540740966797
21299,43.779998779296875,41.8162956237793
21300,9.710000038146973,7.716076374053955
21301,25.260000228881836,23.01835060119629
21302,49.59000015258789,48.51457977294922
21303,13.569999694824219,11.53845500946045
21304,22.399999618530273,18.426937103271484
21305,25.790000915527344,23.438032150268555
21306,11.09000015258789,9.431666374206543
21307,57.86000061035156,58.29816818237305
21308,11.609999656677246,8.066960334777832
21309,73.01000213623047,57.180274963378906
21310,19.540000915527344,16.291553497314453
21311,62.150001525878906,55.602333068847656
21312,20.780000686645508,18.659082412719727
21313,35.40999984741211,29.754228591918945
21314,11.279999732971191,8.016769409179688
21315,22.229999542236328,18.418167114257812
21316,10.9399995803833,8.926080703735352
21317,41.959999084472656,37.67414474487305
21318,43.08000183105469,42.75796890258789
21319,19.969999313354492,32.719905853271484
21320,46.81999969482422,33.716129302978516
21321,11.5,9.17229175567627
21322,60.5,59.80690383911133
21323,23.389999389648438,20.162065505981445
21324,23.719999313354492,19.008987426757812
21325,52.02000045776367,49.56686782836914
21326,17.18000030517578,12.83289623260498
21327,11.710000038146973,9.704757690429688
21328,20.299999237060547,19.35516357421875
21329,23.729999542236328,21.356428146362305
21330,5.960000038146973,4.89631462097168
21331,29.040000915527344,22.882747650146484
21332,23.100000381469727,18.59482765197754
21333,19.899999618530273,16.64049530029297
21334,38.36000061035156,33.29667663574219
21335,40.099998474121094,34.564754486083984
21336,56.2599983215332,57.20700454711914
21337,15.220000267028809,15.66746711730957
21338,8.270000457763672,5.838756084442139
21339,61.91999816894531,60.37885665893555
21340,8.859999656677246,7.1367716789245605
21341,22.09000015258789,24.512981414794922
21342,10.880000114440918,8.542470932006836
21343,22.309999465942383,17.04082679748535
21344,25.06999969482422,23.82487678527832
21345,6.050000190734863,3.7573275566101074
21346,23.3700008392334,20.697052001953125
21347,18.350000381469727,14.996916770935059
21348,57.36000061035156,54.74945831298828
21349,18.739999771118164,16.07887840270996
21350,16.5,12.075884819030762
21351,39.349998474121094,36.3242073059082
21352,13.90999984741211,11.849344253540039
21353,27.56999969482422,25.118494033813477
21354,9.5,7.49724817276001
21355,15.869999885559082,13.19237995147705
21356,15.899999618530273,13.329523086547852
21357,34.65999984741211,31.438140869140625
21358,21.56999969482422,16.672136306762695
21359,37.65999984741211,33.70049285888672
21360,27.56999969482422,24.656850814819336
21361,15.90999984741211,14.489678382873535
21362,57.13999938964844,44.39912033081055
21363,23.18000030517578,21.20310401916504
21364,53.5,54.93386459350586
21365,16.450000762939453,13.912631034851074
21366,13.270000457763672,10.640204429626465
21367,47.310001373291016,45.08733367919922
21368,21.020000457763672,16.728008270263672
21369,34.4900016784668,29.914627075195312
21370,53.630001068115234,49.309574127197266
21371,10.1899995803833,7.335498332977295
21372,14.699999809265137,13.542470932006836
21373,24.0,20.798458099365234
21374,17.8799991607666,14.65537166595459
21375,52.709999084472656,49.480159759521484
21376,10.949999809265137,8.786691665649414
21377,68.97000122070312,72.38053131103516
21378,31.290000915527344,29.20130157470703
21379,45.689998626708984,41.24011993408203
21380,49.25,44.821502685546875
21381,40.45000076293945,37.399837493896484
21382,24.299999237060547,21.512754440307617
21383,8.760000228881836,6.118858814239502
21384,37.13999938964844,32.96989059448242
21385,39.220001220703125,35.20869064331055
21386,26.020000457763672,20.866092681884766
21387,37.939998626708984,34.721561431884766
21388,27.790000915527344,23.95071792602539
21389,21.1200008392334,18.46942901611328
21390,59.310001373291016,59.45547103881836
21391,32.119998931884766,27.588558197021484
21392,65.73999786376953,66.74578857421875
21393,44.529998779296875,38.34077835083008
21394,12.079999923706055,10.371824264526367
21395,7.360000133514404,5.5545783042907715
21396,43.2400016784668,38.204124450683594
21397,35.900001525878906,30.07697868347168
21398,14.65999984741211,13.276107788085938
21399,35.27000045776367,34.70222091674805
21400,10.869999885559082,9.90855884552002
21401,9.460000038146973,7.487143039703369
21402,18.940000534057617,15.6647367477417
21403,50.66999816894531,35.437110900878906
21404,3.2699999809265137,1.8228635787963867
21405,24.950000762939453,23.389846801757812
21406,17.209999084472656,12.783903121948242
21407,17.799999237060547,14.253665924072266
21408,8.630000114440918,6.942498683929443
21409,29.239999771118164,25.7700138092041
21410,21.979999542236328,17.600778579711914
21411,16.739999771118164,15.441767692565918
21412,5.630000114440918,3.226125478744507
21413,50.52000045776367,45.86386489868164
21414,42.27000045776367,38.10660171508789
21415,60.810001373291016,57.30115509033203
21416,43.900001525878906,40.874107360839844
21417,54.959999084472656,50.522830963134766
21418,12.380000114440918,10.750228881835938
21419,28.68000030517578,25.76152229309082
21420,20.239999771118164,19.871532440185547
21421,36.91999816894531,34.33220291137695
21422,15.979999542236328,14.018149375915527
21423,36.11000061035156,33.86911392211914
21424,30.030000686645508,25.14858627319336
21425,23.700000762939453,19.792470932006836
21426,43.36000061035156,39.2256965637207
21427,22.6299991607666,19.16946029663086
21428,20.1200008392334,17.705059051513672
21429,27.030000686645508,22.805788040161133
21430,50.650001525878906,57.67341995239258
21431,24.229999542236328,21.988033294677734
21432,38.63999938964844,35.711788177490234
21433,19.68000030517578,18.158187866210938
21434,23.6200008392334,20.05207061767578
21435,41.400001525878906,36.64575958251953
21436,12.710000038146973,9.86976146697998
21437,25.290000915527344,22.827686309814453
21438,12.319999694824219,9.414493560791016
21439,41.13999938964844,39.93283462524414
21440,10.880000114440918,9.260497093200684
21441,48.849998474121094,34.67658615112305
21442,37.810001373291016,33.15780258178711
21443,10.390000343322754,8.601969718933105
21444,23.559999465942383,21.93927764892578
21445,44.779998779296875,39.68503952026367
21446,3.7100000381469727,3.136569023132324
21447,59.66999816894531,45.20703125
21448,18.889999389648438,15.786176681518555
21449,28.059999465942383,24.773998260498047
21450,3.9200000762939453,2.0200140476226807
21451,42.43000030517578,39.01911544799805
21452,48.150001525878906,43.84233856201172
21453,20.920000076293945,18.193302154541016
21454,23.329999923706055,19.54588508605957
21455,21.579999923706055,19.805034637451172
21456,3.490000009536743,2.929425001144409
21457,3.2100000381469727,2.0214574337005615
21458,14.399999618530273,13.36160945892334
21459,21.290000915527344,19.93250846862793
21460,14.850000381469727,13.11849308013916
21461,44.52000045776367,41.172630310058594
21462,34.060001373291016,27.73609733581543
21463,36.33000183105469,32.50398635864258
21464,3.930000066757202,2.548574447631836
21465,75.27999877929688,74.87156677246094
21466,16.59000015258789,13.46984577178955
21467,13.619999885559082,11.829351425170898
21468,36.4900016784668,33.84714889526367
21469,42.5,37.075904846191406
21470,30.110000610351562,27.211833953857422
21471,26.65999984741211,26.694150924682617
21472,61.95000076293945,61.9393196105957
21473,21.6299991607666,19.552427291870117
21474,29.540000915527344,24.020978927612305
21475,37.97999954223633,40.18347930908203
21476,35.77000045776367,34.52861785888672
21477,50.459999084472656,47.10190200805664
21478,16.889999389648438,13.671097755432129
21479,43.93000030517578,38.11066436767578
21480,30.65999984741211,20.320648193359375
21481,28.950000762939453,26.956501007080078
21482,10.369999885559082,7.868353843688965
21483,31.860000610351562,26.188751220703125
21484,15.430000305175781,15.084366798400879
21485,31.979999542236328,29.835411071777344
21486,29.709999084472656,24.678787231445312
21487,43.47999954223633,40.81609344482422
21488,4.46999979019165,3.6422078609466553
21489,29.940000534057617,26.347476959228516
21490,8.800000190734863,6.142723083496094
21491,25.780000686645508,20.08429718017578
21492,24.020000457763672,28.5799617767334
21493,15.520000457763672,13.554014205932617
21494,66.08000183105469,59.064300537109375
21495,10.829999923706055,8.798868179321289
21496,16.270000457763672,12.617141723632812
21497,50.7400016784668,47.834774017333984
21498,33.84000015258789,30.814598083496094
21499,8.3100004196167,6.93267822265625
21500,24.989999771118164,20.950172424316406
21501,11.649999618530273,9.69320297241211
21502,25.649999618530273,22.288461685180664
21503,22.920000076293945,20.34030532836914
21504,61.27000045776367,52.78826904296875
21505,32.81999969482422,27.95123863220215
21506,20.0,15.922608375549316
21507,52.709999084472656,50.842952728271484
21508,41.16999816894531,40.16168212890625
21509,47.5,42.71152877807617
21510,26.299999237060547,23.848276138305664
21511,10.6899995803833,9.080004692077637
21512,5.690000057220459,3.4592161178588867
21513,68.97000122070312,66.60082244873047
21514,3.9800000190734863,1.8050892353057861
21515,10.5,8.490198135375977
21516,53.58000183105469,52.60870361328125
21517,26.719999313354492,20.82646369934082
21518,23.81999969482422,20.638202667236328
21519,15.850000381469727,13.96033763885498
21520,15.789999961853027,13.430912017822266
21521,26.229999542236328,23.135242462158203
21522,59.209999084472656,51.13193130493164
21523,50.0099983215332,49.4802131652832
21524,34.56999969482422,31.594589233398438
21525,5.860000133514404,3.5496788024902344
21526,33.13999938964844,31.403305053710938
21527,52.060001373291016,49.58829116821289
21528,24.34000015258789,22.2880802154541
21529,49.56999969482422,48.48483657836914
21530,22.260000228881836,17.72713279724121
21531,52.130001068115234,40.70647048950195
21532,7.559999942779541,5.803966045379639
21533,66.47000122070312,62.433719635009766
21534,34.29999923706055,40.02204513549805
21535,31.149999618530273,29.492786407470703
21536,19.520000457763672,15.383755683898926
21537,16.6200008392334,13.790265083312988
21538,38.720001220703125,34.62653350830078
21539,16.350000381469727,14.404438018798828
21540,31.209999084472656,27.427532196044922
21541,9.510000228881836,8.3358793258667
21542,23.200000762939453,22.41571044921875
21543,38.41999816894531,36.589725494384766
21544,27.260000228881836,24.4573917388916
21545,12.279999732971191,9.076984405517578
21546,21.459999084472656,17.431392669677734
21547,29.6200008392334,25.44147491455078
21548,34.06999969482422,30.240894317626953
21549,10.5,7.670619010925293
21550,35.349998474121094,37.74628829956055
21551,34.0,35.75832748413086
21552,10.529999732971191,8.593916893005371
21553,52.09000015258789,48.62779235839844
21554,59.20000076293945,55.85449981689453
21555,44.58000183105469,39.35575485229492
21556,8.890000343322754,7.320136547088623
21557,9.039999961853027,7.51142692565918
21558,32.66999816894531,27.838991165161133
21559,18.420000076293945,15.054717063903809
21560,62.040000915527344,57.741600036621094
21561,19.079999923706055,16.47581672668457
21562,7.28000020980835,3.956575632095337
21563,12.539999961853027,10.9501314163208
21564,39.91999816894531,37.01362228393555
21565,22.610000610351562,20.513029098510742
21566,49.560001373291016,45.67052459716797
21567,12.90999984741211,11.084038734436035
21568,30.889999389648438,26.25397300720215
21569,34.529998779296875,31.61530303955078
21570,22.329999923706055,18.316843032836914
21571,1.8200000524520874,2.1228156089782715
21572,21.84000015258789,20.408430099487305
21573,27.93000030517578,21.530593872070312
21574,29.639999389648438,26.15838623046875
21575,22.559999465942383,17.414684295654297
21576,15.789999961853027,13.899518013000488
21577,14.399999618530273,11.6113920211792
21578,29.979999542236328,25.16938018798828
21579,44.56999969482422,41.89445495605469
21580,18.850000381469727,15.11802864074707
21581,35.09000015258789,30.52623176574707
21582,21.639999389648438,20.09973907470703
21583,32.9900016784668,31.362085342407227
21584,48.45000076293945,31.77682113647461
21585,21.600000381469727,18.975683212280273
21586,60.47999954223633,60.423309326171875
21587,47.88999938964844,45.412567138671875
21588,29.549999237060547,25.916427612304688
21589,8.609999656677246,6.381964683532715
21590,13.890000343322754,11.767965316772461
21591,21.3799991607666,17.546106338500977
21592,16.8799991607666,15.948668479919434
21593,22.079999923706055,21.096467971801758
21594,41.79999923706055,38.50282287597656
21595,23.56999969482422,19.552474975585938
21596,34.68000030517578,26.32975959777832
21597,36.619998931884766,36.85824966430664
21598,45.709999084472656,49.44757843017578
21599,14.229999542236328,11.784444808959961
21600,41.09000015258789,36.152748107910156
21601,71.01000213623047,67.81285858154297
21602,14.640000343322754,11.593216896057129
21603,36.33000183105469,37.25050354003906
21604,35.7599983215332,27.881072998046875
21605,32.90999984741211,27.90308952331543
21606,53.66999816894531,51.81256866455078
21607,24.809999465942383,21.159448623657227
21608,29.149999618530273,25.098949432373047
21609,16.709999084472656,12.533345222473145
21610,11.8100004196167,10.076623916625977
21611,20.81999969482422,16.327674865722656
21612,16.110000610351562,12.194442749023438
21613,11.369999885559082,9.958050727844238
21614,12.170000076293945,10.798378944396973
21615,31.479999542236328,27.544513702392578
21616,25.760000228881836,21.830364227294922
21617,11.90999984741211,10.102523803710938
21618,27.639999389648438,22.98078155517578
21619,48.959999084472656,46.80927276611328
21620,13.359999656677246,10.974684715270996
21621,36.150001525878906,33.50818634033203
21622,51.130001068115234,50.21336364746094
21623,3.3499999046325684,1.517634630203247
21624,13.229999542236328,11.698593139648438
21625,20.399999618530273,16.07132911682129
21626,46.79999923706055,37.43009948730469
21627,28.34000015258789,22.922611236572266
21628,13.489999771118164,11.138640403747559
21629,28.06999969482422,21.817302703857422
21630,35.119998931884766,30.801488876342773
21631,14.8100004196167,13.127870559692383
21632,19.610000610351562,18.729476928710938
21633,8.119999885559082,6.747476100921631
21634,12.25,9.845508575439453
21635,32.06999969482422,32.260005950927734
21636,38.959999084472656,34.23123550415039
21637,30.420000076293945,23.372146606445312
21638,20.360000610351562,16.253360748291016
21639,19.049999237060547,17.04364013671875
21640,10.430000305175781,8.354552268981934
21641,33.08000183105469,31.684459686279297
21642,42.58000183105469,37.80036163330078
21643,10.199999809265137,8.5877685546875
21644,29.3799991607666,27.210355758666992
21645,12.399999618530273,8.707181930541992
21646,36.95000076293945,30.208824157714844
21647,15.010000228881836,11.545775413513184
21648,13.550000190734863,12.94533920288086
21649,28.709999084472656,22.248931884765625
21650,21.15999984741211,20.712112426757812
21651,16.75,13.770598411560059
21652,29.450000762939453,23.702241897583008
21653,54.72999954223633,45.911407470703125
21654,5.119999885559082,3.028804063796997
21655,26.020000457763672,23.514047622680664
21656,5.849999904632568,4.188530921936035
21657,1.7300000190734863,14.653337478637695
21658,28.25,23.52039337158203
21659,53.15999984741211,51.86191940307617
21660,22.110000610351562,19.04710578918457
21661,5.559999942779541,3.2747080326080322
21662,9.75,7.851309299468994
21663,10.069999694824219,8.322371482849121
21664,23.799999237060547,19.990318298339844
21665,36.720001220703125,33.3931999206543
21666,61.689998626708984,59.25700759887695
21667,28.389999389648438,24.055513381958008
21668,7.019999980926514,5.523282527923584
21669,13.529999732971191,11.207405090332031
21670,18.790000915527344,15.374442100524902
21671,18.549999237060547,18.316843032836914
21672,21.540000915527344,18.046045303344727
21673,19.100000381469727,15.947104454040527
21674,15.520000457763672,12.122036933898926
21675,37.619998931884766,39.78098678588867
21676,31.729999542236328,28.857664108276367
21677,26.0,23.465539932250977
21678,7.909999847412109,5.608944892883301
21679,66.91000366210938,56.71559524536133
21680,3.7100000381469727,1.8530259132385254
21681,19.450000762939453,16.40652847290039
21682,47.63999938964844,41.04096984863281
21683,17.43000030517578,15.88746166229248
21684,10.369999885559082,8.733779907226562
21685,66.18000030517578,65.78298950195312
21686,13.619999885559082,12.667978286743164
21687,58.779998779296875,56.62132263183594
21688,72.1500015258789,67.92723846435547
21689,40.380001068115234,38.89436721801758
21690,18.920000076293945,16.958885192871094
21691,26.059999465942383,21.954261779785156
21692,23.15999984741211,19.90430450439453
21693,45.11000061035156,41.567901611328125
21694,16.440000534057617,12.839517593383789
21695,31.799999237060547,28.7366943359375
21696,32.09000015258789,26.6281681060791
21697,27.719999313354492,22.784923553466797
21698,21.920000076293945,18.919429779052734
21699,26.8700008392334,22.98937225341797
21700,12.270000457763672,10.836934089660645
21701,61.720001220703125,55.823001861572266
21702,1.659999966621399,2.346665143966675
21703,21.81999969482422,18.655128479003906
21704,9.180000305175781,7.531846046447754
21705,6.650000095367432,4.938934326171875
21706,21.969999313354492,19.561250686645508
21707,6.699999809265137,5.1950578689575195
21708,34.459999084472656,31.037721633911133
21709,23.559999465942383,19.619688034057617
21710,13.930000305175781,10.385112762451172
21711,33.290000915527344,28.753280639648438
21712,24.6299991607666,19.208660125732422
21713,27.389999389648438,22.309165954589844
21714,26.969999313354492,24.297460556030273
21715,14.569999694824219,11.802937507629395
21716,24.81999969482422,18.249757766723633
21717,11.649999618530273,9.776387214660645
21718,28.59000015258789,24.172317504882812
21719,2.6500000953674316,1.1967740058898926
21720,23.959999084472656,21.194578170776367
21721,36.75,33.67875289916992
21722,3.809999942779541,2.3068997859954834
21723,16.610000610351562,13.002153396606445
21724,65.16000366210938,61.534549713134766
21725,57.68000030517578,53.658748626708984
21726,24.450000762939453,22.682125091552734
21727,24.59000015258789,19.94559097290039
21728,22.079999923706055,18.85787582397461
21729,29.5,26.143047332763672
21730,30.959999084472656,21.231483459472656
21731,30.100000381469727,28.352872848510742
21732,30.940000534057617,28.135204315185547
21733,28.329999923706055,23.397979736328125
21734,27.6299991607666,19.53463363647461
21735,12.569999694824219,11.510436058044434
21736,29.68000030517578,25.227439880371094
21737,18.530000686645508,14.613993644714355
21738,16.579999923706055,13.684120178222656
21739,12.739999771118164,10.185142517089844
21740,58.369998931884766,55.89081954956055
21741,39.06999969482422,31.073028564453125
21742,18.739999771118164,16.150094985961914
21743,38.43000030517578,35.782432556152344
21744,21.260000228881836,20.303394317626953
21745,33.43000030517578,29.540931701660156
21746,34.47999954223633,36.28449630737305
21747,22.610000610351562,19.695829391479492
21748,40.41999816894531,36.4574089050293
21749,8.569999694824219,6.623605728149414
21750,29.040000915527344,22.96207618713379
21751,6.730000019073486,5.609862804412842
21752,52.0,53.13074493408203
21753,7.409999847412109,5.300103187561035
21754,4.409999847412109,3.6101326942443848
21755,44.630001068115234,42.68165588378906
21756,14.119999885559082,12.880966186523438
21757,28.93000030517578,25.331724166870117
21758,18.799999237060547,16.355262756347656
21759,38.459999084472656,38.88377380371094
21760,31.510000228881836,26.475784301757812
21761,22.59000015258789,20.477506637573242
21762,31.829999923706055,27.524599075317383
21763,38.33000183105469,38.161842346191406
21764,6.300000190734863,3.172569513320923
21765,9.119999885559082,7.746800899505615
21766,22.399999618530273,25.094524383544922
21767,38.869998931884766,36.86715316772461
21768,31.93000030517578,30.065893173217773
21769,25.829999923706055,23.195899963378906
21770,70.41999816894531,64.42639923095703
21771,2.4000000953674316,1.5143917798995972
21772,35.04999923706055,30.02855110168457
21773,70.02999877929688,66.07939147949219
21774,2.0799999237060547,1.1013643741607666
21775,17.3700008392334,14.101001739501953
21776,52.9900016784668,42.964332580566406
21777,15.399999618530273,13.597325325012207
21778,19.959999084472656,15.353169441223145
21779,56.36000061035156,54.695743560791016
21780,4.46999979019165,3.3710274696350098
21781,28.100000381469727,26.545005798339844
21782,14.079999923706055,12.63524341583252
21783,61.20000076293945,60.11532974243164
21784,13.010000228881836,10.634591102600098
21785,26.56999969482422,21.859264373779297
21786,37.459999084472656,23.33806800842285
21787,38.41999816894531,35.43296813964844
21788,45.040000915527344,42.55686950683594
21789,50.27000045776367,47.774925231933594
21790,53.16999816894531,45.95876693725586
21791,41.959999084472656,40.630977630615234
21792,24.75,20.32651138305664
21793,17.15999984741211,14.569445610046387
21794,58.38999938964844,54.16530990600586
21795,21.780000686645508,19.222774505615234
21796,18.06999969482422,15.930185317993164
21797,29.920000076293945,25.269634246826172
21798,35.16999816894531,32.14675521850586
21799,35.16999816894531,29.822452545166016
21800,25.18000030517578,21.06330680847168
21801,56.459999084472656,51.86727523803711
21802,22.329999923706055,19.81073760986328
21803,3.2300000190734863,3.0771539211273193
21804,20.190000534057617,17.17681121826172
21805,32.400001525878906,27.306489944458008
21806,14.140000343322754,12.5152587890625
21807,14.359999656677246,11.721540451049805
21808,33.88999938964844,30.910724639892578
21809,51.75,43.351016998291016
21810,27.360000610351562,22.445560455322266
21811,26.489999771118164,21.473363876342773
21812,38.380001068115234,36.226253509521484
21813,11.5600004196167,9.491275787353516
21814,25.760000228881836,20.752199172973633
21815,29.329999923706055,24.664026260375977
21816,10.170000076293945,8.192785263061523
21817,5.300000190734863,3.127166748046875
21818,37.38999938964844,35.11561965942383
21819,24.850000381469727,17.065011978149414
21820,73.36000061035156,70.33499145507812
21821,41.61000061035156,38.05369186401367
21822,17.860000610351562,16.17682647705078
21823,29.290000915527344,24.333301544189453
21824,39.04999923706055,33.94160079956055
21825,15.989999771118164,13.523755073547363
21826,68.12999725341797,60.86783981323242
21827,31.959999084472656,28.743331909179688
21828,30.559999465942383,29.492786407470703
21829,10.710000038146973,8.864691734313965
21830,48.540000915527344,44.84211730957031
21831,47.63999938964844,43.55744171142578
21832,13.229999542236328,10.951787948608398
21833,46.810001373291016,43.81017303466797
21834,65.51000213623047,63.335601806640625
21835,13.420000076293945,10.797113418579102
21836,41.2599983215332,36.24754333496094
21837,27.639999389648438,28.54129409790039
21838,54.13999938964844,50.22901916503906
21839,12.359999656677246,9.813117980957031
21840,44.130001068115234,40.613948822021484
21841,7.760000228881836,5.923880577087402
21842,30.780000686645508,24.487140655517578
21843,7.989999771118164,6.612072467803955
21844,45.08000183105469,41.93893051147461
21845,31.579999923706055,27.986413955688477
21846,25.93000030517578,23.21528434753418
21847,47.5099983215332,37.9856071472168
21848,56.130001068115234,52.53484344482422
21849,16.6299991607666,14.51889705657959
21850,21.329999923706055,21.962528228759766
21851,27.719999313354492,24.78554916381836
21852,14.329999923706055,11.888437271118164
21853,12.149999618530273,9.778741836547852
21854,46.380001068115234,44.27899169921875
21855,39.439998626708984,38.13128662109375
21856,12.90999984741211,10.783699989318848
21857,17.190000534057617,13.76585865020752
21858,45.33000183105469,40.53413391113281
21859,26.450000762939453,24.79096221923828
21860,74.37999725341797,64.77470397949219
21861,38.43000030517578,36.724403381347656
21862,22.520000457763672,26.448671340942383
21863,33.68000030517578,29.675792694091797
21864,31.040000915527344,27.966249465942383
21865,22.899999618530273,18.10425567626953
21866,12.850000381469727,10.720273971557617
21867,5.900000095367432,4.956071376800537
21868,38.95000076293945,39.76025390625
21869,19.889999389648438,16.820926666259766
21870,27.420000076293945,25.68470001220703
21871,11.880000114440918,11.145912170410156
21872,59.060001373291016,59.72111129760742
21873,17.030000686645508,15.337775230407715
21874,51.279998779296875,49.74324035644531
21875,34.27000045776367,29.33954429626465
21876,45.709999084472656,41.47457504272461
21877,54.52000045776367,48.29182434082031
21878,33.279998779296875,28.955366134643555
21879,11.220000267028809,8.941469192504883
21880,17.690000534057617,14.120247840881348
21881,14.579999923706055,12.394804954528809
21882,21.43000030517578,16.52728271484375
21883,34.08000183105469,28.866199493408203
21884,36.79999923706055,35.50314712524414
21885,30.75,25.854215621948242
21886,14.329999923706055,11.135050773620605
21887,13.819999694824219,12.161802291870117
21888,8.0600004196167,6.3660736083984375
21889,30.81999969482422,27.993831634521484
21890,3.3499999046325684,1.6634820699691772
21891,39.060001373291016,34.36410903930664
21892,20.350000381469727,16.34996223449707
21893,54.65999984741211,53.31713104248047
21894,11.0,9.680074691772461
21895,38.959999084472656,35.016719818115234
21896,64.36000061035156,58.11866760253906
21897,42.38999938964844,37.60285949707031
21898,48.56999969482422,43.775657653808594
21899,24.739999771118164,20.09503746032715
21900,13.260000228881836,10.669123649597168
21901,33.65999984741211,33.60232162475586
21902,34.779998779296875,30.566757202148438
21903,51.02000045776367,47.49446487426758
21904,21.040000915527344,18.266544342041016
21905,68.83000183105469,66.50180053710938
21906,17.1299991607666,14.091714859008789
21907,9.720000267028809,8.334827423095703
21908,24.829999923706055,17.497512817382812
21909,11.029999732971191,8.877876281738281
21910,28.329999923706055,20.142032623291016
21911,65.56999969482422,53.19010543823242
21912,53.41999816894531,44.588157653808594
21913,2.309999942779541,2.4575819969177246
21914,52.65999984741211,52.5114631652832
21915,3.3499999046325684,1.6922881603240967
21916,48.060001373291016,45.448577880859375
21917,34.630001068115234,29.952787399291992
21918,38.09000015258789,40.02770233154297
21919,11.920000076293945,9.441780090332031
21920,42.95000076293945,46.8148307800293
21921,50.29999923706055,46.335941314697266
21922,25.739999771118164,23.790363311767578
21923,37.18000030517578,33.46405029296875
21924,45.880001068115234,39.131404876708984
21925,6.920000076293945,4.836711406707764
21926,22.899999618530273,20.4725284576416
21927,42.61000061035156,40.01987075805664
21928,47.40999984741211,48.58590316772461
21929,24.5,22.25715446472168
21930,8.779999732971191,6.389543056488037
21931,31.15999984741211,29.526498794555664
21932,1.9199999570846558,1.1150320768356323
21933,43.529998779296875,42.89044952392578
21934,37.11000061035156,32.92791748046875
21935,54.880001068115234,48.51457977294922
21936,24.68000030517578,22.23739242553711
21937,31.950000762939453,27.719139099121094
21938,23.610000610351562,20.484621047973633
21939,54.66999816894531,53.13726806640625
21940,15.25,11.841339111328125
21941,10.8100004196167,8.771666526794434
21942,4.980000019073486,3.218172311782837
21943,72.04000091552734,53.435462951660156
21944,15.010000228881836,13.50263786315918
21945,68.9000015258789,66.10371398925781
21946,15.100000381469727,13.357892036437988
21947,23.5,20.630212783813477
21948,7.340000152587891,5.106335639953613
21949,18.850000381469727,14.777870178222656
21950,27.399999618530273,23.12369155883789
21951,12.539999961853027,11.196698188781738
21952,11.420000076293945,9.107614517211914
21953,28.5,22.852581024169922
21954,9.40999984741211,6.473484516143799
21955,21.170000076293945,17.018211364746094
21956,29.329999923706055,26.310222625732422
21957,12.279999732971191,8.956567764282227
21958,50.029998779296875,53.120548248291016
21959,14.039999961853027,12.073872566223145
21960,8.510000228881836,6.525839805603027
21961,31.649999618530273,28.125682830810547
21962,20.90999984741211,18.175003051757812
21963,36.38999938964844,35.28962326049805
21964,29.920000076293945,22.727680206298828
21965,20.399999618530273,16.756229400634766
21966,52.7400016784668,50.05443572998047
21967,24.700000762939453,22.680713653564453
21968,15.600000381469727,10.914387702941895
21969,18.260000228881836,14.643230438232422
21970,22.559999465942383,20.381961822509766
21971,28.25,24.076353073120117
21972,62.77000045776367,52.484413146972656
21973,32.97999954223633,28.87942123413086
21974,7.929999828338623,5.479737281799316
21975,22.229999542236328,19.84652328491211
21976,18.079999923706055,15.51525592803955
21977,26.06999969482422,21.96521759033203
21978,33.959999084472656,32.30321502685547
21979,30.399999618530273,26.024478912353516
21980,41.459999084472656,36.877132415771484
21981,10.550000190734863,8.189652442932129
21982,21.649999618530273,26.385475158691406
21983,16.40999984741211,12.70695972442627
21984,56.61000061035156,55.540504455566406
21985,34.709999084472656,30.98305320739746
21986,27.450000762939453,22.529010772705078
21987,47.630001068115234,43.07018280029297
21988,43.040000915527344,39.91973876953125
21989,46.83000183105469,43.75434875488281
21990,22.18000030517578,17.42528533935547
21991,18.549999237060547,17.144168853759766
21992,25.489999771118164,20.40485954284668
21993,40.150001525878906,36.262508392333984
21994,15.25,12.00606918334961
21995,26.469999313354492,23.349592208862305
21996,32.029998779296875,27.265785217285156
21997,7.059999942779541,5.142205715179443
21998,19.110000610351562,15.760716438293457
21999,40.70000076293945,38.4572868347168
22000,4.710000038146973,2.853630781173706
22001,19.020000457763672,15.080060005187988
22002,9.949999809265137,7.052603244781494
22003,23.15999984741211,20.67827796936035
22004,29.510000228881836,22.510658264160156
22005,9.800000190734863,7.569842338562012
22006,27.100000381469727,23.131168365478516
22007,56.40999984741211,57.33986282348633
22008,39.630001068115234,37.15363693237305
22009,11.770000457763672,9.4776029586792
22010,45.900001525878906,43.34487533569336
22011,27.860000610351562,24.66476058959961
22012,36.439998626708984,31.49364471435547
22013,21.520000457763672,17.267494201660156
22014,10.75,8.801486015319824
22015,52.959999084472656,51.84525680541992
22016,6.519999980926514,4.284670829772949
22017,65.95999908447266,65.52388763427734
22018,55.83000183105469,51.35871124267578
22019,29.56999969482422,28.662385940551758
22020,0.7599999904632568,0.9438080787658691
22021,49.189998626708984,46.90936279296875
22022,12.989999771118164,11.175787925720215
22023,20.520000457763672,16.372526168823242
22024,15.109999656677246,12.47053050994873
22025,26.600000381469727,21.72768211364746
22026,23.75,21.494831085205078
22027,47.34000015258789,44.612396240234375
22028,46.38999938964844,44.04426956176758
22029,8.710000038146973,5.787731647491455
22030,3.7699999809265137,2.0681064128875732
22031,36.59000015258789,34.86613845825195
22032,15.869999885559082,13.917174339294434
22033,5.900000095367432,3.504753589630127
22034,52.54999923706055,48.91518020629883
22035,43.650001525878906,37.07965087890625
22036,9.0,6.836896896362305
22037,37.22999954223633,35.3673210144043
22038,28.049999237060547,23.961421966552734
22039,17.06999969482422,15.580741882324219
22040,38.029998779296875,36.22110366821289
22041,26.479999542236328,23.132226943969727
22042,45.2400016784668,46.39695358276367
22043,9.5600004196167,7.360321998596191
22044,2.009999990463257,1.1957640647888184
22045,32.11000061035156,21.62067413330078
22046,18.170000076293945,14.61888599395752
22047,18.309999465942383,16.814376831054688
22048,13.34000015258789,10.631651878356934
22049,40.099998474121094,36.042572021484375
22050,6.460000038146973,4.382288932800293
22051,25.100000381469727,22.510658264160156
22052,44.13999938964844,40.32831954956055
22053,4.300000190734863,3.458030939102173
22054,9.619999885559082,8.262331008911133
22055,52.349998474121094,48.806236267089844
22056,31.610000610351562,40.17934799194336
22057,7.78000020980835,6.261627197265625
22058,11.949999809265137,9.950505256652832
22059,46.400001525878906,44.754398345947266
22060,33.54999923706055,31.82846450805664
22061,30.469999313354492,25.117233276367188
22062,27.690000534057617,23.962236404418945
22063,11.399999618530273,9.95962905883789
22064,24.489999771118164,21.69952392578125
22065,9.619999885559082,7.870538711547852
22066,25.889999389648438,21.512975692749023
22067,31.229999542236328,25.530384063720703
22068,24.030000686645508,19.607574462890625
22069,11.9399995803833,10.526019096374512
22070,39.9900016784668,36.98893737792969
22071,22.360000610351562,20.605379104614258
22072,14.010000228881836,10.834999084472656
22073,27.0,21.107418060302734
22074,13.449999809265137,10.592024803161621
22075,20.920000076293945,19.081003189086914
22076,17.639999389648438,15.213818550109863
22077,23.239999771118164,20.130462646484375
22078,28.649999618530273,24.496110916137695
22079,27.739999771118164,28.571964263916016
22080,43.220001220703125,37.33698272705078
22081,61.43000030517578,52.810829162597656
22082,10.109999656677246,6.708731651306152
22083,23.829999923706055,21.131990432739258
22084,17.760000228881836,14.135316848754883
22085,26.559999465942383,23.02108383178711
22086,32.20000076293945,25.5963077545166
22087,36.970001220703125,36.193485260009766
22088,36.27000045776367,31.228626251220703
22089,27.940000534057617,20.53352928161621
22090,34.65999984741211,27.071521759033203
22091,44.83000183105469,41.13434982299805
22092,41.09000015258789,36.18144607543945
22093,19.719999313354492,17.302087783813477
22094,14.359999656677246,12.197593688964844
22095,12.260000228881836,10.193885803222656
22096,61.79999923706055,37.34579086303711
22097,29.440000534057617,29.420787811279297
22098,40.06999969482422,36.77904510498047
22099,51.9900016784668,49.83317565917969
22100,54.540000915527344,51.484317779541016
22101,61.029998779296875,60.41854476928711
22102,42.95000076293945,39.75297927856445
22103,34.709999084472656,30.33084487915039
22104,21.0,17.910213470458984
22105,39.95000076293945,36.87489700317383
22106,30.1299991607666,31.076175689697266
22107,36.08000183105469,30.403100967407227
22108,5.920000076293945,3.3347244262695312
22109,37.2400016784668,34.6109733581543
22110,23.770000457763672,19.75849723815918
22111,12.180000305175781,9.23398208618164
22112,2.75,1.2534159421920776
22113,12.260000228881836,10.278763771057129
22114,10.34000015258789,8.853306770324707
22115,10.890000343322754,9.296371459960938
22116,32.83000183105469,29.233287811279297
22117,21.969999313354492,18.847835540771484
22118,43.86000061035156,42.30025863647461
22119,29.450000762939453,28.081506729125977
22120,14.460000038146973,12.957584381103516
22121,3.9100000858306885,2.3087947368621826
22122,14.899999618530273,12.02401065826416
22123,3.3499999046325684,1.64618718624115
22124,29.809999465942383,25.907434463500977
22125,11.34000015258789,10.147693634033203
22126,23.770000457763672,20.870210647583008
22127,55.880001068115234,54.31092071533203
22128,43.95000076293945,41.58753204345703
22129,24.920000076293945,22.03474998474121
22130,24.030000686645508,19.25279998779297
22131,23.350000381469727,18.58768653869629
22132,29.079999923706055,20.89881134033203
22133,45.040000915527344,41.556068420410156
22134,38.849998474121094,34.65813064575195
22135,26.6200008392334,22.714670181274414
22136,6.349999904632568,3.6752395629882812
22137,34.47999954223633,31.775222778320312
22138,20.34000015258789,17.824806213378906
22139,9.210000038146973,7.078488826751709
22140,6.650000095367432,4.17172384262085
22141,39.36000061035156,35.28517150878906
22142,55.79999923706055,39.682106018066406
22143,10.229999542236328,7.819700241088867
22144,38.0,35.99941635131836
22145,35.90999984741211,32.8623046875
22146,15.579999923706055,13.005638122558594
22147,9.470000267028809,7.802733898162842
22148,43.52000045776367,39.7860107421875
22149,74.29000091552734,73.91449737548828
22150,53.650001525878906,51.1049690246582
22151,31.549999237060547,29.739778518676758
22152,13.859999656677246,11.75443172454834
22153,23.030000686645508,18.666330337524414
22154,30.75,28.894222259521484
22155,30.850000381469727,27.33514976501465
22156,33.56999969482422,25.281734466552734
22157,21.979999542236328,18.632221221923828
22158,7.019999980926514,5.20317268371582
22159,23.6200008392334,18.803882598876953
22160,26.260000228881836,21.400535583496094
22161,54.369998931884766,54.25819778442383
22162,14.430000305175781,11.106045722961426
22163,2.5199999809265137,1.6772053241729736
22164,29.809999465942383,23.04030990600586
22165,3.3499999046325684,1.4991872310638428
22166,50.310001373291016,46.669273376464844
22167,19.719999313354492,16.267087936401367
22168,24.649999618530273,22.222898483276367
22169,48.84000015258789,34.532230377197266
22170,2.5,2.2963314056396484
22171,23.360000610351562,19.84495735168457
22172,9.460000038146973,7.37835693359375
22173,19.729999542236328,14.844915390014648
22174,17.020000457763672,14.617377281188965
22175,14.829999923706055,12.476486206054688
22176,18.479999542236328,14.663516998291016
22177,60.7400016784668,58.60043716430664
22178,27.3700008392334,21.860939025878906
22179,53.93000030517578,54.231563568115234
22180,19.25,17.121809005737305
22181,45.79999923706055,22.912548065185547
22182,9.09000015258789,6.648105144500732
22183,4.360000133514404,2.498746395111084
22184,48.08000183105469,49.42076110839844
22185,26.950000762939453,23.838878631591797
22186,14.170000076293945,11.415913581848145
22187,10.300000190734863,9.201497077941895
22188,8.420000076293945,6.893386363983154
22189,10.470000267028809,8.256709098815918
22190,29.600000381469727,24.140153884887695
22191,31.920000076293945,27.526493072509766
22192,75.70999908447266,50.05350112915039
22193,20.969999313354492,16.9990291595459
22194,12.1899995803833,10.608585357666016
22195,25.850000381469727,22.913801193237305
22196,47.099998474121094,43.7205696105957
22197,18.940000534057617,15.990935325622559
22198,25.6299991607666,20.332462310791016
22199,39.16999816894531,35.03756332397461
22200,75.76000213623047,75.98756408691406
22201,24.770000457763672,23.145095825195312
22202,14.100000381469727,10.818629264831543
22203,32.38999938964844,26.747196197509766
22204,39.65999984741211,37.106361389160156
22205,7.039999961853027,4.287751197814941
22206,19.989999771118164,16.491682052612305
22207,45.849998474121094,41.94783401489258
22208,24.8799991607666,20.578989028930664
22209,56.22999954223633,37.134395599365234
22210,43.81999969482422,44.20107650756836
22211,6.840000152587891,4.522298812866211
22212,61.400001525878906,56.2058219909668
22213,15.479999542236328,12.224444389343262
22214,4.309999942779541,3.9954051971435547
22215,27.010000228881836,20.325607299804688
22216,49.31999969482422,48.54458999633789
22217,22.360000610351562,19.77521324157715
22218,11.600000381469727,9.620098114013672
22219,60.470001220703125,59.40408706665039
22220,61.70000076293945,59.84706115722656
22221,19.079999923706055,15.41586971282959
22222,47.93000030517578,45.88763427734375
22223,15.579999923706055,14.193339347839355
22224,39.09000015258789,36.09182357788086
22225,10.720000267028809,9.192499160766602
22226,32.7599983215332,29.701784133911133
22227,15.829999923706055,13.443577766418457
22228,16.760000228881836,14.97254467010498
22229,22.34000015258789,19.41522216796875
22230,9.180000305175781,7.716862678527832
22231,5.269999980926514,5.27514123916626
22232,24.209999084472656,20.811429977416992
22233,23.59000015258789,27.617965698242188
22234,3.3499999046325684,1.7672990560531616
22235,21.520000457763672,19.2340145111084
22236,41.689998626708984,35.65574645996094
22237,45.38999938964844,44.83537673950195
22238,16.6200008392334,14.559267044067383
22239,17.790000915527344,15.857337951660156
22240,13.350000381469727,10.971383094787598
22241,19.84000015258789,15.369574546813965
22242,9.6899995803833,6.520599365234375
22243,38.529998779296875,33.73880386352539
22244,7.010000228881836,4.895556449890137
22245,22.68000030517578,20.207637786865234
22246,37.70000076293945,34.26599884033203
22247,44.54999923706055,42.588165283203125
22248,25.81999969482422,21.82569694519043
22249,62.84000015258789,61.48999786376953
22250,79.72000122070312,73.97489929199219
22251,18.040000915527344,15.285330772399902
22252,6.599999904632568,4.768665313720703
22253,36.27000045776367,36.90202713012695
22254,44.459999084472656,32.73575973510742
22255,40.79999923706055,40.93862533569336
22256,70.51000213623047,69.8996810913086
22257,17.309999465942383,15.191040992736816
22258,12.600000381469727,10.614907264709473
22259,73.7300033569336,71.4212875366211
22260,20.440000534057617,16.78133773803711
22261,55.209999084472656,56.01300048828125
22262,14.65999984741211,12.292022705078125
22263,42.310001373291016,38.847389221191406
22264,24.459999084472656,21.75124740600586
22265,43.20000076293945,39.10392379760742
22266,38.08000183105469,34.58234405517578
22267,9.869999885559082,8.814905166625977
22268,23.260000228881836,17.119855880737305
22269,37.189998626708984,34.137210845947266
22270,17.489999771118164,14.203311920166016
22271,18.3799991607666,20.048038482666016
22272,3.7699999809265137,2.901195526123047
22273,44.939998626708984,48.21932601928711
22274,30.489999771118164,27.841163635253906
22275,3.859999895095825,4.579013347625732
22276,21.399999618530273,19.077213287353516
22277,26.59000015258789,23.304943084716797
22278,35.5,30.494321823120117
22279,4.360000133514404,3.3079965114593506
22280,15.739999771118164,13.481738090515137
22281,64.76000213623047,61.59560775756836
22282,13.319999694824219,9.284178733825684
22283,35.7400016784668,30.020553588867188
22284,52.97999954223633,52.686431884765625
22285,52.88999938964844,50.64445877075195
22286,42.52000045776367,44.85582733154297
22287,36.029998779296875,37.062355041503906
22288,32.720001220703125,27.77920913696289
22289,14.3100004196167,12.416422843933105
22290,19.8799991607666,14.10453987121582
22291,54.81999969482422,52.27839660644531
22292,14.130000114440918,11.067480087280273
22293,8.84000015258789,8.1634521484375
22294,4.760000228881836,3.010768175125122
22295,35.4900016784668,32.80414962768555
22296,8.329999923706055,2.929425001144409
22297,35.880001068115234,32.36058807373047
22298,7.429999828338623,6.085824966430664
22299,16.979999542236328,14.382972717285156
22300,19.309999465942383,16.310827255249023
22301,10.850000381469727,9.606269836425781
22302,9.789999961853027,8.019898414611816
22303,25.079999923706055,24.665124893188477
22304,7.440000057220459,5.762533187866211
22305,37.970001220703125,37.029720306396484
22306,45.95000076293945,42.08047103881836
22307,6.980000019073486,5.323099613189697
22308,54.380001068115234,51.89805603027344
22309,25.450000762939453,19.225811004638672
22310,35.470001220703125,29.839046478271484
22311,14.350000381469727,12.336522102355957
22312,10.8100004196167,9.175630569458008
22313,25.309999465942383,22.74413299560547
22314,19.450000762939453,15.249029159545898
22315,21.399999618530273,18.777996063232422
22316,10.1899995803833,8.538969993591309
22317,21.329999923706055,17.829641342163086
22318,45.95000076293945,36.153099060058594
22319,3.140000104904175,2.09067964553833
22320,21.860000610351562,18.840179443359375
22321,59.29999923706055,55.19302749633789
22322,9.8100004196167,7.875319004058838
22323,14.470000267028809,11.926583290100098
22324,42.040000915527344,38.302005767822266
22325,22.950000762939453,18.24773597717285
22326,23.299999237060547,22.141836166381836
22327,12.010000228881836,9.834922790527344
22328,56.47999954223633,50.046897888183594
22329,21.670000076293945,18.967422485351562
22330,47.630001068115234,53.26888656616211
22331,49.68000030517578,46.02568054199219
22332,41.40999984741211,37.38694763183594
22333,38.439998626708984,36.02425765991211
22334,7.619999885559082,5.951063632965088
22335,7.610000133514404,6.115063667297363
22336,40.34000015258789,36.34955978393555
22337,27.579999923706055,25.592973709106445
22338,4.119999885559082,2.706177234649658
22339,75.18000030517578,54.875789642333984
22340,29.760000228881836,25.180530548095703
22341,33.9900016784668,29.977190017700195
22342,42.9900016784668,41.69314193725586
22343,22.360000610351562,22.31234359741211
22344,11.819999694824219,8.544319152832031
22345,39.95000076293945,37.5036506652832
22346,43.11000061035156,39.92961502075195
22347,15.25,12.623291969299316
22348,15.289999961853027,13.161645889282227
22349,35.54999923706055,35.434757232666016
22350,50.529998779296875,36.31934356689453
22351,45.470001220703125,42.34541320800781
22352,46.15999984741211,42.45810317993164
22353,13.979999542236328,11.789155960083008
22354,22.68000030517578,20.707477569580078
22355,38.529998779296875,33.01797866821289
22356,7.059999942779541,4.682788848876953
22357,13.270000457763672,11.25087833404541
22358,17.649999618530273,15.882407188415527
22359,17.440000534057617,14.248849868774414
22360,32.349998474121094,26.545005798339844
22361,56.83000183105469,53.55210494995117
22362,24.170000076293945,20.351234436035156
22363,19.200000762939453,16.683032989501953
22364,19.270000457763672,16.017200469970703
22365,38.29999923706055,36.74885940551758
22366,17.739999771118164,13.762542724609375
22367,41.33000183105469,41.241668701171875
22368,30.739999771118164,31.386966705322266
22369,18.920000076293945,16.28614616394043
22370,16.010000228881836,12.484684944152832
22371,29.959999084472656,25.37554168701172
22372,6.019999980926514,4.038337230682373
22373,50.13999938964844,36.67948532104492
22374,25.389999389648438,22.958696365356445
22375,13.930000305175781,11.464974403381348
22376,21.479999542236328,19.872957229614258
22377,22.8700008392334,15.91652774810791
22378,33.47999954223633,27.327180862426758
22379,48.040000915527344,51.690643310546875
22380,33.15999984741211,31.4403133392334
22381,18.84000015258789,16.566593170166016
22382,28.0,27.665573120117188
22383,8.899999618530273,7.0147223472595215
22384,22.030000686645508,20.59149169921875
22385,12.039999961853027,10.007025718688965
22386,9.119999885559082,5.634866237640381
22387,14.359999656677246,11.35377311706543
22388,53.59000015258789,49.51517105102539
22389,17.719999313354492,15.916791915893555
22390,18.299999237060547,15.52619457244873
22391,33.810001373291016,30.657268524169922
22392,17.989999771118164,14.099187850952148
22393,56.65999984741211,41.33477020263672
22394,23.440000534057617,18.939350128173828
22395,33.43000030517578,28.286788940429688
22396,67.4800033569336,68.912109375
22397,15.729999542236328,13.349639892578125
22398,32.72999954223633,29.438318252563477
22399,19.25,15.788256645202637
22400,36.540000915527344,35.3988151550293
22401,10.229999542236328,8.43945598602295
22402,19.68000030517578,17.81583023071289
22403,4.860000133514404,4.063990116119385
22404,5.03000020980835,2.932072877883911
22405,19.0,15.982650756835938
22406,26.93000030517578,22.20404815673828
22407,40.119998931884766,35.950748443603516
22408,53.630001068115234,51.01948165893555
22409,22.040000915527344,19.78156852722168
22410,15.880000114440918,12.805118560791016
22411,27.3799991607666,24.825428009033203
22412,20.15999984741211,15.597548484802246
22413,26.510000228881836,18.538936614990234
22414,14.930000305175781,12.467825889587402
22415,6.639999866485596,6.212047100067139
22416,64.47000122070312,62.43988800048828
22417,25.489999771118164,20.431072235107422
22418,20.459999084472656,19.53955078125
22419,12.6899995803833,10.385396003723145
22420,8.1899995803833,6.678668022155762
22421,31.56999969482422,24.208477020263672
22422,47.72999954223633,43.23305130004883
22423,14.050000190734863,12.275336265563965
22424,10.619999885559082,9.423784255981445
22425,75.0999984741211,66.71991729736328
22426,12.279999732971191,9.726932525634766
22427,60.93000030517578,57.11640167236328
22428,58.790000915527344,57.22575759887695
22429,30.09000015258789,26.525554656982422
22430,7.03000020980835,5.202970504760742
22431,35.7599983215332,37.048343658447266
22432,29.969999313354492,25.931434631347656
22433,42.599998474121094,41.02460861206055
22434,15.829999923706055,13.772485733032227
22435,17.780000686645508,15.414275169372559
22436,33.599998474121094,30.881126403808594
22437,26.299999237060547,22.872411727905273
22438,8.140000343322754,6.136782646179199
22439,22.149999618530273,18.92780303955078
22440,20.25,17.495285034179688
22441,65.30000305175781,62.902984619140625
22442,5.460000038146973,3.1596450805664062
22443,51.790000915527344,47.9186897277832
22444,47.810001373291016,44.7072639465332
22445,26.809999465942383,20.906251907348633
22446,17.1299991607666,13.826041221618652
22447,25.100000381469727,22.706758499145508
22448,26.75,22.572505950927734
22449,64.4000015258789,38.22760772705078
22450,30.030000686645508,25.997859954833984
22451,10.829999923706055,8.318493843078613
22452,14.949999809265137,13.585519790649414
22453,46.04999923706055,36.84634017944336
22454,12.300000190734863,10.853483200073242
22455,14.09000015258789,12.266901016235352
22456,20.3799991607666,18.925256729125977
22457,48.91999816894531,47.57197570800781
22458,2.609999895095825,1.427703857421875
22459,20.81999969482422,20.788354873657227
22460,47.369998931884766,42.367637634277344
22461,8.420000076293945,6.13187837600708
22462,16.06999969482422,14.603531837463379
22463,12.800000190734863,10.595008850097656
22464,7.289999961853027,5.796980857849121
22465,34.310001373291016,29.219058990478516
22466,70.44999694824219,59.24894332885742
22467,38.4900016784668,35.99468994140625
22468,2.0299999713897705,1.6385061740875244
22469,9.5600004196167,7.905276298522949
22470,4.480000019073486,3.2453038692474365
22471,7.070000171661377,4.870798110961914
22472,12.9399995803833,10.42815113067627
22473,55.52000045776367,46.68104553222656
22474,38.029998779296875,33.00639724731445
22475,25.239999771118164,23.199871063232422
22476,8.359999656677246,6.0691237449646
22477,23.59000015258789,21.497901916503906
22478,15.079999923706055,11.204176902770996
22479,2.390000104904175,1.5549792051315308
22480,45.70000076293945,39.59836196899414
22481,2.5299999713897705,1.4488813877105713
22482,55.209999084472656,53.77252197265625
22483,7.980000019073486,6.199588298797607
22484,11.1899995803833,9.191437721252441
22485,26.440000534057617,20.706073760986328
22486,31.020000457763672,27.923091888427734
22487,21.520000457763672,14.519189834594727
22488,17.84000015258789,14.03684139251709
22489,36.5,33.5535888671875
22490,29.829999923706055,29.471935272216797
22491,24.1299991607666,21.666404724121094
22492,25.559999465942383,23.377050399780273
22493,26.950000762939453,21.788179397583008
22494,18.75,14.656970024108887
22495,54.470001220703125,58.52493667602539
22496,31.690000534057617,28.62752914428711
22497,68.13999938964844,55.35919952392578
22498,18.6299991607666,15.90124797821045
22499,40.20000076293945,40.839542388916016
22500,11.260000228881836,9.396333694458008
22501,3.0799999237060547,1.8728411197662354
22502,52.2400016784668,50.98794937133789
22503,31.469999313354492,27.554710388183594
22504,41.59000015258789,37.42588806152344
22505,16.329999923706055,12.863693237304688
22506,26.399999618530273,23.91738510131836
22507,30.15999984741211,29.865528106689453
22508,34.77000045776367,32.560604095458984
22509,11.949999809265137,10.121489524841309
22510,26.139999389648438,22.231687545776367
22511,13.579999923706055,11.371435165405273
22512,18.110000610351562,15.589810371398926
22513,20.579999923706055,20.415172576904297
22514,32.310001373291016,26.81564712524414
22515,63.77000045776367,38.39863586425781
22516,22.1200008392334,19.64966583251953
22517,25.889999389648438,23.661380767822266
22518,26.530000686645508,24.258121490478516
22519,13.380000114440918,12.457365989685059
22520,15.460000038146973,12.286320686340332
22521,39.20000076293945,31.933752059936523
22522,27.8799991607666,25.17973518371582
22523,13.050000190734863,11.11782169342041
22524,59.59000015258789,51.631221771240234
22525,26.40999984741211,21.523204803466797
22526,7.070000171661377,5.845343589782715
22527,20.239999771118164,16.797910690307617
22528,23.690000534057617,20.792367935180664
22529,9.729999542236328,7.3013105392456055
22530,27.030000686645508,21.62578582763672
22531,49.11000061035156,47.86033248901367
22532,22.40999984741211,19.6640625
22533,24.809999465942383,23.803499221801758
22534,15.6899995803833,15.72983169555664
22535,28.90999984741211,24.886695861816406
22536,42.099998474121094,40.53146743774414
22537,20.260000228881836,18.74445915222168
22538,13.479999542236328,10.000885009765625
22539,33.189998626708984,29.688457489013672
22540,29.8700008392334,28.678909301757812
22541,10.210000038146973,8.210987091064453
22542,19.040000915527344,16.497343063354492
22543,17.530000686645508,14.769168853759766
22544,30.010000228881836,31.110931396484375
22545,21.360000610351562,18.475553512573242
22546,16.649999618530273,13.548638343811035
22547,7.96999979019165,5.660821914672852
22548,23.579999923706055,20.384735107421875
22549,33.369998931884766,33.16325759887695
22550,7.820000171661377,6.208615779876709
22551,12.390000343322754,9.580693244934082
22552,21.25,17.72721290588379
22553,3.0,1.461110234260559
22554,34.310001373291016,30.777332305908203
22555,40.869998931884766,36.938716888427734
22556,57.11000061035156,58.63425827026367
22557,14.039999961853027,11.533272743225098
22558,52.04999923706055,48.92970657348633
22559,29.34000015258789,21.11947250366211
22560,15.989999771118164,14.009483337402344
22561,24.68000030517578,22.525114059448242
22562,19.68000030517578,16.84713363647461
22563,3.8299999237060547,1.7164275646209717
22564,30.530000686645508,29.132808685302734
22565,25.520000457763672,18.60845184326172
22566,14.319999694824219,12.715766906738281
22567,32.34000015258789,28.55294418334961
22568,12.880000114440918,11.11640453338623
22569,7.0,4.842224597930908
22570,16.049999237060547,12.855551719665527
22571,34.189998626708984,28.24295997619629
22572,21.959999084472656,20.69847297668457
22573,56.369998931884766,55.24273681640625
22574,14.09000015258789,11.455411911010742
22575,29.709999084472656,26.049556732177734
22576,22.809999465942383,19.76816177368164
22577,4.860000133514404,3.215376377105713
22578,20.110000610351562,17.04947280883789
22579,26.270000457763672,23.652210235595703
22580,19.3700008392334,16.67144203186035
22581,22.670000076293945,21.54027557373047
22582,16.8799991607666,13.884471893310547
22583,5.21999979019165,3.4849021434783936
22584,9.430000305175781,7.94782018661499
22585,19.579999923706055,15.873297691345215
22586,21.440000534057617,18.20428466796875
22587,18.3799991607666,13.856266975402832
22588,9.699999809265137,8.065184593200684
22589,12.100000381469727,9.426007270812988
22590,69.98999786376953,70.73283386230469
22591,15.930000305175781,12.936675071716309
22592,23.760000228881836,21.366487503051758
22593,42.72999954223633,38.40709686279297
22594,24.989999771118164,21.052249908447266
22595,21.059999465942383,18.6446475982666
22596,46.79999923706055,40.23369216918945
22597,61.22999954223633,60.37693405151367
22598,17.649999618530273,15.406014442443848
22599,47.529998779296875,44.848880767822266
22600,41.38999938964844,31.952451705932617
22601,20.350000381469727,15.97105884552002
22602,59.70000076293945,54.480716705322266
22603,29.520000457763672,25.376911163330078
22604,6.550000190734863,4.659753799438477
22605,19.809999465942383,16.92032241821289
22606,22.610000610351562,20.649593353271484
22607,47.900001525878906,45.741390228271484
22608,19.780000686645508,17.610990524291992
22609,26.219999313354492,20.521759033203125
22610,36.88999938964844,31.69280242919922
22611,45.880001068115234,41.75581359863281
22612,40.90999984741211,34.877017974853516
22613,16.360000610351562,13.095293998718262
22614,27.600000381469727,23.727155685424805
22615,36.4900016784668,31.900856018066406
22616,53.18000030517578,51.713844299316406
22617,40.7599983215332,37.30038833618164
22618,21.110000610351562,16.583528518676758
22619,35.81999969482422,31.40890884399414
22620,44.41999816894531,42.84882354736328
22621,11.319999694824219,8.587730407714844
22622,34.2599983215332,29.171260833740234
22623,30.260000228881836,26.45850944519043
22624,35.16999816894531,30.854259490966797
22625,20.959999084472656,19.314254760742188
22626,27.549999237060547,22.69295883178711
22627,38.31999969482422,34.66044235229492
22628,32.560001373291016,29.47156524658203
22629,38.09000015258789,40.24714279174805
22630,30.8700008392334,27.387304306030273
22631,14.020000457763672,12.251374244689941
22632,37.36000061035156,41.14747619628906
22633,7.630000114440918,6.136050701141357
22634,10.430000305175781,8.427973747253418
22635,13.420000076293945,10.696939468383789
22636,14.670000076293945,12.140389442443848
22637,23.75,20.298824310302734
22638,29.600000381469727,26.525379180908203
22639,19.030000686645508,18.899356842041016
22640,50.33000183105469,45.08395004272461
22641,3.950000047683716,2.616697072982788
22642,5.449999809265137,2.985849142074585
22643,15.550000190734863,12.189163208007812
22644,47.2400016784668,44.26053237915039
22645,52.79999923706055,46.4145622253418
22646,51.290000915527344,48.34860610961914
22647,12.770000457763672,10.224774360656738
22648,49.11000061035156,47.86664962768555
22649,24.229999542236328,22.220386505126953
22650,27.299999237060547,24.019149780273438
22651,44.099998474121094,39.41558074951172
22652,37.97999954223633,33.325950622558594
22653,30.3799991607666,24.316282272338867
22654,3.049999952316284,2.7744553089141846
22655,23.989999771118164,21.403928756713867
22656,31.34000015258789,29.43185806274414
22657,10.239999771118164,8.69040584564209
22658,11.380000114440918,9.774319648742676
22659,39.56999969482422,36.407901763916016
22660,40.689998626708984,37.2881965637207
22661,5.710000038146973,4.271745681762695
22662,7.909999847412109,6.242427349090576
22663,36.630001068115234,32.23272705078125
22664,9.489999771118164,7.628717422485352
22665,7.5,5.703244686126709
22666,27.149999618530273,23.37210464477539
22667,24.989999771118164,23.717529296875
22668,37.45000076293945,31.81854248046875
22669,23.5,18.527320861816406
22670,41.189998626708984,44.492313385009766
22671,13.369999885559082,11.632492065429688
22672,20.0,16.804824829101562
22673,21.360000610351562,15.041668891906738
22674,31.780000686645508,26.78079605102539
22675,56.36000061035156,48.70273208618164
22676,22.239999771118164,16.806560516357422
22677,37.220001220703125,34.83486557006836
22678,18.610000610351562,16.758092880249023
22679,65.83999633789062,65.98517608642578
22680,45.16999816894531,46.37858200073242
22681,15.329999923706055,13.949079513549805
22682,13.59000015258789,11.290844917297363
22683,18.639999389648438,13.567081451416016
22684,29.290000915527344,22.532779693603516
22685,67.81999969482422,64.25315856933594
22686,8.930000305175781,7.09476375579834
22687,20.260000228881836,16.575902938842773
22688,26.860000610351562,24.68621826171875
22689,13.050000190734863,9.541196823120117
22690,15.819999694824219,14.320846557617188
22691,41.66999816894531,36.25869369506836
22692,26.200000762939453,30.377286911010742
22693,17.989999771118164,15.091769218444824
22694,15.359999656677246,12.55600643157959
22695,5.909999847412109,3.421491861343384
22696,13.119999885559082,10.884196281433105
22697,4.860000133514404,3.0832104682922363
22698,31.100000381469727,22.877151489257812
22699,43.95000076293945,40.122779846191406
22700,6.489999771118164,4.823428630828857
22701,23.149999618530273,20.135334014892578
22702,28.799999237060547,23.438032150268555
22703,44.5099983215332,42.75407028198242
22704,25.729999542236328,21.431570053100586
22705,11.119999885559082,9.339227676391602
22706,4.420000076293945,3.0235776901245117
22707,53.470001220703125,48.197364807128906
22708,39.93000030517578,38.34640121459961
22709,18.389999389648438,15.294452667236328
22710,44.119998931884766,34.763484954833984
22711,3.5799999237060547,2.022458553314209
22712,21.81999969482422,20.62502098083496
22713,56.84000015258789,52.62801742553711
22714,46.68000030517578,42.69736099243164
22715,27.200000762939453,31.92957305908203
22716,26.399999618530273,23.201213836669922
22717,22.549999237060547,21.16205406188965
22718,19.06999969482422,15.208907127380371
22719,50.470001220703125,49.531951904296875
22720,34.13999938964844,33.62675857543945
22721,3.890000104904175,2.6544382572174072
22722,21.559999465942383,18.74938201904297
22723,21.209999084472656,16.426532745361328
22724,32.61000061035156,29.800395965576172
22725,38.720001220703125,35.4437255859375
22726,13.65999984741211,12.059334754943848
22727,2.809999942779541,1.6917043924331665
22728,24.360000610351562,19.780162811279297
22729,11.239999771118164,9.415928840637207
22730,32.77000045776367,27.91132164001465
22731,9.630000114440918,8.015884399414062
22732,21.450000762939453,17.348583221435547
22733,32.52000045776367,27.748716354370117
22734,10.449999809265137,7.860232830047607
22735,22.020000457763672,19.116453170776367
22736,10.430000305175781,8.294068336486816
22737,22.010000228881836,18.71173095703125
22738,7.119999885559082,4.985569953918457
22739,60.790000915527344,39.62541961669922
22740,31.75,26.937774658203125
22741,15.529999732971191,12.836832046508789
22742,5.710000038146973,5.022136688232422
22743,23.149999618530273,20.904727935791016
22744,6.980000019073486,5.6327595710754395
22745,6.71999979019165,3.9747862815856934
22746,2.6600000858306885,1.7424991130828857
22747,15.25,12.572310447692871
22748,41.720001220703125,33.00266647338867
22749,13.760000228881836,11.40673828125
22750,20.739999771118164,17.18753433227539
22751,7.380000114440918,6.099060535430908
22752,38.560001373291016,33.865779876708984
22753,40.56999969482422,42.276859283447266
22754,55.75,55.907073974609375
22755,10.390000343322754,8.36865234375
22756,72.51000213623047,68.55084228515625
22757,28.219999313354492,24.40443992614746
22758,39.060001373291016,29.894378662109375
22759,30.520000457763672,43.308162689208984
22760,51.90999984741211,49.23696517944336
22761,17.8799991607666,15.854915618896484
22762,23.110000610351562,19.180604934692383
22763,23.860000610351562,21.090145111083984
22764,31.799999237060547,28.684513092041016
22765,38.11000061035156,34.583370208740234
22766,5.28000020980835,3.28483247756958
22767,18.489999771118164,14.542362213134766
22768,47.13999938964844,42.93301773071289
22769,43.68000030517578,39.78745651245117
22770,22.059999465942383,18.839614868164062
22771,9.880000114440918,8.211304664611816
22772,44.470001220703125,33.46623611450195
22773,11.210000038146973,9.048194885253906
22774,25.489999771118164,24.63182830810547
22775,20.56999969482422,16.815860748291016
22776,45.52000045776367,39.005619049072266
22777,17.389999389648438,14.235391616821289
22778,25.920000076293945,24.496110916137695
22779,52.279998779296875,47.27132034301758
22780,28.90999984741211,24.593904495239258
22781,64.37000274658203,64.95730590820312
22782,4.679999828338623,3.3654308319091797
22783,23.479999542236328,23.10858154296875
22784,17.170000076293945,15.079516410827637
22785,57.41999816894531,56.73196792602539
22786,27.1299991607666,23.94516372680664
22787,5.050000190734863,3.5389208793640137
22788,47.869998931884766,41.19869613647461
22789,10.729999542236328,9.085124015808105
22790,39.7599983215332,30.741071701049805
22791,11.260000228881836,9.708277702331543
22792,12.039999961853027,10.011397361755371
22793,41.56999969482422,37.82157516479492
22794,17.329999923706055,13.156656265258789
22795,9.180000305175781,6.430326461791992
22796,13.130000114440918,9.054491996765137
22797,34.36000061035156,29.098079681396484
22798,23.770000457763672,21.3951473236084
22799,40.25,30.458728790283203
22800,23.0,21.678939819335938
22801,71.12000274658203,54.39805221557617
22802,19.790000915527344,16.954448699951172
22803,39.16999816894531,35.61624526977539
22804,5.309999942779541,3.4020895957946777
22805,31.25,26.432289123535156
22806,50.880001068115234,45.17942428588867
22807,31.6200008392334,24.807071685791016
22808,67.23999786376953,75.40325164794922
22809,39.599998474121094,34.47443771362305
22810,9.180000305175781,7.336052894592285
22811,58.29999923706055,53.5770149230957
22812,5.239999771118164,3.349964141845703
22813,38.2400016784668,35.31355285644531
22814,34.900001525878906,36.6910400390625
22815,45.75,39.71934509277344
22816,19.25,15.376721382141113
22817,29.520000457763672,36.38566207885742
22818,20.15999984741211,17.66008758544922
22819,22.3700008392334,22.10710906982422
22820,12.270000457763672,10.651422500610352
22821,3.7799999713897705,1.8092658519744873
22822,35.04999923706055,32.53385543823242
22823,3.4000000953674316,1.6377291679382324
22824,48.97999954223633,46.902767181396484
22825,69.88999938964844,66.91297912597656
22826,8.529999732971191,6.8781819343566895
22827,18.489999771118164,14.262575149536133
22828,32.22999954223633,30.69595718383789
22829,38.189998626708984,33.120296478271484
22830,8.119999885559082,7.033738136291504
22831,23.489999771118164,21.94609832763672
22832,41.06999969482422,40.5400505065918
22833,37.77000045776367,36.50187301635742
22834,76.68000030517578,77.74427795410156
22835,24.75,22.006441116333008
22836,9.550000190734863,8.100739479064941
22837,13.100000381469727,11.331711769104004
22838,29.239999771118164,23.389846801757812
22839,5.139999866485596,4.027709484100342
22840,24.100000381469727,26.983293533325195
22841,33.279998779296875,26.126506805419922
22842,15.869999885559082,14.422019958496094
22843,18.799999237060547,18.75655746459961
22844,3.3499999046325684,1.6058645248413086
22845,22.0,19.761859893798828
22846,11.210000038146973,9.484541893005371
22847,47.709999084472656,43.018707275390625
22848,57.54999923706055,47.185550689697266
22849,41.08000183105469,37.04904556274414
22850,18.09000015258789,15.132378578186035
22851,11.930000305175781,9.023756980895996
22852,13.670000076293945,11.353800773620605
22853,37.02000045776367,28.46272087097168
22854,11.829999923706055,9.563969612121582
22855,16.709999084472656,14.503643035888672
22856,39.779998779296875,36.47501754760742
22857,27.06999969482422,24.84689712524414
22858,44.560001373291016,34.272403717041016
22859,25.700000762939453,21.562854766845703
22860,43.95000076293945,40.56278610229492
22861,20.6200008392334,17.66851234436035
22862,11.210000038146973,8.814414024353027
22863,18.100000381469727,16.141185760498047
22864,44.369998931884766,39.8142204284668
22865,1.9600000381469727,1.600616693496704
22866,6.949999809265137,5.043171405792236
22867,21.229999542236328,19.37067413330078
22868,19.31999969482422,18.570030212402344
22869,76.47000122070312,56.40120315551758
22870,19.049999237060547,16.478416442871094
22871,17.510000228881836,14.85609245300293
22872,32.56999969482422,28.53329086303711
22873,33.02000045776367,27.61813735961914
22874,45.47999954223633,42.88728713989258
22875,25.780000686645508,23.49091339111328
22876,6.690000057220459,5.1286211013793945
22877,3.1500000953674316,1.3265225887298584
22878,32.900001525878906,29.65091323852539
22879,43.459999084472656,34.72825241088867
22880,19.979999542236328,15.619420051574707
22881,10.069999694824219,8.275636672973633
22882,28.84000015258789,24.23168182373047
22883,24.670000076293945,23.246368408203125
22884,22.010000228881836,18.390846252441406
22885,36.79999923706055,36.51005935668945
22886,46.77000045776367,46.11750411987305
22887,53.18000030517578,51.76739501953125
22888,18.399999618530273,14.92585563659668
22889,16.920000076293945,14.389490127563477
22890,49.130001068115234,48.41256332397461
22891,12.1899995803833,10.329853057861328
22892,28.079999923706055,23.788251876831055
22893,16.280000686645508,13.84321403503418
22894,38.939998626708984,33.90924072265625
22895,17.530000686645508,13.261327743530273
22896,31.200000762939453,27.635435104370117
22897,21.809999465942383,19.64919662475586
22898,14.579999923706055,11.174028396606445
22899,20.149999618530273,20.940040588378906
22900,60.08000183105469,54.669349670410156
22901,36.380001068115234,29.71144676208496
22902,9.229999542236328,7.218197822570801
22903,14.890000343322754,12.790227890014648
22904,33.529998779296875,31.012550354003906
22905,20.709999084472656,16.568151473999023
22906,23.229999542236328,19.47198486328125
22907,20.920000076293945,18.513980865478516
22908,27.079999923706055,26.04973602294922
22909,19.239999771118164,16.92005157470703
22910,9.789999961853027,7.065049171447754
22911,31.190000534057617,36.016361236572266
22912,49.279998779296875,45.83775329589844
22913,11.0,10.598760604858398
22914,13.359999656677246,10.85254192352295
22915,43.34000015258789,35.72182846069336
22916,27.940000534057617,22.60788917541504
22917,28.510000228881836,23.398460388183594
22918,18.18000030517578,15.07356071472168
22919,28.09000015258789,25.854354858398438
22920,12.510000228881836,10.299108505249023
22921,44.38999938964844,41.10713577270508
22922,43.38999938964844,44.0713996887207
22923,46.630001068115234,44.03694534301758
22924,4.619999885559082,3.356930732727051
22925,51.70000076293945,42.39066696166992
22926,27.329999923706055,25.427711486816406
22927,25.790000915527344,23.294517517089844
22928,19.75,17.69432830810547
22929,32.779998779296875,26.61873435974121
22930,66.55999755859375,70.12897491455078
22931,7.190000057220459,3.1653389930725098
22932,23.90999984741211,26.8539981842041
22933,14.90999984741211,12.603631973266602
22934,70.61000061035156,65.76142883300781
22935,35.84000015258789,32.00458526611328
22936,49.68000030517578,47.90260696411133
22937,8.520000457763672,7.614467144012451
22938,26.75,22.999032974243164
22939,10.720000267028809,8.786018371582031
22940,33.81999969482422,38.78768539428711
22941,26.059999465942383,19.50323486328125
22942,29.219999313354492,26.370941162109375
22943,38.959999084472656,34.31562423706055
22944,22.780000686645508,20.710269927978516
22945,37.08000183105469,34.73861312866211
22946,14.460000038146973,11.58115005493164
22947,11.470000267028809,8.145574569702148
22948,6.179999828338623,5.386797904968262
22949,47.2599983215332,40.704673767089844
22950,40.790000915527344,32.93510818481445
22951,11.930000305175781,9.918135643005371
22952,51.5,59.84706115722656
22953,45.959999084472656,42.74623107910156
22954,30.860000610351562,25.403026580810547
22955,35.11000061035156,30.10662078857422
22956,7.139999866485596,5.9022722244262695
22957,8.130000114440918,6.2327656745910645
22958,37.09000015258789,37.50663375854492
22959,12.720000267028809,10.543802261352539
22960,25.489999771118164,21.055587768554688
22961,40.15999984741211,36.1269416809082
22962,28.329999923706055,26.37238121032715
22963,56.97999954223633,55.54668045043945
22964,14.90999984741211,12.72138786315918
22965,15.739999771118164,14.349834442138672
22966,8.529999732971191,6.623001575469971
22967,17.010000228881836,13.972785949707031
22968,14.890000343322754,11.452900886535645
22969,37.2599983215332,33.375755310058594
22970,16.690000534057617,14.143804550170898
22971,33.779998779296875,33.81155776977539
22972,5.449999809265137,4.052197456359863
22973,13.529999732971191,11.344550132751465
22974,21.639999389648438,19.815654754638672
22975,53.56999969482422,51.003387451171875
22976,23.649999618530273,20.97040367126465
22977,16.260000228881836,13.797399520874023
22978,30.889999389648438,27.493736267089844
22979,4.380000114440918,4.3336992263793945
22980,14.680000305175781,12.731291770935059
22981,38.4900016784668,31.79607391357422
22982,22.719999313354492,17.727298736572266
22983,15.199999809265137,13.279272079467773
22984,29.56999969482422,23.839313507080078
22985,13.699999809265137,10.753890037536621
22986,20.5,16.860139846801758
22987,46.16999816894531,43.65446090698242
22988,8.800000190734863,6.670637607574463
22989,15.350000381469727,11.355405807495117
22990,59.790000915527344,58.095699310302734
22991,69.68000030517578,69.46747589111328
22992,56.06999969482422,53.43678665161133
22993,56.650001525878906,59.864261627197266
